sku,retail_price,supply_price,active,inventory,size,product_name,brand_name,product_category,gross_margin_pct
10004872,28.99,0.0,1,1,M,&merci blouse brgndy,&Merci,Top,
10004993,27.99,0.0,1,1,M,1 State Pink LS Sheer Pattern,1. State,Top,
10007204,21.99,0.0,1,0,,1. State Leopard Print Dress,,Dress,
10006616,34.99,0.0,1,-1,,100005553,,Other,
10008085,18.99,0.0,1,-1,,10002312,,Other,
10005795,12.99,0.0,1,0,,10003259,,Other,
10005798,24.99,0.0,1,0,,10003277,,Other,
10005996,24.99,0.0,1,-1,,10003884,,Other,
10005796,12.99,0.0,1,-1,,10003992,,Other,
10005900,13.99,0.0,1,-1,,10005204,,Other,
10007213,22.99,0.0,1,-1,,10007212,,Other,
10003950,69.99,0.0,1,0,M,12th Tribe White Sequin Jacket,12th Tribe,Jacket/Coat,
10003830,23.99,0.0,1,1,10,1822 Denim Blk Jean,1822 Denim,Jeans/Pants,
10003761,224.99,0.0,1,0,7.5,1883 Teal and Brown Cowgirl Boots,1883 by Luccheen,Shoes,
10007377,55.99,0.0,1,1,,1950sCaroAuroraBrac&earrSET,Unknown,Set,
10005144,21.99,0.0,1,1,M,21Saints Ruche Blouse Blk,21 Saints,Top,
10008678,20.99,7.0,1,1,,2pc Sophia Pajama Set L,,Set,66.7
10005181,24.99,0.0,1,1,L,2to-Ky SquarePattern Top Prpl&Bl,2to-Ky,Top,
10004617,35.99,0.0,1,1,L,3 Suiesses Red Spaghetti Strap Dress,3 Suiesses Collection,Dress,
10003876,34.99,0.0,1,1,M,32 D Purple Puffer Jacket,32 Degrees,Jacket/Coat,
10004213,21.99,0.0,1,1,S,41 Hawthorm Purple Polka Dot SL,41 Hawthorn,Other,
10006423,21.99,0.0,1,1,,514 slim straight dark jean,Levi Strauss & Co,Jeans/Pants,
10004883,45.99,0.0,1,0,2,5a7 jns dnm,5A7,Jeans/Pants,
10004336,19.99,0.0,1,1,28,7 FAM Black Jeans,7 For All Mankind,Jeans/Pants,
10003794,36.99,0.0,1,1,27,7 FAMK Skinny Jeans,7 For All Mankind,Jeans/Pants,
10005698,28.99,0.0,1,1,32,7 For all Mankind Black Skirt,7 For All Mankind,Skirt,
10006987,17.99,0.0,1,1,M,7 For all Mankind Blue Ombre SL Top,7 For All Mankind,Top,
10003524,31.99,0.0,1,1,XS,7 for All Mankind Jacket Pink,7 For All Mankind,Jacket/Coat,
10007510,54.99,24.99,1,1,,7 for Mankind Brown Leather Jacket S,,Jacket/Coat,54.6
10005712,21.99,0.0,1,1,12,7th Avenue B & W Checkered Skirt,7th Avenue Design,Skirt,
10007582,17.99,0.0,1,1,12,7th Avenue Bright Red Shorts,7th Avenue Design,Shorts,
10006607,24.99,0.0,1,1,M,89th & Madi Yellow LS Design Top,89th & Madison,Top,
10004684,25.99,0.0,1,1,M,89th & madison swtr gry,89th & Madison,Sweater/Cardigan,
10008356,14.99,0.0,1,0,40,8byYook BlueTieTop,8 by Yook,Other,
10004609,25.99,0.0,1,0,XL,A Beautiful Soul Blush & Black Dress,A Beautiful Soul,Dress,
10005195,18.99,0.0,1,1,S,A Byer Pink Floral Ruffle SL Top,A. Byer,Top,
10007552,19.0,4.75,1,0,S,A Father's Love Orange Skirt,,Skirt,75.0
10004616,24.99,0.0,1,1,M,A New Day Black & White Dress,A New Day,Dress,
10007473,17.99,0.0,1,0,L,A New Day Black SL Dress,A New Day,Dress,
10003937,31.99,0.0,1,1,M,A New Day Black Slip NWT,A New Day,Other,
10007267,15.99,0.0,1,1,XS,A New Day Black Top,,Top,
10007660,29.99,12.0,1,1,,A New Day Kelsey Rhinestone Slides 8,,Top,60.0
10006539,21.99,0.0,1,1,M,A New Day Purple Tank,A New Day,Top,
10002227,1.0,0.0,1,0,,A New DayTank Top_Ra,A New Day,Top,
10002354,14.99,0.0,1,1,,A New DayTank Top_Ra,A New Day,Top,
10002989,10.99,0.0,1,0,,A New DayTank Top_Ra,A New Day,Top,
10008618,12.99,3.25,1,1,,A'gaci Floral Halter Top M,,Top,75.0
10006974,42.99,0.0,1,1,L,A'nye Ligne White LS,A'nye Ligne,Top,
10008211,18.99,6.0,1,1,,A.N.A. Purple Sleeveless Top M,,Top,68.4
10008584,42.99,8.0,1,1,XS,AbeltLabel WhiGreenDress,Abel the Label,Dress,81.4
10006357,21.99,0.0,1,0,M,AbercmxFitch BrwnBowTop,Abercrombie & Fitch,Other,
10006005,24.99,0.0,1,1,XS,Abercombie BluGrnSwter,Abercrombie & Fitch,Other,
10007791,23.99,0.0,1,1,M,Abercrombie & F Beige Satin Crop Top,Abercrombie & Fitch,Top,
10007475,33.99,0.0,1,1,M,Abercrombie & F Black SL Dress,Abercrombie & Fitch,Dress,
10005629,24.99,0.0,1,0,L,Abercrombie & F Black White Floral LS,Abercrombie & Fitch,Top,
10005880,31.99,0.0,1,0,XS,Abercrombie & F Blue Cardigan,Abercrombie & Fitch,Sweater/Cardigan,
10005967,24.99,0.0,1,0,XS,Abercrombie & F Blue Crop Cardigan,Abercrombie & Fitch,Sweater/Cardigan,
10005691,39.99,0.0,1,1,14,Abercrombie & F Brown Faded Jeans,Abercrombie & Fitch,Jeans/Pants,
10005571,23.99,0.0,1,1,XL,Abercrombie & F Gray Cardigan,Abercrombie & Fitch,Sweater/Cardigan,
10005974,26.99,0.0,1,1,XL,Abercrombie & F NWT Black Satin Tank,Abercrombie & Fitch,Top,
10006674,16.0,0.0,1,1,S,Abercrombie & F Pale Pink Satin Dress,Abercrombie & Fitch,Dress,
10006712,39.99,0.0,1,0,S,Abercrombie & F Strapless Orange Dress,Abercrombie & Fitch,Dress,
10005937,39.99,0.0,1,1,XL,Abercrombie & F Tan Satin Bodysuit,Abercrombie & Fitch,Top,
10006290,22.99,0.0,1,1,S,Abercrombie & F White Crop Top,Abercrombie & Fitch,Top,
10008208,34.99,6.0,1,1,,Abercrombie & Fitch Floral Top M,,Top,82.9
10005225,14.99,0.0,1,1,L,Abercrombie & Fitch Tank Bodysuit Pink,Abercrombie & Fitch,Top,
10006431,25.99,0.0,1,0,L,abercrombie and fitch black croptop,Abercrombie & Fitch,Top,
10005308,12.99,0.0,1,1,XS,Abercrombie Floral Tube Top,Abercrombie & Fitch,Top,
10005118,24.99,0.0,1,1,L,Abercrombie Green Blue LS Flannel,Abercrombie & Fitch,Top,
10001914,1.0,0.0,1,0,,Abercrombie X FitchSkirt_H,Abercrombie & Fitch,Skirt,
10002000,29.99,0.0,1,0,,Abercrombie X FitchSkirt_H,Abercrombie & Fitch,Skirt,
10002338,24.99,0.0,1,1,,Abercrombie X FitchSkirt_H,Abercrombie & Fitch,Skirt,
10007333,13.99,0.0,1,1,S,Abercrombie Yellow SS Top,Abercrombie & Fitch,Top,
10005447,15.99,0.0,1,0,XXS,Abercrombie&Finch Floral Top,Abercrombie & Fitch,Top,
10008337,14.99,0.0,1,0,M,Abercrombie GryTanHalterTop,Abercrombie & Fitch,Top,
10006351,22.99,0.0,1,1,M,AbercrombieXF FloralCropTop,Abercrombie & Fitch,Top,
10005781,23.99,0.0,1,1,M,Abollria FloralBlouse,Abollria,Top,
10008382,17.99,8.99,1,1,M,about a girl teal floral tanktop,About a girl,Top,50.0
10003191,26.99,0.0,1,1,,ABSOLIUTELY Sweater,ABSOLIUTELY,Sweater/Cardigan,
10005107,10.99,0.0,1,0,L,Absolutely Tie Dye Crop Top,Absolutely Love it,Top,
10002161,12.99,0.0,1,0,,AC DCTee Shirt_Ne,AC/DC,Top,
10006988,27.99,0.0,1,1,M,Acacia Orange Zip Up Hoodie,Acacia,Other,
10001104,19.99,0.0,1,1,,ACDC Sleeveless Tee,AC/DC,Top,
10004878,22.99,0.0,1,1,M,acommonthread bls ptrn,A Common Thread,Top,
10005372,23.99,0.0,1,1,,Active USA Green Floral Wrap Top,Active USA,Top,
10003871,31.99,0.0,1,0,S,Adam Levine Faux Leather Floral Jacket,Adam Levine,Jacket/Coat,
10005834,32.99,0.0,1,1,,Addie Top Black Multi Color,Addie,Top,
10006677,31.99,0.0,1,0,2,Additions by Chico's Gray Jean Jacket,Chico's,Jeans/Pants,
10007416,22.99,0.0,1,1,XS,AdelynRae MulticolStripeDress,Adelyn Rae,Dress,
10007444,12.99,0.0,1,1,6,Adidas Black Shorts,,Shorts,
10006456,19.99,0.0,1,1,2,Adidas Tennessee Orange Tshirt,Adidas,Top,
10008251,18.99,6.0,1,1,,Adiva Brown SS Top L,,Top,68.4
10005605,15.99,0.0,1,0,XL,Adiva Pale Pink & White Tank,Adiva,Top,
10007505,23.99,0.0,1,0,S,Adiva Vintage LS Blouse,,Top,
10008207,32.99,6.0,1,0,,Adiva White LS Blouse M,,Top,81.8
10003406,24.99,0.0,1,1,M,Adonna Slip Dress Black,Adonna,Dress,
10003474,16.99,0.0,1,0,S,Adonna Slip Dress Black,Adonna,Dress,
10009798,19.99,0.0,1,0,M,Adora Tie Top Black,Adora,Top,
10005655,24.99,0.0,1,1,L,Adriana P Black SL Top,Adrianna Papell,Top,
10008229,35.0,8.75,1,1,,Adrianna Papell Brown Blazer 6,,Jacket/Coat,75.0
10008226,47.99,15.0,1,1,,Adrianna Papell Burgundy Dress 6,,Dress,68.7
10007071,22.99,0.0,1,0,7.5,Adrianna Papell Gold Heels,,Top,
10008277,27.99,8.0,1,1,,Adrianna Papell Yellow Crochet Dress 8,,Dress,71.4
10005046,27.99,0.0,1,0,M,Adrianna Papell Blouse Pink,Adrianna Papell,Top,
10003042,31.99,0.0,1,1,,Adrianna PapellDress_Az,Adrianna Papell,Dress,
10006004,28.99,0.0,1,1,XL,AdriannaP PnkPearlSwter,Adrianna Papell,Top,
10000058,25.99,0.0,1,1,,Adrienne VittadiniSweater_J,Adrienne Vittadini,Sweater/Cardigan,
10000123,1.0,0.0,1,0,,Adrienne VittadiniSweater_J,Adrienne Vittadini,Sweater/Cardigan,
10000351,1.0,0.0,1,0,,Adrienne VittadiniSweater_J,Adrienne Vittadini,Sweater/Cardigan,
10000432,1.0,0.0,1,0,,Adrienne VittadiniSweater_J,Adrienne Vittadini,Sweater/Cardigan,
10000539,1.0,0.0,1,0,,Adrienne VittadiniSweater_J,Adrienne Vittadini,Sweater/Cardigan,
10000848,1.0,0.0,1,0,,Adrienne VittadiniSweater_J,Adrienne Vittadini,Sweater/Cardigan,
10001004,1.0,0.0,1,0,,Adrienne VittadiniSweater_J,Adrienne Vittadini,Sweater/Cardigan,
10002095,1.0,0.0,1,0,,Adrienne VittadiniSweater_J,Adrienne Vittadini,Sweater/Cardigan,
10002141,1.0,0.0,1,0,,Adrienne VittadiniSweater_J,Adrienne Vittadini,Sweater/Cardigan,
10002746,24.99,0.0,1,0,,Adrienne VittadiniSweater_J,Adrienne Vittadini,Sweater/Cardigan,
10003001,14.99,0.0,1,0,,Adrienne VittadiniSweater_J,Adrienne Vittadini,Sweater/Cardigan,
10003024,18.99,0.0,1,0,,Adrienne VittadiniSweater_J,Adrienne Vittadini,Sweater/Cardigan,
10002809,29.99,0.0,1,1,,Adrienne VittadinVest_Al,Adrienne Vittadin,Top,
10004314,25.99,0.0,1,1,6,AdrienneV Blk&NavyPant,Adrienne Vittadini,Jeans/Pants,
10006258,25.99,0.0,1,0,S,Aeda Tan Flower Cardigan,Aeda,Sweater/Cardigan,
10008624,8.99,2.25,1,1,S,Aerie Halter Top,,Top,75.0
10008586,14.99,8.0,1,1,L,Aerie BurgBralette,Aerie,Other,46.6
10007984,20.99,0.0,1,0,,Aeropostale Brown Belt with Beige Stitch,Aeropostale,Accessories,
10008439,15.99,4.0,1,1,,Aeropostale Tie-Dye Top S,,Top,75.0
10004322,25.99,0.0,1,0,7.5,AeroSoles BrwnBuckleHeel,Aerosoles,Shoes,
10004379,27.99,0.0,1,1,9,Aerosoles GreyBuckledHeels,Aerosoles,Top,
10006324,34.99,0.0,1,0,S,Affinites AT Wrap LS Top,Affinites Armand Thiery,Top,
10005189,23.99,0.0,1,0,XS,AFRM Black Sheer Floral SS,Afrm,Top,
10007706,44.99,0.0,1,1,29,AFRM White Floral Skirt,Afrm,Skirt,
10004631,25.99,0.0,1,1,6,AGB Black Dress,Agb,Dress,
10006446,18.99,0.0,1,0,M,Agenda Orange & White SL Top,Agenda,Top,
10005814,26.99,0.0,1,1,XL,AK swtr pnk,Anne Klein,Sweater/Cardigan,
10008394,35.99,9.0,1,1,,Akemi & Kim Floral Skirt XL,,Skirt,75.0
10003798,33.99,0.0,1,1,XS,Akemi Black Embroider Tank,Akemi X Kin,Top,
10003326,45.99,0.0,1,1,,Akira Chicago Black Label Dress,Akira Chicago,Dress,
10007055,45.99,0.0,1,0,8,Akira Cream Boots,Akira,Shoes,
10007214,15.99,0.0,1,1,XL,Akira Pink Velvet Crop Top,Akira,Top,
10004501,15.99,0.0,1,0,S,Akira Tan Banded Skirt,Akira,Skirt,
10006412,28.99,0.0,1,0,S,Akira Brwn&BlkSheerTop,Akira,Other,
10007871,18.99,0.0,1,1,M,Alberto Black Sequin Tank,Alberto Makali,Top,
10003551,32.99,0.0,1,0,M,Alberto Makali Lace Top Black,Alberto Makali,Top,
10004351,35.99,0.0,1,1,M,AlbM Tan Button down,Alberto Makali,Other,
10003559,34.99,14.0,1,1,7,Aldo Yellowjacket ankle boots 1,Aldo,Jacket/Coat,60.0
10008613,10.99,5.99,1,1,,Alex & Ani Tree of Life Bangle,,Other,45.5
10006562,14.99,0.0,1,1,2,Alex Evenings Black Blue Shimmer Tank,Alex Evenings,Top,
10004061,28.99,0.0,1,1,L,Alex Evenings PnkSequin Coat,Alex Evenings,Jacket/Coat,
10008424,35.99,9.0,1,1,,Alex Marie Black Sequin Pants 12,,Jeans/Pants,75.0
10009803,89.99,0.0,1,1,14,Alex Marie Black Pink w Floral Embroid,Alex Marie,Other,
10007447,26.99,0.0,1,0,8,Alexandria Barlett Black Colorful Capris,Alexandria Bartlett,Other,
10005464,25.99,0.0,1,1,S,AlexEvenings GreyTieBlouse,Alex Evenings,Top,
10003226,24.99,0.0,1,0,,Alexis Bittar Gold Colored Enamel Ring,Alexis Bitlar,Accessories,
10004378,19.99,0.0,1,0,9,AlexMarie BlkHeeledFlats,Alex Marie,Shoes,
10008792,30.0,8.0,1,1,7.5,AlexXAni SSilverRing,Alex x Ani Alexander,Top,73.3
10007474,27.99,0.0,1,0,16,Alfani Black & Beige SL Dress,Alfani,Dress,
10004357,21.99,0.0,1,1,18,Alfani Black Trouser,Alfani,Jeans/Pants,
10004909,22.99,0.0,1,0,XXL,Alfani Blue&BlkDress,Alfani,Dress,
10005425,18.99,0.0,1,1,,alfani tank prp pm,Alfani,Top,
10004760,28.99,0.0,1,1,XL,Alfred Dunner Beige Beaded SS,Alfred Dunner,Top,
10006433,23.99,0.0,1,0,L,alfred dunner green knit blouse,Alfred Dunner,Sweater/Cardigan,
10005531,24.99,0.0,1,1,M,Ali & Chris Black LS Sheer Tie Front,Ali X Chris,Top,
10004730,15.99,0.0,1,0,M,Ali & Christ Gray SS,Ali X Chris,Top,
10005600,15.99,0.0,1,1,14,Alia Pink & White Buttondown SS,Alia Petite,Top,
10004862,25.99,0.0,1,1,S,AliceM Pink&BlkFloralShirt,Alice Moon,Top,
10004236,24.99,0.0,1,1,M,All in Favor Dark Blue Sweater,All in Favor,Sweater/Cardigan,
10008511,18.99,10.95,1,1,,All in Motion Orange Shorts M,,Shorts,42.3
10006973,16.99,0.0,1,0,XS,Allegra White Blouse Bodysuit,Allegra K,Top,
10007080,35.99,0.0,1,0,7,Allegria Red Sling Backs,Allegria,Other,
10005805,28.99,0.0,1,1,,allie&rob swtr tan 1x,Allie & Rob,Sweater/Cardigan,
10005199,15.99,0.0,1,0,S,Allison B SL Dress Multicolor Texture,Allison Brittney,Dress,
10004994,19.99,0.0,1,1,M,Allison D Blue QS,Allison Dailey,Other,
10008276,22.0,5.5,1,1,,Allison Daley Black Vest,,Top,75.0
10007859,22.99,0.0,1,1,,Allison Joy Red Print Dress S,,Dress,
10006713,25.99,0.0,1,0,L,Allison T Brown Buttondown SL Dress,Allison Taylor,Dress,
10003826,32.99,0.0,1,1,M,AllisonDaley Multicolor Sweater,Allison Dailey,Sweater/Cardigan,
10003974,24.99,0.0,1,2,XS,AllisonJoy Grey Sequin Blouse,Allison Joy,Top,
10004023,27.99,0.0,1,1,XXL,Alloy Plum Ruffle Pant,Alloy Apparel,Jeans/Pants,
10004657,29.99,0.0,1,1,XS,AllSaints BlkSweater,All Saints,Sweater/Cardigan,
10005487,39.99,0.0,1,0,S,allsaints bls blk,Allsaints Spitalfields,Top,
10005110,22.99,0.0,1,0,M,Alma Mater Orange & White Chevron,Alma-Mater Collection,Other,
10007603,32.99,0.0,1,1,,Alo Black Bodysuit M,,Top,
10003623,34.99,0.0,1,1,M,alpine pant prp,Alpine,Jeans/Pants,
10005005,38.99,0.0,1,1,L,Altar'd State Blue & Orange Flw LS Dress,Altar'd State,Dress,
10005016,39.99,0.0,1,1,M,Altar'd State Beige Crop Sweater,Altar'd State,Sweater/Cardigan,
10006761,25.99,0.0,1,0,S,Altar'd State Black Denim Shorts Romper,Altar'd State,Shorts,
10005021,23.99,0.0,1,0,M,Altar'd State Black Sheer LS Embroid,Altar'd State,Top,
10006605,16.99,0.0,1,1,L,Altar'd State Black Textured Tank,Altar'd State,Top,
10005821,32.99,0.0,1,0,S,Altar'd State Blue Dress,Altar'd State,Dress,
10005120,18.99,0.0,1,1,M,Altar'd State Blue Floral Romper,Altar'd State,Romper/Jumpsuit,
10005254,24.99,0.0,1,1,S,Altar'd State Blush Sweater,Altar'd State,Sweater/Cardigan,
10005260,28.99,0.0,1,1,S,Altar'd State Burgundy & Gold SL Dress,Altar'd State,Dress,
10007021,39.99,0.0,1,1,M,Altar'd State Burgundy Fringe Skirt,Altar'd State,Skirt,
10006556,23.99,0.0,1,1,M,Altar'd State Burnt Orange Skirt,Altar'd State,Skirt,
10005597,19.99,0.0,1,0,M,Altar'd State Lace SL Blouse,Altar'd State,Top,
10006593,18.99,0.0,1,1,S,Altar'd State NWT Linen Crop Top,Altar'd State,Top,
10005706,25.99,0.0,1,0,S,Altar'd State Orange Polka Dot Skirt,Altar'd State,Skirt,
10005717,27.99,0.0,1,1,S,Altar'd State Peachy Pink Skirt,Altar'd State,Skirt,
10008153,19.99,6.0,1,0,S,Altar'd State Pink Cherry Tank Top,Altar'd State,Top,70.0
10007112,25.99,0.0,1,0,S,Altar'd State Pink Floral SS Ruffle Dress,Altar'd State,Dress,
10008635,11.99,3.0,1,1,,Altar'd State Purple SS Top S,,Top,75.0
10005961,22.99,0.0,1,1,XS,Altar'd State Purple Sweater,Altar'd State,Sweater/Cardigan,
10005952,23.99,0.0,1,1,XS,Altar'd State Red LS,Altar'd State,Top,
10005215,12.99,0.0,1,0,S,Altar'd State Tank Black,Altar'd State,Top,
10008236,15.0,3.75,1,1,,Altar'd State White Pink LS Top S,,Top,75.0
10003608,28.99,0.0,1,1,S,altar'd state pant grey flr,Altar'd State,Jeans/Pants,
10007212,22.99,0.0,1,1,,Altard Black Skirt,Altar'd State,Skirt,
10008683,24.99,8.0,1,1,,Altard State black white pants S,,Jeans/Pants,68.0
10008466,25.99,8.0,1,1,,Altard State Blue Dress S,,Dress,69.2
10006840,18.99,0.0,1,1,L,Altard State blue lace dress,Altar'd State,Dress,
10008508,19.99,5.3,1,0,,Altard State Brown Skort S,,Other,73.5
10007190,24.99,0.0,1,0,L,Altard State Dress Brown,,Dress,
10008798,29.99,7.5,1,1,,Altard State Dusty Rose Dress S,,Dress,75.0
10008445,26.99,14.99,1,1,,Altard State Floral Dress S,,Dress,44.5
10008152,21.99,8.0,1,0,M,altard state floral skort,Altar'd State,Other,63.6
10008138,28.99,8.0,1,1,M,altard state fuzzy croped sweater vest,Altar'd State,Sweater/Cardigan,72.4
10007202,18.99,0.0,1,0,S,Altard State Green Top,,Top,
10007279,19.99,0.0,1,0,L,Altard State Overalls White,,Top,
10008468,27.99,9.0,1,1,,Altard State Pink Dress L,,Dress,67.8
10007542,18.99,0.0,1,1,,Altard State Red Floral Dress S,,Dress,
10007557,16.0,4.0,1,0,M,Altard State White Sweater,,Sweater/Cardigan,75.0
10003659,34.99,0.0,1,1,S,altard state pant blk,Altar'd State,Jeans/Pants,
10006024,25.99,0.0,1,1,S,AltardS Whi&BluTop,Altar'd State,Other,
10004943,22.99,0.0,1,1,M,AltardS WhiZipUpSleeveless,Altar'd State,Top,
10006129,22.99,0.0,1,1,S,AltardSt MulticolFloralCropTop,Altar'd State,Top,
10005183,16.99,0.0,1,1,M,AltardState Pattern Crop Brn&Prpl,Altar'd State,Other,
10005047,27.99,0.0,1,1,L,AltardState Slvlss Top Peach,Altar'd State,Top,
10006114,28.99,0.0,1,1,S,Altardstate MulticolFloralDress,Altar'd State,Dress,
10005792,22.99,0.0,1,0,S,AltardState StripeBttnSkirt,Altar'd State,Skirt,
10007350,28.99,0.0,1,0,XS,Altardstateorangeandwhitecheckeredshort,Altar'd State,Shorts,
10004842,15.99,0.0,1,0,S,Altarxd State Orange Pink FL Crop Top,Altar'd State,Top,
10002225,18.99,0.0,1,1,,Altarxd StateDress_H,Altar'd State,Dress,
10002463,21.99,0.0,1,0,,Altarxd StateDress_H,Altar'd State,Dress,
10002797,21.99,0.0,1,0,,Altarxd StateDress_H,Altar'd State,Dress,
10002951,26.99,0.0,1,0,,Altarxd StateDress_H,Altar'd State,Dress,
10002834,32.99,0.0,1,1,,Altarxd StateShirt_Cr,Altar'd State,Top,
10000105,27.99,0.0,1,1,,Altarxd StateSweater_A,Altar'd State,Sweater/Cardigan,
10004656,28.99,0.0,1,1,XL,AltarxdS BeigeSweater,Altar'd State,Sweater/Cardigan,
10004858,22.99,0.0,1,0,XS,AltarXdS LightBrwnSkirt,Altar'd State,Skirt,
10004742,26.99,0.0,1,1,S,AlterdState Orange Blouse,Altar'd State,Top,
10007012,26.99,0.0,1,1,L,Alya Mint Green Fuzzy Sweater,Alya,Sweater/Cardigan,
10007741,27.99,0.0,1,1,7,AlynPa OneSlvMulticolDress,Alyn Paige,Dress,
10007585,19.99,0.0,1,1,S,Amanda Smith LS Blouse Green,,Top,
10006613,18.99,0.0,1,1,M,Amang Blue White Sheer SS Top,Amang NY,Top,
10006544,34.99,0.0,1,1,L,Amarsi Black SL Vest,Amarsi,Top,
10006128,22.99,0.0,1,0,,AmberNecklace,Unknown,Accessories,
10005367,24.99,0.0,1,1,L,Ambience Apparel Floral Sleeveless Tank,Ambience Apparel,Top,
10004377,13.99,0.0,1,0,8,Ambrose LeatherAnkleBoots,Ambrose,Shoes,
10005615,55.0,0.0,1,1,,Ameri Leather Brown Bag,Ameri Leather,Accessories,
10005134,21.99,0.0,1,1,S,American E Dusty Blue Striped Off Shoulder,American Eagle Outfitters,Other,
10005721,32.99,0.0,1,0,XS,American Eagle Lace Mesh Skirt,American Eagle Outfitters,Skirt,
10008651,13.99,3.5,1,1,,American Eagle White Tank Top XS,,Top,75.0
10005147,24.99,0.0,1,0,M,AmericanEagle Knit Sweater Pnk&Orng,American Eagle,Sweater/Cardigan,
10005171,15.99,0.0,1,0,S,AmericanEagle Ruche Crop Multicolor,American Eagle Outfitters,Other,
10006878,24.99,0.0,1,0,M,AmericanEagle BlackCorsetTop,American Eagle,Set,
10006937,19.99,0.0,1,0,M,AmericanEagle RedWhiSkirt,American Eagle,Skirt,
10005779,22.99,0.0,1,1,14,Amethyst CapriJean,Amethyst,Jeans/Pants,
10007026,28.99,0.0,1,0,S,Ammo Blk Tank NWT,Ammo,Top,
10006426,32.99,0.0,1,0,XS,amo floral blouse,Amo,Top,
10008770,25.99,6.5,1,1,,Ana Sui Red & Black Bag,Ana Sui,Accessories,75.0
10004736,24.99,0.0,1,1,S,Analogy Detitier Green Multicolor,Analogy Detiter,Other,
10005369,25.99,0.0,1,0,XXL,and Andrea Off White Top Real,and Andrea,Top,
10006292,27.99,0.0,1,0,8,AND Beige Chiffon LS Top,And,Top,
10007928,12.99,0.0,1,0,,Ande Black Purse Gold Hardware,Ande,Accessories,
10007970,20.0,5.0,1,0,,Andrea Jovine Black Fish Dress 6,,Dress,75.0
10006548,31.99,0.0,1,0,S,Andree Army Green Vest,Andree,Top,
10008526,21.99,13.15,1,1,,Andree White Frayed Top S,,Top,40.2
10007975,15.0,3.75,1,1,,Andres White Dress L,,Dress,75.0
10005419,21.99,0.0,1,1,M,ANewDay WhiSequinDress,A New Day,Dress,
10007856,26.99,0.0,1,1,,Angel Biba Floral Print Dress M,,Dress,
10006725,32.99,0.0,1,0,S,Angel Biba White Lace Dress,Angel Biba,Dress,
10008160,27.99,8.0,1,1,29,Angels Never Die White Pants,Angels Never Die,Jeans/Pants,71.4
10003625,35.99,0.0,1,1,,angels jean brw 18w,Angels,Jeans/Pants,
10004097,25.99,0.0,1,1,S,AnGi ShortSleeve Tan,An. Gi,Shorts,
10005140,25.99,0.0,1,1,S,Angie Embellished Plaid Flannel Brn,Angie,Other,
10005473,25.99,0.0,1,0,S,Angie BlkPurpFloralHalter,Angie,Top,
10003390,29.99,0.0,1,1,S,Ann Klein Cardigan Pink,Anne Klein,Sweater/Cardigan,
10006305,38.99,0.0,1,1,M,Ann M White Floral Buttondown,Ann Mashburn,Other,
10004849,15.99,0.0,1,1,XL,Ann May Black Silk Tank,Ann May,Top,
10006288,23.99,0.0,1,0,L,Ann Taylor Baby Pink Tank,Ann Taylor,Top,
10006621,23.99,0.0,1,0,8,Ann Taylor Black & White Skirt,,Skirt,
10004359,24.99,0.0,1,1,XS,Ann Taylor Black Blouse,Ann Taylor,Top,
10005716,35.99,0.0,1,0,8,Ann Taylor Black Leather Skirt,Ann Taylor,Skirt,
10003773,21.99,0.0,1,1,8,Ann Taylor Black Pants,Ann Taylor LOFT,Jeans/Pants,
10007001,22.99,0.0,1,1,4,Ann Taylor Black Skirt,Ann Taylor,Skirt,
10004649,32.99,0.0,1,1,M,Ann Taylor Black Sleeveless Shirt,Ann Taylor,Top,
10005585,24.99,0.0,1,1,XL,Ann Taylor Black SS Top,Ann Taylor,Top,
10003396,38.99,0.0,1,1,8,Ann Taylor Blazer Black,Ann Taylor,Jacket/Coat,
10005583,16.99,0.0,1,1,XS,Ann Taylor Blue SS Top,Ann Taylor,Top,
10008401,19.99,5.0,1,1,,Ann Taylor Blue Striped Top 10,,Top,75.0
10006614,25.99,0.0,1,1,M,Ann Taylor Blush Pink Cardigan,Ann Taylor,Sweater/Cardigan,
10005929,22.99,0.0,1,0,2,Ann Taylor Brown SS Cover Up,Ann Taylor,Top,
10007323,15.99,0.0,1,1,L,Ann Taylor Cami Top,Ann Taylor,Top,
10007580,18.99,0.0,1,1,12,Ann Taylor Dark Blue Shorts,Ann Taylor,Shorts,
10003774,31.99,0.0,1,1,M,Ann Taylor Long Sleeve Burgundy,Ann Taylor,Other,
10008517,16.99,10.95,1,1,,Ann Taylor Nude Camisole M,,Top,35.6
10000324,1.0,0.0,1,0,,Ann Taylor NWTBlazer_Ca,Ann Taylor NWT,Jacket/Coat,
10000341,1.0,0.0,1,0,,Ann Taylor NWTBlazer_Ca,Ann Taylor NWT,Jacket/Coat,
10001882,1.0,0.0,1,0,,Ann Taylor NWTBlazer_Ca,Ann Taylor NWT,Jacket/Coat,
10002692,34.99,0.0,1,1,,Ann Taylor NWTBlazer_Ca,Ann Taylor NWT,Jacket/Coat,
10005501,25.99,0.0,1,1,S,Ann Taylor Orange & Pink SL Top,Ann Taylor,Top,
10004100,21.99,0.0,1,1,,Ann Taylor Pants Herringbone,Ann Taylor,Jeans/Pants,
10003770,22.99,0.0,1,1,S,Ann Taylor Purple Ombre Cardigan,Ann Taylor LOFT,Sweater/Cardigan,
10005610,18.99,0.0,1,1,L,Ann Taylor Purple Ruffle Tank,Ann Taylor LOFT,Top,
10006534,23.99,0.0,1,1,XL,Ann Taylor Purple SS Top,Ann Taylor,Top,
10008652,17.99,4.5,1,1,,Ann Taylor Purple Top XL,,Top,75.0
10007453,19.99,0.0,1,0,,Ann Taylor Red Purse,Ann Taylor,Accessories,
10003501,24.99,12.0,1,1,6,Ann Taylor Skirt Black & White,Ann Taylor,Skirt,52.0
10008519,18.99,10.95,1,1,,Ann Taylor Sleeveless Top XS,,Top,42.3
10008377,26.99,10.99,1,1,6,ann taylor white floral skirt,Ann Taylor,Skirt,59.3
10006972,17.99,0.0,1,0,S,Ann Taylor White LS,Ann Taylor,Top,
10007114,25.99,0.0,1,0,6,Ann Taylor White SL Long Dress,Ann Taylor,Dress,
10008032,29.0,7.25,1,1,,Ann Taylor Yellow Sleeveless M,,Top,75.0
10008470,24.99,8.0,1,0,,Ann Taylor Yellow White Top S,,Top,68.0
10005804,25.99,0.0,1,1,M,ann taylor blouse creme,Ann Taylor,Top,
10003615,24.99,0.0,1,1,4,ann taylor pant green,Ann Taylor,Jeans/Pants,
10004675,25.99,0.0,1,1,S,ann taylor swetter blu grn,Ann Taylor,Other,
10002784,39.99,0.0,1,0,,Ann TaylorJacket_La,Ann Taylor,Jacket/Coat,
10000402,1.0,0.0,1,0,,Ann TaylorLS Top_Al,Ann Taylor,Top,
10000696,1.0,0.0,1,0,,Ann TaylorLS Top_Al,Ann Taylor,Top,
10000951,1.0,0.0,1,0,,Ann TaylorLS Top_Al,Ann Taylor,Top,
10001145,1.0,0.0,1,0,,Ann TaylorLS Top_Al,Ann Taylor,Top,
10001153,1.0,0.0,1,0,,Ann TaylorLS Top_Al,Ann Taylor,Top,
10001298,1.0,0.0,1,0,,Ann TaylorLS Top_Al,Ann Taylor,Top,
10001459,1.0,0.0,1,0,,Ann TaylorLS Top_Al,Ann Taylor,Top,
10002139,1.0,0.0,1,0,,Ann TaylorLS Top_Al,Ann Taylor,Top,
10002334,24.99,0.0,1,0,,Ann TaylorLS Top_Al,Ann Taylor,Top,
10002790,9.99,0.0,1,0,,Ann TaylorLS Top_Al,Ann Taylor,Top,
10002938,25.99,0.0,1,1,,Ann TaylorLS Top_Al,Ann Taylor,Top,
10004019,29.99,0.0,1,1,,Ann TaylorPants_Ay,Ann Taylor,Jeans/Pants,
10001483,1.0,0.0,1,0,,Ann TaylorSkirt_Ex,Ann Taylor,Skirt,
10001714,1.0,0.0,1,0,,Ann TaylorSkirt_Ex,Ann Taylor,Skirt,
10001720,1.0,0.0,1,0,,Ann TaylorSkirt_Ex,Ann Taylor,Skirt,
10001723,1.0,0.0,1,0,,Ann TaylorSkirt_Ex,Ann Taylor,Skirt,
10002723,24.99,0.0,1,1,,Ann TaylorSS Top_Ja,Ann Taylor,Top,
10000098,24.99,0.0,1,1,,Ann TaylorSweater_Am,Ann Taylor,Sweater/Cardigan,
10008013,33.0,8.25,1,1,8,Anna Sui Black Detail Skirt,Anna Sui,Skirt,75.0
10003968,24.99,0.0,1,1,XL,Anna-Kaci Blk Sequin Top,Anna-Kaci,Top,
10004618,24.99,0.0,1,1,12,Anne Klein Black Sleeveless Dress,Anne Klein,Dress,
10005257,22.99,0.0,1,1,6,Anne Klein Fushia Floral Sheer Cardigan,Anne Klein,Sweater/Cardigan,
10007591,34.99,0.0,1,1,,Anne Klein multi-color blazer 6,,Jacket/Coat,
10006849,18.99,0.0,1,1,L,Anne Klein white dress shirt,Anne Klein,Dress,
10001187,1.0,0.0,1,0,,Anne KleinCardigan_Ga,Anne Klein,Sweater/Cardigan,
10004603,24.99,0.0,1,1,10,AnneKlein BlkSparkleDress,Anne Klein,Dress,
10007415,21.99,0.0,1,1,4,AnneKlein MulticolDress,Anne Klein,Dress,
10007399,22.99,0.0,1,1,14,AnneKlein WhiruffleSlvlssShirt,Anne Klein,Top,
10004368,24.99,0.0,1,1,S,AnnT BlkAnimalBlouse,Ann Taylor,Top,
10003591,28.99,0.0,1,0,4,AnnT BlkGreyPant,Ann Taylor,Jeans/Pants,
10004354,19.99,0.0,1,1,2,AnnTaylor Black Animal Print Skirt,Ann Taylor,Skirt,
10005071,17.99,0.0,1,0,M,AnnTaylor LeafPrint Top Grn,Ann Taylor,Top,
10005055,20.99,0.0,1,1,M,AnnTaylor Slvless Top Pink,Ann Taylor,Top,
10006133,25.99,0.0,1,0,8,AnnTaylor BlkBttnDwnDress,Ann Taylor,Dress,
10008358,22.99,0.0,1,1,14,AnnTaylor BrwnFloralTop,Ann Taylor,Other,
10004935,21.99,0.0,1,0,10,AnnTaylor Pink&WhiLaceTop,Ann Taylor,Other,
10005302,10.99,0.0,1,1,S,AnnTaylor PinkSleevlessTop,Ann Taylor,Top,
10006122,22.99,0.0,1,1,8,AnnTaylor PnkPurpSkirt,Ann Taylor,Skirt,
10004870,24.99,0.0,1,0,4,AnnTaylor Red&WhiFloralSkirt,Ann Taylor,Skirt,
10006107,15.99,0.0,1,1,M,AnnTaylor RedTop,Ann Taylor,Other,
10007754,29.99,0.0,1,1,8,AnnTaylorP BlkDottedSkirt,Ann Taylor Petites,Skirt,
10004367,21.99,0.0,1,1,XS,AnnTLoft GreyTop,Ann Taylor LOFT,Other,
10005418,18.99,0.0,1,0,M,AnnTLoft Yellow&GrnTop,Ann Taylor LOFT,Other,
10005701,45.99,0.0,1,0,S,Another Label Orange & Black Jacket,Another Label,Jacket/Coat,
10007708,59.99,0.0,1,1,10,Anthro Off White Crochet Skirt,Anthropologie,Skirt,
10005591,15.99,0.0,1,1,S,Anthro White SS Top w Yellow Ruffle,Anthropologie,Top,
10006267,24.99,0.0,1,0,M,Anthropologie Black Balloon Pants,Anthropologie,Jeans/Pants,
10005105,15.99,0.0,1,1,M,Anthropologie Black Textured Tank,Anthropologie,Top,
10006263,23.99,0.0,1,0,M,Anthropologie Gray Crop Top w Tie Back,Anthropologie,Top,
10007658,53.99,25.0,1,1,,Anthropologie M Albright Turquoise 7.5,,Other,53.7
10003510,24.99,0.0,1,1,0,Anthropologie Pants Brown,Anthropologie,Jeans/Pants,
10006814,55.99,0.0,1,0,L,Anthropologie Reformation Plaid Top,Anthropologie,Top,
10005025,79.99,0.0,1,1,S,Anthropologie SL NWT Colorful Striped Dress,Anthropologie,Dress,
10007525,34.99,0.0,1,1,,Anthropologie Yellow SS Blouse L,,Top,
10005783,16.99,0.0,1,0,S,Anthropologie PinkLaceTop,Anthropologie,Other,
10004886,35.99,0.0,1,0,,anthropologie skrt flr 2p,Anthropologie,Skirt,
10005344,24.99,0.0,1,1,M,anthropologie tank blu,Anthropologie,Top,
10006069,18.99,0.0,1,1,2,anthropologie tank red,Anthropologie,Top,
10006945,24.99,0.0,1,0,S,Antonio Melani White Tank Top,,Top,
10006330,28.99,0.0,1,1,L,Antropologie Burgundy Embroidered LS,Anthropologie,Top,
10007126,18.99,0.0,1,0,S,Apollo Jeans Sleeveless Denim Jacket,Apollo,Jeans/Pants,
10007607,17.99,0.0,1,1,,Apperloth Black Feux Leather Shorts L,,Shorts,
10008682,31.99,8.5,1,1,,Appraisal Houndstooth Jacket L,,Jacket/Coat,73.4
10007392,28.99,0.0,1,1,M,AprilCornell BlkSheerSlvlssShirt,April Cornell,Top,
10006344,16.99,0.0,1,1,S,Apt 9 Black Tank,Apt 9,Top,
10003933,24.99,0.0,1,0,L,Apt 9 Brown Cami,Apt 9 Essentials,Top,
10008653,17.99,4.5,1,1,,Apt. 9 Black Blue Dress XL,,Dress,75.0
10007168,14.99,0.0,1,1,S,Apt. 9 SS Blouse Black,,Top,
10004948,19.99,0.0,1,1,S,Apt9 BrwnFloralBlouse,Apt 9,Top,
10006901,24.99,0.0,1,1,L,Apt9 FloralTopandTank,Apt 9,Top,
10005472,18.99,0.0,1,0,2,Apt9 GrnSPotBttnDwn,Apt 9,Other,
10006338,22.99,0.0,1,1,XS,Aqua Blue Black Top,Aqua,Top,
10004316,59.99,0.0,1,1,9,Aquatalia AshBoots,Aquatalia,Shoes,
10003442,22.99,0.0,1,1,0,Arden B Bluejeans,Arden B,Jeans/Pants,
10004692,24.99,0.0,1,0,M,arden b swtr grn,Arden B,Sweater/Cardigan,
10008583,18.99,8.0,1,1,M,ArdenB PinkLaceCami,Arden B,Top,57.9
10003780,84.99,0.0,1,0,9,Ariat Brown and Pink Cowgirl Boots,Ariat,Shoes,
10004411,9.99,0.0,1,0,M,Ariat MulticolBelt,Ariat,Accessories,
10008728,18.99,4.5,1,1,,Ariya Jeans Capri's 12,,Jeans/Pants,76.3
10006916,25.99,0.0,1,1,9,AriyaJeans BlackStitchShorts,Ariya Jeans,Shorts,
10006940,24.99,0.0,1,0,5,ArizJeanCo StuddedJeanSkirt,Arizona Jean Co,Skirt,
10006673,19.99,0.0,1,0,L,Arizona Jean Overalls,Arizona,Jeans/Pants,
10004819,14.99,0.0,1,0,M,Arizona Pink Lace SS Skirt,Arizona,Skirt,
10006918,20.99,0.0,1,0,3,ArizonaJeanCo JeanSkirt,Arizona Jean Co,Skirt,
10008485,18.99,10.9,1,1,,Ark & Co Pink Skirt M,,Skirt,42.6
10008547,32.99,0.0,1,1,M,ArkXCo PinkFlowerDress,ark X Co,Dress,
10006766,32.99,0.0,1,0,S,Armani Jeans Tan Dress,Armani,Dress,
10004598,45.99,0.0,1,1,L,Armani NWT Purple Gray Dress,Armani Exchange NWT,Dress,
10006869,34.99,0.0,1,0,6,Armani WhiQuarterShirt,Armani,Top,
10005493,15.99,0.0,1,1,,Art Class Yellow Black Striped SL Dress,Art Class,Dress,
10003398,24.99,0.0,1,1,S,Artemis Slip Dress Brown,Artemis,Dress,
10005988,32.99,0.0,1,1,S,Artka Blue & White Plaid Skirt,Artka,Skirt,
10008756,25.0,6.25,1,1,,Aryeh Brown Fringe Dress M,,Dress,75.0
10008769,25.0,6.25,1,1,,Aryeh Navy LS Top XL,,Top,75.0
10007971,25.0,6.25,1,1,,Aryeh Pink Green Dress L,,Dress,75.0
10007978,17.0,4.25,1,1,,Aryeh Sleeveless Top Blue XL,,Top,75.0
10008171,34.99,8.0,1,1,S,Aryeh White Floral Pants NWT,Aryeh,Jeans/Pants,77.1
10008291,18.99,0.0,1,1,M,Aryeh MulticolDiamDress,Aryeh,Dress,
10005104,15.99,0.0,1,1,L,AS IS Bed of Roses Black Heart Cherry Tank,Bed of Roses,Top,
10005823,15.99,0.0,1,1,2,AS IS Missguided Gold Pants,Missguided,Jeans/Pants,
10004793,35.99,0.0,1,1,9.5,AS IS Ralph Lauren Booties,Lauren Ralph Lauren,Shoes,
10007768,299.99,245.0,1,1,10,AS IS Vintage Pink Dress w Scarf,,Dress,18.3
10003957,26.99,0.0,1,1,M,As U Wish Sequin one Shoulder Dress,As U Wish,Dress,
10007309,23.99,0.0,1,1,S,As-is Vintage Sailor Top,Unknown,Top,
10006512,24.99,0.0,1,0,S,ASISBCBG Beige Embroid Buttondown,BCBG Maxazria,Other,
10008579,22.99,8.0,1,1,S,ASISSuprDwn SequinOneslDress,SuperDown,Dress,65.2
10004505,29.99,0.0,1,1,6,Asos Blk Skirt,Asos Design,Skirt,
10007610,34.99,0.0,1,1,8,Asos Denim Black Overall,,Jeans/Pants,
10007336,24.99,0.0,1,0,2,Asos Design White Dress,Asos Design,Dress,
10007756,19.99,0.0,1,1,XS,Asos PurpPatternedShorts,Asos Design,Shorts,
10006095,8.99,0.0,1,1,L,ASOS StripedTubeTop,Asos Design,Top,
10008548,28.99,0.0,1,0,2,AsosDesign PnkOrFloralSkirt,Asos Design,Skirt,
10007271,22.99,0.0,1,1,M,ASTR Beige LS Top,,Top,
10007337,32.99,0.0,1,0,M,ASTR White Dress,Astr,Dress,
10005702,12.99,0.0,1,0,XL,Atamet Black Fringe Vest,Atamet,Top,
10005277,13.99,0.0,1,1,S,Athleta Black Tank,Athleta,Top,
10004752,15.99,0.0,1,1,L,Athleta Black Tee,Athleta,Top,
10003692,35.99,0.0,1,1,XS,Athleta Lavender Pullover,Athleta,Sweater/Cardigan,
10003804,24.99,0.0,1,0,4,Athleta Navy Pants,Athleta,Jeans/Pants,
10004124,22.99,0.0,1,1,S,Athleta Orng TieDye Tee,Athleta,Top,
10008697,38.99,8.5,1,1,,Athleta Savannah Black Dress L,,Dress,78.2
10005187,25.99,0.0,1,1,M,Athleta Athletic Longsleeve Pnk,Athleta,Other,
10006158,22.99,0.0,1,1,XXS,Athleta BleCrewneck,Athleta,Other,
10004923,26.99,0.0,1,1,M,Athleta BlueSkirt,Athleta,Skirt,
10003684,25.99,0.0,1,1,S,Athleta Pink WrapSweatshirt,Athleta,Top,
10003730,35.99,0.0,1,1,,athleta sweatshirt prp sp,Athleta,Top,
10005329,24.99,0.0,1,1,XS,ATLoft BrwnStripeCrdign,Ann Taylor LOFT,Sweater/Cardigan,
10005732,32.99,0.0,1,1,6,Attention Multicolor Skirt,Attention,Skirt,
10006745,22.99,0.0,1,1,,Atticus Light Green Black Heart Cap,Atticus,Other,
10004539,18.99,0.0,1,1,12,Attyre Navy Blue Skirt,Attyre NY,Skirt,
10007050,15.99,0.0,1,1,9,Audrey Brook Pink Flats,Audrey Brook,Shoes,
10004996,24.99,0.0,1,0,,Audrey Talbott Purple Watercolor LS,Audrey Talbott,Top,
10007087,15.99,0.0,1,0,,August Animal Print Hat,August,Accessories,
10008503,23.99,6.99,1,1,,August Max Vintage Silk Tank 12,,Top,70.9
10004824,24.99,0.0,1,0,M,August Silk Black Sheer Colorful Flower,August Silk,Other,
10007838,49.99,0.0,1,0,M,Aureum NWT Yellow Blue Shorts,Aureum NWT,Shorts,
10007678,22.99,5.75,1,1,10,Austin Hill Plaid Skirt,,Skirt,75.0
10008238,26.0,6.5,1,0,L,AUW Blue Camisole,,Top,75.0
10003469,18.99,0.0,1,1,XL,Ava & Viv Cardigan Beige,Ava & Viv,Sweater/Cardigan,
10005979,28.99,0.0,1,0,S,Ava James Dark Blue Blouse,Ava James,Top,
10005635,12.99,0.0,1,1,XXL,Ava James Orange Blouse,Ava James,Top,
10004951,35.99,0.0,1,1,,ava&viv jkt plad 2x,Ava & Viv,Jacket/Coat,
10007698,18.99,0.0,1,1,L,AvaXGrace BlkWhiFloralDress,Ava & Grace,Dress,
10006365,32.99,0.0,1,0,40,AveMaria MeshOutdoorShirt,Ave Maria,Top,
10008408,16.99,4.25,1,1,22,Avenue Beige Brown Red Blouse,Avenue,Top,75.0
10003451,27.99,14.0,1,1,18,Avenue Jeans Denim Vest,Avenue Jeans,Jeans/Pants,50.0
10006145,28.99,0.0,1,0,18,Avenue MulticolSkirt,Avenue,Skirt,
10004986,17.99,0.0,1,1,L,Avery Sheer Horse Print Shirt,Avery,Top,
10007833,22.99,0.0,1,1,M,Avid Love Pink Lingerie Top,Avid Love,Top,
10008631,10.99,2.75,1,1,XL,Avidlove LS Black Top,,Top,75.0
10007408,6.99,0.0,1,0,,Avon Vintage Rose Ring,Avon,Accessories,
10003973,59.99,0.0,1,1,20,AW Bridal Floral Dress,AW Bridal,Dress,
10004162,23.99,0.0,1,1,M,Axcess Beige Bow Blazer,Axcess,Jacket/Coat,
10006511,25.99,0.0,1,1,14,Axcess Black Skirt Stich Emb,Axcess,Skirt,
10004891,24.99,0.0,1,1,10,axcess skrt blk lace,Axcess,Skirt,
10005125,32.99,0.0,1,0,M,Axes Brown Pleated Plaid Skirt,Axes,Skirt,
10005542,29.99,0.0,1,1,M,Axyeh Red Beige LS Dress,Axyeh,Dress,
10003895,24.99,0.0,1,1,M,Ayla Blk Cropped Shirt,Ayla,Top,
10004060,28.99,0.0,1,1,4,B. Darlin Tn&Blk Lace Dress,B. Darlin,Dress,
10007836,37.99,0.0,1,0,S,B. Right Pink Rose Strapless Dress,B. Right,Dress,
10003961,35.99,0.0,1,1,XS,B.P. Gold Sequin Skirt,B.P.,Skirt,
10003764,44.99,0.0,1,0,9,Baby Pink Cowgirl Boots,,Shoes,
10006579,35.99,0.0,1,0,XL,Baccini Jean Jacket inc Addon Pins,Baccini,Jeans/Pants,
10003335,125.99,0.0,1,0,,Badgley Mischka Dress Floral Black,Badgley Mischka,Dress,
10007041,74.99,0.0,1,1,7,Badgley Mischka Golf Flats,Badgley Mischka,Shoes,
10006722,16.99,0.0,1,1,1,Bae City Black Jeggings,Bae City,Other,
10002872,24.99,0.0,1,1,,Bagatelle CollectionBlazer_Ex,Bagatelle Collection,Jacket/Coat,
10002699,45.99,0.0,1,0,,Bagatelle CollectionJacket,Bagatelle Collection,Jacket/Coat,
10003850,31.99,0.0,1,1,M,Bagatelle Pink Black Multi Jacket,Bagatelle Collection,Jacket/Coat,
10005765,29.99,0.0,1,1,XL,Bagatelle BlkLthrpant,Bagatelle Collection,Jeans/Pants,
10005029,24.99,0.0,1,0,S,Bailey44 Sheer Blouse Blk,Bailey 44,Top,
10005998,24.99,0.0,1,1,M,BaileyBlue BlueBlouse,Bailey Blue,Top,
10008360,26.99,0.0,1,1,M,BaileyRose GreenFlowerPants,Bailey Rose,Jeans/Pants,
10004486,1250.0,0.0,1,1,,Balenciaga PinkPurse,Balenciaga,Accessories,
10004938,25.99,0.0,1,1,L,BambooT Grn&PinkSkirt?,Bamboo Traders,Skirt,
10000839,1.0,0.0,1,0,,Banana Boat NWTDress_Ho,Banana Boat NWT,Dress,
10001063,24.99,0.0,1,0,,Banana Boat NWTDress_Ho,Banana Boat NWT,Dress,
10001930,1.0,0.0,1,0,,Banana Boat NWTDress_Ho,Banana Boat NWT,Dress,
10002153,1.0,0.0,1,0,,Banana Boat NWTDress_Ho,Banana Boat NWT,Dress,
10002709,29.99,0.0,1,0,,Banana Boat NWTDress_Ho,Banana Boat NWT,Dress,
10002957,35.99,0.0,1,1,,Banana Boat NWTDress_Ho,Banana Boat NWT,Dress,
10003767,29.99,0.0,1,1,XS,Banana NWT Lace Sleeveless,Banana Republic NWT,Top,
10003813,31.99,0.0,1,1,XS,Banana Pink Floral Sleeveless,Banana Republic,Top,
10004633,24.99,0.0,1,1,4,Banana R Black Mini White Polka Dot,Banana Republic,Other,
10005015,34.99,0.0,1,1,M,Banana R Black Seethrough LS,Banana Republic,Top,
10004630,24.99,0.0,1,0,4,Banana R Cream & Brown Dress,Banana Republic,Dress,
10006721,28.99,0.0,1,1,8,Banana R Yellow & White Top,Banana Republic,Top,
10007364,22.99,0.0,1,1,00,Banana Rep Army Green Shorts,Banana Republic,Shorts,
10005893,28.99,0.0,1,0,XS,Banana Rep Beige Cardigan,Banana Republic,Sweater/Cardigan,
10003870,27.99,0.0,1,1,XS,Banana Rep Brown Knit Poncho,Banana Republic,Sweater/Cardigan,
10006574,15.99,0.0,1,0,M,Banana Rep Emerald Green SL Top,Banana Republic,Top,
10005882,32.99,0.0,1,1,L,Banana Rep Hot Pink Cardigan,Banana Republic,Sweater/Cardigan,
10007225,45.99,0.0,1,1,S,Banana Rep NWT Black LS Dress,Banana Republic NWT,Dress,
10006560,24.99,0.0,1,1,M,Banana Rep NWT Cream Tank,Banana Republic NWT,Top,
10006537,21.99,0.0,1,1,M,Banana Rep Purple Black White Top,Banana Republic,Top,
10007457,28.99,0.0,1,0,M,Banana Rep Red LS Dress,Banana Republic,Dress,
10006982,39.99,0.0,1,0,S,Banana Rep White Jean Jacket,Banana Republic,Jeans/Pants,
10005922,21.99,0.0,1,1,XS,Banana Republic Beige Hoodie,Banana Republic,Other,
10005512,19.99,0.0,1,1,S,Banana Republic Beige Knit Sweater,Banana Republic,Sweater/Cardigan,
10007195,25.99,0.0,1,0,0,Banana Republic Black Dress,,Dress,
10005267,15.99,0.0,1,1,XS,Banana Republic Black Sheer Tank,Banana Republic,Top,
10004827,14.99,0.0,1,0,6,Banana Republic Black SL Crop Top,Banana Republic,Top,
10007215,23.99,0.0,1,0,6,Banana Republic Black SL Dress,Banana Republic,Dress,
10005311,12.99,0.0,1,1,XS,Banana Republic Black Tank,Banana Republic,Top,
10004608,39.99,0.0,1,1,18,Banana Republic Blue Dress Beige Flower,Banana Republic,Dress,
10005495,18.99,0.0,1,0,00,Banana Republic Blue Striped Dress,Banana Republic,Dress,
10005568,27.99,0.0,1,1,S,Banana Republic filpucci Off-white Sweater,Banana Republic,Sweater/Cardigan,
10004825,14.99,0.0,1,1,L,Banana Republic Fuchsia Tank SL,Banana Republic,Top,
10006591,14.99,0.0,1,1,M,Banana Republic Green Design Top,Banana Republic,Top,
10005228,14.99,0.0,1,0,S,Banana Republic Green Sleeveless Top,Banana Republic,Top,
10003395,29.99,0.0,1,1,XS,Banana Republic Jacket Red,Banana Republic,Jacket/Coat,
10005639,16.99,0.0,1,0,XS,Banana Republic Orange Button SL,Banana Republic,Other,
10008525,23.99,13.15,1,1,,Banana Republic Orange Tank XS,,Top,45.2
10003547,33.99,0.0,1,1,M,Banana Republic Pants Black,Banana Republic,Jeans/Pants,
10003516,27.99,0.0,1,1,4,Banana Republic Pants Green,Banana Republic,Jeans/Pants,
10003402,24.99,0.0,1,1,0,Banana Republic Pants Grey,Banana Republic,Jeans/Pants,
10005852,22.99,0.0,1,1,XL,Banana Republic Pink & Brown Tank,Banana Republic,Top,
10007646,23.99,0.0,1,1,XS,Banana Republic Pink SL Top,Banana Republic,Top,
10008374,18.99,8.99,1,1,XXS,Banana Republic pink sleeveless blouse,Banana Republic,Top,52.7
10006717,22.99,0.0,1,1,XXL,Banana Republic Red Dress,Banana Republic,Dress,
10005982,24.99,0.0,1,1,M,Banana Republic Red Tank w Sequin,Banana Republic,Top,
10005226,12.99,0.0,1,0,XS,Banana Republic Snake Print Tank Brown,,Top,
10008115,23.99,0.0,1,1,S,banana republic velvet tanktop,Banana Republic,Top,
10006948,28.99,0.0,1,1,8,Banana Republic White Tank Top,,Top,
10003621,27.99,0.0,1,0,,banana republic jumper blk 2p,Banana Republic,Other,
10005385,22.99,0.0,1,1,12,banana republic skt blk,Banana Republic,Other,
10002622,24.99,0.0,1,0,,Banana RepublicLS Top_Ag,Banana Republic,Top,
10000156,1.0,0.0,1,0,,Banana RepublicLSTop,Banana Republic,Top,
10001703,1.0,0.0,1,0,,Banana RepublicLSTop,Banana Republic,Top,
10002493,18.99,0.0,1,0,,Banana RepublicLSTop,Banana Republic,Top,
10002981,45.99,0.0,1,1,,Banana RepublicLSTop,Banana Republic,Top,
10001775,24.99,0.0,1,1,,Banana RepublicPants_Ho,Banana Republic,Jeans/Pants,
10002591,19.99,0.0,1,0,,Banana RepublicPants_Ho,Banana Republic,Jeans/Pants,
10002545,19.99,0.0,1,1,,Banana RepublicSleeveless Top_Ja,Banana Republic,Top,
10002968,19.99,0.0,1,0,,Banana RepublicSleeveless Top_Ja,Banana Republic,Top,
10000096,29.99,0.0,1,1,,Banana RepublicSweater_El,Banana Republic,Sweater/Cardigan,
10001600,1.0,0.0,1,0,,Banana RepublicSweater_El,Banana Republic,Sweater/Cardigan,
10002219,15.99,0.0,1,0,,Banana RepublicTank Top_Ec,Banana Republic,Top,
10005449,24.99,0.0,1,1,10,BananaR BlkStrapDress,Banana Republic,Dress,
10007381,22.99,0.0,1,0,,BananaR ChainGemNecklace,Banana Republic,Accessories,
10006007,24.99,0.0,1,1,S,BananaR CrmCardigan,Banana Republic,Sweater/Cardigan,
10006087,22.99,0.0,1,0,S,BananaR PinkTankTop,Banana Republic,Top,
10006025,22.99,0.0,1,1,S,BananaR TanCardigan,Banana Republic,Sweater/Cardigan,
10008574,24.99,8.0,1,0,0,BananaRep BlkDress,Banana Republic,Dress,68.0
10008576,24.99,8.0,1,0,0,BananaRep BlkLaceDress,Banana Republic,Dress,68.0
10008320,21.99,0.0,1,1,M,BananaRep PinkcoverShirt,Banana Republic,Top,
10006902,21.99,0.0,1,1,XS,BananaRep PinktiedyeShirt,Banana Republic,Top,
10004280,23.99,0.0,1,0,M,BananaRepublic Blk Coat,Banana Republic,Jacket/Coat,
10004498,27.99,0.0,1,1,8,BananaRepublic Blk Lace Skirt,Banana Republic,Skirt,
10008206,15.99,6.0,1,1,L,Band of Gypsies Cover Pink Green M,,Other,62.5
10005363,25.99,0.0,1,1,S,band of gypsies tank blk flw,Band Of Gypsies,Top,
10004903,24.99,0.0,1,1,,bandolino skrt flr 12p,Bandolino,Skirt,
10003345,45.99,0.0,1,1,,Banjul Black and Rhinestone Dress,Banjul,Dress,
10004743,16.99,0.0,1,1,XS,BanRep Bl&Wht Blouse,Banana Republic,Top,
10004739,24.99,0.0,1,1,L,BanRep Blk&Wht Jckt,Banana Republic,Other,
10007031,29.99,0.0,1,0,XXL,Bar III Floral Skirt,Bar III,Skirt,
10002759,21.99,0.0,1,0,,Bar IIICardigan_Zi,Bar III,Sweater/Cardigan,
10007652,20.99,0.0,1,1,S,Bar ||| LS Lace Seethrough Top,Bar III,Top,
10005663,19.99,0.0,1,1,S,Barbie Back Tshirt,Barbie,Top,
10005317,32.99,0.0,1,1,6,Barbour Purpvest,Barbour,Top,
10008261,33.99,8.0,1,1,,Bardot Black Sleeveless Top S,,Top,76.5
10006271,35.99,0.0,1,0,,Basket Tote Purse,Unknown,Accessories,
10008497,23.99,8.3,1,1,,Bass Pink Leather Bow Loafers 8.5,,Top,65.4
10005113,21.99,0.0,1,1,M,Bay Island Billy Joel Tshirt,Bay Island,Top,
10003857,39.99,0.0,1,1,L,BB Linen Beige Sleeveless,Brooks Brothers,Top,
10008064,28.99,0.0,1,1,6,BBColl SilverJumpsuit,B B Collection,Romper/Jumpsuit,
10004166,49.99,0.0,1,0,L,BC Vintage Faux Leather Jacket Black,Bc,Jacket/Coat,
10007915,19.99,0.0,1,0,S,BCBG Black & White SL Top,BCBG Maxazria,Top,
10007251,129.99,0.0,1,1,,BCBG Black Leather Jacket M,,Jacket/Coat,
10008023,25.0,6.25,1,1,L,BCBG Black Seethrough LS,BCBG Maxazria,Top,75.0
10005984,35.99,0.0,1,0,M,BCBG Burgundy Dress w Sleeves,BCBG Maxazria,Dress,
10006648,23.99,0.0,1,1,M,BCBG Maxazria maxi dress,BCBG Maxazria,Dress,
10008456,31.99,15.0,1,1,,BCBG Maxazria White Cardigan S,,Sweater/Cardigan,53.1
10006807,27.99,0.0,1,0,M,BCBG Maxmara Brown Sundress,BCBG Maxazria,Dress,
10007463,28.99,0.0,1,1,6,BCBG Pink Silk Dress,BCBG Maxazria,Dress,
10003952,25.99,0.0,1,1,M,BCBG Shiny Black Sleeveless Shirt,BCBGeneration,Top,
10007266,25.99,0.0,1,1,XS,BCBG SS Blouse Green,,Top,
10005492,32.99,0.0,1,1,2,BCBG Tan & Beige SL Dress,BCBG Maxazria,Dress,
10005503,22.99,0.0,1,0,S,BCBG Tan Crochet SL Peplum Top,BCBG Maxazria,Top,
10004089,125.0,0.0,1,1,L,BCBG Tan Fur Coat,BCBGeneration,Jacket/Coat,
10007508,44.99,0.0,1,1,,BCBG White Black Pants M,,Jeans/Pants,
10005744,15.99,0.0,1,0,2,BCBG Yellow Skirt,BCBGeneration,Skirt,
10004456,24.99,0.0,1,1,M,BCBG BlkCardigan,BCBG Maxazria,Sweater/Cardigan,
10006361,24.99,0.0,1,1,XS,BCBG FloralTieBodySuit,BCBG generations,Top,
10008650,18.99,4.75,1,1,,BCBGeneration Peach Top S,,Top,75.0
10005076,21.99,0.0,1,0,XL,BCBGeneration Knit Top Prp&Wht,BCBGeneration,Sweater/Cardigan,
10002418,17.99,0.0,1,0,,BCBGenerationSkirt_En,BCBGeneration,Skirt,
10007965,23.0,6.75,1,0,,BCBGMax Black Grey SS Top,,Top,70.7
10007477,74.99,0.0,1,1,8,BCBGMax Grey Dress,,Dress,
10008319,44.99,0.0,1,1,M,BCBGMax BlkBlueSkirt,BCBG Maxazria,Skirt,
10007373,75.99,0.0,1,0,7,BDarlin GrnfloralRuffleDress,B Darlin,Dress,
10006675,16.0,0.0,1,0,S,BDG Jean Skirt,Bdg,Skirt,
10004021,19.99,0.0,1,0,4,BDG Pink Cords,Bog,Other,
10005483,25.99,0.0,1,2,,BDG hat creme,Bdg,Accessories,
10003882,17.99,0.0,1,1,9,Be Bop Capri Pants,Be Bop,Jeans/Pants,
10007014,15.99,0.0,1,1,,Be Inspired Zip Up Hoodie Black & Pink PL,Be Inspired,Other,
10007229,15.99,0.0,1,0,8,Be Smart Dress Black Red,,Dress,
10007982,13.99,0.0,1,0,,Beaded Brown Waist Belt,Unknown,Accessories,
10004342,25.99,0.0,1,1,M,Beatles Blk LongSleeve,Unknown,Other,
10004343,27.99,0.0,1,0,M,Beatles Grey Tee,Unknown,Top,
10005095,12.99,0.0,1,1,M,Beautees Sheer Cover Pnk&Yllw,Beautees,Top,
10003948,69.99,0.0,1,1,M,Bebe Black Lace Zipper Dress,Bebe,Dress,
10005241,22.99,0.0,1,1,S,Bebe Black Top,Bebe,Top,
10005412,22.99,0.0,1,0,S,Bebe BlkBlouse,Bebe,Top,
10003778,18.99,0.0,1,1,XL,Bechamel Black Embroider,Bechamel,Other,
10006577,35.99,0.0,1,0,,Bechamel Brown Woven Leather Bag,Bechamel,Accessories,
10007764,75.0,0.0,1,1,,Bechamel BrownWovenBag,Bechamel,Accessories,
10006448,24.99,0.0,1,1,XL,Beige Cardigan,Unknown,Sweater/Cardigan,
10005553,34.99,0.0,1,1,M,Beige Cardigan w Trim,Unknown,Sweater/Cardigan,
10008723,29.99,6.5,1,1,,Beige Crochet Fringe Vest L,,Top,78.3
10007801,29.99,0.0,1,1,L,beige layered skirt,Judith March,Skirt,
10006186,8.99,0.0,1,0,XL,beige ribbed tanktop large,Aura,Top,
10003953,24.99,0.0,1,0,8,Beige Sequin Shorts,,Shorts,
10004967,19.99,0.0,1,1,8,Beige Shiny Detail Dress Pants,Unknown,Dress,
10006224,27.99,0.0,1,1,,beige tanktop medium,Prana,Top,
10005091,13.99,0.0,1,0,L,Beige Twist Top Nvy,Beige,Top,
10004444,28.99,0.0,1,1,12,Bejeweled Jean,Christine Alexander,Jeans/Pants,
10006500,21.99,0.0,1,1,L,Beldini Grey Cardigan,,Sweater/Cardigan,
10007232,22.99,0.0,1,0,,Beli Fama Dress Size,,Dress,
10005365,28.99,0.0,1,0,,Belissima Hat Brown w Flowers,,Top,
10005574,32.99,0.0,1,1,S,Beliza Purple Shimmer Blazer,Beliza,Jacket/Coat,
10007036,25.99,0.0,1,1,S,Bella Barnett Hot Pink Dress,Bella Barnett,Dress,
10003837,19.99,0.0,1,1,M,Bella D Muave Blouse,Bella D,Top,
10004341,11.99,0.0,1,1,M,BellaCanvas Teal Tank,Bella Canvas,Top,
10005978,28.99,0.0,1,1,XL,Belldini Gray Cardigan,Belldini,Sweater/Cardigan,
10007714,18.99,0.0,1,1,M,Belldini Orange SL Top,Belldini,Top,
10007183,19.99,0.0,1,1,S,Belldini SS Top Red,,Top,
10004884,23.99,0.0,1,1,XL,bellesky bls flr,Belle Sky,Top,
10006240,15.0,0.0,1,0,,Belt,,Accessories,
10007015,32.99,0.0,1,1,10,Benneton Black Pants,Benneton,Jeans/Pants,
10006135,18.99,0.0,1,1,XS,BenSH MulticolStripeBttnDwn,Ben Sherman,Top,
10008329,24.99,0.0,1,1,10,Bernardo Blk&WhiSkirt,Bernardo,Skirt,
10006989,28.99,0.0,1,1,XS,Bershka Cream Jacket,Bershka,Jacket/Coat,
10004867,18.99,0.0,1,1,M,Bershka PinkCorsetTop,Bershka,Set,
10003360,34.99,14.99,1,1,8,Betsey Johnson White Beaded 1,Betsey Johnson,Other,57.2
10004949,19.99,0.0,1,1,M,betseys boutique shop bls grn flw,Betsey Boutique Shop,Top,
10004087,25.99,0.0,1,0,M,Betsy Johnson Burgundy Crochet Dress,Betsey Johnson,Dress,
10008362,24.99,0.0,1,1,16,BetsyL GrnAniprintJacket,Betsy Lauren,Jacket/Coat,
10006991,23.99,0.0,1,1,L,Better Together Green Strechy Shorts,Better Together,Shorts,
10008253,22.99,6.0,1,1,,Better Together Sage Green Top L,,Top,73.9
10003534,24.99,0.0,1,0,XS,BGBCMaxazria Sweater Brown,BCBG Maxazria,Sweater/Cardigan,
10003377,23.99,0.0,1,0,S,BGBGMaxazria Beige Bodysuit,BCBG Maxazria,Top,
10006506,34.99,0.0,1,1,40,Biaggini Blue & White Skirt,Biaggini,Skirt,
10002002,45.99,0.0,1,1,,BiagginiSkirt_3,Biaggini,Skirt,
10005476,25.99,0.0,1,0,,billa bong bls pnk sp,Billabong,Top,
10004989,22.99,0.0,1,0,M,Billabong Burgundy Fuzzy Sweater,Billabong,Sweater/Cardigan,
10008162,28.99,8.0,1,1,31,Billabong Coral Pants,Billabong,Jeans/Pants,72.4
10006652,23.99,0.0,1,0,M,Billabong white dress,Billabong,Dress,
10006886,23.99,0.0,1,0,M,Billabong YellowFlowerSkirt,Billabong,Skirt,
10007657,54.99,20.0,1,0,7,Billini Silver Boots,,Shoes,63.6
10007669,27.99,12.0,1,1,,Birch Hill Black Jacket S,,Jacket/Coat,57.1
10003218,35.99,0.0,1,0,,bis Charles Jourdan Heels,Charles Jourdan,Top,
10003946,42.99,0.0,1,1,M,Bishop Metallic Rose Longsleeve Dress,Bishop X Young,Dress,
10005286,21.99,0.0,1,0,S,BishopY PinkSleevlessBlouse,Bishop X Young,Top,
10008411,19.99,5.0,1,1,,Bisou Bisou Blue Skirt L,,Skirt,75.0
10006751,27.99,0.0,1,0,L,Bisou Bisou Lavender Satin Tank,Bisou Bisou,Top,
10007467,29.99,0.0,1,1,8,Bisou Bisou Purple Red SL Dress,Bisou Bisou,Dress,
10006739,46.99,0.0,1,0,,Bisou Bisou Silver Bracelet Black Stone,Bisou Bisou,Accessories,
10005427,35.99,0.0,1,1,6,bisou bisou dress blk,Bisou Bisou,Dress,
10006623,19.99,0.0,1,0,16,Bisou Denin Top,,Top,
10004810,32.99,0.0,1,1,16,Bisou Pink Brown Dressy Tank,Bisou Bisou,Dress,
10004929,27.99,0.0,1,1,M,Bisou BlkBeadedBlouse,Bisou Bisou,Top,
10005414,24.99,0.0,1,1,S,bisuo MulticolHalter,Bisou Bisou,Top,
10007325,12.99,0.0,1,0,,Biviar Black Hat,Biviar,Accessories,
10005073,17.99,0.0,1,1,S,Bizz Slvlss Top Grey,Bizz,Top,
10003358,19.99,9.99,1,1,10,Bjorndal Black Shoes,Bjorndal,Shoes,50.0
10006635,42.99,0.0,1,1,S,BKE Belt,Bke,Accessories,
10005437,22.99,0.0,1,0,M,BKE Boutique Knit Shawl Wht,BKE Boutique,Sweater/Cardigan,
10004779,32.99,0.0,1,1,10,BL Paul Smith Sequin White Dress NWT,Black Label Paul Smith,Dress,
10006752,35.99,0.0,1,1,XXL,Black & Beige Lingerie Tank,Unknown,Top,
10007933,17.99,0.0,1,1,,Black & Gold Knot Necklace,Unknown,Accessories,
10006758,25.99,0.0,1,1,L,Black & Gold Lingerie Dress,Unknown,Dress,
10007254,24.99,0.0,1,1,M,Black & Gold sequin pants,,Jeans/Pants,
10005526,14.99,0.0,1,0,M,Black & Green Floral Skirt,Unknown,Skirt,
10005965,25.99,0.0,1,0,M,Black & White Knit Cover Up,Unknown,Sweater/Cardigan,
10005520,22.99,0.0,1,1,S,Black & White Pattern Sheer LS Turtleneck,Unknown,Top,
10006222,18.99,0.0,1,1,,black adnw hite ribbed tee medium,Charlotte Russe,Top,
10006235,27.99,0.0,1,1,XS,black and navy dressy blouse,White House Black Market,Dress,
10007807,25.99,0.0,1,0,14,black and tan design blouse,Coldwater Creek,Top,
10006211,21.99,0.0,1,1,,black and white floral tank medium,White House Black Market,Top,
10006217,26.99,0.0,1,1,XS,black and white floral tank,Whbm,Top,
10006239,23.99,0.0,1,1,4,black and white plaid tanktop,White House Black Market,Top,
10006215,14.99,0.0,1,1,,black and white strip body suit small,Prime Cut,Other,
10007810,23.99,0.0,1,0,XL,black and white strip pant,LA Gypsy,Jeans/Pants,
10006214,19.99,0.0,1,1,12,black and white stripe off the shoulder,Karen Millen,Other,
10003752,12.99,0.0,1,0,,Black Belt Stitch Design,,Accessories,
10007988,17.99,0.0,1,1,,Black Belt w Silver Buckle & Studs,Unknown,Accessories,
10006422,25.99,0.0,1,-1,,Black belt with silver,,Accessories,
10004164,18.99,0.0,1,1,S,Black Bodysuit w Rhinestones,Unknown,Top,
10004364,18.99,0.0,1,0,M,Black Cardigan,Unknown,Sweater/Cardigan,
10004960,24.99,0.0,1,1,M,Black Chiffon Tank,Unknown,Top,
10006830,245.0,0.0,1,1,,Black coach purse,Coach,Accessories,
10008177,21.99,5.5,1,1,S,Black Colorful Floral Underskirt,Unknown,Skirt,75.0
10008287,12.0,3.0,1,0,XS,Black Crop Top,Unknown,Top,75.0
10006283,14.99,0.0,1,0,L,Black Crop Top Spaghetti Strap,Unknown,Top,
10003977,32.99,0.0,1,0,M,Black Detail Skirt,,Skirt,
10007269,23.99,0.0,1,1,S,Black Dress,,Dress,
10004340,27.99,0.0,1,1,S,Black Faux Leather Jacket,Black Rivet,Jacket/Coat,
10005901,32.99,0.0,1,-1,,Black floral shirt,,Top,
10005743,27.99,0.0,1,1,L,Black Flower SS Coverup,Unknown,Top,
10004534,18.99,0.0,1,0,M,Black Jean Mini Dress with Metal Button,,Dress,
10005535,34.99,0.0,1,0,XS,Black Jean Strapless Denim Dress,Unknown,Dress,
10006193,59.99,0.0,1,1,,black knit dress medium,Desigual,Dress,
10008666,12.99,3.0,1,0,,Black lace coverall OSFM,,Other,76.9
10007811,28.99,0.0,1,1,M,black lace dress,Step In Style,Dress,
10004483,25.99,0.0,1,1,XS,Black Lace Dress,White House Black Market,Dress,
10005870,32.99,0.0,1,1,M,Black Lace Seethrough Blouse,Unknown,Top,
10007800,29.99,0.0,1,0,4,black lace skirt,White House Black Market,Skirt,
10006748,29.99,0.0,1,1,XXL,Black Lace Top Cover Up,Unknown,Top,
10006390,17.99,0.0,1,1,44,Black Leather Belt,Unknown,Accessories,
10007983,12.99,0.0,1,0,,Black Leather Belt with Brown Design,Unknown,Accessories,
10006832,195.0,0.0,1,0,,Black leather coach purse,Coach,Accessories,
10003080,24.99,0.0,1,0,,Black Leather w gold bullet stud belt_Un,Unknown,Accessories,
10006231,150.0,0.0,1,0,,black long jacket,Desigual,Jacket/Coat,
10006482,27.99,0.0,1,1,M,Black LS Lace Top,Unknown,Top,
10004802,25.99,0.0,1,1,M,Black LS Shirt Bedazzle,Unknown,Top,
10008210,13.99,6.0,1,1,M,Black Mesh Top,,Top,57.1
10008202,18.99,6.0,1,1,L,Black P Blue Peacock Feather Top,Black Poppy,Top,68.4
10007452,18.99,0.0,1,0,,Black Pleather Purse Silver Hardware,Unknown,Accessories,
10005624,13.99,0.0,1,1,M,Black Red White SL Top,Unknown,Top,
10007340,16.99,0.0,1,1,,Black Rhinestone Multi Strand,Unknown,Other,
10006208,24.99,0.0,1,0,XS,black ribbed blouse,Clockhouse,Top,
10006232,17.99,0.0,1,0,XXS,black ribbed tanktop,JCrew,Top,
10004796,35.99,0.0,1,1,M,Black Ruffle Dress,Unknown,Dress,
10006557,24.99,0.0,1,0,S,Black Seethrough Top,Unknown,Top,
10007187,28.99,0.0,1,0,,Black sequin,,Other,
10007618,23.99,0.0,1,1,12,Black Sequin Dress,,Dress,
10006204,22.99,0.0,1,1,3,black sequin skirt,Love On A Hanger,Skirt,
10006221,17.99,0.0,1,0,,black short sleeve dress blouse large,Belle,Dress,
10007806,28.99,0.0,1,1,L,black silver lined dress,Why,Dress,
10008176,21.99,8.0,1,1,14,Black Skirt Blue Flowers,Unknown,Skirt,63.6
10003332,25.99,0.0,1,1,,Black Skirt w Beaded Flower,Joe Benbasset,Skirt,
10007788,27.99,0.0,1,1,M,Black SL Rose Ruffle Dress,Unknown,Dress,
10003583,35.99,0.0,1,1,10,Black Stitch Wide-Leg Pant,Elexenses,Jeans/Pants,
10003627,25.99,0.0,1,1,,black tag jean blk 32x32,Black Tag,Jeans/Pants,
10005192,14.99,0.0,1,0,M,Black Tank,Unknown,Top,
10006212,19.99,0.0,1,0,,black tank with shoulder ruffles small,Ann Taylor,Top,
10006210,21.99,0.0,1,1,,black tanktop small,Allison Joy,Top,
10006377,17.99,0.0,1,1,2,Black Velvet Belt with Jewels,Unknown,Top,
10006587,14.99,0.0,1,0,,Black Velvet Hat,Unknown,Accessories,
10004979,19.99,0.0,1,1,M,Black White Tie Back QS,Unknown,Other,
10006207,12.99,0.0,1,0,,black with floral design tanktop medium,Unknown,Top,
10007994,24.99,13.1,1,1,,Black Yellow Silver Necklace,,Accessories,47.6
10008590,32.99,8.0,1,1,,BlackBeadFurrBag,Unknown,Accessories,75.8
10004913,25.99,0.0,1,1,7.5,BlackBoot,Unknown,Shoes,
10008354,17.99,0.0,1,1,,BlackCrochetCover,Unknown,Other,
10008313,7.99,0.0,1,1,,BlackCrossBag,Unknown,Top,
10007133,18.99,0.0,1,1,13,Blackheart Denim Shorts (M),Blackheart,Shorts,
10007766,75.0,0.0,1,1,,BlackItalianLeatherBag,Unknown,Accessories,
10008591,15.99,8.0,1,1,M,BlackLaceCoverUpDress,Unknown,Dress,50.0
10003597,15.99,0.0,1,0,,BlackLoopTieBelt,Unknown,Accessories,
10006880,29.99,0.0,1,0,S,BlackPantwBows,Unknown,Jeans/Pants,
10006904,19.99,0.0,1,1,XL,BlackRuffleSkort,Unknown,Other,
10007372,20.99,0.0,1,0,,BlackScrunchBag,Unknown,Accessories,
10007394,28.99,0.0,1,0,,BlackSheerdesignTop,Unknown,Other,
10008346,21.99,0.0,1,0,M,BlackSkirt,Unknown,Skirt,
10004412,11.99,0.0,1,0,,BlackStuddedBelt,Unknown,Accessories,
10005094,12.99,0.0,1,0,M,BlackTape Strappy Tank Pink,Black Tank,Top,
10004451,27.99,0.0,1,1,S,BlackZipUp,Unknown,Other,
10006898,24.99,0.0,1,1,M,BlackZipupJacket,Unknown,Jacket/Coat,
10009805,21.99,0.0,1,1,2,Blank NYC Overalls Green,Blank NYC,Top,
10007527,44.99,0.0,1,1,M,BlankNYC Beige Jacket,,Jacket/Coat,
10005194,24.99,0.0,1,0,,BlankNYC Tan Suede Zip Up Jacket,Blank NYC,Jacket/Coat,
10003909,23.99,0.0,1,0,L,Blashe Muave Leotard,Blashe,Other,
10004128,17.99,0.0,1,1,4,Blk Jeweled Mickey Tee,Unknown,Top,
10003844,27.99,0.0,1,0,12,Blk&Prp Silk Dress,Signature,Dress,
10004856,25.99,0.0,1,0,S,Blk&WhiLaceSkirt,Unknown,Skirt,
10006000,35.99,0.0,1,1,M,Blk&WhiPatternDress,Unknown,Dress,
10003699,25.99,0.0,1,1,L,Blk&White Floral Top,Unknown,Top,
10004250,15.99,0.0,1,1,S,Blk Wht Spotted Ruffle Skirt,Unknown,Skirt,
10006350,25.99,0.0,1,1,,BlkChainBag,Unknown,Accessories,
10005770,22.99,0.0,1,1,M,BlkDottedtieTop,Unknown,Other,
10004413,9.99,0.0,1,0,,BlkFauxLeatherBelt,Unknown,Accessories,
10004934,14.99,0.0,1,1,L,BlkFloralTop,Unknown,Other,
10005453,15.99,0.0,1,1,M,BlkMulticolStripeTankTop,Unknown,Top,
10006108,13.99,0.0,1,0,L,BlkSheerTshirt,Unknown,Top,
10007079,16.99,0.0,1,0,7.5,Blowfish Brown Sandals,,Top,
10005119,25.99,0.0,1,1,L,Blu Pepper Black LS Pink Floral,Blu Pepper,Top,
10003470,29.99,0.0,1,1,L,Blu Pepper Cardigan Green,Blu Pepper,Sweater/Cardigan,
10003466,29.99,0.0,1,1,XL,Blu Pepper Cardigan Green,Blu Pepper,Sweater/Cardigan,
10007773,25.99,0.0,1,0,L,Blu Pepper Yellow Orange Two Piece Set,Blu Pepper,Set,
10003569,24.99,0.0,1,1,4,Blu&Blk Polka Pant NWT,Loft NWT,Jeans/Pants,
10006187,12.99,0.0,1,0,,blue and white long sleeve croptop medium,Shade Shore,Top,
10004256,25.99,0.0,1,1,S,Blue Athleisure Jacket,Athleta,Jacket/Coat,
10007216,15.99,0.0,1,0,M,Blue Blush Brown Strapless Dress,Blue Blush,Dress,
10006816,18.99,0.0,1,1,M,Blue Blush Red Dress,Blue Blush,Dress,
10003738,15.99,0.0,1,0,M,blue blush blouse floral,Blue Blush,Top,
10007890,15.99,0.0,1,0,,Blue bracelet,,Accessories,
10007556,19.0,4.75,1,0,L,Blue Canyon SS Top,,Top,75.0
10007222,25.99,0.0,1,0,XS,Blue Floral SL Dress,Band of the Free,Dress,
10004759,15.99,0.0,1,1,M,Blue Green Black Groovy Sleeveless,Unknown,Top,
10004145,11.99,0.0,1,1,,Blue Green Knit Scarf,Unknown,Sweater/Cardigan,
10004818,12.99,0.0,1,0,S,Blue Jasmine Blue Crop Top,Blue Jasmine,Top,
10005559,24.99,0.0,1,0,M,Blue Knit LS Cardigan,Unknown,Sweater/Cardigan,
10006168,23.99,0.0,1,1,M,blue offthe shoulder blouse,Timing,Top,
10006185,44.99,0.0,1,0,,blue patterned dress medium,Desigual,Dress,
10006180,67.99,0.0,1,1,XXL,blue patterned dress,Desigual NWT,Dress,
10004233,15.99,0.0,1,0,,Blue Pink Beaded Baseball Cap,Olive & Qique,Other,
10006576,21.95,0.0,1,0,,Blue Purse Silver Hardware,Unknown,Accessories,
10005662,19.99,0.0,1,1,S,Blue Rain NWT Gray Skirt,Blue Rain NWT,Skirt,
10005631,25.99,0.0,1,1,L,Blue Rain Off Shoulder Striped Top,Blue Rain,Top,
10006651,24.99,0.0,1,1,L,blue rain pink dress,Blue Rain NWT,Dress,
10005604,22.99,0.0,1,1,S,Blue Rain Pink Pattern Halter Tank,Blue Rain,Top,
10007365,15.99,0.0,1,1,S,Blue Shorts,Unknown,Shorts,
10004449,32.99,0.0,1,0,8,Blue Straight Leg Pants,Unknown,Jeans/Pants,
10005609,21.99,0.0,1,1,M,Blue Tank Reversible,Unknown,Top,
10005218,14.99,0.0,1,1,S,Blue Tassel Pink Shirt,Blue Tassel,Top,
10004130,16.99,0.0,1,1,M,Blue Tiedye Tee,Unknown,Top,
10005417,25.99,0.0,1,1,M,Blue&WhiDress,Unknown,Dress,
10008071,25.99,0.0,1,1,M,Blue&YellowSweatrTank,Unknown,Top,
10008733,29.99,8.7,1,1,,Blue Black Lace Undergarment M,,Other,71.0
10008636,17.99,4.5,1,1,,Bluebird Sleeveless Top Grey S,,Top,75.0
10007892,15.99,0.0,1,0,,Bluebracelet blue,Unknown,Accessories,
10007393,22.99,0.0,1,1,M,BlueGoldGemDressSet,Unknown,Dress,
10008259,21.99,6.0,1,1,,Blueh Ciel Pink Beige Top L,,Top,72.7
10006783,22.99,0.0,1,1,S,BlueSFA WhiNavyRedTop,Blue Saks Fifth Avenue,Other,
10005180,18.99,0.0,1,0,M,BlueSteel Multipttrn Crop,Bluesteel,Top,
10006827,21.99,0.0,1,1,S,Bluetique OrangeSlvlessTop,BlueTique,Top,
10006803,21.99,0.0,1,1,S,BlueTique OrangeTankTop,BlueTique,Top,
10003637,22.99,0.0,1,0,M,BluPe BlkLaceSlvzlessTop,Blu Pepper,Top,
10006045,22.99,0.0,1,0,S,BluPepper BrwnPolkaDCard,Blu Pepper,Other,
10007690,39.99,0.0,1,1,M,Blush Green Cargo Pants NWT,Blush,Jeans/Pants,
10006985,24.99,0.0,1,1,S,Blush Jumpsuit Heart Btns As-Is,Unknown,Romper/Jumpsuit,
10004540,40.0,0.0,1,0,L,Blush Lavender Lingerie Romper,Blush,Romper/Jumpsuit,
10004753,27.99,0.0,1,1,M,Blush Orange & White Floral Shawl,Blush,Other,
10003929,24.99,0.0,1,1,M,Blush Slip Dress,Unknown,Dress,
10005048,24.99,0.0,1,1,L,Blush Floral Crop Prpl,Blush,Other,
10005153,14.99,0.0,1,0,S,Blush Pattern Top Brwn&Crm,Blush,Top,
10003385,24.99,0.0,1,0,M,BNDI Sweater Brown,Bndi,Sweater/Cardigan,
10007480,55.99,0.0,1,1,M,BOA Black Leather Pants,,Jeans/Pants,
10008672,12.99,3.25,1,1,,Bob Mackie Lavender SS Blouse L,,Top,75.0
10008477,19.99,8.0,1,1,10,Bob Mackie Leopard Top,,Top,60.0
10004757,24.99,0.0,1,0,L,Bobbi Brooks Gray Knit SS,Bobbi Brooks,Sweater/Cardigan,
10006499,22.99,0.0,1,1,M,Bobbie Brooks Romper Pink,,Romper/Jumpsuit,
10004198,39.99,0.0,1,1,8,BOC Black Slip on Shoes,Boc,Shoes,
10007639,28.99,0.0,1,1,9,BOC Black Strappy Wedges,Boc,Other,
10004404,54.99,0.0,1,1,7,BOC Blk&TanBoots,Boc,Shoes,
10004977,39.99,0.0,1,0,6,Boden Blue & White Skirt,Boden,Skirt,
10004507,25.99,0.0,1,1,2,Boden Blue Multicolor Skirt,Boden,Skirt,
10005221,27.99,0.0,1,1,2,Boden Floral Black Top,Boden,Top,
10007973,19.0,4.75,1,0,,Boden Green LS Top 10,,Top,75.0
10006059,25.99,0.0,1,1,18,boden bls pnk,Boden,Top,
10004607,29.99,0.0,1,1,8,Boden JeanDress,Boden,Dress,
10004702,39.99,0.0,1,1,L,boden swtr pnk,Boden,Sweater/Cardigan,
10005346,12.99,0.0,1,1,2,boden tank blk,Boden,Top,
10007334,15.99,0.0,1,1,M,Body Central Blk Top,Body Central,Top,
10008175,23.99,6.0,1,1,M,Body Jewels Red Lingerie Top,Body Jewels,Top,75.0
10005154,15.99,0.0,1,0,M,BodyCentral Sheer Top Camel,Body Central,Top,
10007559,23.0,5.75,1,0,,Boft Broke Hearts Sweater White L,,Sweater/Cardigan,75.0
10006685,17.99,0.0,1,0,,BOG Black Floral Crop Top,Bog,Top,
10007507,22.99,0.0,1,1,L,BOG Collective Black Top,,Top,
10006639,250.0,0.0,1,1,,Boldrini Orange Leather Bag w Hyde,Boldrini Selleria,Accessories,
10007280,24.99,0.0,1,1,M,Bombay & Paisley Pink Dress,,Dress,
10003963,19.99,0.0,1,1,L,Bongo Grey Sequin Top,Bongo,Top,
10006981,12.99,0.0,1,1,6,Boohoo NWT White Crop Top,Boohoo NWT,Top,
10003662,35.99,0.0,1,0,10,boohoo dress pink,Boohoo,Dress,
10007944,19.99,0.0,1,1,S,Boom Boom Black Skirt Zipper,Boom Boom,Skirt,
10006327,21.99,0.0,1,0,9,Born Beige Knit Slip Ons,Born,Sweater/Cardigan,
10007895,28.99,10.5,1,1,,Born Black Patent Leather 10,,Other,63.8
10003350,49.99,0.0,1,0,10,Born Tan Boots,Born,Shoes,
10007075,22.99,0.0,1,1,8,Born White Sandals,Born,Top,
10007757,27.99,0.0,1,1,M,BostonProper GoldSequinPant,Boston Proper,Jeans/Pants,
10006626,6.99,0.0,1,0,,bottlecap jelly black belt,Unknown,Accessories,
10004014,19.99,0.0,1,1,,BP.,Bp.,Other,
10004285,27.99,0.0,1,1,S,BP Striped Cream Sweater,Bp.,Sweater/Cardigan,
10002419,12.99,0.0,1,1,,BPTank Top_BC,Bp,Top,
10003860,52.99,0.0,1,1,12,BR NWT Brown Faux Leather Pants,Banana Republic NWT,Jeans/Pants,
10004066,12.99,0.0,1,0,M,BR Orange Belt,Banana Republic,Accessories,
10005471,25.99,0.0,1,0,2,BR BlkFloralKnotDress,Banana Republic,Dress,
10006636,12.99,0.0,1,-1,,Bracelet,,Accessories,
10007284,24.99,0.0,1,-1,,Bracelet metal,,Accessories,
10007889,55.0,0.0,1,0,,Bracelet\silver,,Accessories,
10003984,45.99,0.0,1,0,,Brahman Brown Leather Purse,Brahman,Accessories,
10003704,15.99,0.0,1,0,,Braided Leather Belt,Unknown,Accessories,
10006435,24.99,0.0,1,0,,brandolino floral jacket 10p,Brandolino,Jacket/Coat,
10007841,22.99,14.0,1,1,,Brass & Onyx Bracelet,,Top,39.1
10006370,25.99,0.0,1,0,,Brass Metal Belt with Blue,Unknown,Top,
10006151,12.99,0.0,1,0,,BrassBracelettrio,Unknown,Top,
10008721,25.99,8.5,1,1,,Breckenridge Lemonade Cardigan L,,Sweater/Cardigan,67.3
10004169,21.99,0.0,1,0,,Briggs NY Floral Skirt Black,Briggs New York,Skirt,
10008658,17.99,4.5,1,1,8,Briggs Pink Floral Skirt,Briggs New York,Skirt,75.0
10007342,18.99,0.0,1,0,,Brighton Silver Necklace,Brighton,Accessories,
10007402,32.99,0.0,1,0,,Brighton WeaveShoulderBag,Brighton,Accessories,
10002634,14.99,0.0,1,1,XL,Brittany Black Beige ShortSleeve,Brittany Black,Shorts,
10007661,23.99,0.0,1,1,M,Brittany Black Brown Sweater,,Sweater/Cardigan,
10005012,19.99,0.0,1,1,XL,Brittany Purple LS Top,Brittany Black,Top,
10008559,18.99,8.0,1,1,S,BrntOrangeLaceBodysuit,Unknown,Top,57.9
10005270,24.99,0.0,1,1,10,Bronks Brothers Pale Pink Buttondown,Bronks Brothers,Other,
10006735,22.99,0.0,1,1,,Bronze Bracelet,Unknown,Accessories,
10004248,45.99,0.0,1,0,9,Bronze Square-Toe Boot,Gianni Bini,Shoes,
10004724,25.99,0.0,1,1,L,Brooks Bro Pink LS Buttondown,Brooks Brothers,Top,
10007893,39.99,25.0,1,1,,Brooks Brothers Black Heels 8.5,,Top,37.5
10003512,26.99,0.0,1,1,10,Brooks Brothers Pants Black,Brooks Brothers,Jeans/Pants,
10002678,49.99,0.0,1,1,,Brooks BrothersBlazer,Brooks Brothers,Jacket/Coat,
10006118,34.99,0.0,1,1,2,BrooksB MultiColPocketDress,Brooks Brothers,Dress,
10006405,32.99,0.0,1,0,8,BrooksBro MulticolSkirt,Brooks Brothers,Skirt,
10008328,29.99,0.0,1,0,L,BrooksBros StripeCollarDress,Brooks Brothers,Dress,
10004794,25.99,0.0,1,1,XL,Brown & Black Skull Sweater,Unknown,Sweater/Cardigan,
10003242,17.99,0.0,1,0,,Brown & Silver Bracelet,Unknown,Accessories,
10006393,16.99,0.0,1,0,,Brown & White Belt,Unknown,Accessories,
10006371,15.99,0.0,1,0,,Brown Belt with Gold Beads,Unknown,Accessories,
10006374,16.99,0.0,1,1,,Brown Belt with Jeweled Buckle,Unknown,Accessories,
10006555,21.99,0.0,1,0,,Brown Blue Crochet Purse,Unknown,Accessories,
10006391,13.99,0.0,1,1,,Brown Braid Knit Belt,Unknown,Sweater/Cardigan,
10006384,8.99,0.0,1,1,,Brown Braided Belt,Unknown,Accessories,
10007157,23.99,16.0,1,23,L,Brown Chic Vintage T Shirt,,Top,33.3
10007156,23.99,16.0,1,25,M,Brown Chic Vintage T Shirt,,Top,33.3
10007155,23.99,16.0,1,25,S,Brown Chic Vintage T Shirt,,Top,33.3
10007158,23.99,16.0,1,25,XL,Brown Chic Vintage T Shirt,,Top,33.3
10007154,23.99,16.0,1,25,XS,Brown Chic Vintage T Shirt,,Top,33.3
10006738,22.99,0.0,1,1,,Brown Choker w Bedazzled Pendant,Unknown,Other,
10007985,12.99,0.0,1,0,,Brown Cutout Design Leather Belt,Unknown,Accessories,
10007941,17.99,0.0,1,0,,Brown Dangle Earrings,Unknown,Accessories,
10006245,19.99,0.0,1,1,6,Brown Floral Skirt,Unknown,Skirt,
10006383,15.99,0.0,1,0,,Brown Fringe Belt,Unknown,Accessories,
10003079,15.0,0.0,1,0,,Brown Grommet Belt_Un,Unknown,Accessories,
10006736,45.99,0.0,1,1,,Brown Leather Bedazzled Belt,Unknown,Accessories,
10006380,22.99,0.0,1,0,,Brown Leather Belt,Unknown,Accessories,
10006376,18.99,0.0,1,0,,Brown Leather Belt Brass Buckle,Unknown,Top,
10006392,17.99,0.0,1,1,,Brown Leather Belt Design,Unknown,Accessories,
10007987,17.99,0.0,1,0,,Brown Leather Belt Red Blue Studs,Unknown,Accessories,
10006668,85.99,0.0,1,0,,brown leather corral cowboy boot 8-8.5,Pecos Bill,Shoes,
10005561,28.99,0.0,1,1,M,Brown Leaves Sheer Turtleneck,Unknown,Other,
10007878,26.0,6.5,1,1,,Brown Light Trench Coat S,,Jacket/Coat,75.0
10003313,84.99,0.0,1,0,11,Brown Suede Boots,Unknown,Shoes,
10006582,8.99,0.0,1,1,,Brown Tassel Beaded Necklace,Unknown,Top,
10008249,17.99,4.25,1,0,L,Brown Tote Bag M,,Accessories,76.4
10004566,15.99,0.0,1,0,,Brown Waist Belt Double Loop,,Accessories,
10006778,25.99,0.0,1,1,,Bruce Lee Hat,Bruce Lee,Accessories,
10004423,28.99,0.0,1,1,12,BrushedTwillPant Tan,Jones New York,Jeans/Pants,
10006318,25.99,0.0,1,1,L,Brwn Gry Pink Wrap Dress,Good Yarn,Dress,
10004470,22.99,0.0,1,1,S,Brwn&BlueDress,Unknown,Dress,
10004853,22.99,0.0,1,1,9,BrwnFloralStitchSkirt,Unknown,Skirt,
10008326,14.99,0.0,1,1,,BrwnLeafScarf,Unknown,Accessories,
10008352,14.99,0.0,1,0,M,BrwnxGreyCroppedVest,Unknown,Top,
10008339,24.99,0.0,1,0,S,BrynWalker BrwnBttnDwn,Bryn Walker,Other,
10004518,18.99,0.0,1,1,,Brz&Gld Chunky Necklace,Unknown,Accessories,
10007845,21.99,12.0,1,1,,Bubble Necklace,,Accessories,45.4
10006667,35.99,0.0,1,1,L,Buckle Belt Off White with Gem Buckle,Buckle,Accessories,
10004437,28.99,0.0,1,1,4,Buckle Black Jeans,Buckle Black,Jeans/Pants,
10003496,28.99,0.0,1,1,14,Buffalo David Bitton Pants Brown,David Bitton,Jeans/Pants,
10003649,39.99,0.0,1,1,9.5,Bugatti Reddetailedboots,Bugatti,Shoes,
10006917,22.99,0.0,1,1,7,BullHead JeanShorts,Bullhead,Shorts,
10005752,18.99,0.0,1,1,M,Burgundy Cold Shoulder Top,Unknown,Top,
10004984,19.99,0.0,1,1,L,Burgundy Floral Corduroy LS Buttondown,Unknown,Top,
10003945,44.99,0.0,1,1,M,Burgundy Velvet Red Collar Dress,,Dress,
10006141,18.99,0.0,1,1,XL,BurntOrangeTop,Unknown,Other,
10008376,18.99,7.99,1,1,S,Buttans tubetop,Buttans,Top,57.9
10008254,13.0,3.25,1,1,,Butterfly Dropout Purple Top XL,,Top,75.0
10006150,25.99,0.0,1,0,,ButterflyNecklace,Unknown,Accessories,
10004422,29.99,0.0,1,0,S,ButtonSkirt Blk,Sanctuary,Skirt,
10007419,22.99,0.0,1,1,,BVLCARI PinkPouch,Bvlcari,Other,
10005894,39.99,0.0,1,1,XL,by JJ Gray Cardigan,by JJ,Sweater/Cardigan,
10005117,18.99,0.0,1,0,L,By Together Gray Velvet Tank Lace Trim,By Together,Top,
10005622,13.99,0.0,1,1,M,Byer Red Cold Shoulder Shirt,Byer California,Top,
10008617,258.99,24.99,1,1,M,Byron Lars Black Dress,,Dress,90.4
10005774,18.99,0.0,1,0,S,ByTogether Blk&WhiSkirt,By Together,Skirt,
10006546,24.99,0.0,1,1,M,C & E NWT Black One Shoulder Top,C & E,Top,
10008412,36.99,9.25,1,1,,C by One Silver Blazer M,,Jacket/Coat,75.0
10005562,28.99,0.0,1,1,XL,C Gray Pattern Knit Top,C C,Sweater/Cardigan,
10004925,22.99,0.0,1,1,12,C&B BrownFloralSkirt,Christopher & Banks,Skirt,
10006839,12.99,0.0,1,0,S,C&C red and white crochet dress,C&C california,Dress,
10007875,21.99,0.0,1,-1,,Cabi,,Other,
10005646,24.99,0.0,1,1,M,Cabi Black & Pink LS Top,Cabi,Top,
10004502,22.99,0.0,1,1,L,Cabi Blk Pttrn Skirt,Cabi,Skirt,
10005711,22.99,0.0,1,0,4,Cabi Jean Skirt,Cabi,Skirt,
10006603,21.99,0.0,1,1,S,Cabi Magenta SL Top,Cabi,Top,
10005266,15.99,0.0,1,1,M,Cabi Mint Gray Black Pattern SL Sheer Top,Cabi,Top,
10005594,15.99,0.0,1,1,S,Cabi Orange Chiffon SL Top,Cabi,Top,
10008506,18.99,5.3,1,1,,Cabi Red Sleeveless Top XS,,Top,72.1
10006455,17.99,0.0,1,1,XL,Cabi Yellow Sheer SL Top,Cabi,Top,
10005279,22.99,0.0,1,1,L,Cabi GreyMulticolTop,Cabi,Other,
10008565,25.99,13.0,1,1,M,Cabi WhiteLaceShirt,Cabi,Top,50.0
10002398,31.99,0.0,1,1,,CabiCoat_Go,Cabi,Jacket/Coat,
10001173,22.99,0.0,1,0,,CabiLS Top_Vi,Cabi,Top,
10001439,1.0,0.0,1,0,,CabiLS Top_Vi,Cabi,Top,
10008676,19.99,6.5,1,1,,Cabin Creek Red Zebra Shirt L,,Top,67.5
10004835,18.99,0.0,1,0,S,Cable & G Green Cheetah Print SL,Cable X Gauge,Other,
10006538,18.99,0.0,1,0,XL,Cable & Gauge Black SL Lace Top,Cable X Gauge,Top,
10003465,24.99,0.0,1,1,XL,Cable & Gauge Cardigan Pink,Cable X Gauge,Sweater/Cardigan,
10004265,35.99,0.0,1,1,1,Cable & Gauge Velvet Dk Green Top,Cable X Gauge,Top,
10005018,18.99,0.0,1,0,S,Cable Gauge Tan SL Embroider,Cable X Gauge,Other,
10005058,16.99,0.0,1,0,M,Cable Top Pink,Unknown,Top,
10000078,15.99,0.0,1,1,,Cable X GaugeSweater_An,Cable X Gauge,Sweater/Cardigan,
10000081,24.99,0.0,1,1,,Cable X GaugeSweater_An,Cable X Gauge,Sweater/Cardigan,
10000099,26.99,0.0,1,0,,Cable X GaugeSweater_An,Cable X Gauge,Sweater/Cardigan,
10000559,1.0,0.0,1,0,,Cable X GaugeSweater_An,Cable X Gauge,Sweater/Cardigan,
10000878,1.0,0.0,1,0,,Cable X GaugeSweater_An,Cable X Gauge,Sweater/Cardigan,
10001118,1.0,0.0,1,0,,Cable X GaugeSweater_An,Cable X Gauge,Sweater/Cardigan,
10001780,1.0,0.0,1,0,,Cable X GaugeSweater_An,Cable X Gauge,Sweater/Cardigan,
10001785,1.0,0.0,1,0,,Cable X GaugeSweater_An,Cable X Gauge,Sweater/Cardigan,
10002102,1.0,0.0,1,0,,Cable X GaugeSweater_An,Cable X Gauge,Sweater/Cardigan,
10002483,21.99,0.0,1,0,,Cable X GaugeSweater_An,Cable X Gauge,Sweater/Cardigan,
10003849,24.99,0.0,1,0,0,Cache Gray Pants Tan Stitch,Cache,Jeans/Pants,
10008045,30.0,7.5,1,0,S,Caleaas Purple Jacket,Caleaas,Jacket/Coat,75.0
10003441,59.99,0.0,1,0,6,Cali 1850 Bluejeans,Cali 1850,Jeans/Pants,
10003693,25.99,0.0,1,1,M,Calia Patterned Sweater,Calia,Sweater/Cardigan,
10006797,23.99,0.0,1,1,XS,Calia PurpleSweater,Calia,Sweater/Cardigan,
10004666,22.99,0.0,1,1,S,Calis GreyLongsleeve,Calia,Other,
10006911,24.99,0.0,1,0,L,CalStyle GrnTanSkirt,Cal Style,Skirt,
10004639,21.99,0.0,1,1,4,Calvin K Beige Dress,Calvin Klein,Dress,
10007363,24.99,0.0,1,1,S,Calvin K Black Cardigan Lace Sleeve,Calvin Klein,Sweater/Cardigan,
10007685,23.99,0.0,1,1,XL,Calvin K Black Puffer Vest,Calvin Klein,Jacket/Coat,
10007868,24.99,0.0,1,0,XS,Calvin K Gray Silk Tank,Calvin Klein,Top,
10003758,32.99,0.0,1,1,XL,Calvin Klein Beige Cardigan,Calvin Klein Jeans,Sweater/Cardigan,
10004623,24.99,0.0,1,0,12,Calvin Klein Black Dress,Calvin Klein,Dress,
10003371,31.99,0.0,1,0,L,Calvin Klein Black LS Top,Calvin Klein,Top,
10005658,22.99,0.0,1,0,L,Calvin Klein Black SL Top,Calvin Klein,Top,
10006378,17.99,0.0,1,0,,Calvin Klein Black Studded Belt,Calvin Klein,Accessories,
10003686,25.99,0.0,1,1,M,Calvin Klein Blk Sequin Top,Calvin Klein,Top,
10008729,39.99,8.7,1,1,,Calvin Klein Denim Romper 8,,Jeans/Pants,78.2
10006394,22.99,0.0,1,0,,Calvin Klein Gold Studded Belt,Calvin Klein,Accessories,
10004196,29.99,0.0,1,1,,Calvin Klein Jumpsuit,Calvin Klein,Romper/Jumpsuit,
10005970,32.99,0.0,1,1,M,Calvin Klein Light Pink Sweater,Calvin Klein Jeans,Sweater/Cardigan,
10007006,25.99,0.0,1,1,XL,Calvin Klein Turquoise Hoodie,Calvin Klein,Other,
10006956,33.99,0.0,1,1,M,Calvin Klein White Pants,Calvin Klein,Jeans/Pants,
10004279,24.99,0.0,1,1,L,Calvin Klein Light Blue Distressed Hoodie,Calvin Klein,Top,
10004705,24.99,0.0,1,1,L,calvin klein swtr blk,Calvin Klein,Sweater/Cardigan,
10003195,35.0,0.0,1,1,,Calvin KleinCalvin Klein Black w Diamonds Pants,Calvin Klein,Jeans/Pants,
10000428,1.0,0.0,1,0,,Calvin KleinPants_ca,Calvin Klein,Jeans/Pants,
10000877,1.0,0.0,1,0,,Calvin KleinPants_ca,Calvin Klein,Jeans/Pants,
10001569,1.0,0.0,1,0,,Calvin KleinPants_ca,Calvin Klein,Jeans/Pants,
10001710,1.0,0.0,1,0,,Calvin KleinPants_ca,Calvin Klein,Jeans/Pants,
10002335,39.99,0.0,1,0,,Calvin KleinPants_ca,Calvin Klein,Jeans/Pants,
10002369,24.99,0.0,1,0,,Calvin KleinPants_ca,Calvin Klein,Jeans/Pants,
10002590,24.99,0.0,1,1,,Calvin KleinPants_ca,Calvin Klein,Jeans/Pants,
10002801,24.99,0.0,1,2,,Calvin KleinSleeveless Top_Za,Calvin Klein,Top,
10003585,23.99,0.0,1,1,L,CalvinK Blk&OrngSweater,Calvin Klein,Sweater/Cardigan,
10007697,29.99,0.0,1,1,S,CalvinK PinkJacket,Calvin Klein Jeans,Jacket/Coat,
10006047,18.99,0.0,1,0,XL,CalvinK PinkTop,Calvin Klein,Other,
10003907,21.99,0.0,1,1,6,CalvinKlein Jean Skirt,Calvin Klein,Skirt,
10004298,29.99,0.0,1,0,16,CalvinKlein BlkTanDress,Calvin Klein,Dress,
10004258,24.99,0.0,1,1,XS,Camel Silk Cashmere Sweater,Banana Republic,Sweater/Cardigan,
10004477,22.99,0.0,1,1,18,Camel Slacks,Unknown,Other,
10003711,5.99,0.0,1,0,,Camel Thin Waistbelt,Unknown,Accessories,
10003423,15.99,0.0,1,1,L,Camelot Camisole White,Camelot,Top,
10003987,28.99,0.0,1,1,L,Camille Black Longsleeve Red Zipper,Camille,Top,
10005530,18.99,0.0,1,1,L,Can't Miss Black Ruffle Tank,Can'T Miss,Top,
10005236,22.99,0.0,1,1,,Candalite Petite Pink Dress PM,Candalite Petite,Dress,
10006586,21.99,0.0,1,1,M,Candie's Black Blazer,Candiexs,Jacket/Coat,
10008452,26.99,10.95,1,1,,Candie's Girl Black Skirt XL,,Skirt,59.4
10006706,24.99,0.0,1,1,S,Candie's Lilac Halter Dress,Candiexs,Dress,
10008480,35.99,8.5,1,0,XL,Candies Pink Jacket,,Jacket/Coat,76.4
10006692,25.99,0.0,1,0,M,Canyon River Army Green Overalls,Canyon River Blues,Top,
10004190,21.99,0.0,1,1,3,Canyon Road Tan Skirt w Stitch Detail,Canyon Road,Skirt,
10006510,14.99,0.0,1,1,12,Cappagallo Pink Butterfly Pants,Cappagallo,Jeans/Pants,
10005548,24.99,0.0,1,0,L,Cara Santana Black Velvet Blazer,Cara Santana X Nine West,Jacket/Coat,
10005413,25.99,0.0,1,1,S,Caramela Blksequintop,Caramela,Other,
10005688,19.99,0.0,1,1,XXL,Carbon Black Leggings,Carbon,Jeans/Pants,
10004728,19.99,0.0,1,1,XL,Carhart Purp x Yellow Plaid SS,Carhartt,Top,
10003978,24.99,0.0,1,1,4,Carlisle Black Skirt White Details,Carlisle,Skirt,
10005713,25.99,0.0,1,1,4,Carole Little Pink Skirt,Carole Little,Skirt,
10007127,45.99,0.0,1,0,S,Carolina Belle Montreal Blue Jacket,Carolina Belle,Jacket/Coat,
10003468,18.99,0.0,1,1,S,Carolina Belle Sleeveless Top Brown,Carolina Belle,Top,
10002691,59.99,0.0,1,1,,Carolina BelleJacket_Ba,Carolina Belle,Jacket/Coat,
10002700,32.99,0.0,1,0,,Carolina BelleJacket_Ba,Carolina Belle,Jacket/Coat,
10002769,1.0,0.0,1,0,,Carolina BelleJacket_Ba,Carolina Belle,Jacket/Coat,
10002874,24.99,0.0,1,0,,Carolina BelleJacket_Ba,Carolina Belle,Jacket/Coat,
10008322,14.99,0.0,1,0,10,CarolinaB RedWhiteShorts,Carolina Blues,Shorts,
10005653,15.99,0.0,1,0,L,Caroline Hill Beige Tank w Fringe,Caroline Hill,Top,
10002019,35.99,0.0,1,1,,CarvenSkirt_Ri,Carven,Skirt,
10008021,25.0,6.25,1,0,S,Casa Lee Beige Black Skull Vest 1,Casa Lee,Top,75.0
10008022,25.0,6.25,1,0,S,Casa Lee Beige Black Skull Vest 2,Casa Lee,Top,75.0
10007049,32.99,0.0,1,1,9,Caslon Pink Strappy Boots,Caslon,Shoes,
10008501,11.99,4.99,1,1,,Castaways YL Tennessee NC Bball T,,Top,58.4
10004311,25.99,0.0,1,1,14,Caston Blk&WhSkirt,Caston,Skirt,
10006536,19.99,0.0,1,1,L,Casual Corner Black SL White Lining,Casual Corner,Other,
10004805,26.99,0.0,1,0,12,Casual Corner Red Skirt Pattern,Casual Corner,Skirt,
10008732,27.99,10.95,1,1,,Catherine's Blue White Dress 4X,,Dress,60.9
10008691,19.99,6.0,1,1,,Catherine's Sleeveless Top Pink 4X,,Top,70.0
10005009,22.99,0.0,1,1,L,Cato Brown Tinsel Cardigan,Cato,Sweater/Cardigan,
10007680,21.99,0.0,1,1,XL,Cato Orange Knit Cardigan,Cato,Sweater/Cardigan,
10008420,35.99,9.0,1,1,S,Cato Red Skirt,,Skirt,75.0
10008272,15.0,3.75,1,1,,Cato Sleeveless Top M,,Top,75.0
10008655,11.99,3.0,1,1,M,Cato Yellow Dress,,Dress,75.0
10005169,25.99,0.0,1,1,XL,Cato Multipattern Top Brwn,Cato,Top,
10003622,35.99,0.0,1,1,6,cato boot animal print,Cato,Shoes,
10006934,25.99,0.0,1,1,14,Cato JeanDetailSkirt,Cato,Skirt,
10005401,25.99,0.0,1,1,18,Cato SilverTop,Cato,Other,
10006515,44.99,0.0,1,1,XL,Cattiva Black Ruffle Off Shoulder Top,Cattiva New York,Top,
10008120,17.99,0.0,1,1,S,CautTTW WhiFlowerTank,Caution to the Wind,Top,
10008487,18.99,7.6,1,1,,CeCe Paisley off shoulder top XL,,Top,60.0
10004578,30.99,0.0,1,0,XS,Cece Pink Ruffle Blouse,Cece,Top,
10004746,24.99,0.0,1,1,S,CeCe Pink Sheer Top,Cece,Top,
10008622,15.99,4.0,1,1,M,Cece Sleeveless Top,,Top,75.0
10000008,1.0,8.0,1,0,,CeceSweater_La,Cece,Sweater/Cardigan,-700.0
10000055,1.0,0.0,1,0,,CeceSweater_La,Cece,Sweater/Cardigan,
10000102,27.99,0.0,1,0,,CeceSweater_La,Cece,Sweater/Cardigan,
10000492,1.0,0.0,1,0,,CeceSweater_La,Cece,Sweater/Cardigan,
10000537,1.0,0.0,1,0,,CeceSweater_La,Cece,Sweater/Cardigan,
10000579,1.0,0.0,1,0,,CeceSweater_La,Cece,Sweater/Cardigan,
10000759,1.0,0.0,1,0,,CeceSweater_La,Cece,Sweater/Cardigan,
10000982,1.0,0.0,1,0,,CeceSweater_La,Cece,Sweater/Cardigan,
10001353,1.0,0.0,1,0,,CeceSweater_La,Cece,Sweater/Cardigan,
10001510,1.0,0.0,1,0,,CeceSweater_La,Cece,Sweater/Cardigan,
10001619,1.0,0.0,1,0,,CeceSweater_La,Cece,Sweater/Cardigan,
10002093,1.0,0.0,1,0,,CeceSweater_La,Cece,Sweater/Cardigan,
10002682,32.99,0.0,1,0,,CeceSweater_La,Cece,Sweater/Cardigan,
10002734,25.99,0.0,1,0,,CeceSweater_La,Cece,Sweater/Cardigan,
10002818,19.99,0.0,1,1,,CeceSweater_La,Cece,Sweater/Cardigan,
10006257,21.99,0.0,1,1,L,Celebrity Pink Black Cardigan,Celebrity Pink,Sweater/Cardigan,
10008134,34.99,14.0,1,1,8,central falls teal and white skirt,Central Falls,Skirt,60.0
10005101,22.99,0.0,1,0,M,Ceres Green Ruffle Tie Around SS Blouse,Ceres,Top,
10004514,15.99,0.0,1,1,,Cezanne Silver Clutch,,Accessories,
10002736,35.99,0.0,1,1,,ChadwicksBlazer_J,Chadwicks,Jacket/Coat,
10006266,25.99,0.0,1,1,M,Chalet Green Coat,Chalet,Jacket/Coat,
10005626,22.99,0.0,1,1,L,Chaps Black & White Jacket,Chaps,Jacket/Coat,
10003839,29.99,0.0,1,1,M,Chaps Bllk&Wht Sweater Vest,Chaps,Sweater/Cardigan,
10005515,22.99,0.0,1,1,L,Chaps Polka Dot Black Dress,Chaps,Dress,
10007590,22.99,0.0,1,0,,Chaps Sleeveless Vest Black L,,Top,
10004415,21.99,0.0,1,1,S,Chaps SheerPurple,Chaps,Other,
10003675,18.99,0.0,1,1,10,chaps skirt blk,Chaps,Skirt,
10004326,24.99,0.0,1,1,M,Chaps WhMulticolButtnDwn,Chaps,Other,
10006504,24.99,0.0,1,1,10,Chapter One White Pants,Chapter One,Jeans/Pants,
10004079,29.99,0.0,1,1,L,Charles River Zipper Jacket,Charles River,Jacket/Coat,
10006617,125.0,0.0,1,0,,Charlie Horse Handcrafted Brazilian Boots 8.5,,Shoes,
10003570,24.99,0.0,1,1,10,Charlotte Blk Pant,Charolette Russe,Jeans/Pants,
10007860,21.99,0.0,1,1,S,Charlotte R Floral One Shoulder Dress,Charlotte Russe,Dress,
10005524,28.99,0.0,1,1,XL,Charlotte Russe Black Floral Strapless Dress,Charlotte Russe,Dress,
10003863,21.99,0.0,1,0,M,Charlotte Russe Green Faux Satin Jogger,Charlotte Russe,Top,
10007587,14.99,0.0,1,1,,Charlotte Russe Grey Hoodie M,,Top,
10005555,21.99,0.0,1,1,XL,Charlotte Russe Pink Sweater,Charlotte Russe,Sweater/Cardigan,
10006484,29.99,0.0,1,1,M,Charlotte Russe Yellow Dress,Charlotte Russe,Dress,
10005382,18.99,0.0,1,0,XS,charlotte russe tank grn,Charlotte Russe,Top,
10004352,11.99,0.0,1,1,M,CharlotteR Black Skirt,Charlotte Russe,Skirt,
10008560,28.99,20.0,1,0,S,CharlotteR BlktoolSkirt,Charlotte Russe,Skirt,31.0
10005757,25.99,0.0,1,0,L,CharlotteR GreyBttnDwnShirt,Charlotte Russe,Top,
10005178,18.99,0.0,1,0,S,CharlotteRusse Halter Top Prple&Gry,Charlotte Russe,Top,
10006082,21.99,0.0,1,1,M,charlotterusse tank whtshear,Charlotte Russe,Top,
10006789,65.99,0.0,1,1,M,CharmianStmWrkBustier,Charmian,Other,
10003976,15.99,0.0,1,1,,Charming Charlie Silver Metallic Purse,Charming Charlie,Accessories,
10008581,18.99,8.0,1,1,S,CharR MaroonLaceBdySuit,Charlotte Russe,Other,57.9
10008521,18.99,10.95,1,1,,Charter Club Black Ribbed Tank L,,Top,42.3
10005315,13.99,0.0,1,1,2,Chase CowTshirt,Chase New Design,Top,
10004273,45.0,0.0,1,1,L,Chaser Muave ACDC Pullover,Chaser,Sweater/Cardigan,
10008000,24.99,0.0,1,1,2,Chatoyant Black Strechy Pants,Chatoyant,Jeans/Pants,
10008034,25.0,6.25,1,1,,Chatoyant Blue Stretch Pants M,,Jeans/Pants,75.0
10008318,9.99,0.0,1,1,,CheetaScarf,Unknown,Accessories,
10003529,25.99,0.0,1,1,XS,Chelsea & Theodore Sweater Brown,Chelsea X Theodore,Sweater/Cardigan,
10008446,19.99,7.0,1,0,,Chelsea & Violet Red Shorts M,,Shorts,65.0
10004184,27.99,0.0,1,1,6,Chelsea Crew Black Loafers,Chelsea Crew,Top,
10005634,24.99,0.0,1,0,1,Chelsea Red Floral SS Top,Chelsea X Theodore,Top,
10008014,25.0,6.25,1,1,M,Chelsea Violet Green LS,Chelsea Violet,Top,75.0
10004369,26.99,0.0,1,1,S,Chelsea&Theo GreySweater,Chelsea X Theodore,Sweater/Cardigan,
10004854,25.99,0.0,1,1,M,ChelseaV BluePatternedSkirt,Chelsea Violet,Skirt,
10006100,28.99,0.0,1,1,S,ChelseaxT MulticolsheerDress,Chelsea X Theodore,Dress,
10008333,39.99,0.0,1,1,14,ChettaB GreenBttnBeltDress,Chetta B,Dress,
10006381,15.99,0.0,1,0,,Chico's Black Belt,Chico's,Accessories,
10005933,28.99,0.0,1,1,2,Chico's Black Sequin SL Tank,Chico's,Top,
10008722,34.99,8.5,1,1,,Chico's Black Skirt S,,Skirt,75.7
10007793,23.99,0.0,1,1,XL,Chico's Burgundy LS Top,Chico's,Top,
10006340,18.99,0.0,1,0,S,Chico's Dark Blue Top,Chico's,Top,
10008516,15.99,10.95,1,1,,Chico's Pink Tank Top 3,,Top,31.5
10004360,49.99,0.0,1,1,0,Chico's Tan&Gold Blazer,Chico's,Jacket/Coat,
10005269,25.99,0.0,1,1,3,Chico's White Cardigan,Chico's,Sweater/Cardigan,
10007770,29.99,0.0,1,1,6,Chico's White Jeans,Chico's,Jeans/Pants,
10005890,29.99,0.0,1,0,0,Chico's White Silver Knit Sweater,Chico's,Sweater/Cardigan,
10003588,25.99,0.0,1,1,,Chico's AniPrintPant,Chico's,Jeans/Pants,
10004262,39.99,0.0,1,1,4,Chicos Blue Faux Suede Jacket,Chicoxs,Jacket/Coat,
10007344,15.99,0.0,1,0,,Chicos Flower Sprakley Bracelet,Chicos,Accessories,
10007321,32.99,0.0,1,1,2,Chicos Gold Puffer Vest,,Jacket/Coat,
10004137,35.99,0.0,1,1,M,Chicos Grn Jacket,Chicos,Jacket/Coat,
10003795,30.99,0.0,1,1,2,Chicos Jeans,So Slimming by Chicos,Jeans/Pants,
10006312,24.99,0.0,1,1,8,Chicos Orange Cheetah LS,Chico's,Top,
10004050,24.99,0.0,1,1,,Chicos So Slimming Pant,Chicoxs,Jeans/Pants,
10007339,16.99,0.0,1,0,,Chicos Vintage Necklace,Chicos,Accessories,
10009802,25.99,0.0,1,1,4,Chicos White Pants,Chico's,Jeans/Pants,
10006824,25.99,0.0,1,1,0,Chicos White Orng Sweater,Chicos,Sweater/Cardigan,
10005446,24.99,0.0,1,1,2,Chicos Bttn Dwn Blue,Chicos,Other,
10005151,22.99,0.0,1,1,S,Chicos Jeweled Shawl Nvy&Slvr,Chicos,Other,
10007388,32.99,0.0,1,1,XL,Chicos BlackSheerPatternCardigan,Chicos,Sweater/Cardigan,
10006010,24.99,0.0,1,0,3,Chicos BluePatternCard,Chico's,Other,
10007691,29.99,0.0,1,1,44,Chicos EmbroidPants,Chico's,Jeans/Pants,
10004299,35.99,0.0,1,0,L,Chicos JeanJacket,Chicoxs,Jeans/Pants,
10006805,19.99,0.0,1,1,0,Chicos MulticolFloralSweater,Chicos,Sweater/Cardigan,
10007385,25.99,0.0,1,0,,Chicos SilverStringNecklace,Chico's,Accessories,
10004719,22.99,0.0,1,1,2,chicos swt drk blu,Chicos,Other,
10004717,22.99,0.0,1,1,3,chicos swtr blu,Chicos,Sweater/Cardigan,
10005806,28.99,0.0,1,1,,chicos swtr neutral one size,Chicos,Sweater/Cardigan,
10002693,32.99,0.0,1,1,,ChicosJacket,Chicoxs,Jacket/Coat,
10002146,37.99,0.0,1,1,,ChicoxsCoat,Chicoxs,Jacket/Coat,
10002767,29.99,0.0,1,1,,ChicoxsJacket,Chicoxs,Jacket/Coat,
10007082,22.99,0.0,1,0,9,Chinese Laundry Brown Mules,Chinese Laundry,Other,
10007046,22.99,0.0,1,1,6.5,Chinese Laundry Pink Heels,Chinese Laundry,Top,
10004261,22.99,0.0,1,0,1,Chinese Laundry Red Pumps,Chinese Laundry,Shoes,
10003144,85.0,0.0,1,0,,Chista Beaded Handbag,Chista,Accessories,
10007257,28.99,0.0,1,0,XL,Chistopher Banks Grey Blazer,,Jacket/Coat,
10007207,15.99,0.0,1,0,L,Chloe & Katie Yellow Skirt,Chloe & Katie,Skirt,
10003542,69.99,45.0,1,1,L,Chloe Pants Black,Chloe,Jeans/Pants,35.7
10003438,1350.0,0.0,1,1,,Chloe Suede Brown Marcie,Chloe,Other,
10000201,1.0,10.0,1,0,,ChloePants_St,Chloe,Jeans/Pants,-900.0
10000774,1.0,0.0,1,0,,ChloePants_St,Chloe,Jeans/Pants,
10000863,1.0,0.0,1,0,,ChloePants_St,Chloe,Jeans/Pants,
10001926,1.0,0.0,1,0,,ChloePants_St,Chloe,Jeans/Pants,
10002580,24.99,0.0,1,1,,ChloePants_St,Chloe,Jeans/Pants,
10002999,28.99,0.0,1,1,,ChloePants_St,Chloe,Jeans/Pants,
10003063,299.0,0.0,1,0,,ChloePurse_Ch,Chloe,Accessories,
10004463,25.99,0.0,1,1,S,Chocolate BlkPants,Chocolate USA,Jeans/Pants,
10005366,26.99,0.0,1,0,S,Christian Siriano Floral Black Top Real,Christian Siriano,Top,
10004693,32.99,0.0,1,0,S,christian siriano swtr red,Christian Siriano,Sweater/Cardigan,
10007370,12.99,0.0,1,1,9,ChristianS GoldTassleFlats,Christian Siriano,Top,
10008245,14.99,6.0,1,0,,Christina Black White Sleeveless L,,Top,60.0
10005709,10.99,0.0,1,0,L,Christopher & Banks Beige Tank,Christopher & Banks,Top,
10003545,29.99,0.0,1,1,,Christopher & Banks Jacket Blue & White,Christopher & Banks,Jacket/Coat,
10008490,27.99,6.3,1,0,,Christopher Banks Green Jacket XL,,Jacket/Coat,77.5
10008205,31.99,6.0,1,1,,Christopher Banks Purple Skorts 10,,Other,81.2
10007303,21.99,0.0,1,0,4,Christopher Blue White Pants,Christopher Blue,Jeans/Pants,
10002522,35.99,0.0,1,1,,Christopher X BanksCoat_D,Christopher X Banks,Jacket/Coat,
10007367,24.99,0.0,1,1,S,Christopher&B RedBttnSwtr,Christopher & Banks,Sweater/Cardigan,
10006903,32.99,0.0,1,0,L,ChrisXBanks BwnBttnDwnVest,Christopher & Banks,Top,
10007081,15.99,0.0,1,1,9,Chuhuan Brown Ballet Flats,Chuhuan,Shoes,
10005278,18.99,0.0,1,0,S,Cider Black LS Tie Front,Cider,Top,
10008481,17.99,4.99,1,0,S,Cider SS Top,,Top,72.3
10004782,24.99,0.0,1,0,M,Cinema Pink Lace Tulle Lingerie,Cinema Etoile,Other,
10007315,45.99,0.0,1,1,,CIO Yellow Purse,Cio,Accessories,
10008539,89.99,0.0,1,1,8,Circle G Beige Emb Cowgirl Boots,Circle G,Shoes,
10004410,10.99,0.0,1,1,,CircleBuckleBrwnBelt,Unknown,Accessories,
10003205,45.99,0.0,1,1,,Circuit G Pink Boots,Circle G,Shoes,
10007548,12.0,0.0,1,0,,Cisos Design Brown Sleeveless 8,,Top,
10001792,1.0,0.0,1,0,,Citizens of Humanity,Citizens of Humanity,Other,
10001795,1.0,0.0,1,0,,Citizens of Humanity,Citizens of Humanity,Other,
10002194,28.99,0.0,1,1,,Citizens of Humanity,Citizens of Humanity,Other,
10005674,29.99,0.0,1,0,30,Citizens of Humanity Bluejeans,Citizens of Humanity,Jeans/Pants,
10005233,32.99,8.0,1,1,L,City Triangles Blue Dress,City Triangles,Dress,75.8
10006109,28.99,0.0,1,1,L,CityTriangles FloralDress,City Triangles,Dress,
10008558,24.99,8.0,1,1,11,Claire BrwnStripeBlouse,Claire,Top,68.0
10003457,29.99,0.0,1,1,XL,Clara J. Long Sleeve Top Black & Green,Clara J,Top,
10003357,21.99,9.99,1,1,,Clarks Beige Shoes,Clarks,Shoes,54.6
10003309,32.99,19.99,1,0,9,Clarks Brown Leather Boots,Clarks,Shoes,39.4
10008654,14.99,3.75,1,1,,Classic Peach Dress XL,,Dress,75.0
10007867,24.99,0.0,1,1,6,Classiques Black Pattern SL Dress,Classiques,Dress,
10003639,24.99,0.0,1,1,S,Classiques Blk&TanCardigan,Classiques,Sweater/Cardigan,
10007495,22.99,0.0,1,1,8,Claude Brown Brown Capri's,,Other,
10004620,45.99,0.0,1,0,XL,Claudia Strater Green & Gold Dress,Claudia Strater,Dress,
10004387,35.99,0.0,1,1,36,ClaudiePierlot SpottedBrwnPant,Claudie Pierlot,Jeans/Pants,
10004516,13.5,0.0,1,0,,Clear Studded Bag,,Accessories,
10007496,29.99,0.0,1,1,S,Closed Brown Cargo Pants,,Jeans/Pants,
10006855,29.99,0.0,1,0,L,cloth & stone white linen dress shirt,Cloth X Stone,Dress,
10000908,1.0,0.0,1,0,,Cloth X StoneLS Top_On,Cloth X Stone,Top,
10002882,34.99,0.0,1,1,,Cloth X StoneLS Top_On,Cloth X Stone,Top,
10006008,35.99,0.0,1,0,XS,ClothXStone GrnJumpsuit,Cloth X Stone,Romper/Jumpsuit,
10006927,22.99,0.0,1,0,M,ClothXStone WhiteSlvlessBttnDwn,Cloth X Stone,Top,
10008233,25.99,6.5,1,1,,Club Monaco LS Top Pink XS,,Top,75.0
10006026,28.99,0.0,1,1,M,ClubM PeachLongsleeve,Club Monaco,Other,
10003436,225.0,0.0,1,0,,Coach Apple Green Suede Hobo Bag,Coach,Accessories,
10005052,45.99,0.0,1,0,,Coach Audrey Tote Seafoam Green,Coach,Accessories,
10005607,225.0,0.0,1,0,,Coach Black Leather Purse,Coach,Accessories,
10004112,59.99,0.0,1,1,9,Coach Blk Jackson Heel,Coach,Shoes,
10004553,65.0,0.0,1,0,,Coach Dark Brown Purse Tan Strap,Coach,Accessories,
10004529,425.0,0.0,1,1,,Coach Dark Tan Leather Purse Duo Pocket,Coach,Accessories,
10003148,225.0,0.0,1,0,,Coach Erin Leather Shoulder Bag,Coach,Accessories,
10003433,550.0,0.0,1,1,,Coach Flower Shopper Bag,Coach,Accessories,
10005738,275.0,0.0,1,0,,Coach Fringe Brown Purse AS IS,Coach,Accessories,
10008780,165.0,0.0,1,1,,Coach Fuchsia Mauve Purse,Coach,Accessories,
10004522,225.0,0.0,1,0,,Coach Green Purse Leather Handle,Coach,Accessories,
10003429,45.99,0.0,1,1,,Coach Hampton Satchel Barbie Pink,Coach,Other,
10005580,185.0,0.0,1,1,,Coach Hamptons Straw Floral Bag,Coach,Accessories,
10008737,145.0,110.0,1,1,,Coach Lavender Turnlock Bag,,Accessories,24.1
10004520,275.0,0.0,1,1,,Coach Leatherware Bag,Coach,Accessories,
10007095,450.0,0.0,1,1,,Coach Legacy Bag Tan,Coach,Accessories,
10008738,145.0,120.0,1,1,,Coach Legacy Tan Leather Hobo Bag,,Accessories,17.2
10006598,200.0,0.0,1,1,,Coach Luna Pink Bag,Coach,Accessories,
10003435,150.0,0.0,1,1,,Coach Madison Bronze Pebbled Satchel Shoulder Bag,Coach,Accessories,
10003439,65.0,0.0,1,0,,Coach Madison Phoebe Gold Studded Bag,Coach,Accessories,
10005903,195.0,0.0,1,0,,Coach Mini Bennett Satchel w Studs,Coach,Other,
10007597,149.99,0.0,1,1,,Coach Pink EUC Wallet Clutch,,Accessories,
10007843,199.99,175.42,1,0,,Coach Pink Hampton Leather Bag,,Accessories,12.3
10007499,215.0,170.0,1,1,,Coach Pink Leather Shoulder Purse,,Accessories,20.9
10008270,195.0,168.0,1,0,,Coach Pink Madison Hobo,,Other,13.8
10008777,150.0,37.5,1,1,,Coach Pink Sequin Bag,Coach,Accessories,75.0
10008474,125.0,90.0,1,1,,Coach Purple Leather Soho NS Tote,,Accessories,28.0
10007672,295.0,0.0,1,0,,Coach Small Pink Purse Gold Hardware Zipper,Coach,Accessories,
10008779,150.0,0.0,1,1,,Coach Tan Brown Leather Purse,Coach,Accessories,
10008534,550.0,250.0,1,1,,Coach Vintage Soho Pink Stud Bag,,Accessories,54.5
10008778,175.0,43.75,1,1,,Coach Yellow Tan Handbag,Coach,Accessories,75.0
10004519,59.99,0.0,1,0,,Coach Yllw Houndstooth Handbag,Coach,Accessories,
10003680,450.0,0.0,1,0,,coach bridget blk,Coach,Other,
10007763,275.0,0.0,1,0,,Coach JadeGreyPurse,Coach,Accessories,
10008580,324.99,3.99,1,1,,Coach lightPinkPurse,Coach,Accessories,98.8
10006436,125.0,0.0,1,1,,Coach PinkFlowerBag,Coach,Accessories,
10003648,24.99,0.0,1,0,,Coach PinkPurse,Coach,Accessories,
10004488,245.0,0.0,1,0,,Coach PinkStitchedSoho,Coach,Other,
10005407,28.99,0.0,1,0,7,Coach Tan&BlkFlat,Coach,Shoes,
10003650,250.0,0.0,1,1,,CoachMiniEdiewStudsBlack,Coach,Other,
10003040,399.0,0.0,1,1,,CoachPurse_Co,Coach,Accessories,
10003129,125.0,0.0,1,0,,CoachPurse_Cx,Coach,Accessories,
10003131,85.0,0.0,1,0,,CoachPurse_Cy,Coach,Accessories,
10005612,32.99,0.0,1,0,10,Coast Rainbow Tank,Coast,Top,
10005544,32.99,0.0,1,1,12,Coast Strapless White Gold Satin Dress,Coast,Dress,
10001105,21.99,0.0,1,1,,Coca Cola Red Tee,Coca Cola,Top,
10002162,29.99,0.0,1,0,,Coca Cola Red Tee,Coca Cola,Top,
10003689,18.99,0.0,1,0,M,Coca Cola White Tee,Coca Cola,Top,
10001107,21.99,0.0,1,0,,Coca ColaTee Shirt_Le,Coca Cola,Top,
10002327,14.99,0.0,1,0,,Coca ColaTee Shirt_Pr,Coca Cola,Top,
10007776,21.99,0.0,1,1,S,coco & jaimeson Orange Dress,Coco & Jaimeson,Dress,
10003182,39.99,0.0,1,1,,Coco Bianco Top,Coco Bianco,Top,
10008199,27.99,6.0,1,1,1,Cocomo Orange Pink SL Top,Cocomo,Top,78.6
10004812,15.99,0.0,1,1,M,Cocomo Teal Brown SL Shirt,Cocomo,Top,
10008472,29.99,8.0,1,1,,CodexMode Paisley Dress M,,Dress,73.3
10008280,22.0,5.5,1,1,,Coin 1804 Brown Sleeveless Coverall,,Top,75.0
10004954,24.99,0.0,1,0,L,Coin Brown Patchwork Shiny SL Top,Coin,Top,
10005931,28.99,0.0,1,0,S,Coincidence & C Black Sweater Pink Flw,Coincidence & Change,Sweater/Cardigan,
10004416,25.99,0.0,1,1,L,ColdShoulder Blk,Banana Republic,Other,
10007684,8.99,0.0,1,1,L,Coldwater C Beige Tank,Coldwater Creek,Top,
10007683,12.99,0.0,1,1,L,Coldwater C Black Tank w Lace Trim,Coldwater Creek,Top,
10004776,25.99,0.0,1,0,XL,Coldwater Creek Black Floral Velvet Skirt,Coldwater Creek,Skirt,
10006483,21.99,0.0,1,1,L,Coldwater Creek Coral Blazer,Coldwater Creek,Jacket/Coat,
10003412,27.99,0.0,1,1,6,Coldwater Creek Jacket Copper,Coldwater Creek,Jacket/Coat,
10006466,29.99,0.0,1,1,XL,Coldwater Creek Orange & White Blouse,Coldwater Creek,Top,
10003513,25.99,0.0,1,0,6,Coldwater Creek Pants Orange,Coldwater Creek,Jeans/Pants,
10007677,22.99,5.75,1,0,,Coldwater Creek Purple Cardigan 10,,Sweater/Cardigan,75.0
10005816,28.99,0.0,1,1,,coldwater creek bouse floral p12,Coldwater Creek,Other,
10003614,26.99,0.0,1,1,14,coldwater creek pant beige,Coldwater Creek,Jeans/Pants,
10005758,32.99,0.0,1,1,XL,ColdwaterC BlkPant,Coldwater Creek,Jeans/Pants,
10006142,13.99,0.0,1,1,XL,ColdwaterC PinkTankTop,Coldwater Creek,Top,
10004709,27.99,0.0,1,1,,coldwatercreek swtr creme 1X,Coldwater Creek,Sweater/Cardigan,
10005803,32.99,0.0,1,1,S,coldwatercreek swtr gry,Coldwater Creek,Sweater/Cardigan,
10003635,28.99,0.0,1,1,18,ColdWCr BrwnPant,Coldwater Creek,Jeans/Pants,
10004937,22.99,0.0,1,1,L,ColdWCreek MulticolCardigan,Coldwater Creek,Sweater/Cardigan,
10007699,12.99,0.0,1,1,XL,ColdwCreek PurpLaceTank,Coldwater Creek,Top,
10004105,28.99,0.0,1,0,8.5,Cole&Han Taupe Loafer,Cole Haan,Shoes,
10007122,39.99,0.0,1,0,S,Colebrook Blk Leather Coat,Colebrook,Jacket/Coat,
10004110,39.99,0.0,1,1,8,ColeHaan Tan AnkleBoot,Cole Haan,Shoes,
10004912,29.99,0.0,1,1,7.5,ColeHaan BlackFlat,Cole Haan,Shoes,
10004474,24.99,0.0,1,0,S,ColesceC Blk&Wh,Colesce Couture,Other,
10005355,24.99,0.0,1,1,,collectif tank rd plad 3xl,Collectif,Top,
10008219,36.99,8.99,1,1,,Collection Royale Boho Shoulder Bag,,Accessories,75.7
10005132,18.99,0.0,1,1,S,Collective Concepts Sheer LS White Flw,Collective Concepts,Top,
10004808,32.99,0.0,1,0,XXXL,Colleen L Brown Long Pleather Coat,Colleen Lopez,Jacket/Coat,
10005598,19.99,0.0,1,1,S,Colleen L Burgundy Fuzzy Tank,Colleen Lopez,Top,
10007644,0.0,0.0,1,1,XS,Colleen Lopez Black Knit Poncho,Colleen Lopez,Sweater/Cardigan,
10007804,23.99,0.0,1,1,2,colorful skirt,Melly M,Skirt,
10008281,25.0,6.25,1,1,,Colour Works Bronze LS Blouse XL,,Top,75.0
10006716,22.99,0.0,1,1,XL,Colsie White Cherry Tank,Colsie,Top,
10006550,27.99,0.0,1,1,L,Columbia Beige SL Collared,Columbia,Other,
10004266,39.99,0.0,1,1,L,Columbia Black Jacket,Columbia,Jacket/Coat,
10004138,19.99,0.0,1,1,S,Columbia Grn&Bwn Fleece,Columbia,Other,
10003852,27.99,0.0,1,1,L,Columbia Pale Pink Hoodie,Columbia,Other,
10004171,41.99,0.0,1,1,M,Columbia Pink Jacket,Columbia,Jacket/Coat,
10004143,17.99,0.0,1,1,L,Columbia Pnk&Prp Fleece,Columbia,Other,
10004599,19.99,0.0,1,1,L,Columbia Red Pattern Dress,Columbia,Dress,
10007401,18.99,0.0,1,1,14,Columbia GrnCapri,Columbia,Other,
10003737,26.99,0.0,1,1,M,columbia sweatshirt prp,Columbia,Top,
10002201,22.99,0.0,1,1,,ColumbiaVest,Columbia,Top,
10004115,15.99,0.0,1,0,M,Comfort Blue Acid Wash Tee,Comfort Colors,Top,
10007545,23.0,0.0,1,0,8,Comfort Orange Heels,,Top,
10007042,29.99,0.0,1,0,7,Comfortiva Pink Sandals,Comfortiva,Top,
10003751,35.99,0.0,1,1,M,Commando Black Faux Leather Leggings,Commando,Jeans/Pants,
10000076,22.99,0.0,1,1,,CommenceSweater_BK,Commence,Sweater/Cardigan,
10005320,15.99,0.0,1,0,S,Commense GreenWrapTop,Commense NWT,Other,
10007135,25.99,0.0,1,0,M,Comsic Aura Black Lace Kimono,Cosmic Aura,Other,
10006298,24.99,0.0,1,1,10,Connected Apparel Purple Dress,Connected Apparel,Dress,
10002934,25.99,0.0,1,1,,Connected ApparelDress_Ry,Connected Apparel,Dress,
10008669,20.99,5.25,1,1,,Converse AS Black Zip-Up Jacket,,Jacket/Coat,75.0
10007054,75.99,0.0,1,1,7,Converse Pink Chuck Taylor,Converse,Other,
10007317,12.99,0.0,1,1,,Cool It Cowboy Hat,Unknown,Accessories,
10004217,18.99,0.0,1,1,,Copper Multi-Layer Necklace,Unknown,Accessories,
10008344,17.99,0.0,1,1,S,CopperLey WhiteDress,Copper Key,Dress,
10007417,12.99,0.0,1,0,9,CoPremium JeanStitchShorts,1 co Premium,Shorts,
10006226,24.99,0.0,1,1,,coral cropped blouse small,Chloe'S Closet,Top,
10006513,37.99,0.0,1,0,10,Corduroy Red & Beige Skirt,Unknown,Skirt,
10008297,79.99,0.0,1,0,8,CorralBoots MarronStudBoots,Corral Boots,Shoes,
10004421,32.99,0.0,1,1,S,CorsetDress Blk,Urban Outfitters,Dress,
10000617,21.99,0.0,1,1,,CortefielLS Top_Ma,Cortefiel,Top,
10001069,22.99,0.0,1,0,,CortefielLS Top_Ma,Cortefiel,Top,
10001285,1.0,0.0,1,0,,CortefielLS Top_Ma,Cortefiel,Top,
10001350,1.0,0.0,1,0,,CortefielLS Top_Ma,Cortefiel,Top,
10001423,1.0,0.0,1,0,,CortefielLS Top_Ma,Cortefiel,Top,
10001432,1.0,0.0,1,0,,CortefielLS Top_Ma,Cortefiel,Top,
10001505,1.0,0.0,1,0,,CortefielLS Top_Ma,Cortefiel,Top,
10001580,1.0,0.0,1,0,,CortefielLS Top_Ma,Cortefiel,Top,
10001968,1.0,0.0,1,0,,CortefielLS Top_Ma,Cortefiel,Top,
10007873,22.99,0.0,1,1,M,Cos Offwhite Sheer Dress,Cos,Dress,
10005326,22.99,0.0,1,0,M,Cosmo PinkMeshTop,Cosmo,Other,
10004605,35.99,0.0,1,1,10,CoteFemme Grey&PinkDress,Cote Femme,Dress,
10004206,59.99,0.0,1,1,S,Cotton Candy Black Faux Fur Coat,Cotton Candy LA,Jacket/Coat,
10007173,27.99,0.0,1,1,S,Cotton Candy LA Black Dress,Cotton Candy LA,Dress,
10003013,19.99,0.0,1,0,,Cotton EmporiumCardigan_Lu,Cotton Emporium,Sweater/Cardigan,
10006787,32.99,0.0,1,1,S,CottonEmp PinkCardigan,Cotton Emporium,Sweater/Cardigan,
10002885,35.99,0.0,1,1,,Courtenay VintageJacket,Courtenay Vintage,Jacket/Coat,
10002987,39.99,0.0,1,0,,Courtenay VintageJacket,Courtenay Vintage,Jacket/Coat,
10006124,18.99,0.0,1,1,L,CourtenayS GrnBttnDwnVest,Courtenay Stretch,Top,
10005396,35.99,0.0,1,0,6.5,coutgo shoes blk,Coutgo,Shoes,
10008279,20.0,5.0,1,1,,Coverall Black Grey OSFM,,Other,75.0
10004462,34.99,0.0,1,1,22,Covington TanfloralBlazer,Covington,Jacket/Coat,
10003735,29.99,0.0,1,0,M,cpck&cash rvs bmb jkt blk,Cupcakes&Cashews,Jacket/Coat,
10005146,25.99,0.0,1,1,S,CPOProvisions Flannel Grn&Peach,CPO Provisions,Other,
10003757,32.99,0.0,1,1,M,CR Army Green Zip Up Vest,Cynthia Rowley,Top,
10003759,14.99,0.0,1,1,L,CR Black Skirt,Charlotte Russe,Skirt,
10008135,29.99,14.0,1,1,36,crea multicolored skirt,Crea,Skirt,53.3
10003702,35.99,0.0,1,1,S,Cream Bubble Dress,Cooper X Eila,Dress,
10004440,29.99,0.0,1,1,16,Cream Camo Pant,Democracy,Jeans/Pants,
10004055,19.99,0.0,1,0,,Cream Lace Scarf OS,Unknown,Accessories,
10003917,15.99,0.0,1,1,L,Cream Lace Top,Unknown,Top,
10004409,9.99,0.0,1,0,XL,CreamBondedLeatherBelt,Unknown,Accessories,
10008314,24.99,0.0,1,0,,CreamCircleHatSet,Unknown,Set,
10007397,22.99,0.0,1,0,XS,CreamRuffleHalterTop,Unknown,Top,
10008403,19.99,5.0,1,1,,Creative Apparel UT Tie-Dyed T L,,Other,75.0
10006191,59.99,0.0,1,1,40,creme denim skirt,Stefanel,Skirt,
10005230,32.99,0.0,1,0,S,Crisis Floral Button Down,Crisis,Other,
10002639,39.99,0.0,1,0,,CristinaJacket_J,Cristina,Jacket/Coat,
10002671,35.99,0.0,0,0,,CristinaJacket_J,Cristina,Jacket/Coat,
10003705,9.99,0.0,1,0,S,Crm & Bronze Belt,Unknown,Accessories,
10003967,28.99,0.0,1,1,L,Crm&Gld Hard Knit Dress,Joeoy,Dress,
10004722,24.99,0.0,1,1,XL,Croft & Barrow Pink Plaid LS,Croft X Barrow,Top,
10008512,19.99,12.2,1,1,,Croft & Barrow Pink SS Top M,,Top,39.0
10003660,50.0,0.0,1,1,L,croft & barrow jacket blk,Croft X Barrow,Jacket/Coat,
10005856,18.99,0.0,1,0,,croftandbarrow purse multicolor,Croft X Barrow,Accessories,
10006419,24.99,0.0,1,1,6,CroftxBarrow Blk&RedSkirt,Croft X Barrow,Skirt,
10006173,44.99,0.0,1,1,M,cropped brown sweater,Persaman,Sweater/Cardigan,
10004220,12.99,0.0,1,0,,Cross Necklace,,Top,
10007966,17.0,4.25,1,1,,Crown & Ivy Pink SS Top M,,Top,75.0
10006521,23.99,0.0,1,1,L,Crown & Ivy Red Plaid LS Top,Crown X Ivy,Top,
10004489,24.99,0.0,1,1,XS,Crown&Ivy OrangePuffVest,Crown X Ivy,Top,
10005761,24.99,0.0,1,1,S,CrystalSky BlkJumpSuit,Crystal Sky,Romper/Jumpsuit,
10005319,12.99,0.0,1,0,S,CttnCandyLA AniPrintTop,Cotton Candy LA,Other,
10000379,1.0,0.0,1,0,,Culture Vintage NWTSkirt_Ma,Culture Vintage NWT,Skirt,
10001207,1.0,0.0,1,0,,Culture Vintage NWTSkirt_Ma,Culture Vintage NWT,Skirt,
10001475,1.0,0.0,1,0,,Culture Vintage NWTSkirt_Ma,Culture Vintage NWT,Skirt,
10001715,1.0,0.0,1,0,,Culture Vintage NWTSkirt_Ma,Culture Vintage NWT,Skirt,
10001816,1.0,0.0,1,0,,Culture Vintage NWTSkirt_Ma,Culture Vintage NWT,Skirt,
10002173,15.99,0.0,1,0,,Culture Vintage NWTSkirt_Ma,Culture Vintage NWT,Skirt,
10003008,25.99,0.0,1,1,,Culture Vintage NWTSkirt_Ma,Culture Vintage NWT,Skirt,
10006140,35.99,0.0,1,1,2,CultureVint WhiZipSkirt,Culture Vintage NWT,Skirt,
10002702,29.99,0.0,1,0,,Cupcakes and CashmereJacket_GA,Cupcakes and Cashmere,Jacket/Coat,
10000061,25.99,0.0,1,1,,CupcakeSweater_W5,Cupcake,Sweater/Cardigan,
10005065,34.99,0.0,1,1,M,Cupio Texture Tunic Pink,Cupio,Other,
10007206,16.99,0.0,1,1,XL,Cupshe Orange Skirt,Cupshe,Skirt,
10006159,26.99,0.0,1,1,S,Cupshe PinkSKirt,Cupshe,Skirt,
10004263,39.99,0.0,1,1,L,Current Air Cord Jacket Blue,Current Air,Jacket/Coat,
10004346,19.99,0.0,1,1,S,Cutter&Buck Crl Collar Tank,Cutter X Buck,Top,
10003901,35.99,0.0,1,1,XS,CutterXBuck Grn Jacket,Cutter X Buck,Jacket/Coat,
10007362,22.99,0.0,1,1,S,Cynthia R SL Peach Dress,Cynthia Rowley,Dress,
10003631,24.99,0.0,1,0,6,cynthia rowley pant navy,Cynthia Rowley,Jeans/Pants,
10007163,24.99,0.0,1,1,2,Cynthia Steffe Skirt Red,,Skirt,
10003638,24.99,0.0,1,1,8,CynthiaR BluePatternPant,Cynthia Rowley,Jeans/Pants,
10004750,18.99,0.0,1,1,M,Cyrus Beige Cardigan,Cyrus,Sweater/Cardigan,
10003763,18.99,0.0,1,1,XL,Cyrus Dark Blue Knit Sweater,Cyrus,Sweater/Cardigan,
10006154,26.99,0.0,1,1,M,Cyrus BrntOraneCover,Cyrus,Other,
10004786,15.99,0.0,1,0,,D & Y Multicolor Hat,D & Y,Accessories,
10005121,26.99,0.0,1,1,M,D Couture Blue Sheer Puff Sleeve,D Couture,Other,
10003786,22.99,0.0,1,1,8,D Jeans Brown Pants,D Jeans,Jeans/Pants,
10004676,24.99,0.0,1,1,S,D X Co cami animal prnt,D X Co,Top,
10005165,55.99,0.0,1,0,2,D&G Floral Jacket,Dolce X Gabbana,Jacket/Coat,
10007606,24.99,0.0,1,0,,D&Y Black Corduroy Hat,,Accessories,
10005861,14.99,0.0,1,0,,D&Y hat plad,D&Y,Accessories,
10004047,24.99,0.0,1,1,22,D.Jeans Bl&Wht Printed Pant,D.Jeans,Jeans/Pants,
10005103,18.99,0.0,1,0,8,Daisy Fuentes Brown Buckle Capri,Daisy Fuentes,Other,
10006912,19.99,0.0,1,1,,DakotaDan PinkCamoHat,Dakota Dan,Accessories,
10004201,45.99,0.0,1,1,8,Dalia Collection Plum Coat,Dalia,Jacket/Coat,
10001777,22.99,0.0,1,1,,DaliaPants_Gr,Dalia,Jeans/Pants,
10008001,24.99,0.0,1,0,M,Dana B Black Silk Skirt,Dana Buchman,Skirt,
10003775,21.99,0.0,1,1,M,Dana B Black Sleeveless,Dana Buchman,Top,
10004063,28.99,0.0,1,1,S,Dana Buchman Blk TrnchCoat,Dana Buchman,Jacket/Coat,
10003765,20.99,0.0,1,1,S,Dana Buchman Red and Black Sleeveless,Dana Buchman,Top,
10006023,25.99,0.0,1,1,M,DanaB BlkLeafsheertop,Dana Buchman,Other,
10004363,15.99,0.0,1,1,S,DanaB Grn&BlkBlouse,Dana Buchman,Top,
10006938,22.99,0.0,1,1,L,DanaBuchman MulticolTop,Dana Buchman,Other,
10004286,27.99,0.0,1,0,M,DanaBuchman Pink Shawl,Dana Buckman,Other,
10004904,25.99,0.0,1,1,6,dandy skrt pnk,Randim,Skirt,
10005659,19.99,0.0,1,1,L,Daniel Rainn Blush Pink Top,Danielrainn,Top,
10005006,21.99,0.0,1,1,S,DanielRainn Orange SL White FL,Danielrainn,Other,
10004347,17.99,0.0,1,1,L,Danskin Prp Athleisure,Danskin,Other,
10004669,18.99,0.0,1,1,L,Danskin Pinkzipup,Danskin,Other,
10004398,32.99,0.0,1,1,41,Dansko BlackClog,Dansko,Other,
10006589,15.99,0.0,1,0,XS,Dark Blue Buttondown Seethrough,Unknown,Other,
10007805,25.99,0.0,1,1,L,dark blue long sleeve blouse,Coldwater Creek,Top,
10007931,33.99,0.0,1,1,7,Dark Blue Suede Slip In Boots,Unknown,Shoes,
10004564,13.5,0.0,1,0,,Dark Brown Waist Belt Silver Circle Lock,,Accessories,
10006467,14.99,0.0,1,1,L,Dark Gray TN Vols Tshirt,Unknown,Top,
10008372,32.99,10.99,1,1,M,Darling floral jean jacket,Darling,Jeans/Pants,66.7
10005878,31.99,0.0,1,0,M,Das Beste Pink Sweater,Das Beste aus Wolle,Sweater/Cardigan,
10003696,24.99,0.0,1,1,M,Dash Blk Jeggings,Dash,Other,
10003041,50.0,0.0,1,1,,Dave & JohnnyDress_Dy,Dave & Johnny,Dress,
10007523,29.99,0.0,1,1,XL,David Bowie Black T-Shirt,,Top,
10000881,25.99,0.0,1,1,,David BowieTee Shirt_To,David Bowie,Top,
10007414,15.99,0.0,1,0,,David&Young BeadedBeachHat,David & Young,Accessories,
10008664,11.99,4.0,1,1,,DavidLove Green Lace Coverall,,Other,66.6
10005748,18.99,0.0,1,0,S,Daytrip Red Lace Tshirt,Daytrip,Top,
10004999,19.99,0.0,1,1,L,Dazy Blue Sheer LS,Dazy,Top,
10005188,12.99,0.0,1,0,L,Dazy Blue Sheer LS W Tie Front,Dazy,Top,
10006402,9.99,0.0,1,1,L,Dazy CrmCroppedPolo,Dazy,Other,
10003488,33.99,0.0,1,1,S,DB Jacket Black,Db,Jacket/Coat,
10006012,32.99,0.0,1,1,L,DCCJunior WhimulticolBttnDwn,DCC Junior,Other,
10004839,21.99,0.0,1,0,M,De Mi Loov Cherry Tank,De Mi Loov,Top,
10007837,9.99,3.3,1,1,,Decorative Necklace,,Accessories,67.0
10006746,32.99,0.0,1,1,,Deep Red Fuzzy Hat,Unknown,Accessories,
10005513,49.99,0.0,1,1,XL,Deep Self NWT Green Dress,Deep Self,Dress,
10004829,10.99,0.0,1,0,S,Def Leopard Tiger One Shoulder Crop Top,Def Leopard,Top,
10005099,24.99,0.0,1,0,S,Deletta Green Ruffle Top,Deletta,Top,
10004333,39.99,0.0,1,1,,Deletta Lace Green Top,Deletta,Top,
10007262,32.99,0.0,1,0,XS,dELia's Dress Blue,,Dress,
10007010,20.99,0.0,1,1,M,Delia's Red Floral Strapless Romper,Deliaxs,Romper/Jumpsuit,
10005832,32.99,0.0,1,0,M,Delias Blue and Floral Dress,Delias,Dress,
10003930,30.99,0.0,1,0,S,Delicates Bl Lace Slip,,Other,
10003443,27.99,0.0,1,0,S,Delicates Camisole Green,Delicates,Top,
10003672,18.99,0.0,1,0,S,delicates nght gwn pink,Delicates,Other,
10007396,10.99,0.0,1,0,M,DeltaPW Underdog,Delta Pro Weight,Other,
10001758,29.99,0.0,1,1,,Democracy,Democracy,Other,
10008268,37.99,10.0,1,1,,Democracy Ab Tech Pink Pants 16,,Jeans/Pants,73.7
10005536,19.99,0.0,1,1,M,Democracy Blue Squared LS Top,Democracy,Top,
10000874,31.99,0.0,1,1,,Democracy Camo Jeans,Democracy,Jeans/Pants,
10009799,27.99,0.0,1,1,20,Democracy Denim Blue Jeans,Democracy,Jeans/Pants,
10003754,27.99,0.0,1,0,8,Democracy Faded Purple Jeans,Democracy,Jeans/Pants,
10003777,33.99,0.0,1,1,2,Democracy Grayish Zipper Pants,Democracy,Jeans/Pants,
10003072,17.99,0.0,1,1,,Democracy Jeans,Unknown,Jeans/Pants,
10005683,29.99,0.0,1,1,12,Democracy Pants Black,,Jeans/Pants,
10003509,44.99,0.0,1,0,8,Democracy Pants Pink,Democracy,Jeans/Pants,
10004947,34.99,0.0,1,1,8,Democracy GreenPant,Democracy,Jeans/Pants,
10004455,24.99,0.0,1,1,S,Democracy TanCardigan,Democracy,Sweater/Cardigan,
10000175,1.0,0.0,1,0,,DemocracyPants,Democracy,Jeans/Pants,
10000915,1.0,0.0,1,0,,DemocracyPants,Democracy,Jeans/Pants,
10001461,1.0,0.0,1,0,,DemocracyPants,Democracy,Jeans/Pants,
10001543,1.0,0.0,1,0,,DemocracyPants,Democracy,Jeans/Pants,
10002448,1.0,0.0,1,0,,DemocracyPants,Democracy,Jeans/Pants,
10002550,1.0,0.0,1,0,,DemocracyPants,Democracy,Jeans/Pants,
10002724,45.99,0.0,1,0,,DemocracyPants,Democracy,Jeans/Pants,
10004841,32.99,0.0,1,1,XXL,Denim & C Black Button Down Vest SL,Denim & Co,Jeans/Pants,
10004077,39.99,0.0,1,1,L,Dennis Basso Black Trenchcoat,Dennis Basso,Jacket/Coat,
10003848,49.99,0.0,1,1,XL,Dennis Wht Fur Vest,Dennis Basso,Top,
10003925,29.99,0.0,1,1,M,Dentelle White Slip,Dentelle,Other,
10005895,26.99,0.0,1,1,M,Derek Heart Brown Light Sweater,Derek Heart,Sweater/Cardigan,
10000063,17.99,0.0,1,0,,Derek HeartSweater_Za,Derek Heart,Sweater/Cardigan,
10000136,1.0,0.0,1,0,,Derek HeartSweater_Za,Derek Heart,Sweater/Cardigan,
10000630,1.0,0.0,1,0,,Derek HeartSweater_Za,Derek Heart,Sweater/Cardigan,
10000846,1.0,0.0,1,0,,Derek HeartSweater_Za,Derek Heart,Sweater/Cardigan,
10001282,1.0,0.0,1,0,,Derek HeartSweater_Za,Derek Heart,Sweater/Cardigan,
10001344,1.0,0.0,1,0,,Derek HeartSweater_Za,Derek Heart,Sweater/Cardigan,
10001535,1.0,0.0,1,0,,Derek HeartSweater_Za,Derek Heart,Sweater/Cardigan,
10001599,1.0,0.0,1,0,,Derek HeartSweater_Za,Derek Heart,Sweater/Cardigan,
10001822,1.0,0.0,1,0,,Derek HeartSweater_Za,Derek Heart,Sweater/Cardigan,
10002033,1.0,0.0,1,0,,Derek HeartSweater_Za,Derek Heart,Sweater/Cardigan,
10002368,24.99,0.0,1,0,,Derek HeartSweater_Za,Derek Heart,Sweater/Cardigan,
10002560,1.0,0.0,1,0,,Derek HeartSweater_Za,Derek Heart,Sweater/Cardigan,
10002869,40.0,0.0,1,0,,Derek HeartSweater_Za,Derek Heart,Sweater/Cardigan,
10002924,1.0,0.0,1,0,,Derek HeartSweater_Za,Derek Heart,Sweater/Cardigan,
10003012,18.99,0.0,1,1,,Derek HeartSweater_Za,Derek Heart,Sweater/Cardigan,
10004295,14.99,0.0,1,0,S,DerekHeart GreenKnitTank,Derek Heart,Sweater/Cardigan,
10006888,13.99,0.0,1,0,S,DerekHeart MulticolTieCropTop,Derek Heart,Top,
10004002,32.99,0.0,1,1,,Design HIstory Cashmere Sweater,Design History,Sweater/Cardigan,
10006406,38.99,0.0,1,1,42,Designal MulticolCrossDress,Designal,Dress,
10003382,19.99,0.0,1,0,L,Designers Original Sleeveless Top Black,Designers Original,Top,
10006580,39.99,0.0,1,0,44,Desigual Army Green Jacket w Beading,Desigual,Jacket/Coat,
10006326,32.99,0.0,1,1,46,Desigual Black Beaded Dress,Desigual,Dress,
10005944,45.99,0.0,1,1,46,Desigual Black Embroidered Skirt,Desigual,Skirt,
10006438,175.0,0.0,1,1,44,desigual black jacket,Desigual,Jacket/Coat,
10005911,79.99,0.0,1,1,42,Desigual Black Long Beaded Dress,Desigual,Dress,
10006631,199.99,0.0,1,1,,desigual black moonstone margot mini purse,Desigual NWT,Accessories,
10005916,55.99,0.0,1,1,L,Desigual Black Sheer Colorful Skirt,Desigual,Skirt,
10006440,85.99,0.0,1,0,46,desigual black sweater jean jacket,Desigual,Jeans/Pants,
10006439,32.99,0.0,1,1,XL,desigual black tanktop,Desigual,Top,
10006331,175.0,0.0,1,0,40,Desigual Blue Black Red Long Coat,Desigual,Jacket/Coat,
10005740,175.0,0.0,1,0,40,Desigual Blue Multicolor Coat,Desigual,Jacket/Coat,
10005915,39.99,0.0,1,0,XXL,Desigual Blue Skirt,Desigual,Skirt,
10005741,175.0,0.0,1,0,36,Desigual Blue White Longcoat,Desigual,Jacket/Coat,
10006769,95.99,0.0,1,1,S,Desigual Blue Black Coat,Desigual,Jacket/Coat,
10006297,32.99,0.0,1,1,XXL,Desigual Brown Pattern Dress,Desigual,Dress,
10006551,200.0,0.0,1,1,36,Desigual Burgundy & Beige Coat,Desigual,Jacket/Coat,
10007943,209.99,0.0,1,1,,Desigual Colorful Patchwork Black Jacket,Desigual NWT,Jacket/Coat,
10007903,39.99,0.0,1,1,S,Desigual Colorful Skirt,,Skirt,
10005912,28.99,0.0,1,1,36,Desigual Colorful SL Dress,Desigual,Dress,
10006281,69.99,0.0,1,1,8,Desigual Gray Floral Dress,Desigual,Dress,
10005913,45.99,0.0,1,0,38,Desigual Green Colorful Dress,Desigual,Dress,
10006553,85.99,0.0,1,0,46,Desigual Green Denim Sequin Jacket,Desigual,Jeans/Pants,
10005910,59.99,0.0,1,0,38,Desigual Green Skirt w Buckle,Desigual,Skirt,
10006594,65.99,0.0,1,1,38,Desigual Jean Jacket Knit Sleeves,Desigual,Jeans/Pants,
10006502,39.99,0.0,1,0,38,Desigual Jean Skirt,Desigual,Skirt,
10007901,42.99,0.0,1,1,,Desigual Multi-Color Dress M,,Dress,
10007947,79.99,0.0,1,1,M,Desigual Multi-Color Dress,,Dress,
10005733,175.0,0.0,1,0,40,Desigual Multicolor Coat,Desigual,Jacket/Coat,
10006434,32.99,0.0,1,0,M,desigual multicolor knit dress,Desigual,Dress,
10006301,39.99,0.0,1,0,36,Desigual Pink Embroidered Dress,Desigual,Dress,
10006441,95.99,0.0,1,0,42,desigual pink leather jacket,Desigual,Jacket/Coat,
10005948,64.99,0.0,1,1,L,Desigual Pink Sweater NWT,Desigual,Sweater/Cardigan,
10005957,125.0,0.0,1,0,9.5,Desigual Purple Orange Boots,Desigual,Shoes,
10005917,32.99,0.0,1,0,XXS,Desigual Purple Strapless Top,Desigual,Top,
10007904,54.99,0.0,1,1,XL,Desigual Red Black Skirt,Desigual,Skirt,
10004593,35.99,0.0,1,1,L,Desigual Red Dress,Desigual,Dress,
10007939,43.99,0.0,1,1,S,Desigual Red Dress,,Dress,
10007902,33.99,0.0,1,1,M,Desigual Skirt,,Skirt,
10006300,34.99,0.0,1,1,40,Desigual White Pink Blue Dress,Desigual,Dress,
10006609,45.99,0.0,1,0,M,Desigual Yellow Leather Jacket,Desigual,Jacket/Coat,
10006413,28.99,0.0,1,1,L,Desigual BlueFloralDress,Desigual,Dress,
10006403,175.0,0.0,1,0,38,Desigual GrnPatternJacket,Desigual,Jacket/Coat,
10006052,35.99,0.0,1,1,40,Desigual ombrePnkDress,Desigual,Dress,
10007595,200.0,0.0,1,0,40,Desigual RedPatternJacket US6,Desigual,Jacket/Coat,
10007596,250.0,0.0,1,1,38,DesigualNWT MulticolJacket US4,Desigual NWT,Jacket/Coat,
10008734,21.99,6.5,1,1,,DFA NYC White Purp Skorts 8,,Other,70.4
10007244,22.99,0.0,1,1,6,DG2 Diane Gilman Grey Pants,,Jeans/Pants,
10007693,33.99,0.0,1,1,16,DG2 GreenGemPant,Dg2,Jeans/Pants,
10005386,28.99,0.0,1,0,12,dialogue skt brw,Dialogue,Other,
10002529,25.99,0.0,1,0,,DialogueCoat_Ar,Dialogue,Jacket/Coat,
10004172,45.99,0.0,1,1,4,Diane Vonfurstenberg Lace Skirt Black,Diane Vonfurstenberg,Skirt,
10005616,21.99,0.0,1,1,L,Dickies Pink Yellow Plaid SS Buttondown,Dickies,Top,
10000949,1.0,0.0,1,0,,DieselJeans_Al,Diesel,Jeans/Pants,
10001606,1.0,0.0,1,0,,DieselJeans_Al,Diesel,Jeans/Pants,
10001811,1.0,0.0,1,0,,DieselJeans_Al,Diesel,Jeans/Pants,
10002156,15.99,0.0,1,0,,DieselJeans_Al,Diesel,Jeans/Pants,
10000333,1.0,0.0,1,0,,DieselSkirt_un,Diesel,Skirt,
10000316,1.0,0.0,1,0,,DieselSkirt_un,Diesel,Skirt,
10000364,1.0,0.0,1,0,,DieselSkirt_un,Diesel,Skirt,
10000385,1.0,0.0,1,0,,DieselSkirt_un,Diesel,Skirt,
10000997,1.0,0.0,1,0,,DieselSkirt_un,Diesel,Skirt,
10001406,1.0,0.0,1,0,,DieselSkirt_un,Diesel,Skirt,
10001695,1.0,0.0,1,0,,DieselSkirt_un,Diesel,Skirt,
10002008,31.99,0.0,1,1,,DieselSkirt_un,Diesel,Skirt,
10002041,1.0,0.0,1,0,,DieselSkirt_un,Diesel,Skirt,
10002394,25.99,0.0,1,0,,DieselSkirt_un,Diesel,Skirt,
10002805,22.99,0.0,1,0,,DieselSkirt_un,Diesel,Skirt,
10008527,39.99,16.7,1,1,,Dirty Laundry Y2K Pink Clogs 7.5,,Other,58.2
10005543,24.99,0.0,1,1,S,Disney Gray Minnie Mouse Tshirt,Disney,Top,
10003409,24.99,0.0,1,1,S,Disney Minnie Mouse Tank Top Black,Disney,Top,
10005509,31.99,0.0,1,1,S,Disney Princess Black Tshirt,Disney,Top,
10005461,35.99,0.0,1,0,6,Dissh BlackDress,Dissh,Dress,
10003300,19.99,0.0,1,0,,Distressed Hat_Un,Dkny,Top,
10006978,23.99,0.0,1,1,S,Divided Beige Strechy Shorts,Divided,Shorts,
10008389,14.99,3.75,1,0,4,Divided Black Top,,Top,75.0
10002337,16.99,0.0,1,1,,Divided Bodysuit,H X M,Top,
10005708,15.99,0.0,1,0,8,Divided Red Gray LS,Divided,Top,
10006959,14.99,0.0,1,0,8,Divided White Blouse,Divided,Top,
10003633,26.99,0.0,1,1,16,divided pant cream,Divided,Jeans/Pants,
10007738,18.99,0.0,1,0,2,Divided RedPolkaDotDress,Divided,Dress,
10004083,29.99,0.0,1,1,M,Dizzy Black Puffer Vest,Dizzy Lizzie,Jacket/Coat,
10005240,38.99,0.0,1,1,8,DJ Jaz Black Dress,DJ Jaz,Dress,
10006252,55.99,0.0,1,0,,Djer Kiss Kissing Fairies Compact 1920s,Djer Kiss,Top,
10007516,19.99,0.0,1,0,,DKNY jacket,,Jacket/Coat,
10005162,22.99,0.0,1,0,XL,DKNY Embellished Floral Top Blk,Dkny,Top,
10005790,15.99,0.0,1,1,L,DKNY PinkTankTop,Dkny,Top,
10007210,23.99,0.0,1,0,M,Do & Be Brown & Green Tank,,Top,
10005588,32.99,0.0,1,0,S,Doe & Rae Black SL Top,Doe X Rae,Top,
10003035,32.99,0.0,1,1,,Doe X RaeDress_Dx,Doe X Rae,Dress,
10004748,17.99,0.0,1,1,S,Doe&Rae Wht&Blk Blouse,Doe X Rae,Top,
10008348,9.99,0.0,1,0,,DogScarf,Unknown,Accessories,
10007389,26.99,0.0,1,1,L,Dokotoo BlkWhiStripedetailShirt,Dokotoo,Top,
10005223,24.99,0.0,1,1,XS,Dolan LS Green Top,Dolan,Top,
10008774,25.0,6.25,1,1,XL,Dolce C Black Faux Leather Shorts,Dolce Cabo,Shorts,75.0
10007040,29.99,0.0,1,1,8,Dolce Vita Brown Fringe Peep Toe Boots,Dolce Vita,Shoes,
10008039,26.0,6.5,1,1,,DolceCabo Brown Pants M,,Jeans/Pants,75.0
10005450,25.99,0.0,1,0,7.5,DolceVita CreamHeelBoot,Dolce Vita,Shoes,
10003146,85.0,0.0,1,1,,Dollywood Tee,Dooney & Burke,Top,
10004588,16.99,0.0,1,1,L,Dollywood Tshirt,Anvil by Gildan,Top,
10003806,21.99,0.0,1,0,5,Domain Blue Jeans,Domaine,Jeans/Pants,
10007899,36.99,0.0,1,1,,Donald J Pilner Cork Wedge Shoes 11,,Shoes,
10006860,29.99,0.0,1,1,XS,DoncasterC WhiCardigan,Doncaster Collection,Sweater/Cardigan,
10003046,24.99,0.0,1,1,,Donna KaranBodysuit,Donna Karan,Top,
10004428,90.0,0.0,1,2,XS,Donna S Black Faux Fur Leather Fringe,Donna Salyers,Accessories,
10004554,45.0,0.0,1,0,,Dooney & B Small Navy Blue Wristlet Tan Strap,Dooney & Burke,Other,
10005581,115.0,0.0,1,1,,Dooney & Bourke Pebble Grain Top Zip Satchel,Dooney & Burke,Top,
10003221,55.99,0.0,1,1,,Dooney Burke Samba Brwn,Dr Martens,Other,
10008556,85.99,0.0,1,1,,DooneyXB PinkWhiPurse,Dooney & Burke,Accessories,
10008111,35.99,0.0,1,1,L,dordor fur vest,Dor Dor,Top,
10005245,22.99,0.0,1,1,14,Dorothy Perkins Gold Shiny LS Top,Dorothy Perkins,Top,
10005368,22.99,0.0,1,1,4,Dorothy Perkins Purple Tank Top,Dorothy Perkins,Top,
10008541,65.99,0.0,1,1,,DorsetRex5ThAveBag,Dorset,Set,
10005797,85.0,0.0,1,-1,,Downey purse,,Accessories,
10006920,30.99,0.0,1,1,M,DoXBe WhiteTieSkirt,Do X Be,Skirt,
10006742,32.99,0.0,1,1,,DPC Army Green Hat with Flower,Doreman Pacific Co.,Accessories,
10007929,19.99,0.0,1,0,S,DR 2 Pink Patterned SS Top,Dr 2,Top,
10007519,28.99,0.0,1,1,8,Drake's LS Blouse Blue,,Top,
10006540,36.99,0.0,1,1,XS,Draper J NWT Orange Blouse,Draper James NWT,Top,
10004327,42.99,0.0,1,0,XS,DraperJames LightPinkDress,Draper James,Dress,
10007745,39.99,0.0,1,1,XL,DraperJames PinkSkirt,Draper James NWT,Skirt,
10004866,32.99,0.0,1,0,L,DraperJNWT DarkPurpSkirt,Draper James NWT,Skirt,
10005507,28.99,0.0,1,1,M,Dream Out Loud Blue Sheer Floral LS,Dream Out Loud,Top,
10000073,32.99,0.0,1,1,,Dreamers by DebutSweater_Wh,Dreamers by Debut,Sweater/Cardigan,
10000119,1.0,0.0,1,0,,Dreamers by DebutSweater_Wh,Dreamers by Debut,Sweater/Cardigan,
10000293,1.0,0.0,1,0,,Dreamers by DebutSweater_Wh,Dreamers by Debut,Sweater/Cardigan,
10000634,1.0,0.0,1,0,,Dreamers by DebutSweater_Wh,Dreamers by Debut,Sweater/Cardigan,
10001848,1.0,0.0,1,0,,Dreamers by DebutSweater_Wh,Dreamers by Debut,Sweater/Cardigan,
10004905,21.99,0.0,1,0,M,dreamers skrt ylw,Built by Dreamers,Skirt,
10006608,18.99,0.0,1,0,M,Dress Forum Lemon Wrap Dress,Dress Forum,Dress,
10003861,20.99,0.0,1,1,18,Dressbarn Black Sheer Longsleeve,Dressbarn,Dress,
10007668,23.99,12.0,1,0,,Dressbarn Black Sleeveless Top S,,Dress,50.0
10006478,34.99,0.0,1,1,L,Dressbarn Gray Swirl Design Top,Dressbarn,Dress,
10006567,32.99,0.0,1,1,XL,Dressbarn NWT Pink Black Sparkle Top,Dressbarn NWT,Dress,
10004450,19.99,0.0,1,1,L,DressBarn BrwnFlowyBlouse,Dressbarn,Dress,
10007541,24.99,0.0,1,0,,Dressy Chosen Vintage LS Blouse,,Dress,
10004321,36.99,0.0,1,1,10,Dromedaris BrwnCutoutShoes,Dromedaris,Shoes,
10007524,22.99,0.0,1,1,,Ducati Monster Catz Yellow T Shirt,,Top,
10003936,19.99,0.0,1,0,M,Dusty Pink Intimate Slip,,Other,
10003982,20.0,0.0,1,1,,Dusty Pink Scarf,,Accessories,
10006861,31.99,0.0,1,1,M,Dylan WhiRuffleBttnDwn,Dylan,Other,
10003586,25.99,0.0,1,1,1,Eagel Pink PrplSweater,Eagel LA,Sweater/Cardigan,
10005885,27.99,0.0,1,0,S,Eagle's Eye Black Cardigan w Flw,Eagle's Eye,Sweater/Cardigan,
10005506,25.99,0.0,1,0,S,Earl Jean Jean Jacket,Earl Jean,Jeans/Pants,
10006935,22.99,0.0,1,1,M,EarlJean JeanSkirt,Earl Jean,Skirt,
10006657,18.99,0.0,1,1,L,EartchBound bandana design tanktop,EarthBound,Top,
10007062,19.99,0.0,1,1,6.5,Earth Blue Slide Ons Heels,Earth,Top,
10006612,24.99,0.0,1,0,L,Easel Beige Floral Kimono Top,Easel,Top,
10005024,21.99,0.0,1,1,L,Easel Gray Buttondown Cardigan,Easel,Sweater/Cardigan,
10007999,24.99,0.0,1,1,S,Easel Green Flare Pants,Easel,Jeans/Pants,
10007492,23.99,0.0,1,0,L,Easel Grey LS Top,,Top,
10007858,28.99,0.0,1,1,,Easel Pink Floral Dress S,,Dress,
10008671,17.99,4.5,1,1,XL,East 5th Pink Top,,Top,75.0
10002218,15.99,0.0,1,1,,Ecko UnitedTank Top_Za,Ecko United,Top,
10002229,1.0,0.0,1,0,,Ecko UnitedTank Top_Za,Ecko United,Top,
10002259,1.0,0.0,1,0,,Ecko UnitedTank Top_Za,Ecko United,Top,
10002976,25.99,0.0,1,0,,Ecko UnitedTank Top_Za,Ecko United,Top,
10008213,37.99,8.0,1,1,M,Eclipse Black Leather Skirt S,,Skirt,78.9
10005558,26.99,0.0,1,0,M,Eclipse Pink Black White Striped Romper,Eclipse,Romper/Jumpsuit,
10007578,24.99,0.0,1,1,4,Eddie B Green Shorts,Eddie Bauer,Shorts,
10004071,35.99,0.0,1,1,S,Eddie Bauer Blk Trench,Eddie Bauer,Jacket/Coat,
10003283,24.99,0.0,1,1,,Eddie Bauer Cardigan,Eddie Bauer,Sweater/Cardigan,
10007785,29.99,0.0,1,1,6,Eddie Bauer Cream Floral SS Dress,Eddie Bauer,Dress,
10003749,34.99,0.0,1,1,4,Eddie Bauer Pale Green Pants,Eddie Bauer,Jeans/Pants,
10006642,22.99,0.0,1,1,XL,Eddie Bauer White Blue Striped Top,Eddie Bauer,Top,
10004679,24.99,0.0,1,1,S,eddie bauer cardigan beige,Eddie Bauer,Sweater/Cardigan,
10004458,17.99,0.0,1,1,L,Eddieb PurpleButtonDwn,Eddie Bauer,Other,
10006063,21.99,0.0,1,1,M,eddiebauer swtshrt prp,Eddie Bauer,Shorts,
10005336,35.99,0.0,1,1,10,EdHardy PinkDetailShoe,Ed Hardy,Top,
10007253,18.99,0.0,1,1,M,Edikted Pink Skirt,,Skirt,
10008545,22.99,0.0,1,1,S,Edikted PinkMiniskirt,Edikted,Skirt,
10005306,15.99,0.0,1,1,M,Eight Sixty Blue & White Pattern Tank,Eight Sixty,Top,
10008331,24.99,0.0,1,1,M,EileenFisher OrangeSwtrSet,Eileen Fisher,Sweater/Cardigan,
10007159,22.99,0.0,1,0,L,Ekouaer Grey Sweater Shorts,,Shorts,
10004648,29.99,0.0,1,1,M,Elan Black Dress,Elan,Dress,
10007353,16.99,0.0,1,1,S,Elan grey blouse,Elan,Top,
10007128,45.99,0.0,1,0,S,Elana Kattau Rainbow Jumpsuit,Elana Kattau,Romper/Jumpsuit,
10000095,24.99,0.0,1,1,,ElanSweater_Fr,Elan,Sweater/Cardigan,
10000565,1.0,0.0,1,0,,ElanSweater_Fr,Elan,Sweater/Cardigan,
10002491,19.99,0.0,1,0,,ElanSweater_Fr,Elan,Sweater/Cardigan,
10002540,1.0,0.0,1,0,,ElanSweater_Fr,Elan,Sweater/Cardigan,
10003731,25.99,0.0,1,1,M,element sweatshirt blk,Element,Top,
10008151,32.99,17.0,1,1,S,elevenses grey knit skirt,Elevenses,Skirt,48.5
10006251,24.99,0.0,1,1,,Elgin American Gold Powder 1950s Compact,Elgin American,Other,
10008478,59.99,22.0,1,1,XS,Elie Tahari Pink Jacket,,Jacket/Coat,63.3
10006825,24.99,6.25,1,1,M,Eliie Tahari Red Sleeveless Top,Ellie Tahari,Top,75.0
10006800,28.99,0.0,1,1,S,EliTahari RedChainTanktop,Eli Tahari,Top,
10006599,15.99,0.0,1,0,,Elite Belt Silver Checkered,Elite,Accessories,
10006387,18.99,0.0,1,1,,Elite Colorful Gold Belt,Elite,Accessories,
10003947,49.99,0.0,1,1,14,Eliza Black Tulle Dress,Eliza J,Dress,
10005725,45.99,0.0,1,1,10,Eliza J Blue Green Dress,Eliza J,Dress,
10004225,34.99,0.0,1,1,10,Eliza J Multicolor Halter Neck Gold,Eliza J,Top,
10006549,34.99,0.0,1,1,S,Ella Moss Green & Purple Tank,Ella Moss,Top,
10004011,25.99,0.0,1,0,,Ellcont Floral Dress Vintage,Ellcont,Dress,
10006709,25.99,0.0,1,1,16,Elle Baby Pink & Black SL Dress,Elle,Dress,
10008260,21.99,6.0,1,1,,Elle Blue Sleeveless Top XL,,Top,72.7
10003523,21.99,0.0,1,1,M,Elle Cardigan Pink,Elle,Sweater/Cardigan,
10006013,25.99,0.0,1,1,S,EllenTracy Pnk&YllwTop,Ellen Tracy,Other,
10007734,31.99,0.0,1,1,M,EllenTracy SlvlessTurtleneck,Ellen Tracy,Top,
10002319,39.99,0.0,1,1,,Ellie KaiDress_Te,Ellie Kai,Dress,
10008569,42.99,8.0,1,1,2,Ellie Tahari Dress Multi Color,Ellie Tahari,Dress,81.4
10005444,22.99,0.0,1,1,M,Ellie Tahari Blouse Pnk,Ellie Tahari,Top,
10003372,21.99,0.0,1,0,8,Elliot Lauren Pants Blue & White,Elliott Lauren,Jeans/Pants,
10000664,1.0,0.0,1,0,,ElodieSkirt_De,Elodie,Skirt,
10001997,39.99,0.0,1,1,,ElodieSkirt_De,Elodie,Skirt,
10005309,10.99,0.0,1,0,M,Eloise Black Tank,Eloise,Top,
10000037,1.0,0.0,1,0,,Elora by GFDress_Co,Elora by GF,Dress,
10001097,1.0,0.0,1,0,,Elora by GFDress_Co,Elora by GF,Dress,
10001226,1.0,0.0,1,0,,Elora by GFDress_Co,Elora by GF,Dress,
10001674,1.0,0.0,1,0,,Elora by GFDress_Co,Elora by GF,Dress,
10002135,1.0,0.0,1,0,,Elora by GFDress_Co,Elora by GF,Dress,
10002186,25.99,0.0,1,0,,Elora by GFDress_Co,Elora by GF,Dress,
10002729,27.99,0.0,1,0,,Elora by GFDress_Co,Elora by GF,Dress,
10002849,12.99,0.0,1,0,,Elora by GFDress_Co,Elora by GF,Dress,
10002935,45.99,0.0,1,1,,Elora by GFDress_Co,Elora by GF,Dress,
10002970,22.99,0.0,1,0,,Elora by GFDress_Co,Elora by GF,Dress,
10005828,24.99,0.0,1,0,S,EM Mustard Yellow Top,Em,Top,
10008357,21.99,0.0,1,1,M,Embrase GreenBlouse,Embrace Los Angeles,Top,
10004431,21.99,0.0,1,1,M,Embroidered Pink ZIp-Up,Ashley,Other,
10005647,21.99,0.0,1,1,XXL,Emerald Pink Floral Sheer Top,Emerald,Top,
10008230,23.0,5.75,1,1,,Emily Daniels LS Multi Color XL,,Top,75.0
10006334,22.99,0.0,1,1,M,Emma & Michele Green Linen Dress,Emma & Michele,Dress,
10003392,21.99,0.0,1,1,14,Emma James Tank Top Gold,Emma James,Top,
10004016,16.99,0.0,1,1,,Emma JamesLS Top_Em,Emma James,Top,
10008336,24.99,0.0,1,0,L,EmmaJames PinkFloralSkirt,Emma James,Skirt,
10003606,23.99,0.0,1,1,,EmmaJames VintageFloralBlouse,Emma James,Top,
10007560,16.0,4.0,1,0,L,Emory Park Grey Dress,,Dress,75.0
10005246,18.99,0.0,1,1,S,Emory Park White Crop Top,Emory Park,Top,
10006851,19.99,0.0,1,1,S,emory park white croped blouse,Emory Park,Top,
10003479,59.99,0.0,1,1,XL,Emporio Cueros Jacket Beige,Emporio Cueros,Jacket/Coat,
10007160,39.99,24.0,1,1,S,En Saison Dress Brown,,Dress,40.0
10005754,25.99,0.0,1,1,S,Endless Rose Shiny Pink Skirt,Endless Rose,Skirt,
10004644,29.99,0.0,1,1,8,Enfocus Black Dress,Enfocus Studio,Dress,
10005145,22.99,0.0,1,1,4,EnFocus RoseDress Rd&Blk,Enfocus Studio,Dress,
10008761,25.0,6.25,1,1,M,Entro Beige Dress,,Dress,75.0
10007243,18.99,0.0,1,0,L,Entro Black Skirt,,Skirt,
10007287,18.99,0.0,1,0,L,Entro Burnt Orange Skirt,,Skirt,
10006681,29.99,0.0,1,0,L,Entro Green Lilac Skirt,Entro,Skirt,
10003843,20.99,0.0,1,1,L,Entro Teal Checkered Top,Entro,Top,
10004865,24.99,0.0,1,1,L,Entro WhiteBlouse,Entro,Top,
10008493,17.99,5.5,1,1,,Envy Me Sequin Skirt L,,Skirt,69.4
10007066,25.99,0.0,1,1,9,Enzo Angiolini Tan Loafers,Enzo Angiolini,Shoes,
10008004,24.99,0.0,1,1,XL,Epoch Hat,Epoch,Accessories,
10007960,25.0,6.25,1,1,,Eri Ali Black multi-color skirt S,,Skirt,75.0
10007949,28.99,0.0,1,1,,Erin London Brown Blazer M,,Jacket/Coat,
10006890,24.99,0.0,1,0,6,EriXAll HotpinkruffleTop,Eri X All,Other,
10005682,34.99,0.0,1,0,,Escada Pants Black XS,,Jeans/Pants,
10008434,23.99,6.0,1,1,,Esley Black Dress M,,Dress,75.0
10008182,19.99,6.0,1,1,S,Esley Yellow Beige Colorful Skirt,Esley,Skirt,70.0
10008406,46.99,11.75,1,1,S,Espirit black coat,Espirit,Jacket/Coat,75.0
10007331,24.99,0.0,1,1,S,Espirit Black Jacket,Espirit,Jacket/Coat,
10007458,37.99,0.0,1,1,6,Espirit Pale Pink Spagetti Strap Dress,Espirit,Dress,
10004615,32.99,0.0,1,0,6,Esprit VINTAGE Brown Leopard,Esprit,Other,
10003073,15.0,0.0,1,0,,Esprit White and Tan belt_Un,Unknown,Accessories,
10004896,26.99,0.0,1,0,M,Essence BlPatternedSkirtWRuffle,Essence,Skirt,
10003176,21.99,0.0,1,1,,Est 1946 Cardigan Sweater,Est 1946,Sweater/Cardigan,
10004671,24.99,0.0,1,1,XL,established 1962 blouse prpl design,Established 1962,Top,
10005313,35.99,0.0,1,1,38,Etam BrwnBttnJacket,Etam,Jacket/Coat,
10008184,23.99,6.0,1,1,2,ETC Blue Orange Wool Skirt,Etcetera,Skirt,75.0
10004964,32.99,0.0,1,0,4,Etc Gray Skirt Pink Beading,Etcetera,Skirt,
10005112,22.99,0.0,1,1,6,Etc Pink Orange Design Skirt,Etcetera,Skirt,
10006656,14.99,0.0,1,1,0,Etcetera chain design skirt,Etcetera,Skirt,
10007670,28.99,7.0,1,1,,Etcetera Grey Sequin Sweater S,,Sweater/Cardigan,75.9
10006620,27.99,0.0,1,1,6,Etcetera Leopard Print Skirt,,Skirt,
10003544,36.99,0.0,1,1,10,Etcetera Skirt Beige Multi-Color,Etcetera,Skirt,
10006919,29.99,0.0,1,1,4,Etcetera WhiTanstitchSkirt,Etcetera,Skirt,
10002351,24.99,0.0,1,0,,EtceteraVest_Wa,Etcetera,Top,
10007728,24.99,0.0,1,1,S,Ethereal Fuzzy Vest w Drape,Ethereal,Top,
10004380,32.99,0.0,1,0,S,ETWO MulticolBlouse,Etwo,Top,
10007029,14.99,0.0,1,0,S,Eunina White Shorts,Eunina,Shorts,
10008214,39.99,12.99,1,1,,European Black Leather Boots 6,,Shoes,67.5
10004738,34.99,0.0,1,1,6,Evan Picone Blk Jckt,Evan Picone,Other,
10004008,21.99,0.0,1,1,,Evan-Picone,Evan-Picone,Other,
10007702,31.99,0.0,1,1,4,EvanPicone BlackDress,Evan-Picone,Dress,
10004264,32.99,0.0,1,1,S,Evereve Pink Cream Tan Patternd Sweater,Evereve,Sweater/Cardigan,
10007784,14.99,0.0,1,1,XS,Evereve Red LS Top,Evereve,Top,
10001095,22.99,0.0,1,1,,Evereve Top,Evereve,Top,
10006678,31.99,0.0,1,1,S,Everly Pink Green SL Dress,Everly,Dress,
10003567,19.99,0.0,1,1,S,Everly Tank Top Leopard Print,Everly,Top,
10005776,24.99,0.0,1,0,L,Exclusive MulticolLongSlve,Exclusive,Other,
10006704,12.99,0.0,1,0,L,Express Beige & Lace Cami,Express,Top,
10008454,24.99,7.5,1,1,XS,Express Black Dress,,Dress,70.0
10004222,25.99,0.0,1,1,0,Express Black Jumpsuit,Express,Romper/Jumpsuit,
10006284,19.99,0.0,1,1,L,Express Black Lace Crop Top,Express,Top,
10007501,21.99,0.0,1,1,,Express Black Light Cardigan XS,,Sweater/Cardigan,
10008496,19.99,8.3,1,1,,Express Black Sequin Skirt XS,,Skirt,58.5
10006992,16.99,0.0,1,1,S,Express Black Sheer SS Top,Express,Top,
10006247,39.99,0.0,1,1,8,Express Black SL Romper,Express,Romper/Jumpsuit,
10005936,28.99,0.0,1,1,S,Express Black Tank Polka Dot,Express,Top,
10004777,22.99,0.0,1,1,8,Express Black White Pattern Pants,Express Design Studio,Jeans/Pants,
10007011,22.99,0.0,1,0,L,Express Bleus Sage Green Sweatervest,Express Bleus,Sweater/Cardigan,
10006602,22.99,0.0,1,1,L,Express Blue & White Polka Dot SL Top,Express,Top,
10005867,18.99,0.0,1,1,S,Express Blush Pink Black Striped Tank,Express,Top,
10004733,14.99,0.0,1,0,S,Express DS Blue Dress SS Shirt,Express Design Studio,Dress,
10003975,30.99,0.0,1,1,XS,Express Mrn Floral Sheer Leotard,Express,Top,
10004749,27.99,0.0,1,1,16,Express Orange Pants,Express,Jeans/Pants,
10005272,15.99,0.0,1,0,L,Express Orange Pink Floral SL Tank,Express,Top,
10007924,28.99,0.0,1,1,8,Express Pale Pink Chiffon Skirt,Express,Skirt,
10007448,18.99,0.0,1,0,M,Express Pale Pink SL Top Tie Front,Express,Top,
10007131,29.99,0.0,1,0,M,Express Pink Jacket,Express,Jacket/Coat,
10005866,15.99,0.0,1,1,M,Express Pink Tank Lace Detail,Express,Top,
10006561,23.99,0.0,1,1,M,Express Pink White Off Shoulder,Express,Top,
10004496,17.99,0.0,1,1,6,Express Pnk MiniSkirt,Express,Skirt,
10001084,19.99,0.0,1,1,,Express Turtleneck Sweater,Express,Sweater/Cardigan,
10006588,14.99,0.0,1,0,XS,Express Yellow Bodysuit,Express,Top,
10005043,27.99,0.0,1,0,S,Express Sequin Cami Gld&Blk,Express,Top,
10008551,22.99,0.0,1,1,M,Express BlkCutoutBlouse,Express,Top,
10004899,15.99,0.0,1,0,XS,Express BlkFloralTop,Express,Top,
10003630,18.99,0.0,1,1,S,express blouse prp floral,Express,Top,
10004882,14.99,0.0,1,0,S,express jckt dnm,Express,Jeans/Pants,
10006915,26.99,0.0,1,1,4,Express JeanMidiSkirts,Express,Skirt,
10004095,15.99,0.0,1,0,XL,Express LaceCami Lilac,Express,Top,
10007705,22.99,0.0,1,1,XS,Express MulticolStripeJumpsuit,Express,Romper/Jumpsuit,
10004301,32.99,0.0,1,1,M,Express PinkFloralTunic,Express,Top,
10005780,18.99,0.0,1,1,M,Express PnkFloralTop,Express,Top,
10003742,18.99,0.0,1,1,6,express skirt blk,Express,Skirt,
10006074,24.99,0.0,1,0,S,express tank grn,Express,Top,
10006121,14.99,0.0,1,1,L,Express TieCropTop,Express,Top,
10006161,14.99,0.0,1,0,M,Express WhiLaceCami,Express,Top,
10006866,25.99,0.0,1,1,M,Express WhiteBlouse,Express,Top,
10008570,22.99,8.0,1,1,XS,Express WhiteDress,Express,Dress,65.2
10004787,18.99,0.0,1,1,,Expressions NYC Black Chain Small Purse,Expressions NYC,Top,
10006925,24.99,0.0,1,1,27,ExpressionsPlus CreamCoverUp,Expressions Plus,Top,
10002618,19.99,0.0,1,1,,ExpressJacket,Express,Jacket/Coat,
10002718,45.99,0.0,1,0,,ExpressJacket,Express,Jacket/Coat,
10002770,23.99,0.0,1,1,,ExpressJcket,Express,Top,
10002877,19.99,0.0,1,0,,ExpressSweater_Im,Express,Sweater/Cardigan,
10002499,15.99,0.0,1,0,,ExpressTank Top_Ju,Express,Top,
10008140,18.99,8.0,1,0,S,eyeshadow creme lace vest,Eyeshadow,Top,57.9
10005307,12.99,0.0,1,1,L,Eyeshadow Gray Tank,Eyeshadow,Top,
10005031,25.99,0.0,1,1,S,Eyeshadow Floral Shawl Trqse,Eye Shadow,Other,
10005179,19.99,0.0,1,1,S,F.Fashion Sequin Tank Prpl&Blk,F. Fashion,Top,
10007445,16.99,0.0,1,1,L,Fabindia Black Capri's,,Other,
10007491,28.99,0.0,1,1,S,Fabletics Grey Waffle Hoodie,,Other,
10007746,23.99,0.0,1,1,L,Fabrik GrnBacklessDress,Fabrik,Dress,
10004851,135.0,0.0,1,1,,Fabulous Furs Donna Salyers M Brown Faux Fur,Donna Salyers,Other,
10007533,17.99,0.0,1,1,M,Faded Glory Denim Jacket,,Jeans/Pants,
10008384,22.99,10.99,1,1,L,faith and joy tea blouse,Faith And Joy,Top,52.2
10005877,24.99,0.0,1,1,L,Faith of Zoe Teal Sweater,Faith of Zoe,Sweater/Cardigan,
10007235,26.99,0.0,1,1,8,Faith Passion Blue Floral Dress,,Dress,
10005730,18.99,0.0,1,1,6,Falls Creek Gray Jean Skirt,Falls Creek,Skirt,
10006241,12.99,0.0,1,0,,fancy belt,,Accessories,
10007968,15.0,3.75,1,1,,Fang Blue White Camisole M,,Top,75.0
10008165,14.99,6.0,1,1,M,Fang SL Beige Black Top,Fang,Top,60.0
10008187,26.99,6.0,1,0,M,Fantastic F Blush LS Dress,Fantastic Fawn,Dress,77.8
10004376,135.0,0.0,1,0,L,FarmRio PinkMulticolDress,Farm Rio,Dress,
10000775,1.0,0.0,1,0,,fatesweater_le,Fate,Sweater/Cardigan,
10001895,1.0,0.0,1,0,,fatesweater_le,Fate,Sweater/Cardigan,
10002014,32.99,0.0,1,0,,fatesweater_le,Fate,Sweater/Cardigan,
10007917,32.99,0.0,1,0,,Faux White Crocodile Bag Floral,Unknown,Accessories,
10008684,24.99,8.0,1,1,,FC Jeanswear Denim Jacket M,,Jeans/Pants,68.0
10004626,15.99,0.0,1,1,4,Fei Pink & White Dress,Fei,Dress,
10007314,150.99,0.0,1,1,,Fendi BrwnSunglasses,Fendi,Top,
10004521,32.99,0.0,1,1,,Fendissime Saddlebag,Fendissime,Top,
10008797,32.99,8.25,1,1,8,Fever London Floral Print,,Other,75.0
10004713,24.99,0.0,1,1,XL,fever swtr gry,Fever,Sweater/Cardigan,
10005231,32.99,0.0,1,1,M,Fiestar Silver Dress,Fiestar,Dress,
10005726,27.99,0.0,1,1,L,Fig & Flower Orange Top,Fig X Flower,Top,
10004328,34.99,0.0,1,1,XL,Fig&Flowr PinkMulticolBlouse,Fig X Flower,Top,
10006134,21.99,0.0,1,1,M,FigxFlower YllwBttnDwnBlouse,Fig X Flower,Top,
10008564,25.99,13.0,1,1,M,FinalTouch RedBlouse,Final Touch,Top,50.0
10006163,24.99,0.0,1,1,S,FinalTouch RedLongslveDress,Final Touch,Dress,
10007724,24.99,0.0,1,0,4,Finity Naturals Orange Silk Skirt,Finity Naturals,Skirt,
10006793,16.99,0.0,1,1,M,Fiorlini BlkGreyCollarTop,Fiorlini,Other,
10005394,25.99,0.0,1,1,M,fiorlini bls red,Fiorlini,Top,
10008248,21.99,6.0,1,1,,Fire LA Blue Purple Skirt M,,Skirt,72.7
10007099,12.99,0.0,1,1,,Fitz and the Tantrums Black Baseball Hat,Fitz and the Tantrums,Accessories,
10008768,25.0,6.25,1,2,,Fizz Orange White Check Skirt S,,Skirt,75.0
10008225,35.99,8.99,1,0,,Flat White Cardigan OSFM,,Sweater/Cardigan,75.0
10007094,39.99,0.0,1,0,,Fleur Silk Scarf,Fleur,Accessories,
10004025,22.99,0.0,1,1,,FlirtatiousPants_Fli,Flirtatious,Jeans/Pants,
10006322,16.99,0.0,1,0,S,Flora White Robe,Flora,Other,
10004550,12.99,0.0,1,1,,Floral Clam Bag,Unknown,Accessories,
10004484,33.99,0.0,1,1,XXL,Floral Coat Wht&Blk,Talbots,Jacket/Coat,
10006645,27.99,0.0,1,0,L,floral maxi dress,Unknown,Dress,
10005432,25.99,0.0,1,1,L,Floral Midi Skirt Brwn&Pnk,Unknown,Skirt,
10006573,24.99,0.0,1,0,XXL,Floral Multicolor Buttondown Top,Unknown,Top,
10006195,18.99,0.0,1,1,,floral pink tanktop medium,Hippie Rose,Top,
10005434,28.99,0.0,1,3,XL,Floral Shawl Blk&Wht,Unknown,Other,
10006697,29.99,0.0,1,0,XL,Floral Sheer Kimono,Unknown,Other,
10008212,20.99,6.0,1,1,,Floral Sheer Open Cardigan L,,Sweater/Cardigan,71.4
10006190,34.99,0.0,1,1,10,floral skirt,Loft,Skirt,
10006363,15.99,0.0,1,1,M,FloralWrapSkirt,Unknown,Skirt,
10008611,10.99,5.0,1,1,,Flower Charm Bracelet,,Accessories,54.5
10007376,9.99,0.0,1,0,,FlowerGemEarrings,Unknown,Accessories,
10007594,22.5,16.0,1,1,,Flowers,,Other,28.9
10007774,17.99,0.0,1,1,L,Flutterbye Blue Red Skirt,Flutterbye,Skirt,
10006519,34.99,0.0,1,0,L,Flying T NWT Black Brown Knit Dress,Flying Tomato,Dress,
10008217,25.0,6.25,1,1,,Flying Tomato Beige Blue Dress 8,,Dress,75.0
10006269,28.99,0.0,1,0,L,Flying Tomato Jean Jacket,Flying Tomato,Jeans/Pants,
10007969,25.0,6.25,1,1,,Flying Tomato Multi-Color Dress L,,Dress,75.0
10005630,22.99,0.0,1,1,L,Flying Tomato White Floral LS,Flying Tomato,Top,
10003698,24.99,0.0,1,0,S,Foiled Mini Skirt,Unknown,Skirt,
10007481,44.99,0.0,1,1,XXL,For Her Black Skirt,,Skirt,
10007422,18.99,0.0,1,1,26,ForallMankind LightdenimSkirt,7 For All Mankind,Skirt,
10006583,28.99,0.0,1,0,M,Fore Multicolor Floral Crop Top,Fore,Top,
10007247,23.99,0.0,1,1,M,Fore sleeveless Tank Top,,Top,
10007273,23.99,0.0,1,1,L,Fore Top Multi-Color,,Top,
10008701,18.99,6.5,1,1,,Forever 21 Black Dress S,,Dress,65.8
10006686,25.99,0.0,1,1,M,Forever 21 Black Seethrough Dress,Forever 21,Dress,
10006343,35.99,0.0,1,0,M,Forever 21 Black Sheer Top,Forever 21,Top,
10005541,21.99,0.0,1,0,S,Forever 21 Blue Satin Skirt,Forever 21,Skirt,
10004970,17.99,0.0,1,1,M,Forever 21 Gray Knit Light Longsleeve,Forever 21,Sweater/Cardigan,
10006687,22.99,0.0,1,1,L,Forever 21 Jean Skirt,Forever 21,Skirt,
10006977,17.99,0.0,1,1,S,Forever 21 Multicolor Romper,Forever 21,Romper/Jumpsuit,
10004756,14.99,0.0,1,1,S,Forever 21 Sequin Skirt,Forever 21,Skirt,
10005433,25.99,0.0,1,1,M,Forever Sheer Top Grn&Brwn,Forever,Top,
10007354,15.99,0.0,1,1,XS,Forever21 shear longsleeve blouse,Forever 21,Top,
10005166,18.99,0.0,1,0,S,Forever21 Aztec Skirt Blk&Pnk,Forever21,Skirt,
10003434,75.0,0.0,1,0,,Fossil Hobo Handbag,Fossil,Top,
10008687,150.0,125.0,1,1,,Fossil Hobo Multicolor Bag,,Top,16.7
10004068,29.99,0.0,1,1,S,Fossil Rd Stch Leather,Fossil,Top,
10004067,29.99,0.0,1,0,S,Fossil Yellow Leather Belt,Fossil,Top,
10004920,24.99,0.0,1,1,S,Fossil PinkDotBlouse,Fossil,Top,
10007751,28.99,0.0,1,0,XS,Fossil PinkDotDress,Fossil,Dress,
10003404,12.99,0.0,1,0,,Fox Brand Belt Black,Fox,Accessories,
10008742,39.0,9.75,1,1,,Foxblood Black Dress 4X,,Dress,75.0
10008741,39.0,9.75,1,0,,Foxblood Black Dress S,,Dress,75.0
10008743,39.0,9.75,1,1,,Foxblood Black Dress XXL,,Dress,75.0
10008751,25.0,6.25,1,1,,Foxblood Black LS Blouse L,,Top,75.0
10008752,25.0,6.25,1,1,,Foxblood Black LS Blouse XXL,,Top,75.0
10008011,23.0,5.75,1,0,XS,Foxblood Black Sheer SS Dress,Foxblood,Dress,75.0
10005907,15.99,0.0,1,0,M,FP Beach Black Mini Skirt,FP Beach,Skirt,
10008285,18.0,4.5,1,0,XS,FP Blue Floral Sheer Blouse,Free People,Top,75.0
10005969,24.99,0.0,1,0,S,FP Movement Purple Sweatshirt,fp Movement,Top,
10007285,21.99,0.0,1,0,XS,FP One Cami Dress,,Dress,
10007290,28.99,0.0,1,0,XL,FP One White Dress,,Dress,
10004235,35.99,0.0,1,1,M,FP Silver Sequin Long Sleeve,Free People,Other,
10005294,12.99,0.0,1,1,S,Frame Whi OrangeTankTop,Frame,Top,
10004642,29.99,0.0,1,1,M,Francesca Black Lace Dress,Francesca's,Dress,
10008712,32.99,8.5,1,1,,Francesca's Blue Rain Black Dress XS,,Dress,74.2
10008562,24.99,8.0,1,1,S,Francescas PinkSweater,Francesca's,Sweater/Cardigan,68.0
10007937,29.99,18.5,1,1,8.5,Franco Sarto Shoes,,Shoes,38.3
10007358,18.99,0.0,1,0,10,Franco Sarto Tan Leather Slip Ons,Franco Sarto,Other,
10007045,24.99,0.0,1,1,8.5,Franco Sarto White Loafers,Franco Sarto,Shoes,
10004914,27.99,0.0,1,1,9.5,Franco BlackBoot,Franco Sarto,Shoes,
10005408,21.99,0.0,1,0,9,FrancoS BllLoafer,Franco Sarto,Shoes,
10007689,74.99,0.0,1,1,8,Frank Eileen White Cotton Pants,Frank & Eileen,Jeans/Pants,
10004059,23.99,0.0,1,0,,Frankie&Johnny Mhgny Purse,Frankie X Johnny,Accessories,
10007682,25.99,0.0,1,1,2,Fred David Black & White Dress,Fred David,Dress,
10008398,19.99,5.0,1,1,,Fred David Red Skirt XL,,Skirt,75.0
10007174,33.99,0.0,1,0,M,Frederick's of Hollywood Leopard Slip,Frederick's of Hollywood,Other,
10006749,47.99,0.0,1,1,38,Frederick's Pink Corset Black Detail,Frederick's of Hollywood,Set,
10008040,15.0,3.75,1,1,,Free for Love Corsette L,,Set,75.0
10007998,35.99,0.0,1,1,10,Free People Black Faux Shiny Pants,Free People,Jeans/Pants,
10006563,18.99,0.0,1,0,M,Free People Black Tank Emb,Free People,Top,
10008036,19.0,4.75,1,1,,Free People Black Top XS,,Top,75.0
10007360,23.99,0.0,1,0,6,Free People Blue Skirt,Free People,Skirt,
10007554,20.0,5.0,1,1,,Free People Burgundy Cardigan L,,Sweater/Cardigan,75.0
10008428,24.99,6.25,1,0,,Free People Intimately Romper Blue M,,Romper/Jumpsuit,75.0
10007116,28.99,0.0,1,0,6,Free People Light Pink Pattern Long Skirt,Free People,Skirt,
10006662,22.99,0.0,1,0,S,Free People Lilac Dress,Free People,Dress,
10006711,29.99,0.0,1,0,XS,Free People NWT Yellow Dress,Free People NWT,Dress,
10005517,35.99,0.0,1,1,10,Free People Orange Gold SL Dress,Free People,Dress,
10003506,41.99,0.0,1,1,4,Free People Overalls Blue Jeans,Free People,Jeans/Pants,
10007913,37.99,0.0,1,0,8,Free People Red NWT Lace Dress,Free People NWT,Dress,
10003483,52.99,0.0,1,1,S,Free People Shag Vest Black & White,Free People,Top,
10006986,24.99,0.0,1,1,4,Free People Snakeskin Skirt,Free People,Skirt,
10004150,24.99,0.0,1,1,S,Free People Top Floral Black & White,Free People,Top,
10006768,26.99,0.0,1,0,L,Free People Tunic White,Free People,Other,
10008762,25.0,6.25,1,1,,Free People White LS Top M,,Top,75.0
10007283,22.99,0.0,1,0,XS,Free People Yellow LS Top,,Top,
10007330,27.99,0.0,1,0,S,Free People Yellow Skirt,Free People,Skirt,
10004879,26.99,0.0,1,1,L,free people bls ptrn,Free People,Top,
10004680,22.99,0.0,1,1,S,free people swter strip grn wht,Free People,Other,
10003415,18.99,0.0,1,1,L,Freebird Tank Top Green,Freebird,Top,
10006058,199.99,0.0,1,1,7,freebird boot wht leather,Freebird,Shoes,
10006575,23.99,0.0,1,0,S,Freemarket White Floral Top,Freemarket,Top,
10005069,24.99,0.0,1,1,S,FreePeople Shoulder Top Orng,Free People,Top,
10006067,22.99,0.0,1,1,,freepeople bls blk sp,Free People,Top,
10006404,22.99,0.0,1,0,XS,FreePeople PinkTanktop,Free People,Top,
10006117,28.99,0.0,1,1,S,FreePeople Whi&BlkDress,Free People,Dress,
10008592,25.99,8.0,1,1,L,FreePeople WhiSingeTop,Free People,Other,69.2
10004624,24.99,0.0,1,1,4,French C Black Dress,French Connection,Dress,
10007775,19.99,0.0,1,1,M,French Closet White Shorts,The French Closet,Shorts,
10006463,37.99,0.0,1,1,8,French Conn Orange Kisses Dress,French Connection,Dress,
10003362,39.99,7.99,1,1,8,French Connection Brown Heals,French Connection,Top,80.0
10004848,18.99,0.0,1,1,18,French Toast Black School Skirt,French Toast,Skirt,
10008585,28.99,8.0,1,0,0,FrenchC BlackDress,French Connection,Dress,72.4
10008375,24.99,8.99,1,1,XL,Frenchi floral skirt,Frenchi,Skirt,64.0
10006111,15.99,0.0,1,0,S,Frenchi Blk&WhiSheerlayerTop,Frenchi,Other,
10008619,8.99,2.25,1,1,L,Freshwear Brown Halter Top M,,Top,75.0
10007313,30.0,0.0,1,0,,Freyrs LightSunglasseswCase,Freyrs,Top,
10007312,30.0,0.0,1,0,,Freys BrwnSunglasses,Freyrs,Top,
10003320,29.99,0.0,1,2,8,"FRH Green Heels with White Polka Dots,",Fhr,Top,
10008735,28.99,6.5,1,1,,Fruit of Loom Vols LS T-Shirt XL,,Top,77.6
10004880,13.99,0.0,1,1,XL,fruitoftheloom tshrt org,Fruit Of The Loom,Shorts,
10007659,64.99,0.0,1,1,,Frye Dahlia Rivet Leather Shoes 7,,Shoes,
10004244,65.0,0.0,1,1,5,Frye Embroidered Boot 1,Frye,Shoes,
10006328,75.99,0.0,1,0,7.5,Frye Wood Heels,Frye,Top,
10006794,17.99,0.0,1,1,L,Fun2Fun YellowFloralShirt,Fun2Fun,Top,
10006829,17.99,0.0,1,1,L,Fun2Fun YellowFlowerShirt,Fun2Fun,Top,
10008067,35.99,0.0,1,1,S,Funky BlueDress,Funky,Dress,
10003198,29.99,0.0,1,1,,Fur Vest Jacket,Unknown,Jacket/Coat,
10004391,9.99,0.0,1,0,,FYEO BlkChainMiniBag,For Your Ease Only Inc,Accessories,
10007553,30.0,7.5,1,1,L,G by Giuliana Grey Coat,,Jacket/Coat,75.0
10004781,32.99,0.0,1,0,S,G Dresses Tan Long Sweater Feather,G Dresses,Dress,
10008125,34.99,0.0,1,1,S,GabrieleK kettomyheartSet,Gabriele Knecht,Set,
10008126,34.99,0.0,1,1,S,GabrieleK KidsGreenBeeSet,Gabriele Knecht,Set,
10005955,26.99,0.0,1,1,M,Gaby Burgundy SS w Hood,Gaby,Top,
10003889,19.99,0.0,1,1,S,Gaiam Athleisure Pnk,Gaiam,Other,
10004932,31.99,0.0,1,1,8,Gantos TanAniPrintTop,Gantos,Other,
10007642,24.99,0.0,1,0,M,Gap Black Button Up SL Top,Gap,Top,
10004792,17.99,0.0,1,0,M,Gap Black Leather Brass Belt,Gap,Top,
10005623,9.99,0.0,1,1,M,Gap Black Tee,Gap,Top,
10006429,15.99,0.0,1,1,M,GAP camo tshirt,Gap,Top,
10006282,14.99,0.0,1,1,XS,Gap Dark Blue Stripe Top,Gap,Top,
10006460,25.99,0.0,1,1,L,GAP Light Brown Cardigan,Gap,Sweater/Cardigan,
10007796,19.99,0.0,1,1,4,gap pink girlfriend khaki pant,Gap,Jeans/Pants,
10006819,10.99,0.0,1,1,12,GAP Red Shorts,Gap,Shorts,
10003533,19.99,0.0,1,1,L,GAP Sweater Pink,Gap,Sweater/Cardigan,
10007822,15.99,0.0,1,0,,Gap White Lace Top XS,,Top,
10006275,26.99,0.0,1,0,L,GAP White Lace Top,Gap,Top,
10005040,20.99,0.0,1,1,XS,Gap Embrdrd Blouse Wht&Blk,Gap,Top,
10006906,21.99,0.0,1,1,14,GAP MulticolStripeShort,Gap,Shorts,
10006022,18.99,0.0,1,1,XS,GAP PnkLongsleeve,Gap,Other,
10004294,25.99,0.0,1,1,L,Gap Raspberry Sweater,Gap,Sweater/Cardigan,
10006873,19.99,0.0,1,0,S,GAP WhiDotBttnDown,Gap,Other,
10006923,19.99,0.0,1,1,16,GAP WhiteBttnDwnSkirt,Gap,Skirt,
10002701,28.99,0.0,1,1,,GAPJacket_Di,Gap,Jacket/Coat,
10001339,17.99,0.0,1,1,,GAPSweater_Su,Gap,Sweater/Cardigan,
10003792,22.99,0.0,1,1,XS,Garage Gray Longsleeve,Garage,Other,
10006676,16.0,0.0,1,0,S,Garage Jean Skort,Garage,Jeans/Pants,
10008271,34.99,8.0,1,1,,Garnet Hill Black Sweater S,,Sweater/Cardigan,77.1
10005892,34.99,0.0,1,1,M,Gaslon Orange Cardigan,Gaslon,Sweater/Cardigan,
10004988,21.99,0.0,1,1,L,Gaze Baby Pink Tie Front LS,Gaze,Top,
10006661,22.99,0.0,1,1,M,GB Hot Pink Floral Wrap Dress,Gb,Dress,
10007069,15.99,0.0,1,0,6.5,GC White Beige Sandals,,Top,
10006637,35.99,0.0,1,1,,Gemstone Hide Belt with Crosses,Wholesay by Atlas,Top,
10007946,24.99,0.0,1,1,6,Gene Meyer Beige Skirt,,Skirt,
10007106,14.99,0.0,1,0,L,Generation Kiss Denim Top,Generation Kiss,Jeans/Pants,
10004916,25.99,0.0,1,1,5,GenLeather BrwnLeatherJacket,Genuine Leather,Jacket/Coat,
10007119,24.99,0.0,1,1,10,Geoffrey Beene White & Black Floral Skirt,Geoffrey Beene,Skirt,
10004528,18.99,0.0,1,1,,Georciou Studio Black Sequin Clutch,Georciou Studio,Accessories,
10008158,19.99,8.0,1,0,4,George Brown Floral Skirt,George,Skirt,60.0
10003522,17.99,0.0,1,1,M,George LS Top Black & White,George,Top,
10004707,29.99,0.0,1,1,XL,george swtr floral,George,Sweater/Cardigan,
10004058,23.99,0.0,1,1,7.5,Geox Blk Wedge Heel,Geox,Shoes,
10004820,25.99,0.0,1,1,XL,Gerry Reversible Gray Vest w Hood,Gerry,Top,
10004973,37.99,0.0,1,1,S,Giani Bini Green Puffy Skirt,Giani Bini,Skirt,
10005429,42.99,0.0,1,1,XS,GianiBini Lace Dress Blk&Crm,Giani Bini,Dress,
10006875,17.99,0.0,1,0,M,GianiBini TanCropTankTop,Giani Bini,Top,
10007676,49.99,0.0,1,0,,Gianni Bini Brown Boots 7.5,,Shoes,
10002063,55.0,0.0,1,1,12,Gianni Bini NWT Dress Taupe,Gianni Bini NWT,Dress,
10006254,15.99,0.0,1,0,11,Gianni Bini Red Shoes,Giani Bini,Shoes,
10004051,22.99,0.0,1,1,7.5,GianniBini Jeweled Heel,Gianni Bini,Shoes,
10005209,22.99,0.0,1,1,S,Gibson Look Sleeveless Floral Top,Gibson,Top,
10003467,19.99,0.0,1,1,S,Gibson LS Top Blue,Gibson,Top,
10005292,22.99,0.0,1,0,S,Gibson BlackTop,Gibson,Other,
10007736,26.99,0.0,1,0,M,GigioUSA GrnBttnDownBlouse,Gigio USA,Top,
10004042,19.99,0.0,1,1,,GildanTee Shirt_Gil,Gildan,Top,
10005707,24.99,0.0,1,1,L,Gilla Multicolor Crop Top,Gilla,Top,
10008419,38.99,9.75,1,1,L,Gilli Maxi Skirt Blue,,Skirt,75.0
10004846,25.99,0.0,1,1,L,Gilli Rose Gold Zebra Silky Tank,Gilli,Top,
10002396,15.99,0.0,1,1,,GilliganOMalley Slip,Gilligan X OxMalley,Other,
10003768,29.99,0.0,1,1,38,Gina Kahiki Pants,gina Tricot,Jeans/Pants,
10003437,450.0,0.0,1,1,,Giorgio Brato Studded Black Handbag,Girgio Brato,Accessories,
10005720,28.99,0.0,1,-1,,Giorgio red shirt,,Top,
10005689,39.99,0.0,1,1,14,Giorgio St Angelo Wool Pants,Giorgio Saint Angelo,Jeans/Pants,
10005420,32.99,0.0,1,0,4,GirlsFromSavoy PurpSleevlessDress,Girls From Savoy,Dress,
10005102,18.99,0.0,1,1,M,Glam Hot Pink Crop Top,Glam,Top,
10004372,19.99,0.0,1,0,S,Glam GreySweater,Glam,Sweater/Cardigan,
10008473,11.99,3.99,1,1,,Glitter Belt,,Accessories,66.7
10008169,26.99,8.0,1,1,M,Globus Blue SS Top,Globus,Top,70.4
10006867,20.99,0.0,1,1,10,GloriaVand TanLongShorts,Gloria Vanderbalt,Shorts,
10003267,24.99,0.0,1,1,,Gold & Silver Necklace,Unknown,Accessories,
10006581,8.99,0.0,1,0,,Gold Bronze Necklace,Unknown,Accessories,
10006597,12.99,0.0,1,0,,Gold Circle Design Necklace,Unknown,Accessories,
10003972,22.99,0.0,1,1,S,Gold Sequin Collar Top,Grace Karin,Top,
10006740,45.99,0.0,1,1,,Gold Wire Metal Purse,Unknown,Accessories,
10004219,15.99,0.0,1,0,,Gold White Necklace,Unknown,Accessories,
10006119,27.99,0.0,1,1,10,Golftini NavyWhitrimSkirt,Golftini,Skirt,
10006319,25.99,0.0,1,1,L,Good Yarn Wrap Skirt Red,Good Yarn,Skirt,
10007767,21.99,0.0,1,0,9.5,GoodChoice PinkFlowerShoe,Good Choice,Shoes,
10008157,34.99,8.0,1,1,XL,goodclothes Black Floral Skirt,Goodclothes,Skirt,77.1
10005480,25.99,0.0,1,1,L,goodclothes swtr pnk,Goodclothes,Sweater/Cardigan,
10005590,15.99,0.0,1,1,S,Gorgeous Blue Lace Top Polka Dot,Gorgeous,Top,
10005582,15.99,0.0,1,1,S,Gorgeous Blue Lace Top,Gorgeous,Top,
10005570,29.99,0.0,1,1,XXL,Grace Karin Beige Cardigan,Grace Karin,Sweater/Cardigan,
10005939,16.99,0.0,1,1,L,Grace Karin Pink Cardigan,Grace Karin,Sweater/Cardigan,
10006669,29.99,0.0,1,1,6,grace pink skirt,Grace,Skirt,
10004464,24.99,0.0,1,0,S,GraceK BlkBlouse,Grace Karin,Top,
10005190,25.99,0.0,1,0,M,Gracia Black Fishnet Top,Gracia,Top,
10008343,21.99,0.0,1,0,M,GradeXG WhiBlouse,Grade X Gather,Top,
10005551,22.99,0.0,1,1,L,Gradual Camo Athletic Skirt,Gradual,Skirt,
10003156,26.99,0.0,1,1,,Grateful Dead Tee,Cha Sor,Top,
10004586,29.99,0.0,1,1,M,Grateful Dead Tie Dye Graphic Tee,Grateful Dead,Top,
10007086,26.99,0.0,1,0,,Gray Floral Sparkly Hat,Unknown,Accessories,
10007727,30.99,0.0,1,1,M,Gray Jean Vest,Unknown,Jeans/Pants,
10004531,15.99,0.0,1,1,,Gray Jewelstone Necklace Silver,,Top,
10003999,18.99,0.0,1,1,,Gray Metal Black Flower Necklace,,Accessories,
10003572,99.99,0.0,1,1,S,Gray Suede Jacket,Blank NYC,Jacket/Coat,
10006465,16.99,0.0,1,0,L,Gray Tennessee Tshirt,Unknown,Top,
10004803,24.99,0.0,1,1,XL,Green & Pink Sports Jacket,Unknown,Jacket/Coat,
10004843,18.99,0.0,1,1,XXL,Green E Black Tank,Green Envelope,Top,
10005651,19.99,0.0,1,1,L,Green Envelope Green LS,Green Envelope,Top,
10008727,24.99,6.5,1,1,,Green Envelope LA Blue Top L,,Top,74.0
10007940,19.99,0.0,1,0,,Green Flower Necklace Choker,Unknown,Accessories,
10003582,24.99,0.0,1,1,8,Green Jeggings,D.Jeans,Other,
10004446,24.99,0.0,1,0,M,Green Khaki Jogger,Banana Republic,Other,
10004253,21.99,0.0,1,1,L,Green Knit Sweater,Unknown,Sweater/Cardigan,
10004791,15.99,0.0,1,0,,Green Leather Belt,Unknown,Accessories,
10007932,23.99,0.0,1,1,,Green Necklace,Unknown,Accessories,
10007996,21.99,10.95,1,1,,Green Peas Necklace,,Accessories,50.2
10008192,27.99,6.0,1,1,L,Green Pink Embroided Top,Unknown,Top,78.6
10004990,18.99,0.0,1,1,M,Green Quarter Zip,Unknown,Other,
10007952,19.99,0.0,1,0,,Green Stone Earings,,Accessories,
10006375,18.99,0.0,1,1,,Green Studded Belt,Unknown,Accessories,
10003347,39.99,12.99,1,0,6,Green Suede Boots La Canadienne 1,La Canadienne,Shoes,67.5
10006996,19.99,0.0,1,0,M,Green Tan Satin SL Top,Unknown,Top,
10005539,25.99,0.0,1,1,M,Green Tank w Feather,Unknown,Top,
10006696,28.99,0.0,1,1,XL,Green Tea Gray Fuzzy Zip Up,Green Tea,Other,
10006205,19.99,0.0,1,0,,green texture design tanktop medium,Paper Crane,Top,
10007599,24.99,0.0,1,0,,Green w Copper Leaf Bag,,Accessories,
10006837,18.99,0.0,1,1,M,Green wallflower dress,Wallflower Vintage Collection,Dress,
10006206,19.99,0.0,1,0,,green with white flowers blouse small,Sadie & Sage,Top,
10007942,19.99,0.0,1,1,,Green Yellow Orange Necklace,Unknown,Accessories,
10008127,34.99,0.0,1,1,,GreenStripeCrochetPoncho,Unknown,Other,
10005455,32.99,0.0,1,1,L,GretchenS Grn&PinkBlouse,Gretchen Scott,Top,
10008573,39.99,8.0,1,1,XS,GretchenS TanFlowerDress,Gretchen Scott,Dress,80.0
10007237,28.99,0.0,1,1,,Grey Adora Hat,,Accessories,
10006216,18.99,0.0,1,1,XS,grey and pink blouse,Banana Republic,Top,
10004269,25.99,0.0,1,1,XL,Grey Button-Up Sweater,Coldwater Creek,Sweater/Cardigan,
10004121,25.99,0.0,1,0,S,Grey Kiss Tee,Recycled Karma,Top,
10004242,75.99,0.0,1,1,,Grey Multi-Color Sweater,Aldomartins,Sweater/Cardigan,
10004129,19.99,0.0,1,1,M,Grey Skull Tank,Chasor,Top,
10006228,19.99,0.0,1,0,,grey tennessee vols tshirt medium,Champion,Top,
10004900,15.99,0.0,1,0,S,GreyCrochetTankTop,Unknown,Top,
10001072,29.99,0.0,1,1,,GreylinDress_Ak,Greylin,Dress,
10006031,12.99,0.0,1,1,M,GreyLongSleeve,Unknown,Other,
10004427,28.99,0.0,1,1,M,GreyMetallicQtrButton,Pilcro,Other,
10005896,29.99,0.0,1,0,M,Griffen Blue Cashmere Sweater,Griffen,Sweater/Cardigan,
10008593,28.99,8.0,1,1,S,GrnAnimalPrSheerTop,Unknown,Other,72.4
10005423,28.99,0.0,1,0,M,GTWUrban RedDress,GTW Urban,Dress,
10005232,25.99,0.0,1,1,M,Guess Black Dress,Guess,Dress,
10004054,25.99,0.0,1,1,6.5,Guess Blk Buckle Boot,Guess,Top,
10003477,31.99,0.0,1,1,12,Guess Dress Black,Guess,Dress,
10007922,32.99,0.0,1,1,27,Guess Jean Skirt,,Skirt,
10005953,24.99,0.0,1,0,S,Guess Jeans Green Tank,Guess Jeans,Jeans/Pants,
10006634,42.99,0.0,1,1,,guess leather belt with metal studs,Guess,Top,
10008568,32.99,8.0,1,1,XS,Guess Magenta Dress,,Dress,75.8
10007022,38.99,0.0,1,1,4,Guess Red High Neck Dress,Guess,Dress,
10003476,59.99,0.0,1,1,L,Guess Wool Jacket Black,Guess,Jacket/Coat,
10004407,24.99,0.0,1,1,9,Guess Blk&GoldHeels,Guess,Top,
10008603,45.99,8.0,1,1,7,Guess SilverDress,Guess Jeans,Dress,82.6
10005345,15.99,0.0,1,1,M,guess tank blu,Guess,Top,
10006073,18.99,0.0,1,1,,guess tank pnk sp,Guess,Top,
10004027,32.99,0.0,1,0,,guessTee Shirt_Gue,Guess,Top,
10004589,14.99,0.0,1,0,L,Guns & Roses Graphic T,Guns N Roses,Other,
10006339,22.99,0.0,1,0,M,Gypsies & Moondust Red Blue Stripe Top,Gypsies & Moondust,Top,
10005884,16.99,0.0,1,1,L,H & M Beige Cardigan,H X M,Sweater/Cardigan,
10005274,14.99,0.0,1,0,S,H & M Black Crop Top SL White Embroidery,H X M,Top,
10006610,18.99,0.0,1,1,4,H & M Black Jean Skirt,H&M,Skirt,
10004804,25.99,0.0,1,1,L,H & M Black Satin SS Tank,Hxm,Top,
10007647,18.99,0.0,1,1,XL,H & M Dark Green Gold Top,Hxm,Top,
10005533,16.99,0.0,1,1,8,H & M Purple Bugundy Skirt,H X M,Skirt,
10007577,9.99,0.0,1,1,L,H & M Red Crochet Shorts,H X M,Shorts,
10006572,24.99,0.0,1,1,S,H&M Beige LS Open Back Top,H&M,Top,
10008616,25.99,6.5,1,1,,H&M Black SS Top S,,Top,75.0
10008703,15.99,4.25,1,1,,H&M Black White Sleeveless Top S,,Top,73.4
10007194,24.99,0.0,1,1,8,H&M Dress Black,,Dress,
10008467,24.99,8.0,1,1,8,H&M Green & White Top,,Top,68.0
10007555,23.0,5.75,1,0,M,H&M Orange Sweater,,Sweater/Cardigan,75.0
10003964,11.99,0.0,1,0,M,H&M Ruffle Bodysuit Blk,H&M,Top,
10006110,15.99,0.0,1,1,S,H&M CrmCropTop,H&M,Top,
10003589,25.99,0.0,1,1,10,H&M PatternPant,H X M,Jeans/Pants,
10006367,21.99,0.0,1,0,S,H PinklaceTop,H by bordeaux,Other,
10008680,32.99,8.0,1,1,,Habitat Green LS Blouse L,,Top,75.8
10005908,18.99,0.0,1,0,S,Haeof Black Long Skirt,Haeof,Skirt,
10007739,33.99,0.0,1,1,M,HaliBob MulticolBlouse,Hali Bob,Top,
10003319,25.99,0.0,1,1,,Halogen Pink & Black Embroidered Skirt,Halogen,Skirt,
10007169,18.99,0.0,1,1,M,Halogen Sleeveless Blouse,,Top,
10005788,18.99,0.0,1,0,M,Halogen BlkLaceTanktop,Halogen,Top,
10004638,295.0,0.0,1,1,M,Halston NWT Brown Dress,Halston NWT,Dress,
10008147,23.99,8.0,1,1,S,halter white floral blouse,Unknown,Top,66.7
10008070,25.99,0.0,1,1,M,HamptonCourtKnits GreyPurpTank,Hampton Court Knits,Sweater/Cardigan,
10007406,15.99,0.0,1,0,,Hand Painted Owl Pin VINTAGE,Unknown,Other,
10002474,39.99,0.0,1,0,,Hanes (collector item)Tee Shirt_Za,Hanes (collector item),Top,
10002863,21.99,0.0,1,0,,Hanes (collector item)Tee Shirt_Za,Hanes (collector item),Top,
10008450,21.99,6.4,1,1,,Hanes Tennessee Grey Orange T S,,Top,70.9
10007824,33.99,24.0,1,1,M,Hanky Panky Pink Lace,,Other,29.4
10003691,25.99,0.0,1,0,S,HannaGracie Grey Layered Skirt,Hanna Gracie,Skirt,
10008719,22.99,6.25,1,1,,Hannah Brown Beige Cardigan S,,Sweater/Cardigan,72.8
10005310,7.99,0.0,1,0,,Harding-Lane Kids Pink Cherry BBall Hat,Harding-Lane,Accessories,
10004591,26.99,0.0,1,1,XXL,Harey D Black Tank,Harley Davidson,Top,
10004185,79.99,0.0,1,0,9.5,Harley D. Leather Boots,Harley Davidson,Shoes,
10005586,74.99,0.0,1,1,,Harley Davidson Black Leather Hat,Harley Davidson,Accessories,
10006700,19.99,0.0,1,0,L,Harley Davidson Blue Tshirt White LS,Harley Davidson,Top,
10008639,24.99,6.25,1,1,,Harley Davidson Grey T-Shirt XXL,,Top,75.0
10007136,25.99,0.0,1,1,L,Harley Davidson Tank Top,Harley Davidson,Top,
10003729,25.99,0.0,1,1,XL,harley davidson shirt beige,Harley Davidson,Top,
10004031,32.99,0.0,1,1,,Harley DavidsonJacket_HDJ,Harley Davidson,Jacket/Coat,
10004028,23.99,0.0,1,0,,Harley DavidsonTank Top_HD,Harley Davidson,Top,
10004032,21.99,0.0,1,0,,Harley DavidsonTank Top_Hdaa,Harley Davidson,Top,
10004034,22.99,0.0,1,0,,Harley DavidsonTee Shirt_hdac,Harley Davidson,Top,
10004035,22.99,0.0,1,1,,Harley DavidsonTee Shirt_Hdae,Harley Davidson,Top,
10004037,22.99,0.0,1,0,,Harley DavidsonTee Shirt_Hdaf,Harley Davidson,Top,
10004039,19.99,0.0,1,0,,Harley DavidsonTee Shirt_Hdah,Harley Davidson,Top,
10004040,20.99,0.0,1,1,,Harley DavidsonTee Shirt_Hdba,Harley Davidson,Top,
10001050,42.99,0.0,1,0,,Harley DavidsonTee Shirt_Li,Harley Davidson,Top,
10003834,37.99,0.0,1,1,L,HarleyDavidson Cropped Sweatshirt,Harley Davidson,Top,
10008351,17.99,0.0,1,0,M,HarloweXG RedBlkLaceTop,Harlowe X Graham,Other,
10008216,24.0,6.0,1,1,8,Harold's Beige Skirt,,Skirt,75.0
10005700,32.99,0.0,1,0,S,Harper Blush Pink Jacket Ruffle,Harper Heritage,Jacket/Coat,
10006016,28.99,0.0,1,1,M,HarperHer YllwBttndwn,Harper Heritage,Other,
10004339,24.99,0.0,1,0,12,Harve B & W Jacket,Harve Benard,Jacket/Coat,
10006509,24.99,0.0,1,1,XL,Harve B NWT Light Pink Buttondown,Harve Benard,Other,
10003386,34.99,0.0,1,1,XL,Harve Bernard Sweater Blue,Harve Benard,Sweater/Cardigan,
10006518,39.99,0.0,1,1,XS,Haute Hippie Gray Sequin Skirt,Haute Hippie,Skirt,
10007681,10.99,0.0,1,0,L,Haute Monde Pink Tulle Skirt,Haute Monde,Skirt,
10005203,22.99,0.0,1,1,L,Have Black & White Striped Romper w Bow,Have,Romper/Jumpsuit,
10006276,29.99,0.0,1,1,S,Haven + Blair Mint Green Top LS,Haven + Blair,Top,
10006782,28.99,0.0,1,1,M,HavenBlair LemonBlouse,Haven + Blair,Top,
10003562,19.99,0.0,1,0,,Hawaiian Punch Tee Shirt,Hawaiian Punch,Top,
10007462,23.99,0.0,1,1,M,Hazel Brown Green SS Dress,Hazel,Dress,
10006718,28.99,0.0,1,1,L,Hazel M Pink Cherry Sheer SS,Hazel Moon,Top,
10008121,29.99,0.0,1,1,M,HC PurpleCrochetShirt,Hand Crocheted,Top,
10007428,15.99,0.0,1,1,,Heart Ring,,Accessories,
10005667,14.99,0.0,1,0,L,Heart Soul Blue Black Top,Heart Soul,Top,
10005755,25.99,0.0,1,0,S,Heart Soul Light Pink & Black Blouse,Heart Soul,Top,
10008802,27.99,7.0,1,1,,Heart Soul Multi-Color Dress L,,Dress,75.0
10005749,28.99,0.0,1,0,M,Heart Soul Pink Ruffle Tank,Heart Soul,Top,
10008166,23.99,8.0,1,1,L,Heart Soul Red Green SL Top,Heart Soul,Top,66.7
10005511,14.99,0.0,1,1,S,Heifer Black Tshirt,Unknown,Top,
10008441,35.99,9.0,1,0,L,Helena Fejkova Beige Dress M,,Dress,75.0
10007451,27.99,0.0,1,1,S,Helix Black Zip Up Jacket,Helix,Jacket/Coat,
10004980,21.99,0.0,1,1,L,Hello Franki Cream Blue Flannel,Hello Franki,Other,
10008292,14.99,0.0,1,0,L,HelloFranki Blue&WhiTop,Hello Franki,Other,
10003776,53.99,0.0,1,1,28,Helmut Army Green Pants,Helmut,Jeans/Pants,
10006650,85.99,0.0,1,1,M,Helmut Lang NWT red fuzzy skirt,Helmut Lang NWT,Skirt,
10007918,22.99,0.0,1,0,L,Hem & Thread Cheetah Tank,Hem & Thread,Top,
10007874,19.99,0.0,1,0,,Hengsheng Jean Jacket M,,Jeans/Pants,
10006762,15.99,0.0,1,1,M,Hengsheng Jean Jacket,Hengsheng,Jeans/Pants,
10006115,15.99,0.0,1,0,S,Her PnkFlareSleeveBttnDwn,Her,Other,
10007701,29.99,0.0,1,0,L,HerENSG OrangeButtonRomper,Her Entire Name Says Grace,Romper/Jumpsuit,
10005352,18.99,0.0,1,0,S,hers & mine bls blk,Hers & Mine,Top,
10003814,36.99,0.0,1,1,M,Hidden Black Button Up Jacket,Hidden,Jacket/Coat,
10006414,95.0,0.0,1,1,L,HighSecret BlkMulticolJacket,High Secret,Jacket/Coat,
10007950,28.99,0.0,1,0,L,Highway Jeans Jacket,,Jeans/Pants,
10005098,15.99,0.0,1,0,M,Highway Jeans Jean Vest,Highway Jeans,Jeans/Pants,
10005773,32.99,0.0,1,0,13,Highway JemDenimSkirt,Highway Jeans,Skirt,
10007005,25.99,0.0,1,1,,Hilary Radley Green V Neck Sweater,Hilary Radley,Sweater/Cardigan,
10002371,22.99,0.0,1,1,,Hint of MintLS Top_P,Hint of Mint,Top,
10007612,21.99,0.0,1,1,S,Hippie Rose 2-pc top shorts,,Shorts,
10005409,35.99,0.0,1,1,9,HoldingHorses BlkReddetailHeel,Holding Horses,Shoes,
10004394,39.99,0.0,1,0,39,HoldingHorses BrwnLacedBoot,Holding Horses,Shoes,
10008300,5.0,0.0,1,25,,HOLDINGITEM,Unknown,Other,
10005123,18.99,0.0,1,0,29,Hollister Camo Pants,Hollister,Jeans/Pants,
10005124,32.99,0.0,1,0,XXS,Hollister Dark Gray Bomber Jacket,Hollister,Jacket/Coat,
10007019,24.99,0.0,1,1,4,Hollister Jeans Light Dark Blue,Hollister,Jeans/Pants,
10003518,21.99,0.0,1,1,M,Hollister Pants Black & White,Hollister,Jeans/Pants,
10008044,17.0,4.25,1,1,L,Hollister Red Floral Skirt,Hollister,Skirt,75.0
10008633,17.99,4.5,1,1,XS,Hollister SS Top Blue,,Top,75.0
10000771,25.99,0.0,1,0,6,HollisterJeans,Hollister,Jeans/Pants,
10007564,27.99,0.0,1,1,S,Holloway Burgundy Rain Jacket,Holloway,Jacket/Coat,
10008656,27.99,7.0,1,1,,Honey Peach Green Sleeveless Dress S,,Dress,75.0
10007921,19.99,0.0,1,1,S,Honey Punch Blue Lace Bodysuit,Honey Punch,Top,
10004007,28.99,0.0,1,1,,Honey Punch Cardigan,Honey Punch,Sweater/Cardigan,
10003312,22.99,0.0,1,0,,Hooters Tank,Hooters,Top,
10006723,17.99,0.0,1,1,XS,Hot Pink One Shoulder Crop Top,Unknown,Top,
10004801,15.99,0.0,1,1,L,Hot Tees SL Pink Graphic,Hot Tees,Top,
10006804,18.99,0.0,1,1,S,HotKiss PinkDrawSTringPant,Hot Kiss,Jeans/Pants,
10005951,22.99,0.0,1,1,S,House of Harlow Green & White Crop Top,House of Harlow 1960,Top,
10006649,49.99,0.0,1,0,S,house of harlow multi color maxi dress,House of Harlow 1960,Dress,
10007731,33.99,0.0,1,0,M,House of Harlow Satin Collared Blouse,House of Harlow 1960,Top,
10003565,24.99,0.0,1,1,M,House of Harlow Tank Top Beige,House of Harlow,Top,
10007528,27.99,0.0,1,1,,How Very Loved Red Floral Dress L,,Dress,
10006056,75.99,0.0,1,0,7,hrlydvdsn boot bwn lthr,Harley Davidson,Shoes,
10004907,21.99,0.0,1,1,8,HSTrask BlackBoot,H S Trask,Shoes,
10007484,15.99,0.0,1,0,M,Hudson Gray LS Top,,Top,
10006822,12.99,0.0,1,1,29,Hudson Green Shorts,Hudson,Shorts,
10003602,32.99,0.0,1,1,8,Hudson BlackPant,Hudson,Jeans/Pants,
10006349,16.99,0.0,1,1,XS,Hudson BlkShort,Hudson,Shorts,
10006415,27.99,0.0,1,1,L,HummingBird PinkWrapBodySuit,Humming Bird,Top,
10005666,12.99,0.0,1,0,10,Hunt Club Beige,Hunt Club,Other,
10008025,17.0,4.25,1,0,,Hurley Leopard Shorts,Hurley,Shorts,75.0
10003887,19.99,0.0,1,1,M,Hurley Pink Pullover,Hurley,Sweater/Cardigan,
10004503,15.99,0.0,1,0,14,Hydraulic Jean Skirt,Hydraulic,Skirt,
10005375,26.99,0.0,1,0,M,HyFve Black Top,Hyfve,Top,
10008625,11.99,3.0,1,0,,HYFVE Green Halter Top L,,Top,75.0
10008283,22.0,5.5,1,1,S,Hyfve White Skirt,Hyfve,Skirt,75.0
10008645,12.99,3.25,1,0,M,HYFVE Yellow Top,,Top,75.0
10005791,15.99,0.0,1,1,S,HYFVE LilaccinchTop,Hyfve,Other,
10005494,15.99,0.0,1,0,S,Hypnotik Blue Gray Circle Dress,Hypnotik,Dress,
10007456,27.99,0.0,1,1,4,I.C.E pink jacket,I.C.E.,Jacket/Coat,
10006756,42.99,0.0,1,1,L,I.N Purple Floral Satin Tank,I.N. San Francisco,Top,
10004823,23.99,0.0,1,0,M,I.N. Black Floral SL Dress Glitter,I.N. San Francisco,Dress,
10003868,24.99,0.0,1,1,S,ICE Purp Pink Longsleeve Dress,Ice,Dress,
10006336,28.99,0.0,1,0,6,Ideology Purple Silk Blouse,Ideology,Top,
10006051,32.99,0.0,1,0,M,IErelaxed GrnPatternShirt,Ie Relaxed,Top,
10008015,26.0,6.5,1,1,M,IISLI Black Tank w Details,Iisli,Top,75.0
10007083,23.99,0.0,1,0,7.5,Ilaria Sartori Black Gold Sandals,Ilaria,Top,
10008161,25.99,8.0,1,1,L,Iman Red Pants,Iman,Jeans/Pants,69.2
10005650,24.99,0.0,1,1,L,Impeccable Pig Red & Black LS Top,The Impeccable Pig,Top,
10008715,39.99,8.5,1,1,,Impressions Leaf Dress S,,Dress,78.7
10002403,19.99,0.0,1,0,,In BloomCamisole,In Bloom,Top,
10002410,24.99,0.0,1,1,,In BloomCamisole,In Bloom,Top,
10002408,24.99,0.0,1,0,,In BloomCamisole_Je,In Bloom,Top,
10003329,35.99,0.0,1,1,,In Cashmere Wool Pearl Black Scarf,In,Accessories,
10005825,27.99,0.0,1,-1,,IN MULTI,,Other,
10007735,27.99,0.0,1,1,M,Ina BlueSlvlssFlowerTop,Ina,Top,
10006543,14.99,0.0,1,1,L,INC Black & Rose SL Top,Inc,Top,
10005636,21.99,0.0,1,1,XL,INC Black & White Polka Dot Top,Inc,Top,
10007441,31.99,0.0,1,1,L,INC Black Jacket,,Jacket/Coat,
10007020,19.99,0.0,1,0,M,INC Blue SL Top,Inc,Top,
10003356,19.99,8.0,1,1,10,INC Bronze Heels,Inc,Top,60.0
10008030,33.0,8.25,1,1,M,INC Coat,,Jacket/Coat,75.0
10004741,18.99,0.0,1,1,S,INC Leopard Blk&Beige Top,Inc,Top,
10003399,23.99,0.0,1,1,L,INC LS Top Black,Inc,Top,
10004747,25.99,0.0,1,1,S,INC Navy Floral Top,Inc,Top,
10004361,28.99,0.0,1,1,,INC Orange&Red Floral Blouse,Inc,Top,
10006520,23.99,0.0,1,1,L,INC Pink Pattern Top,Inc,Top,
10008203,16.99,6.0,1,1,,Inc Purple Camisole M,,Top,64.7
10005648,21.99,0.0,1,1,XL,INC Red Pink Black LS Top,Inc,Top,
10007052,15.99,0.0,1,0,10,Inc Silver Heels,Inc,Top,
10005066,21.99,0.0,1,1,S,INC Floral Slvlss Top Blue,Inc,Top,
10005082,22.99,0.0,1,2,S,INC Sequin Top Rose Gold,Inc,Top,
10006033,18.99,0.0,1,1,6,INC Blk&lime multicolTop,Inc,Other,
10006882,24.99,0.0,1,1,L,INC BlkWhiFlowerTop,Inc,Other,
10006136,22.99,0.0,1,1,S,INC BluMulticolBttndwn,Inc,Other,
10004472,23.99,0.0,1,1,M,INC BrwnsLongSleeve,Inc,Other,
10004457,18.99,0.0,1,1,S,INC MulticolButtonDown,Inc,Other,
10007747,31.99,0.0,1,1,XS,INC PinkGreyDress,Inc,Dress,
10004712,21.99,0.0,1,1,XL,INC swtr grn,Inc,Sweater/Cardigan,
10008448,21.99,12.5,1,1,,India faux Pearl Necklace,,Accessories,43.2
10007044,19.99,0.0,1,1,8.5,Indigo by Clarks Pink Sandals,Clarks,Top,
10007260,22.99,0.0,1,0,M,Indulge Dress Black White,,Dress,
10006892,22.99,0.0,1,0,XL,Indulge BlackBBDollTop,Indulge in Style,Other,
10005846,42.99,0.0,1,1,XS,Ines de la White LS Buttondown,Ines De La Fressange,Top,
10007097,24.99,0.0,1,1,,Inge Sport Orange Summer Bag,Inge Sport,Accessories,
10003912,15.99,0.0,1,0,S,InnerMost Ppl Slip,Inner Most,Other,
10006084,22.99,0.0,1,1,10,innocence tank blk,Innocence,Top,
10006093,25.99,0.0,1,1,XS,IntFreeP Pnk&NavyDress,Intimately,Dress,
10006995,29.99,0.0,1,1,M,Intimately by FP Lilac SL Blouse,Free People,Top,
10005013,31.99,0.0,1,1,S,Intimately FB Red Swoop Neck LS,Intimately,Top,
10003918,19.99,0.0,1,1,S,IntimateMoods Pnk Slip,Intimate Moods,Other,
10005926,21.99,0.0,1,0,S,Intimissimi Black Cami w Lace,Intimissimi,Top,
10008290,24.99,0.0,1,0,6,Intuitions EmbroidedVest,Intuitions,Top,
10004290,32.99,0.0,1,1,14,Investments Tan Tweed Pant,Investments,Jeans/Pants,
10007056,12.99,0.0,1,1,8,Ipanema Brown Shoes,Ipanema,Shoes,
10004092,22.99,0.0,1,1,M,IRE Black Open Back Top,Ire,Top,
10005751,22.99,0.0,1,1,S,Iris Black Tank,Iris Los Angeles,Top,
10005935,22.99,0.0,1,0,L,Iris Pink Satin Embroidered Jacket,Iris Los Angeles,Jacket/Coat,
10007692,8.99,0.0,1,1,XL,Iris PinkTieShirt,Iris,Top,
10007205,24.99,0.0,1,1,10,Isaac Mizrahi Black Skirt,,Skirt,
10006983,45.99,0.0,1,0,6,Isaac Mizrahi White Dress,Isaac Mizrahi,Dress,
10007295,22.99,0.0,1,1,6,Isabel Blue Jean Overalls,Isabel,Jeans/Pants,
10004957,24.99,0.0,1,1,8,Isabella D Black Skirt,Isabella DeMarco,Skirt,
10008355,9.99,0.0,1,1,XS,IslandPlanet MulticolTubeTop,Island Planet,Top,
10004612,22.99,0.0,1,1,S,Isle Blue Beige Dress,Isle,Dress,
10004769,22.99,0.0,1,1,M,It's Our Time Gray Knit Sweater,It's Our Time,Sweater/Cardigan,
10005724,32.99,0.0,1,0,S,ITOO Italy Multicolor Skirt,Itoo Italy,Skirt,
10007787,19.99,0.0,1,0,8,Itsu Green Floral Skirt,Itsu,Skirt,
10007090,32.99,0.0,1,1,10,Ivanka Trump Beige Heels,Ivanka Trump,Top,
10004694,27.99,0.0,1,1,M,ivanka trump swtr pnk,Ivanka Trump,Sweater/Cardigan,
10007297,35.99,0.0,1,1,S,Ivy Jane Pink Green Floral SS Top,Ivy Jane,Top,
10005298,24.99,0.0,1,1,L,IvyRidge Blue&WhiLongSL,Ivy Ridge,Other,
10006810,32.99,0.0,1,0,S,Ixee DRess Blk Wht Peach,Ixee,Dress,
10004892,22.99,0.0,1,1,S,izbyer bls flr,Izbyer,Top,
10007835,25.99,0.0,1,1,M,Izod Blue Polka Dot Slip,Izod,Other,
10005606,15.99,0.0,1,0,M,Izod Pink & White Collared SL Tank,Izod,Top,
10004965,25.99,0.0,1,1,4,Izod Pink Tennis Skirt w Buckle,Izod,Skirt,
10005522,18.99,0.0,1,1,16,Izod Purple Skirt White Stitching,Izod,Skirt,
10008008,24.99,0.0,1,0,,J & X Black Beaded Peacock Scarf,J & X,Accessories,
10006843,34.99,0.0,1,0,26,J Brand white jeans,J Brand,Jeans/Pants,
10005960,35.99,0.0,1,0,M,J Crew Beige Red Blue Cashmere Sweater,J Crew,Sweater/Cardigan,
10007979,24.0,6.0,1,1,10,J Crew Beige Skirt,,Skirt,75.0
10008170,26.99,8.0,1,1,XS,J Crew Black SL Top,J Crew,Top,70.4
10008720,25.99,8.25,1,1,4,J Crew Blue Dress,,Dress,68.3
10008714,25.99,7.5,1,1,,J Crew Chambray Tank 6,,Top,71.1
10007967,24.0,6.0,1,1,,J Crew Green Beige Skirt 10,,Skirt,75.0
10004731,22.99,0.0,1,1,M,J Crew Honeycomb Gray LS,J Crew,Top,
10005373,23.99,0.0,1,1,8,J Crew Navy Lace Top,J Crew,Top,
10005565,29.99,0.0,1,1,XS,J Crew Off White Sweater,J Crew,Sweater/Cardigan,
10007997,29.0,7.25,1,1,8,J Crew Pale Nude Silk Top,J Crew,Top,75.0
10004758,22.99,0.0,1,1,6,J Crew Pale Peach SS Shirt,J Crew,Top,
10005879,29.99,0.0,1,1,XL,J Crew Pink & White Cardigan,J Crew,Sweater/Cardigan,
10007007,25.99,0.0,1,1,0,J Crew Pink and Blue Striped Skirt,J Crew,Skirt,
10008033,29.0,7.25,1,1,,J Crew Pink Blouse 10,,Top,75.0
10005844,24.99,0.0,1,1,L,J Crew Pink Knit Tank,JCrew,Sweater/Cardigan,
10007777,34.99,0.0,1,0,XS,J Crew Pink Orange Floral SL Long Dress,J Crew,Dress,
10006763,24.99,0.0,1,0,12,J Crew Pink Red Floral Dress,J Crew,Dress,
10007866,24.99,0.0,1,1,6,J Crew Pink Satin Skirt,J Crew,Skirt,
10007818,87.99,64.99,1,1,,J Crew Pink Sequin Top S,,Top,26.1
10006979,20.99,0.0,1,0,12,J Crew Pink SS Blouse,J Crew,Top,
10004116,22.99,0.0,1,1,S,J Crew Plaid Button Down Blue Pink,J Crew,Other,
10005115,24.99,0.0,1,1,XS,J Crew Purple LS Striped Top,J Crew,Top,
10007177,54.99,0.0,1,1,XXS,J Crew Red Dress,,Dress,
10005642,18.99,0.0,1,0,2,J Crew Red Scallop Tank,J Crew,Top,
10006535,26.99,0.0,1,1,2,J Crew Teal SL Top,J Crew,Top,
10008708,32.99,8.5,1,1,,J Crew Toothpick Colorful 29,,Other,74.2
10003411,22.99,0.0,1,0,6,J Crew Top White,J Crew,Top,
10003807,36.99,0.0,1,1,29,J Crew White Pants,J Crew,Jeans/Pants,
10007115,18.99,0.0,1,1,27,J Crew White Skirt,J Crew,Skirt,
10007820,54.99,35.0,1,1,,J Crew White Black Sequin Top S,,Top,36.4
10003664,24.99,0.0,1,1,,j crew button down navy strip slim,J Crew,Other,
10002952,29.99,0.0,1,1,,J CrewLS Button Down_Sa,J Crew,Top,
10001166,25.99,0.0,1,1,,J CrewLS Flannel_De,J Crew,Top,
10002738,17.99,0.0,1,1,,J CrewLS Top_89,J Crew,Top,
10000475,1.0,0.0,1,0,,J CrewSkirt_vi,J Crew,Skirt,
10000540,1.0,0.0,1,0,,J CrewSkirt_vi,J Crew,Skirt,
10002347,30.99,0.0,1,0,,J CrewSkirt_vi,J Crew,Skirt,
10002363,29.99,0.0,1,0,,J CrewSkirt_vi,J Crew,Skirt,
10002807,18.99,0.0,1,1,,J CrewSleeveless Top_Au,J Crew,Top,
10008702,24.99,8.0,1,1,,J Gee Black Midi Skirt XL,,Skirt,68.0
10005547,20.99,0.0,1,0,XS,J Jill Biege LS Cardigan,J Jill,Sweater/Cardigan,
10004735,21.99,0.0,1,1,XS,J Jill Floral LS,J Jill,Top,
10007645,29.99,0.0,1,1,L,J Jill Pink Sweater,J Jill,Sweater/Cardigan,
10002074,31.99,0.0,1,1,,J JillCoat,J Jill,Jacket/Coat,
10002930,25.99,0.0,1,1,,J JillCoverall_Br,J Jill,Other,
10002745,16.99,0.0,1,1,,J JillLS Top_Wa,J Jill,Top,
10006462,36.99,0.0,1,1,6,J McLaughlin Blue & White Skirt,J McLaughlin,Skirt,
10003473,32.99,0.0,1,1,M,J. Crew Cardigan Black & White,J Crew,Sweater/Cardigan,
10004991,25.99,0.0,1,1,S,J. Crew Pink Silky LS Pattern Tie Front,J.Crew,Top,
10007180,23.99,0.0,1,0,M,J. Crew Top Beige,,Top,
10006947,22.99,0.0,1,1,XXS,J. Crew White LS Blouse,,Top,
10006643,22.99,0.0,1,0,S,J. Gee yellow floral dress,J. Gee,Dress,
10007198,26.99,0.0,1,1,S,J. Jill Black Floral Dress,,Dress,
10005017,29.99,0.0,1,1,XS,J. JIll Beige Long Cardigan,J.Jill,Sweater/Cardigan,
10007436,24.99,0.0,1,0,M,J. Jill Blue White Pants,,Jeans/Pants,
10007291,24.99,0.0,1,1,M,J. Jill Peach Dress,,Dress,
10008042,16.0,4.0,1,1,M,J. Welly Pink Jeans,J Welly,Jeans/Pants,75.0
10005143,21.99,0.0,1,1,S,J.Crew Lace Blouse Blk,J.Crew,Top,
10005086,15.99,0.0,1,1,S,J.Crew Texture Tank Cream,J.Crew,Top,
10005030,25.99,0.0,1,0,M,J.Crew Wrap Blouse Grn,J.Crew,Top,
10003683,24.99,0.0,1,1,M,J.Crew Blk&Wt Checker,J.Crew,Other,
10005079,31.99,0.0,1,1,M,J.CrewNWT Gnghm Shoulder Top Rd&Wht,J.Crew NWT,Top,
10004969,34.99,0.0,1,1,1,J.Jill Blue Long Cardigan,J.Jill,Sweater/Cardigan,
10004272,23.99,0.0,1,1,XS,J.Jill Navy Kit Sweater,J.Jill,Sweater/Cardigan,
10008718,23.99,7.5,1,1,,JA Black Vols Hoodie M,,Top,68.7
10008709,21.99,5.25,1,1,,JA Volunteers LS T-Shirt XL,,Top,76.1
10006868,19.99,0.0,1,0,6,JackWills JeanShort,Jack Wills,Shorts,
10004978,19.99,0.0,1,0,L,Jaclyn Smith Black Dressy Tank w Metal Cuff,Jaclyn Smithxs Studio,Dress,
10008316,7.99,0.0,1,0,,JacquelineF BrownCrossBag,Jacqueline Ferrar,Top,
10004745,26.99,0.0,1,1,S,Jade Bl&Wht Top,Jade,Top,
10008498,21.99,8.3,1,1,,Jade Pink LS Cardigan S,,Sweater/Cardigan,62.3
10006792,25.99,0.0,1,0,M,Jaipur GrnBlkPrintFlareBlouse,Jaipur,Top,
10004881,13.99,0.0,1,1,M,JAmerica tshrt org,JAmerica,Shorts,
10004189,45.99,0.0,1,0,,James Jeans Jacket Blk Wax Denim,James Jeans,Jeans/Pants,
10007650,27.99,0.0,1,1,L,Jane & D Black & Gold Sheer LS,Jane & Delancy,Top,
10008198,16.99,6.0,1,1,2,Jane A Pink Skirt,Jane Ashley,Skirt,64.7
10005238,28.99,0.0,1,1,M,Jane Delancy NWT Black Orange Floral Top,Jane Delancy,Top,
10003188,24.99,0.0,1,1,,Jane&Delancy Tie Die SwtShirt,Jane & Delancy,Top,
10004135,20.99,0.0,1,1,L,JaneDelancy TieDye Pull,Jane & Delancy,Other,
10008626,11.99,3.0,1,1,,Japna Blue White Halter Top S,,Top,75.0
10008637,14.99,3.75,1,0,,Japna Blue White SS Top S,,Top,75.0
10008371,19.99,8.99,1,1,M,Japna checkered tanktop,Japna,Top,55.0
10007530,21.99,0.0,1,0,,Japna Sleeveless Blouse Pink M,,Top,
10005784,17.99,0.0,1,1,L,Japna PnkFloralDetailTop,Japna,Other,
10002722,15.99,0.0,1,0,,JapnaCrop Top_Ho,Japna,Top,
10007125,22.99,0.0,1,0,XL,Jason Maxwell Green Floral Hoodie,Jason Maxwell,Other,
10004643,19.99,0.0,1,1,4,Jax Black Dress,Jax,Dress,
10003883,69.99,0.0,1,0,9,JB Dillon Cream Cowgirl Boots,JB Dillon,Shoes,
10004876,16.99,0.0,1,0,M,JBD skrt denim,Jbd,Skirt,
10004292,45.99,0.0,1,1,3,JBrand Blk Wax Jean,J Brand,Jeans/Pants,
10007976,24.0,6.0,1,1,,JC JO Purple Stretch Pants XL,,Jeans/Pants,75.0
10003858,19.99,0.0,1,0,M,JCrew Purp Floral Long Sleeve,J Crew,Other,
10004508,27.99,0.0,1,1,0,JCrew OrngxWht Skirt,J Crew,Skirt,
10008286,18.0,4.5,1,1,S,JCrew White Long Skirt,JCrew,Skirt,75.0
10004406,24.99,0.0,1,0,7,JCrew BlackFlats,J Crew,Shoes,
10005762,24.99,0.0,1,0,8,Jcrew Blk&WhiSkirt,J Crew,Skirt,
10008550,22.99,0.0,1,1,8,JCrew BlkMultiColTop,JCrew,Other,
10006037,21.99,0.0,1,1,XL,Jcrew BlueLongsleeve,J Crew,Other,
10004382,22.99,0.0,1,1,L,JCrew GrnButtonSweater,J Crew,Sweater/Cardigan,
10008571,32.99,8.0,1,1,4,Jcrew MulticolDress,JCrew,Dress,75.8
10008588,12.99,8.0,1,1,2,Jcrew MulticolFloralTop,JCrew,Other,38.4
10006914,18.99,0.0,1,0,10,JCrew NavyWhiPlkaDotShorts,JCrew,Shorts,
10005295,12.99,0.0,1,1,XS,JCrew PinkruffleTankTop,JCrew,Top,
10005297,12.99,0.0,1,1,M,JCrew PinkTankTop,JCrew,Top,
10006160,14.99,0.0,1,1,S,JCrew PinkTanktop,JCrew,Top,
10004471,29.99,0.0,1,1,S,JCrew Purple&WhButtonDown,J Crew,Other,
10004325,22.99,0.0,1,1,4,JCrew PurpMulticolButtnDwn,J Crew,Other,
10006098,13.99,0.0,1,1,XS,JCrew PurpruffleTank,JCrew,Top,
10005347,28.99,0.0,1,1,XXS,jcrew vest pnk,JCrew,Top,
10006942,19.99,0.0,1,1,XS,Jcrew WhiBlkStitchShirt,JCrew,Top,
10005072,22.99,0.0,1,1,M,JCrewNWT Scallop Tank Bl&Wht,JCrew,Top,
10005333,19.99,0.0,1,1,S,JealTom GrnMulticolTop,Jealous Tomato,Other,
10004251,35.99,0.0,1,1,,Jean Midi-Pencil Skirt,Bisou Bisou,Skirt,
10006682,17.99,0.0,1,1,L,Jeanne Pierre Orange SL Top,Jeanne Pierre,Jeans/Pants,
10005426,28.99,0.0,1,1,S,jeanne pierre swtr wht,Jeanne Pierre,Jeans/Pants,
10003796,25.99,0.0,1,0,4,Jen 7 Straight Black Jeans,Jen 7,Jeans/Pants,
10007831,24.99,0.0,1,1,XL,Jennifer L 2 Piece Satin Sleepwear,Jennifer Lopez,Other,
10008247,18.99,4.0,1,1,,Jenny Jen Blue Lace Camisole S,,Top,78.9
10003697,16.99,0.0,1,1,S,Jessica H Blk Sweater,Jessica Howard,Sweater/Cardigan,
10005756,22.99,0.0,1,1,S,Jessica H Dark Blue Cover Up,Jessica Howard,Top,
10003769,59.99,0.0,1,0,5,Jessica M Black Skirt VINTAGE,Jessica McClintock,Skirt,
10005947,34.99,0.0,1,0,M,Jessica S NWT White Sweater w Pink,Jessica Simpson,Sweater/Cardigan,
10005219,25.99,0.0,1,0,,Jessica Simpson,Jessica Simpson,Top,
10007602,17.99,0.0,1,1,,Jessica Simpson Multi-Color Heels 9,,Top,
10006671,23.99,0.0,1,1,L,Jessica SImpson purple striped skirt,Jessica Simpson,Skirt,
10006727,18.99,0.0,1,0,XS,Jeuvre Snakeskin & Floral Dress,Jeuvre,Dress,
10002407,19.99,0.0,1,0,,JezebelCamisole,Jezebel,Top,
10002409,24.99,0.0,1,0,,JezebelCamisole,Jezebel,Top,
10002494,22.99,0.0,1,1,,JezebelCamisole,Jezebel,Top,
10008068,44.99,0.0,1,1,6.5,JF BlueShoe,John Fluevog,Shoes,
10006418,26.99,0.0,1,1,M,JforJustify FloralChainBttnDwn,J For Justify,Other,
10004465,23.99,0.0,1,1,M,JGalt BlueJean,J Galt,Jeans/Pants,
10007431,29.99,0.0,1,1,18,JH Collectible LS Shirt,,Top,
10006101,29.99,0.0,1,0,M,JimiHendrixTShirt,Authentic Hendrix,Top,
10005613,15.99,0.0,1,1,M,Jint Black SS Shirt w Buttons,Jint,Top,
10003384,25.99,0.0,1,1,M,JJ Basics Vest Brown,JJ Basics,Top,
10004386,18.99,0.0,1,1,M,JJBasics PinkSweater,JJ Basics,Sweater/Cardigan,
10003636,22.99,0.0,1,1,XL,JJill GreyCardigan,J Jill,Sweater/Cardigan,
10004654,21.99,0.0,1,1,S,JJill RedCardigan,J Jill,Sweater/Cardigan,
10005282,26.99,0.0,1,1,XL,JJill YellowLongSleeve,J Jill,Other,
10005771,14.99,0.0,1,0,L,JJxs WhiLayeredBlouse,JJXs Fairyland,Top,
10004583,22.99,0.0,1,1,L,Jkara BllBeadedTop,Jkara,Other,
10006034,25.99,0.0,1,1,M,JKLA BrwnflorallayerTop,JKLA California,Other,
10004774,26.99,0.0,1,1,M,JM Collection Black Knit Sweater,JM Collection,Sweater/Cardigan,
10005234,25.99,0.0,1,0,2,JM Collection Green Shirt,JM Collection,Top,
10005909,35.99,0.0,1,1,L,JM Collection Pink Sheer Top,JM Collection,Top,
10004329,23.99,0.0,1,1,XL,JM LightBlue$GrnSweater,JM Collection,Sweater/Cardigan,
10004874,27.99,0.0,1,0,,JMcollect skrt multibeige 16P,JM Collection,Skirt,
10002543,10.99,0.0,1,0,,JO COBodysuit_An,Jo Co,Top,
10002875,15.99,0.0,1,0,,JO COBodysuit_An,Jo Co,Top,
10005703,18.99,0.0,1,1,1,Jodi K White Floral Satin Crop Top,Jodi Kristopher,Top,
10003527,31.99,0.0,1,0,S,Joe's Bluejeans,,Jeans/Pants,
10004012,22.99,0.0,1,0,,Johnny Cash Tee,Cash,Top,
10005865,55.99,0.0,1,0,S,Johnny Was Beige Dress,Johnny Was,Dress,
10008435,99.99,25.0,1,1,,Johnny Was Green Trench Midi L,,Jacket/Coat,75.0
10007961,24.0,6.0,1,1,,Johnny Was SS Blouse Purple XL,,Top,75.0
10005083,25.99,0.0,1,0,,Johnny Was Shoulder Bag,Johnny Was,Accessories,
10008327,23.99,0.0,1,1,M,JohnnyM BlkHalterDress,Johnny Martin,Dress,
10007084,28.99,0.0,1,1,6.5,Johnston & Murphy Gold Flats,Johnston X Murphy,Shoes,
10006032,34.99,0.0,1,1,M,JohnstonXM OrangeShirt,Johnston X Murphy,Top,
10005293,22.99,0.0,1,1,S,Joie BabyPinkBlouse,Joie,Top,
10006354,24.99,0.0,1,1,S,Joie PinkFloralTop,Joie,Other,
10002942,25.99,0.0,1,0,,JoieSS Top_Pe,Joie,Top,
10006485,21.99,0.0,1,1,XL,Jolie & Joy Green Crop Top,Jolie & Joy,Top,
10008763,22.0,5.5,1,1,4,Jolt Black Pants,,Jeans/Pants,75.0
10008093,39.99,0.0,1,1,7,Jonathan Logan green sweater dress,Jonathan Logan,Dress,
10007515,19.99,0.0,1,1,,Jones New York Grey LS Top S,,Top,
10007013,28.99,0.0,1,1,2,Jones New York Red Multi Color Hoodie Sweater,Jones New York,Sweater/Cardigan,
10008679,21.99,8.0,1,1,,Jones NY Black Jacket XL,,Jacket/Coat,63.6
10004785,45.99,0.0,1,1,1,Jones NY Leather Jacket,Jones New York,Jacket/Coat,
10005649,21.99,0.0,1,1,XL,Jones Studio Purple Red Floral LS,Jones Studio,Top,
10003601,35.99,0.0,1,1,S,Jones BrwnFurrTrimCoat,Jones New York,Jacket/Coat,
10005170,21.99,0.0,1,0,S,JonesNY Jean Vest,Jones New York,Jeans/Pants,
10008334,24.99,0.0,1,0,10,JonesNY BlackBttnDwnDress,Jones New York,Dress,
10004604,29.99,0.0,1,1,8,JonesNY Blk&TanFloralDress,Jones New York,Dress,
10005775,24.99,0.0,1,1,M,JonesNY BlkTieTop,Jones New York,Other,
10006088,22.99,0.0,1,1,XL,JonesNY Grn&PnkBttnDwn,Jones New York,Other,
10007390,29.99,0.0,1,1,M,JonesNYNWT WhiSlipDress,Jones New York NWT,Dress,
10006780,32.99,0.0,1,1,,Jordache Butterfly Jeans As-Is,Jordache,Jeans/Pants,
10006476,17.99,0.0,1,1,S,Joseph A Pink Blue Sweater,Joseph A.,Sweater/Cardigan,
10003718,25.99,0.0,1,1,M,Joseph A. MulticolorSweater,Unknown,Sweater/Cardigan,
10005875,24.99,0.0,1,1,S,Joseph Black & White Leopard Cardigan,Joseph A.,Sweater/Cardigan,
10007991,36.99,0.0,1,1,10,Joseph R Silver Metallic Jacket,Joseph Ribhoff,Jacket/Coat,
10005945,23.99,0.0,1,1,XL,Josephine Chaus Pink Cardigan,Josephine Chaus,Sweater/Cardigan,
10008489,25.99,8.5,1,1,,Jou Jou Bronze LS Top L,,Top,67.3
10004799,35.99,0.0,1,0,M,JouJou Brown Pleather Jacket,JouJou,Jacket/Coat,
10004057,27.99,0.0,1,1,2,JouJou Calico Fur Vest,JouJou,Top,
10004492,33.99,0.0,1,1,M,JouJou LimeGrnJacket,JouJou,Jacket/Coat,
10006039,25.99,0.0,1,1,XL,JPR MulticolCardigan,John Paul Richard,Sweater/Cardigan,
10003944,39.99,0.0,1,0,12,JR Nites Black Sheer Longsleeve,JR Nites,Other,
10006335,25.99,0.0,1,1,14,JR Nites NWT Black Tank Sequin,JR Nites,Top,
10004663,250.0,0.0,1,1,L,JrTheme Brwn Jewel Dress,Jr. Theme,Dress,
10007649,49.99,0.0,1,1,14,JS Collection Blue Floral LS Top,JS Collection,Top,
10007588,33.99,0.0,1,1,14,JS Collection Black Dress,,Dress,
10004775,25.99,0.0,1,0,8,JS Signature Black Cut Layer Skirt,JS Signature,Skirt,
10007704,59.99,0.0,1,0,6,JSColl BlkWhiStripeDress,JS Collection,Dress,
10007716,22.99,0.0,1,1,8,Judith Hart Green SS Top,Judith Hart,Top,
10007695,32.99,0.0,1,0,31,JudyBlue PinkPocketPant,Judy Blue Los Angeles,Jeans/Pants,
10005200,24.99,0.0,1,0,4,Juicy C White SS Dress,Juicy Couture,Dress,
10003983,22.99,0.0,1,0,M,Juicy Couture 2 Piece Baby Pink Velvet,Juicy Couture,Other,
10005250,22.99,0.0,1,1,S,Juicy Couture White Hoodie,Juicy Couture,Other,
10006400,32.99,0.0,1,1,S,JuicyC BlkGemBlouse,Juicy Couture,Top,
10006085,24.99,0.0,1,1,L,JuicyC MulticolFloralTop,Juicy Couture,Other,
10004762,24.99,0.0,1,1,L,Jules & Leo Pink Pants,Jules X Leopold,Jeans/Pants,
10005681,29.99,0.0,1,1,,Jules & Leopold Black and Grey Pants,,Jeans/Pants,
10003288,18.99,0.0,1,1,,Jules & Leopold Floral Pants,Jules X Leopold,Jeans/Pants,
10004622,35.99,0.0,1,1,16,Julian T Blue & Pink Dress,Julian Taylor,Dress,
10005280,24.99,0.0,1,1,16,JulianT MulticolTop,Julian Taylor,Other,
10002725,27.99,0.0,1,0,,JuliaTee Shirt_Cu,Julia,Top,
10007816,209.99,177.0,1,1,,Juliet Dunn London Blue Dress 2,,Dress,15.7
10005986,22.99,0.0,1,1,XS,Jun & Ivy Blue & White Crop Top,Jun X Ivy,Top,
10007638,29.99,0.0,1,0,8.5,Just Fab Lemon Heels,JustFab,Top,
10006279,22.99,0.0,1,0,2,Just G Shorts Jumper,Just G,Shorts,
10005430,22.99,0.0,1,0,XL,Just Polly Swirl Tee Multicolor,Just Polly,Top,
10003514,25.99,0.0,1,1,M,Just West Pants Blue,Just West,Jeans/Pants,
10003352,23.99,0.0,1,1,8,JustFab Blue Boots 1,JustFab,Shoes,
10007579,17.99,0.0,1,1,S,Justice Blue Jean Shorts,Justice,Shorts,
10007304,14.99,0.0,1,1,0,Justice White Shorts,Justice,Shorts,
10006905,12.99,0.0,1,1,14,Justice WhiteShort,Justice,Shorts,
10000605,25.99,0.0,1,1,,Justify Burgundy Jacket,Justify,Jacket/Coat,
10008366,125.99,90.45,1,1,,Justin pink and brown leather boot,Justin Boots,Shoes,28.2
10008295,70.0,0.0,1,1,8.5,JustinBoots BrownStitchBoots,Justin Boots,Shoes,
10004895,15.99,0.0,1,1,L,K&K BlueRuffleSkirt,Kendall X Kylie,Skirt,
10007782,23.99,0.0,1,1,14,Kaari Blue Burnt Orange Pants,Kaari blue,Jeans/Pants,
10007819,134.99,111.0,1,1,4,Kachel Black Dress,,Dress,17.8
10004086,45.0,0.0,1,1,M,Kadence White Fur Vest,Kadence,Top,
10007703,29.99,0.0,1,1,S,Kaileigh BlkFloralDress,Kaileigh,Dress,
10006486,37.99,0.0,1,0,6,Karen A White LS Lace,Karen Alexander,Top,
10005376,25.99,0.0,1,1,S,Karen Kane Black Lace Top,Karen Kane,Top,
10008388,25.99,6.5,1,1,,Karen Kane Multi-Color Top XL,,Top,75.0
10004710,24.99,0.0,1,1,,karen kane swtr floral 1X,Karen Kane,Sweater/Cardigan,
10005987,27.99,0.0,1,1,8,Karen Scott Jean Skirt,Karen Scott,Skirt,
10007535,19.99,0.0,1,1,S,Karen Scott Red Sweatshirt,,Top,
10002610,21.99,0.0,1,1,,Karen ScottSweater_Em,Karen Scott,Sweater/Cardigan,
10004473,27.99,0.0,1,1,L,KarenK MulticolBlouse,Karen Kane,Top,
10003647,15.99,0.0,1,1,6,KarenM GreyButtonDown,Karen Millen,Other,
10008077,115.0,0.0,1,1,,Karl L Black Purse NWT,Karl Lagerfeld,Accessories,
10006775,25.99,0.0,1,0,XL,Karlie Pink Dress,Karlie,Dress,
10005669,28.99,0.0,1,1,12,Kasper Black & White SL Tank,Kasper,Top,
10006559,13.99,0.0,1,0,M,Kasper Black SL Top,Kasper Knits,Top,
10007629,23.99,6.0,1,1,14,Kasper Red Jacket,,Jacket/Coat,75.0
10006924,28.99,0.0,1,1,M,Kasper WhiteTieTop,Kasper,Other,
10005034,22.99,0.0,1,1,XL,Kate KasinNWT Sheer Shirt Nvy,Kate Kasin,Top,
10008711,23.99,6.25,1,1,,Kate Park Pink Capri's L,,Other,73.9
10008795,59.99,30.0,1,1,,Kate Spade B W Leather Crossbody,,Top,50.0
10007308,55.99,0.0,1,1,,Kate Spade Basket Floral Purse,Kate Spade,Accessories,
10008443,54.99,9.99,1,0,,Kate Spade PInk Lola Tote Bag,,Accessories,81.8
10005321,35.99,0.0,1,1,L,KateHill Grey&PurpZipup,Kate Hill,Other,
10004117,19.99,0.0,1,0,M,KateLord Prp StripeShrt,Kate Lord,Shorts,
10007293,22.99,0.0,1,1,6,Kenar Black Skirt,,Skirt,
10008189,15.99,6.0,1,1,S,Kenar Black SL Top,Kenar,Top,62.5
10007576,18.99,0.0,1,1,6,Kenar Blue Red Shorts,Kenar,Shorts,
10007172,20.99,0.0,1,1,S,Kendall & Kylie Blue Satin Crop Top,Kendall X Kylie,Top,
10001212,1.0,0.0,1,0,,Kendall X KylieJeans_Lu,Kendall X Kylie,Jeans/Pants,
10001791,1.0,0.0,1,0,,Kendall X KylieJeans_Lu,Kendall X Kylie,Jeans/Pants,
10001855,1.0,0.0,1,0,,Kendall X KylieJeans_Lu,Kendall X Kylie,Jeans/Pants,
10002577,25.99,0.0,1,1,,Kendall X KylieJeans_Lu,Kendall X Kylie,Jeans/Pants,
10003017,29.99,0.0,1,0,,Kendall X KylieJeans_Lu,Kendall X Kylie,Jeans/Pants,
10004278,49.99,0.0,1,1,M,KendallXKylie Brown Suede Coat,Kendall X Kylie,Jacket/Coat,
10003896,28.99,0.0,1,1,S,KendalxKylie Blk Crop Top,Kendall X Kylie,Top,
10008786,25.0,8.0,1,1,,KendraS BowNecklace,Kendra Scott,Accessories,68.0
10008790,40.0,8.0,1,1,,KendraS CircleNecklace,Kendra Scott,Accessories,80.0
10008787,50.0,8.0,1,1,,KendraS DiamFlowerNecklace,Kendra Scott,Accessories,84.0
10008785,35.0,8.0,1,1,,KendraS GoldBracelet,Kendra Scott,Accessories,77.1
10008784,50.0,8.0,1,1,,KendraScottFlowerEarrings,Kendra Scott,Accessories,84.0
10007074,14.99,0.0,1,1,9.5,Kenneth Cole Blk Sandals,Kenneth Cole,Top,
10007827,24.99,11.2,1,0,8,Kenneth Cole Brown Boots,,Shoes,55.2
10008062,19.99,0.0,1,0,,KennethC BrownPurse,Kenneth Cole,Accessories,
10008063,22.99,0.0,1,0,,KennethC GreyPurse,Kenneth Cole,Accessories,
10004009,21.99,0.0,1,1,,Kensie Orange Jeans,Kensie,Jeans/Pants,
10006930,24.99,0.0,1,0,10,Kensie WhitelaceDress,Kensie,Dress,
10007357,25.99,0.0,1,0,S,Kenzie Black SL Dress,Kenzie,Dress,
10007224,25.99,0.0,1,1,M,Kenzie Green Colorful SL Dress,Kenzie,Dress,
10007794,27.99,0.0,1,1,XL,Keren Hart Hot Pink LS Knit Cardigan,Keren Hart,Sweater/Cardigan,
10004439,29.99,0.0,1,1,12,Khaki Pant,Joes,Jeans/Pants,
10004447,24.99,0.0,1,1,6,Khaki Straight Leg,Levi Strauss & Co,Other,
10008124,27.99,0.0,1,1,S,KidsCrochetFlowerShirt,Bobbi Brooks,Top,
10008123,24.99,0.0,1,1,S,KidsKnitStrawBSkirt,Unknown,Skirt,
10008122,24.99,0.0,1,1,S,KidsKnitSweater,Unknown,Sweater/Cardigan,
10007199,21.99,0.0,1,1,XL,Kilo Brava Pink Dress,,Dress,
10008244,16.0,4.0,1,1,L,Kim R Red Tank w Embroidered,Kim Rogers,Top,75.0
10008731,18.99,4.5,1,1,12,Kim Rogers Brown Pants,,Jeans/Pants,76.3
10004981,41.99,0.0,1,1,8,Kim Rogers Red Pink Orange Dot DressNWT,Kim Rogers,Dress,
10005989,26.99,0.0,1,1,12,"Kim Rogers Red, White Blue Skirt",Kim Rogers,Skirt,
10008698,23.99,7.5,1,1,,Kim Rogers Red Beige Skirt L,,Skirt,68.7
10005871,21.99,0.0,1,0,S,Kimchi Blue Floral Halter Dress,Kimchi Blue,Dress,
10005237,24.99,0.0,1,0,L,Kimchi Blue Pink Lace Top,Kimchi Blue,Top,
10008141,24.99,8.0,1,1,,kimchi blue red lace tank M-L,Kimchi Blue,Top,68.0
10008380,25.99,10.99,1,0,M,kimchi blue white blouse,Kimchi Blue,Top,57.7
10004373,24.99,0.0,1,1,S,KimchiBlue GreySweater,Kimchi Blue,Sweater/Cardigan,
10007517,30.99,0.0,1,1,M,Kimcine Multi-Color Pants,,Jeans/Pants,
10004888,28.99,0.0,1,0,,kimrogers bls flr ps,Kim Rogers,Top,
10005467,24.99,0.0,1,0,6,KimRogers BrwnPolkaDotDress,Kim Rogers,Dress,
10005299,22.99,0.0,1,1,L,Kirundo RustBubbleTop,Kirundo,Other,
10006076,15.99,0.0,1,1,S,kittenish bodysuit blk,Kittenish,Top,
10005632,26.99,0.0,1,0,XL,Kiwi Black White Striped Dress,Kiwi & Punch,Dress,
10007469,24.99,0.0,1,1,L,KLD Black SL Dress,Kld,Dress,
10006225,15.99,0.0,1,1,,knit pink blouse small,Heart N Crush,Sweater/Cardigan,
10006194,24.99,0.0,1,1,,knit pink see through tank medium,Body Central,Sweater/Cardigan,
10008367,17.99,6.99,1,1,,Knit tote bag with circular handles,Unknown,Sweater/Cardigan,61.1
10008080,39.99,0.0,1,1,,Knit70 TanDress,Knit 70,Dress,
10004096,27.99,0.0,1,1,M,KnitShawl Navy,Unknown,Sweater/Cardigan,
10006641,14.99,0.0,1,0,S,Known Supply Green SS Shirt,Known Supply,Top,
10003979,55.99,0.0,1,1,,Kokin Black Tulle Hat,Kokin,Accessories,
10005361,18.99,0.0,1,1,S,kora konig tank,Kora Konig,Top,
10004001,28.99,0.0,1,1,,Koral Orange Hoodie,Koral,Other,
10005457,28.99,0.0,1,1,S,Koret BlkVelvetVest,Koret,Top,
10004226,27.99,0.0,1,1,L,Kori Blue Floral LS Dress,Kori America,Dress,
10008759,24.0,6.0,1,1,,Kori Multi-Color Dress S,,Dress,75.0
10004917,24.99,0.0,1,0,S,Kori MulticolBlouse,Kori America,Top,
10007328,42.99,0.0,1,0,M,Kourt Black Dress,Kourt,Dress,
10004305,23.99,0.0,1,1,6,KrazyLarry KhakiAnimalPrintLeggings,Krazy Larry,Jeans/Pants,
10006333,22.99,0.0,1,1,XS,Krisa Black Floral Tank,Krisa,Top,
10008046,19.0,4.75,1,0,L,Kristin D White LS Buttondown,Kristin Davis,Top,75.0
10006081,39.99,0.0,1,1,M,krush drsshrt ombre,Krush,Shorts,
10006779,25.99,0.0,1,0,,Ktoo Pink Skirt,K Too,Skirt,
10005566,20.99,0.0,1,1,10,KUT Black Jeans,Kut,Jeans/Pants,
10004771,45.99,0.0,1,1,8,KUT Black Pants NWT,Kut Nwt,Jeans/Pants,
10004744,19.99,0.0,1,1,S,KUT Blk Multicolor LngSLve,Kut,Other,
10003829,32.99,0.0,1,1,6,Kut Blk Skinny Pant,Kut,Jeans/Pants,
10003781,25.99,0.0,1,1,2,KUT Burgundy Corduroy Pants,Kut,Jeans/Pants,
10003500,27.99,0.0,1,1,4,Kut from the Cloth Pants Brown,Kut,Jeans/Pants,
10006993,21.99,0.0,1,1,6,KUT Jean Shorts,Kut,Shorts,
10004178,35.99,0.0,1,1,2,Kut NWT Tan Pants,Kut Nwt,Jeans/Pants,
10004798,24.99,0.0,1,1,XXL,KUT Red Floral Chiffon SL,Kut,Other,
10004371,23.99,0.0,1,1,L,Kut BlackSpeckledButtonDown,Kut,Other,
10006784,34.99,0.0,1,1,S,Kut MulticolSheerTop,Kut,Top,
10006926,22.99,0.0,1,1,8,Kut WhiteShorts,Kut,Shorts,
10006104,25.99,0.0,1,1,M,Kut YllwBttnDwn,Kut,Other,
10000276,1.0,0.0,1,0,,KutPants_Me,Kut,Jeans/Pants,
10001747,1.0,0.0,1,0,,KutPants_Me,Kut,Jeans/Pants,
10002339,39.99,0.0,1,0,,KutPants_Me,Kut,Jeans/Pants,
10002612,19.99,0.0,1,1,,KutPants_Me,Kut,Jeans/Pants,
10004452,18.99,0.0,1,1,XL,KuYue BrwnTrouser,Ku Yue,Jeans/Pants,
10002413,15.99,0.0,1,1,,KymarSlvlss Slip,Kymar,Top,
10007242,32.99,0.0,1,1,,L'Agence Copper Pants M,,Jeans/Pants,
10007048,29.99,0.0,1,1,6.5,L'Artiste Black Sandals,L'Artiste,Top,
10006270,55.99,0.0,1,0,7.5,L'Artiste Boots Brown,,Shoes,
10003408,26.99,0.0,1,0,S,L.S. Dunes Tee Shirt Beige,L.S. Dunes,Top,
10003378,19.99,0.0,1,0,S,La Castellana Pink Camisole,La Castellana,Top,
10008378,13.99,7.99,1,1,S,LA Hearts black floral tanktop,LA Hearts,Top,42.9
10008627,9.99,2.5,1,1,S,LA Hearts Purple Top,,Top,75.0
10008422,54.99,14.25,1,0,L,La Lavon White Floral Dress,,Dress,74.1
10007355,22.99,0.0,1,1,,LA lille navy blouse 24L,LA lille,Top,
10008621,17.99,4.5,1,1,M,La Peche SS Top,,Top,75.0
10003913,24.99,0.0,1,0,L,La Sensa Ylw&Gry Halter,La Sensa,Top,
10004168,35.99,0.0,1,0,L,Lace Long Tunic Apricot,Unknown,Other,
10003571,25.99,0.0,1,0,L,Lace Red Rose Corset,Lavish,Set,
10006030,28.99,0.0,1,0,S,LaceLongsleeve,Unknown,Other,
10005327,28.99,0.0,1,0,M,Lady&B MaroonVest,Lady and Butler NY,Top,
10006672,34.99,0.0,1,1,M,Lafayette 148 khaki pant,Lafayette 148,Jeans/Pants,
10005715,28.99,0.0,1,1,14,Lafayette Brown Skirt w Embroid,Lafayette 148,Skirt,
10006900,15.99,0.0,1,0,M,LAHearts GrnBlueHalterTop,LA Hearts,Top,
10006791,45.99,0.0,1,1,S,LAL AnimalPrintJacket,Lal,Jacket/Coat,
10005932,29.99,0.0,1,0,M,Lala Red & White Sheer SL Top,Lala,Top,
10006043,22.99,0.0,1,0,XL,LaMode MulticolSwtrVest,La Mode,Sweater/Cardigan,
10004767,22.99,0.0,1,0,XL,Land's End Pink Zip Up Jacket,Lands End,Jacket/Coat,
10005244,24.99,0.0,1,0,M,Lands End Cardigan Sweater Gray,Lands End,Sweater/Cardigan,
10005212,32.99,0.0,1,1,S,Lands End Gray Jacket,Lands End,Jacket/Coat,
10005617,18.99,0.0,1,1,10,Lands End Red & White Pattern Buttondown,Lands End,Other,
10005354,22.99,0.0,1,1,16,lands end drs shrt prp dsgn,Lands End,Shorts,
10005353,22.99,0.0,1,1,,lands end pnts red 12p,Lands End,Other,
10004310,27.99,0.0,1,1,16,LandsEnd BurntPinkPant,Lands End,Jeans/Pants,
10004668,27.99,0.0,1,1,2,LandsEnd Pinkzipup,Lands End,Other,
10005714,32.99,0.0,1,1,16,Lane Bryant Black Metallic Skirt,Lane Bryant,Skirt,
10004094,24.99,0.0,1,1,XXL,Lane Bryant Black Sequin Sleeveless,Lane Bryant,Top,
10007004,25.99,0.0,1,1,22,Lane Bryant Blk Cardigan,Lane Bryant,Sweater/Cardigan,
10004355,32.99,0.0,1,1,16,Lane Bryant Jeans,Lane Bryant,Jeans/Pants,
10005564,24.99,0.0,1,1,14,Lane Bryant Red Sequin Tank,Lane Bryant,Top,
10008173,23.99,6.0,1,1,S,Lane Bryant Red SL Thin Vest,Lane Bryant,Top,75.0
10005465,25.99,0.0,1,1,28,LaneB GrnFloralTop,Lane Bryant,Other,
10005766,26.99,0.0,1,1,14,LaneBryant GrnPant,Lane Bryant NWT,Jeans/Pants,
10006156,16.99,0.0,1,0,22,LaneBryant NashvilleTshirt,Lane Bryant,Top,
10003888,175.0,0.0,1,1,8,LaneNWT Pink Cowboy Boots,Lane,Shoes,
10005742,32.99,0.0,1,0,34,Lanidor Co Black Dress Gold Studs,Lanidor Collection,Dress,
10004596,36.99,0.0,1,0,L,Lanz VINTAGE Pink Colorful Dress,Lanz Vintage,Dress,
10004093,140.0,0.0,1,1,M,Lanz VINTAGE Yellow Dress,Lanz Vintage,Dress,
10007110,31.99,0.0,1,0,,Lapis Pink & Brown Strapless Dress One Size,Lapis,Dress,
10008296,70.0,0.0,1,1,9,Laredo BrwnBlkStitchBoots,Laredo,Shoes,
10006389,10.99,0.0,1,0,S,Large Brown Braided Belt,Unknown,Accessories,
10004517,18.99,0.0,1,1,,Large Gld&Blk Necklace,Unknown,Accessories,
10004491,22.99,0.0,1,1,S,Lark&Grey BrownJemJacket,Lark X Grey,Jacket/Coat,
10002703,29.99,0.0,1,1,,Larry LevineBlazer,Larry Levine,Jacket/Coat,
10005841,35.99,0.0,1,0,S,Laundry Black Lace SS Top,Laundry,Top,
10007855,39.99,0.0,1,1,,Laundry Black Print Dress 12,,Dress,
10004629,29.99,0.0,1,1,4,Laundry Black Strap Dress,Laundry,Dress,
10008455,32.99,15.0,1,0,M,Laundry Multi-Color Dress,,Dress,54.5
10007217,39.99,0.0,1,1,6,Laundry Pink & Green SL Dress,Laundry by Shelli Segal,Dress,
10005925,32.99,0.0,1,1,XL,Laundry Striped Gray Hoodie Cardigan,Laundry by Shelli Segal,Sweater/Cardigan,
10003951,149.99,0.0,1,1,2,Laundry White Gold Dress,Laundry by Design NWT,Dress,
10005665,24.99,0.0,1,1,XL,Laura Ashley Purple SL Top,Laura Ashley,Top,
10003403,26.99,0.0,1,1,S,Laura Ashley LS Top Black & White,Laura Ashley,Top,
10004975,17.99,0.0,1,1,20,Laura Scott Black SL Mock Neck,Laura Scott,Other,
10004708,21.99,0.0,1,1,XL,laura scott swtr beige,Laura Scott,Sweater/Cardigan,
10002677,24.99,0.0,1,1,,Laura ScottCover All_Si,Laura Scott,Other,
10002673,24.99,0.0,1,1,,Laura ScottCoverall_PS,Laura Scott,Other,
10006368,25.99,0.0,1,1,11,LauraAshley BlkShirt,Laura Ashley,Top,
10004070,25.99,0.0,1,0,7.5,LauraAshley Gld Kitten,Laura Ashley,Other,
10005827,22.99,0.0,1,0,M,Lauren Conrad Black Uni Top,Lauren Conrad,Top,
10003394,35.99,0.0,1,1,S,Lauren Conrad Jacket Brown,Lauren Conrad,Jacket/Coat,
10007318,28.99,0.0,1,1,6,Lauren Green Jeans,Ralph Lauren,Jeans/Pants,
10002681,39.99,0.0,1,1,,Lauren JamesJacket_Ta,Lauren James,Jacket/Coat,
10004732,28.99,0.0,1,1,M,Lauren Jeans LS Buttondown,Lauren Ralph Lauren,Jeans/Pants,
10008688,36.99,8.0,1,1,,Lauren Ralph Lauren Faux Fur Vest XXL,,Top,78.4
10008713,22.99,7.5,1,1,,Lauren Ralph Lauren Green T-Shirt L,,Top,67.4
10008235,26.0,6.5,1,1,,Lauren Ralph Lauren White Shorts 10,,Shorts,75.0
10006966,37.99,0.0,1,0,S,Lauren RL White Off Shoulder Top,Lauren Ralph Lauren,Top,
10006106,16.99,0.0,1,0,M,LaurenC BlkShortSlveTop,Lauren Conrad,Shorts,
10003644,24.99,0.0,1,1,M,LaurJeanCo BrwnSweater,Lauren Jeans Company,Jeans/Pants,
10004441,29.99,0.0,1,1,XS,Lavender Cargo,Soho Blue,Other,
10004362,18.99,0.0,1,1,M,Lavender Field Purple Blouse,Lavender Field,Top,
10007621,85.99,21.5,1,1,,LaVigna Brown Cashmere Jacket M,,Jacket/Coat,75.0
10006774,32.99,0.0,1,1,M,Laxman Collection Rainbow Hoodie,Laxman Collection,Other,
10005815,32.99,0.0,1,0,XL,LCW dess denim,LCW jeans,Jeans/Pants,
10007972,15.0,3.75,1,0,,Le Chateau Leopard Boustier M,,Accessories,75.0
10008007,26.0,6.5,1,1,M,Le Lis Black Knit Dress,Le Lis,Dress,75.0
10006994,19.99,0.0,1,0,S,Le Lis Black SL Silver Fringe Top,Le Lis,Top,
10007226,27.99,0.0,1,0,M,Le Lis Orange Romper,,Romper/Jumpsuit,
10006743,28.99,0.0,1,1,,Leader Pink Butterfly Bedazzled Hat,Leader,Accessories,
10004548,135.0,0.0,1,0,S,Leather Fringe Dress,,Dress,
10006625,45.99,0.0,1,1,,leather metal studded belt,Unknown,Accessories,
10007844,21.99,14.0,1,0,,Leather Strap Medallion Necklace,,Accessories,36.3
10001106,24.99,0.0,1,0,,Led Zeppelin Tee,Led Zeppelin,Top,
10003845,20.99,0.0,1,1,12,Lei Low Rise Jean,Lei,Jeans/Pants,
10005351,15.99,0.0,1,1,S,leith bls blu flws,Leith,Top,
10007165,55.99,0.0,1,1,M,Lela Rose Dress Beige,,Dress,
10008647,15.99,4.0,1,1,,LeLis Grey White SS Top M,,Top,75.0
10006584,38.99,0.0,1,0,L,Lellis Collection Jean Romper,Lelis Collection,Jeans/Pants,
10005694,19.99,0.0,1,1,8,Lena Gabrielle Black Design Leggings,Lena Gabrielle,Jeans/Pants,
10003831,42.99,0.0,1,1,10,Lena Gabrielle Floral Leggings,Lena Gabrielle,Jeans/Pants,
10008543,27.99,0.0,1,0,12,LenaG CreamBttnBlazer,Lena Gabrielle,Jacket/Coat,
10003471,26.99,0.0,1,1,XXL,Leo & Nicole Cardigan Grey,Leo & Nicole,Sweater/Cardigan,
10008661,17.99,4.5,1,1,,Les Serein SS Top Bluegreen XL,,Top,75.0
10000064,1.0,0.0,1,0,,Letty & Me,Letty & Me,Other,
10000149,1.0,0.0,1,0,,Letty & Me,Letty & Me,Other,
10000286,1.0,0.0,1,0,,Letty & Me,Letty & Me,Other,
10000323,1.0,0.0,1,0,,Letty & Me,Letty & Me,Other,
10000842,1.0,0.0,1,0,,Letty & Me,Letty & Me,Other,
10002013,35.99,0.0,1,0,,Letty & Me,Letty & Me,Other,
10003161,18.99,0.0,1,1,,Letty & Me Cardigan,Letty & Me,Sweater/Cardigan,
10004783,32.99,0.0,1,1,27,Level 99 Army Green Button Up Pants NWT,Level 99,Jeans/Pants,
10000168,1.0,0.0,1,0,,Levi Strauss X CoJeans_Ba,Levi Strauss & Co,Jeans/Pants,
10000661,1.0,0.0,1,0,,Levi Strauss X CoJeans_Ba,Levi Strauss & Co,Jeans/Pants,
10000840,1.0,0.0,1,0,,Levi Strauss X CoJeans_Ba,Levi Strauss & Co,Jeans/Pants,
10001372,1.0,0.0,1,0,,Levi Strauss X CoJeans_Ba,Levi Strauss & Co,Jeans/Pants,
10001854,1.0,0.0,1,0,,Levi Strauss X CoJeans_Ba,Levi Strauss & Co,Jeans/Pants,
10002185,15.99,0.0,1,1,,Levi Strauss X CoJeans_Ba,Levi Strauss & Co,Jeans/Pants,
10002583,29.99,0.0,1,0,,Levi Strauss X CoJeans_Ba,Levi Strauss & Co,Jeans/Pants,
10007876,19.0,4.75,1,1,,Levi's 314 stretch black S,,Other,75.0
10007877,19.0,4.75,1,1,,Levi's 314 Stretch Jeans S,,Jeans/Pants,75.0
10007493,19.99,0.0,1,1,8,Levi's Beige Pants,,Jeans/Pants,
10007319,18.99,0.0,1,0,,Levi's Cut Off Shorts 501,Levi Strauss & Co,Shorts,
10007909,28.99,0.0,1,1,3,Levi's Jean Skirt VINTAGE,Levi Strauss & Co,Skirt,
10003511,24.99,0.0,1,1,XL,Levi's Jeans Pink,Levi Strauss & Co,Jeans/Pants,
10007301,26.99,0.0,1,0,30,Levi's White Shorts,Levi Strauss & Co,Shorts,
10003054,28.99,0.0,1,0,,LeviJeans,Levixs,Jeans/Pants,
10001565,26.99,0.0,1,1,,Levis Black Jeans,Levixs,Jeans/Pants,
10007332,26.99,0.0,1,1,29,Levis Cut Off Black Shorts W,Levi Strauss & Co,Shorts,
10005172,22.99,0.0,1,1,6,Levis Jeans Pnk,Levi Strauss & Co,Jeans/Pants,
10005036,28.99,0.0,1,1,2,Levis Slm Strght Jeans,Levi Strauss & Co,Jeans/Pants,
10003618,32.99,0.0,1,1,,levis jean navy strips 4-6,Levixs,Jeans/Pants,
10002171,18.99,0.0,1,1,,levixsJeans_Me,Levixs,Jeans/Pants,
10007840,19.99,12.0,1,0,,Lia Sophia Necklace,,Accessories,40.0
10004619,31.99,0.0,1,1,XL,Liangcai Black & Yellow Dress,Liangcai,Dress,
10007162,32.99,0.0,1,0,XL,Libra LS Blouse Multi-Color,,Top,
10006624,14.99,0.0,1,0,,Life is Good Pink Adjustable,,Accessories,
10005905,25.99,0.0,1,0,11,Life Stride Black Riding Boots,Life Stride,Shoes,
10004320,27.99,0.0,1,1,9,LifeStride BrwnAnklBoots,Life Stride,Shoes,
10006705,11.99,0.0,1,0,XL,Light Blue Cotton Vest w Buttons,Unknown,Top,
10006689,19.99,0.0,1,0,XL,Light Wash Jean Vest,Unknown,Jeans/Pants,
10004448,38.99,0.0,1,1,16,Light Wash Straight Leg,Abercrombie & Fitch,Other,
10004420,31.99,0.0,1,1,20,LightWashJeans,Kut,Jeans/Pants,
10003874,23.99,0.0,1,1,M,Like an Angel Pink Multi Color Pants,Like an Angel,Jeans/Pants,
10009806,31.99,0.0,1,0,4,Lila & Sophie NWT Black Pants w Sequins,Lila & Sophie,Jeans/Pants,
10005122,28.99,0.0,1,0,L,Lila Rose Black Floral SL Dress,Lila Rose,Dress,
10005735,24.99,0.0,1,1,XS,Lili Sidonio Pink Floral Skirt,Lili Sidonio,Skirt,
10005399,27.99,0.0,1,0,XS,lilisidonio bls red,Lili Sidonio,Top,
10007654,65.99,34.0,1,1,,Lilly Pulitzer White Dress XS,,Dress,48.5
10006112,28.99,0.0,1,1,S,LillyP LightBluCardigan,Lilly Pulitzer,Sweater/Cardigan,
10006079,24.99,0.0,1,1,XL,lillypulitzer bls pnk,Lilly Pulitzer,Top,
10008667,11.99,3.0,1,1,,Lily Bleu Yellow SS Top,,Top,75.0
10005654,17.99,0.0,1,0,L,Lily Brown SS Top,Lily White,Top,
10006809,45.99,0.0,1,0,,Lily Pulitzer Orange Dress,Lily Pulitzer,Dress,
10006853,24.99,0.0,1,1,XL,Lily white NWT shear white long sleeve blouse,Lily White,Top,
10005150,24.99,0.0,1,0,S,Lily White Floral Top Brwn&Pnk,Lily White,Top,
10005210,22.99,0.0,1,0,2,Limited Black Skirt,The Limited,Skirt,
10004998,24.99,0.0,1,1,XS,Limited Navy Blue Green Pattern LS,The Limited,Top,
10004577,22.99,0.0,1,1,S,Limited Shiny Shortsleeve,The Limited,Shorts,
10005759,21.99,0.0,1,1,12,Limited BlkSequintop,The Limited,Other,
10006407,21.99,0.0,1,1,M,Limited BlkSheerBttnDwn,The Limited,Other,
10006838,25.99,0.0,1,0,L,Linda Anderson black sundress,Linda Anderson,Dress,
10005197,22.99,0.0,1,1,XL,Linden Hill Red Buttondown LS,Linden Hill,Top,
10008423,19.99,5.0,1,1,,Linea Donatella Blue Camisole XL,,Top,75.0
10004660,18.99,0.0,1,0,S,LineaD WhtLaceDress,Linea Donatella,Dress,
10005067,24.99,0.0,1,1,L,Linen BttnDwn Teal,Unknown,Other,
10006261,28.99,0.0,1,0,M,Lisa Says Gah Strawberry Sweater Blue,Lisa Says Gah,Sweater/Cardigan,
10006099,21.99,0.0,1,0,XS,LiseC BluelaceCami,Lise Charmel,Top,
10005370,32.99,0.0,1,0,M,Lisette Floral Pants Offwhite,Lisette,Jeans/Pants,
10007750,29.99,0.0,1,1,10,Lisette BrwnGreyPant,Lisette,Jeans/Pants,
10007261,45.99,0.0,1,0,L,Listicle Light Blue Dress,,Dress,
10007101,14.99,0.0,1,1,,Little Caesars Hat Orange,Little Caesars,Accessories,
10005415,45.99,0.0,1,0,S,LiuJo PurpKnitDress,Liu Jo,Dress,
10006960,23.99,0.0,1,0,2,LIV Los Angeles White Seethrough LS,LIV Los Angeles,Top,
10005556,26.99,0.0,1,1,M,LIV White Sweater w Sequins,LIV Milano,Sweater/Cardigan,
10007437,32.99,0.0,1,0,,Live a Little Tan Jacket,,Jacket/Coat,
10005003,11.99,0.0,1,0,S,Live in the Moment Beige SL Crop Top,Live in the Moment,Top,
10004821,14.99,0.0,1,1,XL,Live To Be Spoiled Red Striped Crop Top,Live To Be Spoiled,Top,
10005692,34.99,0.0,1,1,12,Liverpool Gray Dress Pants,Liverpool,Dress,
10003498,27.99,0.0,1,1,6,Liverpool Jeans Black,Liverpool,Jeans/Pants,
10003612,28.99,0.0,1,1,6,liverpool pant beige,Liverpool,Jeans/Pants,
10006887,19.99,0.0,1,1,XS,LiverpoolLA BlueLongsleeveTop,Liverpool LA,Other,
10004487,24.99,0.0,1,1,M,LiverpoolLA PinkButtonDown,Liverpool LA,Other,
10006529,24.99,0.0,1,1,XXL,Liz & Me Hot Pink Buttondown,Liz & Me,Other,
10008644,18.99,4.75,1,1,,Liz & Sara Blue Bodysuit XL,,Top,75.0
10007986,13.99,0.0,1,0,M,Liz C Black Leather Belt,Liz Claiborne,Accessories,
10007710,24.99,0.0,1,0,6,Liz C Pale Yellow Vest & Skirt Set,Liz Claiborne,Skirt,
10005661,24.99,0.0,1,1,XL,Liz C Pink Floral Blouse,Liz Claiborne,Top,
10006533,22.99,0.0,1,0,S,Liz C Red SS Buttondown,Liz Claiborne,Top,
10006268,24.99,0.0,1,0,8,Liz Claiborne Black Denim Dress,Liz Claiborne,Dress,
10007070,10.99,0.0,1,0,8.5,Liz Claiborne Brown Flats,Liz Claiborne,Shoes,
10003508,29.99,0.0,1,1,,Liz Claiborne Pants Beige,Liz Claiborne,Jeans/Pants,
10007060,14.99,0.0,1,1,8.5,Liz Claiborne Red Sling FLats,Liz Claiborne,Shoes,
10006949,22.99,0.0,1,1,14,Liz Claiborne White Capri's,,Other,
10003725,15.99,0.0,1,1,,liz claiborne blouse floral pxl,Liz Claiborne,Top,
10000176,1.0,0.0,1,0,,Liz ClaibornePants,Liz Claiborne,Jeans/Pants,
10000612,1.0,0.0,1,0,,Liz ClaibornePants,Liz Claiborne,Jeans/Pants,
10002532,24.99,0.0,1,0,,Liz ClaibornePants,Liz Claiborne,Jeans/Pants,
10002589,24.99,0.0,1,1,,Liz ClaibornePants,Liz Claiborne,Jeans/Pants,
10008315,14.99,0.0,1,1,,LizClaiborne FlowerScarf,Liz Claiborne,Accessories,
10005384,22.99,0.0,1,1,XL,lizwear bls prp,Liz Claiborne,Top,
10003855,33.99,0.0,1,1,4,LJC Khaki Pants,Lauren Jeans Company,Jeans/Pants,
10006796,28.99,0.0,1,1,XL,LJC PinkCorduroy,Lauren Jeans Company,Other,
10004142,25.99,0.0,1,1,M,LLBean Pnk Puff Vest,LLBean,Top,
10008215,23.0,5.5,1,1,,Loft Beige Green Skirt 2P,,Skirt,76.1
10006522,29.99,0.0,1,1,L,Loft Beige White Flw Shirt,Loft,Top,
10004204,37.99,0.0,1,0,00,Loft Black & White Stripe Dress NWT,Ann Taylor LOFT,Dress,
10007129,13.99,0.0,1,1,XL,Loft Black & Wht Shorts,Loft,Shorts,
10006260,18.99,0.0,1,0,S,Loft Black Cardigan,Loft,Sweater/Cardigan,
10006264,25.99,0.0,1,0,L,Loft Black Dress,Loft,Dress,
10005133,23.99,0.0,1,0,8,Loft Black Floral Dress,Loft,Dress,
10006955,25.99,0.0,1,1,L,Loft Black Sequin Tank,Loft,Top,
10008436,20.99,5.25,1,1,,Loft Black Sleeveless Top XS,,Top,75.0
10008461,16.99,6.0,1,0,,Loft Black White Top M,,Top,64.7
10004350,24.99,0.0,1,1,S,Loft Blk&Wh Plaid Top,Loft,Top,
10005593,15.99,0.0,1,1,S,Loft Blue Blouse,Loft,Top,
10006680,21.99,0.0,1,0,S,Loft Blue Floral Skirt,Loft,Skirt,
10008392,27.99,7.0,1,1,,Loft Blue Striped Pants 4,,Jeans/Pants,75.0
10008397,19.99,5.0,1,1,,Loft Blue White Pants 2P,,Jeans/Pants,75.0
10007008,19.99,0.0,1,1,S,Loft Blush Floral SL Top,Loft,Top,
10004766,14.99,0.0,1,0,L,Loft Colorful Sheer SS,Loft,Top,
10005619,15.99,0.0,1,0,M,Loft Dark Blue Tank w White Stars,Loft,Top,
10005563,22.99,0.0,1,1,M,Loft Gray Light Cardigan,Loft,Sweater/Cardigan,
10005975,26.99,0.0,1,1,M,Loft Gray Satin Tank w Design,Loft,Top,
10004183,28.99,0.0,1,1,4,Loft Gray Skirt,Ann Taylor LOFT,Skirt,
10005652,15.99,0.0,1,1,L,Loft Gray SL Top,Loft,Top,
10005537,23.99,0.0,1,1,S,Loft Gray Sweater w Floral Underlayer,Loft,Sweater/Cardigan,
10007018,24.99,0.0,1,1,XS,Loft Green Army Jacket,Loft,Jacket/Coat,
10007795,34.99,0.0,1,1,10,Loft Green Corduroy Pants,Loft,Jeans/Pants,
10003294,19.99,0.0,1,0,,Loft Green Front Pocket Skirt,Loft,Skirt,
10005671,24.99,0.0,1,1,L,Loft Green Pink Top,Loft,Top,
10006611,18.99,0.0,1,1,14,Loft Green Suede Skirt,Loft,Skirt,
10003464,35.99,0.0,1,1,XXL,Loft Houndstooth Pants Red & Black,Loft,Jeans/Pants,
10008112,24.99,0.0,1,0,M,Loft knit tanktop,Loft,Sweater/Cardigan,
10004152,18.99,0.0,1,1,S,Loft Long Sleeve Blk&Brwn Top,Loft,Top,
10004974,35.99,0.0,1,1,M,Loft LS Black Dress with Colors,Loft,Dress,
10005599,26.99,0.0,1,1,XL,Loft Magenta Pattern SS Top,Loft,Top,
10004334,18.99,0.0,1,1,L,Loft Navy Blue Floral Shortsleeve,Loft,Shorts,
10005549,24.99,0.0,1,1,S,Loft Off White Cardigan w Ruffles,Ann Taylor LOFT,Sweater/Cardigan,
10006823,15.99,0.0,1,0,8,Loft Off White Pattern Shorts,Loft,Shorts,
10005685,19.99,0.0,1,1,10,Loft Pants Black & White,,Jeans/Pants,
10004755,22.99,0.0,1,1,8,Loft Pink Capri Pants,Loft,Jeans/Pants,
10006532,19.99,0.0,1,1,M,Loft Pink Pattern SL Top,Loft,Top,
10007608,25.99,0.0,1,1,XS,Loft Pink Short,,Shorts,
10004205,27.99,0.0,1,0,XS,Loft Pink Shortsleeve Shirt,Loft NWT,Shorts,
10008475,17.99,6.0,1,1,,Loft Pink Sleeveless Top 6,,Top,66.6
10008681,17.99,4.5,1,1,,Loft Pink Sleeveless Top M,,Top,75.0
10006714,29.99,0.0,1,1,XS,Loft Red Patterned Skirt,Loft,Skirt,
10007449,29.99,0.0,1,1,S,Loft SL Animal Print Top,Loft,Top,
10008250,18.99,6.0,1,0,,Loft Sleeveless Blue White Top M,,Top,68.4
10008641,15.99,4.0,1,1,S,Loft Sleeveless Top,,Top,75.0
10007583,14.99,0.0,1,1,8,Loft Tan Shorts,Loft,Shorts,
10006767,22.99,0.0,1,1,10,Loft Tan Skirt,Loft,Skirt,
10003387,39.99,0.0,1,1,M,Loft Tank Top Brown,Loft,Top,
10008204,24.99,6.0,1,0,,Loft White Cherry LS Blouse S,,Top,76.0
10005554,23.99,0.0,1,1,XS,Loft White Knit Cardigan,Loft,Sweater/Cardigan,
10007306,23.99,0.0,1,1,6,Loft White Skirt w Buttons,Loft,Skirt,
10005888,34.99,0.0,1,1,XL,Loft White Wrap Sweater,Loft,Sweater/Cardigan,
10005093,15.99,0.0,1,1,M,Loft Floral Slvlss Top Grn,Loft,Top,
10005092,13.99,0.0,1,1,M,Loft Scallop Tank Teal,Loft,Top,
10005070,24.99,0.0,1,1,XS,Loft Slvss Top Purple,Loft,Top,
10003641,15.99,0.0,1,1,XS,Loft BlueFloralTop,Loft,Other,
10005291,18.99,0.0,1,1,S,Loft GreyFloral,Loft,Other,
10004655,24.99,0.0,1,1,S,Loft GreySweater,Loft,Sweater/Cardigan,
10005778,25.99,0.0,1,1,S,Loft LaceShirt,Loft,Top,
10007740,24.99,0.0,1,0,0,Loft MulticolPatternSkirt,Loft,Skirt,
10004300,21.99,0.0,1,1,XS,Loft Pink Sweater,Loft,Sweater/Cardigan,
10006802,31.99,0.0,1,1,XS,Loft PinkButtnDwnBlouse,Loft,Top,
10005316,22.99,0.0,1,1,XS,Loft PinkCardigan,Loft,Sweater/Cardigan,
10006086,14.99,0.0,1,1,8,Loft PinkFloralShorts,Loft,Shorts,
10006015,24.99,0.0,1,1,XS,Loft PnkCardigan,Loft,Sweater/Cardigan,
10006091,18.99,0.0,1,1,M,Loft PnkFloralTop,Loft,Other,
10006006,24.99,0.0,1,1,XL,Loft PurpCardigan,Loft,Sweater/Cardigan,
10006894,19.99,0.0,1,1,XS,Loft RedfloralTop,Loft,Other,
10005801,28.99,0.0,1,1,M,loft swter prp,Loft,Other,
10005807,24.99,0.0,1,1,L,loft swtr grn,Loft,Sweater/Cardigan,
10005395,6.99,0.0,1,1,M,loft tank red,Loft,Top,
10005283,18.99,0.0,1,1,S,Loft YellowleafTop,Loft,Other,
10002961,19.99,0.0,1,1,,LoftSleeveless Top_Ce,Loft,Top,
10000887,19.99,0.0,1,1,,LoftSweater_Do,Loft,Sweater/Cardigan,
10002220,15.99,0.0,1,1,,LoftTank Top_Ba,Loft,Top,
10002242,1.0,0.0,1,0,,LoftTank Top_Ba,Loft,Top,
10002245,1.0,0.0,1,0,,LoftTank Top_Ba,Loft,Top,
10002288,1.0,0.0,1,0,,LoftTank Top_Ba,Loft,Top,
10002179,14.99,0.0,1,1,,LoftTee Shirt_Mi,Loft,Top,
10007352,15.99,0.0,1,1,0,Lohla sport checkered navy skirt,Lohla,Skirt,
10003416,28.99,0.0,1,1,S,LOL Vintage Super Gal Tee Shirt Grey,LOL Vintage,Top,
10008442,64.99,16.25,1,1,M,Lola Green Dress,,Dress,75.0
10007468,29.99,0.0,1,0,8,London Times Blue White SL Dress,London Times,Dress,
10006310,22.99,0.0,1,0,6,London Times Teal Pink Dress,London Times,Dress,
10003668,32.99,0.0,1,1,4,london times dress pink,London Times,Dress,
10006893,59.99,0.0,1,1,M,LondonFog LilacTranchCoat,London Fog,Jacket/Coat,
10006184,25.99,0.0,1,0,,long sleeve pink striped dress shirt small,Unknown,Dress,
10006847,49.99,0.0,1,0,S,Long white skirt,Unknown,Skirt,
10007809,21.99,0.0,1,1,14,longsleeve purple blouse,Coldwater Creek,Top,
10006237,39.99,0.0,1,1,XS,longsleeve silk teal blouse,Banana Republic,Top,
10005421,32.99,0.0,1,1,XL,Looks GrnFloralBttnDwn,Looks,Other,
10007423,29.99,0.0,1,1,10,Lord & Taylor Copper Heal's,,Other,
10003935,16.99,0.0,1,0,M,Lorraine Intimate Dress,Lorraine,Dress,
10007192,25.99,0.0,1,1,6,Los Angeles Atelier Black Dress,,Dress,
10007910,27.99,0.0,1,1,L,Lost & Wander Beige Overall Dress,Lost & Wander,Dress,
10003801,14.99,0.0,1,1,M,Lottie Moss Yellow Crop Top,Lottie Moss,Top,
10006720,19.99,0.0,1,0,M,Lou & Grey Multicolor Striped Top,Lou X Grey by Loft,Top,
10005041,30.99,0.0,1,1,6,Loudmouth Multi-Pattern Skirt,Loudmouth Ladies,Skirt,
10005451,25.99,0.0,1,1,8.5,LouiseEtCie SilverpointShoe,Louise Et Cie,Shoes,
10006870,27.99,0.0,1,1,S,LouXGrey CreamCardigan,Lou X Grey,Sweater/Cardigan,
10006355,35.99,0.0,1,1,XL,LouxGrey CrmAsymmJacket,Lou X Grey by Loft,Jacket/Coat,
10005202,15.99,0.0,1,1,S,Love 21 Purple Pink Patterned Skirt,Love21,Skirt,
10008668,13.99,4.0,1,1,,Love Blossom Blue Sleeveless Top M,,Top,71.4
10005920,25.99,0.0,1,1,S,Love Change Purple Sweater,Love Change,Sweater/Cardigan,
10000127,1.0,0.0,1,0,,Love ChangeSweater,Love Change,Sweater/Cardigan,
10002496,29.99,0.0,1,1,,Love ChangeSweater,Love Change,Sweater/Cardigan,
10004078,26.99,0.0,1,1,S,Love Culture Button Jacket,Love Culture,Jacket/Coat,
10002204,15.99,0.0,1,0,,Love Fire Bodysuit Black,Love Fire,Top,
10002177,25.99,0.0,1,1,,Love JBodysuit_St,Love J,Top,
10008258,22.99,6.0,1,1,,Love on a hanger Embroidered Cami L,,Top,73.9
10008186,21.99,6.0,1,0,5,Love on Yellow Blue Skirt,Love On A Hanger,Skirt,72.7
10007161,28.99,0.0,1,0,,Love Riche,,Other,
10007274,16.99,0.0,1,1,M,Love Tree Black Top,,Top,
10008700,18.99,6.5,1,1,S,Love Tree Camo Vest,,Top,65.8
10007627,25.99,6.5,1,0,,Love Tree Faux Fur Hoodie Vest M,,Top,75.0
10002697,25.99,0.0,1,0,,Love TreeJacket_St,Love Tree,Jacket/Coat,
10004353,25.99,0.0,1,0,S,Loveriche Brown Skirt,Loveriche,Skirt,
10005750,24.99,0.0,1,1,S,Loverocks Sheer Floral Top,Loverocks,Top,
10006776,34.99,0.0,1,0,,Lovers& Friends Floral Mini Dress Sz S,Lovers + Friends,Dress,
10007349,28.99,0.0,1,1,5,Lovesick jean short,LOVEsick,Shorts,
10007179,37.99,0.0,1,0,M,Lovestitch Dress Pink White,,Dress,
10004894,15.99,0.0,1,0,S,lovetreedenim top dnm,Love Tree,Jeans/Pants,
10005949,24.99,0.0,1,1,S,LRL Beige Button LS,Lauren Ralph Lauren,Top,
10004523,18.99,0.0,1,0,,LRL Black Purse Gold Zipper,Lauren Ralph Lauren,Accessories,
10005950,23.99,0.0,1,1,L,LRL Brown Floral Cardigan,Lauren Ralph Lauren,Sweater/Cardigan,
10005705,55.0,0.0,1,1,8,LRL Gold Skirt,Lauren Ralph Lauren,Skirt,
10005886,19.99,0.0,1,0,XL,LRL Green LS,Lauren Ralph Lauren,Top,
10004976,49.99,0.0,1,1,6,LRL Hot Pink SL Dress,Lauren Ralph Lauren,Dress,
10008223,35.99,8.99,1,1,6,LRL Lauren Jeans Green,,Jeans/Pants,75.0
10008159,39.99,8.0,1,1,M,LRL Orange Colorful Skirt,Lauren Ralph Lauren,Skirt,80.0
10004594,29.99,0.0,1,1,10,LRL Red & Blue Dress,Lauren Ralph Lauren,Dress,
10003808,39.99,0.0,1,1,4,LRL VINTAGE Blue Pants,Lauren Jeans Company,Jeans/Pants,
10004652,35.99,0.0,1,0,S,LTDL Pink&prpSweater,Les Tricots De Lea,Sweater/Cardigan,
10008765,25.0,6.25,1,1,,LTX Orange LS Top XL,,Top,75.0
10008764,25.0,6.25,1,1,,LTX Orange LS Top XXL,,Top,75.0
10005673,32.99,0.0,1,1,10,Lucky Blue Jeans,Lucky Brand,Jeans/Pants,
10003359,24.99,14.99,1,1,8,Lucky Brand Burgundy Boots,Lucky Brand,Shoes,40.0
10007051,15.99,0.0,1,1,10,Lucky Brand Heel Sandals Tan,Lucky,Top,
10004175,35.99,0.0,1,1,8,Lucky Brand Shoes,Lucky Brand,Shoes,
10003822,34.99,0.0,1,1,S,Lucky Brand Tan & Black Sweater,Lucky Brand,Sweater/Cardigan,
10004677,29.99,0.0,1,1,S,lucky brand swter gry,Lucky Brand,Other,
10003610,14.99,0.0,1,0,S,lucky brand tank blue,Lucky Brand,Top,
10002751,26.99,0.0,1,1,,Lucky BrandLS Top_Ke,Lucky Brand,Top,
10007433,19.99,0.0,1,1,6,Lucky Brands Camo Pants,,Jeans/Pants,
10000155,1.0,0.0,1,0,,Lucky BrandSS Top_Za,Lucky Brand,Top,
10000890,1.0,0.0,1,0,,Lucky BrandSS Top_Za,Lucky Brand,Top,
10001136,1.0,0.0,1,0,,Lucky BrandSS Top_Za,Lucky Brand,Top,
10001337,1.0,0.0,1,0,,Lucky BrandSS Top_Za,Lucky Brand,Top,
10001810,1.0,0.0,1,0,,Lucky BrandSS Top_Za,Lucky Brand,Top,
10001837,1.0,0.0,1,0,,Lucky BrandSS Top_Za,Lucky Brand,Top,
10001908,1.0,0.0,1,0,,Lucky BrandSS Top_Za,Lucky Brand,Top,
10002082,1.0,0.0,1,0,,Lucky BrandSS Top_Za,Lucky Brand,Top,
10002332,24.99,0.0,1,0,,Lucky BrandSS Top_Za,Lucky Brand,Top,
10002525,24.99,0.0,1,0,,Lucky BrandSS Top_Za,Lucky Brand,Top,
10002028,24.99,0.0,1,1,,Lucky BrandSweater_Ge,Lucky Brand,Sweater/Cardigan,
10002378,14.99,0.0,1,0,,Lucky BrandTee Shirt_DI,Lucky Brand,Top,
10007518,31.99,0.0,1,1,M,Lucky Legend Red Pants,,Jeans/Pants,
10004466,22.99,0.0,1,1,8,LuckyB BlueJeans,Lucky Brand,Jeans/Pants,
10005328,22.99,0.0,1,1,XS,LuckyB RedWhiBlShirt,Lucky Brand,Top,
10005057,16.99,0.0,1,1,S,LuckyBrand FluerDeLis Shirt Blk&Wht,Lucky Brand,Top,
10005064,15.99,0.0,1,0,S,LuckyBrand PinkFloyd Tee Yllw,Lucky Brand,Top,
10005777,27.99,0.0,1,1,L,LuckyBrand Blk&TanBlouse,Lucky Brand,Top,
10006806,25.99,0.0,1,1,L,LuckyBrand GreySweater,Lucky Brand,Sweater/Cardigan,
10006138,22.99,0.0,1,1,XS,LuckyBrand PnkRedLongSlve,Lucky Brand,Other,
10005404,18.99,0.0,1,1,XL,LuckyBrand RedbttnBlouse,Lucky Brand,Top,
10006801,23.99,0.0,1,1,S,LuckyBrand USAlongsleeve,Lucky Brand,Other,
10004576,20.99,0.0,1,1,M,Lucy in the Sky Black Sequin Mini Dress,Lucy in the Sky,Dress,
10004337,49.99,0.0,1,1,M,Luii Black Fashion Trenchcoat,Luii,Jacket/Coat,
10006461,49.99,0.0,1,1,L,LulaRoe Orange Floral Shawl,LulaRoe,Other,
10007292,25.99,0.0,1,0,S,Lulu's Gold Dress,,Dress,
10006342,25.99,0.0,1,1,L,Lulus Black Floral Bodysuit,Lulus,Top,
10007221,18.99,0.0,1,1,M,Lulus Blue SL Dress,Lulus,Dress,
10006997,18.99,0.0,1,1,XL,Lulus Blue White Detail Skirt,Lulus,Skirt,
10008507,18.99,5.3,1,1,,Lulus Floral Smock Crop Top M,,Top,72.1
10008284,18.0,4.5,1,0,S,Lulus Satin Off White Top,Lulus,Top,75.0
10004223,24.99,0.0,1,0,M,Lulus White Ruffle Two Piece Set,Lulus,Set,
10005458,24.99,0.0,1,0,S,Lulus BlueFloralBlouse,Lulus,Top,
10008345,24.99,0.0,1,0,S,Lulus CreamLaceBttnDress,Lulus,Dress,
10006083,12.99,0.0,1,1,S,lulus crptop blk,Lulus,Other,
10007374,23.99,0.0,1,0,S,Lulus PinkHalterBodysuit,Lulus,Top,
10004595,25.99,0.0,1,1,M,Lush Black Chiffon Dress,Lush,Dress,
10004800,24.99,0.0,1,0,M,Lush Dark Blue Satin Top,Lush,Top,
10006291,21.99,0.0,1,0,M,Lush Hot Pink Halter Dress,Lush,Dress,
10004459,18.99,0.0,1,1,M,Lush BlkBlouse,Lush,Top,
10008575,22.99,8.0,1,1,XS,Lush BlkDress,Lush,Dress,65.2
10004931,24.99,0.0,1,1,S,Lush MulticolDress,Lush,Dress,
10007420,14.99,0.0,1,0,S,LushBlkSheermulticolTop,Lush,Other,
10002653,16.99,0.0,1,1,,LushLS Top_Ro,Lush,Top,
10002857,35.99,0.0,1,0,,LushLS Top_Ro,Lush,Top,
10005331,24.99,0.0,1,0,S,LushNWT Navy&RedBlouse,Lush,Top,
10007662,17.99,7.0,1,1,,Luxe LS Blouse Green S,,Top,61.1
10005842,15.99,0.0,1,1,S,Luxe Pink Floral Tank,Luxe,Top,
10007930,19.99,0.0,1,0,L,Luxology Beige Pink SL Long Dress,Luxology,Dress,
10007124,29.99,0.0,1,0,,Lydia USA Black Rhinestone Corset,Lydia,Set,
10008191,27.99,6.0,1,1,L,Lyn Burcher Clay Orange Top,Lyn Burcher,Top,78.6
10003505,34.99,0.0,1,0,M,Lysse NY Pants Brown,Lysse New York,Jeans/Pants,
10003784,24.99,0.0,1,1,10,M Jeans Dusty Pink Pants,M Jeans,Jeans/Pants,
10008657,21.99,5.5,1,1,L,M USA Black Top Lace Detail,M Usa,Top,75.0
10005175,18.99,0.0,1,0,XL,M&M Strplss Dress Grn&Blk,M&M,Dress,
10007600,14.99,0.0,1,1,,Maariyah Green White Halter Top XS,,Top,
10005135,15.99,0.0,1,1,S,Mable Purple LS Crop Top,Mable,Top,
10006055,22.99,0.0,1,0,S,Mable BrntOrangeTop,Mable,Other,
10006166,28.99,0.0,1,1,S,Mable SilverSparkleSkirt,Mable,Skirt,
10008312,45.0,11.25,1,1,XL,Mac & Jac Green Blazer,Mac & Jac,Jacket/Coat,75.0
10006065,35.99,0.0,1,0,,macaramewovenhandbag creme neverused 2pieces,Unknown,Accessories,
10005817,25.99,0.0,1,0,S,macaron dressshrt denim grn,Macaron,Dress,
10004788,25.99,0.0,1,0,,Macrame Bag,Unknown,Accessories,
10008528,37.99,27.25,1,1,,Madden Girl Flower Cork 7.5,,Other,28.3
10003333,27.99,0.0,1,0,,Madden Girl Pink Strap Leather Heals,Madden Girl,Top,
10002658,21.99,0.0,1,1,,Madden NYCTank Top_Su,Madden NYC,Top,
10003599,18.99,0.0,1,1,,MaddenGirl SilverBag,Madden Girl,Accessories,
10005864,32.99,0.0,1,1,L,Madewell Black Buttondown Cardigan,Madewell,Sweater/Cardigan,
10007880,19.0,4.75,1,0,0,Madewell Blue Skirt,,Skirt,75.0
10003517,32.99,0.0,1,1,L,Madewell Bluejeans,Madewell,Jeans/Pants,
10003355,29.99,12.99,1,0,7,Madewell Brown Loafer 1,Madewell,Shoes,56.7
10007630,29.99,0.0,1,1,S,Madewell Green Bodysuit,,Top,
10006990,29.99,0.0,1,1,26,Madewell Jean Skirt,Madewell,Skirt,
10003789,31.99,0.0,1,1,S,Madewell Long Sleeve Black,Madewell,Other,
10007482,32.99,0.0,1,1,,Madewell Pink WindbreakerSize M,,Other,
10005822,34.99,0.0,1,0,6,Madewell Striped Dress,Madewell,Dress,
10005222,12.99,0.0,1,1,S,Madewell Tank Top Light Green,Madwell,Top,
10007227,22.99,0.0,1,0,6,Madewell Yellow Dress,,Dress,
10005037,25.99,0.0,1,1,0,Madewell Jeans Grey,Madewell,Jeans/Pants,
10005035,24.99,0.0,1,1,0,Madewell Sknny Jeans,Madewell,Jeans/Pants,
10006028,24.99,0.0,1,1,XS,Madewell DenimTop,Madewell,Jeans/Pants,
10003587,27.99,0.0,1,1,8,Madewell PinkPant,Madewell,Jeans/Pants,
10004941,32.99,0.0,1,1,12,Madewell WhiteDress,Madewell,Dress,
10003015,24.99,0.0,1,1,,MadewellButton Down_Fr,Madewell,Other,
10000429,1.0,0.0,1,0,,MadewellJeans,Madewell,Jeans/Pants,
10001189,1.0,0.0,1,0,,MadewellJeans,Madewell,Jeans/Pants,
10001209,1.0,0.0,1,0,,MadewellJeans,Madewell,Jeans/Pants,
10002586,25.99,0.0,1,1,,MadewellJeans,Madewell,Jeans/Pants,
10001414,1.0,0.0,1,0,,MadewellJeans_Vi,Madewell,Jeans/Pants,
10003007,32.99,0.0,1,1,,MadewellJeans_Vi,Madewell,Jeans/Pants,
10007925,24.99,0.0,1,1,S,Madison & Berk Beige Velvet Crop Top,Madison & Berkeley,Top,
10008179,31.99,6.0,1,1,L,Madison Red Pattern SS Top,Madison,Top,81.2
10005431,25.99,0.0,1,0,L,Madison Knit Cover Red,Madison,Sweater/Cardigan,
10003827,37.99,0.0,1,0,4,Madwell Skinny Jean,Madwell,Jeans/Pants,
10003828,29.99,0.0,1,1,4,Madwell Straight Leg Jean,Madwell,Jeans/Pants,
10006933,24.99,0.0,1,1,M,Madwell WhiCroptop,Madewell,Top,
10008195,27.99,6.0,1,0,S,Maeve Apple Tee,Maeve,Top,78.6
10008148,33.99,8.0,1,1,2,maeve black lace skirt,Maeve,Skirt,76.5
10005128,24.99,0.0,1,1,S,Maeve Brown Orange Stitch LS Dress,Maeve,Dress,
10005155,24.99,0.0,1,1,XS,Maeve Sheer Floral Top Multicolor,Maeve,Top,
10005410,32.99,0.0,1,0,XL,Maeve PinkPatternDress,Maeve,Dress,
10003715,26.99,0.0,1,1,S,Magenta Fur-Lined Coat,Unknown,Jacket/Coat,
10007549,23.0,0.0,1,0,,Maggie Lawrence Black Grey Vest S,,Top,
10007464,24.99,0.0,1,0,2,Maggy London Blue & White SS Dress,Maggy London,Dress,
10006618,37.99,20.0,1,0,6,Maggy London Dress Pink,,Dress,47.4
10006702,23.99,0.0,1,0,10,Maggy London Green SL Dress,Maggy London,Dress,
10007546,20.0,0.0,1,1,M,Main Strip Black Skirt,,Skirt,
10008305,35.99,0.0,1,1,7,MainEvents BrownSliponShoe,Main Events,Shoes,
10008505,33.99,8.3,1,1,,Maison d Amelie Floral Satin Pants M,,Jeans/Pants,75.6
10005505,25.99,0.0,1,1,S,Maison Jules Red Sweater w Hearts,Maison Jules,Sweater/Cardigan,
10003679,25.99,0.0,1,1,S,maison jules jkt blk,Maison Jules,Jacket/Coat,
10005595,24.99,0.0,1,0,S,Maison Yellow & White Blouse,Maison d' Amelie,Top,
10005529,32.99,0.0,1,0,M,Majora Purple Strapless Jumpsuit,Majora,Romper/Jumpsuit,
10005130,21.99,0.0,1,1,XL,Majorelle Black & Floral Sheer LS Crop Top,Majorelle,Top,
10003873,25.99,0.0,1,1,M,Man Nat Teal Embroidered Longsleeve Dress,Man Nat,Dress,
10007391,22.99,0.0,1,1,S,Maner OmbreSequinSkirt,Maner,Skirt,
10008775,15.0,3.75,1,1,XL,Mangosteen Black TN Tshirt,Mangosteen,Top,75.0
10003928,48.99,0.0,1,0,L,Maniere De Voir WhtSatin Bustier,Maniere De Voir,Other,
10006928,27.99,0.0,1,1,S,Maniju WhiteDress,Maniju,Dress,
10007059,55.99,0.0,1,0,9,Manolo Blahnik Black Studded Heels,Manolo Blahnik,Top,
10007403,15.99,0.0,1,1,,MantanaW Wrislet,Mantana West,Other,
10008726,20.99,4.5,1,1,,Marc Andrews Burgundy LS Top M,,Top,78.6
10008415,44.99,11.25,1,1,,Marc New York Green Vest Jacket M,,Jacket/Coat,75.0
10003823,35.99,0.0,1,1,L,Marc NY Burgundy Pleather Skirt,Marc New York,Skirt,
10007245,28.99,0.0,1,1,4,Marciano Pink Blazer,,Jacket/Coat,
10007209,39.99,0.0,1,1,L,Mardini Black Leather Vest,Mardini,Top,
10007089,15.99,0.0,1,0,,Margo Paige Clear Purse,Margo Paige,Accessories,
10004065,15.99,0.0,1,0,,Margo Paige Fringe Crossbody,Marco Paige,Top,
10007655,69.99,0.0,1,1,L,Margon Italy Top,,Top,
10004646,31.99,0.0,1,1,M,Maria Bonita Dress,Maria Bonita,Dress,
10003666,35.99,0.0,1,1,S,maria jose navarro blouse blk,Maria Jose Navarro,Top,
10008642,75.99,19.0,1,1,,Maria Pinto Purple Bustier M,,Other,75.0
10003687,32.99,0.0,1,1,M,Marie Oliver Ppl Patterned Blouse,Marie Oliver,Top,
10004537,24.99,0.0,1,0,S,Mariella B Sheer Longsleeve Duo,Mariella Burani,Other,
10008240,19.99,6.0,1,1,,Marilyn Monroe Pink Camisole L,,Top,70.0
10002630,15.99,0.0,1,1,,Marilyn MonroeTank Top_Gr,Marilyn Monroe,Top,
10007834,29.99,0.0,1,0,S,Marilyn Pink & Black 2 Piece Sleepwear Set,Marilyn Monroe,Set,
10007752,21.99,0.0,1,0,M,MarilynM FlamingoDress,Marilyn Monroe,Dress,
10005242,14.99,0.0,1,0,XL,Mariokart Tee Shirt,Mariokart,Top,
10008542,45.99,0.0,1,1,,Markay PinkBag,Markay,Accessories,
10005207,25.99,0.0,1,0,M,Marks & Spencer Beige Top Sleevelesee,Marks & Spencer,Top,
10004005,21.99,0.0,1,1,,Marled,Marled,Other,
10008146,19.99,8.0,1,1,S,marled green knit blouse,Marled,Sweater/Cardigan,60.0
10004020,75.99,0.0,1,1,,MarlowePants_My,Marlowe,Jeans/Pants,
10004239,21.99,0.0,1,1,,Maroon Long Sleeve Crop,Kimchi Blue,Other,
10003306,75.99,0.0,1,1,,Marques Almeda Black Top,Marques Almeda,Top,
10005550,19.99,0.0,1,1,L,Marvel Black Tshirt,Marvel,Top,
10003661,26.99,0.0,1,1,4,massimo fabbro pant plad,Massimo Fabbro,Jeans/Pants,
10004082,32.99,0.0,1,1,L,Massini Black Leather Block Jacket,Massini,Jacket/Coat,
10007990,24.99,0.0,1,1,S,Matilda Jane Blue Green LS Dress,Matilda Jane,Dress,
10007828,59.99,41.2,1,1,,Matilda June White Top M,,Top,31.3
10007666,23.99,12.0,1,1,,Maurice's Black Sparkly Top S,,Top,50.0
10005201,12.99,0.0,1,1,S,Maurices American Guitar White Tshirt,Maurices,Top,
10007277,18.99,0.0,1,1,L,Maurices Multi-Color Top,,Top,
10007255,21.99,0.0,1,1,S,Maurices SS Top Pink,,Top,
10004281,21.99,0.0,1,1,M,Maurices Floral Embroidered Sweater,Maurices,Sweater/Cardigan,
10005391,13.99,0.0,1,1,XL,maurices tshrt gry,Maurices,Shorts,
10004532,22.99,0.0,1,0,,Maurizio Floral Long Clutch,Maurizio Taiuti,Accessories,
10007369,38.99,0.0,1,1,M,Mavinelle BrnPatternSheerDress,Mavinelle,Dress,
10004634,24.99,0.0,1,0,S,Max Studio Black Dress,Max Studio,Dress,
10005497,28.99,0.0,1,1,XS,Max Studio Black Satin Jumpsuit,Max Studio Specialty Products,Romper/Jumpsuit,
10008495,17.99,4.99,1,1,,Max Studio Black Sequin Lace Top XXL,,Top,72.3
10007461,31.99,0.0,1,1,S,Max Studio Black SS Dress,Max Studio,Dress,
10006703,12.99,0.0,1,0,L,Max Studio Blue & White Lace Cami,Max Studio,Top,
10004627,27.99,0.0,1,0,L,Max Studio Blue Pattern Dress,Max Studio,Dress,
10006451,24.99,0.0,1,1,M,Max Studio Brown & White Top,Max Studio,Top,
10005839,24.99,0.0,1,1,S,Max Studio Dark Blue Floral SL Top,Max Studio,Top,
10006834,18.99,0.0,1,1,S,max studio pink tanktop,Max Studio,Top,
10008399,33.99,8.5,1,1,,Max Studio Purple Dress S,,Dress,75.0
10007017,22.99,0.0,1,1,L,Max Studio Suede Tan Pants,Max Studio,Jeans/Pants,
10005760,24.99,0.0,1,1,XS,MaxStudio BlkDetailedSkirt,Max Studio,Skirt,
10006143,25.99,0.0,1,0,M,MaxStudio FloralruffleDress,Max Studio,Dress,
10004861,32.99,0.0,1,1,12,MaxXCo BrwnMetalicSkirt,Max X Co,Skirt,
10007589,26.99,0.0,1,1,M,Maze Collection Black Pants,,Jeans/Pants,
10008084,250.0,80.0,1,1,,McDowell VNTAGE Rhnstne Hat,Shellie McDowell,Accessories,68.0
10007511,23.99,0.0,1,1,,Meadow Rue Pink SS Top M,,Top,
10006325,22.99,0.0,1,-1,,Mele e Pere,,Other,
10006571,22.99,0.0,1,0,XL,Mellowday White & Blue Top,Melloday,Top,
10003875,22.99,0.0,1,1,L,Melody Gray Intimate Skirt,Melody,Skirt,
10008341,11.99,0.0,1,0,M,MelroseM TanStripeShorts,Melrose X Market,Shorts,
10005789,18.99,0.0,1,0,L,MelroseXMar BlackLaceTop,Melrose X Market,Other,
10004966,25.99,0.0,1,1,6,Merc Black Floral Pattern Skirt,Mercantile by JCrew,Skirt,
10007765,14.99,0.0,1,0,,Merit BrownBag,Merit,Accessories,
10004911,29.99,0.0,1,1,11,Merrell BrownClogShoe,Merrell,Shoes,
10006596,12.99,0.0,1,1,,Metal Chain Necklace,Unknown,Accessories,
10006737,42.99,0.0,1,1,,Metal Scales Belt Buckle with Rhinestones,Unknown,Accessories,
10006638,36.99,0.0,1,0,,Metal Scales Belt Floral Buckle,Unknown,Accessories,
10007316,45.99,0.0,1,-1,,Metalpurse,,Accessories,
10004388,29.99,0.0,1,1,9,MeToo BlackShoes,Me Too,Shoes,
10005579,14.99,0.0,1,0,,"Metropolitan Multi Color Red, Blk",Metropolitan,Other,
10005670,14.99,0.0,1,1,,Metropolitan Multi Color Top One Size,Metropolitan,Top,
10006035,26.99,0.0,1,0,S,Mexx GrnLeafyTop,Mexx,Other,
10006417,18.99,0.0,1,1,M,MFL GreenZipUp,Made For Life,Other,
10004611,18.99,0.0,1,1,XL,Mi Ami Burgundy Velvet Dress,Mi Ami,Dress,
10007178,26.99,0.0,1,0,XS,Miami Burgundy Dress,,Dress,
10004229,65.0,0.0,1,1,9,Michael Kors Black Leather Heel Silver Toe,Michael Kors,Shoes,
10005645,29.99,0.0,1,1,M,Michael Kors Black LS Top,Michael Kors,Top,
10007667,32.99,18.0,1,0,,Michael Kors Black Top S,,Top,45.4
10006646,25.99,0.0,1,1,6,michael kors blue textured short dress,Michael Kors,Dress,
10008257,64.99,28.0,1,1,,Michael Kors Brown Crossbody Purse,,Top,56.9
10005941,85.99,0.0,1,0,,Michael Kors Brown Little Bag w Tassel,Michael Kors,Top,
10005942,85.99,0.0,1,1,,Michael Kors Tan Medium Bag w Tassel,Michael Kors,Top,
10003629,25.99,0.0,1,1,4,michael kors blouse prp,Michael Kors,Top,
10006897,21.99,0.0,1,1,L,MichaelKors RedWhiStripeTop,Michael Kors,Other,
10005027,28.99,0.0,1,1,M,MichaelStars Thermal Grey,Michael Stars,Top,
10006896,19.99,0.0,1,0,S,MichelleNicole BrownJewelShirt,Michelle Nicole,Top,
10004033,23.99,0.0,1,1,,"MIckey, IncTee Shirt_MM","MIckey, Inc",Top,
10004426,31.99,0.0,1,1,4,MidiDress Blk,Ann Taylor,Dress,
10004419,28.99,0.0,1,1,XS,MidiDress MultiColor,Intropia,Dress,
10007233,18.99,0.0,1,1,L,Midnight Doll Floral Top,,Top,
10008799,19.99,5.0,1,1,,Midnight Doll Orante White Floral L,,Other,75.0
10008686,14.99,4.5,1,1,,Midnight Sky Blue Blouse L,,Top,70.0
10005763,15.99,0.0,1,1,L,Midnight Blk&WhiTop,Midnight,Other,
10005516,18.99,0.0,1,1,4,Migsuided Black Dress Sheer Puff Sleeves,Misguided,Dress,
10006285,29.99,0.0,1,1,M,Milena Nicole Black SL Top,Milena Nicole,Top,
10005470,24.99,0.0,1,0,XL,MilkXH LemonBttnDwnTop,Milk X Honey,Other,
10008379,17.99,8.99,1,0,M,mimi chica floral tanktop,Mimi Chica,Top,50.0
10007223,18.99,0.0,1,1,XS,Mimi Chica Green Floral SL Dress,Mimi Chica,Dress,
10007651,33.99,0.0,1,0,L,Mina Self Beige Collared Vest Top,Mina Self,Top,
10003499,22.99,0.0,1,1,M,Mine Pants Black,Mine,Jeans/Pants,
10000304,15.99,0.0,1,1,,Mine Tank Top Yellow,Mine,Top,
10000430,1.0,0.0,1,0,,Mine Tank Top Yellow,Mine,Top,
10008587,12.99,8.0,1,1,M,Mine BlkShrTop,Mine,Shorts,38.4
10006356,14.99,0.0,1,1,S,Mine Blue&YllwTop,Mine,Other,
10008491,49.99,8.5,1,1,,Minimalist Tan Collarless Jacket L,,Jacket/Coat,83.0
10006691,39.99,0.0,1,0,S,Mink Pink Multicolor SL Dress,MinkPink,Dress,
10008648,24.99,6.25,1,1,,Minkpink Pink Sleeveless Top XS,,Top,75.0
10005873,35.99,0.0,1,1,M,MINS Brown Knit SS,Mins,Sweater/Cardigan,
10006690,19.99,0.0,1,1,M,Mint Green Lingerie Top,Unknown,Top,
10006647,18.99,0.0,1,1,,mint julep yellow floral maxi dress 3x,Mint Julep,Dress,
10004425,21.99,0.0,1,0,XXS,MintQuarterButton,Armani Exchange,Other,
10005874,28.99,0.0,1,1,3,Misia Blue and White SS w Hoodie,Misia,Top,
10005921,25.99,0.0,1,1,S,Misia Red Light Hoodie,Misia,Other,
10002006,32.99,0.0,1,1,,Miss CaptainSkirt_Cl,Miss Captain,Skirt,
10005502,18.99,0.0,1,0,M,Miss Cocoa Salmon Halter Top Metal,Miss Cocoa,Top,
10008144,28.99,8.0,1,1,31,miss me long jean skirt,Miss Me,Skirt,72.4
10008459,27.99,5.5,1,1,,Miss Me Yellow Pants M,,Jeans/Pants,80.4
10007234,75.99,0.0,1,1,M,Miss Sixty Green Dress,,Dress,
10005262,25.99,0.0,1,0,S,Miss Sixty Tube Top Black Green Velvet,Miss Sixty,Top,
10007762,23.99,0.0,1,0,14,MissDorby BlkWhiPadJacket,Miss Dorby,Jacket/Coat,
10005540,25.99,0.0,1,1,6,Missguided White Halter Romper Blue Emb,Missguided,Romper/Jumpsuit,
10005445,15.99,0.0,1,1,12,Missguided Satin Crop Blk,Missguided,Top,
10003678,25.99,0.0,1,1,8,missguided blouse blk,Missguided,Top,
10006910,27.99,0.0,1,1,27,MissMe JeweledJeanSkirt,Miss Me,Skirt,
10008222,65.99,16.0,1,1,L,Missoni Black Gold Knit Skirt M,,Skirt,75.8
10008740,40.0,10.0,1,1,M,Missoni Brown Dress,,Dress,75.0
10008075,35.99,0.0,1,1,S,MissRita OrangeDress,Miss Rita,Dress,
10005184,28.99,0.0,1,0,S,MissSelfridge Velvet Wrap Top Pnk,Miss Selfridge,Top,
10007347,13.99,0.0,1,1,,Mixed Metal Cuff Bracelet,Unknown,Accessories,
10004215,12.99,0.0,1,1,,Mixed Metal Necklace,,Accessories,
10006708,25.99,0.0,1,0,18,Mlle Gabrielle White Orange Floral Dress,Mlle Gabrielle,Dress,
10008381,15.99,7.99,1,0,4,MNG white and blue floral blouse,Mng,Top,50.0
10008150,19.99,8.0,1,1,XL,moa moa pink lace corset top,Moa Moa,Top,60.0
10004816,14.99,0.0,1,0,M,Moa Moa Red Crop Top,Moa Moa,Top,
10007479,46.99,0.0,1,1,L,Mod Ref White Jacket,,Jacket/Coat,
10007532,20.99,0.0,1,0,,Moda Int Burgundy LS Top XS,,Top,
10007573,31.99,0.0,1,1,XS,Moda Int. LS Top,,Top,
10008695,24.99,8.0,1,1,,Moda Intl Black Dress XS,,Dress,68.0
10008221,14.0,3.5,1,0,,Moda Intl Black Halter,,Top,75.0
10003152,13.99,0.0,1,0,,Moda Lyle Fringe Purse,Moda,Accessories,
10006019,28.99,0.0,1,0,XS,Moda PurplaceTop,Moda,Other,
10005876,32.99,0.0,1,1,XL,Modern Citizen Brown Cardigan,Modern Citizen,Sweater/Cardigan,
10007272,25.99,0.0,1,1,S,Molly Bracken Top Blue,,Top,
10005106,6.99,0.0,1,1,S,Molly G Gray Velvet Crop Top,Molly Green,Top,
10003954,41.99,0.0,1,1,L,Molly Green Pink Mint Sequin Dress NWT,Molly Green,Dress,
10003401,32.99,0.0,1,1,S,Molly Green Pants Pink,Molly Green,Jeans/Pants,
10008458,19.99,12.9,1,1,,Molly Green Pink White Shorts S,,Shorts,35.5
10008544,27.99,0.0,1,1,M,MollyB MulticolFloralTop,Molly Bracken,Other,
10006921,29.99,0.0,1,1,S,MollyB WhiteFlwrPoofySkirt,Molly Bracken,Skirt,
10006262,32.99,0.0,1,0,M,Mona Mode Vest Black w Flowers,Mona Mode,Top,
10008079,24.99,0.0,1,0,S,Mondessa RedFlowerlouse,Mondessa,Top,
10007537,22.99,0.0,1,1,M,Mondetta Grey Fleece,,Other,
10008136,21.99,8.0,1,1,L,monteau black sleeveless blouse,Monteau,Top,63.6
10007228,28.99,0.0,1,1,S,Monteau Dress Beige,,Dress,
10005668,19.99,0.0,1,1,L,Monteau Dusty Pink Lace Top,Monteau,Top,
10008464,24.99,8.0,1,0,,Monteau Green Beige Jumpsuit S,,Romper/Jumpsuit,68.0
10004267,25.99,0.0,1,1,S,Monteau LA Pink Slip Dress,Monteau Los Angeles,Dress,
10008663,11.99,3.0,1,1,,Monteau Purple SS Top L,,Top,75.0
10004840,24.99,0.0,1,1,XL,Monteau Red SS Tie Front Shirt,Monteau Los Angeles,Top,
10007613,27.99,0.0,1,0,L,Monteau White Lace Shorts,,Shorts,
10008289,14.99,0.0,1,1,S,Monteau Blue&WhiCroptop,Monteau,Top,
10006885,18.99,0.0,1,1,S,Monteau RedpolkadotTop,Monteau,Other,
10008552,25.99,0.0,1,1,M,Monteau WhilaceTop,Monteau,Other,
10007067,22.99,0.0,1,1,8,Montego Bay Club Espadrille,Montego Bay Club,Other,
10007078,22.99,0.0,1,1,7,Montego Bay Club Sandals,,Top,
10007897,19.99,9.25,1,1,,Montego Bay Shoes 7.5,,Shoes,53.7
10003463,33.99,0.0,1,1,S,Moon Collection Dress Brown,Moon Collection,Dress,
10005753,24.99,0.0,1,1,S,Moon Collection White Skirt,Moon Collection,Skirt,
10004982,25.99,0.0,1,0,M,Moon X Madi Pink Smiley Face Sweater,Moon X Madison,Sweater/Cardigan,
10000074,19.99,0.0,1,0,,Moon X MadisonSweater_Dr,Moon X Madison,Sweater/Cardigan,
10002134,1.0,0.0,1,0,,Moon X MadisonSweater_Dr,Moon X Madison,Sweater/Cardigan,
10008694,28.99,8.5,1,1,,Moonlight Bay Blue Black Sweater L,,Sweater/Cardigan,70.7
10007753,18.99,0.0,1,0,,MorganT FloralMeshIntDress,Morgan Taylor Intimates,Dress,
10005710,150.0,0.0,1,1,8,Moschino VINTAGE Rare Blue Yellow Skirt,Moschino,Skirt,
10001470,1.0,0.0,1,0,,MoschinoSkirt_Wi,Moschino,Skirt,
10002569,19.99,0.0,1,1,,MoschinoSkirt_Wi,Moschino,Skirt,
10005699,12.99,0.0,1,0,XS,Mossimo Orange Multicolor Skirt,Mossimo,Skirt,
10007032,22.99,0.0,1,1,L,Motel Pink Tank Top,Motel,Top,
10005872,29.99,0.0,1,1,S,Motel Sunset Pants,Motel,Jeans/Pants,
10004297,34.99,0.0,1,0,S,Motel BlkBrownSwrlPant,Motel,Jeans/Pants,
10004283,19.99,0.0,1,0,S,Moth Amber Knit Sweater,Moth,Sweater/Cardigan,
10006014,26.99,0.0,1,1,M,Moth PnkGreaySweater,Moth,Sweater/Cardigan,
10007378,16.99,0.0,1,0,,MotherofPearlRing,Unknown,Accessories,
10002698,32.99,0.0,1,0,,MotiviJacket_Lo,Motivi,Jacket/Coat,
10008675,32.99,8.25,1,1,,Motto Orange Pleated Jacket L,,Jacket/Coat,75.0
10007830,62.99,41.5,1,1,,Moulinette Soeurs Dress 4,,Dress,34.1
10007181,59.99,0.0,1,1,6,Moulinette Soeurs Dress Violet,,Dress,
10004085,15.99,0.0,1,0,S,Mountain Graphic Tshirt,,Top,
10006492,31.99,0.0,1,0,10,Mountain Hardware Brown Skirt,Mountain Hardware,Skirt,
10004114,24.99,0.0,1,1,M,MountainH Blk Althleisure,Mountain Hardware,Other,
10003932,36.99,0.0,1,1,M,Movie Star VINTAGE Pink Nightgown,Movie Star,Dress,
10005314,24.99,0.0,1,1,M,MSK MulticolFloralDress,Msk,Dress,
10001115,18.99,0.0,1,1,,MSKMSK Sporty Dress,Msk,Dress,
10005411,24.99,0.0,1,1,L,MTC BlktieCover,More To Come,Other,
10005508,17.99,0.0,1,0,S,MTV Branded White Tshirt,Mtv,Top,
10004807,23.99,0.0,1,0,11,Mudd Cheetah Brown Skirt,Mudd,Skirt,
10006627,5.99,0.0,1,0,S,mudd leather belt,Mudd,Accessories,
10006472,19.99,0.0,1,1,M,Mudd Sheer Blue Pink Tank,Mudd,Top,
10004706,21.99,0.0,1,1,XL,mudd swtr blk,Mudd,Sweater/Cardigan,
10008566,24.99,8.0,1,0,M,MulicolStripSweater,Unknown,Sweater/Cardigan,68.0
10003815,16.99,0.0,1,1,XL,Multi Color Sheer Tie Front Short Sleeve,,Shorts,
10008129,12.99,3.5,1,0,M,multi colored shortsleeve blouse,Unknown,Shorts,73.1
10004241,150.0,0.0,1,1,M,Multi-Color Cardigan,Aldomartins,Sweater/Cardigan,
10007567,17.99,0.0,1,1,M,Multi-Color Halter Top,,Top,
10007427,24.99,0.0,1,1,,Multi-Color Ring,,Accessories,
10004257,12.99,0.0,1,1,,Multi-Pattern Maroon Pullover,Under Armor,Sweater/Cardigan,
10004255,24.99,0.0,1,0,2,Multi-Patterned Sheer Fitted Dress,Bluebell,Dress,
10007954,17.99,8.75,1,1,,Multi-stone Necklace,,Accessories,51.4
10007421,15.99,0.0,1,1,M,MulticolFloralShirt,Unknown,Top,
10006788,100.0,0.0,1,0,11,MulticolFlowerDress,Unknown,Dress,
10008347,9.99,0.0,1,1,,MulticolFlowerearrings,Unknown,Accessories,
10004944,21.99,0.0,1,1,M,MulticolHalter,Unknown,Top,
10008433,19.99,8.0,1,0,,Multicolor Bead Earrings,,Accessories,60.0
10006176,44.99,0.0,1,1,46,multicolored dress,Desigual,Dress,
10008601,10.99,8.0,1,0,L,MulticolStripeCropTop,Unknown,Top,27.2
10006120,32.99,0.0,1,1,M,Multiples Grn&Whi&OrangeJacket,Multiples,Jacket/Coat,
10007771,64.99,0.0,1,1,L,Mumu Satin Muted Brown Dress,Show me your Mumu,Dress,
10006699,19.99,0.0,1,0,L,Muse Valley Sheer Baby Pink Dress,Muse Valley,Dress,
10004601,24.99,0.0,1,1,10,Muse PinkDress,Muse,Dress,
10008066,25.99,0.0,1,1,M,MushroomBrwnTankTop,Unknown,Top,
10003885,14.99,0.0,1,1,,Mustard Yellow Lace Bra,,Other,
10007571,19.99,0.0,1,0,,My Michelle Multi-Color Skirt M,,Skirt,
10007885,22.99,0.0,1,-1,,Mysteree white blouse,,Top,
10005678,28.99,0.0,1,1,L,Mystree Pants Black & Grey,,Jeans/Pants,
10006011,55.99,0.0,1,0,S,Mystree BrwnStripeSweater,Mystree,Sweater/Cardigan,
10004194,32.99,0.0,1,1,10,Naf Naf Copper Shimmer Skirt,NafNaf,Skirt,
10007343,18.99,0.0,1,0,,Nakamol Stone Wrap Bracelet,Nakamol,Accessories,
10007356,15.99,0.0,1,0,S,naked zebra navy blouse,Naked Zebra,Top,
10005614,26.99,0.0,1,1,M,Nanette Hot Pink Lace Blouse,Nanette Lepore,Top,
10008012,29.0,7.25,1,1,8,Nanette L Black Fringe Skirt,Nanette Lepore,Skirt,75.0
10008155,26.99,6.75,1,1,8,Nanette L Blue Red Striped Skirt,Nanette Lepore,Skirt,75.0
10008438,22.99,5.75,1,1,,Nanette Lepore Black Top L,,Top,75.0
10008031,26.0,6.5,1,0,,Nanette Lepore Brown Blouse 10,,Top,75.0
10008256,23.99,8.0,1,1,,Nanette Lepore Brown Sleeveless Top 8,,Top,66.7
10003037,15.99,0.0,1,0,,Nanette Lepore Camisole Black,Nanette Lepore,Top,
10008116,35.99,0.0,1,0,10,nanette lepore colorful skirt,Nanette Lepore,Skirt,
10008118,21.99,0.0,1,0,M,nanette lepore knit skirt,Nanette Lepore,Skirt,
10008750,60.0,15.0,1,1,,Nanette Lepore Purple Dress M,,Dress,75.0
10007058,14.99,0.0,1,1,9.5,Nanette Lepore Suede Mules Pink,Nanette Lepore,Other,
10003626,22.99,0.0,1,1,M,nanette lepore pant plad,Nanette Lepore,Jeans/Pants,
10008304,12.99,0.0,1,0,M,NanetteL CreamLaceTop,Nanette Lepore,Other,
10006362,14.99,0.0,1,1,10,NanetteL RedDotSheerDress,Nanette Lepore,Dress,
10005186,24.99,0.0,1,1,10,NanetteLepore Midi Dress Grn,Nanette Lepore,Dress,
10004313,45.99,0.0,1,1,S,NaraCamicie BlkLaceBlouse,Nara Camicie,Top,
10005142,22.99,0.0,1,1,S,NASCAR OTW Earnheart QrtrZip Prpl,Over the Wall,Other,
10004345,17.99,0.0,1,1,S,Nashvlle GrnHotYoga Tank,Comfort Colors,Top,
10007278,19.99,0.0,1,0,10,Nasty Girl Silver Top,,Top,
10008386,32.99,8.25,1,1,,Nation Green Sleeveless Top M,,Top,75.0
10006523,13.99,0.0,1,0,S,National Coll Gray Vols Tshirt,National Collegian,Top,
10005569,21.99,0.0,1,1,XXL,Natural Refl Beige Crossfront Sweater,Natural Reflections,Sweater/Cardigan,
10004109,21.99,0.0,1,1,7,Naturalizer Blk KittenHeel,Naturalizer,Shoes,
10007064,20.99,0.0,1,0,8.5,Naturalizer Lime Green Mules,Naturalizer,Other,
10008311,24.99,0.0,1,1,XL,NaturalLife SheerFlowerShirt,Natural Life,Top,
10004319,34.99,0.0,1,1,10,NaughtyMonk RedFlats,Naughty Monkey,Shoes,
10005993,24.99,0.0,1,1,L,Nautica Black & White Striped SS,Nautica,Top,
10004107,25.99,0.0,1,0,7,Nautica Blk Loafer,Nautica,Shoes,
10007721,18.99,0.0,1,0,4,Nautica Off White Pinstripe Vest Top,Nautica,Top,
10006842,24.99,0.0,1,0,M,Nautica white blouse,Nautica,Top,
10004048,19.99,0.0,1,1,,NauticaSS Top_Nav,Nautica,Top,
10007521,29.99,0.0,1,1,S,Navy Blue LS Blouse,,Top,
10005206,15.99,0.0,1,1,,Navy Bucket Hat Unknown,Unknown,Accessories,
10006182,35.99,0.0,1,0,8,navy skirt with flowers,Persaman,Skirt,
10007072,22.99,0.0,1,0,11,Naya Makani Wedge,Naya,Other,
10007498,49.99,0.0,1,0,S,NBD Sequin Top,,Top,
10008393,24.99,6.25,1,1,,ND Intimates Pink Nightgown XL,,Dress,75.0
10008196,26.99,6.0,1,1,M,Neesh Orange Cropped Sweater,Neesh,Sweater/Cardigan,77.8
10006410,24.99,0.0,1,0,M,NellieParton CreamTop,Nellie Parton,Other,
10004832,13.99,0.0,1,0,L,Neon Yellow See-through tshirt,Unknown,Top,
10008510,19.99,13.15,1,1,,New Directions Black Sleeveless Top M,,Top,34.2
10006568,18.99,0.0,1,1,XL,New Directions Blue Green Top,New Directions,Top,
10006508,17.99,0.0,1,0,M,New Directions NWT B & W Tank,New Directions,Top,
10008660,21.99,5.5,1,1,,New Directions Sleeveless Top L,,Top,75.0
10004704,12.99,0.0,1,1,L,new directions swtr pnk,New Directions,Sweater/Cardigan,
10005992,28.99,0.0,1,1,L,New Fantasy Patterned Lemon SL Top,New Fantasy,Top,
10005727,21.99,0.0,1,1,S,New In Pink Skirt,New In,Skirt,
10004955,18.99,0.0,1,1,M,New In Sage Green Skirt,New In,Skirt,
10008264,18.99,6.0,1,1,,New Look Sleeveless Top 16,,Top,68.4
10007760,315.0,0.0,1,1,,New with tags pink coach purse,Coach,Accessories,
10004227,22.99,0.0,1,0,L,New York & Co Black White Sheer Shawl,New York X Company,Other,
10006469,19.99,0.0,1,1,S,New York & Co Blue Green Top,New York X Company,Top,
10007526,26.99,0.0,1,1,,New York Laundry Green Hoodie S,,Other,
10005045,21.99,0.0,1,0,S,New'm Floral Top,New'm,Top,
10008638,14.99,3.75,1,0,,Newbury Kuston Pink SS Top M,,Top,75.0
10005164,18.99,0.0,1,1,XL,NewDirect Multipattern Top,New Direct,Top,
10007665,27.99,12.0,1,1,,Newport News Pink Crochet Top L,,Top,57.1
10008309,39.99,0.0,1,1,12,NewportNews FloralSkirt,Newport News,Skirt,
10003713,27.99,0.0,1,1,S,NewYork Grey Sequin Shawl,New York X Company,Other,
10005208,24.99,0.0,1,1,12,Next Black Sheer Top,Next,Top,
10006382,14.99,0.0,1,0,,Next Brown Belt,Next,Accessories,
10005085,12.99,0.0,1,1,S,Next Exclusive Sheer Top Rd&Wht,Next Exclusive,Top,
10007166,24.99,0.0,1,1,10,Next Tall WindbreakerBlack,,Other,
10003899,20.99,0.0,1,1,M,NFL Tn Titans Tee,NFL Team Apparel,Top,
10007570,27.99,0.0,1,0,L,Nic & Zoe Beige LS Top,,Top,
10007643,39.99,0.0,1,1,M,Nic & Zoe Black SL Top,Nic X Zoe,Top,
10005946,44.99,0.0,1,1,S,Nic & Zoe Red Sweater,Nic X Zoe,Sweater/Cardigan,
10003034,24.99,0.0,1,0,,Nic ZoeCardigan_Za,Nic Zoe,Sweater/Cardigan,
10004365,21.99,0.0,1,1,M,Nic&Zoe MulticolorBlouse,Nic X Zoe,Top,
10003866,26.99,0.0,1,0,XL,Nicfazy Green Yellow Dress,Nicfazy,Dress,
10002762,35.99,0.0,1,1,,Nick X MoJacket_SB,Nick X Mo,Jacket/Coat,
10004740,39.99,0.0,1,0,XL,Nick&Mo Prp&Blk Square Coat,Nick X Mo,Jacket/Coat,
10005341,22.99,0.0,1,1,S,nicola bls prp spkls,Nicola,Top,
10006027,24.99,0.0,1,1,1,Nicola Multicolbttndwn,Nicola,Other,
10004768,18.99,0.0,1,1,L,Nicole Brown Blue Colorful Sleevless,Nicole Miller,Top,
10007826,195.99,50.0,1,1,,Nicole Miller Blue Brown 6,,Other,74.5
10005672,14.99,0.0,1,1,S,Nicole Miller Colorful Silk Tank,Nicole Miller,Top,
10003958,29.99,0.0,1,1,L,Nicole Miller Sequin Jumpsuit,Nicole Miller,Romper/Jumpsuit,
10004836,14.99,0.0,1,2,S,Nicole Miller SL Colorful Silk Tank,Nicole Miller,Top,
10001110,19.99,0.0,1,1,,Nicole Miller Tan Cardigan,Nicole Miller,Sweater/Cardigan,
10003315,35.99,0.0,1,0,,Nicole MillerNicole Miller Feather Tank,Nicole Miller,Top,
10008298,44.99,0.0,1,0,,NicoleLee GreenSequinflowerPurse,Nicole Lee,Accessories,
10006017,25.99,0.0,1,0,S,NicoleM MulticolBlouse,Nicole Miller,Top,
10005840,20.99,0.0,1,1,S,Nie & Zoe Red SS Knit Top,Nie & Zoe,Sweater/Cardigan,
10007504,19.99,0.0,1,1,XL,Nike Grey Pink Sweatshirt,,Top,
10006489,19.99,0.0,1,0,XXL,Nike Knoxville Tshirt,Nike,Top,
10008391,29.99,7.5,1,1,,Nike Orange Tenn. Sweatshirt L,,Top,75.0
10008400,18.99,4.75,1,1,,Nike VFL Orange T-Shirt L,,Top,75.0
10005157,25.99,0.0,1,0,M,NikeTeam Vols TrackJacket Orng,Nike,Jacket/Coat,
10008009,18.99,4.75,1,1,,NikiBiki Black Bodycon Dress 1 One Size,NikiBiki,Dress,75.0
10008010,18.99,4.75,1,1,,NikiBiki Black Bodycon Dress 2 One Size,NikiBiki,Dress,75.0
10008018,19.0,4.75,1,1,,NikiBiki Leopard Dress 1 One Size,NikiBiki,Dress,75.0
10008020,19.0,4.75,1,1,,NikiBiki Leopard Dress 2 One Size,NikiBiki,Dress,75.0
10006530,34.99,0.0,1,0,M,Nina Black Buttondown Sheer SS,Nina,Top,
10002887,29.99,0.0,1,1,,Nina DrakeBlazer_X,Nina Drake,Jacket/Coat,
10008269,18.99,6.0,1,1,,Nine & Company Brown Sweater M,,Sweater/Cardigan,68.4
10006569,14.99,0.0,1,1,XXL,Nine West B & W Blue SL Top,Nine West,Top,
10004610,24.99,0.0,1,1,14,Nine West Black Dress,Nine West,Dress,
10004765,18.99,0.0,1,0,,Nine West Black Flower Bucket Hat,Nine West,Accessories,
10007361,22.99,0.0,1,1,7,Nine West Brown Strappy Heel,Nine West,Shoes,
10003756,21.99,0.0,1,1,,Nine West Dark Blue Ruffle Sleeveless,Nine West,Top,
10004482,29.99,0.0,1,1,XXL,Nine West Floral Dress,Nine West,Dress,
10007043,19.99,0.0,1,0,8,Nine West Green Flats,,Shoes,
10006818,18.99,0.0,1,1,8,Nine West Jean Shorts,Nine West,Shorts,
10006373,19.99,0.0,1,1,L,Nine West Leather Belt,Nine West,Accessories,
10007920,29.99,0.0,1,1,L,Nine West Orange & Pink Dress,Nine West,Dress,
10007121,27.99,0.0,1,0,S,Nine West Pink Rain Jacket,Nine West,Jacket/Coat,
10007641,23.99,0.0,1,0,9,Nine West Pink Yellow Tie Up Wedges,Nine West,Other,
10007520,18.99,0.0,1,1,S,Nine West Red LS Blouse,,Top,
10006628,18.99,0.0,1,1,,nine west short brown leather boots,Nine West,Shorts,
10007980,38.99,0.0,1,1,,Nine West Silver Shoes 5,,Shoes,
10003747,12.99,0.0,1,1,,Nine West Silver Wallet,Nine West,Accessories,
10007123,24.99,0.0,1,0,4,Nine West Yellow Jacket,Nine West,Jacket/Coat,
10002684,35.99,0.0,1,1,,Nine WestJacket_W5,Nine West,Jacket/Coat,
10004074,15.99,0.0,1,0,,Nine Yllw Flower HndBag,Nine West,Accessories,
10008407,24.99,6.25,1,1,XL,Ninety Brown Orange LS Top,Ninety,Top,75.0
10004276,23.99,0.0,1,1,XL,NineWest Pink Multi-Pattern Jacket,Nine West,Jacket/Coat,
10004317,21.99,0.0,1,0,7.5,NineWest BlkAniPrintHeels,Nine West,Top,
10008306,19.99,0.0,1,0,8,NineWest BluedenimHeels,Nine West,Jeans/Pants,
10006041,21.99,0.0,1,0,M,Ninewest PinkTwistTop,Nine West,Other,
10006102,22.99,0.0,1,0,S,NineWest PnkTieDress,Nine West,Dress,
10005398,17.99,0.0,1,1,XL,ninewest tank red,Nine West,Top,
10006871,32.99,0.0,1,0,L,NineWVintAmer WhiJeanJacket,Nine West,Jeans/Pants,
10005538,22.99,0.0,1,1,XL,Ninexis Tan Bodysuit LS,Ninexis,Top,
10004968,21.99,0.0,1,0,S,Nirvana Band Tshirt,Nirvana,Top,
10000100,19.99,0.0,1,1,,NKN NekaneSweater_YF,NKN Nekane,Sweater/Cardigan,
10005416,24.99,0.0,1,1,M,NLW FloralSleevlessJumper,Nlw,Top,
10005136,13.99,0.0,1,1,L,No Boundaries Gray Jean Crop Top,No Boundaries,Jeans/Pants,
10006259,18.99,0.0,1,0,M,No Boundaries Green Flower Cardigan,No Boundaries,Sweater/Cardigan,
10004850,14.99,0.0,1,1,11,No Boundaries White Crop Top Pink FL,No Boundaries,Top,
10008361,41.99,0.0,1,1,L,Noa RedGemTop,Noa,Other,
10003779,54.99,0.0,1,1,9,Nocona Tan Cowgirl Boots,Nocona Boots,Shoes,
10004689,15.99,0.0,1,0,,nocona belt fur,Nocona,Accessories,
10004687,25.99,0.0,1,0,,nocona belt leather graphic,Nocona,Accessories,
10008707,24.99,6.5,1,1,,North End Red White Top S,,Top,74.0
10007509,23.99,0.0,1,1,,North Face Orange Fleece M,,Other,
10005139,18.99,0.0,1,1,M,Northeast Flannel BttnDwn Bl&Wht,Northeast Outfitters,Other,
10007538,26.99,0.0,1,1,XXL,Norton Studio Pink LS Top,,Top,
10003454,28.99,0.0,1,1,6,Not Your Daughter's Jeans Bluejeans,Not Your Daughters Jeans,Jeans/Pants,
10005289,21.99,0.0,1,1,XL,Notations BlkFloralTop,Notations,Other,
10005390,22.99,0.0,1,1,XL,notations tank blk wht,Notations,Top,
10008417,24.99,6.25,1,1,,Nouveaux Yellow Asian Skirt 12,,Skirt,75.0
10006437,28.99,0.0,1,0,L,Nouvida GrnLaceTankTop,Nouvida,Top,
10006785,44.99,0.0,1,1,S,Novica BlkBeadedCardigan,Novica,Sweater/Cardigan,
10005424,28.99,0.0,1,1,L,NR GrnSet,Natural Reflections,Set,
10005252,24.99,0.0,1,0,XL,Nubile Jean Lightwash Miniskirt,Nubile Jeans,Skirt,
10005977,18.99,0.0,1,0,M,NVGTN Black LS Top,Nvgtn,Top,
10007424,45.99,0.0,1,1,8,NWOT Franco Sarto Shoes,,Shoes,
10007264,25.99,0.0,1,1,M,NWOT Free People Dress,,Dress,
10007434,49.99,0.0,1,1,,NWOT Naturalizer Brown Shoes 6.5,,Shoes,
10008444,139.99,111.18,1,0,9,NWOT Pink Boots,,Shoes,20.6
10008767,12.0,3.0,1,1,,NWOT Timing Orange Top Real XS,,Top,75.0
10007625,22.99,5.75,1,1,,NWT 80 Park LS Black Top L,,Top,75.0
10007288,32.99,0.0,1,1,M,NWT Adelyn Rae Top Beige,,Top,
10007620,24.99,6.25,1,1,,NWT Adrianna Papell Gold LS Top XL,,Top,75.0
10008460,79.99,32.0,1,1,,NWT Alden Adair Yellow Floral S,,Other,60.0
10007848,28.99,0.0,1,0,L,NWT Allen B. Dress,,Dress,
10007103,15.99,0.0,1,1,XS,NWT Altar'd State Pink Fringe Top,Altar'd State,Top,
10008145,27.99,8.0,1,0,S,NWT altard state cow print crop tank,Altar'd State,Top,71.4
10006496,260.0,231.07,1,1,,NWT AmerDarling Pink Leather Shoulder Bag,,Accessories,11.1
10005388,22.99,0.0,1,1,L,NWT ann taylor bls prp,Ann Taylor,Top,
10006781,75.99,0.0,1,1,L,NWT Anthropologie Reformation Top,Reformation,Top,
10007615,24.99,0.0,1,1,L,NWT Ardashian Black Skirt,,Skirt,
10007250,45.99,0.0,1,0,8,NWT BCBG Brown Dress,,Dress,
10007823,134.99,111.25,1,1,M,NWT Caballero Top,,Top,17.6
10007622,24.99,6.25,1,1,8,NWT Calvin Klein Black Dress,,Dress,75.0
10007258,75.99,0.0,1,1,L,NWT Ciebon Multi-Color Dress,,Dress,
10007842,299.99,256.68,1,1,,NWT Coach Leather May Tote,,Accessories,14.4
10004701,325.0,0.0,1,1,,NWT coach 1964 suede fringe tan,Coach,Accessories,
10007105,15.99,0.0,1,1,M,NWT Cozy Rozy Black Floral Cami,Cozy Rozy,Top,
10008659,21.99,5.5,1,1,,NWT Democracy Pink SS Top XL,,Top,75.0
10006272,250.0,0.0,1,1,8,NWT Desigual Jacket,Desigual NWT,Jacket/Coat,
10003449,27.99,8.0,1,0,16,NWT Diane Gilman Bluejeans,Diane Gilman,Jeans/Pants,71.4
10008416,27.99,7.0,1,1,,NWT DO + BE floral skirt S,,Skirt,75.0
10005475,32.99,0.0,1,1,L,NWT draper james bls prp,Draper James,Top,
10005819,45.99,0.0,1,0,4,NWT draper james dress org,Draper James NWT,Dress,
10006622,44.99,0.0,1,1,12,NWT Eliza J Dress Black & White,,Dress,
10005747,32.99,0.0,1,0,20,NWT Eloquii Black Top,Eloquii,Top,
10007616,23.99,0.0,1,1,,NWT EnFocus Studio Dress 12,,Dress,
10007635,21.99,0.0,1,1,,NWT Espresso Gold Grey Dress L,,Dress,
10008471,109.99,40.0,1,1,,NWT FarmRio LS Top XS,,Top,63.6
10008037,25.0,6.25,1,1,M,NWT Flax Black Pants,,Jeans/Pants,75.0
10008746,39.0,9.75,1,1,,NWT Foxblood Black Dress L,,Dress,75.0
10008744,39.0,9.75,1,1,,NWT Foxblood Black Dress XL,,Dress,75.0
10008749,25.0,6.25,1,2,,NWT Foxblood Shawl OSFM,,Other,75.0
10003566,33.99,0.0,1,1,XS,NWT Free People LS Top Black,Free People NWT,Top,
10007574,38.99,0.0,1,1,,NWT Free People Mulberry Pants M,,Jeans/Pants,
10007037,58.99,0.0,1,0,S,NWT Guess Denim Shorts Jumper,Guess,Shorts,
10007104,17.99,0.0,1,0,S,NWT H&M Peach Top,H&M,Top,
10007624,18.99,4.75,1,1,,NWT Hearts & Hips Black Dress L,,Dress,75.0
10007617,23.99,0.0,1,1,,NWT Jane Delancey LS Top Brown M,,Top,
10007039,36.99,0.0,1,1,XS,NWT JCrew Pink & White Dress,JCrew,Dress,
10005736,55.99,0.0,1,0,14,NWT Lady Black Tie Blush Pink Dress,Lady Black Tie,Dress,
10006664,38.99,0.0,1,0,S,NWT Levi Jean Overalls,Levi Strauss & Co,Jeans/Pants,
10008239,25.99,10.9,1,1,,NWT Liliana Beige Sequin Blouse M,,Top,58.1
10007900,24.99,10.9,1,1,,NWT Liz Claiborne Brown Hat,,Accessories,56.4
10008453,28.99,15.0,1,1,,NWT Loft Orange Shorts 8,,Shorts,48.3
10008499,31.99,17.25,1,1,,NWT M McDowell Orange Dress L,,Dress,46.1
10008035,25.0,6.25,1,0,,NWT M Rena Black Dress M,,Dress,75.0
10007252,45.99,0.0,1,0,M,NWT Mable White Jacket,,Jacket/Coat,
10007276,22.99,0.0,1,1,S,NWT Maje Black Top,,Top,
10007628,35.99,9.0,1,0,,NWT Marc NY Faux Fur Yellow M,,Other,75.0
10007633,44.99,0.0,1,1,,NWT Nanette Lepore Black Dress 0,,Dress,
10007623,23.0,5.75,1,1,L,NWT Nina Leonard Black Dress,,Dress,75.0
10007663,39.99,16.0,1,1,,NWT Once Again Black Design Top L,,Top,60.0
10003531,34.99,0.0,1,1,XL,NWT Onyx LS Top Red,Onyx,Top,
10007439,25.99,0.0,1,1,,NWT Philomenia Petti Cardigan M,,Sweater/Cardigan,
10008029,27.0,6.75,1,1,,NWT Pink Shear Long Cardigan OSFA,,Sweater/Cardigan,75.0
10007203,25.99,0.0,1,0,8,NWT PrettyLittle Thing Skirt,,Skirt,
10004645,75.99,0.0,1,0,M,NWT Red Multicolor Dress,Unknown,Dress,
10007632,19.99,0.0,1,0,S,NWT Rip Curl Red Top,,Top,
10005746,24.99,0.0,1,1,S,NWT Rock & Republic Black Top,Rock & Republic,Top,
10003546,69.99,24.0,1,1,32,NWT Rolla's Pants Beige,Rollaxs NWT,Jeans/Pants,65.7
10007265,25.99,0.0,1,0,S,NWT Ryu Skirt Brown,,Skirt,
10007852,44.99,0.0,1,1,,NWT Saks Fifth Ave White Dress M,,Dress,
10008427,29.99,7.5,1,1,,NWT Simply Blessed Top L,,Top,75.0
10007249,24.99,0.0,1,1,,NWT Sincerely Ours Multi-Color Tank Top S,,Top,
10008747,19.0,4.75,1,1,,NWT Spy Zone Ex Red Floral S,,Other,75.0
10007248,26.99,0.0,1,1,,NWT Strut & Bolt Multi-Color Skorts L,,Other,
10003450,32.99,0.0,1,1,18,NWT Talbot's Pants Red & White,Talbots,Jeans/Pants,
10004062,28.99,0.0,1,1,XL,NWT Taupe Shawl,R&M Richards,Other,
10007038,22.99,0.0,1,1,S,NWT The Bee Peace Tee Shirt,The Bee,Top,
10007626,15.99,4.0,1,1,,NWT Tiana B Black Dress L,,Dress,75.0
10008766,12.0,3.0,1,1,,NWT Timing Orange Top Real S,,Top,75.0
10008369,15.99,5.99,1,1,S,NWT Undiz crochet croptop,Undiz,Top,62.5
10007139,35.99,0.0,1,1,12,NWT WHBM Sequin Corset Black,Whbm,Set,
10003549,43.99,0.0,1,1,0,NWT WHBM Skirt Black & White,White House Black Market,Skirt,
10007141,18.99,0.0,1,1,XS,NWT White Zara Halter Top,Zara NWT,Top,
10007656,89.99,0.0,1,1,,NWT Wisck Black Sequin Top L,,Top,
10003493,36.99,0.0,1,1,L,NWT Zara Pants Grey,Zara NWT,Jeans/Pants,
10005460,45.99,0.0,1,1,L,NWTAureum Grn&WhDress,Aureum NWT,Dress,
10007696,79.99,0.0,1,0,0,NWTChicos DenimEmbJacket,Chico's,Jeans/Pants,
10007700,39.99,0.0,1,1,0,NWTChicos PinkPant,Chicos,Jeans/Pants,
10006001,26.99,0.0,1,1,XS,NWTellamoss MulticolBlouse,Ella Moss,Top,
10007694,99.99,0.0,1,1,8,NWTMarieGray YellowPant,Marie Gray,Jeans/Pants,
10005456,28.99,0.0,1,0,S,NWTMM Pink&OrangeTop,Michelle Mcdowell,Other,
10008538,32.99,0.0,1,1,XL,NWTNylonAp SparkleSkirt,Nylon Apparel NWT,Skirt,
10008540,15.99,0.0,1,1,,NWTPinkFloralTote,Unknown,Accessories,
10006164,22.99,0.0,1,1,16,NWTPLT PinkCorset,PrettyLittleThings NWT,Set,
10008081,89.99,0.0,1,1,L,NWTRamyB Navy Dress,Ramy Brook NWT,Dress,
10005532,19.99,0.0,1,1,M,NY & Co Beige Buttondown Ruffle,New York X Company,Other,
10005608,25.99,0.0,1,1,M,NY & Co Blue Gradient SL Top,New York X Company,Top,
10005628,24.99,0.0,1,1,L,NY & Co Brown Silver Satin Top,New York X Company,Top,
10005602,15.99,0.0,1,1,S,NY & Co Pink White Design Tank,New York X Company,Top,
10007648,29.99,0.0,1,1,L,NY & Co Silver Sheer Top,New York X Company,Top,
10006653,24.99,0.0,1,1,M,NY & CO. colorful maxi dress,NY & Co,Dress,
10004497,25.99,0.0,1,1,8,NY&Com BgFloral Skirt,New York X Company,Skirt,
10003890,29.99,0.0,1,1,M,NYC Blk NSYNC Crop Hoodie,Blank NYC,Other,
10005213,22.99,0.0,1,1,2,NYC Blush Blue Lace Top,NYC Blush,Top,
10005589,15.99,0.0,1,1,S,NYDJ Beige Tank,Nydj,Top,
10000419,1.0,0.0,1,0,,NYDJ Jeans,Not Your Daughters Jeans,Jeans/Pants,
10000853,1.0,0.0,1,0,,NYDJ Jeans,Not Your Daughters Jeans,Jeans/Pants,
10002193,35.99,0.0,1,1,,NYDJ Jeans,Not Your Daughters Jeans,Jeans/Pants,
10003447,22.99,0.0,1,1,14,NYDJ Pants Brown,Nydj,Jeans/Pants,
10004697,24.99,0.0,1,1,L,NYDJ swtr brgndy,Nydj,Sweater/Cardigan,
10004064,25.99,0.0,1,1,M,Nygard Foil Jacket,Nygard,Jacket/Coat,
10006358,22.99,0.0,1,1,12,Nygard BlklaceWhiTop,Nygard,Other,
10008563,24.99,13.0,1,1,M,NYXCo GrnLeafShirt,New York X Company,Top,48.0
10003836,39.99,0.0,1,1,M,NYxCompany Purple Coat,New York X Company,Jacket/Coat,
10005787,15.99,0.0,1,1,S,NYXCompany GreenLayerTop,New York X Company,Other,
10006715,25.99,0.0,1,1,M,O'Neill Floral Stretch Pants,OxNeill,Jeans/Pants,
10006971,19.99,0.0,1,1,S,Oak & Trellis White Romper,Oak X Trellis,Romper/Jumpsuit,
10005560,22.99,0.0,1,1,12,Oasis Blue Tank w Flowers,Oasis,Top,
10007742,27.99,0.0,1,1,4,OC BlkOneSlvfloralDress,OC by OC,Dress,
10006683,18.99,0.0,1,0,S,Ocean Drive Light Green & White Dress,Ocean Drive,Dress,
10008113,34.99,0.0,1,1,0,Odille long green skirt,Odille,Skirt,
10008228,27.99,7.99,1,0,0,OdilleYellow Black Skirt,,Skirt,71.5
10004041,24.99,0.0,1,0,,ODM Premium GoodsTee Shirt_Odm,ODM Premium Goods,Top,
10005268,22.99,0.0,1,1,M,Off Shoulder Checkered Sheer Floral LS,Unknown,Top,
10006841,12.99,0.0,1,0,M,Offline croped workout top,Aerie Offline,Top,
10004971,21.99,0.0,1,1,L,Offwhite Purple Bedazzle Cardigan,Unknown,Sweater/Cardigan,
10003771,29.99,0.0,1,1,M,Oktober VINTAGE Red & White Plaid,Oktoberzanber,Other,
10007305,15.99,0.0,1,0,6,Old Navy Beige High Rise Pants,Old Navy,Jeans/Pants,
10006541,16.99,0.0,1,0,S,Old Navy Blue & Pink SL Top,Old Navy,Top,
10008437,14.99,3.75,1,1,,Old Navy Blue Floral Top M,,Top,75.0
10008706,15.99,5.25,1,1,,Old Navy Boyfriend Shorts 0,,Shorts,67.2
10007186,15.99,0.0,1,0,M,Old Navy Brown Dress,,Dress,
10006386,14.99,0.0,1,1,L,Old Navy Brown Sequin Belt,Old Navy,Accessories,
10005719,24.99,0.0,1,1,16,Old Navy Brown Skirt,Old Navy,Skirt,
10006666,14.99,0.0,1,0,S,Old Navy SL Jean Jumper,Old Navy,Jeans/Pants,
10006287,12.99,0.0,1,0,S,Old Navy White Floral Wrap Top,Old Navy,Top,
10007938,22.99,0.0,1,1,,Old Navy White Stretch Pants 12,,Jeans/Pants,
10007707,32.99,0.0,1,1,M,Old Navy Yellow SL Dress,Old Navy,Dress,
10005096,13.99,0.0,1,0,M,Old Navy Floral Top Pnk&Orng,Old Navy,Top,
10004052,50.0,0.0,1,1,8,Old West Pink Glitter Boot,Old West,Shoes,
10008307,12.99,0.0,1,0,,OldCountyRoad RedStripeBag,Old County Road,Accessories,
10006399,12.99,0.0,1,1,M,OldNavy BlueStripeTop,Old Navy,Other,
10004864,15.99,0.0,1,0,M,OldNavy OrangeTankTop,Old Navy,Top,
10006054,22.99,0.0,1,0,S,olivaceous GrnCamotieShirt,Olivaceous,Top,
10005111,16.99,0.0,1,1,S,Olive Hill Pink Green Sheer QS Shirt,Olive Hill,Top,
10004940,16.99,0.0,1,1,S,OliviaxMartin PinkStitchBlouse,Olivia & Martin,Top,
10003732,24.99,0.0,1,1,M,omniwick crew blk,Omniwick,Other,
10008518,24.99,10.95,1,1,XS,One Floral Pants,,Jeans/Pants,56.2
10008131,21.99,12.0,1,1,L,one pink sleeveless blouse,One,Top,45.4
10005657,24.99,0.0,1,0,L,One Secret Beige w Stripe Panel,One Secret,Other,
10008620,18.99,4.5,1,1,,One September Blue Sleeveless Top M,,Top,76.3
10008149,19.99,8.0,1,1,L,one step up red lace night gown,One Step Up,Dress,60.0
10004877,22.99,0.0,1,0,46,one step tank teal,One Step,Top,
10006604,22.99,0.0,1,1,XL,One World Beige Bedazzled Top,One World,Top,
10007472,26.99,0.0,1,1,M,One World Pink Multicolor SL Dress,One World,Dress,
10008594,8.99,8.0,1,0,L,OneClothing BlkWhiTiedye,One Clothing,Other,11.0
10007687,27.99,0.0,1,1,L,Oneleven Biege Pants,Oneleven,Jeans/Pants,
10008404,13.99,5.99,1,1,XS,only pink lace blouse,For Your Ease Only Inc,Top,57.2
10006165,12.99,0.0,1,1,M,OnlyHearts GreenTankTop,Only Hearts,Top,
10008163,25.99,6.5,1,1,M,Onzie Flare Leggings,Onzie,Jeans/Pants,75.0
10003670,25.99,0.0,1,1,14,ophelia roe pant bwn,Ophelia Roe,Jeans/Pants,
10003994,8.5,0.0,1,0,,Orange Drop Earrings,,Accessories,
10003581,25.99,0.0,1,1,6,Orange High-Top Converse,Converse,Top,
10007673,32.99,0.0,1,1,M,Orange Michel Jacket Sleeve Design,Michel,Jacket/Coat,
10007440,14.99,0.0,1,0,,Orange Necklace,,Accessories,
10005983,28.99,0.0,1,1,S,Orange Ruffle Blouse,Unknown,Top,
10004838,17.99,0.0,1,1,M,Orange SL Beaded Tank,Unknown,Top,
10006236,17.99,0.0,1,1,,orange tennessee vols tshirt medium,Russel,Top,
10004822,12.99,0.0,1,0,M,Orange Vote T Tshirt,Unknown,Top,
10004837,18.99,0.0,1,1,XS,Orange Watercolor SL Tank,Unknown,Top,
10006097,12.99,0.0,1,1,S,OrangeBralette,Unknown,Other,
10003959,44.99,0.0,1,1,S,Origami Shortsleeve Sequin Shirt,Origami,Shorts,
10000330,1.0,0.0,1,0,,OrigamiDress_An,Origami,Dress,
10000360,1.0,0.0,1,0,,OrigamiDress_An,Origami,Dress,
10000892,1.0,0.0,1,0,,OrigamiDress_An,Origami,Dress,
10000896,1.0,0.0,1,0,,OrigamiDress_An,Origami,Dress,
10000920,1.0,0.0,1,0,,OrigamiDress_An,Origami,Dress,
10001117,1.0,0.0,1,0,,OrigamiDress_An,Origami,Dress,
10001375,1.0,0.0,1,0,,OrigamiDress_An,Origami,Dress,
10001971,1.0,0.0,1,0,,OrigamiDress_An,Origami,Dress,
10002044,1.0,0.0,1,0,,OrigamiDress_An,Origami,Dress,
10002395,29.99,0.0,1,0,,OrigamiDress_An,Origami,Dress,
10002428,1.0,0.0,1,0,,OrigamiDress_An,Origami,Dress,
10002706,24.99,0.0,1,0,,OrigamiDress_An,Origami,Dress,
10002950,23.99,0.0,1,1,,OrigamiDress_An,Origami,Dress,
10007870,25.99,0.0,1,1,L,Oriole Mill Gray LS,the Oriole Mill,Top,
10006854,24.99,0.0,1,1,M,orsay white tanktop,Orsay,Top,
10004723,24.99,0.0,1,1,L,Orvis Orange Plaid LS,Orvis,Top,
10003663,24.99,0.0,1,1,XS,orvis buttondown plad,Orvis,Other,
10006684,44.99,0.0,1,1,M,OSC VINTAGE Floral Vest,Osc,Top,
10005687,15.99,0.0,1,0,,Otto Baseball Hat,Otto,Accessories,
10008267,23.0,5.75,1,1,,Outback Red Green Skirt 8,,Skirt,75.0
10005339,18.99,0.0,1,0,S,OutfitJPR MulticolStripeTank,Outfit JPR,Top,
10006348,29.99,0.0,1,1,,OXOXO BlackHrtCharmBag,Oxoxo,Accessories,
10002456,59.99,0.0,1,1,,OYROSY Jumpsuit w Fringe,Oyrosy NWT,Romper/Jumpsuit,
10007100,18.99,0.0,1,0,,Oz Red Leather Purse,Oz,Accessories,
10004499,39.99,0.0,1,1,L,P&S Blk Jean MidiSkirt,P&S,Skirt,
10008017,19.0,4.75,1,0,S,Paani Luv Blue Floral Skirt,Paani Luv,Skirt,75.0
10008293,29.99,0.0,1,0,S,Paani MulticolFlowerDress,Paani,Dress,
10007134,17.99,0.0,1,0,S,Pac Sun Rhinestone Denim Top,Pac Sun,Jeans/Pants,
10005695,29.99,0.0,1,1,29,Pacsun White Jeans,Pacsun,Jeans/Pants,
10007584,59.99,0.0,1,0,,Paddle & Saddle Brown VINTAGE SL Jumpsuit,Paddle & Saddle,Romper/Jumpsuit,
10005679,25.99,0.0,1,1,S,Paige Black Pants,,Jeans/Pants,
10003448,23.99,0.0,1,1,S,Paige Bluejeans,Paige,Jeans/Pants,
10003548,89.99,0.0,1,1,M,Paige Mayslie Coated Pants Black,Paige,Jeans/Pants,
10007851,69.99,0.0,1,1,S,Paige Novella Black Overalls,,Top,
10008266,23.99,9.0,1,1,,Paige Small Bluejeans,,Jeans/Pants,62.5
10002587,25.99,0.0,1,1,,PaigeJeans_Ju,Paige,Jeans/Pants,
10002584,25.99,0.0,1,1,,PaigePants_Ci,Paige,Jeans/Pants,
10008255,21.99,6.0,1,1,,Palm White Sleeveless Top 14,,Top,72.7
10007053,24.99,0.0,1,1,11.5,Paloma Red Shoes,Paloma,Shoes,
10006359,24.99,0.0,1,0,L,PamelaStewart BlkstrapTop,Pamela Stewart,Other,
10008789,30.0,8.0,1,1,,Pandora CirchollowEarrings,Pandora,Accessories,73.3
10008793,35.0,8.0,1,1,,Pandora PrincessRing,Pandora,Top,77.1
10008788,30.0,8.0,1,1,,PandoraCircleEarrings,Pandora,Accessories,73.3
10007550,19.0,4.75,1,0,M,Papaya Dress Multi-Color,,Dress,75.0
10005959,14.99,0.0,1,1,M,Papaya Gray Light Hoodie,Papaya,Other,
10006879,15.99,0.0,1,0,M,Papaya DrawStringShirt,Papaya,Top,
10003733,15.99,0.0,1,0,M,papaya sweater wht,Papaya,Sweater/Cardigan,
10008370,18.99,7.99,1,1,S,Paper crane floral crop tank,Paper Crane,Top,57.9
10003800,19.99,0.0,1,0,M,Paper Crane Green White Crop Top,Paper Crane,Top,
10006459,26.99,0.0,1,0,M,Paper Crane White Pattern Crop Top,Paper Crane,Top,
10008373,35.99,10.99,1,0,S,Paper Lacer white longsleeve blouse,Paper Lacer,Top,69.5
10005443,18.99,0.0,1,1,XS,PaperCrane Floral Crop Blk,Paper Crane,Other,
10004469,23.99,0.0,1,1,34,PaperD&C GrnKhakiPant,Paper Denim & Cloth,Jeans/Pants,
10006278,25.99,0.0,1,1,12,Paperwhite Floral White Top,Paperwhite,Top,
10002323,18.99,0.0,1,1,,PapillonLS Top_Ve,Papillon,Top,
10005026,18.99,0.0,1,1,S,Parallel Skies Blush Pink SS,Parallel Skies,Top,
10007263,26.99,0.0,1,0,6,Paris Atelier SS blouse Pink,,Top,
10006491,26.99,0.0,1,1,,Parisian Coral Silk Blazer,Parisian,Jacket/Coat,
10004043,21.99,0.0,1,1,,ParkerLS Top_Par,Parker,Top,
10006516,23.99,0.0,1,0,L,Parkhurst Silver Sequin Vest,Parkhurst,Top,
10005557,19.99,0.0,1,0,,Pashina Green Silk Scarf,Pashmina,Accessories,
10003782,19.99,0.0,1,1,6,Passport Baby Pink Plaid,Passport,Top,
10007536,24.99,0.0,1,1,,Passport Denim Jacket Size,,Jeans/Pants,
10007500,28.99,0.0,1,1,XS,Patagonia Orange T-Shirt,,Top,
10008335,11.99,0.0,1,1,M,Patagonia BlackShorts,Patagonia,Shorts,
10005343,26.99,0.0,1,1,6,patagonia drs sht prp plad,Patagonia,Other,
10008338,11.99,0.0,1,0,M,Patagonia PinkShorts,Patagonia,Shorts,
10008340,20.99,0.0,1,0,M,Patagonia YellowShorts,Patagonia,Shorts,
10007404,68.99,0.0,1,0,,Patricia Nash Brown Purse,Patricia Nash,Accessories,
10003430,120.0,0.0,1,1,,Patricia Nash Floral Garden Map Purse,Patricia Nash,Accessories,
10004557,50.0,0.0,1,0,,Patricia Nash House Scene Design Brown Handle,Patricia Nash,Other,
10005980,13.99,0.0,1,1,S,Patrons of Peace Floral Crop Top,Patrons of Peace,Top,
10005820,24.99,0.0,1,0,XS,Patrons of Peace Top Floral Beige and Pink,Patrons of Peace,Top,
10005061,15.99,0.0,1,0,XS,Patterned Top Wht&Orng,Unknown,Top,
10007640,49.99,0.0,1,1,7,Paul Green Lace Up Heel,Paul Green,Shoes,
10002392,29.99,0.0,1,0,,Paul McCartneyTee Shirt_SO,Paul McCartney,Top,
10000166,1.0,0.0,1,0,,Peace of Cloth,Peace of Cloth,Other,
10001624,1.0,0.0,1,0,,Peace of Cloth,Peace of Cloth,Other,
10002192,24.99,0.0,1,1,,Peace of Cloth,Peace of Cloth,Other,
10002390,19.99,0.0,1,0,,Peace of Cloth,Peace of Cloth,Other,
10002788,19.99,0.0,1,0,,Peace of Cloth,Peace of Cloth,Other,
10003515,31.99,0.0,1,1,S,Peace of Cloth Pants Black,Peace of Cloth,Jeans/Pants,
10003955,48.99,0.0,1,1,S,Peach Love Purp Shiny Dress,Peach Love,Dress,
10006409,22.99,0.0,1,1,L,PeachLove PinkFloralBlouse,Peach Love,Top,
10004218,10.99,0.0,1,1,,Peacock Pendant,Unknown,Other,
10004778,25.99,0.0,1,2,3,Pear Culture Black Dress,Pear Culture,Dress,
10004790,22.99,0.0,1,0,,Pearl Beach Visor,Unknown,Other,
10007568,27.99,0.0,1,1,,Pearle 88 Pink Dress XS,,Dress,
10008502,13.99,5.99,1,1,,Peck & Peck Pink V-Neck LS,,Top,57.2
10008513,19.99,13.25,1,1,,Peck & Peck Sleeveless Top L,,Top,33.7
10006353,25.99,0.0,1,1,XL,PeckxPeck Grn&BlBlouse,Peck X Peck,Top,
10006694,42.99,0.0,1,1,14,People Like Frank Gray Blazer,People Like Frank,Jacket/Coat,
10004433,25.99,0.0,1,0,M,PepperMayoNWT Jean Halter,Peppermayo NWT,Jeans/Pants,
10004575,18.99,0.0,1,1,S,Peppermint Velvet Longsleeve Dress,Peppermint,Dress,
10007948,28.99,0.0,1,1,2,Per Se Beige Top,,Top,
10006963,34.99,0.0,1,1,6,Per Se Offwhite Black Grommet LS Top,Per Se,Top,
10006975,19.99,0.0,1,0,1,Perceptions White Knit Throw,Perceptions,Sweater/Cardigan,
10004716,18.99,0.0,1,1,,perceptions swtr blk 1X,Perceptions,Sweater/Cardigan,
10005734,35.99,0.0,1,0,8,Permasan Pale Pink Skirt Lace Detail,Persaman,Skirt,
10006428,45.99,0.0,1,0,M,persaman beige jacket,Persaman,Jacket/Coat,
10006307,45.99,0.0,1,0,S,Persaman Biege Corduory Jacket,Persaman,Jacket/Coat,
10006304,32.99,0.0,1,1,12,Persaman Black & Gray Lace Skirt,Persaman,Skirt,
10006308,35.99,0.0,1,1,L,Persaman Black Jean Jacket,Persaman,Jeans/Pants,
10006309,45.99,0.0,1,1,L,Persaman Black LS Beaded Cardigan,Persaman,Sweater/Cardigan,
10006493,47.99,0.0,1,1,16,Persaman Black Pink Skirt,Persaman,Skirt,
10006293,35.99,0.0,1,0,8,Persaman Black Skirt White Flw,Persaman,Skirt,
10005919,35.99,0.0,1,0,8,Persaman Blue & Yellow Skirt,Persaman,Skirt,
10006295,35.99,0.0,1,1,8,Persaman Brown Beaded Skirt,Persaman,Skirt,
10005918,38.99,0.0,1,0,10,Persaman Pink & Yellow Skirt,Persaman,Skirt,
10005943,45.99,0.0,1,1,8,Persaman Pink Design Skirt,Persaman,Skirt,
10005914,38.99,0.0,1,1,12,Persaman Pink Embroidered Skirt,Persaman,Skirt,
10006296,35.99,0.0,1,0,,Persaman Red & Black Skirt 10,Persaman,Skirt,
10006408,28.99,0.0,1,1,L,Persaman GreyGrn&BluedetailDress,Persaman,Dress,
10006064,55.99,0.0,1,1,,persaman purse red leather,Persaman,Accessories,
10005956,19.99,0.0,1,1,L,Perseption Concept Gray SL Vest,Perseption Concept,Top,
10005422,25.99,0.0,1,0,10,PerUna MulticolBttnDwn,Per una,Other,
10005235,32.99,0.0,1,0,,Petal & Pup Red Dress,Petal X Pup,Dress,
10006759,24.99,0.0,1,0,L,Peter Carol Yellow Sweater,Peter Carol,Sweater/Cardigan,
10003304,45.99,0.0,1,1,,Peter Som Striped Blk Skirt,Peter Som,Skirt,
10008330,37.99,0.0,1,1,16,PeterNd BlackDresswBelt,Peter Nygard,Dress,
10003420,26.99,0.0,1,0,M,Petra Fashions Camisole Orange,Petra Fashions,Top,
10005958,27.99,0.0,1,1,M,Petticoat Alley Black Multicolor Top,Petticoat Alley,Jacket/Coat,
10005572,19.99,0.0,1,0,XL,Peyton Primrase Gray Cardgian,Peyton Primrase,Other,
10003003,15.99,0.0,1,0,,PGA TourSS Top_Iz,PGA Tour,Top,
10007196,32.99,0.0,1,0,S,Philosophy Black White Dress,,Dress,
10006299,17.99,0.0,1,0,M,Philosophy Blue & Pink Tank,Philosophy,Top,
10006265,24.99,0.0,1,0,S,Philosophy Dress Black and White P,Philosophy,Dress,
10005637,25.99,0.0,1,1,XL,Philosophy Orange Collared Top,Philosophy,Top,
10004125,20.99,0.0,1,1,L,Philosophy Star Tee,Philosophy,Top,
10003530,23.99,0.0,1,1,S,Philosophy Sweater Black Multi Color,Philosophy,Sweater/Cardigan,
10004191,25.99,0.0,1,1,L,Philosophy White Pants,Philosophy,Jeans/Pants,
10005038,19.99,0.0,1,1,L,Philosophy Sheer Blouse Wht&blk,Philosophy,Top,
10005381,28.99,0.0,1,1,S,philosophy bls pnk,Philosophy,Top,
10007815,29.99,16.0,1,1,7.5,PiaMia Shoes,,Shoes,46.6
10003750,21.99,0.0,1,1,M,Piano Pink and Brown Ruffle Sleeveless,Piano,Top,
10007398,24.99,0.0,1,1,XS,Picadilly BlkWhiPatternShirt,Picadilly,Top,
10003349,79.99,0.0,1,1,,Pikolinos Black Leather Boots,Pikolinos,Shoes,
10004399,49.99,0.0,1,1,37,Pikolinos BuckleAnkleBoots,Pikolinos,Shoes,
10004348,21.99,0.0,1,1,S,Pilcro ColdShldr Yllw Tee,Pilcro,Top,
10003785,27.99,0.0,1,0,31,Pilcro Striped Pants,Pilcro,Jeans/Pants,
10007565,17.99,0.0,1,0,,Pimatee Rascal Flatts T-Shirt XL,,Top,
10008218,27.0,6.75,1,1,,Pine Needles Sleeveless Card M,,Top,75.0
10004560,18.99,0.0,1,1,34,Pineharsh Black Slip Dress,Pineharsh Lingerie,Dress,
10007604,14.99,0.0,1,0,S,Pink & White SL Romper,Unknown,Romper/Jumpsuit,
10004547,55.0,0.0,1,1,15,Pink and Brown Dress Sequin,,Dress,
10004234,7.99,0.0,1,0,,Pink Baseball Cap,Unknown,Other,
10006341,22.99,0.0,1,0,S,Pink Blouse W Ruffles,Unknown,Top,
10007601,15.99,0.0,1,0,,Pink Butterfly Hat,,Accessories,
10006859,29.99,0.0,1,-1,,Pink cami,,Top,
10004249,15.99,0.0,1,1,,Pink Chain Waistbelt,Unknown,Accessories,
10007147,23.99,16.0,1,25,L,Pink Chic Vintage T Shirt,,Top,33.3
10007146,23.99,16.0,1,23,M,Pink Chic Vintage T Shirt,,Top,33.3
10007145,23.99,16.0,1,24,S,Pink Chic Vintage T Shirt,,Top,33.3
10007148,23.99,16.0,1,24,XL,Pink Chic Vintage T Shirt,,Top,33.3
10007144,23.99,16.0,1,25,XS,Pink Chic Vintage T Shirt,,Top,33.3
10005809,22.99,0.0,1,1,L,pink clover swtr beige,Pink Clover,Sweater/Cardigan,
10006670,300.0,0.0,1,0,,Pink coach mini purse,Coach,Accessories,
10008193,15.99,6.0,1,1,M,Pink Cotton Tank,Unknown,Top,62.5
10002865,29.99,0.0,1,1,,Pink FloydTee Shirt_Al,Pink Floyd,Top,
10007088,8.99,0.0,1,0,,Pink Furry Purse French Bee,French Bee,Accessories,
10007057,25.99,0.0,1,0,7,Pink Kigi Platform Sandals,Pink Kigi,Top,
10008365,90.99,67.58,1,1,7,pink leather boots,Unknown,Shoes,25.7
10007544,25.99,0.0,1,1,M,Pink Lily Brown Dress,,Dress,
10008263,21.99,8.0,1,1,,Pink Lily Brown White Sleeveless Top XXL,,Top,63.6
10008463,26.99,8.0,1,1,L,Pink Lily Flower Dress,,Dress,70.4
10007709,24.99,0.0,1,0,S,Pink Lily Jean Skirt Embro,Pink Lily,Skirt,
10006707,24.99,0.0,1,1,L,Pink Lily Orange Knit Dress,Pink Lily,Dress,
10004245,35.99,0.0,1,1,9,Pink Multi-Pattern Heel,Shi,Shoes,
10008197,14.99,6.0,1,1,S,Pink Multicolor Floral Sheer Tank,Unknown,Top,60.0
10006558,14.99,0.0,1,1,00,Pink Multicolor Tank,Loft,Top,
10006630,54.99,0.0,1,0,L,pink oasis tanktop,Oasis,Top,
10004962,28.99,0.0,1,0,8,Pink Orange Skirt White Flowers Skirt,Unknown,Skirt,
10006525,24.99,0.0,1,0,XL,Pink Orange Striped Multicolor SS,Unknown,Top,
10004268,29.99,0.0,1,1,L,Pink Plaid Skirt,Draper James NWT,Skirt,
10003154,20.0,0.0,1,0,,Pink Plastic Purse,Unknown,Accessories,
10005891,34.99,0.0,1,1,XL,Pink Puff Cardigan w Blk Detail,Unknown,Sweater/Cardigan,
10005534,18.99,0.0,1,1,S,Pink Republic Gray Sweater,Pink Republic,Sweater/Cardigan,
10005271,13.99,0.0,1,1,S,Pink Republic Navy Blue Red Pattern Tank,Pink Republic,Top,
10004271,49.99,0.0,1,1,M,Pink Rhinestone Skirt NWT,Nylon Apparel NWT,Skirt,
10005964,16.99,0.0,1,1,M,Pink Rose Mustard Sweater,Pink Rose,Sweater/Cardigan,
10004678,16.99,0.0,1,1,S,pink rose swter pnk,Pink Rose,Other,
10006998,14.99,0.0,1,1,S,Pink Ruched Top,Unknown,Top,
10006230,25.99,0.0,1,1,,pink shear blouse large,The Limited,Top,
10006663,22.99,0.0,1,1,M,Pink SL Dress,Unknown,Dress,
10003709,9.99,0.0,1,0,,Pink Snakeskin Belt,,Accessories,
10007803,24.99,0.0,1,0,0,pink snakeskin jegging,Urban Outfitters,Other,
10007502,19.99,0.0,1,1,S,Pink Sweater,,Sweater/Cardigan,
10006238,17.99,0.0,1,0,,pink tanktop medium,Adrienne Vittadin,Top,
10003993,8.5,0.0,1,0,,Pink Trio Flower Earrings,,Accessories,
10008486,14.99,5.3,1,1,,Pink w Lemon Coverall OSFM,,Other,64.6
10003694,15.99,0.0,1,1,M,Pink Wild West Tee,Unknown,Top,
10003594,45.99,0.0,1,1,M,Pink&Whi,Unknown,Other,
10003727,22.99,0.0,1,0,XS,pink sweatshirt burgundy,Pink,Top,
10008783,284.99,8.0,1,1,,PinkbuckleCoachPurse,Coach,Accessories,97.2
10006040,13.99,0.0,1,0,M,PinkCropTop,Unknown,Top,
10004906,28.99,0.0,1,1,XXL,PinkFloralSkirt,Unknown,Skirt,
10004132,20.99,0.0,1,0,S,PinkFloyd Baby Tee,Unknown,Top,
10007368,14.99,0.0,1,0,M,PinkFloyd Tshirt,Pink Floyd,Top,
10008349,23.99,0.0,1,1,,PinkLaceSlipDress,Unknown,Dress,
10007744,26.99,0.0,1,1,S,PinkLily BlkWhitrimSET,Pink Lily,Set,
10008325,21.99,0.0,1,1,M,PinkNightGown,Unknown,Dress,
10003642,15.99,0.0,1,1,L,PinkRepublic Pink&Blktop,Pink Republic,Other,
10006345,17.99,0.0,1,1,M,PinkSilkTop,Unknown,Other,
10003020,26.99,0.0,1,1,,PinkSweatshirt_Bl,Pink,Top,
10008610,10.99,8.0,1,1,,PinkWrapBracelet,Unknown,Accessories,27.2
10006044,24.99,0.0,1,0,M,Pinque MustardCardigan,Pinque,Sweater/Cardigan,
10001076,26.99,0.0,1,1,,Pistola Burgundy Pants,Pistola,Jeans/Pants,
10001544,1.0,0.0,1,0,,Pistola Burgundy Pants,Pistola,Jeans/Pants,
10001821,1.0,0.0,1,0,,Pistola Burgundy Pants,Pistola,Jeans/Pants,
10002575,27.99,0.0,1,1,,Pistola Burgundy Pants,Pistola,Jeans/Pants,
10003658,32.99,0.0,1,0,25,pistola pant red,Pistola,Jeans/Pants,
10005577,14.99,0.0,1,1,S,PixleyMulticolor Green Orange Sleeveless Top,Pixley,Top,
10007246,9.99,0.0,1,1,S,PJ Salvage Grey Tank Top,,Top,
10004436,31.99,0.0,1,0,S,PlaidDress Bl&Wht,Loveriche,Dress,
10008078,25.99,0.0,1,1,5,Plain Jane Red Gold LS Dress,Plain Jane,Dress,
10003564,37.99,0.0,1,1,M,Please LS Top Black,Please,Top,
10000043,1.0,0.0,1,0,,PleaseLS Top_Lo,Please,Top,
10000274,1.0,0.0,1,0,,PleaseLS Top_Lo,Please,Top,
10000667,1.0,0.0,1,0,,PleaseLS Top_Lo,Please,Top,
10000735,1.0,0.0,1,0,,PleaseLS Top_Lo,Please,Top,
10000983,1.0,0.0,1,0,,PleaseLS Top_Lo,Please,Top,
10001144,1.0,0.0,1,0,,PleaseLS Top_Lo,Please,Top,
10001271,1.0,0.0,1,0,,PleaseLS Top_Lo,Please,Top,
10001294,1.0,0.0,1,0,,PleaseLS Top_Lo,Please,Top,
10001435,1.0,0.0,1,0,,PleaseLS Top_Lo,Please,Top,
10001458,1.0,0.0,1,0,,PleaseLS Top_Lo,Please,Top,
10001788,1.0,0.0,1,0,,PleaseLS Top_Lo,Please,Top,
10002169,21.99,0.0,1,0,,PleaseLS Top_Lo,Please,Top,
10002661,21.99,0.0,1,0,,PleaseLS Top_Lo,Please,Top,
10002789,15.99,0.0,1,0,,PleaseLS Top_Lo,Please,Top,
10002880,13.99,0.0,1,0,,PleaseLS Top_Lo,Please,Top,
10002926,1.0,0.0,1,0,,PleaseLS Top_Lo,Please,Top,
10002962,21.99,0.0,1,1,,PleaseLS Top_Lo,Please,Top,
10002321,22.99,0.0,1,1,,PleioneSS Top_Sk,Pleione,Top,
10007208,44.99,0.0,1,1,S,Plenty Orange Floral Skirt,Plenty by Tracy Reese,Skirt,
10007865,44.99,0.0,1,1,6,Plenty Purple Dress,Plenty by Tracy Reese,Dress,
10006113,24.99,0.0,1,0,6,Plenty Blue&BlkFlowerDress,Plenty,Dress,
10004922,25.99,0.0,1,0,8,PLL WhiteShellBlouse,Pretty Little Thing,Top,
10004795,24.99,0.0,1,1,12,PLT MultiColor Asymmetrical Pants,Pretty Little Thing,Jeans/Pants,
10005156,18.99,0.0,1,1,M,PLT Sheer Twist Top Teal,Pretty Little Thing,Top,
10005764,10.99,0.0,1,1,6,PLT Pink&WhiTop,Pretty Little Thing,Other,
10006517,17.99,0.0,1,1,4,Plush Bottoms Jeans,Plush Bottoms,Jeans/Pants,
10006346,75.0,0.0,1,1,,Pnk&BrwnTssleBag HandcraftedGenLthr,Unknown,Top,
10003842,21.99,0.0,1,1,L,Pnk Prp Button Down,Ann Taylor,Other,
10008353,14.99,0.0,1,1,L,Poetry AnimalPrintTop,Poetry,Other,
10003536,22.99,0.0,1,1,M,POL Sweatshirt Grey,Pol,Top,
10007098,19.99,0.0,1,1,4,Polo Denim Skirt,Polo Ralph Lauren,Skirt,
10005897,31.99,0.0,1,0,XS,Polo Garage Pink Sweater,Polo Garage,Sweater/Cardigan,
10003809,44.99,0.0,1,0,XL,Polo US Open Sweatshirt,Polo Ralph Lauren,Top,
10006799,26.99,0.0,1,1,L,Polo BlkQuarterZip,Polo by Ralph Lauren,Other,
10003681,25.99,0.0,1,0,M,polo pullover grey,Polo by Ralph Lauren,Sweater/Cardigan,
10005337,150.0,0.0,1,1,XL,PoloRL PinkzipupJacket,Polo by Ralph Lauren,Jacket/Coat,
10004231,12.99,0.0,1,1,,Pom Pom Red Beanie,Kyi Kyi Canada,Other,
10004230,12.99,0.0,1,1,,Pom Pom White Beanie,Kyi Kyi Canada,Other,
10006021,24.99,0.0,1,1,M,Poof BlkhighneckTop,Poof,Other,
10004076,8.99,0.0,1,1,,Poppy Jones Gray Studded Small Purse,Poppy Jones,Accessories,
10002349,14.99,0.0,1,1,,PopsiCamisole,Popsi,Top,
10004833,13.99,0.0,1,0,S,Port & Co Orange TN Fitted Tshirt,Port & Co,Top,
10006595,27.99,0.0,1,1,,Port Authority Red Bball Cap Bedazzeled Heart,Port Authority,Other,
10006487,29.99,0.0,1,0,S,Portraits Black Vest White Emb,Portraits by Northern Isles,Top,
10006889,22.99,0.0,1,0,12,PositiveAtt BlackCheetaBttnDwn,Positive Attitude,Other,
10003803,20.99,0.0,1,1,4,Possible F21 Black Pants,Forever 21,Jeans/Pants,
10007916,19.99,0.0,1,0,2,Posty Co Black Tour Tshirt,Posty Co,Top,
10007326,27.99,0.0,1,1,4,Prabal Gurung Rainbow Skirt,Prabal Gurung,Skirt,
10003297,250.0,0.0,1,1,,Prada Fur Trim Dress,Prada,Dress,
10007958,16.0,4.0,1,1,,Prairie Underground Grey Pants S,,Jeans/Pants,75.0
10005265,24.99,0.0,1,0,M,Pretty Little Thing Black Skirt Tassle,Pretty Little Thing,Skirt,
10004641,24.99,0.0,1,1,8,Pretty Little Thing Orange Colorful Dress,Pretty Little Thing,Dress,
10006954,17.99,0.0,1,1,0,Pretty Little Thing White Bodysuit,Pretty Little Thing,Top,
10005829,25.99,0.0,1,1,8,Pretty Little Things Multi Color Dress,Pretty Little Thing,Dress,
10005785,24.99,0.0,1,0,4,PrettyLittleThing TanLaceDress,Pretty Little Thing,Dress,
10002222,12.99,0.0,1,1,,PrettyLittleThingsBodysuit_Ur,PrettyLittleThings,Top,
10005731,22.99,0.0,1,1,12,Primark Orange Skirt,Primark,Skirt,
10006337,24.99,0.0,1,0,8,Primark Pink SL Blouse,Primark,Top,
10003685,25.99,0.0,1,0,4,Princess Polly Blk Leather Pant,Princess Polly,Jeans/Pants,
10005906,21.99,0.0,1,1,8,Princess Polly NWT Pink Lace Dress,Princess Polly NWT,Dress,
10006967,25.99,0.0,1,1,4,Princess Polly NWT White SL Crop Top,Princess Polly NWT,Top,
10003695,22.99,0.0,1,1,6,Princess Polly Patterned Pants,Princess Polly,Jeans/Pants,
10008632,17.99,4.5,1,1,,Princess Polly Peach Halter Top 6,,Top,75.0
10005383,10.99,0.0,1,1,S,princess polly tank beige,Princess Polly,Top,
10006066,18.99,0.0,1,1,10,princesspolly crptop wht,Princess Polly,Top,
10003810,31.99,0.0,1,1,28,Principle Jeans,Principle,Jeans/Pants,
10007366,18.99,0.0,1,0,S,Promod PnkPurpLaceShirt,Promod,Top,
10004389,39.99,0.0,1,2,8.5,Proxy BrwnSnakeShoe,Proxy,Shoes,
10002672,15.99,0.0,1,0,,PS LATee Shirt_Ex,Ps La,Top,
10005869,15.99,0.0,1,1,M,Purple Blue Yellow Tank,Unknown,Top,
10006473,32.99,0.0,1,1,L,Purple Floral Velcro Tube Top,Unknown,Top,
10004543,28.99,0.0,1,0,XXL,Purple Flowers Bustier White Mesh,,Other,
10007993,25.99,13.1,1,1,,Purple Stone Necklace,,Accessories,49.6
10006883,12.99,0.0,1,1,L,PurpleBeadedTop,Unknown,Other,
10007497,18.99,0.0,1,0,S,Qinsen Brown Bodysuit,,Top,
10003422,24.99,0.0,1,1,L,Queens Way & Fashion Slip Dress Orange,Queens Way & Fashion,Dress,
10006821,10.99,0.0,1,1,6,Quepasa White Shorts,Que Pasa,Shorts,
10000398,1.0,0.0,1,0,,Quince NWTPants_Li,Quince NWT,Jeans/Pants,
10002582,27.99,0.0,1,1,,Quince NWTPants_Li,Quince NWT,Jeans/Pants,
10002628,22.99,0.0,1,0,,Quince NWTPants_Li,Quince NWT,Jeans/Pants,
10006046,19.99,0.0,1,1,S,QXA Whi&PnkTop,Q X A Los Angeles,Other,
10005621,15.99,0.0,1,0,M,R & K Black SS Cover Up,R & K Originals,Top,
10007718,32.99,0.0,1,0,10,R & K Yellow Pant Top Set,R X K,Jeans/Pants,
10002798,15.99,0.0,1,1,,R X M RichardsLS Top_Sk,R X M Richards,Top,
10007030,22.99,0.0,1,1,16,R&M Richards Gray Tank Top,R&M Richards,Top,
10008190,24.99,6.0,1,1,S,Rachel R Pink SL Dress,Rachel Roy,Dress,76.0
10005504,26.99,0.0,1,1,L,Rachel Zoe NWT Teal Orange Satin LS,Rachel Zoe NWT,Top,
10005273,12.99,0.0,1,0,M,Rachel Zoe Orange Satin Tank,Rachel Zoe,Top,
10005850,18.99,0.0,1,0,XS,Rachel Zoe Pattern Cinched Sheer Top,Rachel Zoe,Top,
10007720,18.99,0.0,1,1,S,Rafaella Black SL Top,Rafaella,Top,
10007435,24.99,0.0,1,1,14,Rafaella Black White Capris,,Other,
10009801,32.99,0.0,1,1,12,Rafaella Faux Leather Jacket Black,Rafaella,Jacket/Coat,
10006445,29.99,0.0,1,1,S,Rafaella Green White SL Top,Rafaella,Top,
10007185,15.99,0.0,1,1,M,Rafaella Studio SS Top Red,,Top,
10003741,26.99,0.0,1,1,10,rafaella skirt blk,Rafaella,Skirt,
10007130,18.99,0.0,1,0,L,Rafaelle Turquoise Skirt,Rafaella,Skirt,
10005264,32.99,0.0,1,1,29,Rag & Bone Gray Jean Skirt,Rag X Bone,Skirt,
10007850,29.99,0.0,1,1,,Rag & Bone White Pants S,,Jeans/Pants,
10006962,39.99,0.0,1,1,S,Rag & Bone White SL Collared Top,Rag X Bone,Top,
10005930,32.99,0.0,1,1,M,Rag Black White Fuzzy Dress,Rag,Dress,
10003753,32.99,0.0,1,1,6,Rag x Bone Brown Pleather Leggings,Rag X Bone,Jeans/Pants,
10003783,23.99,0.0,1,1,M,Rag X Bone Red Plaid,Rag X Bone,Other,
10004402,29.99,0.0,1,0,39.5,Rag&Bone BlkBacklessChunkyHeels,Rag X Bone,Top,
10006831,69.99,0.0,1,1,8,Rainbow fuzzy UGG slippers,Ugg,Other,
10007981,18.99,0.0,1,1,L,Rainbow Thread Belt,Unknown,Accessories,
10006741,21.99,0.0,1,0,,Raisin' Hell Beige BBall Cap,Unknown,Other,
10006323,15.99,0.0,1,0,L,Ralph Lauren Pink Red Polo,Ralph Lauren,Other,
10007023,35.99,0.0,1,1,10,Ralph Lauren Pink Yellow Floral SL,Ralph Lauren,Other,
10006950,31.99,0.0,1,1,12,Ralph Lauren White Skirt,,Skirt,
10003027,19.99,0.0,1,1,,Ralph LaurenSweatshirt_Ur,Ralph Lauren,Top,
10004385,45.99,0.0,1,1,XS,RalphL CrmBttnDownSwtr,Polo Ralph Lauren,Sweater/Cardigan,
10006092,24.99,0.0,1,1,,RalphL MulticolPttrnBtnDwn,Lauren Ralph Lauren,Other,
10006089,22.99,0.0,1,1,XS,RalphL Navy&RedBttnDwn,Lauren Ralph Lauren,Other,
10003892,35.99,0.0,1,0,M,RalphLauren Pink Tee,Ralph Lauren Sport,Top,
10004277,15.99,0.0,1,1,M,RalphLauren Purple Deep Neck,Lauren Ralph Lauren,Other,
10004119,25.99,0.0,1,1,S,Ramones Brwn Tee,1234,Top,
10003339,99.0,0.0,1,1,,Ramy Brook NWT Red Pants,Ramy Brook,Jeans/Pants,
10008082,89.99,0.0,1,1,M,RamyB NavyDress,Ramy Brook NWT,Dress,
10006929,29.99,0.0,1,1,8,Ranelle GreenFloralDress,Ranelle,Dress,
10004275,32.99,0.0,1,1,M,Rawgear Black Cropped Pullover,Rawgear,Sweater/Cardigan,
10003971,30.99,0.0,1,1,M,Rd&Blk Jeweled Skirt,Wow Couture,Skirt,
10006600,24.99,0.0,1,0,8,Real Comfort Brown Jacket,Real Comfort,Jacket/Coat,
10007310,49.99,0.0,1,1,,Rebecca Minkoff Black Stars Purse,Rebecca Minkoff,Accessories,
10008649,12.99,4.25,1,1,,Rebelious Dreamer Violet SS Top M,,Top,67.3
10006280,22.99,0.0,1,0,S,Rebellion Again Floral Top,Rebellion Again,Top,
10003248,17.99,0.0,1,0,,Red & White Necklace,Unknown,Accessories,
10006177,39.99,0.0,1,1,M,red and black patterned dress,Desigual,Dress,
10006199,29.99,0.0,1,0,,red and white plaid dress shirt small,J Crew,Dress,
10006372,25.0,0.0,1,0,,Red Beaded Purse,Unknown,Accessories,
10007413,18.99,0.0,1,0,,Red Boho Crochet Knitted Petite Bag,,Sweater/Cardigan,
10004167,19.99,0.0,1,1,XL,Red Camel Sleeveless Cardigan Sweater Tan,Red Camel,Sweater/Cardigan,
10007951,26.99,0.0,1,1,M,Red Camisole,,Top,
10006379,18.99,0.0,1,0,,Red Colorful Striped Belt,Unknown,Accessories,
10007857,25.99,0.0,1,1,S,Red Dress w Buckle,,Dress,
10003931,30.99,0.0,1,0,,Red Front-Tie Satin Slip,Unknown,Other,
10008164,13.99,6.0,1,0,S,Red Halter Bra,Unknown,Top,57.1
10003920,35.99,0.0,1,0,S,Red Lace Slip,Unknown,Other,
10008724,19.99,4.25,1,1,,Red Lace Tube Top M,,Top,78.7
10004828,15.99,0.0,1,0,XL,Red Oak Tennessee Tshirt,Red Oak,Top,
10007992,22.99,0.0,1,1,M,Red Seethrough SL Poncho,Unknown,Other,
10006178,22.99,0.0,1,0,2,red skirt,J Crew,Skirt,
10006747,22.99,0.0,1,0,M,Red Velvet Lace Tank with Cross,Unknown,Top,
10006881,19.99,0.0,1,0,S,redbrownVelvetLaceTankTop,Unknown,Top,
10006876,19.99,0.0,1,0,M,RedMidiPoofySkirt,Unknown,Skirt,
10008589,9.99,0.0,1,0,M,REdTOP,Unknown,Other,
10003877,24.99,0.0,1,1,M,Reebok Pink Jacket,Reebok,Jacket/Coat,
10006760,29.99,0.0,1,1,S,Reebok Rain Coat Off White,Reebok,Jacket/Coat,
10008172,19.99,8.0,1,0,6,Reformed B & W Floral Skirt,Reformed,Skirt,60.0
10006693,24.99,0.0,1,1,2,Refuge Blush Shorts,Refuge,Shorts,
10007609,29.99,0.0,1,1,,Refuge Denim Bluejean Overalls XL,,Jeans/Pants,
10007575,19.99,0.0,1,1,12,Refuge Jean Shorts,Refuge,Shorts,
10006411,24.99,0.0,1,0,M,RefugeDenim LightDenimVest,Refuge Denim,Jeans/Pants,
10006075,24.99,0.0,1,1,M,reiss tank pnk,Reiss,Top,
10007883,17.0,4.25,1,1,4,Reitman's Black Check Skirt,,Skirt,75.0
10005523,21.99,0.0,1,1,M,Reitmans Black Stretchy Tie Pants,Reitmans,Jeans/Pants,
10007256,25.99,0.0,1,1,10,Relativity Jeans,,Jeans/Pants,
10005881,18.99,0.0,1,0,S,Relativity Pink & Brown Cardigan,Relativity,Sweater/Cardigan,
10005256,15.99,0.0,1,1,M,Renaissance Angel SL Dress,Unknown,Dress,
10007418,15.99,0.0,1,1,M,Reneec MulticolTop,ReneeC,Other,
10005499,26.99,0.0,1,1,L,Reo Red Off Shoulder Top Black Trim,Reo,Top,
10007282,18.99,0.0,1,0,L,Reoria SS Top Pink,,Top,
10005831,32.99,0.0,1,0,XS,Resa Blue and Tan Dress REAL,Resa,Dress,
10008402,23.99,6.0,1,1,,Retro Stage Pink Romper S,,Romper/Jumpsuit,75.0
10006130,25.99,0.0,1,1,XL,RetroMTVTee,Mtv,Top,
10007802,29.99,0.0,1,0,M,reversible sundress,Unknown,Dress,
10006654,24.99,0.0,1,1,XXL,reversible sundress,Unknown,Dress,
10005312,28.99,0.0,1,1,M,ReversNWT PinkOrangeJacket,Unknown,Jacket/Coat,
10006250,45.99,0.0,1,0,,Revlon Ivory Love Pat Compact Mirror 1960s,Revlon,Other,
10008530,52.99,0.0,1,1,,Revlon Vintage Compact Mirror,Revlon,Other,
10004246,25.99,0.0,1,1,10,Rhinestone Heel,Steve Madden,Shoes,
10004247,35.99,0.0,1,1,8,Rhinestone Square-Toe Heel,Betsey Johnson,Shoes,
10008342,17.99,0.0,1,1,XS,Rhythm WhiBlueFloralTop,Rhythm,Other,
10006220,19.99,0.0,1,0,,ribbed purple middle scrunk croptop small,Altar'd State,Top,
10004209,21.99,0.0,1,1,S,Richard Beige Knit Shortsleeve,Richard Kristall,Shorts,
10005627,24.99,0.0,1,1,12,Ricki'sd Purple Black Satin SS Top,Ricki's,Top,
10008310,24.99,0.0,1,0,,RickieFreeman GrnPurpFlowerDress,Rickie Freeman,Dress,
10008241,23.99,6.0,1,1,,Ridgecut Green Pants L,,Jeans/Pants,75.0
10005276,22.99,0.0,1,0,S,Rima Multi Color Pattern Coverup,Rima Beachworld,Other,
10003554,34.99,0.0,1,1,M,River Island Faux Leather Pants Black,River Island,Jeans/Pants,
10005263,24.99,0.0,1,1,12,River Island Pink Triangle Shimmer Skirt,River Island,Skirt,
10006036,22.99,0.0,1,0,10,RiverIsland LeafBeadShirt,River Island,Top,
10004232,10.99,0.0,1,1,,RK Tri Pink Color Beanie,Rk,Other,
10004527,155.0,0.0,1,0,,RLL Black Fringe Purse,Lauren Ralph Lauren,Accessories,
10005994,32.99,0.0,1,1,M,Robbie Bee Pink SS Cardigan,Robbie Bee,Sweater/Cardigan,
10008072,32.99,0.0,1,1,,RobbieR GreenFlowerDress,Robbie Rivers,Dress,
10003555,39.99,0.0,1,1,S,Rock & Republic Bluejeans,Rock & Republic,Jeans/Pants,
10000217,1.0,0.0,1,0,,Rock X Republic,Rock X Republic,Other,
10001585,1.0,0.0,1,0,,Rock X Republic,Rock X Republic,Other,
10001798,1.0,0.0,1,0,,Rock X Republic,Rock X Republic,Other,
10001815,1.0,0.0,1,0,,Rock X Republic,Rock X Republic,Other,
10002581,27.99,0.0,1,1,,Rock X Republic,Rock X Republic,Other,
10002813,39.99,0.0,1,1,,Rodd X GunnJacket_un,Rodd X Gunn,Jacket/Coat,
10004590,21.99,0.0,1,0,L,Rolling S Tshirt,The Rolling Stones,Top,
10005510,14.99,0.0,1,1,S,Rolling Stones Black Tshirt Pink Graphic,The Rolling Stones,Top,
10003520,24.99,0.0,1,1,M,Rolling Stones Tee Shirt Black & Red,The Rolling Stones,Top,
10005675,99.99,0.0,1,0,,Romeo & Juliet Top Red and Black,,Top,
10004714,29.99,0.0,1,1,XL,romeo juliet swtr burgendy,Romeo X Juliet,Sweater/Cardigan,
10003865,31.99,0.0,1,1,M,Romeo X Juliet Red Multi Design Dress,Romeo X Juliet,Dress,
10004098,22.99,0.0,1,1,L,RomeoXJuliet Cardigan Whi&Blk,Romeo X Juliet,Sweater/Cardigan,
10006895,18.99,0.0,1,1,S,Romwe WaveCroppedTshirt,Romwe,Top,
10005889,21.99,0.0,1,0,1,Ronni Nicole Green Cardigan,Ronni Nicole,Sweater/Cardigan,
10006020,32.99,0.0,1,1,S,RonnieS Blk&WhiCardigan,Ronnie Salloway,Sweater/Cardigan,
10005818,28.99,0.0,1,0,S,rosa cheri bls floral,Rosa Cheri,Top,
10006369,16.99,0.0,1,1,,Rose Gold Belt,Unknown,Accessories,
10004567,12.99,0.0,1,1,,Rose Gold Belt Rhinestones,,Accessories,
10005587,8.5,0.0,1,0,,Rose Pink Half Circle Earrings,Unknown,Accessories,
10003321,21.99,0.0,1,1,8,Rouge Black Loafers with Crystal Accents 1,Rouge,Shoes,
10008595,15.99,8.0,1,1,S,RoXRy StripedTankTop,Roan x Ryan,Top,50.0
10007561,11.0,2.75,1,1,L,Roxy Green Top,,Top,75.0
10008699,19.99,6.5,1,1,,Roz & Ali Black Sleeveless Top XL,,Top,67.5
10004597,24.99,0.0,1,1,L,Roz & Ali Blue Black Dress,Roz X Ali,Dress,
10008414,27.99,7.0,1,1,,Roz & Ali Burgundy Sweater M,,Sweater/Cardigan,75.0
10003748,24.99,0.0,1,1,1,Roz X Ali Black Green Skirt,Roz X Ali,Skirt,
10005454,26.99,0.0,1,1,2,RozAli AniPrintBttnDown,Roz X Ali,Other,
10006798,28.99,0.0,1,1,M,RozXali BlackZipperJacket,Roz X Ali,Jacket/Coat,
10007653,24.99,0.0,1,1,M,Ruby Rd Black & Gold Knit LS,Ruby Rd,Sweater/Cardigan,
10007664,23.99,6.0,1,1,,Ruby Rd White LS Blouse 16,,Top,75.0
10002401,25.99,0.0,1,1,,Ruby RdSweater_Gi,Ruby Rd,Sweater/Cardigan,
10006874,18.99,0.0,1,1,14,RubyRd BlkCoverBttnDown,Ruby Rd,Other,
10007294,10.99,0.0,1,1,XL,Rue 21 Boustier Black,,Other,
10008043,25.0,6.25,1,1,5,Rue 21 Pink Floral Pants,Rue 21,Jeans/Pants,75.0
10008717,18.99,6.25,1,1,,Rue 21 Pink Brown Dress M,,Dress,67.1
10005393,24.99,0.0,1,0,M,rue21 b tank red,Rue 21,Top,
10005459,24.99,0.0,1,1,XL,Rue21 LacePulloverShirt,Rue 21,Sweater/Cardigan,
10005224,12.99,0.0,1,0,S,Rumwe Brown Tank W Pink Butterflies,Rumwe,Top,
10008303,13.99,0.0,1,0,S,Runway WhiteShawl,Runway,Other,
10008772,15.0,3.75,1,1,,Rus Tee Gray & Orange TN Tshirt,Rus Tee,Top,75.0
10005664,15.99,0.0,1,0,L,Russel Tennessee Orange Shirt,Russel,Top,
10008451,18.99,6.4,1,1,,Russell Orange UT T=Shirt M,,Top,66.3
10008771,25.0,6.25,1,3,,RusTee Cream & Orange TN Sweatshirt,Rus Tee,Top,75.0
10004817,15.99,0.0,1,1,L,RXB Red Black Sheer Tank,Rxb,Top,
10007268,28.99,0.0,1,1,M,Ryu Skirt Cream,,Skirt,
10008006,26.0,6.5,1,1,S,Ryu Tan & Teal SL Dress,Ryu,Dress,75.0
10008578,32.99,8.0,1,1,M,Ryu BrwnWhiFeatherDress,Ryu,Dress,75.8
10004698,28.99,0.0,1,1,L,Ryu swtr gry wht,Ryu,Sweater/Cardigan,
10006724,17.99,0.0,1,1,L,S.C. Society Orange Floral Blouse,S.C. Society,Top,
10008410,21.99,5.5,1,1,S,Sadie & Sage Blush Overall Dress,Sadie & Sage,Dress,75.0
10005488,25.99,0.0,1,0,M,sadie&sage bls beige,Sadie & Sage,Top,
10007003,25.99,0.0,1,1,18,Sag Harbor Purple Skirt,Sag Harbor,Skirt,
10004711,22.99,0.0,1,1,XL,sag harbor swtr gry,Sag Harbor,Sweater/Cardigan,
10004683,24.99,0.0,1,1,M,sag harbor swtr pnk,Sag Harbor,Sweater/Cardigan,
10002566,15.99,0.0,1,0,,Sag HarborSweatshirt_Cr,Sag Harbor,Top,
10005176,25.99,0.0,1,3,XL,SageHarbor Velvet BttnDwn Blk,Sage Harbor,Other,
10005477,25.99,0.0,1,1,,sagharbor swtr prp 1x,Sag Harbor,Sweater/Cardigan,
10009807,32.99,0.0,1,1,L,Sagp Pargo Black Skirt w Beading,Sago Pargo,Skirt,
10007300,45.99,0.0,1,0,S,Saintart Army Green Satin Pants,Saintart,Jeans/Pants,
10007009,29.99,0.0,1,1,,Sak 5th Ave Button Down Red,Saks 5Th Ave,Other,
10005810,21.99,0.0,1,-1,,Saks shirt red,,Top,
10006029,45.99,0.0,1,1,S,Saks BlkstudTop,Saks 5Th Ave,Other,
10008083,35.99,0.0,1,0,L,Saks WhiCreamDress,Saks 5Th Ave,Dress,
10008317,14.99,0.0,1,1,,Saldirini GreenFlowerScarf,Saldirini,Accessories,
10007077,45.99,0.0,1,1,8.5,Sam Edelman Laurs Lug Loafer,Sam Edelman,Shoes,
10004395,39.99,0.0,1,0,8.5,SamEdelman Blk&GoldLoafer,Sam Edelman,Shoes,
10008520,18.99,10.95,1,1,,Sami & Jo Green Sleeveless Top L,,Top,42.3
10008242,25.0,6.25,1,1,L,Sami & Jo Yellow SS Sequin Top,Sami & Jo,Top,75.0
10008440,22.99,5.75,1,1,M,Sanctuary Black Pants,,Jeans/Pants,75.0
10005008,69.99,0.0,1,0,8,Sanctuary NWT Black Mustard Jumpsuit,Sanctuary,Romper/Jumpsuit,
10005684,21.99,0.0,1,1,10,Sanctuary Pants Black & Burgundy,,Jeans/Pants,
10003552,44.99,0.0,1,1,XL,Sanctuary Pants Black Plaid,Sanctuary,Jeans/Pants,
10007270,18.99,0.0,1,1,L,Sanctuary Pink Sleeveless Top,,Top,
10004192,27.99,0.0,1,1,S,Sanctuary Red One Shoulder Top,Sanctuary,Top,
10003495,32.99,0.0,1,1,M,Sanctuary Sweater Grey,Sanctuary,Sweater/Cardigan,
10007322,23.99,0.0,1,1,28,Sanctuary Tan Shorts,Sanctuary,Shorts,
10007426,28.99,0.0,1,1,M,Sanctuary White Pants,,Jeans/Pants,
10005080,15.99,0.0,1,1,M,Sanctuary Multicolor Blouse,Sanctuary,Top,
10005462,16.99,0.0,1,1,S,Sanctuary BlkCirccutoutTop,Sanctuary,Other,
10005296,15.99,0.0,1,1,M,Sanctuary MustardBlouse,Sanctuary,Top,
10002420,22.99,0.0,1,1,,SanctuaryLS Top_BP,Sanctuary,Top,
10002574,29.99,0.0,1,1,,SanctuaryVest_Is,Sanctuary,Top,
10007919,23.99,0.0,1,1,XL,Sandy & Sid Cold Shoulder Top Red Multi,Sid X Sandy,Top,
10004632,27.99,0.0,1,1,6,Sangria Black Red White Dress,Sangria,Dress,
10008209,23.99,6.0,1,1,,Sans Souci Black Gold Top S,,Top,75.0
10008748,22.0,5.5,1,1,,Santiki Black Leaf Dress M,,Dress,75.0
10007977,17.0,4.25,1,1,,Santiki Green Pants L,,Jeans/Pants,75.0
10007329,45.99,0.0,1,1,S,Sarah Kuenyefu Crop Jack,Sarah Kuenyefu,Other,
10005405,25.99,0.0,1,1,9,Sas RedFlat,Sas,Shoes,
10007674,16.99,0.0,1,0,9,Sashu Brown Shoes,,Shoes,
10003910,27.99,0.0,1,0,L,Sasson Black Slip Dress,Sasson,Dress,
10004417,24.99,0.0,1,1,20,SatinJacket Pink,Cato,Jacket/Coat,
10005062,21.99,0.0,1,0,L,SavannaJane Floral Top Prpl,Savanna Jane,Top,
10005927,21.99,0.0,1,1,L,Say What Black Tank Top w Detail,Say What,Top,
10003755,29.99,0.0,1,1,14,Sayane Plaid Black & White Pants,Sayane,Jeans/Pants,
10008324,14.99,0.0,1,0,L,Saywhat BlackCorset,Say What,Set,
10004600,34.99,0.0,1,1,10,SB MaroonDress,Sb,Dress,
10005322,5.99,0.0,1,1,S,SBJActive RedTankTop,SJB Active,Top,
10007359,28.99,0.0,1,0,9.5,Schutz Black Woven Flats,Schutz,Shoes,
10006256,32.99,0.0,1,0,M,Scotch and Soda Blue and Brown Striped Sweater,Scotch & Soda,Sweater/Cardigan,
10006848,64.99,0.0,1,1,L,Scully white sundress,Scully,Dress,
10004908,125.0,0.0,1,0,S,Scully Blk&BlueFringeJacket,Scully,Jacket/Coat,
10006009,65.99,0.0,1,1,6,Sea Blk&WhifloralTop,Sea,Other,
10008076,22.0,5.5,1,1,6,Seal of the Sutro Tan Leather Shoes,Seal of the Sutro San Francisco,Shoes,75.0
10003934,21.99,0.0,1,0,M,Sears Yellow Intimate Slip,Sears,Other,
10006833,24.99,0.0,1,1,L,Seductive Wear black cami,Cinema Etoile,Top,
10006364,32.99,0.0,1,0,L,SeeYouMon PnkAsymTubeTop,See You Monday,Top,
10004036,19.99,0.0,1,1,,Select TTee Shirt_Ste,Select T,Top,
10008282,25.0,6.25,1,1,XS,Self Contrast Pink Blouse,Self Contrast,Top,75.0
10008178,18.99,6.0,1,1,M,Self Esteem Pink Velvet SS Top,Self Esteem,Top,68.4
10005833,32.99,0.0,1,0,XL,Sensation Denim Dress,Sensation,Dress,
10006234,26.99,0.0,1,1,XS,sequined shoulder blouse,BCBG Maxazria,Top,
10008273,25.0,6.25,1,1,,Serengeti Black Red Dress L,,Dress,75.0
10004761,24.99,0.0,1,1,M,Serengeti White Crochet Shirt,Serengeti,Top,
10003351,19.99,0.0,1,1,7,Seven Dials White Boots 1,Seven Dials,Top,
10006103,24.99,0.0,1,1,M,SevierSkirts WhiteSkirt,Sevier Skirts,Skirt,
10007881,29.0,7.25,1,0,,Sezane Black White Pants S,,Jeans/Pants,75.0
10007884,25.0,6.25,1,1,M,Sezane Green Top,,Top,75.0
10004536,18.99,0.0,1,1,M,Shadowline Black Slip Dress,Shadowline,Dress,
10003413,18.99,0.0,1,0,M,Shadowline Slip Dress Black,Shadowline,Dress,
10003410,17.99,0.0,1,1,M,Shadowline Slip Dress White,Shadowline,Dress,
10008754,25.0,6.25,1,1,,Shannon Passero Faux Black Pants M,,Jeans/Pants,75.0
10008755,25.0,6.25,1,1,,Shannon Passero Faux Black Pants S,,Jeans/Pants,75.0
10008753,25.0,6.25,1,1,,Shannon Passero Faux Black Pants XS,,Jeans/Pants,75.0
10003879,29.99,0.0,1,1,2,Shapermint Black Tank Shapewear,Shapermint,Top,
10007634,39.99,0.0,1,0,,Sharmark Black Gold Shawl,,Other,
10004784,24.99,0.0,1,1,L,She & Sky Brown Pleather Skirt,She & Sky,Skirt,
10006953,21.99,0.0,1,0,S,She & Sky White Crop Top,She & Sky,Top,
10007470,27.99,0.0,1,0,XL,She's Cool Red Blue Strapless Dress,She's Cool,Dress,
10006835,32.99,0.0,1,1,L,shear brown tanktop,Unknown,Top,
10006200,31.99,0.0,1,1,,shear red long sleeve blouse medium,Unknown,Top,
10007798,25.99,0.0,1,1,,shear velvet black body suit 2x,Jolie & Joy,Other,
10006488,22.99,0.0,1,1,S,Sheer Cream Slip,Unknown,Other,
10007779,18.99,0.0,1,1,XS,Sheer Dress Blk&Pnk,Zara,Dress,
10005519,27.99,0.0,1,0,L,Sheer Orange Snakeskin LS,Unknown,Top,
10004414,21.99,0.0,1,0,S,Sheer Maroon,The Limited,Other,
10007335,35.99,0.0,1,1,S,Shein Furry Orange Jacket,Shein,Jacket/Coat,
10004893,23.99,0.0,1,1,L,shein skrt blk,Shein,Skirt,
10006815,32.99,0.0,1,1,M,Shera Black SS Top,Shera,Top,
10008572,55.99,20.0,1,1,2,SherriHill GemFeatherDress,Sherri Hill,Dress,64.3
10005466,55.99,0.0,1,1,2,SherriHill PinkGemFeatherDress,Sherri Hill,Dress,
10009804,19.99,0.0,1,1,8,Shiloh Jeans w Stitching Blue Long,Shiloh,Jeans/Pants,
10003617,25.99,0.0,1,1,,shinestar pant blk 1x,Shinestar,Jeans/Pants,
10005824,38.99,0.0,1,0,,Shoreline Pink Purple Dress,Shoreline,Dress,
10005972,145.99,0.0,1,1,7.5,Shyanne Brown Cowgirl Boots,Shyanne,Shoes,
10008294,150.0,0.0,1,1,9,Shyanne FloralBoots,Shyanne,Shoes,
10004721,24.99,0.0,1,0,XXXL,Sid & Sandy Peach Plaid LS,Sid X Sandy,Top,
10003576,45.99,0.0,1,1,4,Side Stripe Green Trouser,Pure NWT,Jeans/Pants,
10007923,17.99,0.0,1,1,M,Sienna Sky White SL Blouse w Flowers,Sienna Sky,Top,
10006884,18.99,0.0,1,0,S,SiennaSky OraPinkFloralTop,Sienna Sky,Other,
10008602,14.99,8.0,1,1,L,SiennaSky PinkRuffleTop,Sienna Sky,Other,46.6
10007442,12.99,0.0,1,0,L,Signals Mulit-Color Pants,,Jeans/Pants,
10007429,12.99,0.0,1,1,XL,Signals Multi-Color Pants,,Jeans/Pants,
10005498,24.99,0.0,1,1,8,Signature Pink & Orange Pattern Dress,Signature by Robbie Bee,Dress,
10006857,22.99,0.0,1,0,L,signature white dress shirt,Signature by Larry Levine,Dress,
10003854,33.99,0.0,1,0,2,Sigrid Khaki Pants Pink Stitch,Sigrid Olsen,Jeans/Pants,
10007563,32.99,0.0,1,1,8,Sigrid Olsen Off White Pants,Sigrid Olsen,Jeans/Pants,
10007514,18.99,0.0,1,1,8,Sigrid Olsen Red Pants,,Jeans/Pants,
10000879,26.99,0.0,1,1,,Sigrid OlsenSweater_Mi,Sigrid Olsen,Sweater/Cardigan,
10007749,21.99,0.0,1,1,12,SigridOlsen PinkFloralDress,Sigrid Olsen,Dress,
10008628,15.99,4.0,1,1,,Silence & Noise Burgundy Top L,,Top,75.0
10007572,25.99,0.0,1,0,,Silence&Noise Multi-Color Tube Top S,,Top,
10005011,38.99,0.0,1,1,XL,Silk & Salt Emerald Green Hoodie,Silk X Salt,Other,
10007814,24.99,0.0,1,1,XL,silk black shortsleeve jacket,Whats Hot,Shorts,
10006218,19.99,0.0,1,0,,silk black tank small,Tahari,Top,
10006202,21.99,0.0,1,1,XL,silk purple body suit,Express,Other,
10003232,24.99,0.0,1,1,,Silve & Black Necklace,Unknown,Accessories,
10003234,24.99,0.0,1,1,,Silver & Black Faux Pearl Necklace,Unknown,Accessories,
10003244,17.99,0.0,1,1,,Silver & Copper Necklace,Unknown,Accessories,
10007936,19.99,0.0,1,1,,Silver & Gold Hoop Necklace,Unknown,Accessories,
10003274,17.99,0.0,1,1,,Silver and Black Long Lariat Necklace,Whbm,Accessories,
10005800,24.99,0.0,1,0,,silver and blue bracelet,Unknown,Accessories,
10007891,55.0,0.0,1,0,,Silver bracelet silbver,Unknown,Accessories,
10007935,22.99,0.0,1,1,,Silver Choker Necklace,Unknown,Accessories,
10003714,12.99,0.0,1,0,,Silver Circlet Waistbelt,,Accessories,
10007955,21.99,10.95,1,1,,Silver Decorative Necklace,,Accessories,50.2
10007483,59.99,0.0,1,0,M,Silver Dragon Green Blazer,,Jacket/Coat,
10003719,5.99,0.0,1,1,,Silver Handbag,Xhilaration,Accessories,
10003246,17.99,0.0,1,0,,Silver Metal Black Leather Bracelet,Unknown,Accessories,
10006554,26.99,0.0,1,1,,Silver Metal Mini Purse,Unknown,Accessories,
10005728,75.0,0.0,1,0,,Silver Metal Skull Ring Purse,Unknown,Accessories,
10007197,75.0,0.0,1,0,,Silver Metal Skulls Ring Purse,,Top,
10007953,21.99,12.99,1,0,,Silver necklace Lt Blue Stone,,Accessories,40.9
10007348,13.99,0.0,1,1,,Silver Plated Braceket w Eye Shape,Unknown,Accessories,
10008794,50.0,12.5,1,1,10,Silver ring w stones,,Accessories,75.0
10006660,42.99,0.0,1,1,,Silver Scales Belt w Silver Bedazzled Buckle,Unknown,Accessories,
10003962,39.99,0.0,1,0,M,Silver Sequin Sheer Dress,Unknown,Dress,
10005835,35.99,0.0,1,-1,,Silver shirt,,Top,
10007759,115.0,0.0,1,0,,silver skull clutch bag,Unknown,Accessories,
10007956,21.99,10.95,1,0,,Silver w Blue Accent Necklace,,Accessories,50.2
10008612,12.99,5.99,1,1,,Silver w stone Bracelet,,Accessories,53.9
10006123,24.99,0.0,1,0,,Silver&StoneBracelet,Unknown,Accessories,
10008604,22.99,8.0,1,1,,SilverGemBracelet,Unknown,Accessories,65.2
10007383,12.99,0.0,1,0,,SilverGemNecklace,Unknown,Accessories,
10008605,10.99,8.0,1,0,,SilverGoldBracelet,Unknown,Accessories,27.2
10008383,18.99,8.99,1,0,S,Sim & Sam floral blouse,Sim & Sam,Top,52.7
10008662,11.99,3.0,1,1,,Simple Fun SS Top Brown L,,Top,75.0
10007534,29.99,0.0,1,0,,Simply Vera Grey Faux Vest XS,,Top,
10007713,22.99,0.0,1,1,S,Simply Vera Soft Brown Knit Cardigan,Simply Vera,Sweater/Cardigan,
10005438,32.99,0.0,1,1,XL,SimplyVera FauxFur Vest Grey,Simply Vera,Top,
10004987,21.99,0.0,1,1,M,Sincerely Jules Blush Rose Sweater,Sincerely Jules,Sweater/Cardigan,
10007906,21.99,0.0,1,0,L,Sincerely Jules NWT Jean Top,Sincerely Jules NWT,Jeans/Pants,
10004953,15.99,0.0,1,0,S,Sincerely Jules Orange SL Crop Top,Sincerely Jules,Top,
10008332,27.99,0.0,1,0,XS,SincerelyJules GreenlaceDress,Sincerely Jules,Dress,
10006872,27.99,0.0,1,0,M,SincerelyJules WhiCrewSweater,Sincerely Jules,Sweater/Cardigan,
10007733,17.99,0.0,1,0,L,SincerelyJules WhiCropCoverHoodie,Sincerely Jules,Other,
10005392,34.99,0.0,1,1,S,sinequanone drs shrt red strip,Sinequanone,Shorts,
10007821,64.99,42.0,1,1,M,Single Floral Dress,,Dress,35.4
10005074,17.99,0.0,1,1,S,Sioni Cold Shoulder Tank Blk,Sioni,Top,
10008710,19.99,6.25,1,1,,Sis Sis Pink LS Blouse M,,Top,68.7
10008577,35.99,8.0,1,1,M,Sisley GreyDress,Sisley,Dress,77.8
10006244,9.99,0.0,1,0,S,SJB Active White Gray Tank,SJB Active,Top,
10006812,21.99,0.0,1,0,,Skies are Blue,Skies are Blue,Other,
10005358,21.99,0.0,1,0,M,skies are blue jumper red,Skies are Blue,Other,
10002572,24.99,0.0,1,0,,Skims NWTSS Top_Ry,Skims NWT,Top,
10004584,12.99,0.0,1,1,M,Skinnygirl Green Sleeveless,Skinnygirl,Top,
10007170,14.0,0.0,1,-1,,Skirt,,Skirt,
10008133,31.99,16.0,1,1,10,skirtin around pink chain skirt,Skirtin Around,Skirt,50.0
10004845,21.99,0.0,1,1,XXL,SKY Black Silver Sparkly SL Tank,Sky Plus,Top,
10007476,38.99,0.0,1,1,14,SL Fashions Blue SL Dress NWT,SL Fashions,Dress,
10008674,31.99,8.0,1,1,,SL Fashions Pink White Dress 6,,Dress,75.0
10007945,39.99,0.0,1,0,,Slate & Willow Multi-color Dress XS,,Dress,
10006329,15.99,0.0,1,1,M,SLB White Sheer Ruffle Top,Slb,Top,
10005387,28.99,0.0,1,1,10,SLB pnts blk,Slb,Other,
10008773,15.0,3.75,1,1,S,Sleevey Wonders White Lace LS,Sleevey Wonders,Top,75.0
10003417,17.99,0.0,1,0,M,Slenderella Slip Dress Black,Slenderella,Dress,
10008413,23.99,6.0,1,1,,Slinky Brand Blue Sheer Cardigan XL,,Sweater/Cardigan,75.0
10007459,19.99,0.0,1,1,14,SLNY Black Floral SL Dress,Slny,Dress,
10003841,28.99,0.0,1,1,XL,SLNY Blk&Gld Dress,Slny,Dress,
10000407,1.0,0.0,1,0,,SLNYDress_Ba,Slny,Dress,
10000450,1.0,0.0,1,0,,SLNYDress_Ba,Slny,Dress,
10000650,1.0,0.0,1,0,,SLNYDress_Ba,Slny,Dress,
10000832,1.0,0.0,1,0,,SLNYDress_Ba,Slny,Dress,
10000833,1.0,0.0,1,0,,SLNYDress_Ba,Slny,Dress,
10000837,1.0,0.0,1,0,,SLNYDress_Ba,Slny,Dress,
10000906,1.0,0.0,1,0,,SLNYDress_Ba,Slny,Dress,
10001263,1.0,0.0,1,0,,SLNYDress_Ba,Slny,Dress,
10001306,1.0,0.0,1,0,,SLNYDress_Ba,Slny,Dress,
10001386,1.0,0.0,1,0,,SLNYDress_Ba,Slny,Dress,
10001583,1.0,0.0,1,0,,SLNYDress_Ba,Slny,Dress,
10001611,1.0,0.0,1,0,,SLNYDress_Ba,Slny,Dress,
10001959,1.0,0.0,1,0,,SLNYDress_Ba,Slny,Dress,
10001967,1.0,0.0,1,0,,SLNYDress_Ba,Slny,Dress,
10002183,32.99,0.0,1,0,,SLNYDress_Ba,Slny,Dress,
10002345,17.99,0.0,1,1,,SLNYDress_Ba,Slny,Dress,
10002732,24.99,0.0,1,0,,SLNYDress_Ba,Slny,Dress,
10004552,12.99,0.0,1,0,,Small Leather Purse Long Strap Gold Lock,,Accessories,
10006233,25.99,0.0,1,0,,smiley tshirt medium,Newbury Kustom,Top,
10005148,18.99,0.0,1,1,M,SMYM Shldr Bodysuit Orng,Show me your Mumu,Top,
10005633,19.99,0.0,1,1,S,SO Blue Jean LS Lace Up Top,So,Jeans/Pants,
10006701,19.99,0.0,1,1,M,SO Brown Corduroy Blazer,So,Jacket/Coat,
10003373,20.99,0.0,1,1,M,So Cozy Sweatshirt Pink,So Cozy,Top,
10008142,16.99,8.0,1,1,L,so high rise knit brown skirt,So Good For Life,Skirt,52.9
10004985,17.99,0.0,1,1,L,SO Pink Blue Flannel LS,So,Top,
10007142,15.99,0.0,1,0,S,Socialite White Cami Top,Socialite,Top,
10004933,21.99,0.0,1,0,M,Soffe Blk&WhiStripeUTTop,Soffe,Other,
10007091,22.99,0.0,1,0,,Sofft Elsa Blue Sandals Size,Sofft,Top,
10005406,25.99,0.0,1,1,6,Sofft BllHeel,Sofft,Shoes,
10007024,24.99,0.0,1,1,L,Soft Surroundings Pink SL Top,Soft Surroundings,Top,
10004945,34.99,0.0,1,1,S,SoftSurr GreySweater,Soft Surroundings,Sweater/Cardigan,
10003560,43.99,18.0,1,1,8,Softt Brown Boots 1,Softt,Shoes,59.1
10007688,29.99,0.0,1,1,M,Soho Apparel Red Pants Gold Buttons,Soho Apparel,Jeans/Pants,
10006457,21.99,0.0,1,0,,Soho Girls Hot Pink Lace Back Top,Soho Girl's,Top,
10004318,35.99,0.0,1,1,8.5,SoleSoc AshKneeHighBoots,Sole Society,Shoes,
10008500,24.99,6.3,1,1,,Solitaire Floral Lace SS Top S,,Top,74.8
10008278,22.0,4.5,1,1,,Solitaire Red SS Blouse M,,Top,79.5
10006655,24.99,0.0,1,0,M,Solitaire white maxi skirt,Solitaire,Skirt,
10006795,22.99,0.0,1,1,M,Solitaire CreamFloralPocketJacket,Solitaire,Jacket/Coat,
10006828,22.99,0.0,1,1,M,Solitaire CreamFlowerPocketJack,Solitaire,Other,
10004468,20.99,0.0,1,1,6,SOliver BlueJeans,S Oliver,Jeans/Pants,
10007722,22.99,0.0,1,1,S,Solo Modo Yellow Dress,Solo Moda,Dress,
10007758,23.99,0.0,1,1,S,Soma FlowerMartiniSlip,Soma,Other,
10007411,15.99,0.0,1,1,,SomethingSpecial Newsboyhat,Something Special,Accessories,
10004460,18.99,0.0,1,1,15,SONG Bluejeans,Song,Jeans/Pants,
10007512,15.99,0.0,1,0,M,Sonoma Brown SS Top,,Top,
10007934,18.99,0.0,1,0,,Sonoma RWB Woven Purse,Sonoma,Accessories,
10005484,25.99,0.0,1,0,,sonoma hat blk,Sonoma,Accessories,
10002159,12.99,0.0,1,1,,SonomaTee Shirt_Ca,Sonoma,Top,
10004613,13.99,0.0,1,0,S,Sophie Max Black Shortsleeve Dress,Sophie Max,Dress,
10006698,22.99,0.0,1,0,XL,Southwest Burgundy Patterned Skirt,Southwest Indian Foundation,Skirt,
10007016,29.99,0.0,1,1,S,Spanx Black Tank,Spanx,Top,
10006984,41.99,0.0,1,1,S,Spanx White Jeans,Spanx,Jeans/Pants,
10005334,28.99,0.0,1,1,1,Spanx GreyoneShoulderTop,Spanx,Other,
10006189,26.99,0.0,1,1,,sparkly white tie top small,Peppermayo,Top,
10006444,17.99,0.0,1,1,L,Speechless Brown Orange SL Top,Speechless,Top,
10005109,25.99,0.0,1,1,3,Speechless Yellow Floral Skirt,Speechless,Skirt,
10004181,24.99,0.0,1,1,2,Speed Control Paisley Dress Black & White,Speed Control,Dress,
10006430,32.99,0.0,1,1,M,spencer jeremy black and white blouse,Spencer Jeremy,Top,
10006592,15.99,0.0,1,1,S,Spense Earthy Floral SL Top,Spense,Top,
10005116,22.99,0.0,1,1,S,Splendid Gray Plaid Flannel LS,Splendid,Top,
10004126,17.99,0.0,1,1,S,Spyder Camo Leggings,Spyder,Jeans/Pants,
10004131,24.99,0.0,1,1,S,Spyder LgtBl Athleisure Jckt,Spyder,Other,
10007494,18.99,0.0,1,1,S,St John's Bay Green Tank Top,,Top,
10008523,19.99,10.95,1,1,,St John's Bay Purple Tank M,,Top,45.2
10005567,26.99,0.0,1,1,L,St Johns Bay Beige Sweater w Buttons,St Johns Bay,Sweater/Cardigan,
10005954,18.99,0.0,1,0,L,St Johns Bay Brown & White SS,St Johns Bay,Top,
10004585,15.99,0.0,1,0,S,St Johns Bay Orange Butterfly Shortsleeve,St Johns Bay,Shorts,
10006970,19.99,0.0,1,0,S,St Johns Bay White SS Top,St Johns Bay,Top,
10000004,1.0,8.0,1,0,,St Johns BaySweater_Un,St Johns Bay,Sweater/Cardigan,-700.0
10000029,1.0,0.0,1,0,,St Johns BaySweater_Un,St Johns Bay,Sweater/Cardigan,
10000039,1.0,0.0,1,0,,St Johns BaySweater_Un,St Johns Bay,Sweater/Cardigan,
10000071,27.99,0.0,1,0,,St Johns BaySweater_Un,St Johns Bay,Sweater/Cardigan,
10000092,16.99,0.0,1,0,,St Johns BaySweater_Un,St Johns Bay,Sweater/Cardigan,
10000131,1.0,0.0,1,0,,St Johns BaySweater_Un,St Johns Bay,Sweater/Cardigan,
10000140,1.0,0.0,1,0,,St Johns BaySweater_Un,St Johns Bay,Sweater/Cardigan,
10000153,1.0,0.0,1,0,,St Johns BaySweater_Un,St Johns Bay,Sweater/Cardigan,
10000178,1.0,0.0,1,0,,St Johns BaySweater_Un,St Johns Bay,Sweater/Cardigan,
10000232,1.0,0.0,1,0,,St Johns BaySweater_Un,St Johns Bay,Sweater/Cardigan,
10000374,1.0,0.0,1,0,,St Johns BaySweater_Un,St Johns Bay,Sweater/Cardigan,
10000378,1.0,0.0,1,0,,St Johns BaySweater_Un,St Johns Bay,Sweater/Cardigan,
10000443,1.0,0.0,1,0,,St Johns BaySweater_Un,St Johns Bay,Sweater/Cardigan,
10000474,1.0,0.0,1,0,,St Johns BaySweater_Un,St Johns Bay,Sweater/Cardigan,
10000478,1.0,0.0,1,0,,St Johns BaySweater_Un,St Johns Bay,Sweater/Cardigan,
10000495,1.0,0.0,1,0,,St Johns BaySweater_Un,St Johns Bay,Sweater/Cardigan,
10000524,1.0,0.0,1,0,,St Johns BaySweater_Un,St Johns Bay,Sweater/Cardigan,
10000704,1.0,0.0,1,0,,St Johns BaySweater_Un,St Johns Bay,Sweater/Cardigan,
10000766,1.0,0.0,1,0,,St Johns BaySweater_Un,St Johns Bay,Sweater/Cardigan,
10001013,1.0,0.0,1,0,,St Johns BaySweater_Un,St Johns Bay,Sweater/Cardigan,
10001129,1.0,0.0,1,0,,St Johns BaySweater_Un,St Johns Bay,Sweater/Cardigan,
10001135,1.0,0.0,1,0,,St Johns BaySweater_Un,St Johns Bay,Sweater/Cardigan,
10001292,1.0,0.0,1,0,,St Johns BaySweater_Un,St Johns Bay,Sweater/Cardigan,
10001557,1.0,0.0,1,0,,St Johns BaySweater_Un,St Johns Bay,Sweater/Cardigan,
10001579,1.0,0.0,1,0,,St Johns BaySweater_Un,St Johns Bay,Sweater/Cardigan,
10001893,1.0,0.0,1,0,,St Johns BaySweater_Un,St Johns Bay,Sweater/Cardigan,
10002025,21.99,0.0,1,1,,St Johns BaySweater_Un,St Johns Bay,Sweater/Cardigan,
10002036,1.0,0.0,1,0,,St Johns BaySweater_Un,St Johns Bay,Sweater/Cardigan,
10002415,39.99,0.0,1,0,,St Johns BaySweater_Un,St Johns Bay,Sweater/Cardigan,
10002514,24.99,0.0,1,0,,St Johns BaySweater_Un,St Johns Bay,Sweater/Cardigan,
10002613,25.99,0.0,1,0,,St Johns BaySweater_Un,St Johns Bay,Sweater/Cardigan,
10002616,15.99,0.0,1,1,,St Johns BaySweater_Un,St Johns Bay,Sweater/Cardigan,
10002643,22.99,0.0,1,0,,St Johns BaySweater_Un,St Johns Bay,Sweater/Cardigan,
10004726,21.99,0.0,1,1,XXL,St. John's Blue & Yellow line Plaid LS,St Johns Bay,Top,
10003634,28.99,0.0,1,1,12,st. johns bay pant brw,St. Johns Bay,Jeans/Pants,
10004309,22.99,0.0,1,1,M,Staccato RedLongsleeve,Staccato,Other,
10006632,22.99,0.0,1,1,L,staring at stars grey crop top,Staring At Stars,Top,
10005745,15.99,0.0,1,1,S,Stars Above Pink Satin Slip Dress,Stars Above,Dress,
10007531,24.99,0.0,1,1,,Steel & Jelly LS Blouse Blue White L,,Top,
10006729,29.99,0.0,1,0,,Stella & Dot Gold Circles Necklace,Stella & Dot,Accessories,
10006732,25.99,0.0,1,0,,Stella & Dot Gold Dangle Necklace,Stella & Dot,Accessories,
10007281,39.99,0.0,1,1,,Stella & Dot Pearl & Spike Bracelet,,Accessories,
10006728,15.99,0.0,1,1,,Stella & Dot Pink Silver Bracelet,Stella & Dot,Accessories,
10006734,22.99,0.0,1,1,,Stella & Dot Silver Bracelet,Stella & Dot,Accessories,
10006731,32.99,0.0,1,1,,Stella & Dot Silver Chain Necklace,Stella & Dot,Accessories,
10006730,25.99,0.0,1,0,,Stella & Dot Silver Stretch Bracelet,Stella & Dot,Accessories,
10006733,18.99,0.0,1,1,,Stella & Dot Silver Stud Earrings,Stella & Dot,Accessories,
10007346,22.99,0.0,1,-1,,Stella Dot Gold Multi Color Necklace,Stella & Dot,Accessories,
10007338,35.99,0.0,1,0,,Stella Dot Rhinestone Necklace,Stella & Dot,Accessories,
10007102,25.99,0.0,1,0,,Stella Dot White Cabochon Pendant Necklace,Stella & Dot,Accessories,
10007380,24.99,0.0,1,1,,StellaXDot GoldGemNecklaces,Stella & Dot,Accessories,
10007382,85.99,0.0,1,0,,SterlingSilverTigersEyeRing,Unknown,Accessories,
10008002,25.99,0.0,1,1,L,Stetson Plaid Colorful Hat,Stetson,Accessories,
10008003,25.99,0.0,1,1,M,Stetson Plaid Colorful Hat,Stetson,Accessories,
10007302,32.99,0.0,1,1,S,Steve M NWT Black LS Top Burgundy Rose,Steve Madden,Top,
10007543,28.99,0.0,1,1,9.5,Steve Madden Beige Clogs,Steve Madden,Other,
10003354,24.99,14.99,1,2,10,Steve Madden Brown Boots,Steve Madden,Shoes,40.0
10008796,39.99,10.0,1,1,,Steve Madden Paisley Dress,,Dress,75.0
10005938,19.99,0.0,1,0,L,Steve Madden Pink Floral LS Top,Steve Madden,Top,
10007073,12.99,0.0,1,1,8.5,Steve Madden Rhinestone Sandals,Steve Madden,Top,
10007896,27.99,6.3,1,1,,Steve Madden Snakeskin shoes 8,,Shoes,77.5
10004018,23.99,0.0,1,1,,Steve X BarryPants_Sx,Steve X Barry,Jeans/Pants,
10004467,21.99,0.0,1,0,6.5,SteveM TanBuckleFlat,Steve Madden,Shoes,
10004049,28.99,0.0,1,1,9.5,SteveMadden Org&Gld Pumps,Steve Madden,Shoes,
10008665,27.99,7.0,1,1,,Steven by S Madden Studded Suede 7.5,,Other,75.0
10004924,24.99,0.0,1,0,10,StJohnsB JeanSkort,St Johns Bay,Jeans/Pants,
10006144,24.99,0.0,1,1,XL,StJohnsBay PnkBttnDwnShirt,St Johns Bay,Top,
10004950,16.99,0.0,1,0,,stjohnsbay sht rd strip 1x,St Johns Bay,Other,
10006042,24.99,0.0,1,1,L,StJohnsBay SlvlessBttnDwn,St Johns Bay,Top,
10006105,25.99,0.0,1,1,L,StJohnsBay TieShortSlveCardigan,St Johns Bay,Shorts,
10006865,27.99,0.0,1,1,8,StJohnsBay WhiLongShorts,St Johns Bay,Shorts,
10006243,0.0,0.0,1,0,,Store Credit Buyback*,,Other,
10007231,45.99,0.0,1,1,M,Storia Brown Floral Dress,,Dress,
10005217,25.99,0.0,1,1,XL,Storia Burnt Orange Stripe Wrap Dress,Storia,Dress,
10007780,34.99,0.0,1,0,S,Storia Muted Blush LS Dress,Storia,Dress,
10004729,24.99,0.0,1,1,M,Stradivarius Pale Pink LS,Stradivarius,Top,
10004442,28.99,0.0,1,1,10,Straight Leg Jean,Lucky Brand,Jeans/Pants,
10004592,12.99,0.0,1,1,XXL,Stranded Pink & Black Shirt,Stranded,Top,
10006424,25.99,0.0,1,1,6,strapless floral guess dress,Guess,Dress,
10002010,25.99,0.0,1,1,,Street OneSkirt_Te,Street One,Skirt,
10004509,31.99,0.0,1,1,L,StreetOne BlkWht PatternSkirt,Street One,Skirt,
10008469,17.99,6.0,1,1,,Streetwear Society Blue Top S,,Top,66.6
10007675,15.99,0.0,1,1,9,Strictly Comfort Black Shoes,,Shoes,
10007341,12.99,0.0,1,0,,String Gold Necklace,Unknown,Accessories,
10004140,27.99,0.0,1,1,3,Striped Bkk&Wht Dress,Maurices,Dress,
10003322,24.99,0.0,1,1,6,Stuart Weitzman Silver Loafers with Gold Accent 1,Stuart Weitzman,Shoes,
10007529,27.99,0.0,1,1,8,Studio 1 Black Dress,,Dress,
10008685,17.99,6.0,1,1,,Studio 1 Faux Suede Jacket 8,,Jacket/Coat,66.6
10005729,25.99,0.0,1,1,24,Studio 1940 Red Black Tank,Studio 1940,Top,
10007593,21.99,0.0,1,1,10,Studio C Pink Blouse,,Top,
10002176,19.99,0.0,1,1,,Studio CSS Top_Is,Studio C,Top,
10007259,32.99,0.0,1,1,10,Studio Dress Brown,,Dress,
10005704,21.99,0.0,1,1,M,Studio Y Black Tank Studs,Studio Y,Top,
10007715,15.99,0.0,1,1,S,Studio Y Orange Wrap Top,Studio Y,Top,
10004942,24.99,0.0,1,1,M,Studio19 Pink&WhiBlouse,Studio 19,Top,
10004312,32.99,0.0,1,1,8,StudioEase BlackFloralDress,Studio Ease,Dress,
10003853,22.99,0.0,1,1,S,Style Rack Mustard Yellow Skirt,Style Rack,Skirt,
10008005,23.0,5.75,1,0,L,Style U Bright Pink Tube Top,Style U,Top,75.0
10008016,23.0,5.75,1,0,M,Style U White Tube Top,Style U,Top,75.0
10004430,99.99,0.0,1,1,XS,StyleStalkerStitchDressNWT Blue,Stylestalker,Dress,
10006932,24.99,0.0,1,0,,Stylus WhilaceFlwrDressCover Size,Stylus,Dress,
10004208,49.99,0.0,1,1,S,Sue P Blue Striped Sweater,Sue P Knits,Sweater/Cardigan,
10007825,84.99,61.0,1,1,2,Sue Wong Dress,,Dress,28.2
10005042,84.99,0.0,1,0,M,Suede Fringe Coat,Unknown,Jacket/Coat,
10007239,65.99,0.0,1,1,8,Suewong Mulit-Color Dress,,Dress,
10003607,18.99,0.0,1,0,S,Sugar Moon Swe Beige Floral,Sugar Moon,Other,
10003561,38.99,20.0,1,1,7,SugarTorch Boots Black 1,Sugar,Shoes,48.7
10007320,16.99,0.0,1,1,L,Sun & Shadow Tan Tank Top,Sun & Shadow,Top,
10007286,21.99,0.0,1,1,L,Sundance Black Skirt,,Skirt,
10007503,18.99,0.0,1,0,,Sunday in Brooklyn Blue White Top XS,,Top,
10005786,28.99,0.0,1,1,S,SunnyLeigh BlkRuffleTop,Sunny Leigh,Other,
10006936,24.99,0.0,1,1,XS,Sunnyleigh MulticolorTop,Sunny Leigh,Other,
10004764,25.99,0.0,1,1,18,Supplies Army Green Capris w Tie String,Supplies,Accessories,
10007450,27.99,0.0,1,1,S,Susan G Green Floral LS,Susan Graver,Top,
10004673,32.99,0.0,1,1,L,susan graver vest prp,Susan Graver,Top,
10002748,16.99,0.0,1,1,,Susan GraverCardigan_Fe,Susan Graver,Sweater/Cardigan,
10005924,27.99,0.0,1,1,L,Susan Lawence Brown LS Top Lace,Susan Lawrence,Top,
10006845,33.99,0.0,1,1,S,Susana Monaco white dress,Susana Monaco,Dress,
10005452,25.99,0.0,1,1,XL,SusanG Pinkfloralblouse,Susan Graver,Top,
10005002,19.99,0.0,1,1,L,Susie Collection Black Bellsleeve,Susie Collection,Top,
10007605,11.99,0.0,1,0,S,Suuksess Camisole Pink,,Top,
10007539,29.99,0.0,1,1,XL,Suzanne Betro Grey Dress,,Dress,
10008524,27.99,10.95,1,1,,SW3 Bespoke Lace Sleeveless Top XS,,Top,60.9
10005899,22.99,0.0,1,-1,,Sweater,,Sweater/Cardigan,
10005985,15.99,0.0,1,0,XS,Sweaty Betty Pink Sweatshirt,Sweaty Betty,Top,
10007443,25.99,0.0,1,1,XS,Sweet Pea Blouse,,Top,
10008038,25.0,6.25,1,1,M,Sweet Pea Blue Grey Dress,,Dress,75.0
10008514,32.99,13.15,1,1,,Sweet Soul Y2K Baby Doll Top L,,Top,60.1
10007566,22.99,0.0,1,0,,Sweet Storm Multi-Color Dress M,,Dress,
10004293,35.99,0.0,1,1,2,SweetMagnoliaNWT Camel Button-Down Dress,Sweet Magnolia,Dress,
10005440,22.99,0.0,1,0,L,SweetPea Sheer Floral Top,Sweet Pea,Top,
10005362,32.99,0.0,1,0,42,swing corset pnk,Swing,Set,
10004338,24.99,0.0,1,1,M,T & S Brownish Shacket,Thread & Supply,Other,
10008041,25.0,6.25,1,1,,T Party Black Pants M,,Jeans/Pants,75.0
10006545,19.99,0.0,1,1,M,T Tahari Black Faux Leather Top,TTahari,Top,
10004961,24.99,0.0,1,1,S,TA Colle VINTAGE Orange Floral Dress,TA Collection,Dress,
10004493,285.0,0.0,1,1,,TaglioVivo BlackS.SoffiettoBag,Taglio Vivo,Accessories,
10006570,18.99,0.0,1,0,L,Tahari Arthur Blue Green SL Top,Tahari Arthur S Levine,Top,
10005928,24.99,0.0,1,0,S,Tahari Black SS Top w Pink Flowers,Tahari,Top,
10005643,15.99,0.0,1,0,L,Tahari Purple Satin Top,Tahari,Top,
10005259,23.99,0.0,1,0,S,Tahari Satin Gold SL Top Black Ruffle,Tahari,Top,
10008634,17.99,4.25,1,0,M,Tahari Sleeveless Top,,Top,76.4
10007193,24.99,0.0,1,0,S,Tahari Tan Dress,,Dress,
10008643,12.99,3.25,1,1,,Tahari White Tank Top M,,Top,75.0
10008554,22.99,0.0,1,0,L,Tahari MulticolTop,Tahari,Other,
10008549,22.99,0.0,1,1,6,Tahari PrplGreenTop,Tahari,Other,
10000066,25.99,0.0,1,0,,TahariSweater_Ga,Tahari,Sweater/Cardigan,
10000564,1.0,0.0,1,0,,TahariSweater_Ga,Tahari,Sweater/Cardigan,
10004153,69.99,0.0,1,1,M,Talbot Navy Crochet Long Sleeve NWT,RSVP by Talbots,Other,
10007238,18.99,0.0,1,0,,Talbot's Green Hat,,Accessories,
10008730,23.99,6.5,1,1,,Talbot's Navy Print Skirt 6,,Skirt,72.9
10003557,33.99,0.0,1,1,10,Talbot's Pants Cream,Talbot's,Jeans/Pants,
10003556,31.99,0.0,1,1,10,Talbot's Skirt Black & White,Talbots,Skirt,
10007717,21.99,0.0,1,0,2,Talbots Beige Floral Skirt,Talbots,Skirt,
10007719,22.99,0.0,1,1,6,Talbots Beige Silk SS Top,Talbots,Top,
10006590,24.99,0.0,1,1,12,Talbots Black & White Checkered Skirt,Talbots,Skirt,
10004995,26.99,0.0,1,1,M,Talbots Black & White Flannel Button Down,Talbots,Other,
10004228,25.99,0.0,1,1,16,Talbots Black LS Pink Floral Dress,Talbots,Dress,
10005618,15.99,0.0,1,1,14,Talbots Black Tank,Talbots,Top,
10007725,24.99,0.0,1,1,4,Talbots Black Tropical Pants,Talbots,Jeans/Pants,
10005991,32.99,0.0,1,1,S,Talbots Blue & White Embroidered Top,Talbots,Top,
10007034,24.99,0.0,1,1,10,Talbots Brown Floral Skrt,Talbots,Skirt,
10007000,26.99,0.0,1,1,12,Talbots Brown Pants,Talbots,Jeans/Pants,
10004103,25.99,0.0,1,1,S,"Talbots Checkered Button Down , Green",Talbots,Other,
10006470,16.99,0.0,1,1,6,Talbots Colorful Flower Shorts,Talbots,Shorts,
10003864,24.99,0.0,1,0,XL,Talbots Dark Blue Collared Sleeveless,T by Talbots,Top,
10007729,22.99,0.0,1,1,6,Talbots Lavender & W Plaid Buttondown,Talbots,Other,
10007723,21.99,0.0,1,0,4,Talbots Light Beige Floral Skirt,Talbots,Skirt,
10004478,23.99,0.0,1,1,18,Talbots Maroon Slacks,Talbots,Other,
10005243,22.99,0.0,1,1,M,Talbots Navy Polka Dot LS Top,Talbots,Top,
10005990,35.99,0.0,1,1,S,Talbots Off White Sweater,Talbots,Sweater/Cardigan,
10005686,24.99,0.0,1,1,12,Talbots Pants Pink,,Jeans/Pants,
10006524,19.99,0.0,1,1,XL,Talbots Pink SS Blouse,Talbots,Top,
10005214,24.99,0.0,1,1,S,Talbots Pink Sweater,Talbots,Sweater/Cardigan,
10008457,28.99,13.0,1,1,,Talbots Pink Blue Pants 2,,Jeans/Pants,55.2
10005108,14.99,0.0,1,1,6,Talbots Red Brown Floral SL Top,Talbots,Top,
10005001,26.99,0.0,1,1,M,Talbots Red Paisley QS Blue Tassel,Talbots,Top,
10009800,19.99,0.0,1,1,18,Talbots Red White Blue Skirt,Talbots,Skirt,
10006957,21.99,0.0,1,0,8,Talbots Silk SL Top,Talbots,Top,
10007047,28.99,0.0,1,0,11,Talbots Tan Heels,Talbots,Top,
10007711,14.99,0.0,1,0,6,Talbots White Button Up Top,Talbots,Top,
10006844,23.99,0.0,1,1,,Talbots white palm tree dress 8p,Talbots,Dress,
10007730,24.99,0.0,1,0,4,Talbots Yellow Suit Set,Talbots,Set,
10005078,25.99,0.0,1,0,6,Talbots Scallop Pant Rd&Wht,Talbots,Jeans/Pants,
10007311,15.99,0.0,1,1,,Talbots Brwn&YllwSunglasses,Talbots,Top,
10006048,22.99,0.0,1,0,M,Talbots brwnbttnshirt,Talbots,Top,
10006352,24.99,0.0,1,1,S,Talbots Grn&BlkTop,Talbots,Other,
10006941,22.99,0.0,1,1,12,Talbots MulticolFloralBttnDwn,Talbots,Other,
10004665,25.99,0.0,1,1,18,Talbots MultiColFloralSkirt,Talbot's,Skirt,
10005767,24.99,0.0,1,1,12,Talbots OffWhiPant,Talbot's,Jeans/Pants,
10006944,24.99,0.0,1,1,8,Talbots PinkGreenSkirt,Talbots,Skirt,
10004873,25.99,0.0,1,1,16,talbots skrt blk,Talbot's,Skirt,
10003616,25.99,0.0,1,0,,talbots sweater multi purp sp,Talbots,Sweater/Cardigan,
10004718,24.99,0.0,1,1,XXL,talbots swtr drk blu,Talbots,Sweater/Cardigan,
10004715,25.99,0.0,1,1,XL,talbots swtr pnk,Talbot's,Sweater/Cardigan,
10005802,32.99,0.0,1,1,XL,talbots swtrblk&wht,Talbots,Sweater/Cardigan,
10006862,24.99,0.0,1,1,14,Talbots WhiSleevlssTop,Talbots,Top,
10001199,32.99,0.0,1,1,,TalbotsDress_Ev,Talbots,Dress,
10001227,1.0,0.0,1,0,,TalbotsDress_Ev,Talbots,Dress,
10002761,34.99,0.0,1,0,,TalbotsDress_Ev,Talbots,Dress,
10002828,19.99,0.0,1,1,,TalbotsLS Tee Shirt_Ex,Talbots,Top,
10000049,1.0,0.0,1,0,,TalbotsLS Top_Ba,Talbots,Top,
10000297,1.0,0.0,1,0,,TalbotsLS Top_Ba,Talbots,Top,
10000529,1.0,0.0,1,0,,TalbotsLS Top_Ba,Talbots,Top,
10001222,1.0,0.0,1,0,,TalbotsLS Top_Ba,Talbots,Top,
10001498,1.0,0.0,1,0,,TalbotsLS Top_Ba,Talbots,Top,
10001617,1.0,0.0,1,0,,TalbotsLS Top_Ba,Talbots,Top,
10002174,22.99,0.0,1,0,,TalbotsLS Top_Hy,Talbots,Top,
10004144,30.99,0.0,1,1,12,TalbotsNWT FauxLthr Skirt,Talbots,Skirt,
10000221,1.0,0.0,1,0,,TalbotsPants_Pa,Talbots,Jeans/Pants,
10001446,1.0,0.0,1,0,,TalbotsPants_Pa,Talbots,Jeans/Pants,
10002092,1.0,0.0,1,0,,TalbotsPants_Pa,Talbots,Jeans/Pants,
10002578,25.99,0.0,1,0,,TalbotsPants_Pa,Talbots,Jeans/Pants,
10002579,19.99,0.0,1,1,,TalbotsPants_Pa,Talbots,Jeans/Pants,
10002585,25.99,0.0,1,1,,TalbotsPants_Pa,Talbots,Jeans/Pants,
10002588,24.99,0.0,1,1,,TalbotsPants_Pa,Talbots,Jeans/Pants,
10004396,19.99,0.0,1,1,40,TallLacedBrownBoots,Unknown,Shoes,
10006366,24.99,0.0,1,1,XS,TamaraH PinkTassleBlouse,Tamara H,Top,
10007808,25.99,0.0,1,1,S,tan knit tanktop,Bodin Kits,Sweater/Cardigan,
10003985,18.99,0.0,1,0,,Tan Purse,,Accessories,
10003337,35.99,0.0,1,1,,Tan Vintage Floral Skirt,Unknown,Skirt,
10005463,22.99,0.0,1,0,L,TanFloralPullOver,Unknown,Sweater/Cardigan,
10003739,23.99,0.0,1,1,L,tang zing rui button down brw,Tang Zing Rui,Other,
10003492,29.99,0.0,1,1,L,Tangerine Light Athletic Jacket Purple,Tangerine,Jacket/Coat,
10004099,24.99,0.0,1,1,XL,TanJay BeadedSweaterVest Blk,Tan Jay,Sweater/Cardigan,
10006246,38.99,0.0,1,1,XL,Tash & Sophie Dark Blue LS Dress,Tash & Sophie,Dress,
10006531,17.99,0.0,1,1,XS,Taylor & S Beige Tank,Taylor & Sage,Top,
10004134,30.99,0.0,1,1,L,Taylor Blk Spotted BttnDwn,Taylor Investments,Other,
10006786,22.99,0.0,1,1,M,TaylorSwiftErasTshirt,Unknown,Top,
10005403,24.99,0.0,1,0,S,TCR MulticolTankTop,The Collection Royal,Top,
10006852,18.99,0.0,1,1,M,Tecrew NWT white tank,Tecrew,Top,
10004574,49.99,0.0,1,1,0,Ted Baker Bright Pink 3 4 Shirt,Ted Baker London,Top,
10004075,85.99,0.0,1,1,,Ted Baker Dusty Rose Handbag,Ted Baker,Accessories,
10002009,59.99,0.0,1,1,,Ted BakerSkirt_Re,Ted Baker,Skirt,
10006061,29.99,0.0,1,1,2,tedbaker shrt blk,Ted Baker,Shorts,
10002318,12.99,0.0,1,1,,Tee FuryTee Shirt_SJ,Tee Fury,Top,
10003478,27.99,0.0,1,1,S,Teenbell Cardigan Pink,Teenbell,Sweater/Cardigan,
10007962,25.0,6.25,1,1,,Tempo Paris White Blue Pants L,,Jeans/Pants,75.0
10006468,11.99,0.0,1,0,XS,Tennessee Orange Gradient Tshirt,Unknown,Top,
10007959,24.0,6.0,1,0,,Tennessee Orange Shawl,,Top,75.0
10006227,17.99,0.0,1,1,XL,tennessee vols tshirt,Blue 84,Top,
10003472,24.99,0.0,1,1,14,Terra & Sky Sweater Blue,Terra & Sky,Sweater/Cardigan,
10007466,49.99,0.0,1,1,L,Tete Shiny Brass Spag Strap Dress,Tete a Tete,Dress,
10006505,24.99,0.0,1,0,M,Texture & Thread Olive Green SL Top,Texture & Thread,Top,
10006223,29.99,0.0,1,1,,textured beige crop top large,J For Justify,Top,
10004481,26.99,0.0,1,1,,Textured Terracotta Pull,Loveappella,Other,
10006219,18.99,0.0,1,0,,textured white brallette top small,Zara,Top,
10004958,22.99,0.0,1,0,S,Tezenis Blue Brown Lace Pattern Tank,Tezenis,Top,
10006659,32.99,0.0,1,0,S,TH Los Angeles Brown & Beige Dress,Thya Los Angeles,Dress,
10006908,26.99,0.0,1,0,13,ThadiaSoli DenimFlowerSkirt,Thadia Sodi,Skirt,
10003056,23.99,0.0,1,1,,The Absolute Legging,The Absolute Legging,Jeans/Pants,
10007786,24.99,0.0,1,0,2,The Limited Beige SL Dress,The Limited,Dress,
10007033,19.99,0.0,1,1,M,The Limited Blk Top Sleeveless,,Top,
10006396,16.99,0.0,1,1,,The Limited Colorful Braided Belt,The Limited,Accessories,
10005019,29.99,0.0,1,0,XS,The Limited Dark Gray Dot Blazer,The Limited,Jacket/Coat,
10006726,16.99,0.0,1,0,8,The Limited Floral Dress,The Limited,Dress,
10005848,24.99,0.0,1,1,XS,The Limited Hot Pink Tank,The Limited,Top,
10005584,18.0,0.0,1,0,XL,The Limited Off White Tank Blouse,The Limited,Top,
10003481,19.99,0.0,1,1,6,The Limited Pants Olive Green,The Limited,Jeans/Pants,
10004997,27.99,0.0,1,1,M,The Limited Peach Sprinkle Sweater,The Limited,Sweater/Cardigan,
10008167,19.99,8.0,1,1,L,The Limited Pink SS Floral Top,The Limited,Top,60.0
10004847,15.99,0.0,1,1,M,The Limited Red Pattern Silky Tank,The Limited,Top,
10007558,16.0,4.0,1,1,,The Limited Sleeveless Top Blue M,,Top,75.0
10007551,17.0,4.25,1,0,,The Limited Yellow Sleeveless XS,,Top,75.0
10002786,23.99,0.0,1,1,,The LimitedJacket,The Limited,Jacket/Coat,
10008509,33.99,21.5,1,0,,The Normal Pants Yellow White L,,Jeans/Pants,36.7
10004844,15.99,0.0,1,1,L,The North Face Blue Hoodie,The North Face,Other,
10005196,22.99,0.0,1,1,M,The North Face Blue Tshirt,The North Face,Top,
10002883,11.99,0.0,1,0,,The Rolling StonesTee Shirt_Ch,The Rolling Stones,Top,
10004556,75.0,0.0,1,1,,The Sak Black Fringe Purse Metal Hardware,The Sak,Accessories,
10007446,19.99,0.0,1,0,,The Sak Green Satchel,,Other,
10007108,22.99,0.0,1,0,,The Sak Hot Pink Bag,The Sak,Accessories,
10006856,19.99,0.0,1,0,M,The territory ahead white dress shirt,The Territory Ahead,Dress,
10006877,19.99,0.0,1,1,32,TheInnShop MulticolStripeShirt,The Inn Shop,Top,
10005059,24.99,0.0,1,1,S,TheLimited Ruffle Blouse Prpl,The Limited,Top,
10005287,21.99,0.0,1,0,M,TheLimited BlackLowbackTop,The Limited,Other,
10005301,12.99,0.0,1,0,M,TheLimited OffWhiShirt,The Limited,Top,
10004476,19.99,0.0,1,1,S,TheLimited Pink&WhButtonDown,The Limited,Other,
10005768,15.99,0.0,1,1,S,TheLimited PnkMulticolTop,The Limited,Other,
10007755,27.99,0.0,1,1,8,TheLimited PurpSequinSkirt,The Limited,Skirt,
10005999,22.99,0.0,1,0,XS,TheLimited WhiCardigan,The Limited,Sweater/Cardigan,
10003824,32.99,0.0,1,1,8,Theory Blk&Grey Midi Dress,Theory,Dress,
10007188,45.99,0.0,1,0,4,Theory Dress Black,,Dress,
10007236,39.99,0.0,1,1,8,Theory Dress Grey,,Dress,
10003821,30.99,0.0,1,1,2,Theory Patterned Pants,Theory,Jeans/Pants,
10003628,34.99,0.0,1,1,10,theory pant blk,Theory,Jeans/Pants,
10003903,21.99,0.0,1,0,S,TheOutfit White Floral Top,The Outfit,Top,
10003720,25.99,0.0,1,0,,TheSak Blk Deena Flap Bag,The Sak,Accessories,
10008555,26.99,0.0,1,1,,TheSak BlkSilverStitchBag,The Sak,Accessories,
10005997,45.99,0.0,1,0,,TheSak BrwnFloralBag,The Sak,Accessories,
10003595,15.99,0.0,1,0,,TheSak Grn&BlueBag,The Sak,Accessories,
10006764,27.99,0.0,1,1,,Think Tank Blk Wht Gry Prnt Dress Sz S,Think Tank,Dress,
10003969,17.99,0.0,1,1,L,ThirtyThirty Floral Babydoll,Thirty Thirty,Other,
10006062,24.99,0.0,1,1,XS,thirtythirty tank pnk,Thirty Thirty,Top,
10005601,24.99,0.0,1,0,S,THML Black & Orange Blouse,Thml,Top,
10003690,18.99,0.0,1,1,XS,THML Cream Sweater,Thml,Sweater/Cardigan,
10006038,55.99,0.0,1,0,S,THML Blk&WhipatternTop,Thml,Other,
10007914,21.99,0.0,1,1,S,Thread & Supply Jean Skirt,Thread & Supply,Skirt,
10007631,21.99,0.0,1,0,,Threads 91 Vols Windbreaker S,,Top,
10008117,25.99,0.0,1,1,XL,three yellow sleeveless blouse,Three,Top,
10005330,22.99,0.0,1,0,S,ThrEightyTwo BlueBlouse,Three Eighty Two,Top,
10004628,25.99,0.0,1,1,S,Through LA Blue & Orange Dress,Through Los Angeles,Dress,
10006710,26.99,0.0,1,1,10,Tiana B Pink Multicolor Dress,Tiana B.,Dress,
10008537,18.99,0.0,1,0,M,TicToc PinkWhiCorset,Tic Toc,Set,
10007812,25.99,0.0,1,1,,tie dye long cami 1X,Live 4 Truth,Top,
10006213,23.99,0.0,1,1,XXS,tiedye cropped tank,Deletta,Top,
10004770,25.99,0.0,1,0,,Timeson NWT White Pink Floral QS,Timeson,Other,
10005090,150.0,0.0,1,0,,Timmy Woods Tortoise Shell Purse,Timmy Woods,Accessories,
10003688,32.99,0.0,1,0,L,Tina Stephens Green Knit,Tina Stephens,Sweater/Cardigan,
10003960,29.99,0.0,1,1,XL,TipsyElves Blk Sequin Pant,Tipsy Elves NWT,Jeans/Pants,
10004335,31.99,0.0,1,1,S,TNF Burgundy Active Sweatshirt,The North Face,Top,
10004122,19.99,0.0,1,1,L,TNF Gry Razorback,The North Face,Other,
10004118,20.99,0.0,1,1,L,TNF Layered Top,The North Face,Top,
10004146,29.99,0.0,1,1,L,TNF Pink Pullover,The North Face,Sweater/Cardigan,
10004252,29.99,0.0,1,1,,TNF Pink ZipUp Jacket,The North Face,Jacket/Coat,
10005338,22.99,0.0,1,1,L,TNF Pink&WhiTop,The North Face,Other,
10006899,17.99,0.0,1,0,L,TNVolsTshirt,Unknown,Top,
10004773,32.99,0.0,1,1,,Toby Keith Straw Hat,Toby Keith,Accessories,
10006385,22.99,0.0,1,0,XS,Tommy Bahama Silver Belt,Tommy Bahama,Accessories,
10003700,26.99,0.0,1,1,M,Tommy Bahama Checkered ButtonDown,Tommy Bahama,Other,
10005596,22.99,0.0,1,1,S,Tommy H Black SL Blouse,Tommy Hilfiger,Top,
10007175,44.99,0.0,1,1,10,Tommy Hil Black SL Lace Dress,Tommy Hilfiger,Dress,
10003475,25.99,0.0,1,1,L,Tommy Hilfiger Cardigan Black,Tommy Hilfiger,Sweater/Cardigan,
10008725,15.99,4.25,1,1,,Tommy Hilfiger Pink Top XL,,Top,73.4
10007117,24.99,0.0,1,1,12,Tommy Hilfiger White Shorts,Tommy Hilfiger,Shorts,
10005152,24.99,0.0,1,1,M,Tommy Hilfiger Sweatshirt Pnk,Tommy Hilfiger,Top,
10004324,22.99,0.0,1,0,2,TommyH BlkFloralDress,Tommy Hilfiger,Dress,
10005400,14.99,0.0,1,1,L,TommyH RedStripeTshirt,Tommy Hilfiger,Top,
10007636,39.99,0.0,1,1,9.5,Toms Red White Blue Heels,Toms,Top,
10007478,28.99,0.0,1,1,L,Toni Morgan Blazer Red,,Jacket/Coat,
10004565,10.0,0.0,1,0,,Tony Lama Leather Brown Stitch Belt,Tony Lama,Accessories,
10005644,23.99,0.0,1,1,8,Topshop Black & White Dress,Topshop,Dress,
10005303,22.99,0.0,1,1,4,Topshop Black Crop Top Ruffle,Topshop,Top,
10005527,24.99,0.0,1,1,3,Torrid Black White Stitch Skirt,Torrid,Skirt,
10006754,35.99,0.0,1,1,1,Torrid Brown & Orange Sheer Cami,Torrid,Top,
10004579,15.99,0.0,1,1,00,Torrid Pink Velvet Sleeveless,Torrid,Top,
10005448,24.99,0.0,1,1,XXL,Torrid Sheer Floral Cover,Torrid,Other,
10007063,75.99,0.0,1,0,8,Tory Burch Brown Heels,Tory Burch,Top,
10005853,59.99,0.0,1,0,,Tory Burch Pink Blue Small Purse,Tory Burch,Accessories,
10007861,69.99,0.0,1,1,10,Tory Burch Yellow Colorful SL Dress,Tory Burch,Dress,
10003762,29.99,0.0,1,1,L,Touche Gray BW Sweater,Touche,Sweater/Cardigan,
10004555,25.99,0.0,1,0,,Town & Country VINTAGE Red Purse,Town & Country,Accessories,
10003624,24.99,0.0,1,1,M,trafaluc pant burgundy,Zara Trafaluc,Jeans/Pants,
10004193,35.99,0.0,1,1,,Traffic People Silver Animal Print Top,Traffic People,Top,
10006420,26.99,0.0,1,0,1,Travelers FlowerMulticolShirt,Travelers,Top,
10007963,22.0,5.5,1,1,,TraVida Black White Dress XL,,Dress,75.0
10005022,23.99,0.0,1,1,S,Treasure Rock Gray Jewel Bodycon Dress,Treasure Rock,Dress,
10005007,18.99,0.0,1,1,XS,Treasure Striped Dress SL,Treasure X Bond,Dress,
10004073,39.99,0.0,1,0,7,Trench Italian Boot Blk,Trench,Jacket/Coat,
10004069,60.0,0.0,1,1,8.5,Trendstep Ankle Boot,Trendstep,Shoes,
10005722,27.99,0.0,1,1,6,TRF Denim Skirt,TRF Denim Rules,Skirt,
10004927,22.99,0.0,1,0,14,Tribal BrownSkirt,Tribal,Skirt,
10006665,22.99,0.0,1,0,S,Tribe Azure Purple Flowly Romper,Tribe Azure,Romper/Jumpsuit,
10005439,28.99,0.0,1,0,S,TribeAzure Patchwork Pantsuit Dress,Tribe Azure,Dress,
10003393,19.99,0.0,1,0,6,Trillium Slip Dress Black,Trillium,Dress,
10007432,29.99,0.0,1,1,8,Trina Turk Black Shorts,,Shorts,
10004580,29.99,0.0,1,2,S,Trina Turk Burgundy,Trina Turk NWT,Other,
10005676,109.99,0.0,1,1,4,Trina Turk Dress Orange,,Dress,
10007200,21.99,0.0,1,1,L,Trixxi Multi Color Dress,,Dress,
10007743,27.99,0.0,1,0,M,Trixxi BlkPolkaDotDress,Trixxi,Dress,
10003671,12.99,0.0,1,1,,true religion bag blk,True Religion,Accessories,
10007513,24.99,0.0,1,1,,Truth by Republic Sweatshirt Blue S,,Top,
10005518,25.99,0.0,1,1,XL,Truth Multicolor Dress w Fun Sleeves,Truth,Dress,
10002687,35.99,0.0,1,1,,TruthJacket_Na,Truth,Jacket/Coat,
10005340,14.99,0.0,1,0,S,Tryst Blk&BlueTankTop,Tryst,Top,
10007460,27.99,0.0,1,1,M,TU10 Black & White SS Floral Dress,Tu 10,Dress,
10005397,25.99,0.0,1,1,L,tulip b skt dots,Tulip B,Other,
10007219,24.99,0.0,1,1,M,Tulle Pink Blue Black LS Dress,Tulle,Dress,
10003287,26.99,0.0,1,1,,Tulle Zip Up Sweater,Tulle,Sweater/Cardigan,
10007430,19.99,0.0,1,0,,Turks & Caicos White Cover Up Pants S,,Jeans/Pants,
10007407,8.99,0.0,1,0,,Turquoise Color Silver Ring,Unknown,Accessories,
10006316,25.99,0.0,1,0,L,Turquoise Wrap Skirt,Good Yarn,Skirt,
10008390,18.99,4.75,1,1,,Twenty One Multi-Color Top M,,Top,75.0
10003712,15.99,0.0,1,0,,Twine Braided Belt,Unknown,Accessories,
10007989,25.99,0.0,1,1,L,Two Piece Black Satin Tank & Shorts,Unknown,Shorts,
10004871,25.99,0.0,1,0,S,TwoPieceMultiColSequinSet,Unknown,Top,
10006162,18.99,0.0,1,0,S,TwoPiecePinkSet,Unknown,Set,
10003703,25.99,0.0,1,0,S,U.a. Fringe Top,U.A.,Top,
10006003,32.99,0.0,1,1,M,UCB BlkBttnDown,United Colors of Benetton,Other,
10005552,15.99,0.0,1,0,,UGG Neck Warmer,Ugg,Other,
10005149,22.99,0.0,1,0,M,UJA Collar Shirt Grey,Uja,Top,
10004570,22.99,0.0,1,1,L,Ultra P Black & Gold Longsleeve,Ultra Pink,Other,
10005173,24.99,0.0,1,1,S,UltraFlirt Puff Sweater Pnk&Blk,Ultra Flirt,Sweater/Cardigan,
10005290,21.99,0.0,1,0,S,UltraPink Blk&WhiTop,Ultra Pink,Other,
10007864,27.99,0.0,1,1,L,Umgee Orange & Tan Romper,Umgee,Romper/Jumpsuit,
10008246,16.0,4.0,1,1,,Umgee Purple SS Blouse M,,Top,75.0
10007581,24.99,0.0,1,1,12,Under Armor Blue Shorts,Under Armor,Shorts,
10006507,16.99,0.0,1,0,,Under Armor Camo Baseball Hat,Under Armor,Accessories,
10006286,16.99,0.0,1,1,M,Under Armor Gray Tshirt Red Stars,Under Armor,Top,
10007425,19.99,0.0,1,1,XL,Under Armor Jacket Black,,Jacket/Coat,
10004670,22.99,0.0,1,1,,under armor sweatsht gry lg,Under Armor,Other,
10004133,25.99,0.0,1,1,10,UnderArmour Blue Capris,Under Armor,Other,
10006755,32.99,0.0,1,0,L,Uniform Pink Green Silk SL Top,Uniform John Paul Richard,Top,
10008677,19.99,6.5,1,1,,Unique Orange Sleeveless Top XL,,Top,67.5
10005545,15.99,0.0,1,1,L,United States Sweaters Beige SS Cardigan,United States Sweaters,Sweater/Cardigan,
10002799,13.99,0.0,1,1,,United States SweatersSweater_R,United States Sweaters,Sweater/Cardigan,
10005793,15.99,0.0,1,0,6,UniThread BlackOverall,Universal Thread,Other,
10004919,26.99,0.0,1,0,M,Unity RedMulticolDress,Unity World Wear,Dress,
10008183,13.99,6.0,1,1,M,Universal T Orange Pink Halter Top,Universal Thread,Top,57.1
10008705,18.99,4.5,1,1,,Unknown Beige Black SS Sweater M,,Sweater/Cardigan,76.3
10003081,15.0,0.0,1,0,,Unknown Belt,Unknown,Accessories,
10006811,18.99,0.0,1,0,XL,Unknown Blaack Sleeveless Top,Unknown,Top,
10004176,15.99,0.0,1,1,,Unknown Black & Gold Metallic Top,Unknown,Top,
10008432,18.99,4.75,1,1,,Unknown Black Butterfly Sheer Top XXL,,Top,75.0
10008479,29.99,8.5,1,1,,Unknown Black Dress W Sequin M,,Dress,71.7
10005794,50.0,0.0,1,1,8,Unknown Black Gown,Unknown,Dress,
10008760,15.0,3.75,1,1,,Unknown Black Lace Top M,,Top,75.0
10008640,15.99,4.0,1,1,M,Unknown Black Pants,,Jeans/Pants,75.0
10008494,18.99,5.3,1,1,L,Unknown Black Skirt,,Skirt,72.1
10007592,17.99,0.0,1,0,M,Unknown Black Top,,Top,
10008758,22.0,6.0,1,1,,Unknown Black White Dress S,,Dress,72.7
10007438,12.99,0.0,1,0,XL,Unknown Black White Dress,,Dress,
10003458,17.99,0.0,1,1,S,Unknown Bodysuit Black,Unknown,Top,
10003414,17.99,0.0,1,1,S,Unknown Camisole Beige,Unknown,Top,
10003379,16.99,0.0,1,0,,Unknown Camisole Light Blue M,Unknown,Top,
10003383,19.99,0.0,1,2,M,Unknown Camisole White,Unknown,Top,
10007035,24.99,0.0,1,1,L,Unknown Chinese Trad Top,Unknown,Top,
10008689,19.99,6.0,1,1,,Unknown Faux Suede Vest XXL,,Top,70.0
10005374,24.99,0.0,1,1,M,Unknown Floral Tank Top,Unknown,Top,
10005371,24.99,0.0,1,1,S,Unknown Gray White Blk Marbled Top,Unknown,Top,
10008395,22.99,5.75,1,0,6,Unknown Green Dress,,Dress,75.0
10003418,23.99,0.0,1,1,M,Unknown Grey Multi Color Dress,Unknown,Dress,
10003532,28.99,0.0,1,1,L,Unknown Jacket Green,Unknown,Jacket/Coat,
10006320,15.99,0.0,1,0,M,Unknown Knit Vest w Flowers,Unknown,Sweater/Cardigan,
10007957,13.0,6.5,1,0,,Unknown Lt Grey LS Top M,,Top,50.0
10007240,9.99,0.0,1,1,L,Unknown Multi-Color Tank Top,,Top,
10008693,23.99,7.0,1,1,,Unknown Orange Sweater M,,Sweater/Cardigan,70.8
10007964,16.0,4.0,1,1,,Unknown Pink Cardigan M,,Sweater/Cardigan,75.0
10008252,14.99,4.0,1,0,,Unknown Purple SS Top M,,Top,73.3
10008757,35.0,8.75,1,1,,Unknown Purple Top S,,Top,75.0
10007027,14.99,0.0,1,1,M,Unknown Red Floral Crop Tank,Unknown,Top,
10007405,10.99,0.0,1,1,,Unknown Red Rose Purse,Unknown,Accessories,
10005247,15.99,0.0,1,0,S,Unknown Red Top,Unknown,Top,
10003526,26.99,0.0,1,1,L,Unknown Skirt Black,Unknown,Skirt,
10005826,22.99,0.0,1,1,M,Unknown Sleeveless Blue Floral Top,Unknown,Top,
10003391,19.99,0.0,1,0,,Unknown Slip Dress Light Blue S,Unknown,Dress,
10004647,24.99,0.0,1,0,M,Unknown Tan and Red Sheer Dress,Unknown,Dress,
10007093,7.99,0.0,1,0,,Unknown Tan Hat,Unknown,Accessories,
10008692,19.99,6.0,1,1,,Unknown Turquoise Coverall XL,,Other,70.0
10008028,56.0,14.0,1,1,M,Unknown Vintage Black Dress S,,Dress,75.0
10003376,14.99,0.0,1,1,L,Unknown White Camisole,Unknown,Top,
10003375,14.99,0.0,1,0,M,Unknown White Camisole,Unknown,Top,
10003419,17.99,0.0,1,0,M,Unknown White Camisole,Unknown,Top,
10008431,19.99,5.0,1,1,M,Unknown White Sleeveless Top S,,Top,75.0
10003421,17.99,0.0,1,0,S,Unknown White Slip Dress,Unknown,Dress,
10008646,15.99,4.0,1,1,,Unknown White Top XS,,Top,75.0
10008220,25.99,8.99,1,1,,Unknown Yellow Boho Dress L,,Dress,65.4
10006078,18.99,0.0,1,1,M,unknown.tank floral,Unknown,Top,
10004686,32.99,0.0,1,0,,unknown belt bwn sprk,Unknown,Accessories,
10005858,14.99,0.0,1,0,,unknown belt dark leather,Unknown,Accessories,
10005813,14.99,0.0,1,0,,unknown belt leather,Unknown,Accessories,
10005859,16.99,0.0,1,0,,unknown belt multicolor leather,Unknown,Accessories,
10005811,18.99,0.0,1,0,,unknown belt pnk&brwn,Unknown,Accessories,
10005860,15.99,0.0,1,0,,unknown belt silver metal,Unknown,Accessories,
10005348,12.99,0.0,1,0,M,unknown bls blk,Unknown,Top,
10006072,34.99,0.0,1,1,M,unknown bls shearblk,Unknown,Top,
10006068,21.99,0.0,1,1,S,unknown bls ylworg,Unknown,Top,
10006060,35.99,0.0,1,1,S,unknown dress shrt navy,Unknown,Dress,
10005380,39.99,0.0,1,0,M,unknown dress org flw,Unknown,Dress,
10005482,12.99,0.0,1,1,,unknown hat blk,Unknown,Accessories,
10005481,10.99,0.0,1,0,,unknown hat brgndy,Unknown,Accessories,
10005379,25.99,0.0,1,0,S,unknown skt set teal org,Unknown,Set,
10005486,22.99,0.0,1,1,M,unknown tank beige,Unknown,Top,
10006071,15.99,0.0,1,0,M,unknown tank blk,Unknown,Top,
10005485,13.99,0.0,1,1,S,unknown tank floral,Unknown,Top,
10004885,24.99,0.0,1,0,XL,unknown top plad,Unknown,Top,
10002024,24.99,0.0,1,0,,unknownDress_BC,Unknown,Dress,
10002049,1.0,0.0,1,0,,unknownDress_BC,Unknown,Dress,
10002918,1.0,0.0,1,0,,unknownDress_BC,Unknown,Dress,
10002993,29.99,0.0,1,1,,unknownDress_BC,Unknown,Dress,
10000765,18.99,0.0,1,1,,unknowndress_To,Unknown,Dress,
10001055,32.99,0.0,1,0,,unknowndress_To,Unknown,Dress,
10001689,1.0,0.0,1,0,,unknowndress_To,Unknown,Dress,
10002936,29.99,0.0,1,0,,unknowndress_To,Unknown,Dress,
10002561,35.99,0.0,1,1,,unknownJacket_Si,Unknown,Jacket/Coat,
10002794,24.99,0.0,1,1,,unknownJacket_So,Unknown,Jacket/Coat,
10000091,16.99,0.0,1,0,,unknownLS Top,Unknown,Top,
10000933,1.0,0.0,1,0,,unknownLS Top,Unknown,Top,
10001017,1.0,0.0,1,0,,unknownLS Top,Unknown,Top,
10001033,1.0,0.0,1,0,,unknownLS Top,Unknown,Top,
10001034,1.0,0.0,1,0,,unknownLS Top,Unknown,Top,
10001152,1.0,0.0,1,0,,unknownLS Top,Unknown,Top,
10001161,1.0,0.0,1,0,,unknownLS Top,Unknown,Top,
10001259,1.0,0.0,1,0,,unknownLS Top,Unknown,Top,
10001299,1.0,0.0,1,0,,unknownLS Top,Unknown,Top,
10001330,1.0,0.0,1,0,,unknownLS Top,Unknown,Top,
10001480,1.0,0.0,1,0,,unknownLS Top,Unknown,Top,
10001641,1.0,0.0,1,0,,unknownLS Top,Unknown,Top,
10001987,1.0,0.0,1,0,,unknownLS Top,Unknown,Top,
10001999,29.99,0.0,1,1,,unknownLS Top,Unknown,Top,
10002381,1.0,0.0,1,0,,unknownLS Top,Unknown,Top,
10002486,13.99,0.0,1,0,,unknownLS Top,Unknown,Top,
10002598,15.99,0.0,1,0,,unknownLS Top,Unknown,Top,
10002795,19.99,0.0,1,1,,unknownLS Top,Unknown,Top,
10002960,24.99,0.0,1,0,,unknownLS Top,Unknown,Top,
10004044,12.99,0.0,1,1,,unknownLS Top_unn,Unknown,Top,
10002004,39.99,0.0,1,1,,unknownSkirt_12,Unknown,Skirt,
10000728,1.0,0.0,1,0,,unknownskirt_Ju,Unknown,Skirt,
10001264,1.0,0.0,1,0,,unknownskirt_Ju,Unknown,Skirt,
10002389,21.99,0.0,1,0,,unknownskirt_Ju,Unknown,Skirt,
10002646,15.99,0.0,1,1,,unknownSweater_Ji,Unknown,Sweater/Cardigan,
10000177,1.0,0.0,1,0,,unknownSweater_Li,Unknown,Sweater/Cardigan,
10000732,1.0,0.0,1,0,,unknownSweater_Li,Unknown,Sweater/Cardigan,
10002625,18.99,0.0,1,0,,unknownSweater_Li,Unknown,Sweater/Cardigan,
10001748,24.99,0.0,1,1,,unknownSweatshirt_Ke,Unknown,Top,
10004017,11.99,0.0,1,1,,unknownTank Top_Ux,Unknown,Top,
10003078,15.0,0.0,1,1,,unknownThick Black Belt_Un,Unknown,Accessories,
10003230,24.99,0.0,1,1,,unknownTurquoise & Silver Necklace,Unknown,Accessories,
10005342,25.99,0.0,1,0,M,unkown dress red,Unknown,Dress,
10006564,19.99,0.0,1,0,S,Urban Behavior Multicolor Sheer Tank,Urban Behavior,Top,
10005845,22.99,0.0,1,0,M,Urban O Green Purple Sheer Tank,Urban Outfitters,Top,
10007171,27.99,0.0,1,1,L,Urban Out Oranges Gray Skirt,Urban Outfitters,Skirt,
10007912,23.99,0.0,1,1,XS,Urban Out Snakeskin Dress,Urban Outfitters,Dress,
10004177,25.99,0.0,1,0,XS,Urban Outfitters Black Floral Dress,Urban Outfitters,Dress,
10006277,23.99,0.0,1,1,XS,Urban Outfitters Black Floral Top,Urban Outfitters,Top,
10005249,12.99,0.0,1,1,S,Urban Outfitters Bralette Light Blue,Urban Outfitters,Other,
10003461,27.99,0.0,1,1,M,Urban Outfitters Dress Tan,Urban Outfitters,Dress,
10005514,22.99,0.0,1,0,M,Urban Outfitters Multi Color SL Dress,Urban Outfitters,Dress,
10007076,18.99,0.0,1,1,10,Urban Outfitters Tan Sandals,Urban Outfitters,Top,
10008387,21.99,5.5,1,1,,Urban Outfitters White Top S,,Top,75.0
10007547,16.0,0.0,1,1,,Urban Outfitters Yellow Top M,,Top,
10005198,12.99,0.0,1,0,L,Urban Romantics White Crop Top,Urban Romantics,Top,
10005489,25.99,0.0,1,0,XS,urban shear top blk rose,Urban Outfitters,Top,
10006943,21.99,0.0,1,0,S,UrbanOut MulticolSTripeShirt,Urban Outfitters,Top,
10004511,14.99,0.0,1,0,L,UrbanOutfitters Grn Skirt,Urban Outfitters,Skirt,
10005174,28.99,0.0,1,0,XS,UrbanOutfitters Butterfly Dress Brwn,Urban Outfitters,Dress,
10004875,12.99,0.0,1,0,,urbn crp tp rd sp,Urban Outfitters,Other,
10008614,22.99,5.75,1,1,14,US Polo Pink Pants,,Jeans/Pants,75.0
10003787,39.99,0.0,1,1,16,Uskees Jean Overalls,Uskees,Jeans/Pants,
10006317,12.99,0.0,1,0,L,UT Shorts Orange,Champion,Shorts,
10004898,12.99,0.0,1,0,M,UTKtshirt,Unknown,Top,
10005904,32.99,0.0,1,0,8,V Cristina Embroidered Jeans,V Cristina,Jeans/Pants,
10004147,21.99,0.0,1,1,,V Fraas Pattern Scarf,V. Fraas,Accessories,
10007637,25.99,0.0,1,0,8.5,V Italia Colorful Sandals,V Italia,Top,
10007769,750.0,0.0,1,1,,Valentino Beige Purse with Gold Studs,Valentino,Accessories,
10007761,645.0,0.0,1,1,,Valentino tan purse,Valentino,Accessories,
10007882,56.0,14.0,1,1,,Valentino's Black White Pants S,,Jeans/Pants,75.0
10007797,39.99,0.0,1,1,,valerie stevens casual floral pant 12p,Valerie Stevens,Jeans/Pants,
10007898,24.99,4.25,1,1,,Vaneli Leopard Flats 8,,Shoes,83.0
10004869,22.99,0.0,1,0,25,VanillaStar BlackMiniSkirt,Vanilla Star,Skirt,
10004569,19.99,0.0,1,1,XL,Vanity Burgundy Sleeveless Top Sequin,Vanity,Top,
10003938,29.99,0.0,1,1,M,Vanity Fair Beige Slip,Vanity Fair,Other,
10004149,30.99,0.0,1,1,L,Vanity Fair Beige Slip Dress,Vanity Fair,Dress,
10003674,15.99,0.0,1,0,38,vanity fair ngt gwn cream,Vanity Fair,Other,
10007068,28.99,0.0,1,1,7.5,Vans Checkerboard Pink Shoes,,Shoes,
10006395,25.99,0.0,1,0,,Vanzetti Brown Suede Studded Belt,Vanzetti,Accessories,
10005849,24.99,0.0,1,0,14,Venezia Brown Tank,Venezia Jeans,Top,
10007211,28.99,0.0,1,1,16,Venezia Jeans Gray,Venezia Jeans,Jeans/Pants,
10004029,19.99,0.0,1,1,,Venezia JeansTee Shirt_Vnz,Venezia Jeans,Jeans/Pants,
10005359,28.99,0.0,1,0,8,ventilo la colline bls prp,Ventilo La Colline,Top,
10007712,21.99,0.0,1,0,S,Venue Crochet SS Top Cardigan,Venue,Sweater/Cardigan,
10008430,28.99,7.25,1,1,,Venus Pink Faux Leather Jacket M,,Jacket/Coat,75.0
10006442,12.99,0.0,1,0,,vera bradley fabric belt,Vera Bradley,Accessories,
10005137,12.99,0.0,1,1,,Vera Bradley Yellow Pattern Case,Vera Bradley,Other,
10005138,35.99,0.0,1,1,,Vera Bradley Yellow Pattern Large Tote,Vera Bradley,Accessories,
10003084,17.99,0.0,1,1,,Vera Pelle 1985 Belt_Ve,Vera Pelle,Accessories,
10008425,23.99,6.0,1,1,,Vera Wang Black Stretch Pants 8,,Jeans/Pants,75.0
10003640,31.99,0.0,1,1,,VeraBradley MulticolorBag,Vera Bradley,Accessories,
10005971,135.99,0.0,1,0,7.5,Vero Cuoio Metal Toe Boots,Vero Cuoio,Shoes,
10002322,25.99,0.0,1,1,,Vero ModaLS Top_Pl,Vero Moda,Top,
10005843,35.99,0.0,1,1,M,Veronicam Orange & Purple Dress,Veronicam,Dress,
10007849,19.99,0.0,1,1,6,Versona Purple Pants,,Jeans/Pants,
10005349,25.99,0.0,1,1,S,vertical club skrt grn,Vertical Club,Skirt,
10004658,45.99,0.0,1,1,L,VerticeC BlkGemJacket,Vertice Couture,Jacket/Coat,
10005641,45.99,0.0,1,0,XS,Vertigo Black SL Top,Vertigo,Top,
10002861,39.99,0.0,1,1,,VertigoSweater_Ur,Vertigo,Sweater/Cardigan,
10003956,29.99,0.0,1,1,S,Verty Sequin Sleeveless Shirt NWT,Verty,Top,
10006453,23.99,0.0,1,1,12,Verve Blues Pink Pants,Verve Blues,Jeans/Pants,
10004475,22.99,0.0,1,1,25,Vervet PinkRustPant,Vervet,Jeans/Pants,
10005573,21.99,0.0,1,1,L,Very J Orange SL Top,Very J,Top,
10005638,25.99,0.0,1,1,S,Via S White Tank,Via Signoria,Top,
10005229,24.99,0.0,1,1,XL,Via Signoria Sleeveless White Top Real,Via Signoria,Top,
10006311,28.99,0.0,1,0,S,Vici Hot Pink LS Crop Top,Vici,Top,
10006116,24.99,0.0,1,0,M,Vici Red&PnkFloralDress,Vici,Dress,
10005468,25.99,0.0,1,1,S,VictorCosta BlueBlouse,Victor Costa,Top,
10007118,22.99,0.0,1,1,S,Victoria & Sophia White SS Dress w Flowers,Victoria & Sophia,Dress,
10007176,49.99,0.0,1,1,XL,Victoria Beckham Mint Green LS Dress,Victoria Beckham,Dress,
10008504,19.99,6.3,1,1,,Victoria Secret Floral Lace Cami S,,Top,68.5
10007454,25.99,0.0,1,0,XL,Victoria Secret purple tanktop,Victoriaxs Secret,Top,
10003832,19.99,0.0,1,1,S,Victoria Secret Sweater,Victoriaxs Secret,Sweater/Cardigan,
10002352,15.99,0.0,1,1,,Victoria SecretCami,Victoriaxs Secret,Top,
10006757,35.99,0.0,1,0,M,Victoria's S Black Corset Top,Victoriaxs Secret,Top,
10002402,24.99,0.0,1,1,,Victorias Secret,Victoriaxs Secret,Other,
10004650,15.99,0.0,1,0,M,VictoriaS BlkcroppedTop,Victoriaxs Secret,Other,
10001200,18.99,0.0,1,0,,Victoriaxs SecretSlip_Ta,Victoriaxs Secret,Other,
10007726,28.99,0.0,1,1,38,Victorious Jeans,Victorious,Jeans/Pants,
10007371,70.99,0.0,1,1,,VinatageGoldTonedFilagreeChoker,,Other,
10007863,44.99,0.0,1,1,7,Vince Black & Gold Leather Boots,Vince Camuto,Shoes,
10007872,24.99,0.0,1,1,M,Vince Black Sheer LS,Vince,Top,
10003791,18.99,0.0,1,1,6,Vince Black Skirt,Vince,Skirt,
10004202,47.99,0.0,1,0,8,Vince C Black Jumpsuit,Vince Camuto,Romper/Jumpsuit,
10005131,24.99,0.0,1,1,6,Vince C Green Off Shoulder Dress,Vince Camuto,Dress,
10008174,29.99,6.0,1,1,S,Vince C Orange SL Top,Vince Camuto,Top,80.0
10005660,15.99,0.0,1,1,L,Vince C Red Sleevless,Vince Camuto,Top,
10005902,32.99,0.0,1,-1,,Vince camuto,,Other,
10003353,79.99,24.99,1,1,M,Vince Camuto Black Boots,Vince Camuto,Shoes,68.8
10003558,64.99,12.99,1,1,7,Vince Camuto Boots Pink 1,Vince Camuto,Shoes,80.0
10007974,22.0,5.5,1,0,,Vince Camuto SS Top Pink L,,Top,75.0
10007619,28.99,0.0,1,1,12,Vince Camuto White Dress,,Dress,
10005360,25.99,0.0,1,2,L,vince camuto bls blu,Vince Camuto,Top,
10003619,45.99,0.0,1,1,2,vince camuto boots blk 6 1,Vince Camuto,Shoes,
10005640,12.99,0.0,1,1,XS,Vince Multicolor SL Tank,Vince Camuto,Top,
10004157,33.99,0.0,1,1,6.5,Vince Tan Heels,Vince Camuto,Top,
10004323,38.99,0.0,1,1,7,VinceCamuto Blk&RedBoots,Vince Camuto,Shoes,
10007220,39.99,0.0,1,1,16,Vineyard Vines Blue SS Dress,Vineyard Vines,Dress,
10006765,35.99,0.0,1,1,XXS,Vineyard Vines Pink Dress,Vineyard Vines,Dress,
10003667,32.99,0.0,1,1,6,vineyard vines button down clr plad,Vineyard Vines,Other,
10004939,21.99,0.0,1,1,10,VineyardV PlaidBttndwn,Vineyard Vines,Other,
10008492,99.99,5.4,1,1,,Vint 70's Reversible Maxi Skirt M,,Skirt,94.6
10007506,23.99,0.0,1,1,,Vint Carolina Colours Brown Top M,,Top,
10008465,49.99,8.0,1,1,,Vint Gilligan&O'Malley Night M,,Other,84.0
10008483,49.99,8.5,1,1,,Vint Joan Curtis Red Dress 10,,Dress,83.0
10008615,65.99,16.5,1,1,,Vint Plenty Frock Beige Dress 2,,Dress,75.0
10008482,32.99,8.5,1,1,,Vint. 80's Pink Sequin Fringe Top M,,Top,74.2
10008484,64.99,7.99,1,1,,Vint. Morton Myles Pink Polka 6,,Other,87.7
10006474,59.99,0.0,1,0,9,VINTAGE 2 Piece Bogart Brown Set,Bogart of Texas,Set,
10005056,25.99,0.0,1,0,XL,VINTAGE 2 Piece Karin Brw Gr Polka Dot,Karin Stevens,Other,
10005126,25.99,0.0,1,1,M,VINTAGE 2 Piece Set Black w Pink Flw,Premier International,Set,
10006248,24.99,0.0,1,1,7,VINTAGE 70s Pants,,Jeans/Pants,
10006578,150.0,0.0,1,0,,VINTAGE 90s Rafe Designer Handbag,Rafe Designer,Accessories,
10008462,49.99,13.0,1,1,,Vintage Alyn Paige Blue Dress 10,,Dress,74.0
10005097,28.99,0.0,1,0,M,VINTAGE Beige Pink Floral LS Dress,Unknown,Dress,
10004535,39.99,0.0,1,0,S,VINTAGE Beige Slip Dress Embr,,Dress,
10008143,28.99,8.0,1,1,L,vintage Bentley grey floral skirt,Bentley,Skirt,72.4
10008128,36.99,9.0,1,1,,Vintage Berek Black Jacket S,,Jacket/Coat,75.7
10006255,38.99,0.0,1,1,,VINTAGE Betsey Johnson Purse Floral,Betsey Johnson,Accessories,
10007813,24.99,0.0,1,1,S,vintage black and white jacket,Nardis,Jacket/Coat,
10005697,22.99,0.0,1,0,L,VINTAGE Black Blouse Gold Leaf,Unknown,Top,
10007113,22.99,0.0,1,0,S,VINTAGE Black SL Dress with White Flowers,Unknown,Dress,
10003908,39.99,0.0,1,0,M,VINTAGE Blk&Gld Night Slip,Unknown,Other,
10007485,19.99,0.0,1,1,L,Vintage Blue 1 4 Zip LS Top,,Top,
10005966,34.99,0.0,1,0,12,VINTAGE Blue Pattern LS Dress,Unknown,Dress,
10007671,90.0,0.0,1,1,14,VINTAGE Blue SL Dress,Unknown,Dress,
10004526,65.0,0.0,1,1,XL,VINTAGE Blue Sleeveless Flw,,Top,
10008096,10.99,0.0,1,1,,vintage bown leather belt,Unknown,Accessories,
10007540,28.99,0.0,1,1,,Vintage Brown Floral Dress M,,Dress,
10006552,35.99,0.0,1,0,,VINTAGE Brown Yellow Floral Umbrella,Unknown,Other,
10008224,24.99,9.99,1,0,,Vintage Carol Chase LS Blouse 10,,Top,60.0
10008091,10.99,0.0,1,1,M,vintage catalina sportswear tanktop,Catalina,Top,
10008181,31.99,8.0,1,1,XS,VINTAGE Cheetah Underskirt,Unknown,Skirt,75.0
10008409,29.99,7.5,1,0,L,VINTAGE City T Blue Floral Dress,City Triangles,Dress,75.0
10006772,75.99,0.0,1,0,,Vintage Club 515 Yellow Floral Dress Sz M,Club 515,Dress,
10005854,145.99,0.0,1,0,,VINTAGE Coach Legacy Tote,Coach,Accessories,
10003432,225.0,0.0,1,0,,VINTAGE Coach Pink Soho Flap Bag,Coach,Accessories,
10006497,335.0,300.28,1,1,,Vintage Coach Pink Suede Baguette,,Accessories,10.4
10007598,424.99,0.0,1,1,,Vintage Coach SoHo Pink Optic,,Other,
10003682,375.0,0.0,1,1,,VINTAGE coach daphne purse lg,Coach,Accessories,
10005857,25.99,0.0,1,0,,vintage coach purse green,Coach,Accessories,
10006679,39.99,0.0,1,0,S,VINTAGE Collage Green Plaid Buttonup,Collage,Other,
10006197,19.99,0.0,1,1,,vintage coral dress shirt small,Antilia Femme,Dress,
10004544,110.0,0.0,1,1,M,VINTAGE Cream Dress w Flowers,,Dress,
10006449,49.99,0.0,1,0,S,VINTAGE Cream Pink Blue Sheer Dress,Unknown,Dress,
10007324,32.99,0.0,1,0,12,VINTAGE Depeche Blk PolkaDot Top,Depeche Mode,Top,
10008531,42.99,0.0,1,1,,Vintage Dorset Compact Mirror,Dorset,Set,
10006688,64.99,0.0,1,0,XS,VINTAGE Duckhead Jean Striped Overalls,Duckhead,Jeans/Pants,
10008104,39.99,0.0,1,1,M,vintage eedra purple sweater dress,Eedra,Dress,
10004545,50.0,0.0,1,1,,VINTAGE Elan Pink Chiffon Sleeveless ONE SIZE,Elan,Top,
10003723,29.99,0.0,1,1,42,VINTAGE endear barbizon ngt gwn white,Barbizon,Other,
10006302,24.99,0.0,1,0,9,VINTAGE First Glance Red LS,First Glance,Top,
10008099,35.99,0.0,1,1,M,vintage floral dress,Unknown,Dress,
10006274,45.99,0.0,1,0,12,VINTAGE Floral Orange Tan Shirt,Unknown,Top,
10008102,33.99,0.0,1,1,10,vintage forenza flowy pant,Forenza,Jeans/Pants,
10008529,64.99,0.0,1,1,,Vintage Gold Floral Compact Mirror,Unknown,Other,
10007275,24.99,0.0,1,0,4,Vintage Goth Dress,,Dress,
10004173,130.0,0.0,1,0,M,Vintage Graphic Tunic Black,Miss Sixty,Other,
10006192,15.99,0.0,1,1,,vintage green and plaid shirt medium,Just Arrived,Top,
10006458,59.99,0.0,1,0,XS,VINTAGE Green Jumpsuit,Unknown,Romper/Jumpsuit,
10008095,39.99,0.0,1,1,XS,vintage green sweater dress,Unknown,Dress,
10008103,33.99,0.0,1,1,XS,vintage grey pant,Unknown,Jeans/Pants,
10007184,49.99,0.0,1,0,S,Vintage Grey Vest,,Top,
10008098,35.99,0.0,1,1,M,vintage heather&tweed sweater,Heather&Tweed,Sweater/Cardigan,
10008447,29.99,16.99,1,1,,Vintage Hem&Thread White Skirt S,,Skirt,43.3
10005053,15.99,0.0,1,0,,VINTAGE Hot Pink Beaded Purse,Unknown,Accessories,
10006450,34.99,0.0,1,1,XL,VINTAGE Ilyssa M Pink Yellow LS Chain,Ilyssa Maxx,Top,
10008231,32.99,8.0,1,1,,Vintage Impressions of Cal. Pink Top 12,,Top,75.8
10008739,65.0,16.25,1,1,,Vintage Italy Diffusion24 Gold S,,Other,75.0
10005185,22.99,0.0,1,1,L,VINTAGE JaneAshley BttnDwn Pnk,Jane Ashley,Other,
10008094,35.99,0.0,1,1,36,vintage joyce bergendy sweater dress,Joyce,Dress,
10006514,39.99,0.0,1,0,11,VINTAGE JR Bazaar Black Colorful Skirt,JR Bazaar,Skirt,
10008105,35.99,0.0,1,0,5,vintage kids green dress,Unknown,Dress,
10008089,29.99,0.0,1,1,XS,vintage knit navy skirt,Unknown,Skirt,
10008088,22.99,0.0,1,1,S,vintage knit sweater,Unknown,Sweater/Cardigan,
10008086,28.99,0.0,1,1,XS,vintage knit tanktop,Unknown,Sweater/Cardigan,
10006464,27.99,0.0,1,1,10,VINTAGE Lady Manh Black & W Paisley Top,Lady Manhattan,Top,
10004080,18.99,0.0,1,0,L,VINTAGE Lady O Red Striped Shortsleeve,Lady O,Shorts,
10002042,35.99,0.0,1,1,,VINTAGE LadyB Sequin Skirt,Lady Bxs,Skirt,
10006495,74.99,0.0,1,0,,Vintage Lamp Black & Brown,,Other,
10008522,29.99,21.9,1,1,,Vintage Lauren Rogers Satin Cami S,,Top,27.0
10007164,59.99,0.0,1,1,S,Vintage Levi's Yellow Pants,,Jeans/Pants,
10006773,65.99,0.0,1,0,M,Vintage Light Blue Lace Dress,Unknown,Dress,
10006454,39.99,0.0,1,0,M,VINTAGE Lily Pink LS Buttondown,Lily,Top,
10006172,25.99,0.0,1,1,M,vintage long sleeve blouse,Unknown,Top,
10006169,25.99,0.0,1,1,M,vintage long sleeve purple blouse,Sears,Top,
10004199,42.99,0.0,1,0,L,VINTAGE Luisa Spagnoli Top Blck,Louisa Spagnoli,Top,
10006479,49.99,0.0,1,0,M,VINTAGE Magica Blue 2 Piece Set,Magica,Set,
10008532,52.99,0.0,1,1,,Vintage Makeup Compact,Unknown,Other,
10007096,22.99,0.0,1,0,,Vintage Marino Orlandi Italian Leather Bag AS IS,Marino Orlandi,Accessories,
10004513,50.0,0.0,1,0,,VINTAGE MaryFrances Hndbg,Mary Frances,Other,
10006289,25.99,0.0,1,0,M,VINTAGE Maverick Jean Blazer,Maverick,Jeans/Pants,
10006498,89.99,0.0,1,1,XS,Vintage Mitcom Porsche Jacket,,Jacket/Coat,
10006475,37.99,0.0,1,0,L,VINTAGE MJ Soffe TN Orange Crewneck,M.J. Soffe,Other,
10008800,89.99,25.0,1,1,L,Vintage Mod Floral Dress,,Dress,72.2
10007230,85.99,0.0,1,1,L,Vintage Multi-Color Dress,,Dress,
10003819,54.99,0.0,1,1,M,VINTAGE Multicolor Skirt,Zapa,Skirt,
10006175,25.99,0.0,1,1,14,vintage navy blouse,Belle,Top,
10006179,22.99,0.0,1,1,,vintage navy skirt small,Unknown,Skirt,
10008106,22.99,0.0,1,1,M,vintage navy sweater dress,Unknown,Dress,
10006447,29.99,0.0,1,1,11,VINTAGE Orange Multicolor LS,Unknown,Top,
10006170,32.99,0.0,1,0,M,vintage pant suit set,Mannerism,Jeans/Pants,
10004538,35.99,0.0,1,0,M,VINTAGE Paper Doll Pink Longsleeve Pattern,Paper Doll,Other,
10008109,26.99,0.0,1,1,S,vintage patchwork jumpsuit,Unknown,Romper/Jumpsuit,
10008110,33.99,0.0,1,1,,vintage patchwork skirt s-m,Unknown,Skirt,
10006477,27.99,0.0,1,1,4,VINTAGE Peach & White Wrap Skirt,Unknown,Skirt,
10008476,24.99,8.0,1,1,L,Vintage Pink Babydoll Nightgown M,,Dress,68.0
10006770,115.0,0.0,1,1,XS,Vintage Pink Dress,Unknown,Dress,
10007345,15.99,0.0,1,1,,Vintage Pink Enamel Bangle Gold,Unknown,Other,
10006171,24.99,0.0,1,1,M,vintage pink gown,Unknown,Dress,
10007307,135.0,0.0,1,1,S,VINTAGE Pink Lilac LS Dress,Unknown,Dress,
10006196,25.99,0.0,1,1,,vintage pink shear robe small,Unknown,Other,
10008100,35.99,0.0,1,0,9,vintage pink sweater dress with belt,Unknown,Dress,
10008108,12.99,0.0,1,1,XS,vintage plaid pants,Unknown,Jeans/Pants,
10007879,66.0,16.5,1,1,,Vintage Polka Dot Dress S,,Dress,75.0
10008097,35.99,0.0,1,1,10,vintage Private Label tan blouse,Private Label,Top,
10006181,21.99,0.0,1,0,,vintage purple patterned pants small,Unknown,Jeans/Pants,
10008101,35.99,0.0,1,1,M,vintage purple sweater,Unknown,Sweater/Cardigan,
10007409,10.99,0.0,1,1,,Vintage Red Flower Ring,Unknown,Accessories,
10008107,29.99,0.0,1,1,M,vintage red knit skirt,Unknown,Skirt,
10006183,18.99,0.0,1,1,,vintage red night set small,Unknown,Set,
10005696,24.99,0.0,1,1,M,VINTAGE Reversible Black Blue Top,Unknown,Top,
10006249,20.0,0.0,1,0,,VINTAGE Revlon Gold Compact 1960s,Revlon,Other,
10006480,39.99,0.0,1,1,10,VINTAGE Rhoda Lee Blue Polka Dot Top,Rhoda Lee,Top,
10007839,45.0,0.0,1,0,,VINTAGE Saks 5th Ave Makeup Compact,Saks 5Th Ave,Other,
10007410,18.99,0.0,1,1,,Vintage Sarah Coventry Ring,Sarah Coventry,Accessories,
10003924,27.99,0.0,1,1,S,VINTAGE Satin Intimate Pant,Hydons,Jeans/Pants,
10008180,31.99,8.0,1,1,S,VINTAGE Sheer Cheetah Print Skirt,Unknown,Skirt,75.0
10007471,74.99,0.0,1,0,S,VINTAGE Shiny Pink Green SS Dress,Unknown,Dress,
10006490,59.99,0.0,1,1,S,VINTAGE Shirley Brown Owl T,Shirley Gadol,Other,
10005051,32.99,0.0,1,0,,VINTAGE Stradivarius Leather Purse,Stradivarius,Accessories,
10006777,45.99,0.0,1,1,S,Vintage Striped Overalls,Unknown,Top,
10005129,15.99,0.0,1,0,M,VINTAGE Studio 1940 Satin Pink Buttondown,Studio 1940,Other,
10006771,85.99,0.0,1,0,14,Vintage Sunflower Dress,Unknown,Dress,
10008060,29.0,7.25,1,1,M,Vintage Tea Towel Adjustable Skirt,Unknown,Skirt,75.0
10006481,28.99,0.0,1,1,10,VINTAGE Tess Brown Satin LS Top,Tess,Top,
10007586,99.99,68.67,1,1,,Vintage Thai Pierced Filigree Metal Purse,,Accessories,31.3
10004197,41.99,0.0,1,1,XL,VINTAGE Unknown Top Bck Cream Purple,Unknown,Top,
10003743,22.99,0.0,1,0,S,VINTAGE unknown dress prp floral,Unknown,Dress,
10008090,36.99,0.0,1,1,,vintage westex leather brown skirt 11-12,Westex,Skirt,
10006303,24.99,0.0,1,1,10,VINTAGE White Buttondown LS,Unknown,Top,
10008092,10.99,0.0,1,0,S,vintage white halter top,Unknown,Top,
10005723,35.99,0.0,1,0,M,VINTAGE White Sequin Skirt,Unknown,Skirt,
10006273,350.0,0.0,1,0,,Vintage Y2K Baby Pink Coach Soho Shoulder Bag,Coach,Accessories,
10003980,32.99,0.0,1,0,,VINTAGE Yellow Dress Embrodiered,,Dress,
10006198,25.99,0.0,1,1,12,vintage yellow dress shirt,Evan Picone,Dress,
10006695,43.99,0.0,1,1,XL,VINTAGE Yorkshire Knit Offwhite Sweater,Yorkshire Knitting,Sweater/Cardigan,
10006471,32.99,0.0,1,0,M,VINTAGE Zayre Black & W Polka Dot Top,Zayre,Top,
10003669,31.99,0.0,1,1,M,VINTAGE eng ldry skirt grn,English Laundry,Skirt,
10006146,35.99,0.0,1,1,M,Vintage FloralBttnDwn,Unknown,Other,
10003665,28.99,0.0,1,0,14,VINTAGE studioI blouse grn,studio I,Top,
10006153,31.99,0.0,1,0,,Vintage1978AvonShimmeringSands,Avon,Accessories,
10008047,34.99,0.0,1,1,S,Vintage40sTanSweater,Unknown,Sweater/Cardigan,
10008607,25.99,8.0,1,1,,Vintage70sSnakeChainBracelet,Unknown,Top,69.2
10008599,54.99,13.75,1,1,XS,Vintage7Mad BlkWhiPantsuit,7 Madison,Jeans/Pants,75.0
10004479,26.99,0.0,1,1,S,VintageA PlumFloralBlouse,Vintage America,Top,
10006126,15.99,0.0,1,1,S,VintageAileen WhiZipSweater,Aileen,Sweater/Cardigan,
10008791,15.99,8.0,1,1,,VintageAvonNecklace,Avon,Accessories,50.0
10008061,64.99,0.0,1,0,,VintageAW Red&BrwnPurse,American West,Accessories,
10008049,74.99,0.0,1,1,S,VintageBlackPantStripe,Unknown,Jeans/Pants,
10008606,17.99,8.0,1,1,,VintageBlGrGemNecklace,Unknown,Accessories,55.5
10008074,32.99,0.0,1,1,M,VintageBlueBttnDwnTop,Unknown,Other,
10008055,21.99,0.0,1,1,8,VintageClarks BlackLoafr,Clarks,Other,
10008782,204.99,8.0,1,1,,VintageCoachPurse Brwn,Coach,Accessories,96.1
10004855,22.99,0.0,1,0,XL,VintageCrossR RedStripedShirt,CrossRoads,Top,
10008058,64.99,0.0,1,1,S,VintageDesignHouse DottedDress,Design House,Dress,
10008608,9.99,8.0,1,1,,VintageFlowerBangle,Unknown,Other,19.9
10007375,18.99,0.0,1,0,,VintageFlowerNecklace,Unknown,Accessories,
10008364,45.99,0.0,1,1,M,VintageFredericks PinkBeadTop,Fredericks of Hollywood,Other,
10005284,25.99,0.0,1,1,L,VintageFredR MulticolTieTop,Fred Rothschild,Other,
10008051,54.99,0.0,1,1,S,VintageGayGibson BlueSuitSET,Gay Gibson,Set,
10007384,23.99,0.0,1,1,,VintageGemGoldRing,Unknown,Accessories,
10008597,39.99,10.0,1,1,M,VintageGennisknit OrTennisDress,Gennisknit,Dress,75.0
10008057,59.99,0.0,1,1,40,VintageGreenJacket,Unknown,Jacket/Coat,
10004659,65.0,0.0,1,0,S,VintageGrn&PinkDress,Unknown,Dress,
10008598,18.99,4.75,1,1,8,VintageImpressions TaupeBlkBlouse,Impressions,Top,75.0
10008050,74.99,0.0,1,0,S,VintageIsabel BlueFlowrSwtr,Isabel of Saks Fifth Avenue,Sweater/Cardigan,
10006002,32.99,0.0,1,0,40,VintageKingsRoad GrnBttnDwn,Kings Road,Other,
10006147,34.99,0.0,1,1,,VintageLapisRing,Unknown,Accessories,
10006125,25.99,0.0,1,1,34,VintageLileenP WhiPurpRedBttnDwn,Lileen Pennington,Other,
10007386,18.99,0.0,1,1,,VintageLuciteNecklace,Unknown,Accessories,
10008054,44.99,0.0,1,1,7,VintageMiramonte WhiteHeels,Miramonte,Top,
10008059,44.99,0.0,1,1,38,VintageMissHolly WhiBttnDwn,Miss Holly,Top,
10006096,28.99,0.0,1,0,M,VintageNaniFlwrChemise,Unknown,Other,
10008056,29.99,0.0,1,1,S,VintageOrlon PinkSweatr,Orlon,Other,
10008546,75.99,0.0,1,0,6,VintagePamelaF RedStitchSkirt,Pamela Ferrari,Skirt,
10008048,74.99,0.0,1,1,10,VintagePatchDress,Unknown,Dress,
10006132,35.99,0.0,1,1,M,VintagePattys CrmLaceBlouse,Pattys of Texas,Top,
10007387,29.99,0.0,1,1,,VintagePilomaPicassoBrwnLeathrBag,Paloma Picasso,Top,
10008052,32.99,0.0,1,1,S,VintagePinkFlowerDress,Unknown,Dress,
10004661,135.0,0.0,1,1,S,VintagePrp-MulticolDress,Unknown,Dress,
10008561,25.99,8.0,1,1,M,VintageRebekah BlkLcaeTop,Rebekah,Other,69.2
10007886,35.99,0.0,1,0,40,VintageRedLeatherDress,Unknown,Dress,
10006909,29.99,0.0,1,0,6,VintageRustler Jeanshort,Rustler,Shorts,
10006137,35.99,0.0,1,0,,VintageSarahCoventry GoldSToneBracelet,Sarah Coventry,Accessories,
10006148,18.99,0.0,1,0,,VintageSarahCovNecklace,Sarah Coventry,Accessories,
10006127,18.99,0.0,1,0,8,VintageSears WhiRuffleBtnDwn,Sears,Other,
10008596,74.99,18.75,1,1,XS,VINTAGEShortSetCrmGrnPink,Unknown,Shorts,75.0
10007379,45.99,0.0,1,1,,VintageSilverPlatedSwirlNecklaces,Unknown,Accessories,
10005769,25.99,0.0,1,1,S,VintageSimplyStyled BlueTop,Simply Styled,Other,
10004667,32.99,0.0,1,0,L,VintageSO PinkBttnDwnTop,So,Other,
10006167,15.99,0.0,1,1,S,VintageVanityFair AniPrintmeshSkirt,Vanity Fair,Skirt,
10004664,39.99,0.0,1,1,M,VintageVictoriaS PinkSlip,Victoriaxs Secret,Other,
10008600,25.99,6.5,1,1,S,VintageWhiBlkBlouse,Unknown,Top,75.0
10006131,32.99,0.0,1,0,S,VintageWhiPant,Unknown,Jeans/Pants,
10006152,10.99,0.0,1,0,,VintageYellowenamel,Unknown,Other,
10006601,18.99,0.0,1,1,L,Violet & Claire Pink SL Top,Violet X Claire,Top,
10005611,14.99,0.0,1,1,XL,Violet & Claire Red SL Tank,Violet X Claire,Top,
10000255,1.0,0.0,1,0,,Violet X ClaireLS Top_Wh,Violet X Claire,Top,
10000266,1.0,0.0,1,0,,Violet X ClaireLS Top_Wh,Violet X Claire,Top,
10000345,1.0,0.0,1,0,,Violet X ClaireLS Top_Wh,Violet X Claire,Top,
10001160,1.0,0.0,1,0,,Violet X ClaireLS Top_Wh,Violet X Claire,Top,
10001214,1.0,0.0,1,0,,Violet X ClaireLS Top_Wh,Violet X Claire,Top,
10001262,1.0,0.0,1,0,,Violet X ClaireLS Top_Wh,Violet X Claire,Top,
10001437,1.0,0.0,1,0,,Violet X ClaireLS Top_Wh,Violet X Claire,Top,
10001608,1.0,0.0,1,0,,Violet X ClaireLS Top_Wh,Violet X Claire,Top,
10001708,1.0,0.0,1,0,,Violet X ClaireLS Top_Wh,Violet X Claire,Top,
10001953,1.0,0.0,1,0,,Violet X ClaireLS Top_Wh,Violet X Claire,Top,
10002607,22.99,0.0,1,1,,Violet X ClaireLS Top_Wh,Violet X Claire,Top,
10006049,32.99,0.0,1,1,L,VioletxC Blkdottedbttndwn,Violet X Claire,Other,
10007061,35.99,0.0,1,1,9,Vionic Pink Sandals,Vionic,Top,
10008421,17.99,4.5,1,1,,VIP Jeans Khaki Pants M,,Jeans/Pants,75.0
10006913,24.99,0.0,1,1,L,VIPJeans FlowrPatchJeanSkirt,VIP Jeans,Skirt,
10007679,23.99,0.0,1,0,S,Voila Black SL Jumpsuit,Voila,Romper/Jumpsuit,
10006750,35.99,0.0,1,0,L,Vol. 1 Pink Brown Floral Blouse,Vol. 1,Top,
10006615,29.99,0.0,1,0,,Von Dutch Pink & Brown Hat,Von Dutch,Accessories,
10006744,32.99,0.0,1,1,,Von Dutch Pink Velvet Cap,Von Dutch,Other,
10006526,29.99,0.0,1,1,L,Voy Black Puff Sleeves Top,Voy,Top,
10004562,27.99,0.0,1,0,XXS,VS Black Lingerie 2 Piece Sequin Set,Victoriaxs Secret,Set,
10007832,24.99,0.0,1,1,M,VS Pale Pink Lace Romper,Victoriaxs Secret,Romper/Jumpsuit,
10006753,42.99,0.0,1,1,M,VS Pink & Black Lace Lingerie Babydoll Top,Unknown,Top,
10004542,38.99,0.0,1,1,M,VS Pink Slip,Victoriaxs Secret,Other,
10007686,18.99,0.0,1,1,M,W5 Red LS Chiffon Top,W5,Top,
10008053,49.99,0.0,1,1,10,WaldenClassics MulticolDress,Walden Classics,Dress,
10003835,23.99,0.0,1,0,S,WallFlower LightWash Jacket,Wallflower Vintage Collection,Jacket/Coat,
10002744,15.99,0.0,1,0,M,Wallflower Vintage Collection swtr bei blk,Wallflower Vintage Collection,Sweater/Cardigan,
10007862,25.99,0.0,1,1,12,Wallis Black Butterfly Dress,Wallis,Dress,
10007138,16.99,0.0,1,1,L,Wax Jeans LA Denim Mini Skirt,Wax Jean,Skirt,
10002972,32.99,0.0,1,1,,WayeDress_Wx,Waye,Dress,
10005402,22.99,0.0,1,1,M,Wayf Blk&GrnFloralTop,Wayf,Other,
10004963,28.99,0.0,1,1,24,We The Free Jean Skirt Zipper,We The Free,Skirt,
10003484,23.99,0.0,1,1,XS,We The Free Sweatshirt Grey,We The Free,Top,
10008630,15.99,4.0,1,1,,Wearever Beige Bodysuit M,,Top,75.0
10005968,32.99,0.0,1,1,L,Wearing Your Heart Pink Sweater,Wearing Your Own Heart On Your Sleeve,Sweater/Cardigan,
10002604,24.99,0.0,1,1,,Weerawat VintageSkirt_Ev,Weerawat Vintage,Skirt,
10008396,21.99,5.5,1,1,,Well Worn Burgundy Pants 6,,Jeans/Pants,75.0
10008073,32.99,0.0,1,1,S,Wendy GreenSweatrDress,Wendy,Dress,
10007107,35.99,0.0,1,0,L,West 36th Denim Skirt Brown,West 36th,Skirt,
10008690,19.99,6.0,1,1,,West Kei Green SS Top L,,Top,70.0
10007792,16.99,0.0,1,0,,Westbound White Knit Poncho One Size,Westbound,Sweater/Cardigan,
10003797,19.99,0.0,1,1,,Western Fashions Plaid Long Sleeve,Western Fashions,Other,
10006939,27.99,0.0,1,1,L,WetSeal GrnZipup,Wet Seal,Other,
10007748,24.99,0.0,1,1,XL,WhatsHot MulticolPolkaDotDress,Whats Hot,Dress,
10005546,27.99,0.0,1,1,M,WHBM Beige Long Cardigan,White House Black Market,Sweater/Cardigan,
10005940,33.99,0.0,1,1,M,WHBM Black & Gray Cardigan,White House Black Market,Sweater/Cardigan,
10005592,25.99,0.0,1,1,S,WHBM Black & White Blouse SS,White House Black Market,Top,
10007569,29.99,0.0,1,1,,WHBM Black Cardigan XS,,Sweater/Cardigan,
10006566,0.0,0.0,1,1,M,WHBM Black Crop Top,White House Black Market,Top,
10008696,24.99,8.0,1,1,14,WHBM Black Dress,,Dress,68.0
10008673,38.99,8.0,1,1,8,WHBM Black Dress,,Dress,79.5
10007522,49.99,0.0,1,1,XS,WHBM Black Fur Jacket,,Jacket/Coat,
10004983,18.99,0.0,1,1,XL,WHBM Black Ruffle SL Tie Neck,White House Black Market,Other,
10007298,24.99,0.0,1,1,10,WHBM Black Sequin Pants,White House Black Market,Jeans/Pants,
10005693,24.99,0.0,1,1,4,WHBM Black Skinny Pants,White House Black Market,Jeans/Pants,
10004195,27.99,0.0,1,1,,WHBM Black Studded Skirt,Whbm,Skirt,
10006452,17.99,0.0,1,1,XS,WHBM Black Top White Embroidery,White House Black Market,Top,
10003859,52.99,0.0,1,1,8,WHBM Black Zipper Skinny Jeans NWT,White House Black Market,Jeans/Pants,
10006547,26.99,0.0,1,1,S,WHBM Blue Ruffle Tank,White House Black Market,Top,
10007854,28.99,0.0,1,1,M,WHBM Blue SL Dress,White House Black Market,Dress,
10005620,25.99,0.0,1,1,M,WHBM Brown Zebra SL Top,White House Black Market,Top,
10008188,22.99,6.0,1,0,S,WHBM Burgundy Design SL Top,White House Black Market,Top,73.9
10005251,28.99,0.0,1,0,4,WHBM Burgundy Velvet Pants,White House Black Market,Jeans/Pants,
10007140,25.99,0.0,1,0,6,WHBM Corset Black Floral,Whbm,Set,
10008232,33.99,4.99,1,0,,WHBM Cream Boho Bustier M,,Other,85.3
10003812,29.99,0.0,1,1,L,WHBM Demin Legging,Whbm,Jeans/Pants,
10007137,15.99,0.0,1,1,4,WHBM Denim Shorts,Whbm,Shorts,
10006314,24.99,0.0,1,1,M,WHBM Floral Bodysuit Maroon,White House Black Market,Top,
10003856,33.99,0.0,1,1,M,WHBM Fuzzy Cardigan,White House Black Market,Sweater/Cardigan,
10007614,54.99,0.0,1,1,,WHBM Gina Suede Flower Bootie 10,,Shoes,
10005023,31.99,0.0,1,1,2,WHBM Gold & Black Polka Dot LS,White House Black Market,Top,
10008265,18.99,6.0,1,1,,WHBM Green SS Top XXS,,Top,68.4
10007490,18.99,0.0,1,1,M,WHBM Grey Sleeveless Shirt,,Top,
10004026,28.99,0.0,1,1,,WHBM Jeans,White House Black Market,Jeans/Pants,
10005496,25.99,0.0,1,1,S,WHBM Maroon LS Dress,White House Black Market,Dress,
10008168,26.99,8.0,1,1,12,WHBM Red Black Floral Tube Top,White House Black Market,Top,70.4
10005976,29.99,0.0,1,1,L,WHBM Red Purple LS,White House Black Market,Top,
10006606,24.99,0.0,1,1,S,WHBM Rose LS Top,White House Black Market,Top,
10006719,25.99,0.0,1,0,M,WHBM Shiny Zebra Print Shirt,White House Black Market,Top,
10006528,24.99,0.0,1,1,S,WHBM Silver Shiny Halter Top,White House Black Market,Top,
10007143,18.99,0.0,1,0,6,WHBM White Dress,Whbm,Dress,
10008429,35.99,9.0,1,1,4,WHBM White Jean Jacket,,Jeans/Pants,75.0
10006952,24.99,0.0,1,1,0,WHBM White Pattern Shorts,,Shorts,
10005049,24.99,0.0,1,0,M,WHBM Polka Top Bl&Blk,White House Black Market,Top,
10005032,18.99,0.0,1,0,S,WHBM Ruched Blouse Prpl,White House Black Market,Top,
10005044,16.99,0.0,1,0,S,WHBM Slvlss Trtlnck Bl&Blk,White House Black Market,Top,
10004606,26.99,0.0,1,1,10,WHBM BlackDress,White House Black Market,Dress,
10006050,22.99,0.0,1,0,M,WHBM Blk&whiKnit,White House Black Market,Sweater/Cardigan,
10006157,25.99,0.0,1,0,L,WHBM BlkcinchTop,White House Black Market,Other,
10004381,25.99,0.0,1,1,XXS,WHBM BlkSleevelessBlouse,Whbm,Top,
10007888,19.99,0.0,1,1,12,WHBM BlkWhiShort,White House Black Market,Shorts,
10003646,24.99,0.0,1,1,4,WHBM BurntredPant,White House Black Market,Jeans/Pants,
10006416,24.99,0.0,1,1,M,WHBM PinkFloralBlouse,White House Black Market,Top,
10006864,21.99,0.0,1,1,8,WHBM WhitezippocketShorts,White House Black Market,Shorts,
10003970,54.99,0.0,1,1,L,WHBMNWT Blk Beaded Top,White House Black Market,Top,
10004504,21.99,0.0,1,0,4,WhBmNWT Multicolor Skirt,White House Black Market,Skirt,
10006149,12.99,0.0,1,0,,WHBMSilverBracelet,White House Black Market,Accessories,
10008065,32.99,0.0,1,1,S,Whi&BrwnSET,Unknown,Set,
10006090,24.99,0.0,1,1,M,Whi&PurpBttnDwn,Unknown,Other,
10005575,19.99,0.0,1,1,S,Whispers Pink Slip,Whispers,Other,
10007995,22.99,10.95,1,0,,White & Clear Stone Necklace,,Accessories,52.4
10006397,9.99,0.0,1,1,,White Braided Belt,Unknown,Accessories,
10005084,13.99,0.0,1,0,M,White Crow Knot Back RdOrng,White Crow,Other,
10005847,15.99,0.0,1,0,S,White Embroidered Tank w Tassel,Unknown,Top,
10004088,25.99,0.0,1,1,L,White Feather Dress,,Dress,
10003990,8.99,0.0,1,0,,White Flower Ring 1,,Accessories,
10003991,8.99,0.0,1,0,,White Flower Ring 2,,Accessories,
10004254,25.99,0.0,1,1,4,White Frayed-Hem Jeans,Abercrombie & Fitch,Jeans/Pants,
10008801,29.99,7.75,1,1,L,White Fringe Skirt,,Skirt,74.2
10006644,22.99,0.0,1,1,,white house black market black blouse medium,White House Black Market,Top,
10002606,29.99,0.0,1,1,,White House Black Market Blazer,White House Black Market,Jacket/Coat,
10007182,21.99,0.0,1,1,XS,White House Black Market Burgundy Blouse,,Top,
10003543,28.99,0.0,1,1,4,White House Black Market Pants Black,White House Black Market,Jeans/Pants,
10003455,31.99,0.0,1,0,4,White House Black Market Skirt Black,White House Black Market,Skirt,
10003611,24.99,0.0,1,1,2,white house black market pant green,White House Black Market,Jeans/Pants,
10000087,25.99,0.0,1,1,,White House Black MarketLS Top_Q,White House Black Market,Top,
10001467,1.0,0.0,1,0,,White House Black MarketSkirt_J,White House Black Market,Skirt,
10001574,1.0,0.0,1,0,,White House Black MarketSkirt_J,White House Black Market,Skirt,
10002151,1.0,0.0,1,0,,White House Black MarketSkirt_J,White House Black Market,Skirt,
10002269,1.0,0.0,1,0,,White House Black MarketSkirt_J,White House Black Market,Skirt,
10002953,27.99,0.0,1,0,,White House Black MarketSkirt_J,White House Black Market,Skirt,
10000072,27.99,0.0,1,1,,White House Black MarketSweater_Co,White House Black Market,Sweater/Cardigan,
10000077,25.99,0.0,1,0,,White House Black MarketSweater_Co,White House Black Market,Sweater/Cardigan,
10000145,1.0,0.0,1,0,,White House Black MarketSweater_Co,White House Black Market,Sweater/Cardigan,
10000246,1.0,0.0,1,0,,White House Black MarketSweater_Co,White House Black Market,Sweater/Cardigan,
10000779,1.0,0.0,1,0,,White House Black MarketSweater_Co,White House Black Market,Sweater/Cardigan,
10000780,1.0,0.0,1,0,,White House Black MarketSweater_Co,White House Black Market,Sweater/Cardigan,
10000860,1.0,0.0,1,0,,White House Black MarketSweater_Co,White House Black Market,Sweater/Cardigan,
10000942,1.0,0.0,1,0,,White House Black MarketSweater_Co,White House Black Market,Sweater/Cardigan,
10002035,1.0,0.0,1,0,,White House Black MarketSweater_Co,White House Black Market,Sweater/Cardigan,
10002517,22.99,0.0,1,0,,White House Black MarketSweater_Co,White House Black Market,Sweater/Cardigan,
10002886,35.99,0.0,1,0,,White House Black MarketSweater_Co,White House Black Market,Sweater/Cardigan,
10003014,22.99,0.0,1,0,,White House Black MarketSweater_Co,White House Black Market,Sweater/Cardigan,
10003724,32.99,0.0,1,1,10,white house black mkt jacket lgtprp,White House Black Market,Jacket/Coat,
10005039,18.99,0.0,1,0,L,White Jean Mini w Metal Button,Unknown,Jeans/Pants,
10005258,27.99,0.0,1,1,S,White LS Floral Collared Top,Unknown,Top,
10006969,19.99,0.0,1,1,S,White LS Seethrough Buttonup,Unknown,Top,
10007829,109.99,85.5,1,1,M,White LS Top,,Top,22.3
10005625,21.99,0.0,1,1,XXL,White Mark Orange Multi Color Sheer Top,White Mark,Top,
10007065,18.99,0.0,1,0,9,White Mountain Slip on Sandals Gold,White Mountain,Top,
10004240,65.0,0.0,1,1,XL,White Multi-Color Sweater,Aldomartins,Sweater/Cardigan,
10006565,15.99,0.0,1,0,M,White Multicolor Embroidered Top,Unknown,Top,
10006958,28.99,0.0,1,1,XS,White Ruffle Skirt,Unknown,Skirt,
10008776,22.0,5.5,1,1,L,White Sheer LS Crop Top Rucched,Unknown,Top,75.0
10006174,34.99,0.0,1,0,10,white skirt with design,Persaman,Skirt,
10006965,14.99,0.0,1,0,M,White SL Ruffle Neck Top,Unknown,Top,
10008704,17.99,4.5,1,1,,White Stag Black Sleeveless Top L,,Top,75.0
10005028,20.99,0.0,1,1,M,White Stag Lace Blouse Multicolor,White Stag,Top,
10004304,23.99,0.0,1,1,M,White Stag VINTAGE Blue Flower SL,White Stag,Other,
10001101,14.99,0.0,1,1,,White Tee Kiss,American Apparel,Top,
10006209,29.99,0.0,1,1,,white textured tank medium,Chaps,Top,
10003926,29.99,0.0,1,1,L,White Tulle Slip,Unknown,Other,
10007905,23.99,0.0,1,1,,White Woven Purse,Unknown,Accessories,
10004358,29.99,0.0,1,1,M,Whitehouse Blue Blouse,White House Black Market,Top,
10006922,22.99,0.0,1,0,S,WhiteLaceSkort,Unknown,Other,
10006863,25.99,0.0,1,1,M,WhiteLaceTankTop,Unknown,Top,
10008582,8.99,8.0,1,1,M,WhiteSequinCutOutTop,Unknown,Other,11.0
10005855,45.99,0.0,1,1,,whiting and davis purse wht,Whiting And Davis,Accessories,
10005782,23.99,0.0,1,1,S,WhiXbrwnTop,Unknown,Other,
10003919,24.99,0.0,1,1,L,Wht Slip,Unknown,Other,
10004443,22.99,0.0,1,0,10,Wide Leg Cropped Jean,Banana Republic,Jeans/Pants,
10006907,15.99,0.0,1,1,11,WIDI MulticolPlaidShorts,Wear it Declare it,Shorts,
10006808,15.99,0.0,1,1,M,Wild Fable Dress Purple Peach,Wild Fable,Dress,
10007908,22.99,0.0,1,0,4,Wild Fable Jean Colorful Skirt,Wild Fable,Skirt,
10006315,10.99,0.0,1,0,XS,Wild Fable Orange Crop Top,Wild Fable,Top,
10006585,8.99,0.0,1,0,S,Wild Fable Red Orange Crop Top,Wild Fable,Top,
10007562,19.0,4.75,1,0,S,Wild Fable White Dress,,Dress,75.0
10008553,18.99,0.0,1,1,12,Wild Fable PinkFlowerSkirt,Wild Fable,Skirt,
10005255,8.99,0.0,1,0,M,Wild Honey Black Pleather Crop Top,Wild Honey,Top,
10008323,11.99,0.0,1,0,XS,WildFable OrangeHalterTop,Wild Fable,Top,
10004952,34.99,0.0,1,1,S,wildfox swtr wht,Wildfox,Sweater/Cardigan,
10004662,21.99,0.0,1,0,L,WildH BlkLaceBdySuit,Wild Honey,Other,
10004284,24.99,0.0,1,1,M,WildHoney Grey Multi-Color Sweater,Wild Honey,Sweater/Cardigan,
10007109,19.99,0.0,1,1,8,Willi Smith Black SL Dress White Design,Willi Smith,Dress,
10003716,24.99,0.0,1,0,S,Willi Smith Chunky Lace Skirt,Willi Smith,Skirt,
10007783,24.99,0.0,1,1,M,Willow & Clay Black LS Floral Zip Up,Willow X Clay,Top,
10008716,23.99,7.5,1,1,,Willow & Root Green Floral Top S,,Top,68.7
10004946,22.99,0.0,1,2,M,Willow&Wind GreyMulticolSweater,Willow X Wind,Sweater/Cardigan,
10006139,26.99,0.0,1,1,S,WillowxClay Navy&RedCover,Willow X Clay,Other,
10007132,14.99,0.0,1,1,S,Windsor Black Skirt Rhinestone,Windsor,Skirt,
10006494,24.99,0.0,1,1,S,Windsor Dress Copper,Windsor,Dress,
10004780,15.99,0.0,1,0,M,Windsor Green Crop Top,Windsor,Top,
10006401,12.99,0.0,1,1,M,Windsor BlackGemTop,Windsor,Other,
10004915,22.99,0.0,1,1,4,Windsor BlkFloralSkirt,Windsor,Skirt,
10004672,18.99,0.0,1,0,M,windsor bodysuit blk,Windsor,Top,
10000321,1.0,0.0,1,0,,WindsorSkirt_Li,Windsor,Skirt,
10000393,1.0,0.0,1,0,,WindsorSkirt_Li,Windsor,Skirt,
10001466,1.0,0.0,1,0,,WindsorSkirt_Li,Windsor,Skirt,
10002170,21.99,0.0,1,1,,WindsorSkirt_Li,Windsor,Skirt,
10003446,39.99,0.0,1,1,,Wire Jean Co Borgata Pants Tan,Wire Jean Co,Jeans/Pants,
10006503,79.99,0.0,1,1,,Wire Metal Purse,Unknown,Accessories,
10006253,55.0,0.0,1,0,,Wire Purse,Unknown,Accessories,
10008234,9.99,4.99,1,1,,Wishful Park Pink Camisole S,,Top,50.1
10008185,21.99,6.0,1,1,S,Wishlist Brown SL Top,Wishlist,Top,72.7
10008274,17.99,6.0,1,1,,Wishlist Grey Sleeveless Blouse S,,Top,66.6
10008321,14.99,0.0,1,1,M,WishlistJeans Purpshorts,Wishlist Jeans,Shorts,
10005680,31.99,0.0,1,1,M,Wisteria Lane NWT Pants Black,,Jeans/Pants,
10007002,28.99,0.0,1,1,16,Wit and Wisdom Jeans Black,Wit X Wisdom,Jeans/Pants,
10004024,29.99,0.0,1,0,,Wit X WisdomPants,Wit X Wisdom,Jeans/Pants,
10002568,21.99,0.0,1,1,,WitcheryLS Top_Xh,Witchery,Top,
10004727,25.99,0.0,1,1,XXL,Woman Within Red & White Plaid SS,Woman Within,Top,
10003941,19.99,0.0,1,1,S,Wonder Maid Pale Pink Intimates,Wonder Maid,Other,
10004887,22.99,0.0,1,0,S,wonderly skrt flr,Wonderly,Skirt,
10003996,8.5,0.0,1,0,,Wood Flower Earrings,,Accessories,
10006820,24.99,0.0,1,1,S,World Market Pink Pants,World Market,Jeans/Pants,
10007926,21.99,0.0,1,1,XL,Worthington Bright Orange SL Top,Worthington,Top,
10005656,25.99,0.0,1,1,L,Worthington Gray Satin Top,Worthington,Top,
10006817,26.99,0.0,1,1,XL,Worthington Red Blouse,Worthington,Top,
10008515,19.99,13.15,1,1,,Worthington White Sleeveless Top L,,Top,34.2
10003613,32.99,0.0,1,1,6,worthington pant blk,Worthington,Jeans/Pants,
10004429,22.99,0.0,1,0,,Woven Heart Shawl Black and Floral,Unknown,Other,
10006347,15.99,0.0,1,0,,WovenBowBasketBag,Unknown,Accessories,
10006619,14.99,0.0,1,1,16,Wrangler blue checkered jean shorts,,Shorts,
10006790,18.99,0.0,1,0,4,Wrangler JeanFlowerShorts,Wrangler,Shorts,
10003717,25.99,0.0,1,0,M,Wrap Around Tan Skirt,Unknown,Skirt,
10006094,21.99,0.0,1,1,L,Wrapper YllwbowBlouse,Wrapper,Top,
10008567,28.99,8.0,1,1,M,WrapSkirtMultiwaytowear,Unknown,Skirt,72.4
10001098,25.0,0.0,1,0,,Wu-TangTee Shirt_La,Wu-Tang,Top,
10006388,18.99,0.0,1,0,2,WW Black Snakeskin Belt,Ww,Accessories,
10003805,22.99,0.0,1,1,6,WW Gray Jeans,Wit X Wisdom,Jeans/Pants,
10006155,23.99,0.0,1,0,M,WWDDDollyTshirt,Unknown,Top,
10004453,19.99,0.0,1,1,L,WWW MustardBrwnBlouse,Who What Wear,Top,
10003645,28.99,0.0,1,1,6,WY BrwnFloralJacket,Wy,Jacket/Coat,
10007907,22.99,0.0,1,0,6,X2 Jean Skirt,X2,Skirt,
10008024,19.0,4.75,1,0,XS,XCVI Green SL Top,Xcvi,Top,75.0
10007789,19.99,0.0,1,1,XS,Xhilaration Mint Green Lace Skirt,Xhilaration,Skirt,
10008275,24.99,8.0,1,1,,Xhilaration White Dress M,,Dress,68.0
10003502,69.99,0.0,1,1,M,Xhilerations Jacket Black,Xhilaration,Jacket/Coat,
10006813,24.99,0.0,1,1,M,Xiaoguozi Floral Dress,Xiaoguozi,Dress,
10005261,25.99,0.0,1,0,M,XOXO Black Off Shoulder LS w Grommets,Xoxo,Top,
10007412,15.99,0.0,1,1,,Xsetmar BlkNewsboyHat,XSetmar,Set,
10008350,16.99,0.0,1,0,M,XtraOrd GreenHalterTop,Xtraordinary,Top,
10007772,27.99,0.0,1,0,S,XXZ Black Red Dot SL Dress,Xxz,Dress,
10008670,27.99,7.0,1,1,,Y2K Red Mesh Lace Babydoll Top L,,Top,75.0
10006501,21.99,0.0,1,1,L,Ya LA Cardigan Sweater Brown,,Sweater/Cardigan,
10008194,22.99,6.0,1,1,2,Yacun Brown Plaid Vest,Yacun,Top,73.9
10005528,24.99,0.0,1,0,M,Yang Pao Pao Black Pants w Birds,Yang Pao Pao,Jeans/Pants,
10008359,24.99,0.0,1,1,S,Yasuko RedWhiPattShirt,Yasuko,Top,
10005300,22.99,0.0,1,0,S,YaYa FloralBlouse,Ya Ya X Co,Top,
10007085,14.99,0.0,1,1,,Yee Haw Baseball Hat,Yee Haw,Accessories,
10007152,23.99,16.0,1,24,L,Yellow Chic Vintage T Shirt,,Top,33.3
10007151,23.99,16.0,1,25,M,Yellow Chic Vintage T Shirt,,Top,33.3
10007150,23.99,16.0,1,24,S,Yellow Chic Vintage T Shirt,,Top,33.3
10007153,23.99,16.0,1,24,XL,Yellow Chic Vintage T Shirt,,Top,33.3
10007149,23.99,16.0,1,25,XS,Yellow Chic Vintage T Shirt,,Top,33.3
10006229,27.99,0.0,1,0,,yellow floral design blouse medium,Loft,Top,
10008200,17.99,6.0,1,1,XS,Yellow Floral Halter Top,Unknown,Top,66.6
10008488,10.99,6.3,1,1,,Yellow Floral Sleeveless Tank XL+,,Top,42.7
10007299,39.99,0.0,1,0,XXL,Yellow Floral Suede SL Dress,Unknown,Dress,
10006633,18.99,0.0,1,1,M,yellow zara tanktop,Zara NWT,Top,
10008363,15.99,0.0,1,1,S,YellowFlowerCropTop,Unknown,Top,
10005772,13.99,0.0,1,1,L,YellowStone YellowstoneTshirt,YellowStone,Top,
10005962,31.99,0.0,1,1,L,YFB White Satin Tank,Yfb,Top,
10007218,26.99,0.0,1,1,L,Your 6th Senses Pink SL Dress,Your 6th Sense,Dress,
10005500,28.99,0.0,1,1,L,Z Supply NWT Black Tank,Z Supply NWT,Top,
10005603,24.99,0.0,1,1,S,Zac & Rachel Green Purple SL Tank,Zac X Rachel,Top,
10005677,27.99,0.0,1,1,12,Zac & Rachel Pants Light Blue NWT,,Jeans/Pants,
10004022,26.99,0.0,1,1,22,Zac&Rachel Rose Pant,Zac X Rachel,Jeans/Pants,
10005063,19.99,0.0,1,1,L,Zac&Rachel Ruffle Blouse Pink,Zac X Rachel,Top,
10005288,18.99,0.0,1,0,2,ZacXRachel GreenLaceTop,Zac X Rachel,Other,
10006968,13.99,0.0,1,0,XS,Zara Basic Cream Off Shoulder Top,Zara Basic,Top,
10007201,22.99,0.0,1,0,XS,Zara Basic White Top,,Top,
10008629,22.99,5.75,1,1,,Zara Beige Sequin Halter Top M,,Top,75.0
10004621,25.99,0.0,1,1,XL,Zara Black Longsleeve White Flws Dress,Zara,Dress,
10005923,22.99,0.0,1,1,M,Zara Black LS Cold Shoulder Top,Zara,Top,
10007927,27.99,0.0,1,1,XS,Zara Black Off Shoulder Ruffle Top,Zara,Top,
10005248,14.99,0.0,1,1,L,Zara Black SS Top,Zara,Top,
10007327,19.99,0.0,1,1,S,Zara Blk Bodysuit,Zara,Top,
10007092,22.99,0.0,1,0,11,Zara Blue Flats,Zara,Shoes,
10004725,21.99,0.0,1,1,M,Zara Blush Sheer LS,Zara,Top,
10003927,15.99,0.0,1,1,S,Zara Camel Cami,Unknown,Top,
10003486,28.99,0.0,1,1,M,Zara Cardigan Brown,Zara,Sweater/Cardigan,
10004090,55.0,0.0,1,1,L,Zara Copper Zipper Jacket,Zara Woman,Jacket/Coat,
10003507,25.99,0.0,1,1,2,Zara Cordaroy Pants White,Zara,Jeans/Pants,
10005100,12.99,0.0,1,0,S,Zara Cream SL Bodysuit,Zara,Top,
10004106,30.99,0.0,1,1,6.5,Zara GoldChain Loafer,Zara Basic,Shoes,
10008227,17.99,5.0,1,0,S,Zara Green Dress,,Dress,72.2
10004637,31.99,0.0,1,0,XS,Zara Green Longsleeve Dress NWT,Zara NWT,Dress,
10007111,28.99,0.0,1,1,XS,Zara Green Multicolor LS Dress,Zara,Dress,
10005836,25.99,0.0,1,1,S,Zara Green Sweater,Zara,Sweater/Cardigan,
10005014,17.99,0.0,1,1,M,Zara Hot Pink LS Crop Top,Zara,Top,
10006999,19.99,0.0,1,1,M,Zara Hot Pink Satin Top,Zara,Top,
10005883,24.99,0.0,1,0,S,Zara Hot Pink Sweater,Zara,Sweater/Cardigan,
10007241,22.99,0.0,1,0,XS,Zara Light Blue Dress,,Dress,
10007847,33.99,0.0,1,0,,Zara Multicolor Skirt M,,Skirt,
10006527,17.99,0.0,1,1,L,Zara Muted Brown Collared Shirt,Zara,Top,
10007465,22.99,0.0,1,1,M,Zara NWT Black SL Dress,Zara NWT,Dress,
10007296,22.99,0.0,1,1,S,Zara NWT Black SL Top Fabric Swirl,Zara NWT,Top,
10005304,26.99,0.0,1,1,M,Zara NWT Black Waterproof Miniskirt,Zara NWT,Skirt,
10005973,31.99,0.0,1,1,L,Zara NWT Jean SS Top,Zara NWT,Jeans/Pants,
10007790,34.99,0.0,1,1,S,Zara Pale Pink SL Dress,Zara,Dress,
10007911,29.99,0.0,1,1,S,Zara Pink & White SL Dress,Zara,Dress,
10005718,25.99,0.0,1,1,L,Zara Red Blue Sequin Skirt,Zara Basic,Skirt,
10008137,16.99,8.0,1,1,M,zara ruffled cropped tank,Zara,Top,52.9
10004640,29.99,0.0,1,0,S,Zara Sage Green Dress,Zara,Dress,
10005981,25.99,0.0,1,1,M,Zara Sage Green Wrap Sweater,Zara,Sweater/Cardigan,
10007028,24.99,0.0,1,0,M,Zara Sleeveless Bodysuit Blk & Blue,Zara,Top,
10003788,22.99,0.0,1,0,S,Zara Tr Black Plaid ShortSleeve,Zara Trafaluc,Shorts,
10008426,26.99,6.25,1,1,,Zara Trafaluct Red Skirt S,,Skirt,76.8
10005868,24.99,0.0,1,0,M,Zara White Black Stripe Crop Top,Zara,Top,
10006951,24.99,0.0,1,1,L,Zara White Blouse,,Top,
10005934,34.99,0.0,1,0,M,Zara White Bodysuit,Zara,Top,
10006980,21.99,0.0,1,0,S,Zara White Collared SS Dress,Zara,Dress,
10007611,38.99,0.0,1,1,,Zara White Denim Jacket M,,Jeans/Pants,
10004573,25.99,0.0,1,0,L,Zara White Dress,Zara,Dress,
10007167,24.99,0.0,1,1,S,Zara White LS Blouse,,Top,
10007781,23.99,0.0,1,0,M,Zara White LS Lace Top,Zara,Top,
10006306,24.99,0.0,1,1,M,Zara White Pink Sheer LS,Zara,Top,
10006961,28.99,0.0,1,0,XS,Zara White SL Crop Top,Zara,Top,
10005227,25.99,0.0,1,1,S,Zara White V Neck Top,Zara,Top,
10005378,25.99,0.0,1,1,M,Zara Woman Blue & White Stripped Top,Zara,Top,
10005060,25.99,0.0,1,0,M,Zara Baby Tee Maroon,Zara,Top,
10005087,12.99,0.0,1,0,XS,Zara Ruche Crop Cream,Zara,Other,
10005141,12.99,0.0,1,0,L,Zara SqrNck Crop Camel,Zara,Other,
10005161,24.99,0.0,1,0,XS,Zara Tie Top Blk,Zara,Top,
10005441,24.99,0.0,1,1,L,Zara Wrap Dress Pnk,Zara,Dress,
10007395,29.99,0.0,1,1,L,Zara BlackLaceLongsleeve,Zara,Other,
10007887,18.99,0.0,1,1,S,Zara BlackSilkShort,Zara,Shorts,
10006070,18.99,0.0,1,1,S,zara crptop beige,Zara,Other,
10005389,24.99,0.0,1,1,XXL,zara dress red,Zara,Dress,
10007737,31.99,0.0,1,1,M,Zara FloralWhiMeshTop,Zara Basic,Other,
10006398,22.99,0.0,1,1,L,Zara GreenPatternTankTop,Zara,Top,
10006018,24.99,0.0,1,1,S,Zara GrnPurpTop,Zara,Other,
10006053,22.99,0.0,1,1,L,Zara OrangeLongSl,Zara,Other,
10005285,22.99,0.0,1,0,M,Zara pink&BlTop,Zara,Other,
10004383,28.99,0.0,1,0,M,Zara Pink&WhDress,Zara,Dress,
10004374,23.99,0.0,1,0,M,Zara PinkSweater,Zara,Sweater/Cardigan,
10004681,27.99,0.0,1,1,S,zara swtr blu,Zara,Sweater/Cardigan,
10004700,19.99,0.0,1,1,L,zara swtr gry,Zara,Sweater/Cardigan,
10006931,24.99,0.0,1,1,S,Zara WhiteDress,Zara,Dress,
10006360,12.99,0.0,1,0,S,Zara WhiWomanShirt,Zara,Top,
10007400,18.99,0.0,1,0,M,Zara YllwFloralCutoutDress,Zara NWT,Dress,
10002695,24.99,0.0,1,1,,ZaraButton Down_Ra,Zara,Other,
10000889,18.99,0.0,1,1,,ZaraLS Top_Ko,Zara,Top,
10000062,25.99,0.0,1,0,,ZaraSweater_Cu,Zara,Sweater/Cardigan,
10002473,19.99,0.0,1,1,,ZaraSweater_Fo,Zara,Sweater/Cardigan,
10004366,22.99,0.0,1,1,S,ZaraTraf Red&BlkBlouse,Zara Trafaluc,Top,
10004695,32.99,0.0,1,1,M,zazzies swtr prpl,Zazzies,Sweater/Cardigan,
10008237,18.0,4.5,1,0,,Zen Danskin Top Pant Set S,,Jeans/Pants,75.0
10008139,18.99,8.0,1,1,XL,zenana pink lace tanktop,Zenana,Top,57.9
10008201,17.99,6.0,1,1,M,Zenana Pink SL Top,Zenana,Top,66.6
10006846,33.99,0.0,1,1,L,Zesica NWT white dress,Zesica,Dress,
10004734,24.99,0.0,1,1,M,Ziani C Black LS Pink Stripe,Ziani Couture,Top,
10004123,20.99,0.0,1,0,XS,ZION Gry Marley Tee,Zion Rootswear,Top,
10005335,13.99,0.0,1,1,L,ZoeLiv USAtiedyeTop,Zoe X Liv,Other,
