datetime,date,hour,month,day_of_week,week_num,receipt_number,quantity,subtotal,sales_tax,total,details,sku,has_discount,brand_name,product_category,retail_price,size
2026-05-24 11:44:06,2026-05-24,11,5,Sunday,21,575,1.0,13.99,1.29408,15.28408,Red Halter Bra / Size S,10008164,False,Unknown,Top,13.99,S
2026-05-24 11:44:06,2026-05-24,11,5,Sunday,21,575,1.0,75.99,7.02908,83.01908,VintagePamelaF/RedStitchSkirt/Size6,10008546,False,Pamela Ferrari,Skirt,75.99,6
2026-05-24 11:08:22,2026-05-24,11,5,Sunday,21,574,1.0,22.99,2.12658,25.11658,Maurizio Floral Long Clutch,10004532,False,Maurizio Taiuti,Accessories,22.99,
2026-05-24 11:08:22,2026-05-24,11,5,Sunday,21,574,1.0,25.99,2.40408,28.39408,Grey Kiss Tee/Size S,10004121,False,Recycled Karma,Top,25.99,S
2026-05-23 19:44:15,2026-05-23,19,5,Saturday,21,573,1.0,14.99,1.38658,16.37658,Unknown White Camisole Size M,10003375,False,Unknown,Top,14.99,M
2026-05-23 19:43:36,2026-05-23,19,5,Saturday,21,572,1.0,12.99,1.20158,14.19158,Black lace coverall  OSFM,10008666,False,,Other,12.99,
2026-05-23 16:13:56,2026-05-23,16,5,Saturday,21,571,1.0,10.99,1.01658,12.00658,SilverGoldBracelet,10008605,True,Unknown,Accessories,10.99,
2026-05-23 16:13:56,2026-05-23,16,5,Saturday,21,571,1.0,14.99,1.38658,16.37658,HelloFranki/Blue&WhiTop/SizeL,10008292,True,Hello Franki,Other,14.99,L
2026-05-23 16:13:56,2026-05-23,16,5,Saturday,21,571,1.0,7.99,0.73908,8.72908,JacquelineF/BrownCrossBag,10008316,True,Jacqueline Ferrar,Top,7.99,
2026-05-23 16:13:56,2026-05-23,16,5,Saturday,21,571,1.0,14.99,1.38658,16.37658,Abercrombie/GryTanHalterTop/SizeM,10008337,True,Abercrombie & Fitch,Top,14.99,M
2026-05-23 16:11:46,2026-05-23,16,5,Saturday,21,570,1.0,18.99,1.75658,20.74658,Sonoma RWB Woven Purse,10007934,True,Sonoma,Accessories,18.99,
2026-05-23 16:03:32,2026-05-23,16,5,Saturday,21,569,1.0,12.99,1.20158,14.19158,Ande Black Purse Gold Hardware,10007928,False,Ande,Accessories,12.99,
2026-05-23 15:06:50,2026-05-23,15,5,Saturday,21,568,1.0,55.99,5.17908,61.16908,Mystree/BrwnStripeSweater/SizeS,10006011,False,Mystree,Sweater/Cardigan,55.99,S
2026-05-23 15:05:01,2026-05-23,15,5,Saturday,21,567,1.0,24.99,2.31158,27.30158,Ann Taylor Yellow/White Top S,10008470,False,,Top,24.99,
2026-05-23 15:05:01,2026-05-23,15,5,Saturday,21,567,1.0,18.99,1.75658,20.74658,eyeshadow creme lace vest/s,10008140,False,Eyeshadow,Top,18.99,S
2026-05-23 15:05:01,2026-05-23,15,5,Saturday,21,567,1.0,24.99,2.31158,27.30158,EM Mustard Yellow Top/Size S,10005828,False,Em,Top,24.99,S
2026-05-23 15:05:01,2026-05-23,15,5,Saturday,21,567,1.0,19.99,1.84908,21.83908,Multicolor Bead Earrings,10008433,False,,Accessories,19.99,
2026-05-23 14:58:34,2026-05-23,14,5,Saturday,21,566,1.0,32.99,3.05158,36.04158,R & K Yellow Pant Top Set / Size 10,10007718,False,R X K,Jeans/Pants,32.99,10
2026-05-23 12:57:52,2026-05-23,12,5,Saturday,21,565,1.0,21.99,2.03408,24.02408,FP One Cami Dress Size XS,10007285,False,,Dress,21.99,XS
2026-05-23 12:50:54,2026-05-23,12,5,Saturday,21,564,1.0,24.99,2.31158,27.30158,MulicolStripSweater/SizeM,10008566,False,Unknown,Sweater/Cardigan,24.99,M
2026-05-23 12:39:14,2026-05-23,12,5,Saturday,21,563,1.0,29.99,2.77408,32.76408,cpck&cash/rvs bmb jkt/blk/m,10003735,False,Cupcakes&Cashews,Jacket/Coat,29.99,M
2026-05-23 12:08:29,2026-05-23,12,5,Saturday,21,562,1.0,200.0,18.5,218.5,Desigual/RedPatternJacket/Size40/US6,10007595,False,Desigual,Jacket/Coat,200.0,40
2026-05-22 19:34:09,2026-05-22,19,5,Friday,21,560,1.0,28.99,2.68158,31.67158,AsosDesign/PnkOrFloralSkirt/Size2,10008548,False,Asos Design,Skirt,28.99,2
2026-05-22 19:34:09,2026-05-22,19,5,Friday,21,560,1.0,19.99,1.84908,21.83908,Reformed B & W Floral Skirt / Size 6,10008172,False,Reformed,Skirt,19.99,6
2026-05-22 19:34:09,2026-05-22,19,5,Friday,21,560,1.0,28.99,2.68158,31.67158,Fossil/PinkDotDress/SizeXS,10007751,False,Fossil,Dress,28.99,XS
2026-05-22 19:33:14,2026-05-22,19,5,Friday,21,561,1.0,29.99,2.77408,32.76408,Paul McCartneyTee Shirt_SO / White / L / 13.01,10002392,False,Paul McCartney,Top,29.99,
2026-05-22 19:33:14,2026-05-22,19,5,Friday,21,561,1.0,29.99,2.77408,32.76408,BrooksBros/StripeCollarDress/SizeL,10008328,False,Brooks Brothers,Dress,29.99,L
2026-05-22 19:26:05,2026-05-22,19,5,Friday,21,559,1.0,29.99,2.77408,32.76408,London Times Blue White SL Dress / Size 8,10007468,True,London Times,Dress,29.99,8
2026-05-22 19:24:42,2026-05-22,19,5,Friday,21,558,1.0,18.99,1.75658,20.74658,WHBM White Dress/Size 6,10007143,False,Whbm,Dress,18.99,6
2026-05-22 19:24:42,2026-05-22,19,5,Friday,21,558,1.0,19.99,1.84908,21.83908,Altar'd State Lace SL Blouse / Size M,10005597,False,Altar'd State,Top,19.99,M
2026-05-22 19:23:17,2026-05-22,19,5,Friday,21,557,1.0,26.99,2.49658,29.48658,L.S. Dunes Tee Shirt Beige Size S,10003408,False,L.S. Dunes,Top,26.99,S
2026-05-22 19:23:17,2026-05-22,19,5,Friday,21,557,1.0,23.99,2.21908,26.20908,J. Crew Top Beige Size M,10007180,False,,Top,23.99,M
2026-05-22 19:23:17,2026-05-22,19,5,Friday,21,557,1.0,14.99,1.38658,16.37658,Tryst/Blk&BlueTankTop/SizeS,10005340,False,Tryst,Top,14.99,S
2026-05-22 19:23:17,2026-05-22,19,5,Friday,21,557,1.0,22.99,2.12658,25.11658,WHBM Burgundy Design SL Top / Size S,10008188,False,White House Black Market,Top,22.99,S
2026-05-22 19:23:17,2026-05-22,19,5,Friday,21,557,1.0,18.0,1.665,19.665,The Limited Off White Tank Blouse/Size XL,10005584,False,The Limited,Top,18.0,XL
2026-05-22 19:23:17,2026-05-22,19,5,Friday,21,557,1.0,21.99,2.03408,24.02408,GradeXG/WhiBlouse/SizeM,10008343,False,Grade X Gather,Top,21.99,M
2026-05-22 19:23:17,2026-05-22,19,5,Friday,21,557,1.0,16.99,1.57158,18.56158,Loft Black/White Top M,10008461,False,,Top,16.99,
2026-05-22 17:39:47,2026-05-22,17,5,Friday,21,556,1.0,15.99,1.47908,17.46908,Green Leather Belt,10004791,False,Unknown,Accessories,15.99,
2026-05-22 17:05:04,2026-05-22,17,5,Friday,21,555,1.0,13.0,1.2025,14.2025,Unknown Lt Grey LS Top M,10007957,False,,Top,13.0,
2026-05-22 16:47:11,2026-05-22,16,5,Friday,21,554,1.0,29.99,2.77408,32.76408,BlackPantwBows/SizeS,10006880,False,Unknown,Jeans/Pants,29.99,S
2026-05-22 16:47:11,2026-05-22,16,5,Friday,21,554,1.0,22.0,2.035,24.035,Vince Camuto SS Top Pink L,10007974,False,,Top,22.0,
2026-05-22 16:38:30,2026-05-22,16,5,Friday,21,553,1.0,135.0,12.4875,147.4875,Leather Fringe Dress / Size S,10004548,False,,Dress,135.0,S
2026-05-22 16:16:03,2026-05-22,16,5,Friday,21,552,1.0,24.99,2.31158,27.30158,Antonio Melani White Tank Top Size S,10006945,False,,Top,24.99,S
2026-05-22 16:03:27,2026-05-22,16,5,Friday,21,551,1.0,14.99,1.38658,16.37658,8byYook/BlueTieTop/Size40,10008356,False,8 by Yook,Other,14.99,40
2026-05-22 14:21:05,2026-05-22,14,5,Friday,21,550,1.0,18.99,1.75658,20.74658,Victoriaxs SecretSlip_Ta / Multi color / L / 7.04,10001200,False,Victoriaxs Secret,Other,18.99,
2026-05-22 14:21:05,2026-05-22,14,5,Friday,21,550,1.0,24.99,2.31158,27.30158,Primark Pink SL Blouse / Size 8,10006337,False,Primark,Top,24.99,8
2026-05-22 14:21:05,2026-05-22,14,5,Friday,21,550,1.0,19.99,1.84908,21.83908,Itsu Green Floral Skirt / Size 8,10007787,False,Itsu,Skirt,19.99,8
2026-05-22 13:28:14,2026-05-22,13,5,Friday,21,549,1.0,21.99,2.03408,24.02408,MarilynM/FlamingoDress/SizeM,10007752,True,Marilyn Monroe,Dress,21.99,M
2026-05-22 13:28:14,2026-05-22,13,5,Friday,21,549,1.0,25.0,2.3125,27.3125,Casa Lee Beige Black Skull Vest 1 / Size S,10008021,True,Casa Lee,Top,25.0,S
2026-05-22 13:28:14,2026-05-22,13,5,Friday,21,549,1.0,25.0,2.3125,27.3125,Casa Lee Beige Black Skull Vest 2 / Size S,10008022,True,Casa Lee,Top,25.0,S
2026-05-22 13:28:14,2026-05-22,13,5,Friday,21,549,1.0,39.0,3.6075,42.6075,Foxblood Black Dress S,10008741,True,,Dress,39.0,
2026-05-22 13:28:14,2026-05-22,13,5,Friday,21,549,1.0,8.99,0.83158,9.82158,OneClothing/BlkWhiTiedye/SizeL,10008594,True,One Clothing,Other,8.99,L
2026-05-22 13:28:14,2026-05-22,13,5,Friday,21,549,1.0,25.99,2.40408,28.39408,urban/shear top/blk rose/xs,10005489,True,Urban Outfitters,Top,25.99,XS
2026-05-21 17:22:39,2026-05-21,17,5,Thursday,21,548,1.0,49.99,4.62408,54.61408,Aureum NWT Yellow Blue Shorts / Size M,10007838,True,Aureum NWT,Shorts,49.99,M
2026-05-21 17:22:39,2026-05-21,17,5,Thursday,21,548,1.0,14.99,1.38658,16.37658,Unknown Purple SS Top M,10008252,True,,Top,14.99,
2026-05-21 17:15:44,2026-05-21,17,5,Thursday,21,547,1.0,22.99,2.12658,25.11658,SweetPea/ Sheer Floral Top/ Size L,10005440,False,Sweet Pea,Top,22.99,L
2026-05-21 12:24:54,2026-05-21,12,5,Thursday,21,546,1.0,11.99,1.10908,13.09908,MelroseM/TanStripeShorts/SizeM,10008341,False,Melrose X Market,Shorts,11.99,M
2026-05-20 17:18:51,2026-05-20,17,5,Wednesday,21,545,1.0,23.99,2.21908,26.20908,Adiva Vintage LS Blouse Size S,10007505,False,,Top,23.99,S
2026-05-20 17:18:51,2026-05-20,17,5,Wednesday,21,545,1.0,14.99,1.38658,16.37658,Divided Black Top Size 4,10008389,False,,Top,14.99,4
2026-05-20 17:18:51,2026-05-20,17,5,Wednesday,21,545,1.0,19.99,1.84908,21.83908,NWT Rip Curl Red Top Size S,10007632,False,,Top,19.99,S
2026-05-20 17:18:51,2026-05-20,17,5,Wednesday,21,545,1.0,19.99,1.84908,21.83908,ribbed purple middle scrunk croptop/small,10006220,False,Altar'd State,Top,19.99,
2026-05-20 17:18:51,2026-05-20,17,5,Wednesday,21,545,1.0,21.99,2.03408,24.02408,She & Sky White Crop Top / Size S,10006953,False,She & Sky,Top,21.99,S
2026-05-20 17:18:51,2026-05-20,17,5,Wednesday,21,545,1.0,28.99,2.68158,31.67158,Banana Rep Beige Cardigan / Size XS,10005893,False,Banana Republic,Sweater/Cardigan,28.99,XS
2026-05-20 15:18:34,2026-05-20,15,5,Wednesday,21,544,1.0,24.99,2.31158,27.30158,JonesNY/BlackBttnDwnDress/Size10,10008334,False,Jones New York,Dress,24.99,10
2026-05-20 14:27:27,2026-05-20,14,5,Wednesday,21,543,1.0,14.99,1.38658,16.37658,Japna Blue/White SS Top S,10008637,False,,Top,14.99,
2026-05-20 14:27:27,2026-05-20,14,5,Wednesday,21,543,1.0,24.99,2.31158,27.30158,Vintage Goth Dress Size 4,10007275,False,,Dress,24.99,4
2026-05-20 14:22:10,2026-05-20,14,5,Wednesday,21,542,1.0,11.99,1.10908,13.09908,HYFVE Green Halter Top L,10008625,False,,Top,11.99,
2026-05-20 14:22:10,2026-05-20,14,5,Wednesday,21,542,1.0,12.99,1.20158,14.19158,HYFVE Yellow Top Size M,10008645,False,,Top,12.99,M
2026-05-20 14:22:10,2026-05-20,14,5,Wednesday,21,542,1.0,15.99,1.47908,17.46908,MNG white and blue floral blouse/4,10008381,False,Mng,Top,15.99,4
2026-05-17 15:51:42,2026-05-17,15,5,Sunday,20,541,1.0,15.99,1.47908,17.46908,Her/PnkFlareSleeveBttnDwn/SizeS,10006115,False,Her,Other,15.99,S
2026-05-17 15:43:49,2026-05-17,15,5,Sunday,20,540,1.0,14.99,1.38658,16.37658,Newbury Kuston Pink SS Top M,10008638,False,,Top,14.99,
2026-05-17 15:43:49,2026-05-17,15,5,Sunday,20,540,1.0,17.99,1.66408,19.65408,A New Day Black SL Dress / Size L,10007473,False,A New Day,Dress,17.99,L
2026-05-17 15:41:43,2026-05-17,15,5,Sunday,20,539,1.0,23.0,2.1275,25.1275,Foxblood Black Sheer SS Dress / Size XS,10008011,False,Foxblood,Dress,23.0,XS
2026-05-17 15:24:06,2026-05-17,15,5,Sunday,20,538,1.0,21.99,2.03408,24.02408,Talbots Silk SL Top / Size 8,10006957,False,Talbots,Top,21.99,8
2026-05-17 15:10:35,2026-05-17,15,5,Sunday,20,537,1.0,23.99,2.21908,26.20908,Loft Black Floral Dress / Size 8,10005133,False,Loft,Dress,23.99,8
2026-05-17 15:10:35,2026-05-17,15,5,Sunday,20,537,1.0,14.99,1.38658,16.37658,CarolinaB/RedWhiteShorts/Size10,10008322,False,Carolina Blues,Shorts,14.99,10
2026-05-17 15:07:32,2026-05-17,15,5,Sunday,20,536,1.0,21.99,2.03408,24.02408,Bar IIICardigan_Zi / Orange X Pink / S / 14.85,10002759,False,Bar III,Sweater/Cardigan,21.99,
2026-05-17 15:07:32,2026-05-17,15,5,Sunday,20,536,1.0,35.99,3.32908,39.31908,Candies Pink Jacket Size XL,10008480,False,,Jacket/Coat,35.99,XL
2026-05-17 15:07:32,2026-05-17,15,5,Sunday,20,536,1.0,54.99,5.08658,60.07658,Kate Spade PInk Lola Tote Bag,10008443,False,,Accessories,54.99,
2026-05-17 15:04:16,2026-05-17,15,5,Sunday,20,535,1.0,19.99,1.84908,21.83908,NineWest/BluedenimHeels/Size8,10008306,False,Nine West,Jeans/Pants,19.99,8
2026-05-17 15:00:51,2026-05-17,15,5,Sunday,20,534,1.0,27.99,2.58908,30.57908,Christopher Banks Green Jacket XL,10008490,False,,Jacket/Coat,27.99,
2026-05-17 15:00:51,2026-05-17,15,5,Sunday,20,534,1.0,27.99,2.58908,30.57908,LenaG/CreamBttnBlazer/Size12,10008543,False,Lena Gabrielle,Jacket/Coat,27.99,12
2026-05-17 14:52:31,2026-05-17,14,5,Sunday,20,533,1.0,24.99,2.31158,27.30158,GraceK/BlkBlouse/SizeS,10004464,False,Grace Karin,Top,24.99,S
2026-05-17 14:52:31,2026-05-17,14,5,Sunday,20,533,1.0,27.99,2.58908,30.57908,BCBG Maxmara Brown Sundress/Size M,10006807,False,BCBG Maxazria,Dress,27.99,M
2026-05-17 14:52:31,2026-05-17,14,5,Sunday,20,533,1.0,135.0,12.4875,147.4875,FarmRio/PinkMulticolDress/SizeL,10004376,False,Farm Rio,Dress,135.0,L
2026-05-17 14:48:02,2026-05-17,14,5,Sunday,20,532,1.0,23.99,2.21908,26.20908,Anthropologie Gray Crop Top w Tie Back/Size M,10006263,False,Anthropologie,Top,23.99,M
2026-05-17 14:48:02,2026-05-17,14,5,Sunday,20,532,1.0,10.99,1.01658,12.00658,MulticolStripeCropTop/SizeL,10008601,False,Unknown,Top,10.99,L
2026-05-17 14:48:02,2026-05-17,14,5,Sunday,20,532,1.0,24.99,2.31158,27.30158,Monteau Green/Beige Jumpsuit S,10008464,False,,Romper/Jumpsuit,24.99,
2026-05-17 14:48:02,2026-05-17,14,5,Sunday,20,532,1.0,27.99,2.58908,30.57908,Le Lis Orange Romper Size M,10007226,False,,Romper/Jumpsuit,27.99,M
2026-05-17 14:38:26,2026-05-17,14,5,Sunday,20,531,1.0,24.99,2.31158,27.30158,Multi-Patterned Sheer Fitted Dress/Size 2XL,10004255,False,Bluebell,Dress,24.99,2
2026-05-17 14:37:41,2026-05-17,14,5,Sunday,20,530,1.0,48.99,4.53158,53.52158,Maniere De Voir WhtSatin Bustier/  L,10003928,False,Maniere De Voir,Other,48.99,L
2026-05-17 14:03:20,2026-05-17,14,5,Sunday,20,529,1.0,11.99,1.10908,13.09908,Patagonia/PinkShorts/SizeM,10008338,False,Patagonia,Shorts,11.99,M
2026-05-17 14:03:20,2026-05-17,14,5,Sunday,20,529,1.0,24.99,2.31158,27.30158,J. Jill Blue/White Pants Size M,10007436,False,,Jeans/Pants,24.99,M
2026-05-17 14:03:20,2026-05-17,14,5,Sunday,20,529,1.0,19.99,1.84908,21.83908,AmericanEagle/RedWhiSkirt/SizeM,10006937,False,American Eagle,Skirt,19.99,M
2026-05-17 14:03:20,2026-05-17,14,5,Sunday,20,529,1.0,33.99,3.14408,37.13408,The Normal Pants Yellow/White L,10008509,False,,Jeans/Pants,33.99,
2026-05-17 13:58:23,2026-05-17,13,5,Sunday,20,528,1.0,21.99,2.03408,24.02408,GoodChoice/PinkFlowerShoe/Size9.5,10007767,False,Good Choice,Shoes,21.99,9.5
2026-05-17 13:57:26,2026-05-17,13,5,Sunday,20,527,1.0,32.99,3.05158,36.04158,Lisette Floral Pants Offwhite/Size M,10005370,False,Lisette,Jeans/Pants,32.99,M
2026-05-17 13:57:26,2026-05-17,13,5,Sunday,20,527,1.0,21.99,2.03408,24.02408,Christopher Blue White Pants / Size 4,10007303,False,Christopher Blue,Jeans/Pants,21.99,4
2026-05-17 13:57:26,2026-05-17,13,5,Sunday,20,527,1.0,12.99,1.20158,14.19158,BlackTape/ Strappy Tank/ Pink/ Size M,10005094,False,Black Tank,Top,12.99,M
2026-05-17 13:57:26,2026-05-17,13,5,Sunday,20,527,1.0,13.99,1.29408,15.28408,Old Navy/ Floral Top/ Pnk&Orng/ Size M,10005096,False,Old Navy,Top,13.99,M
2026-05-17 13:49:19,2026-05-17,13,5,Sunday,20,526,1.0,19.99,1.84908,21.83908,Altard State Brown Skort S,10008508,False,,Other,19.99,
2026-05-17 13:49:19,2026-05-17,13,5,Sunday,20,526,1.0,24.99,2.31158,27.30158,ColesceC/Blk&Wh/SizeS,10004474,False,Colesce Couture,Other,24.99,S
2026-05-17 13:49:19,2026-05-17,13,5,Sunday,20,526,1.0,26.99,2.49658,29.48658,Alexandria Barlett Black Colorful Capris / Size 8,10007447,False,Alexandria Bartlett,Other,26.99,8
2026-05-17 13:49:19,2026-05-17,13,5,Sunday,20,526,1.0,24.99,2.31158,27.30158,Dana B Black Silk Skirt / Size M,10008001,False,Dana Buchman,Skirt,24.99,M
2026-05-17 13:48:10,2026-05-17,13,5,Sunday,20,525,1.0,25.99,2.40408,28.39408,XOXO Black Off Shoulder LS w Grommets / Size M,10005261,False,Xoxo,Top,25.99,M
2026-05-17 13:48:10,2026-05-17,13,5,Sunday,20,525,1.0,30.0,2.775,32.775,Caleaas Purple Jacket / Size S,10008045,False,Caleaas,Jacket/Coat,30.0,S
2026-05-17 13:32:54,2026-05-17,13,5,Sunday,20,524,1.0,24.99,2.31158,27.30158,black ribbed blouse/xs,10006208,True,Clockhouse,Top,24.99,XS
2026-05-17 12:57:49,2026-05-17,12,5,Sunday,20,523,1.0,20.99,1.94158,22.93158,BlackScrunchBag,10007372,False,Unknown,Accessories,20.99,
2026-05-17 12:57:49,2026-05-17,12,5,Sunday,20,523,1.0,29.99,2.77408,32.76408,Zara Sage Green Dress / Size S,10004640,False,Zara,Dress,29.99,S
2026-05-17 12:29:41,2026-05-17,12,5,Sunday,20,522,1.0,21.99,2.03408,24.02408,BCBGeneration/ Knit Top/ Prp&Wht/ SIze XL,10005076,False,BCBGeneration,Sweater/Cardigan,21.99,XL
2026-05-17 12:26:50,2026-05-17,12,5,Sunday,20,521,1.0,22.99,2.12658,25.11658,Adrianna Papell Gold Heels/Size 7.5,10007071,False,,Top,22.99,7.5
2026-05-17 12:26:50,2026-05-17,12,5,Sunday,20,521,1.0,22.99,2.12658,25.11658,VINTAGE Black SL Dress with White Flowers / Size S,10007113,False,Unknown,Dress,22.99,S
2026-05-17 12:26:50,2026-05-17,12,5,Sunday,20,521,1.0,74.99,6.93658,81.92658,VINTAGE Shiny Pink Green SS Dress / Size S,10007471,False,Unknown,Dress,74.99,S
2026-05-17 12:26:50,2026-05-17,12,5,Sunday,20,521,1.0,25.99,2.40408,28.39408,LauraAshley/Gld Kitten/Size 7.5,10004070,False,Laura Ashley,Other,25.99,7.5
2026-05-17 12:26:50,2026-05-17,12,5,Sunday,20,521,1.0,24.99,2.31158,27.30158,Loft/MulticolPatternSkirt/Size0,10007740,False,Loft,Skirt,24.99,0
2026-05-17 12:26:50,2026-05-17,12,5,Sunday,20,521,1.0,32.99,3.05158,36.04158,Laundry Multi-Color Dress Size M,10008455,False,,Dress,32.99,M
2026-05-17 12:26:50,2026-05-17,12,5,Sunday,20,521,1.0,28.99,2.68158,31.67158,CharlotteR/BlktoolSkirt/SizeS,10008560,False,Charlotte Russe,Skirt,28.99,S
2026-05-17 12:26:50,2026-05-17,12,5,Sunday,20,521,1.0,24.99,2.31158,27.30158,BananaRep/BlkLaceDress/Size0,10008576,False,Banana Republic,Dress,24.99,0
2026-05-17 12:26:50,2026-05-17,12,5,Sunday,20,521,1.0,29.99,2.77408,32.76408,black lace skirt/4,10007800,False,White House Black Market,Skirt,29.99,4
2026-05-17 12:26:50,2026-05-17,12,5,Sunday,20,521,1.0,28.99,2.68158,31.67158,FrenchC/BlackDress/Size0,10008585,False,French Connection,Dress,28.99,0
2026-05-17 12:26:50,2026-05-17,12,5,Sunday,20,521,1.0,24.99,2.31158,27.30158,BananaRep/BlkDress/Size0,10008574,False,Banana Republic,Dress,24.99,0
2026-05-17 11:49:21,2026-05-17,11,5,Sunday,20,520,1.0,28.99,2.68158,31.67158,Akira/Brwn&BlkSheerTop/SizeS,10006412,False,Akira,Other,28.99,S
2026-05-17 11:49:21,2026-05-17,11,5,Sunday,20,520,1.0,20.99,1.94158,22.93158,Patagonia/YellowShorts/SIzeM,10008340,False,Patagonia,Shorts,20.99,M
2026-05-17 11:45:32,2026-05-17,11,5,Sunday,20,519,1.0,14.99,1.38658,16.37658,Pink & White SL Romper / Size S,10007604,False,Unknown,Romper/Jumpsuit,14.99,S
2026-05-17 11:44:25,2026-05-17,11,5,Sunday,20,518,1.0,12.99,1.20158,14.19158,OldCountyRoad/RedStripeBag,10008307,False,Old County Road,Accessories,12.99,
2026-05-17 11:44:25,2026-05-17,11,5,Sunday,20,518,1.0,17.99,1.66408,19.65408,Brown Tote Bag M/L,10008249,False,,Accessories,17.99,L
2026-05-17 11:44:25,2026-05-17,11,5,Sunday,20,518,1.0,19.99,1.84908,21.83908,Chelsea & Violet Red Shorts M,10008446,False,,Shorts,19.99,
2026-05-17 11:43:30,2026-05-17,11,5,Sunday,20,517,1.0,26.0,2.405,28.405,AUW Blue Camisole Size L,10008238,False,,Top,26.0,L
2026-05-17 11:40:34,2026-05-17,11,5,Sunday,20,516,1.0,23.99,2.21908,26.20908,black and white strip pant/XL,10007810,False,LA Gypsy,Jeans/Pants,23.99,XL
2026-05-16 20:13:41,2026-05-16,20,5,Saturday,20,515,1.0,32.99,3.05158,36.04158,Philosophy Black/White Dress Size S,10007196,False,,Dress,32.99,S
2026-05-16 19:42:50,2026-05-16,19,5,Saturday,20,514,1.0,195.0,18.0375,213.0375,Black leather coach purse,10006832,True,Coach,Accessories,195.0,
2026-05-16 19:07:23,2026-05-16,19,5,Saturday,20,513,1.0,18.99,1.75658,20.74658,Nautica Off White Pinstripe Vest Top / Size 4,10007721,False,Nautica,Top,18.99,4
2026-05-16 18:58:03,2026-05-16,18,5,Saturday,20,512,1.0,15.99,1.47908,17.46908,LuckyBrand/ PinkFloyd Tee/ Yllw/ Size S,10005064,False,Lucky Brand,Top,15.99,S
2026-05-16 18:57:07,2026-05-16,18,5,Saturday,20,511,1.0,15.99,1.47908,17.46908,Papaya/DrawStringShirt/SizeM,10006879,False,Papaya,Top,15.99,M
2026-05-16 18:55:30,2026-05-16,18,5,Saturday,20,510,1.0,14.99,1.38658,16.37658,Known Supply Green SS Shirt / Size S,10006641,False,Known Supply,Top,14.99,S
2026-05-16 18:22:12,2026-05-16,18,5,Saturday,20,509,1.0,17.99,1.66408,19.65408,Cider SS Top Size S,10008481,False,,Top,17.99,S
2026-05-16 17:52:50,2026-05-16,17,5,Saturday,20,508,1.0,25.99,2.40408,28.39408,kimchi blue white blouse/m,10008380,False,Kimchi Blue,Top,25.99,M
2026-05-16 17:52:50,2026-05-16,17,5,Saturday,20,508,1.0,24.99,2.31158,27.30158,BrynWalker/BrwnBttnDwn/SizeS,10008339,False,Bryn Walker,Other,24.99,S
2026-05-16 17:52:50,2026-05-16,17,5,Saturday,20,508,1.0,19.0,1.7575,20.7575,Papaya Dress Multi-Color Size M,10007550,False,,Dress,19.0,M
2026-05-16 17:41:06,2026-05-16,17,5,Saturday,20,507,1.0,59.99,5.54908,65.53908,Silver Dragon Green Blazer Size M,10007483,False,,Jacket/Coat,59.99,M
2026-05-16 16:43:25,2026-05-16,16,5,Saturday,20,506,2.0,45.0,4.1625,49.1625,Flowers,10007594,True,,Other,22.5,
2026-05-16 16:25:06,2026-05-16,16,5,Saturday,20,505,1.0,24.99,2.31158,27.30158,Plenty/Blue&BlkFlowerDress/Size6,10006113,True,Plenty,Dress,24.99,6
2026-05-16 16:09:41,2026-05-16,16,5,Saturday,20,504,1.0,22.5,2.08125,24.58125,Flowers,10007594,False,,Other,22.5,
2026-05-16 16:09:41,2026-05-16,16,5,Saturday,20,504,1.0,12.0,1.11,13.11,Black Crop Top / Size XS,10008287,False,Unknown,Top,12.0,XS
2026-05-16 16:09:41,2026-05-16,16,5,Saturday,20,504,1.0,18.99,1.75658,20.74658,Loft Sleeveless Blue/White Top M,10008250,False,,Top,18.99,
2026-05-16 16:09:41,2026-05-16,16,5,Saturday,20,504,1.0,9.99,0.92408,10.91408,REdTOP/SizeM,10008589,False,Unknown,Other,9.99,M
2026-05-16 16:05:05,2026-05-16,16,5,Saturday,20,503,1.0,19.99,1.84908,21.83908,Nasty Girl Silver Top Size 10,10007278,False,,Top,19.99,10
2026-05-16 16:05:05,2026-05-16,16,5,Saturday,20,503,1.0,17.99,1.66408,19.65408,GianiBini/TanCropTankTop/SizeM,10006875,False,Giani Bini,Top,17.99,M
2026-05-16 16:05:05,2026-05-16,16,5,Saturday,20,503,1.0,24.99,2.31158,27.30158,Cinema Pink Lace Tulle Lingerie / Size M,10004782,False,Cinema Etoile,Other,24.99,M
2026-05-16 14:40:24,2026-05-16,14,5,Saturday,20,502,1.0,12.99,1.20158,14.19158,Dazy Blue Sheer LS W Tie Front / Size L,10005188,False,Dazy,Top,12.99,L
2026-05-16 14:40:24,2026-05-16,14,5,Saturday,20,502,1.0,22.99,2.12658,25.11658,BananaR/ChainGemNecklace,10007381,False,Banana Republic,Accessories,22.99,
2026-05-16 14:40:24,2026-05-16,14,5,Saturday,20,502,1.0,195.0,18.0375,213.0375,Coach Pink Madison Hobo,10008270,False,,Other,195.0,
2026-05-16 14:08:07,2026-05-16,14,5,Saturday,20,501,1.0,19.0,1.7575,20.7575,Wild Fable White Dress Size S,10007562,True,,Dress,19.0,S
2026-05-16 14:08:07,2026-05-16,14,5,Saturday,20,501,1.0,8.99,0.83158,9.82158,White Flower Ring 1,10003990,True,,Accessories,8.99,
2026-05-16 14:08:07,2026-05-16,14,5,Saturday,20,501,1.0,22.5,2.08125,24.58125,Flowers,10007594,True,,Other,22.5,
2026-05-16 13:41:23,2026-05-16,13,5,Saturday,20,500,1.0,12.99,1.20158,14.19158,multi colored shortsleeve blouse/m,10008129,False,Unknown,Shorts,12.99,M
2026-05-16 13:38:33,2026-05-16,13,5,Saturday,20,499,1.0,23.99,2.21908,26.20908,Ann Taylor Baby Pink Tank / Size L,10006288,False,Ann Taylor,Top,23.99,L
2026-05-16 13:38:33,2026-05-16,13,5,Saturday,20,499,1.0,14.99,1.38658,16.37658,Christina Black/White Sleeveless L,10008245,False,,Top,14.99,
2026-05-16 13:38:33,2026-05-16,13,5,Saturday,20,499,1.0,25.99,2.40408,28.39408,black and tan design blouse/14,10007807,False,Coldwater Creek,Top,25.99,14
2026-05-16 13:12:29,2026-05-16,13,5,Saturday,20,498,1.0,23.0,2.1275,25.1275,Style U White Tube Top / Size M,10008016,True,Style U,Top,23.0,M
2026-05-16 13:11:26,2026-05-16,13,5,Saturday,20,497,1.0,25.99,2.40408,28.39408,WHBM/BlkcinchTop/SizeL,10006157,True,White House Black Market,Other,25.99,L
2026-05-16 12:55:28,2026-05-16,12,5,Saturday,20,496,1.0,29.99,2.77408,32.76408,Paani/MulticolFlowerDress/SizeS,10008293,False,Paani,Dress,29.99,S
2026-05-16 12:55:28,2026-05-16,12,5,Saturday,20,496,1.0,22.99,2.12658,25.11658,Sofft Elsa Blue Sandals/Size,10007091,False,Sofft,Top,22.99,
2026-05-16 12:41:04,2026-05-16,12,5,Saturday,20,495,1.0,13.99,1.29408,15.28408,BlkSheerTshirt/SizeL,10006108,False,Unknown,Top,13.99,L
2026-05-16 12:41:04,2026-05-16,12,5,Saturday,20,495,1.0,10.99,1.01658,12.00658,Eloise Black Tank / Size M,10005309,False,Eloise,Top,10.99,M
2026-05-16 12:41:04,2026-05-16,12,5,Saturday,20,495,1.0,26.99,2.49658,29.48658,HyFve Black Top/Size M,10005375,False,Hyfve,Top,26.99,M
2026-05-16 12:36:57,2026-05-16,12,5,Saturday,20,494,1.0,23.99,2.21908,26.20908,Yellow Chic Vintage T Shirt Size L,10007152,False,,Top,23.99,L
2026-05-16 12:36:57,2026-05-16,12,5,Saturday,20,494,1.0,26.99,2.49658,29.48658,Gray Floral Sparkly Hat,10007086,False,Unknown,Accessories,26.99,
2026-05-16 11:50:44,2026-05-16,11,5,Saturday,20,493,1.0,23.99,2.21908,26.20908,Pink Chic Vintage T Shirt Size S,10007145,False,,Top,23.99,S
2026-05-16 11:33:49,2026-05-16,11,5,Saturday,20,492,1.0,18.99,1.75658,20.74658,TicToc/PinkWhiCorset/SizeM,10008537,False,Tic Toc,Set,18.99,M
2026-05-16 11:33:49,2026-05-16,11,5,Saturday,20,492,1.0,24.99,2.31158,27.30158,Lush Dark Blue Satin Top / Size M,10004800,False,Lush,Top,24.99,M
2026-05-16 11:29:09,2026-05-16,11,5,Saturday,20,491,1.0,23.0,2.1275,25.1275,Style U Bright Pink Tube Top / Size L,10008005,False,Style U,Top,23.0,L
2026-05-15 19:08:54,2026-05-15,19,5,Friday,20,490,1.0,34.99,3.23658,38.22658,Madewell Striped Dress/Size 6,10005822,False,Madewell,Dress,34.99,6
2026-05-15 19:08:54,2026-05-15,19,5,Friday,20,490,1.0,18.99,1.75658,20.74658,Reoria SS Top Pink Size L,10007282,False,,Top,18.99,L
2026-05-15 18:53:57,2026-05-15,18,5,Friday,20,489,1.0,19.99,1.84908,21.83908,Turks & Caicos White Cover Up Pants S,10007430,False,,Jeans/Pants,19.99,
2026-05-15 18:01:20,2026-05-15,18,5,Friday,20,488,1.0,18.99,1.75658,20.74658,BlueSteel/ Multipttrn Crop/ Size M,10005180,True,Bluesteel,Top,18.99,M
2026-05-15 17:55:32,2026-05-15,17,5,Friday,20,487,1.0,24.0,2.22,26.22,Tennessee Orange Shawl,10007959,False,,Top,24.0,
2026-05-15 17:50:50,2026-05-15,17,5,Friday,20,486,1.0,19.99,1.84908,21.83908,redbrownVelvetLaceTankTop/SizeS,10006881,False,Unknown,Top,19.99,S
2026-05-15 17:50:50,2026-05-15,17,5,Friday,20,486,1.0,14.99,1.38658,16.37658,LushBlkSheermulticolTop/SizeS,10007420,False,Lush,Other,14.99,S
2026-05-15 17:50:50,2026-05-15,17,5,Friday,20,486,1.0,24.99,2.31158,27.30158,cynthia rowley/pant/navy/6,10003631,False,Cynthia Rowley,Jeans/Pants,24.99,6
2026-05-15 17:48:06,2026-05-15,17,5,Friday,20,485,1.0,28.99,2.68158,31.67158,kimrogers/bls/flr/ps,10004888,False,Kim Rogers,Top,28.99,
2026-05-15 17:48:06,2026-05-15,17,5,Friday,20,485,1.0,22.99,2.12658,25.11658,Tahari/MulticolTop/SizeL,10008554,False,Tahari,Other,22.99,L
2026-05-15 17:20:53,2026-05-15,17,5,Friday,20,484,1.0,19.0,1.7575,20.7575,Kristin D White LS Buttondown / Size L,10008046,False,Kristin Davis,Top,19.0,L
2026-05-15 17:11:01,2026-05-15,17,5,Friday,20,483,1.0,22.5,2.08125,24.58125,Flowers,10007594,False,,Other,22.5,
2026-05-15 16:47:21,2026-05-15,16,5,Friday,20,482,1.0,25.99,2.40408,28.39408,Lulu's Gold Dress Size S,10007292,True,,Dress,25.99,S
2026-05-15 16:47:21,2026-05-15,16,5,Friday,20,482,1.0,35.99,3.32908,39.31908,Saks/WhiCreamDress/SizeL,10008083,True,Saks 5Th Ave,Dress,35.99,L
2026-05-15 16:47:21,2026-05-15,16,5,Friday,20,482,1.0,34.99,3.23658,38.22658,Storia Muted Blush LS Dress / Size S,10007780,True,Storia,Dress,34.99,S
2026-05-15 16:47:21,2026-05-15,16,5,Friday,20,482,1.0,17.99,1.66408,19.65408,Brown Dangle Earrings,10007941,True,Unknown,Accessories,17.99,
2026-05-15 16:44:58,2026-05-15,16,5,Friday,20,481,1.0,30.99,2.86658,33.85658,Delicates Bl Lace Slip/Size S,10003930,False,,Other,30.99,S
2026-05-15 16:34:42,2026-05-15,16,5,Friday,20,480,1.0,12.99,1.20158,14.19158,SilverGemNecklace,10007383,False,Unknown,Accessories,12.99,
2026-05-15 16:34:42,2026-05-15,16,5,Friday,20,480,1.0,25.99,2.40408,28.39408,V Italia Colorful Sandals / Size 8.5,10007637,False,V Italia,Top,25.99,8.5
2026-05-15 16:34:42,2026-05-15,16,5,Friday,20,480,1.0,22.99,2.12658,25.11658,Harley DavidsonTee Shirt_Hdaf / Black / XL / abc,10004037,False,Harley Davidson,Top,22.99,
2026-05-15 16:34:42,2026-05-15,16,5,Friday,20,480,1.0,24.99,2.31158,27.30158,Free People Intimately Romper Blue M,10008428,False,,Romper/Jumpsuit,24.99,
2026-05-15 16:33:43,2026-05-15,16,5,Friday,20,479,1.0,12.99,1.20158,14.19158,Zara/ SqrNck Crop/ Camel/ Size L,10005141,False,Zara,Other,12.99,L
2026-05-15 16:20:23,2026-05-15,16,5,Friday,20,478,1.0,29.99,2.77408,32.76408,reversible sundress/m,10007802,False,Unknown,Dress,29.99,M
2026-05-15 15:49:30,2026-05-15,15,5,Friday,20,477,1.0,22.5,2.08125,24.58125,Flowers,10007594,False,,Other,22.5,
2026-05-15 15:16:50,2026-05-15,15,5,Friday,20,476,1.0,31.99,2.95908,34.94908,Mountain Hardware Brown Skirt / Size 10,10006492,False,Mountain Hardware,Skirt,31.99,10
2026-05-15 15:16:50,2026-05-15,15,5,Friday,20,476,1.0,21.99,2.03408,24.02408,Silver necklace Lt Blue Stone,10007953,False,,Accessories,21.99,
2026-05-15 15:16:50,2026-05-15,15,5,Friday,20,476,1.0,22.5,2.08125,24.58125,Flowers,10007594,False,,Other,22.5,
2026-05-15 14:51:16,2026-05-15,14,5,Friday,20,475,1.0,22.5,2.08125,24.58125,Flowers,10007594,False,,Other,22.5,
2026-05-15 14:09:25,2026-05-15,14,5,Friday,20,474,1.0,15.99,1.47908,17.46908,PGA TourSS Top_Iz / Pink / M / 16.06,10003003,True,PGA Tour,Top,15.99,
2026-05-15 14:09:25,2026-05-15,14,5,Friday,20,474,1.0,24.99,2.31158,27.30158,Alexis Bittar Gold Colored Enamel Ring / Gold / M / abc,10003226,True,Alexis Bitlar,Accessories,24.99,
2026-05-15 13:56:46,2026-05-15,13,5,Friday,20,473,1.0,32.99,3.05158,36.04158,VINTAGE Depeche  Blk PolkaDot Top/ Size 12,10007324,True,Depeche Mode,Top,32.99,12
2026-05-15 13:56:46,2026-05-15,13,5,Friday,20,473,1.0,25.99,2.40408,28.39408,long sleeve pink striped dress shirt/small,10006184,True,Unknown,Dress,25.99,
2026-05-15 13:56:46,2026-05-15,13,5,Friday,20,473,1.0,24.99,2.31158,27.30158,Vintage Carol Chase LS Blouse 10,10008224,True,,Top,24.99,
2026-05-15 13:56:46,2026-05-15,13,5,Friday,20,473,1.0,74.99,6.93658,81.92658,VintageIsabel/BlueFlowrSwtr/SizeS,10008050,True,Isabel of Saks Fifth Avenue,Sweater/Cardigan,74.99,S
2026-05-15 13:56:46,2026-05-15,13,5,Friday,20,473,1.0,49.99,4.62408,54.61408,BC Vintage Faux Leather Jacket/Size L/Black,10004166,True,Bc,Jacket/Coat,49.99,L
2026-05-15 13:46:14,2026-05-15,13,5,Friday,20,472,1.0,115.0,10.6375,125.6375,silver skull clutch bag,10007759,False,Unknown,Accessories,115.0,
2026-05-15 13:18:15,2026-05-15,13,5,Friday,20,471,1.0,22.5,2.08125,24.58125,Flowers,10007594,False,,Other,22.5,
2026-05-15 13:16:53,2026-05-15,13,5,Friday,20,470,1.0,22.5,2.08125,24.58125,Flowers,10007594,False,,Other,22.5,
2026-05-15 12:58:05,2026-05-15,12,5,Friday,20,469,1.0,24.99,2.31158,27.30158,EmmaJames/PinkFloralSkirt/SizeL,10008336,False,Emma James,Skirt,24.99,L
2026-05-15 12:56:54,2026-05-15,12,5,Friday,20,468,1.0,25.99,2.40408,28.39408,Moon X Madi Pink Smiley Face Sweater / Size M,10004982,False,Moon X Madison,Sweater/Cardigan,25.99,M
2026-05-15 12:54:56,2026-05-15,12,5,Friday,20,467,1.0,18.99,1.75658,20.74658,Divided/RedPolkaDotDress/Size2,10007738,False,Divided,Dress,18.99,2
2026-05-15 12:47:39,2026-05-15,12,5,Friday,20,466,1.0,139.99,12.94908,152.93908,NWOT Pink Boots Size 9,10008444,False,,Shoes,139.99,9
2026-05-15 12:18:03,2026-05-15,12,5,Friday,20,465,1.0,22.5,2.08125,24.58125,Flowers,10007594,False,,Other,22.5,
2026-05-14 19:42:16,2026-05-14,19,5,Thursday,20,464,1.0,350.0,32.375,382.375,Vintage Y2K Baby Pink Coach Soho Shoulder Bag,10006273,True,Coach,Accessories,350.0,
2026-05-14 19:42:16,2026-05-14,19,5,Thursday,20,464,1.0,225.0,20.8125,245.8125,Coach Green Purse Leather Handle,10004522,True,Coach,Accessories,225.0,
2026-05-14 19:32:34,2026-05-14,19,5,Thursday,20,463,1.0,24.99,2.31158,27.30158,J Crew Pink Red Floral Dress / Size 12,10006763,False,J Crew,Dress,24.99,12
2026-05-14 18:28:19,2026-05-14,18,5,Thursday,20,462,1.0,24.99,2.31158,27.30158,Mondessa/RedFlowerlouse/SizeS,10008079,False,Mondessa,Top,24.99,S
2026-05-14 17:39:35,2026-05-14,17,5,Thursday,20,461,1.0,22.99,2.12658,25.11658,Unknown Green Dress Size 6,10008395,False,,Dress,22.99,6
2026-05-14 17:39:35,2026-05-14,17,5,Thursday,20,461,1.0,28.99,2.68158,31.67158,GTWUrban/RedDress/SizeM,10005423,False,GTW Urban,Dress,28.99,M
2026-05-14 17:29:32,2026-05-14,17,5,Thursday,20,460,1.0,35.99,3.32908,39.31908,ClothXStone/GrnJumpsuit/SizeXS,10006008,False,Cloth X Stone,Romper/Jumpsuit,35.99,XS
2026-05-14 17:29:32,2026-05-14,17,5,Thursday,20,460,1.0,49.99,4.62408,54.61408,Vintage Grey Vest Size S,10007184,False,,Top,49.99,S
2026-05-14 14:19:48,2026-05-14,14,5,Thursday,20,459,1.0,22.5,2.08125,24.58125,Flowers,10007594,False,,Other,22.5,
2026-05-14 13:58:10,2026-05-14,13,5,Thursday,20,458,1.0,22.5,2.08125,24.58125,Flowers,10007594,False,,Other,22.5,
2026-05-14 13:49:46,2026-05-14,13,5,Thursday,20,457,1.0,26.99,2.49658,29.48658,Miami Burgundy Dress Size XS,10007178,True,,Dress,26.99,XS
2026-05-14 13:49:46,2026-05-14,13,5,Thursday,20,457,1.0,25.99,2.40408,28.39408,Jen 7 Straight Black Jeans / Size 4,10003796,True,Jen 7,Jeans/Pants,25.99,4
2026-05-14 13:13:14,2026-05-14,13,5,Thursday,20,456,1.0,24.99,2.31158,27.30158,Tahari Tan Dress Size S,10007193,True,,Dress,24.99,S
2026-05-14 13:11:05,2026-05-14,13,5,Thursday,20,455,1.0,19.99,1.84908,21.83908,Green Stone Earings,10007952,False,,Accessories,19.99,
2026-05-14 12:59:10,2026-05-14,12,5,Thursday,20,454,1.0,19.0,1.7575,20.7575,Madewell Blue Skirt Size 0,10007880,False,,Skirt,19.0,0
2026-05-14 12:59:10,2026-05-14,12,5,Thursday,20,454,1.0,20.0,1.85,21.85,Andrea Jovine Black/Fish Dress 6,10007970,False,,Dress,20.0,
2026-05-14 12:56:10,2026-05-14,12,5,Thursday,20,453,1.0,21.99,2.03408,24.02408,UltraPink/Blk&WhiTop/SizeS,10005290,False,Ultra Pink,Other,21.99,S
2026-05-14 12:22:50,2026-05-14,12,5,Thursday,20,452,1.0,26.99,2.49658,29.48658,Fantastic F Blush LS Dress / Size M,10008187,False,Fantastic Fawn,Dress,26.99,M
2026-05-13 18:39:56,2026-05-13,18,5,Wednesday,20,451,1.0,44.99,4.16158,49.15158,NicoleLee/GreenSequinflowerPurse,10008298,False,Nicole Lee,Accessories,44.99,
2026-05-13 18:39:27,2026-05-13,18,5,Wednesday,20,450,1.0,25.99,2.40408,28.39408,Angie/BlkPurpFloralHalter/SizeS,10005473,False,Angie,Top,25.99,S
2026-05-13 17:52:58,2026-05-13,17,5,Wednesday,20,449,1.0,19.99,1.84908,21.83908,LRL Green LS / Size XL,10005886,False,Lauren Ralph Lauren,Top,19.99,XL
2026-05-13 17:52:58,2026-05-13,17,5,Wednesday,20,449,1.0,22.99,2.12658,25.11658,Tribal/BrownSkirt/Size14,10004927,False,Tribal,Skirt,22.99,14
2026-05-13 17:52:58,2026-05-13,17,5,Wednesday,20,449,1.0,21.99,2.03408,24.02408,BlackSkirt/SizeM,10008346,False,Unknown,Skirt,21.99,M
2026-05-13 17:31:21,2026-05-13,17,5,Wednesday,20,448,1.0,39.99,3.69908,43.68908,Green Suede Boots La Canadienne  Size 6 1/2,10003347,False,La Canadienne,Shoes,39.99,6
2026-05-13 17:28:32,2026-05-13,17,5,Wednesday,20,447,1.0,35.99,3.32908,39.31908,Stella Dot Rhinestone Necklace,10007338,False,Stella & Dot,Accessories,35.99,
2026-05-13 15:27:19,2026-05-13,15,5,Wednesday,20,446,1.0,23.99,2.21908,26.20908,Yellow Chic Vintage T Shirt Size XL,10007153,False,,Top,23.99,XL
2026-05-13 15:27:19,2026-05-13,15,5,Wednesday,20,446,1.0,24.99,2.31158,27.30158,Talbots Dark Blue Collared Sleeveless / Size XL,10003864,False,T by Talbots,Top,24.99,XL
2026-05-13 15:27:19,2026-05-13,15,5,Wednesday,20,446,1.0,18.99,1.75658,20.74658,Apt9/GrnSPotBttnDwn/Size2X,10005472,False,Apt 9,Other,18.99,2
2026-05-13 13:58:07,2026-05-13,13,5,Wednesday,20,445,1.0,12.99,1.20158,14.19158,Altar'd State Tank Black/Size S,10005215,False,Altar'd State,Top,12.99,S
2026-05-13 13:53:37,2026-05-13,13,5,Wednesday,20,444,1.0,12.99,1.20158,14.19158,Black Leather Belt with Brown Design,10007983,False,Unknown,Accessories,12.99,
2026-05-13 13:31:11,2026-05-13,13,5,Wednesday,20,443,1.0,24.99,2.31158,27.30158,CreamCircleHatSet,10008314,False,Unknown,Set,24.99,
2026-05-10 16:13:44,2026-05-10,16,5,Sunday,19,442,1.0,20.99,1.94158,22.93158,Moda Int Burgundy LS Top XS,10007532,False,,Top,20.99,
2026-05-10 16:13:04,2026-05-10,16,5,Sunday,19,441,1.0,39.99,3.69908,43.68908,Slate & Willow Multi-color Dress XS,10007945,False,,Dress,39.99,
2026-05-10 16:11:24,2026-05-10,16,5,Sunday,19,440,1.0,75.0,6.9375,81.9375,Fossil Hobo Handbag,10003434,False,Fossil,Top,75.0,
2026-05-10 16:05:23,2026-05-10,16,5,Sunday,19,439,1.0,49.99,4.62408,54.61408,Gianni Bini Brown Boots 7.5,10007676,False,,Shoes,49.99,
2026-05-10 16:05:23,2026-05-10,16,5,Sunday,19,439,1.0,19.99,1.84908,21.83908,DR 2 Pink Patterned SS Top / Size S,10007929,False,Dr 2,Top,19.99,S
2026-05-10 15:14:43,2026-05-10,15,5,Sunday,19,438,1.0,21.99,2.03408,24.02408,Love on Yellow Blue Skirt / Size 5,10008186,False,Love On A Hanger,Skirt,21.99,5
2026-05-10 15:14:43,2026-05-10,15,5,Sunday,19,438,1.0,27.99,2.58908,30.57908,OdilleYellow/Black Skirt Size 0,10008228,False,,Skirt,27.99,0
2026-05-10 14:59:58,2026-05-10,14,5,Sunday,19,437,1.0,75.99,7.02908,83.01908,BDarlin/GrnfloralRuffleDress/Size7/8,10007373,False,B Darlin,Dress,75.99,7
2026-05-10 14:32:30,2026-05-10,14,5,Sunday,19,436,1.0,29.99,2.77408,32.76408,VINTAGE City T Blue Floral Dress / Size L,10008409,True,City Triangles,Dress,29.99,L
2026-05-10 14:32:30,2026-05-10,14,5,Sunday,19,436,1.0,54.99,5.08658,60.07658,La Lavon White Floral Dress Size L,10008422,True,,Dress,54.99,L
2026-05-10 14:28:36,2026-05-10,14,5,Sunday,19,435,1.0,25.99,2.40408,28.39408,A Beautiful Soul Blush & Black Dress / XL,10004609,False,A Beautiful Soul,Dress,25.99,XL
2026-05-10 13:29:24,2026-05-10,13,5,Sunday,19,434,1.0,24.99,2.31158,27.30158,Sid & Sandy Peach Plaid LS / Size XXXL,10004721,False,Sid X Sandy,Top,24.99,XXXL
2026-05-10 13:29:24,2026-05-10,13,5,Sunday,19,434,1.0,20.99,1.94158,22.93158,J Crew Pink SS Blouse / Size 12,10006979,False,J Crew,Top,20.99,12
2026-05-10 13:29:24,2026-05-10,13,5,Sunday,19,434,1.0,18.99,1.75658,20.74658,Red Colorful Striped Belt,10006379,False,Unknown,Accessories,18.99,
2026-05-10 13:25:41,2026-05-10,13,5,Sunday,19,433,1.0,24.99,2.31158,27.30158,RickieFreeman/GrnPurpFlowerDress,10008310,False,Rickie Freeman,Dress,24.99,
2026-05-10 11:53:51,2026-05-10,11,5,Sunday,19,432,1.0,18.99,1.75658,20.74658,Franco Sarto Tan Leather Slip Ons / Size 10,10007358,False,Franco Sarto,Other,18.99,10
2026-05-09 20:00:23,2026-05-09,20,5,Saturday,19,431,1.0,24.99,2.31158,27.30158,Banana R Cream & Brown Dress / Size 4,10004630,False,Banana Republic,Dress,24.99,4
2026-05-09 20:00:23,2026-05-09,20,5,Saturday,19,431,1.0,10.99,1.01658,12.00658,vintage white halter top/s,10008092,False,Unknown,Top,10.99,S
2026-05-09 20:00:23,2026-05-09,20,5,Saturday,19,431,1.0,24.99,2.31158,27.30158,Intuitions/EmbroidedVest/Size6,10008290,False,Intuitions,Top,24.99,6
2026-05-09 20:00:23,2026-05-09,20,5,Saturday,19,431,1.0,25.99,2.40408,28.39408,HannaGracie Grey Layered Skirt/Size S,10003691,False,Hanna Gracie,Skirt,25.99,S
2026-05-09 19:57:47,2026-05-09,19,5,Saturday,19,430,1.0,14.99,1.38658,16.37658,Blush/ Pattern Top/ Brwn&Crm/ Size S,10005153,False,Blush,Top,14.99,S
2026-05-09 19:57:47,2026-05-09,19,5,Saturday,19,430,1.0,19.99,1.84908,21.83908,BCBG Black & White SL Top / Size S,10007915,False,BCBG Maxazria,Top,19.99,S
2026-05-09 19:57:47,2026-05-09,19,5,Saturday,19,430,1.0,18.99,1.75658,20.74658,SiennaSky/OraPinkFloralTop/SizeS,10006884,False,Sienna Sky,Other,18.99,S
2026-05-09 19:57:47,2026-05-09,19,5,Saturday,19,430,1.0,18.99,1.75658,20.74658,J Crew Red Scallop Tank / Size 2,10005642,False,J Crew,Top,18.99,2
2026-05-09 19:19:42,2026-05-09,19,5,Saturday,19,429,1.0,9.99,0.92408,10.91408,DogScarf,10008348,False,Unknown,Accessories,9.99,
2026-05-09 19:19:42,2026-05-09,19,5,Saturday,19,429,1.0,29.99,2.77408,32.76408,Marilyn Pink & Black 2 Piece Sleepwear Set / Size S,10007834,False,Marilyn Monroe,Set,29.99,S
2026-05-09 18:40:24,2026-05-09,18,5,Saturday,19,428,1.0,32.99,3.05158,36.04158,Faux White Crocodile Bag Floral,10007917,False,Unknown,Accessories,32.99,
2026-05-09 18:11:01,2026-05-09,18,5,Saturday,19,427,1.0,25.0,2.3125,27.3125,NWT M Rena Black Dress M,10008035,False,,Dress,25.0,
2026-05-09 16:33:28,2026-05-09,16,5,Saturday,19,426,1.0,28.99,2.68158,31.67158,BlackSheerdesignTop,10007394,False,Unknown,Other,28.99,
2026-05-09 16:12:54,2026-05-09,16,5,Saturday,19,425,1.0,15.99,1.47908,17.46908,Ralph Lauren Pink Red Polo  / Size L,10006323,False,Ralph Lauren,Other,15.99,L
2026-05-09 16:12:54,2026-05-09,16,5,Saturday,19,425,1.0,16.99,1.57158,18.56158,Under Armor Camo Baseball Hat,10006507,False,Under Armor,Accessories,16.99,
2026-05-09 16:03:48,2026-05-09,16,5,Saturday,19,424,1.0,225.0,20.8125,245.8125,Coach Erin Leather Shoulder Bag / Pink / OS / abc,10003148,False,Coach,Accessories,225.0,
2026-05-09 15:33:47,2026-05-09,15,5,Saturday,19,423,1.0,19.99,1.84908,21.83908,Lia Sophia Necklace,10007840,False,,Accessories,19.99,
2026-05-09 15:32:40,2026-05-09,15,5,Saturday,19,422,1.0,20.0,1.85,21.85,Flowers,10007594,False,,Other,22.5,
2026-05-09 15:31:35,2026-05-09,15,5,Saturday,19,421,1.0,32.99,3.05158,36.04158,VINTAGE Yellow Dress Embrodiered,10003980,False,,Dress,32.99,
2026-05-09 15:31:35,2026-05-09,15,5,Saturday,19,421,1.0,25.99,2.40408,28.39408,Ann Taylor White SL Long Dress / Size 6,10007114,False,Ann Taylor,Dress,25.99,6
2026-05-09 14:01:53,2026-05-09,14,5,Saturday,19,420,1.0,21.99,2.03408,24.02408,nanette lepore knit skirt/M,10008118,False,Nanette Lepore,Skirt,21.99,M
2026-05-09 14:01:53,2026-05-09,14,5,Saturday,19,420,1.0,24.99,2.31158,27.30158,Jcrew/Blk&WhiSkirt/Size8,10005762,False,J Crew,Skirt,24.99,8
2026-05-09 12:40:04,2026-05-09,12,5,Saturday,19,419,1.0,30.99,2.86658,33.85658,Red Front-Tie Satin Slip,10003931,False,Unknown,Other,30.99,
2026-05-09 12:40:04,2026-05-09,12,5,Saturday,19,419,1.0,35.99,3.32908,39.31908,Flat White Cardigan OSFM,10008225,False,,Sweater/Cardigan,35.99,
2026-05-09 12:40:04,2026-05-09,12,5,Saturday,19,419,1.0,30.0,2.775,32.775,Freyrs/LightSunglasseswCase,10007313,False,Freyrs,Top,30.0,
2026-05-09 12:32:12,2026-05-09,12,5,Saturday,19,418,4.0,80.0,7.4,87.4,Flowers,10007594,False,,Other,22.5,
2026-05-09 11:57:53,2026-05-09,11,5,Saturday,19,417,1.0,27.99,2.58908,30.57908,Nic & Zoe Beige LS Top Size L,10007570,False,,Top,27.99,L
2026-05-09 11:57:53,2026-05-09,11,5,Saturday,19,417,1.0,24.99,2.31158,27.30158,Talbots Yellow Suit Set / Size 4,10007730,False,Talbots,Set,24.99,4
2026-05-09 11:57:53,2026-05-09,11,5,Saturday,19,417,1.0,13.99,1.29408,15.28408,Liz C Black Leather Belt / Size Medium,10007986,False,Liz Claiborne,Accessories,13.99,M
2026-05-09 11:57:53,2026-05-09,11,5,Saturday,19,417,1.0,33.99,3.14408,37.13408,Mina Self Beige Collared Vest Top / Size L,10007651,False,Mina Self,Top,33.99,L
2026-05-09 11:57:53,2026-05-09,11,5,Saturday,19,417,1.0,12.99,1.20158,14.19158,String/Gold Necklace,10007341,False,Unknown,Accessories,12.99,
2026-05-09 11:57:53,2026-05-09,11,5,Saturday,19,417,1.0,22.99,2.12658,25.11658,Tommy Bahama Silver Belt / Size XS,10006385,False,Tommy Bahama,Accessories,22.99,XS
2026-05-09 11:57:53,2026-05-09,11,5,Saturday,19,417,1.0,27.99,2.58908,30.57908,Delicates Camisole Green Size S,10003443,False,Delicates,Top,27.99,S
2026-05-09 11:57:53,2026-05-09,11,5,Saturday,19,417,1.0,18.99,1.75658,20.74658,MorganT/FloralMeshIntDress/SizeP,10007753,False,Morgan Taylor Intimates,Dress,18.99,
2026-05-09 11:57:53,2026-05-09,11,5,Saturday,19,417,1.0,33.99,3.14408,37.13408,Zara Multicolor Skirt M,10007847,False,,Skirt,33.99,
2026-05-09 11:57:53,2026-05-09,11,5,Saturday,19,417,1.0,18.99,1.75658,20.74658,Miss Cocoa Salmon Halter Top Metal / Size M,10005502,False,Miss Cocoa,Top,18.99,M
2026-05-09 11:57:53,2026-05-09,11,5,Saturday,19,417,1.0,25.99,2.40408,28.39408,Jaipur/GrnBlkPrintFlareBlouse/SizeM,10006792,False,Jaipur,Top,25.99,M
2026-05-09 11:57:53,2026-05-09,11,5,Saturday,19,417,1.0,22.99,2.12658,25.11658,LaMode/MulticolSwtrVest/SizeXL,10006043,False,La Mode,Sweater/Cardigan,22.99,XL
2026-05-09 11:57:53,2026-05-09,11,5,Saturday,19,417,1.0,23.99,2.21908,26.20908,Dressbarn Black Sleeveless Top S,10007668,False,,Dress,23.99,
2026-05-09 11:57:53,2026-05-09,11,5,Saturday,19,417,1.0,22.99,2.12658,25.11658,Chaps Sleeveless Vest Black L,10007590,False,,Top,22.99,
2026-05-09 11:57:53,2026-05-09,11,5,Saturday,19,417,1.0,14.0,1.295,15.295,Moda Intl Black Halter,10008221,False,,Top,14.0,
2026-05-09 11:57:53,2026-05-09,11,5,Saturday,19,417,1.0,17.99,1.66408,19.65408,HarloweXG/RedBlkLaceTop/SizeM,10008351,False,Harlowe X Graham,Other,17.99,M
2026-05-09 11:57:53,2026-05-09,11,5,Saturday,19,417,1.0,49.99,4.62408,54.61408,VINTAGE Cream Pink Blue Sheer Dress / Size S,10006449,False,Unknown,Dress,49.99,S
2026-05-09 11:57:53,2026-05-09,11,5,Saturday,19,417,1.0,35.99,3.32908,39.31908,vintage pink sweater dress with belt/9,10008100,False,Unknown,Dress,35.99,9
2026-05-09 11:57:53,2026-05-09,11,5,Saturday,19,417,1.0,225.0,20.8125,245.8125,Coach Apple Green Suede Hobo Bag,10003436,False,Coach,Accessories,225.0,
2026-05-09 11:42:40,2026-05-09,11,5,Saturday,19,416,1.0,13.99,1.29408,15.28408,Runway/WhiteShawl/SizeS/M,10008303,False,Runway,Other,13.99,S
2026-05-08 19:50:54,2026-05-08,19,5,Friday,19,415,1.0,20.0,1.85,21.85,Flowers,10007594,False,,Other,22.5,
2026-05-08 19:13:23,2026-05-08,19,5,Friday,19,414,1.0,68.99,6.38158,75.37158,Patricia Nash Brown Purse,10007404,False,Patricia Nash,Accessories,68.99,
2026-05-08 19:11:50,2026-05-08,19,5,Friday,19,413,1.0,18.0,1.665,19.665,FP Blue Floral Sheer Blouse / Size XS,10008285,False,Free People,Top,18.0,XS
2026-05-08 16:44:32,2026-05-08,16,5,Friday,19,412,1.0,35.99,3.32908,39.31908,nanette lepore colorful skirt/10,10008116,False,Nanette Lepore,Skirt,35.99,10
2026-05-08 13:32:36,2026-05-08,13,5,Friday,19,411,1.0,32.99,3.05158,36.04158,ChrisXBanks/BwnBttnDwnVest/SizeL,10006903,False,Christopher & Banks,Top,32.99,L
2026-05-08 12:13:47,2026-05-08,12,5,Friday,19,410,1.0,34.99,3.23658,38.22658,Lysse NY Pants Brown Size M,10003505,False,Lysse New York,Jeans/Pants,34.99,M
2026-05-07 20:03:48,2026-05-07,20,5,Thursday,19,409,1.0,28.99,2.68158,31.67158,AnnT/BlkGreyPant/Size4,10003591,False,Ann Taylor,Jeans/Pants,28.99,4
2026-05-07 20:03:48,2026-05-07,20,5,Thursday,19,409,1.0,32.99,3.05158,36.04158,amo floral blouse/xs,10006426,False,Amo,Top,32.99,XS
2026-05-07 20:03:48,2026-05-07,20,5,Thursday,19,409,1.0,17.99,1.66408,19.65408,Zara Green Dress Size S,10008227,False,,Dress,17.99,S
2026-05-07 20:03:48,2026-05-07,20,5,Thursday,19,409,1.0,21.99,2.03408,24.02408,Threads 91 Vols Windbreaker S,10007631,False,,Top,21.99,
2026-05-07 20:03:48,2026-05-07,20,5,Thursday,19,409,1.0,21.99,2.03408,24.02408,Venue Crochet SS Top Cardigan / Size S,10007712,False,Venue,Sweater/Cardigan,21.99,S
2026-05-07 20:03:48,2026-05-07,20,5,Thursday,19,409,1.0,29.99,2.77408,32.76408,Simply Vera Grey Faux Vest XS,10007534,False,,Top,29.99,
2026-05-07 18:19:17,2026-05-07,18,5,Thursday,19,408,1.0,19.99,1.84908,21.83908,Steve Madden Pink Floral LS Top / Size L,10005938,False,Steve Madden,Top,19.99,L
2026-05-07 18:19:17,2026-05-07,18,5,Thursday,19,408,1.0,21.99,2.03408,24.02408,PleaseLS Top_Lo / Blue Multi-Color / M / 11.9,10002169,False,Please,Top,21.99,
2026-05-07 18:19:17,2026-05-07,18,5,Thursday,19,408,1.0,24.99,2.31158,27.30158,Solitaire white maxi skirt/M,10006655,False,Solitaire,Skirt,24.99,M
2026-05-07 17:32:00,2026-05-07,17,5,Thursday,19,407,1.0,20.0,1.85,21.85,Flowers,10007594,False,,Other,22.5,
2026-05-07 17:00:36,2026-05-07,17,5,Thursday,19,406,1.0,18.99,1.75658,20.74658,Loft Black Cardigan/ Size S,10006260,False,Loft,Sweater/Cardigan,18.99,S
2026-05-07 16:33:54,2026-05-07,16,5,Thursday,19,405,1.0,16.99,1.57158,18.56158,XtraOrd/GreenHalterTop/SizeM,10008350,False,Xtraordinary,Top,16.99,M
2026-05-07 15:52:11,2026-05-07,15,5,Thursday,19,404,1.0,18.99,1.75658,20.74658,Unknown Blaack Sleeveless Top/Size XL,10006811,False,Unknown,Top,18.99,XL
2026-05-07 15:05:16,2026-05-07,15,5,Thursday,19,403,1.0,20.0,1.85,21.85,Flowers,10007594,False,,Other,22.5,
2026-05-07 14:56:57,2026-05-07,14,5,Thursday,19,402,1.0,12.99,1.20158,14.19158,NanetteL/CreamLaceTop/SizeM,10008304,False,Nanette Lepore,Other,12.99,M
2026-05-07 14:56:57,2026-05-07,14,5,Thursday,19,402,1.0,35.99,3.32908,39.31908,Helena Fejkova Beige Dress M/L,10008441,False,,Dress,35.99,L
2026-05-07 14:52:00,2026-05-07,14,5,Thursday,19,401,1.0,22.99,2.12658,25.11658,TalbotsLS Top_Hy / Blue X Pink / S / 11.92,10002174,False,Talbots,Top,22.99,
2026-05-07 14:52:00,2026-05-07,14,5,Thursday,19,401,1.0,19.99,1.84908,21.83908,George Brown Floral Skirt / Size 4,10008158,False,George,Skirt,19.99,4
2026-05-07 13:59:32,2026-05-07,13,5,Thursday,19,400,1.0,21.99,2.03408,24.02408,JonesNY/ Jean Vest/ Size S,10005170,False,Jones New York,Jeans/Pants,21.99,S
2026-05-07 13:59:32,2026-05-07,13,5,Thursday,19,400,1.0,29.99,2.77408,32.76408,Fossil Rd Stch Leather/Size S,10004068,False,Fossil,Top,29.99,S
2026-05-07 13:45:38,2026-05-07,13,5,Thursday,19,399,1.0,14.99,1.38658,16.37658,Orange Necklace,10007440,False,,Accessories,14.99,
2026-05-07 13:45:38,2026-05-07,13,5,Thursday,19,399,1.0,10.99,1.01658,12.00658,VintageYellowenamel,10006152,False,Unknown,Other,10.99,
2026-05-07 13:20:17,2026-05-07,13,5,Thursday,19,398,1.0,21.99,2.03408,24.02408,Soho Girls Hot Pink Lace Back Top / Size Unisize,10006457,False,Soho Girl's,Top,21.99,
2026-05-07 12:16:05,2026-05-07,12,5,Thursday,19,397,1.0,17.99,1.66408,19.65408,mimi chica floral tanktop/m,10008379,False,Mimi Chica,Top,17.99,M
2026-05-07 12:16:05,2026-05-07,12,5,Thursday,19,397,1.0,18.0,1.665,19.665,Lulus Satin Off White Top / Size S,10008284,False,Lulus,Top,18.0,S
2026-05-06 13:38:29,2026-05-06,13,5,Wednesday,19,396,1.0,26.99,2.49658,29.48658,Travelers/FlowerMulticolShirt/Size1,10006420,False,Travelers,Top,26.99,1
2026-05-06 13:38:29,2026-05-06,13,5,Wednesday,19,396,1.0,12.99,1.20158,14.19158,Gold Circle Design Necklace,10006597,False,Unknown,Accessories,12.99,
2026-05-03 17:07:32,2026-05-03,17,5,Sunday,18,395,1.0,23.0,2.1275,25.1275,Maggie Lawrence Black/Grey Vest S,10007549,False,,Top,23.0,
2026-05-03 16:42:10,2026-05-03,16,5,Sunday,18,394,1.0,24.99,2.31158,27.30158,Pink Lily Jean Skirt Embro / Size S,10007709,False,Pink Lily,Skirt,24.99,S
2026-05-03 16:34:06,2026-05-03,16,5,Sunday,18,393,1.0,19.0,1.7575,20.7575,A Father's Love Orange Skirt Size S,10007552,False,,Skirt,19.0,S
2026-05-03 16:34:06,2026-05-03,16,5,Sunday,18,393,1.0,22.99,2.12658,25.11658,Alma Mater Orange & White Chevron / Size M,10005110,False,Alma-Mater Collection,Other,22.99,M
2026-05-03 16:34:06,2026-05-03,16,5,Sunday,18,393,1.0,35.99,3.32908,39.31908,J Crew Beige Red Blue Cashmere Sweater / Size M,10005960,False,J Crew,Sweater/Cardigan,35.99,M
2026-05-03 16:34:06,2026-05-03,16,5,Sunday,18,393,1.0,25.99,2.40408,28.39408,Love Tree Faux Fur Hoodie Vest M,10007627,False,,Top,25.99,
2026-05-03 16:28:51,2026-05-03,16,5,Sunday,18,392,1.0,35.99,3.32908,39.31908,Paper Lacer white longsleeve blouse/s,10008373,False,Paper Lacer,Top,35.99,S
2026-05-03 15:57:07,2026-05-03,15,5,Sunday,18,391,1.0,29.99,2.77408,32.76408,Just Fab Lemon Heels / Size 8.5,10007638,False,JustFab,Top,29.99,8.5
2026-05-03 15:37:50,2026-05-03,15,5,Sunday,18,390,1.0,24.99,2.31158,27.30158,Vici/Red&PnkFloralDress/SizeM,10006116,False,Vici,Dress,24.99,M
2026-05-03 15:37:50,2026-05-03,15,5,Sunday,18,390,1.0,28.99,2.68158,31.67158,Talbots Tan Heels/Size 11,10007047,False,Talbots,Top,28.99,11
2026-05-03 15:37:50,2026-05-03,15,5,Sunday,18,390,1.0,15.99,1.47908,17.46908,Blue Blush Brown Strapless Dress / Size M,10007216,False,Blue Blush,Dress,15.99,M
2026-05-03 15:20:57,2026-05-03,15,5,Sunday,18,389,1.0,19.99,1.84908,21.83908,INC Blue SL Top / Size M,10007020,False,Inc,Top,19.99,M
2026-05-03 15:20:57,2026-05-03,15,5,Sunday,18,389,1.0,15.99,1.47908,17.46908,Ali & Christ Gray SS / Size M,10004730,False,Ali X Chris,Top,15.99,M
2026-05-03 13:53:17,2026-05-03,13,5,Sunday,18,388,1.0,37.99,3.51408,41.50408,Free People Red NWT Lace Dress / Size 8,10007913,False,Free People NWT,Dress,37.99,8
2026-05-03 13:15:42,2026-05-03,13,5,Sunday,18,387,1.0,21.99,2.03408,24.02408,altard state floral skort /M,10008152,False,Altar'd State,Other,21.99,M
2026-05-03 13:10:43,2026-05-03,13,5,Sunday,18,386,1.0,18.99,1.75658,20.74658,Sim & Sam floral blouse/s,10008383,False,Sim & Sam,Top,18.99,S
2026-05-03 13:09:53,2026-05-03,13,5,Sunday,18,385,1.0,24.99,2.31158,27.30158,Loft White Cherry LS Blouse S,10008204,False,,Top,24.99,
2026-05-02 19:41:53,2026-05-02,19,5,Saturday,18,384,1.0,79.99,7.39908,87.38908,NWTChicos/DenimEmbJacket/Size0,10007696,False,Chico's,Jeans/Pants,79.99,0
2026-05-02 17:55:12,2026-05-02,17,5,Saturday,18,383,1.0,17.99,1.66408,19.65408,BCBGenerationSkirt_En / Black / 2 / 13.14,10002418,False,BCBGeneration,Skirt,17.99,
2026-05-02 17:47:42,2026-05-02,17,5,Saturday,18,382,1.0,39.99,3.69908,43.68908,Banana Rep White Jean Jacket / Size S,10006982,False,Banana Republic,Jeans/Pants,39.99,S
2026-05-02 17:33:41,2026-05-02,17,5,Saturday,18,381,1.0,35.99,3.32908,39.31908,bis Charles Jourdan Heels / Black / 7.5 / abc,10003218,True,Charles Jourdan,Top,35.99,
2026-05-02 17:33:41,2026-05-02,17,5,Saturday,18,381,1.0,64.99,6.01158,71.00158,VintageAW/Red&BrwnPurse,10008061,True,American West,Accessories,64.99,
2026-05-02 17:33:41,2026-05-02,17,5,Saturday,18,381,1.0,21.99,2.03408,24.02408,Coca ColaTee Shirt_Le / Green / S / 6.58,10001107,True,Coca Cola,Top,21.99,
2026-05-02 16:26:57,2026-05-02,16,5,Saturday,18,380,1.0,24.99,2.31158,27.30158,ASISBCBG Beige Embroid Buttondown / Size S,10006512,False,BCBG Maxazria,Other,24.99,S
2026-05-02 16:26:57,2026-05-02,16,5,Saturday,18,380,1.0,24.99,2.31158,27.30158,Lulus/CreamLaceBttnDress/SizeS,10008345,False,Lulus,Dress,24.99,S
2026-05-02 15:50:34,2026-05-02,15,5,Saturday,18,379,1.0,23.99,2.21908,26.20908,WallFlower LightWash Jacket/Size S,10003835,False,Wallflower Vintage Collection,Jacket/Coat,23.99,S
2026-05-02 15:50:34,2026-05-02,15,5,Saturday,18,379,1.0,28.99,2.68158,31.67158,Highway Jeans Jacket Size L,10007950,False,,Jeans/Pants,28.99,L
2026-05-02 15:50:34,2026-05-02,15,5,Saturday,18,379,1.0,15.99,1.47908,17.46908,Hudson Gray LS Top Size M,10007484,False,,Top,15.99,M
2026-05-02 15:50:34,2026-05-02,15,5,Saturday,18,379,1.0,34.99,3.23658,38.22658,Jessica S NWT White Sweater w Pink / Size M,10005947,False,Jessica Simpson,Sweater/Cardigan,34.99,M
2026-05-02 15:50:34,2026-05-02,15,5,Saturday,18,379,1.0,16.0,1.48,17.48,Altard State White Sweater Size M,10007557,False,,Sweater/Cardigan,16.0,M
2026-05-02 15:50:34,2026-05-02,15,5,Saturday,18,379,1.0,23.99,2.21908,26.20908,WWDDDollyTshirt/SizeM,10006155,False,Unknown,Top,23.99,M
2026-05-02 15:50:34,2026-05-02,15,5,Saturday,18,379,1.0,23.99,2.21908,26.20908,Yellow Chic Vintage T Shirt Size S,10007150,False,,Top,23.99,S
2026-05-02 15:15:24,2026-05-02,15,5,Saturday,18,378,1.0,39.99,3.69908,43.68908,CristinaJacket_J / Bluejeans / M / 14.25,10002639,False,Cristina,Jacket/Coat,39.99,
2026-05-02 15:14:33,2026-05-02,15,5,Saturday,18,377,1.0,23.99,2.21908,26.20908,Harley DavidsonTank Top_HD / White / L / abc,10004028,False,Harley Davidson,Top,23.99,
2026-05-02 15:14:33,2026-05-02,15,5,Saturday,18,377,1.0,42.99,3.97658,46.96658,Harley DavidsonTee Shirt_Li / Grey / L / 6.29,10001050,False,Harley Davidson,Top,42.99,
2026-05-02 14:42:44,2026-05-02,14,5,Saturday,18,376,1.0,19.99,1.84908,21.83908,Altar'd State Pink Cherry Tank Top / Size S,10008153,False,Altar'd State,Top,19.99,S
2026-05-02 14:29:38,2026-05-02,14,5,Saturday,18,375,1.0,15.99,1.47908,17.46908,Chloe & Katie Yellow Skirt / Size L,10007207,False,Chloe & Katie,Skirt,15.99,L
2026-05-02 14:28:42,2026-05-02,14,5,Saturday,18,374,1.0,21.99,2.03408,24.02408,Sheer/Maroon/Size S,10004414,False,The Limited,Other,21.99,S
2026-05-02 14:09:29,2026-05-02,14,5,Saturday,18,373,1.0,21.99,2.03408,24.02408,Silver w Blue Accent Necklace,10007956,False,,Accessories,21.99,
2026-05-02 14:06:39,2026-05-02,14,5,Saturday,18,372,1.0,14.99,1.38658,16.37658,Saywhat/BlackCorset/SizeL,10008324,False,Say What,Set,14.99,L
2026-05-02 14:06:39,2026-05-02,14,5,Saturday,18,372,1.0,33.99,3.14408,37.13408,WHBM Cream Boho Bustier M,10008232,False,,Other,33.99,
2026-05-02 14:06:39,2026-05-02,14,5,Saturday,18,372,1.0,12.99,1.20158,14.19158,Offline croped workout top/M,10006841,False,Aerie Offline,Top,12.99,M
2026-05-02 14:05:50,2026-05-02,14,5,Saturday,18,371,1.0,79.99,7.39908,87.38908,CorralBoots/MarronStudBoots/Size8,10008297,False,Corral Boots,Shoes,79.99,8
2026-05-02 13:50:48,2026-05-02,13,5,Saturday,18,370,1.0,14.99,1.38658,16.37658,BrwnxGreyCroppedVest/SizeM/L,10008352,False,Unknown,Top,14.99,M
2026-05-02 13:48:46,2026-05-02,13,5,Saturday,18,369,1.0,21.99,2.03408,24.02408,Soffe/Blk&WhiStripeUTTop/SizeM,10004933,False,Soffe,Other,21.99,M
2026-05-02 13:48:46,2026-05-02,13,5,Saturday,18,369,1.0,15.99,1.47908,17.46908,St Johns Bay Orange Butterfly Shortsleeve / Size S,10004585,False,St Johns Bay,Shorts,15.99,S
2026-05-02 13:13:36,2026-05-02,13,5,Saturday,18,368,1.0,37.99,3.51408,41.50408,B. Right Pink Rose Strapless Dress / Size S,10007836,True,B. Right,Dress,37.99,S
2026-05-02 13:13:36,2026-05-02,13,5,Saturday,18,368,1.0,27.99,2.58908,30.57908,SincerelyJules/GreenlaceDress/SizeXS,10008332,True,Sincerely Jules,Dress,27.99,XS
2026-05-02 13:13:36,2026-05-02,13,5,Saturday,18,368,1.0,59.99,5.54908,65.53908,Paddle & Saddle Brown VINTAGE SL Jumpsuit,10007584,True,Paddle & Saddle,Romper/Jumpsuit,59.99,
2026-05-02 13:10:09,2026-05-02,13,5,Saturday,18,367,1.0,19.0,1.7575,20.7575,Boden Green LS Top 10,10007973,False,,Top,19.0,
2026-05-02 13:09:19,2026-05-02,13,5,Saturday,18,366,1.0,24.99,2.31158,27.30158,Loft knit tanktop/m,10008112,False,Loft,Sweater/Cardigan,24.99,M
2026-05-02 13:04:14,2026-05-02,13,5,Saturday,18,365,1.0,35.99,3.32908,39.31908,RalphLauren Pink Tee/Size M,10003892,False,Ralph Lauren Sport,Top,35.99,M
2026-05-02 13:04:14,2026-05-02,13,5,Saturday,18,365,1.0,14.99,1.38658,16.37658,Coca ColaTee Shirt_Pr / Red / M / 12.69,10002327,False,Coca Cola,Top,14.99,
2026-05-02 11:50:28,2026-05-02,11,5,Saturday,18,364,1.0,29.99,2.77408,32.76408,Griffen Blue Cashmere Sweater / Size M,10005896,True,Griffen,Sweater/Cardigan,29.99,M
2026-05-02 11:14:40,2026-05-02,11,5,Saturday,18,363,1.0,15.99,1.47908,17.46908,Margo Paige Clear Purse,10007089,False,Margo Paige,Accessories,15.99,
2026-05-01 20:33:27,2026-05-01,20,5,Friday,18,362,1.0,16.99,1.57158,18.56158,Cable Top/ Pink/ Size M,10005058,True,Unknown,Top,16.99,M
2026-05-01 20:33:27,2026-05-01,20,5,Friday,18,362,1.0,27.99,2.58908,30.57908,Maeve Apple Tee / Size Small,10008195,True,Maeve,Top,27.99,S
2026-05-01 20:33:27,2026-05-01,20,5,Friday,18,362,1.0,19.99,1.84908,21.83908,Lou & Grey Multicolor Striped Top / Size M,10006720,True,Lou X Grey by Loft,Top,19.99,M
2026-05-01 20:33:27,2026-05-01,20,5,Friday,18,362,1.0,21.99,2.03408,24.02408,Nirvana Band Tshirt / Size S,10004968,True,Nirvana,Top,21.99,S
2026-05-01 20:15:43,2026-05-01,20,5,Friday,18,361,1.0,19.0,1.7575,20.7575,XCVI Green SL Top / Size XS,10008024,False,Xcvi,Top,19.0,XS
2026-05-01 20:15:43,2026-05-01,20,5,Friday,18,361,1.0,22.99,2.12658,25.11658,Ann Taylor Brown SS Cover Up / Size 2,10005929,False,Ann Taylor,Top,22.99,2
2026-05-01 20:15:43,2026-05-01,20,5,Friday,18,361,1.0,45.99,4.25408,50.24408,Claudia Strater Green & Gold Dress / Size XL,10004620,False,Claudia Strater,Dress,45.99,XL
2026-05-01 20:14:11,2026-05-01,20,5,Friday,18,360,1.0,19.99,1.84908,21.83908,KennethC/BrownPurse,10008062,False,Kenneth Cole,Accessories,19.99,
2026-05-01 20:14:11,2026-05-01,20,5,Friday,18,360,1.0,22.99,2.12658,25.11658,KennethC/GreyPurse,10008063,False,Kenneth Cole,Accessories,22.99,
2026-05-01 20:14:11,2026-05-01,20,5,Friday,18,360,1.0,24.99,2.31158,27.30158,The Limited Beige SL Dress / Size 2,10007786,False,The Limited,Dress,24.99,2
2026-05-01 20:14:11,2026-05-01,20,5,Friday,18,360,1.0,24.99,2.31158,27.30158,Calvin K Gray Silk Tank / Size XS,10007868,False,Calvin Klein,Top,24.99,XS
2026-05-01 20:14:11,2026-05-01,20,5,Friday,18,360,1.0,11.99,1.10908,13.09908,Live in the Moment Beige SL Crop Top / Size S,10005003,False,Live in the Moment,Top,11.99,S
2026-05-01 19:59:49,2026-05-01,19,5,Friday,18,359,1.0,15.99,1.47908,17.46908,Inc Silver Heels/Size 10,10007052,False,Inc,Top,15.99,10
2026-05-01 19:29:32,2026-05-01,19,5,Friday,18,358,1.0,10.99,1.01658,12.00658,Wild Fable Orange Crop Top/ Size XS,10006315,False,Wild Fable,Top,10.99,XS
2026-05-01 19:29:32,2026-05-01,19,5,Friday,18,358,1.0,11.99,1.10908,13.09908,WildFable/OrangeHalterTop/SizeXS,10008323,False,Wild Fable,Top,11.99,XS
2026-05-01 18:51:01,2026-05-01,18,5,Friday,18,357,1.0,28.99,2.68158,31.67158,Ava James Dark Blue Blouse / Size S,10005979,False,Ava James,Top,28.99,S
2026-05-01 18:51:01,2026-05-01,18,5,Friday,18,357,1.0,15.99,1.47908,17.46908,Loft Dark Blue Tank w White Stars / Size M,10005619,False,Loft,Top,15.99,M
2026-05-01 18:45:09,2026-05-01,18,5,Friday,18,356,1.0,25.99,2.40408,28.39408,Kenzie Black SL Dress / Size S,10007357,False,Kenzie,Dress,25.99,S
2026-05-01 18:38:58,2026-05-01,18,5,Friday,18,355,1.0,17.99,1.66408,19.65408,SincerelyJules/WhiCropCoverHoodie/SizeL,10007733,False,Sincerely Jules,Other,17.99,L
2026-05-01 18:17:41,2026-05-01,18,5,Friday,18,354,1.0,25.99,2.40408,28.39408,unkown/dress/red/m,10005342,False,Unknown,Dress,25.99,M
2026-05-01 15:09:45,2026-05-01,15,5,Friday,18,353,1.0,32.99,3.05158,36.04158,Adiva White LS Blouse M,10008207,False,,Top,32.99,
2026-05-01 15:09:45,2026-05-01,15,5,Friday,18,353,1.0,25.99,2.40408,28.39408,Nautica Blk Loafer/Size 7,10004107,False,Nautica,Shoes,25.99,7
2026-05-01 14:02:06,2026-05-01,14,5,Friday,18,352,1.0,31.99,2.95908,34.94908,Andree Army Green Vest / Size S,10006548,False,Andree,Top,31.99,S
2026-05-01 13:44:53,2026-05-01,13,5,Friday,18,351,1.0,13.5,1.24875,14.74875,Clear Studded Bag,10004516,False,,Accessories,13.5,
2026-05-01 13:24:15,2026-05-01,13,5,Friday,18,350,1.0,24.99,2.31158,27.30158,Athleta Navy Pants / Size 4,10003804,False,Athleta,Jeans/Pants,24.99,4
2026-05-01 13:24:15,2026-05-01,13,5,Friday,18,350,1.0,32.99,3.05158,36.04158,pistola/pant/red/25,10003658,False,Pistola,Jeans/Pants,32.99,25
2026-05-01 12:28:39,2026-05-01,12,5,Friday,18,349,1.0,32.99,3.05158,36.04158,Brighton/WeaveShoulderBag,10007402,False,Brighton,Accessories,32.99,
2026-05-01 12:28:39,2026-05-01,12,5,Friday,18,349,1.0,28.99,2.68158,31.67158,Banana Rep Red LS Dress / Size M,10007457,False,Banana Republic,Dress,28.99,M
2026-05-01 12:28:39,2026-05-01,12,5,Friday,18,349,1.0,24.99,2.31158,27.30158,Ayla Blk Cropped Shirt/Size M,10003895,False,Ayla,Top,24.99,M
2026-04-30 19:20:16,2026-04-30,19,4,Thursday,18,348,1.0,275.0,25.4375,300.4375,Coach/JadeGreyPurse,10007763,True,Coach,Accessories,275.0,
2026-04-30 19:20:16,2026-04-30,19,4,Thursday,18,348,1.0,24.99,2.31158,27.30158,pink snakeskin jegging/0,10007803,True,Urban Outfitters,Other,24.99,0
2026-04-30 18:27:14,2026-04-30,18,4,Thursday,18,347,1.0,23.99,2.21908,26.20908,Freemarket White Floral Top / Size S,10006575,True,Freemarket,Top,23.99,S
2026-04-30 18:27:14,2026-04-30,18,4,Thursday,18,347,1.0,21.99,2.03408,24.02408,UrbanOut/MulticolSTripeShirt/SizeSp,10006943,True,Urban Outfitters,Top,21.99,S
2026-04-30 18:27:14,2026-04-30,18,4,Thursday,18,347,1.0,33.99,3.14408,37.13408,House of Harlow Satin Collared Blouse / Size M,10007731,True,House of Harlow 1960,Top,33.99,M
2026-04-30 18:27:14,2026-04-30,18,4,Thursday,18,347,1.0,27.99,2.58908,30.57908,lilisidonio/bls/red/xs,10005399,True,Lili Sidonio,Top,27.99,XS
2026-04-30 18:27:14,2026-04-30,18,4,Thursday,18,347,1.0,19.99,1.84908,21.83908,silk black tank/small,10006218,True,Tahari,Top,19.99,
2026-04-30 18:27:14,2026-04-30,18,4,Thursday,18,347,1.0,22.99,2.12658,25.11658,White & Clear Stone Necklace,10007995,True,,Accessories,22.99,
2026-04-30 15:52:45,2026-04-30,15,4,Thursday,18,346,1.0,45.0,4.1625,49.1625,VINTAGE Saks 5th Ave Makeup Compact,10007839,False,Saks 5Th Ave,Other,45.0,
2026-04-30 13:43:01,2026-04-30,13,4,Thursday,18,345,1.0,199.99,18.49908,218.48908,Coach Pink Hampton Leather Bag,10007843,False,,Accessories,199.99,
2026-04-30 13:42:17,2026-04-30,13,4,Thursday,18,344,1.0,18.0,1.665,19.665,Zen Danskin Top/Pant Set S,10008237,True,,Jeans/Pants,18.0,
2026-04-30 13:42:17,2026-04-30,13,4,Thursday,18,344,1.0,22.99,2.12658,25.11658,RiverIsland/LeafBeadShirt/Size10,10006036,True,River Island,Top,22.99,10
2026-04-30 12:22:08,2026-04-30,12,4,Thursday,18,343,1.0,12.99,1.20158,14.19158,Brown Cutout Design Leather Belt,10007985,False,Unknown,Accessories,12.99,
2026-04-29 19:10:05,2026-04-29,19,4,Wednesday,18,342,1.0,35.99,3.32908,39.31908,vintage kids green dress/5,10008105,False,Unknown,Dress,35.99,5
2026-04-29 19:05:10,2026-04-29,19,4,Wednesday,18,341,1.0,28.99,2.68158,31.67158,Vici Hot Pink LS Crop Top / Size S,10006311,False,Vici,Top,28.99,S
2026-04-29 18:43:00,2026-04-29,18,4,Wednesday,18,340,1.0,20.99,1.94158,22.93158,Aeropostale Brown Belt with Beige Stitch,10007984,False,Aeropostale,Accessories,20.99,
2026-04-29 14:53:03,2026-04-29,14,4,Wednesday,18,339,1.0,27.99,2.58908,30.57908,Madden Girl Pink Strap Leather Heals,10003333,False,Madden Girl,Top,27.99,
2026-04-29 14:53:03,2026-04-29,14,4,Wednesday,18,339,1.0,27.99,2.58908,30.57908,NWT altard state cow print crop tank/S,10008145,False,Altar'd State,Top,27.99,S
2026-04-29 14:40:16,2026-04-29,14,4,Wednesday,18,338,1.0,21.99,2.03408,24.02408,Raisin' Hell Beige BBall Cap,10006741,False,Unknown,Other,21.99,
2026-04-29 13:46:33,2026-04-29,13,4,Wednesday,18,337,1.0,32.99,3.05158,36.04158,ETWO/MulticolBlouse/SizeS,10004380,False,Etwo,Top,32.99,S
2026-04-26 18:22:31,2026-04-26,18,4,Sunday,17,336,1.0,13.99,1.29408,15.28408,Beaded Brown Waist Belt,10007982,False,Unknown,Accessories,13.99,
2026-04-26 18:22:31,2026-04-26,18,4,Sunday,17,336,1.0,15.99,1.47908,17.46908,Brown Waist Belt Double Loop,10004566,False,,Accessories,15.99,
2026-04-26 18:22:31,2026-04-26,18,4,Sunday,17,336,1.0,32.99,3.05158,36.04158,Angel Biba White Lace Dress / Size S,10006725,False,Angel Biba,Dress,32.99,S
2026-04-26 18:22:31,2026-04-26,18,4,Sunday,17,336,1.0,23.99,2.21908,26.20908,Zara White LS Lace Top / Size M,10007781,False,Zara,Top,23.99,M
2026-04-26 18:22:31,2026-04-26,18,4,Sunday,17,336,1.0,15.99,1.47908,17.46908,Gap White Lace Top XS,10007822,False,,Top,15.99,
2026-04-26 17:31:04,2026-04-26,17,4,Sunday,17,335,1.0,25.99,2.40408,28.39408,WHBM Corset Black Floral/Size 6,10007140,False,Whbm,Set,25.99,6
2026-04-26 17:31:04,2026-04-26,17,4,Sunday,17,335,1.0,35.99,3.32908,39.31908,Basket Tote/Purse,10006271,False,Unknown,Accessories,35.99,
2026-04-26 17:29:42,2026-04-26,17,4,Sunday,17,334,1.0,15.99,1.47908,17.46908,Love Fire Bodysuit Black / Black / M / 12.07,10002204,False,Love Fire,Top,15.99,
2026-04-26 17:29:42,2026-04-26,17,4,Sunday,17,334,1.0,34.99,3.23658,38.22658,Zara White Bodysuit / Size M,10005934,False,Zara,Top,34.99,M
2026-04-26 17:29:42,2026-04-26,17,4,Sunday,17,334,1.0,10.99,1.01658,12.00658,Liz Claiborne Brown Flats/Size 8.5,10007070,False,Liz Claiborne,Shoes,10.99,8.5
2026-04-26 17:11:19,2026-04-26,17,4,Sunday,17,333,1.0,20.0,1.85,21.85,Pink Plastic Purse / Hot Pink / OS / abc,10003154,False,Unknown,Accessories,20.0,
2026-04-26 16:31:20,2026-04-26,16,4,Sunday,17,332,1.0,25.99,2.40408,28.39408,Coldwater Creek Black Floral Velvet Skirt / Size XL,10004776,False,Coldwater Creek,Skirt,25.99,XL
2026-04-26 15:27:51,2026-04-26,15,4,Sunday,17,331,1.0,24.99,2.31158,27.30158,Zara White Black Stripe Crop Top / Size M,10005868,False,Zara,Top,24.99,M
2026-04-26 14:57:50,2026-04-26,14,4,Sunday,17,330,1.0,34.99,3.23658,38.22658,Armani/WhiQuarterShirt/Size6,10006869,True,Armani,Top,34.99,6
2026-04-26 11:19:46,2026-04-26,11,4,Sunday,17,329,1.0,35.99,3.32908,39.31908,VintageRedLeatherDress/Size40,10007886,False,Unknown,Dress,35.99,40
2026-04-26 11:19:46,2026-04-26,11,4,Sunday,17,329,1.0,25.99,2.40408,28.39408,Ellcont Floral Dress Vintage,10004011,False,Ellcont,Dress,25.99,
2026-04-26 10:59:10,2026-04-26,10,4,Sunday,17,328,1.0,24.99,2.31158,27.30158,Easel Beige Floral Kimono Top / Size L,10006612,False,Easel,Top,24.99,L
2026-04-25 19:53:29,2026-04-25,19,4,Saturday,17,327,1.0,39.99,3.69908,43.68908,VINTAGE JR Bazaar Black Colorful Skirt / Size 11,10006514,False,JR Bazaar,Skirt,39.99,11
2026-04-25 18:34:53,2026-04-25,18,4,Saturday,17,326,1.0,12.99,1.20158,14.19158,Orange Vote T Tshirt / Size M,10004822,False,Unknown,Top,12.99,M
2026-04-25 15:59:14,2026-04-25,15,4,Saturday,17,325,1.0,25.99,2.40408,28.39408,smiley tshirt/medium,10006233,False,Newbury Kustom,Top,25.99,
2026-04-25 15:59:14,2026-04-25,15,4,Saturday,17,325,1.0,14.99,1.38658,16.37658,PinkFloyd/Tshirt/SizeM,10007368,False,Pink Floyd,Top,14.99,M
2026-04-25 15:40:15,2026-04-25,15,4,Saturday,17,324,1.0,125.0,11.5625,136.5625,Charlie Horse Handcrafted Brazilian Boots 8.5,10006617,False,,Shoes,125.0,
2026-04-25 13:54:34,2026-04-25,13,4,Saturday,17,323,1.0,22.99,2.12658,25.11658,X2 Jean Skirt / Size 6,10007907,True,X2,Skirt,22.99,6
2026-04-25 13:54:34,2026-04-25,13,4,Saturday,17,323,1.0,19.99,1.84908,21.83908,Luxology Beige Pink SL Long Dress / Size L,10007930,True,Luxology,Dress,19.99,L
2026-04-25 13:54:34,2026-04-25,13,4,Saturday,17,323,1.0,23.99,2.21908,26.20908,LIV Los Angeles White Seethrough LS / Size 2x,10006960,True,LIV Los Angeles,Top,23.99,2
2026-04-25 13:54:34,2026-04-25,13,4,Saturday,17,323,1.0,39.99,3.69908,43.68908,Desigual Blue Skirt / Size XXL,10005915,True,Desigual,Skirt,39.99,XXL
2026-04-25 13:52:42,2026-04-25,13,4,Saturday,17,322,1.0,26.0,2.405,28.405,Nanette Lepore Brown Blouse 10,10008031,False,,Top,26.0,
2026-04-25 13:52:42,2026-04-25,13,4,Saturday,17,322,1.0,16.99,1.57158,18.56158,Westbound White Knit Poncho / One Size,10007792,False,Westbound,Sweater/Cardigan,16.99,
2026-04-25 13:51:43,2026-04-25,13,4,Saturday,17,321,1.0,22.99,2.12658,25.11658,Pink Blouse W Ruffles / Size S,10006341,True,Unknown,Top,22.99,S
2026-04-25 13:51:43,2026-04-25,13,4,Saturday,17,321,1.0,24.99,2.31158,27.30158,EriXAll/HotpinkruffleTop/Size6,10006890,True,Eri X All,Other,24.99,6
2026-04-25 13:40:31,2026-04-25,13,4,Saturday,17,320,1.0,15.99,1.47908,17.46908,Banana Rep Emerald Green SL Top / Size M,10006574,False,Banana Republic,Top,15.99,M
2026-04-25 13:40:31,2026-04-25,13,4,Saturday,17,320,1.0,24.99,2.31158,27.30158,One Secret Beige w Stripe Panel / Size L,10005657,False,One Secret,Other,24.99,L
2026-04-25 13:40:31,2026-04-25,13,4,Saturday,17,320,1.0,21.99,2.03408,24.02408,Japna Sleeveless Blouse Pink M,10007530,False,,Top,21.99,
2026-04-25 13:40:31,2026-04-25,13,4,Saturday,17,320,1.0,23.0,2.1275,25.1275,BCBGMax Black/Grey SS Top,10007965,False,,Top,23.0,
2026-04-25 13:11:32,2026-04-25,13,4,Saturday,17,319,1.0,22.99,2.12658,25.11658,Beli Fama Dress Size,10007232,True,,Dress,22.99,
2026-04-25 13:11:32,2026-04-25,13,4,Saturday,17,319,1.0,19.0,1.7575,20.7575,Paani Luv Blue Floral Skirt / Size S,10008017,True,Paani Luv,Skirt,19.0,S
2026-04-25 13:11:32,2026-04-25,13,4,Saturday,17,319,1.0,15.99,1.47908,17.46908,Old Navy Beige High Rise Pants / Size 6,10007305,True,Old Navy,Jeans/Pants,15.99,6
2026-04-25 13:11:32,2026-04-25,13,4,Saturday,17,319,1.0,19.99,1.84908,21.83908,Green Flower Necklace Choker,10007940,True,Unknown,Accessories,19.99,
2026-04-25 12:55:30,2026-04-25,12,4,Saturday,17,318,1.0,15.0,1.3875,16.3875,Le Chateau Leopard Boustier M,10007972,True,,Accessories,15.0,
2026-04-25 12:55:30,2026-04-25,12,4,Saturday,17,318,1.0,35.99,3.32908,39.31908,NWT Marc NY Faux Fur Yellow M,10007628,True,,Other,35.99,
2026-04-25 12:55:30,2026-04-25,12,4,Saturday,17,318,1.0,24.99,2.31158,27.30158,D&Y Black Corduroy Hat,10007606,True,,Accessories,24.99,
2026-04-25 12:46:48,2026-04-25,12,4,Saturday,17,317,1.0,32.99,3.05158,36.04158,DraperJNWT/DarkPurpSkirt/SizeL,10004866,True,Draper James NWT,Skirt,32.99,L
2026-04-25 12:46:48,2026-04-25,12,4,Saturday,17,317,1.0,25.99,2.40408,28.39408,sadie&sage/bls/beige/m,10005488,True,Sadie & Sage,Top,25.99,M
2026-04-25 11:25:37,2026-04-25,11,4,Saturday,17,316,1.0,24.99,2.31158,27.30158,J & X Black Beaded Peacock Scarf,10008008,True,J & X,Accessories,24.99,
2026-04-25 10:58:50,2026-04-25,10,4,Saturday,17,315,1.0,17.99,1.66408,19.65408,Slenderella Slip Dress Black Size M,10003417,True,Slenderella,Dress,17.99,M
2026-04-25 10:58:50,2026-04-25,10,4,Saturday,17,315,1.0,21.99,2.03408,24.02408,Harley DavidsonTank Top_Hdaa / Black / XS / abc,10004032,True,Harley Davidson,Top,21.99,
2026-04-25 10:53:40,2026-04-25,10,4,Saturday,17,314,1.0,18.99,1.75658,20.74658,10002312,10008085,False,,Other,18.99,
2026-04-24 19:44:55,2026-04-24,19,4,Friday,17,313,1.0,12.99,1.20158,14.19158,Old Navy White Floral Wrap Top / Size S,10006287,False,Old Navy,Top,12.99,S
2026-04-24 19:41:07,2026-04-24,19,4,Friday,17,312,1.0,21.99,2.03408,24.02408,Talbots Beige Floral Skirt / Size 2,10007717,False,Talbots,Skirt,21.99,2
2026-04-24 19:33:31,2026-04-24,19,4,Friday,17,311,1.0,23.99,2.21908,26.20908,Nine West Pink Yellow Tie Up Wedges / Size 9,10007641,False,Nine West,Other,23.99,9
2026-04-24 19:33:31,2026-04-24,19,4,Friday,17,311,1.0,38.99,3.60658,42.59658,Shoreline Pink Purple Dress/Size OS,10005824,False,Shoreline,Dress,38.99,
2026-04-24 19:06:37,2026-04-24,19,4,Friday,17,310,1.0,32.99,3.05158,36.04158,Delias Blue and Floral Dress/Size M,10005832,False,Delias,Dress,32.99,M
2026-04-24 19:06:37,2026-04-24,19,4,Friday,17,310,1.0,29.99,2.77408,32.76408,Comfortiva Pink Sandals/Size 7,10007042,False,Comfortiva,Top,29.99,7
2026-04-24 19:02:43,2026-04-24,19,4,Friday,17,309,1.0,23.99,2.21908,26.20908,Easel Grey LS Top Size L,10007492,False,,Top,23.99,L
2026-04-24 19:02:43,2026-04-24,19,4,Friday,17,309,1.0,26.99,2.49658,29.48658,Nicfazy Green Yellow Dress / Size XL,10003866,False,Nicfazy,Dress,26.99,XL
2026-04-24 17:22:29,2026-04-24,17,4,Friday,17,308,1.0,23.99,2.21908,26.20908,Billabong/YellowFlowerSkirt/SizeM,10006886,False,Billabong,Skirt,23.99,M
2026-04-24 15:50:03,2026-04-24,15,4,Friday,17,307,1.0,15.99,1.47908,17.46908,naked zebra navy blouse/s,10007356,False,Naked Zebra,Top,15.99,S
2026-04-24 15:50:03,2026-04-24,15,4,Friday,17,307,1.0,27.99,2.58908,30.57908,Adrianna Papell/ Blouse/ Pink/ Size M,10005046,False,Adrianna Papell,Top,27.99,M
2026-04-24 15:16:31,2026-04-24,15,4,Friday,17,306,1.0,15.99,1.47908,17.46908,Comfort Blue Acid Wash Tee/Size M,10004115,False,Comfort Colors,Top,15.99,M
2026-04-24 15:13:34,2026-04-24,15,4,Friday,17,305,1.0,22.99,2.12658,25.11658,Tribe Azure Purple Flowly Romper / Size S,10006665,False,Tribe Azure,Romper/Jumpsuit,22.99,S
2026-04-24 14:50:46,2026-04-24,14,4,Friday,17,304,1.0,22.99,2.12658,25.11658,Express Bleus Sage Green Sweatervest / Size L,10007011,False,Express Bleus,Sweater/Cardigan,22.99,L
2026-04-24 14:50:46,2026-04-24,14,4,Friday,17,304,1.0,18.99,1.75658,20.74658,Black Pleather Purse Silver Hardware,10007452,False,Unknown,Accessories,18.99,
2026-04-24 14:32:31,2026-04-24,14,4,Friday,17,303,1.0,17.99,1.66408,19.65408,Brown Leather Belt Red Blue Studs,10007987,False,Unknown,Accessories,17.99,
2026-04-24 14:11:20,2026-04-24,14,4,Friday,17,302,1.0,17.99,1.66408,19.65408,NWT H&M Peach Top/Size S,10007104,False,H&M,Top,17.99,S
2026-04-24 14:06:08,2026-04-24,14,4,Friday,17,301,1.0,14.99,1.38658,16.37658,Lucky BrandTee Shirt_DI / Pink / XS / 12.94,10002378,False,Lucky Brand,Top,14.99,
2026-04-24 14:06:08,2026-04-24,14,4,Friday,17,301,1.0,28.99,2.68158,31.67158,NWT Allen B. Dress Size L,10007848,False,,Dress,28.99,L
2026-04-24 14:06:08,2026-04-24,14,4,Friday,17,301,1.0,12.99,1.20158,14.19158,Unknown Black/White Dress Size XL,10007438,False,,Dress,12.99,XL
2026-04-24 13:58:29,2026-04-24,13,4,Friday,17,300,1.0,24.99,2.31158,27.30158,Skims NWTSS Top_Ry / Black / XL / 13.91,10002572,False,Skims NWT,Top,24.99,
2026-04-24 13:58:29,2026-04-24,13,4,Friday,17,300,1.0,19.99,1.84908,21.83908,Nike Knoxville Tshirt / Size XXL,10006489,False,Nike,Top,19.99,XXL
2026-04-24 13:45:23,2026-04-24,13,4,Friday,17,299,1.0,37.99,3.51408,41.50408,Lauren RL White Off Shoulder Top / Size S,10006966,False,Lauren Ralph Lauren,Top,37.99,S
2026-04-24 13:45:23,2026-04-24,13,4,Friday,17,299,1.0,24.99,2.31158,27.30158,AnnTaylor/Red&WhiFloralSkirt/Size4,10004870,False,Ann Taylor,Skirt,24.99,4
2026-04-23 18:54:56,2026-04-23,18,4,Thursday,17,297,1.0,24.99,2.31158,27.30158,NWT Liz Claiborne Brown Hat,10007900,False,,Accessories,24.99,
2026-04-23 18:52:14,2026-04-23,18,4,Thursday,17,296,1.0,32.99,3.05158,36.04158,ASTR White Dress / Size M,10007337,False,Astr,Dress,32.99,M
2026-04-23 18:31:51,2026-04-23,18,4,Thursday,17,295,1.0,79.99,7.39908,87.38908,Harley D. Leather Boots / Size 9.5,10004185,True,Harley Davidson,Shoes,79.99,9.5
2026-04-23 16:41:34,2026-04-23,16,4,Thursday,17,294,1.0,21.99,2.03408,24.02408,Sincerely Jules NWT Jean Top / Size L,10007906,False,Sincerely Jules NWT,Jeans/Pants,21.99,L
2026-04-23 16:41:34,2026-04-23,16,4,Thursday,17,294,1.0,15.99,1.47908,17.46908,Tahari Purple Satin Top / Size L,10005643,False,Tahari,Top,15.99,L
2026-04-23 16:33:27,2026-04-23,16,4,Thursday,17,293,1.0,17.0,1.5725,18.5725,Hurley Leopard Shorts,10008025,True,Hurley,Shorts,17.0,
2026-04-23 13:21:00,2026-04-23,13,4,Thursday,17,292,1.0,22.99,2.12658,25.11658,DKNY/ Embellished Floral Top/ Blk/ Size XL,10005162,False,Dkny,Top,22.99,XL
2026-04-23 12:01:33,2026-04-23,12,4,Thursday,17,291,1.0,24.99,2.31158,27.30158,Unknown Gray/White/Blk Marbled Top/Size S,10005371,False,Unknown,Top,24.99,S
2026-04-23 12:01:33,2026-04-23,12,4,Thursday,17,291,1.0,23.99,2.21908,26.20908,Tahari Satin Gold SL Top Black Ruffle / Size S,10005259,False,Tahari,Top,23.99,S
2026-04-22 18:18:47,2026-04-22,18,4,Wednesday,17,290,1.0,65.99,6.10408,72.09408,Vintage Light Blue Lace Dress/Size M,10006773,False,Unknown,Dress,65.99,M
2026-04-22 14:13:55,2026-04-22,14,4,Wednesday,17,289,1.0,22.99,2.12658,25.11658,Harley DavidsonTee Shirt_hdac / Black / XL / abc,10004034,False,Harley Davidson,Top,22.99,
2026-04-22 13:32:43,2026-04-22,13,4,Wednesday,17,288,1.0,16.99,1.57158,18.56158,Chicos Vintage Necklace,10007339,False,Chicos,Accessories,16.99,
2026-04-22 13:31:43,2026-04-22,13,4,Wednesday,17,287,1.0,15.99,1.47908,17.46908,Pink Butterfly Hat,10007601,False,,Accessories,15.99,
2026-04-22 13:31:43,2026-04-22,13,4,Wednesday,17,287,1.0,9.99,0.92408,10.91408,SJB Active White Gray Tank / Size S,10006244,False,SJB Active,Top,9.99,S
2026-04-22 13:31:43,2026-04-22,13,4,Wednesday,17,287,1.0,28.99,2.68158,31.67158,Avenue/MulticolSkirt/Size18/20,10006145,False,Avenue,Skirt,28.99,18
2026-04-22 13:31:43,2026-04-22,13,4,Wednesday,17,287,1.0,27.99,2.58908,30.57908,JMcollect/skrt/multibeige/16P,10004874,False,JM Collection,Skirt,27.99,
2026-04-22 13:31:43,2026-04-22,13,4,Wednesday,17,287,1.0,275.0,25.4375,300.4375,Coach Fringe Brown Purse AS IS,10005738,False,Coach,Accessories,275.0,
2026-04-22 13:31:43,2026-04-22,13,4,Wednesday,17,287,1.0,24.99,2.31158,27.30158,La Sensa Ylw&Gry Halter/Size L,10003913,False,La Sensa,Top,24.99,L
2026-04-22 13:31:43,2026-04-22,13,4,Wednesday,17,287,1.0,22.99,2.12658,25.11658,one step/tank/teal/46,10004877,False,One Step,Top,22.99,46
2026-04-22 13:31:43,2026-04-22,13,4,Wednesday,17,287,1.0,24.99,2.31158,27.30158,In BloomCamisole_Je / White / L / 13.09,10002408,False,In Bloom,Top,24.99,
2026-04-22 13:31:43,2026-04-22,13,4,Wednesday,17,287,1.0,15.99,1.47908,17.46908,Caroline Hill Beige Tank w Fringe / Size L,10005653,False,Caroline Hill,Top,15.99,L
2026-04-22 13:31:43,2026-04-22,13,4,Wednesday,17,287,1.0,15.99,1.47908,17.46908,Hydraulic Jean Skirt/Size 14,10004503,False,Hydraulic,Skirt,15.99,14
2026-04-22 13:31:43,2026-04-22,13,4,Wednesday,17,287,1.0,17.99,1.66408,19.65408,New Directions NWT B & W Tank / Size M,10006508,False,New Directions,Top,17.99,M
2026-04-22 12:42:29,2026-04-22,12,4,Wednesday,17,286,1.0,26.99,2.49658,29.48658,Paper Crane White Pattern Crop Top / Size M,10006459,False,Paper Crane,Top,26.99,M
2026-04-22 12:42:29,2026-04-22,12,4,Wednesday,17,286,1.0,12.99,1.20158,14.19158,blue and white long sleeve croptop/medium,10006187,False,Shade Shore,Top,12.99,
2026-04-22 12:42:29,2026-04-22,12,4,Wednesday,17,286,1.0,18.99,1.75658,20.74658,Zara/YllwFloralCutoutDress/SizeM,10007400,False,Zara NWT,Dress,18.99,M
2026-04-19 18:49:25,2026-04-19,18,4,Sunday,16,285,1.0,24.99,2.31158,27.30158,Kensie/WhitelaceDress/Size10,10006930,False,Kensie,Dress,24.99,10
2026-04-19 18:37:08,2026-04-19,18,4,Sunday,16,284,1.0,23.99,2.21908,26.20908,MissDorby/BlkWhiPadJacket/Size14,10007762,False,Miss Dorby,Jacket/Coat,23.99,14
2026-04-19 18:37:08,2026-04-19,18,4,Sunday,16,284,1.0,25.99,2.40408,28.39408,TheSak Blk Deena Flap Bag,10003720,False,The Sak,Accessories,25.99,
2026-04-19 18:05:50,2026-04-19,18,4,Sunday,16,283,1.0,25.99,2.40408,28.39408,ButterflyNecklace,10006150,False,Unknown,Accessories,25.99,
2026-04-19 18:02:53,2026-04-19,18,4,Sunday,16,282,1.0,14.99,1.38658,16.37658,Talbots White Button Up Top / Size 6,10007711,False,Talbots,Top,14.99,6
2026-04-19 18:02:53,2026-04-19,18,4,Sunday,16,282,1.0,19.99,1.84908,21.83908,Posty Co Black Tour Tshirt / Size 2XL,10007916,False,Posty Co,Top,19.99,2
2026-04-19 18:02:53,2026-04-19,18,4,Sunday,16,282,1.0,18.99,1.75658,20.74658,Free People Black Tank Emb / Size M,10006563,False,Free People,Top,18.99,M
2026-04-19 15:54:55,2026-04-19,15,4,Sunday,16,281,1.0,85.99,7.95408,93.94408,Desigual Green Denim Sequin Jacket / Size 46,10006553,False,Desigual,Jeans/Pants,85.99,46
2026-04-19 15:49:03,2026-04-19,15,4,Sunday,16,280,1.0,22.99,2.12658,25.11658,Wild Fable Jean Colorful Skirt / Size 4,10007908,False,Wild Fable,Skirt,22.99,4
2026-04-19 15:46:16,2026-04-19,15,4,Sunday,16,279,1.0,34.99,3.23658,38.22658,J Crew Pink Orange Floral SL Long Dress / Size XS,10007777,False,J Crew,Dress,34.99,XS
2026-04-19 14:55:22,2026-04-19,14,4,Sunday,16,278,1.0,14.99,1.38658,16.37658,lucky brand/tank/blue/s,10003610,False,Lucky Brand,Top,14.99,S
2026-04-19 14:49:24,2026-04-19,14,4,Sunday,16,277,1.0,14.99,1.38658,16.37658,Next Brown Belt,10006382,False,Next,Accessories,14.99,
2026-04-19 14:31:40,2026-04-19,14,4,Sunday,16,276,1.0,29.99,2.77408,32.76408,Madewell Brown Loafer Size 7 1/2,10003355,False,Madewell,Shoes,29.99,7
2026-04-19 14:25:17,2026-04-19,14,4,Sunday,16,275,1.0,24.99,2.31158,27.30158,Bailey44/Sheer Blouse/Blk/Size S,10005029,False,Bailey 44,Top,24.99,S
2026-04-19 14:06:55,2026-04-19,14,4,Sunday,16,274,1.0,19.99,1.84908,21.83908,Light Wash Jean Vest / Size XL,10006689,False,Unknown,Jeans/Pants,19.99,XL
2026-04-19 13:55:51,2026-04-19,13,4,Sunday,16,273,1.0,19.99,1.84908,21.83908,Hawaiian Punch Tee Shirt,10003562,False,Hawaiian Punch,Top,19.99,
2026-04-19 13:55:51,2026-04-19,13,4,Sunday,16,273,1.0,22.99,2.12658,25.11658,Hem & Thread Cheetah Tank / Size L,10007918,False,Hem & Thread,Top,22.99,L
2026-04-19 13:51:34,2026-04-19,13,4,Sunday,16,272,1.0,25.99,2.40408,28.39408,U.a./ Fringe Top/Size S,10003703,False,U.A.,Top,25.99,S
2026-04-19 13:51:34,2026-04-19,13,4,Sunday,16,272,1.0,22.99,2.12658,25.11658,BCBG Tan Crochet SL Peplum Top / Size S,10005503,False,BCBG Maxazria,Top,22.99,S
2026-04-19 13:45:39,2026-04-19,13,4,Sunday,16,271,1.0,14.99,1.38658,16.37658,Merit/BrownBag,10007765,True,Merit,Accessories,14.99,
2026-04-19 13:23:03,2026-04-19,13,4,Sunday,16,270,1.0,23.99,2.21908,26.20908,Banana Republic Black SL Dress / Size 6,10007215,True,Banana Republic,Dress,23.99,6
2026-04-19 11:38:43,2026-04-19,11,4,Sunday,16,269,1.0,32.99,3.05158,36.04158,Maeve/PinkPatternDress/SizeXL,10005410,False,Maeve,Dress,32.99,XL
2026-04-18 19:47:48,2026-04-18,19,4,Saturday,16,268,1.0,19.99,1.84908,21.83908,JackWills/JeanShort/Size6,10006868,False,Jack Wills,Shorts,19.99,6
2026-04-18 19:47:48,2026-04-18,19,4,Saturday,16,268,1.0,19.99,1.84908,21.83908,Ann Taylor Red Purse,10007453,False,Ann Taylor,Accessories,19.99,
2026-04-18 19:41:54,2026-04-18,19,4,Saturday,16,267,1.0,24.99,2.31158,27.30158,Zara/ Wrap Dress/ Pnk/ Size L,10005441,False,Zara,Dress,24.99,L
2026-04-18 19:41:54,2026-04-18,19,4,Saturday,16,267,1.0,26.99,2.49658,29.48658,Free People Tunic White / Size L,10006768,False,Free People,Other,26.99,L
2026-04-18 19:41:54,2026-04-18,19,4,Saturday,16,267,1.0,29.99,2.77408,32.76408,HerENSG/OrangeButtonRomper/SizeL,10007701,False,Her Entire Name Says Grace,Romper/Jumpsuit,29.99,L
2026-04-18 19:23:12,2026-04-18,19,4,Saturday,16,266,1.0,16.0,1.48,17.48,BDG Jean Skirt / Size S,10006675,False,Bdg,Skirt,16.0,S
2026-04-18 19:23:12,2026-04-18,19,4,Saturday,16,266,1.0,22.99,2.12658,25.11658,Rebellion Again Floral Top / Size S,10006280,False,Rebellion Again,Top,22.99,S
2026-04-18 19:09:29,2026-04-18,19,4,Saturday,16,265,1.0,18.99,1.75658,20.74658,ZacXRachel/GreenLaceTop/Size2X,10005288,False,Zac X Rachel,Other,18.99,2
2026-04-18 19:09:29,2026-04-18,19,4,Saturday,16,265,1.0,27.99,2.58908,30.57908,NWT Diane Gilman Bluejeans Size 16,10003449,False,Diane Gilman,Jeans/Pants,27.99,16
2026-04-18 19:09:29,2026-04-18,19,4,Saturday,16,265,1.0,24.99,2.31158,27.30158,Exclusive/MulticolLongSlve/SizeL,10005776,False,Exclusive,Other,24.99,L
2026-04-18 19:09:29,2026-04-18,19,4,Saturday,16,265,1.0,85.99,7.95408,93.94408,desigual black sweater jean jacket/46,10006440,False,Desigual,Jeans/Pants,85.99,46
2026-04-18 18:15:32,2026-04-18,18,4,Saturday,16,264,1.0,39.99,3.69908,43.68908,VINTAGE Beige Slip Dress Embr / Size S,10004535,False,,Dress,39.99,S
2026-04-18 18:15:32,2026-04-18,18,4,Saturday,16,264,1.0,35.99,3.32908,39.31908,Victoria's S Black Corset Top / Size M,10006757,False,Victoriaxs Secret,Top,35.99,M
2026-04-18 18:07:46,2026-04-18,18,4,Saturday,16,263,1.0,225.0,20.8125,245.8125,Coach Black Leather Purse,10005607,True,Coach,Accessories,225.0,
2026-04-18 17:33:31,2026-04-18,17,4,Saturday,16,262,1.0,27.99,2.58908,30.57908,XXZ Black Red Dot SL Dress / Size S,10007772,False,Xxz,Dress,27.99,S
2026-04-18 17:26:28,2026-04-18,17,4,Saturday,16,261,1.0,28.99,2.68158,31.67158,Love Riche,10007161,False,,Other,28.99,
2026-04-18 17:26:28,2026-04-18,17,4,Saturday,16,261,1.0,24.99,2.31158,27.30158,PamelaStewart/BlkstrapTop/SizeL,10006359,False,Pamela Stewart,Other,24.99,L
2026-04-18 17:26:28,2026-04-18,17,4,Saturday,16,261,1.0,31.99,2.95908,34.94908,Vintage1978AvonShimmeringSands,10006153,False,Avon,Accessories,31.99,
2026-04-18 17:26:28,2026-04-18,17,4,Saturday,16,261,1.0,9.99,0.92408,10.91408,Pink Snakeskin Belt,10003709,False,,Accessories,9.99,
2026-04-18 17:26:28,2026-04-18,17,4,Saturday,16,261,1.0,8.5,0.78625,9.28625,Rose Pink Half Circle Earrings,10005587,False,Unknown,Accessories,8.5,
2026-04-18 17:26:28,2026-04-18,17,4,Saturday,16,261,1.0,15.99,1.47908,17.46908,David&Young/BeadedBeachHat,10007414,False,David & Young,Accessories,15.99,
2026-04-18 17:26:28,2026-04-18,17,4,Saturday,16,261,1.0,21.99,2.03408,24.02408,Leather Strap Medallion Necklace,10007844,False,,Accessories,21.99,
2026-04-18 17:26:28,2026-04-18,17,4,Saturday,16,261,1.0,15.99,1.47908,17.46908,Gold/White Necklace,10004219,False,Unknown,Accessories,15.99,
2026-04-18 17:26:28,2026-04-18,17,4,Saturday,16,261,1.0,22.99,2.12658,25.11658,Urban Outfitters Multi Color SL Dress / Size M,10005514,False,Urban Outfitters,Dress,22.99,M
2026-04-18 17:26:28,2026-04-18,17,4,Saturday,16,261,1.0,55.0,5.0875,60.0875,Silver bracelet/ silbver,10007891,False,Unknown,Accessories,55.0,
2026-04-18 17:26:28,2026-04-18,17,4,Saturday,16,261,1.0,15.99,1.47908,17.46908,Bluebracelet/blue,10007892,False,Unknown,Accessories,15.99,
2026-04-18 16:24:57,2026-04-18,16,4,Saturday,16,260,1.0,12.0,1.11,13.11,Cisos Design Brown Sleeveless 8,10007548,False,,Top,12.0,
2026-04-18 16:19:08,2026-04-18,16,4,Saturday,16,259,1.0,24.99,2.31158,27.30158,Kenneth Cole Brown Boots Size 8,10007827,True,,Shoes,24.99,8
2026-04-18 16:19:08,2026-04-18,16,4,Saturday,16,259,1.0,32.99,3.05158,36.04158,unknown/belt/bwn sprk,10004686,True,Unknown,Accessories,32.99,
2026-04-18 16:19:08,2026-04-18,16,4,Saturday,16,259,1.0,28.99,2.68158,31.67158,Pink Orange Skirt White Flowers Skirt / Size 8,10004962,True,Unknown,Skirt,28.99,8
2026-04-18 16:19:08,2026-04-18,16,4,Saturday,16,259,1.0,19.99,1.84908,21.83908,Nine West Green Flats/ Size 8,10007043,True,,Shoes,19.99,8
2026-04-18 15:45:13,2026-04-18,15,4,Saturday,16,258,1.0,29.99,2.77408,32.76408,Fossil Yellow Leather Belt/Size S,10004067,False,Fossil,Top,29.99,S
2026-04-18 15:39:36,2026-04-18,15,4,Saturday,16,257,1.0,24.99,2.31158,27.30158,Zara Sleeveless Bodysuit/ Blk & Blue Size M,10007028,False,Zara,Top,24.99,M
2026-04-18 15:39:36,2026-04-18,15,4,Saturday,16,257,1.0,16.99,1.57158,18.56158,JBD/skrt/denim/M,10004876,False,Jbd,Skirt,16.99,M
2026-04-18 15:39:36,2026-04-18,15,4,Saturday,16,257,1.0,39.99,3.69908,43.68908,Mink Pink Multicolor SL Dress / Size S,10006691,False,MinkPink,Dress,39.99,S
2026-04-18 15:29:58,2026-04-18,15,4,Saturday,16,256,1.0,26.99,2.49658,29.48658,ThadiaSoli/DenimFlowerSkirt/Size13/14,10006908,False,Thadia Sodi,Skirt,26.99,13
2026-04-18 14:51:09,2026-04-18,14,4,Saturday,16,255,1.0,25.99,2.40408,28.39408,billa bong/bls/pnk/sp,10005476,True,Billabong,Top,25.99,
2026-04-18 14:51:09,2026-04-18,14,4,Saturday,16,255,1.0,32.99,3.05158,36.04158,SeeYouMon/PnkAsymTubeTop/SizeL,10006364,True,See You Monday,Top,32.99,L
2026-04-18 14:05:49,2026-04-18,14,4,Saturday,16,254,1.0,29.99,2.77408,32.76408,Bar III Floral Skirt/ Size XXL,10007031,True,Bar III,Skirt,29.99,XXL
2026-04-18 13:35:37,2026-04-18,13,4,Saturday,16,253,1.0,22.99,2.12658,25.11658,Chinese Laundry Brown Mules Size 9,10007082,False,Chinese Laundry,Other,22.99,9
2026-04-18 13:35:37,2026-04-18,13,4,Saturday,16,253,1.0,24.99,2.31158,27.30158,Altard State Dress Brown Size L,10007190,False,,Dress,24.99,L
2026-04-18 13:35:37,2026-04-18,13,4,Saturday,16,253,1.0,11.99,1.10908,13.09908,The Rolling StonesTee Shirt_Ch / Black / L / 15.47,10002883,False,The Rolling Stones,Top,11.99,
2026-04-18 13:07:03,2026-04-18,13,4,Saturday,16,252,1.0,34.99,3.23658,38.22658,VINTAGE Blue Pattern LS Dress / Size 12,10005966,False,Unknown,Dress,34.99,12
2026-04-18 13:07:03,2026-04-18,13,4,Saturday,16,252,1.0,85.99,7.95408,93.94408,SterlingSilverTigersEyeRing,10007382,False,Unknown,Accessories,85.99,
2026-04-18 12:48:49,2026-04-18,12,4,Saturday,16,251,1.0,22.99,2.12658,25.11658,UJA/ Collar Shirt/ Grey/ Size M,10005149,False,Uja,Top,22.99,M
2026-04-18 12:48:49,2026-04-18,12,4,Saturday,16,251,1.0,19.99,1.84908,21.83908,Loft Green Front Pocket Skirt / Green / 6 / abc,10003294,False,Loft,Skirt,19.99,
2026-04-18 12:48:49,2026-04-18,12,4,Saturday,16,251,1.0,12.99,1.20158,14.19158,Signals Mulit-Color Pants Size L,10007442,False,,Jeans/Pants,12.99,L
2026-04-18 12:27:12,2026-04-18,12,4,Saturday,16,250,1.0,25.99,2.40408,28.39408,Loveriche Brown Skirt/ Size S,10004353,False,Loveriche,Skirt,25.99,S
2026-04-18 12:20:42,2026-04-18,12,4,Saturday,16,249,1.0,32.99,3.05158,36.04158,TH Los Angeles Brown & Beige Dress / Size S,10006659,True,Thya Los Angeles,Dress,32.99,S
2026-04-18 12:20:42,2026-04-18,12,4,Saturday,16,249,1.0,25.99,2.40408,28.39408,Stella Dot White Cabochon Pendant Necklace,10007102,True,Stella & Dot,Accessories,25.99,
2026-04-18 12:19:53,2026-04-18,12,4,Saturday,16,248,1.0,27.99,2.58908,30.57908,Monteau White Lace Shorts Size L,10007613,True,,Shorts,27.99,L
2026-04-18 12:03:37,2026-04-18,12,4,Saturday,16,247,1.0,85.99,7.95408,93.94408,Michael Kors Brown Little Bag w Tassel,10005941,True,Michael Kors,Top,85.99,
2026-04-18 12:03:37,2026-04-18,12,4,Saturday,16,247,1.0,8.99,0.83158,9.82158,Turquoise Color Silver Ring,10007407,True,Unknown,Accessories,8.99,
2026-04-18 11:58:14,2026-04-18,11,4,Saturday,16,246,1.0,32.99,3.05158,36.04158,Sensation Denim Dress/Size XL,10005833,True,Sensation,Dress,32.99,XL
2026-04-18 11:26:56,2026-04-18,11,4,Saturday,16,245,1.0,28.99,2.68158,31.67158,Schutz Black Woven Flats / Size 9.5,10007359,True,Schutz,Shoes,28.99,9.5
2026-04-18 11:22:07,2026-04-18,11,4,Saturday,16,244,1.0,28.99,2.68158,31.67158,Altardstateorangeandwhitecheckeredshort/xs,10007350,True,Altar'd State,Shorts,28.99,XS
2026-04-17 19:47:49,2026-04-17,19,4,Friday,16,243,1.0,25.99,2.40408,28.39408,Heart Soul Light Pink & Black Blouse / Size S,10005755,False,Heart Soul,Top,25.99,S
2026-04-17 19:46:41,2026-04-17,19,4,Friday,16,242,1.0,18.99,1.75658,20.74658,Brighton Silver Necklace,10007342,True,Brighton,Accessories,18.99,
2026-04-17 18:54:24,2026-04-17,18,4,Friday,16,241,1.0,29.0,2.6825,31.6825,Sezane Black/White Pants S,10007881,False,,Jeans/Pants,29.0,
2026-04-17 15:42:15,2026-04-17,15,4,Friday,16,240,1.0,14.99,1.38658,16.37658,express/jckt/dnm/s,10004882,True,Express,Jeans/Pants,14.99,S
2026-04-17 15:42:15,2026-04-17,15,4,Friday,16,240,1.0,24.99,2.31158,27.30158,Patrons of Peace Top/ Floral Beige and Pink/Size XS,10005820,True,Patrons of Peace,Top,24.99,XS
2026-04-17 14:30:36,2026-04-17,14,4,Friday,16,239,1.0,18.99,1.75658,20.74658,Nakamol Stone Wrap Bracelet,10007343,True,Nakamol,Accessories,18.99,
2026-04-17 14:30:36,2026-04-17,14,4,Friday,16,239,1.0,18.99,1.75658,20.74658,WW Black Snakeskin Belt / Size 2X,10006388,True,Ww,Accessories,18.99,2
2026-04-17 14:29:12,2026-04-17,14,4,Friday,16,238,1.0,22.99,2.12658,25.11658,Zara Light Blue Dress Size XS,10007241,False,,Dress,22.99,XS
2026-04-17 14:29:12,2026-04-17,14,4,Friday,16,238,1.0,11.99,1.10908,13.09908,Tennessee Orange Gradient Tshirt / Size XS,10006468,False,Unknown,Top,11.99,XS
2026-04-17 14:29:12,2026-04-17,14,4,Friday,16,238,1.0,19.99,1.84908,21.83908,St Johns Bay White SS Top / Size S,10006970,False,St Johns Bay,Top,19.99,S
2026-04-17 14:29:12,2026-04-17,14,4,Friday,16,238,1.0,24.99,2.31158,27.30158,Lucky BrandSS Top_Za / White X Green / S / 13.68,10002525,False,Lucky Brand,Top,24.99,
2026-04-17 14:26:43,2026-04-17,14,4,Friday,16,237,1.0,22.99,2.12658,25.11658,Mysteree white blouse ,10007885,False,,Top,22.99,
2026-04-17 14:20:55,2026-04-17,14,4,Friday,16,236,1.0,24.99,2.31158,27.30158,unknown/top/plad/xl,10004885,False,Unknown,Top,24.99,XL
2026-04-17 13:42:48,2026-04-17,13,4,Friday,16,235,1.0,23.0,2.1275,25.1275,Boft/Broke Hearts Sweater White L,10007559,True,,Sweater/Cardigan,23.0,
2026-04-17 13:14:03,2026-04-17,13,4,Friday,16,234,1.0,15.99,1.47908,17.46908,R & K Black SS Cover Up / Size M,10005621,False,R & K Originals,Top,15.99,M
2026-04-17 13:14:03,2026-04-17,13,4,Friday,16,234,1.0,24.99,2.31158,27.30158,Green w Copper Leaf Bag,10007599,False,,Accessories,24.99,
2026-04-17 13:14:03,2026-04-17,13,4,Friday,16,234,1.0,12.99,1.20158,14.19158,Zara/WhiWomanShirt/SizeS,10006360,False,Zara,Top,12.99,S
2026-04-17 13:14:03,2026-04-17,13,4,Friday,16,234,1.0,24.99,2.31158,27.30158,Dressy Chosen Vintage LS Blouse,10007541,False,,Dress,24.99,
2026-04-17 13:14:03,2026-04-17,13,4,Friday,16,234,1.0,15.99,1.47908,17.46908,Express/BlkFloralTop/SizeXS,10004899,False,Express,Top,15.99,XS
2026-04-17 13:14:03,2026-04-17,13,4,Friday,16,234,1.0,26.99,2.49658,29.48658,Paris Atelier SS blouse Pink Size 6,10007263,False,,Top,26.99,6
2026-04-17 13:14:03,2026-04-17,13,4,Friday,16,234,1.0,12.99,1.20158,14.19158,Blue Jasmine Blue Crop Top / Size S,10004818,False,Blue Jasmine,Top,12.99,S
2026-04-17 13:14:03,2026-04-17,13,4,Friday,16,234,1.0,19.99,1.84908,21.83908,Hengsheng Jean Jacket M,10007874,False,,Jeans/Pants,19.99,
2026-04-17 13:14:03,2026-04-17,13,4,Friday,16,234,1.0,17.99,1.66408,19.65408,BOG Black Floral Crop Top,10006685,False,Bog,Top,17.99,
2026-04-17 13:14:03,2026-04-17,13,4,Friday,16,234,1.0,32.99,3.05158,36.04158,vintage pant suit set/m,10006170,False,Mannerism,Jeans/Pants,32.99,M
2026-04-17 13:14:03,2026-04-17,13,4,Friday,16,234,1.0,15.99,1.47908,17.46908,Chico's Black Belt,10006381,False,Chico's,Accessories,15.99,
2026-04-17 12:18:19,2026-04-17,12,4,Friday,16,233,1.0,16.99,1.57158,18.56158,Sashu Brown Shoes Size 9,10007674,False,,Shoes,16.99,9
2026-04-16 18:51:37,2026-04-16,18,4,Thursday,16,232,1.0,24.99,2.31158,27.30158,Green Khaki Jogger/Size M,10004446,False,Banana Republic,Other,24.99,M
2026-04-16 18:37:49,2026-04-16,18,4,Thursday,16,231,1.0,29.99,2.77408,32.76408,Floral Sheer Kimono / Size XL,10006697,False,Unknown,Other,29.99,XL
2026-04-16 16:46:18,2026-04-16,16,4,Thursday,16,230,1.0,21.99,2.03408,24.02408,Cabi,10007875,False,,Other,21.99,
2026-04-16 16:46:18,2026-04-16,16,4,Thursday,16,230,1.0,12.99,1.20158,14.19158,WHBMSilverBracelet,10006149,False,White House Black Market,Accessories,12.99,
2026-04-16 16:13:54,2026-04-16,16,4,Thursday,16,229,1.0,22.99,2.12658,25.11658,Red Velvet Lace Tank with Cross / Size M,10006747,False,Unknown,Top,22.99,M
2026-04-16 16:13:54,2026-04-16,16,4,Thursday,16,229,1.0,24.99,2.31158,27.30158,Lulus/BlueFloralBlouse/SizeS,10005458,False,Lulus,Top,24.99,S
2026-04-16 16:04:06,2026-04-16,16,4,Thursday,16,228,1.0,19.99,1.84908,21.83908,Peyton Primrase Gray Cardgian / Size XL,10005572,False,Peyton Primrase,Other,19.99,XL
2026-04-16 14:46:12,2026-04-16,14,4,Thursday,16,227,1.0,45.99,4.25408,50.24408,Saintart Army Green Satin Pants / Size S,10007300,False,Saintart,Jeans/Pants,45.99,S
2026-04-16 14:37:46,2026-04-16,14,4,Thursday,16,226,1.0,32.99,3.05158,36.04158,Blue Straight Leg Pants/Size 8,10004449,True,Unknown,Jeans/Pants,32.99,8
2026-04-15 19:16:50,2026-04-15,19,4,Wednesday,16,225,1.0,15.99,1.47908,17.46908,Navy Bucket Hat/Unknown,10005206,True,Unknown,Accessories,15.99,
2026-04-15 18:28:28,2026-04-15,18,4,Wednesday,16,224,1.0,12.99,1.20158,14.19158,Urban Romantics White Crop Top / Size L,10005198,False,Urban Romantics,Top,12.99,L
2026-04-15 17:45:16,2026-04-15,17,4,Wednesday,16,223,1.0,17.99,1.66408,19.65408,pink tanktop/medium,10006238,False,Adrienne Vittadin,Top,17.99,
2026-04-15 17:45:16,2026-04-15,17,4,Wednesday,16,223,1.0,25.0,2.3125,27.3125,Wu-TangTee Shirt_La / Pink / XL / 6.53,10001098,False,Wu-Tang,Top,25.0,
2026-04-15 17:45:16,2026-04-15,17,4,Wednesday,16,223,1.0,45.99,4.25408,50.24408,Revlon Ivory Love Pat Compact Mirror 1960s,10006250,False,Revlon,Other,45.99,
2026-04-15 15:27:47,2026-04-15,15,4,Wednesday,16,222,1.0,24.99,2.31158,27.30158,Gap Black Button Up SL Top / Size M,10007642,False,Gap,Top,24.99,M
2026-04-15 15:27:47,2026-04-15,15,4,Wednesday,16,222,1.0,34.99,3.23658,38.22658,Nina Black Buttondown Sheer SS / Size M,10006530,False,Nina,Top,34.99,M
2026-04-15 13:51:17,2026-04-15,13,4,Wednesday,16,221,1.0,24.99,2.31158,27.30158,Pinque/MustardCardigan/SizeM,10006044,False,Pinque,Sweater/Cardigan,24.99,M
2026-04-15 13:51:17,2026-04-15,13,4,Wednesday,16,221,1.0,22.99,2.12658,25.11658,Coldwater Creek Purple Cardigan 10,10007677,False,,Sweater/Cardigan,22.99,
2026-04-15 13:45:00,2026-04-15,13,4,Wednesday,16,220,1.0,25.99,2.40408,28.39408,JoieSS Top_Pe / Pink / S / 15.76,10002942,False,Joie,Top,25.99,
2026-04-15 13:24:42,2026-04-15,13,4,Wednesday,16,219,1.0,54.99,5.08658,60.07658,Billini Silver Boots Size 7,10007657,False,,Shoes,54.99,7
2026-04-15 13:09:46,2026-04-15,13,4,Wednesday,16,218,1.0,15.99,1.47908,17.46908,Nanette Lepore Camisole Black,10003037,False,Nanette Lepore,Top,15.99,
2026-04-15 13:09:46,2026-04-15,13,4,Wednesday,16,218,1.0,15.99,1.47908,17.46908,Sonoma Brown SS Top Size M,10007512,False,,Top,15.99,M
2026-04-15 13:09:46,2026-04-15,13,4,Wednesday,16,218,1.0,15.99,1.47908,17.46908,VINTAGE Studio 1940 Satin Pink Buttondown / Size M,10005129,False,Studio 1940,Other,15.99,M
2026-04-15 13:08:25,2026-04-15,13,4,Wednesday,16,217,1.0,19.0,1.7575,20.7575,Blue Canyon SS Top Size L,10007556,False,,Top,19.0,L
2026-04-15 13:08:25,2026-04-15,13,4,Wednesday,16,217,1.0,28.99,2.68158,31.67158,Free People Light Pink Pattern Long Skirt / Size 6,10007116,False,Free People,Skirt,28.99,6
2026-04-12 17:50:10,2026-04-12,17,4,Sunday,15,216,1.0,35.99,3.32908,39.31908,VINTAGE Brown Yellow Floral Umbrella,10006552,True,Unknown,Other,35.99,
2026-04-12 17:50:10,2026-04-12,17,4,Sunday,15,216,1.0,295.0,27.2875,322.2875,Coach Small Pink Purse Gold Hardware Zipper,10007672,True,Coach,Accessories,295.0,
2026-04-12 17:50:10,2026-04-12,17,4,Sunday,15,216,1.0,45.99,4.25408,50.24408,Vertigo Black SL Top / Size XS,10005641,True,Vertigo,Top,45.99,XS
2026-04-12 16:48:36,2026-04-12,16,4,Sunday,15,215,1.0,24.99,2.31158,27.30158,BGBCMaxazria Sweater Brown Size XS,10003534,False,BCBG Maxazria,Sweater/Cardigan,24.99,XS
2026-04-12 16:48:36,2026-04-12,16,4,Sunday,15,215,1.0,21.99,2.03408,24.02408,MintQuarterButton/Size XXS,10004425,False,Armani Exchange,Other,21.99,XXS
2026-04-12 16:04:51,2026-04-12,16,4,Sunday,15,214,1.0,18.99,1.75658,20.74658,Rafaelle Turquoise Skirt/Size L,10007130,False,Rafaella,Skirt,18.99,L
2026-04-12 15:32:37,2026-04-12,15,4,Sunday,15,213,1.0,22.99,2.12658,25.11658,PositiveAtt/BlackCheetaBttnDwn/Size12,10006889,False,Positive Attitude,Other,22.99,12
2026-04-12 15:32:37,2026-04-12,15,4,Sunday,15,213,1.0,25.99,2.40408,28.39408,Blu Pepper Yellow Orange Two Piece Set / Size L,10007773,False,Blu Pepper,Set,25.99,L
2026-04-12 15:30:58,2026-04-12,15,4,Sunday,15,212,1.0,13.99,1.29408,15.28408,DerekHeart/MulticolTieCropTop/SizeS,10006888,False,Derek Heart,Top,13.99,S
2026-04-12 15:30:58,2026-04-12,15,4,Sunday,15,212,1.0,16.99,1.57158,18.56158,Lorraine Intimate Dress / Size M,10003935,False,Lorraine,Dress,16.99,M
2026-04-12 14:59:26,2026-04-12,14,4,Sunday,15,211,1.0,35.99,3.32908,39.31908,Permasan Pale Pink Skirt Lace Detail / Size 8,10005734,True,Persaman,Skirt,35.99,8
2026-04-12 14:59:26,2026-04-12,14,4,Sunday,15,211,1.0,26.99,2.49658,29.48658,GigioUSA/GrnBttnDownBlouse/SizeM,10007736,True,Gigio USA,Top,26.99,M
2026-04-12 14:59:26,2026-04-12,14,4,Sunday,15,211,1.0,59.99,5.54908,65.53908,JSColl/BlkWhiStripeDress/Size6,10007704,True,JS Collection,Dress,59.99,6
2026-04-12 14:57:10,2026-04-12,14,4,Sunday,15,210,1.0,29.99,2.77408,32.76408,Express Pink Jacket/ Size M,10007131,False,Express,Jacket/Coat,29.99,M
2026-04-12 14:15:09,2026-04-12,14,4,Sunday,15,209,1.0,12.99,1.20158,14.19158,Max Studio Blue & White Lace Cami / Size L,10006703,False,Max Studio,Top,12.99,L
2026-04-12 13:43:03,2026-04-12,13,4,Sunday,15,208,1.0,23.99,2.21908,26.20908,Voila Black SL Jumpsuit / Size S,10007679,False,Voila,Romper/Jumpsuit,23.99,S
2026-04-12 12:56:02,2026-04-12,12,4,Sunday,15,207,1.0,25.99,2.40408,28.39408,Altar'd State Black Denim Shorts Romper/Size S,10006761,False,Altar'd State,Shorts,25.99,S
2026-04-12 12:31:48,2026-04-12,12,4,Sunday,15,206,1.0,32.99,3.05158,36.04158,JudyBlue/PinkPocketPant/Size31,10007695,False,Judy Blue Los Angeles,Jeans/Pants,32.99,31
2026-04-12 12:31:48,2026-04-12,12,4,Sunday,15,206,1.0,15.99,1.47908,17.46908,Sag HarborSweatshirt_Cr / Blue / XL / 13.88,10002566,False,Sag Harbor,Top,15.99,
2026-04-12 12:18:32,2026-04-12,12,4,Sunday,15,205,1.0,18.99,1.75658,20.74658,Agenda Orange & White SL Top / Size M,10006446,False,Agenda,Top,18.99,M
2026-04-12 11:52:30,2026-04-12,11,4,Sunday,15,204,1.0,32.99,3.05158,36.04158,Black Detail Skirt / Size M,10003977,False,,Skirt,32.99,M
2026-04-12 11:52:30,2026-04-12,11,4,Sunday,15,204,1.0,15.99,1.47908,17.46908,Hypnotik Blue Gray Circle Dress / Size S,10005494,False,Hypnotik,Dress,15.99,S
2026-04-12 11:52:30,2026-04-12,11,4,Sunday,15,204,1.0,32.99,3.05158,36.04158,desigual multicolor knit dress/m,10006434,False,Desigual,Dress,32.99,M
2026-04-12 11:04:47,2026-04-12,11,4,Sunday,15,203,1.0,24.99,2.31158,27.30158,Liz C Pale Yellow Vest & Skirt Set / Size 6,10007710,False,Liz Claiborne,Skirt,24.99,6
2026-04-11 19:18:04,2026-04-11,19,4,Saturday,15,202,1.0,23.99,2.21908,26.20908,Ann Taylor Black & White Skirt Size 8,10006621,False,,Skirt,23.99,8
2026-04-11 19:18:04,2026-04-11,19,4,Saturday,15,202,1.0,17.99,1.66408,19.65408,Ann Taylor White LS / Size S,10006972,False,Ann Taylor,Top,17.99,S
2026-04-11 19:18:04,2026-04-11,19,4,Saturday,15,202,1.0,16.99,1.57158,18.56158,MotherofPearlRing,10007378,False,Unknown,Accessories,16.99,
2026-04-11 19:13:45,2026-04-11,19,4,Saturday,15,201,1.0,22.99,2.12658,25.11658,Indulge/BlackBBDollTop/SizeXL,10006892,False,Indulge in Style,Other,22.99,XL
2026-04-11 18:24:16,2026-04-11,18,4,Saturday,15,200,1.0,29.99,2.77408,32.76408,Entro Green Lilac Skirt / Size L,10006681,False,Entro,Skirt,29.99,L
2026-04-11 18:24:16,2026-04-11,18,4,Saturday,15,200,1.0,45.99,4.25408,50.24408,NWT Mable White Jacket Size M,10007252,False,,Jacket/Coat,45.99,M
2026-04-11 17:57:39,2026-04-11,17,4,Saturday,15,199,1.0,15.99,1.47908,17.46908,Be Smart Dress Black/Red Size 8,10007229,False,,Dress,15.99,8
2026-04-11 16:44:23,2026-04-11,16,4,Saturday,15,198,1.0,18.99,1.75658,20.74658,Qinsen Brown Bodysuit Size S,10007497,False,,Top,18.99,S
2026-04-11 16:35:33,2026-04-11,16,4,Saturday,15,197,1.0,27.99,2.58908,30.57908,Trixxi/BlkPolkaDotDress/SizeM,10007743,False,Trixxi,Dress,27.99,M
2026-04-11 16:33:33,2026-04-11,16,4,Saturday,15,196,1.0,23.99,2.21908,26.20908,Brown Chic Vintage T Shirt Size L,10007157,False,,Top,23.99,L
2026-04-11 16:24:09,2026-04-11,16,4,Saturday,15,195,1.0,22.99,2.12658,25.11658,Madewell Yellow Dress Size 6,10007227,False,,Dress,22.99,6
2026-04-11 16:18:00,2026-04-11,16,4,Saturday,15,194,1.0,24.99,2.31158,27.30158,Serengeti White Crochet Shirt / Size M,10004761,False,Serengeti,Top,24.99,M
2026-04-11 16:18:00,2026-04-11,16,4,Saturday,15,194,1.0,25.99,2.40408,28.39408,Chicos/SilverStringNecklace,10007385,False,Chico's,Accessories,25.99,
2026-04-11 15:27:49,2026-04-11,15,4,Saturday,15,193,1.0,32.99,3.05158,36.04158,Michael Kors Black Top S,10007667,False,,Top,32.99,
2026-04-11 15:27:49,2026-04-11,15,4,Saturday,15,193,1.0,32.99,3.05158,36.04158,Live a Little Tan Jacket Size PL,10007437,False,,Jacket/Coat,32.99,
2026-04-11 15:02:49,2026-04-11,15,4,Saturday,15,192,1.0,21.99,2.03408,24.02408,Talbots Light Beige Floral Skirt / Size 4,10007723,False,Talbots,Skirt,21.99,4
2026-04-11 14:49:01,2026-04-11,14,4,Saturday,15,191,1.0,24.99,2.31158,27.30158,ArizJeanCo/StuddedJeanSkirt/Size5,10006940,False,Arizona Jean Co,Skirt,24.99,5
2026-04-11 14:49:01,2026-04-11,14,4,Saturday,15,191,1.0,45.99,4.25408,50.24408,DemocracyPants / Green X Pink / S / 14.67,10002724,False,Democracy,Jeans/Pants,45.99,
2026-04-11 14:33:01,2026-04-11,14,4,Saturday,15,190,1.0,18.99,1.75658,20.74658,Relativity Pink & Brown Cardigan / Size S,10005881,False,Relativity,Sweater/Cardigan,18.99,S
2026-04-11 14:33:01,2026-04-11,14,4,Saturday,15,190,1.0,17.0,1.5725,18.5725,The Limited Yellow Sleeveless XS,10007551,False,,Top,17.0,
2026-04-11 14:27:10,2026-04-11,14,4,Saturday,15,189,1.0,24.99,2.31158,27.30158,NellieParton/CreamTop/SizeM,10006410,False,Nellie Parton,Other,24.99,M
2026-04-11 13:56:56,2026-04-11,13,4,Saturday,15,188,1.0,44.99,4.16158,49.15158,Democracy Pants Pink Size 8,10003509,True,Democracy,Jeans/Pants,44.99,8
2026-04-11 13:56:56,2026-04-11,13,4,Saturday,15,188,1.0,27.99,2.58908,30.57908,Democracy Faded Purple Jeans / Size 8,10003754,True,Democracy,Jeans/Pants,27.99,8
2026-04-11 13:56:56,2026-04-11,13,4,Saturday,15,188,1.0,24.99,2.31158,27.30158,Max Studio Black Dress / Size S,10004634,True,Max Studio,Dress,24.99,S
2026-04-11 13:56:56,2026-04-11,13,4,Saturday,15,188,1.0,18.99,1.75658,20.74658,Rachel Zoe Pattern Cinched Sheer Top / Size XS,10005850,True,Rachel Zoe,Top,18.99,XS
2026-04-11 13:56:56,2026-04-11,13,4,Saturday,15,188,1.0,25.99,2.40408,28.39408,AnnTaylor/BlkBttnDwnDress/Size8,10006133,True,Ann Taylor,Dress,25.99,8
2026-04-11 13:56:56,2026-04-11,13,4,Saturday,15,188,1.0,13.99,1.29408,15.28408,Kasper Black SL Top / Size M,10006559,True,Kasper Knits,Top,13.99,M
2026-04-11 13:42:01,2026-04-11,13,4,Saturday,15,187,1.0,29.99,2.77408,32.76408,VintageRustler/Jeanshort/Size6/8,10006909,False,Rustler,Shorts,29.99,6
2026-04-11 13:40:09,2026-04-11,13,4,Saturday,15,186,1.0,21.99,2.03408,24.02408,Loft Blue Floral Skirt / Size S,10006680,False,Loft,Skirt,21.99,S
2026-04-11 13:33:04,2026-04-11,13,4,Saturday,15,185,1.0,24.99,2.31158,27.30158,VINTAGE First Glance Red LS / Size 9,10006302,False,First Glance,Top,24.99,9
2026-04-11 13:07:47,2026-04-11,13,4,Saturday,15,184,1.0,22.99,2.12658,25.11658,WhiteLaceSkort/SizeS/M,10006922,False,Unknown,Other,22.99,S
2026-04-11 13:07:47,2026-04-11,13,4,Saturday,15,184,1.0,27.99,2.58908,30.57908,Free People Yellow Skirt/ Size S,10007330,False,Free People,Skirt,27.99,S
2026-04-11 13:07:47,2026-04-11,13,4,Saturday,15,184,1.0,54.99,5.08658,60.07658,pink oasis tanktop size large,10006630,False,Oasis,Top,54.99,L
2026-04-11 13:07:47,2026-04-11,13,4,Saturday,15,184,1.0,299.0,27.6575,326.6575,ChloePurse_Ch / Pink / OSFA / afr,10003063,False,Chloe,Accessories,299.0,
2026-04-11 13:07:47,2026-04-11,13,4,Saturday,15,184,1.0,18.99,1.75658,20.74658,Red Boho Crochet Knitted Petite Bag,10007413,False,,Sweater/Cardigan,18.99,
2026-04-11 13:04:01,2026-04-11,13,4,Saturday,15,183,1.0,39.99,3.69908,43.68908,VINTAGE Lily Pink LS Buttondown / Size M,10006454,False,Lily,Top,39.99,M
2026-04-11 13:04:01,2026-04-11,13,4,Saturday,15,183,1.0,24.99,2.31158,27.30158,Finity Naturals Orange Silk Skirt / Size 4,10007724,False,Finity Naturals,Skirt,24.99,4
2026-04-11 13:04:01,2026-04-11,13,4,Saturday,15,183,1.0,19.99,1.84908,21.83908,My Michelle Multi-Color Skirt M,10007571,False,,Skirt,19.99,
2026-04-11 13:04:01,2026-04-11,13,4,Saturday,15,183,1.0,35.99,3.32908,39.31908,macaramewovenhandbag/creme/neverused/2pieces,10006065,False,Unknown,Accessories,35.99,
2026-04-11 13:04:01,2026-04-11,13,4,Saturday,15,183,1.0,22.99,2.12658,25.11658,signature white dress shirt/L,10006857,False,Signature by Larry Levine,Dress,22.99,L
2026-04-11 13:04:01,2026-04-11,13,4,Saturday,15,183,1.0,75.99,7.02908,83.01908,hrlydvdsn/boot/bwn lthr/7,10006056,False,Harley Davidson,Shoes,75.99,7
2026-04-11 12:29:53,2026-04-11,12,4,Saturday,15,182,1.0,75.99,7.02908,83.01908,Tory Burch Brown Heels/Size 8M,10007063,False,Tory Burch,Top,75.99,8
2026-04-11 12:25:22,2026-04-11,12,4,Saturday,15,181,1.0,35.99,3.32908,39.31908,Baccini Jean Jacket inc Addon Pins / Size XL,10006579,False,Baccini,Jeans/Pants,35.99,XL
2026-04-11 12:25:22,2026-04-11,12,4,Saturday,15,181,1.0,21.99,2.03408,24.02408,Elliot Lauren Pants Blue & White Size 8,10003372,False,Elliott Lauren,Jeans/Pants,21.99,8
2026-04-11 12:25:22,2026-04-11,12,4,Saturday,15,181,1.0,39.99,3.69908,43.68908,Desigual Jean Skirt / Size 38,10006502,False,Desigual,Skirt,39.99,38
2026-04-11 12:18:56,2026-04-11,12,4,Saturday,15,180,1.0,24.99,2.31158,27.30158,Floral Multicolor Buttondown Top / Size XXL,10006573,False,Unknown,Top,24.99,XXL
2026-04-11 11:39:08,2026-04-11,11,4,Saturday,15,179,1.0,16.0,1.48,17.48,Emory Park Grey Dress  Size L,10007560,False,,Dress,16.0,L
2026-04-10 19:29:21,2026-04-10,19,4,Friday,15,178,1.0,27.99,2.58908,30.57908,Blk&Prp Silk Dress/Size 12,10003844,False,Signature,Dress,27.99,12
2026-04-10 19:29:21,2026-04-10,19,4,Friday,15,178,1.0,27.99,2.58908,30.57908,Alfani Black & Beige SL Dress / Size 16,10007474,False,Alfani,Dress,27.99,16
2026-04-10 19:29:21,2026-04-10,19,4,Friday,15,178,1.0,17.99,1.66408,19.65408,Philosophy Blue & Pink Tank / Size M,10006299,False,Philosophy,Top,17.99,M
2026-04-10 19:15:03,2026-04-10,19,4,Friday,15,177,1.0,21.99,2.03408,24.02408,1. State Leopard Print Dress,10007204,False,,Dress,21.99,
2026-04-10 19:13:11,2026-04-10,19,4,Friday,15,176,1.0,24.99,2.31158,27.30158,Peter Carol Yellow Sweater/ Size L,10006759,False,Peter Carol,Sweater/Cardigan,24.99,L
2026-04-10 19:13:11,2026-04-10,19,4,Friday,15,176,1.0,35.99,3.32908,39.31908,boohoo/dress/pink/10,10003662,False,Boohoo,Dress,35.99,10
2026-04-10 18:37:40,2026-04-10,18,4,Friday,15,175,1.0,22.99,2.12658,25.11658,Liz C Red SS Buttondown / Size S,10006533,False,Liz Claiborne,Top,22.99,S
2026-04-10 18:37:40,2026-04-10,18,4,Friday,15,175,1.0,45.99,4.25408,50.24408,Desigual Green Colorful Dress / Size 38,10005913,False,Desigual,Dress,45.99,38
2026-04-10 18:37:40,2026-04-10,18,4,Friday,15,175,1.0,16.99,1.57158,18.56158,Old Navy Blue & Pink SL Top / Size S,10006541,False,Old Navy,Top,16.99,S
2026-04-10 17:22:45,2026-04-10,17,4,Friday,15,174,1.0,15.99,1.47908,17.46908,Altarxd State Orange Pink FL Crop Top / Size S,10004842,False,Altar'd State,Top,15.99,S
2026-04-10 17:22:45,2026-04-10,17,4,Friday,15,174,1.0,49.99,4.62408,54.61408,Long white skirt/S,10006847,False,Unknown,Skirt,49.99,S
2026-04-10 17:22:45,2026-04-10,17,4,Friday,15,174,1.0,10.99,1.01658,12.00658,Haute Monde Pink Tulle Skirt / Size L,10007681,False,Haute Monde,Skirt,10.99,L
2026-04-10 17:22:45,2026-04-10,17,4,Friday,15,174,1.0,15.99,1.47908,17.46908,JapnaCrop Top_Ho / Red X White / M / 14.66,10002722,False,Japna,Top,15.99,
2026-04-10 16:16:11,2026-04-10,16,4,Friday,15,173,1.0,74.99,6.93658,81.92658,Vintage Lamp Black & Brown,10006495,False,,Other,74.99,
2026-04-10 16:14:39,2026-04-10,16,4,Friday,15,172,1.0,12.99,1.20158,14.19158,unknown/bls/blk/m,10005348,False,Unknown,Top,12.99,M
2026-04-10 15:45:40,2026-04-10,15,4,Friday,15,171,1.0,14.99,1.38658,16.37658,Black Crop Top Spaghetti Strap / Size L,10006283,False,Unknown,Top,14.99,L
2026-04-10 15:45:40,2026-04-10,15,4,Friday,15,171,1.0,27.99,2.58908,30.57908,Beatles Grey Tee/Size M,10004343,False,Unknown,Top,27.99,M
2026-04-10 15:42:25,2026-04-10,15,4,Friday,15,170,1.0,24.99,2.31158,27.30158,KimRogers/BrwnPolkaDotDress/Size6,10005467,False,Kim Rogers,Dress,24.99,6
2026-04-10 14:07:56,2026-04-10,14,4,Friday,15,169,1.0,39.99,3.69908,43.68908,Yellow Floral Suede SL Dress / Size XXL,10007299,False,Unknown,Dress,39.99,XXL
2026-04-10 12:57:26,2026-04-10,12,4,Friday,15,168,1.0,21.99,2.03408,24.02408,Rolling S Tshirt / Size L,10004590,False,The Rolling Stones,Top,21.99,L
2026-04-10 12:36:16,2026-04-10,12,4,Friday,15,167,1.0,32.99,3.05158,36.04158,VintageKingsRoad/GrnBttnDwn/Size40,10006002,False,Kings Road,Other,32.99,40
2026-04-09 20:36:20,2026-04-09,20,4,Thursday,15,166,1.0,11.99,1.10908,13.09908,Suuksess Camisole Pink Size S,10007605,False,,Top,11.99,S
2026-04-09 20:34:58,2026-04-09,20,4,Thursday,15,165,1.0,25.99,2.40408,28.39408,Ktoo Pink Skirt,10006779,False,K Too,Skirt,25.99,
2026-04-09 20:12:41,2026-04-09,20,4,Thursday,15,164,1.0,12.99,1.20158,14.19158,Express Beige & Lace Cami / Size L,10006704,False,Express,Top,12.99,L
2026-04-09 20:12:41,2026-04-09,20,4,Thursday,15,164,1.0,32.99,3.05158,36.04158,Highway/JemDenimSkirt/Size13,10005773,False,Highway Jeans,Skirt,32.99,13
2026-04-09 15:34:36,2026-04-09,15,4,Thursday,15,163,1.0,22.99,2.12658,25.11658,London Times Teal Pink Dress / Size 6,10006310,False,London Times,Dress,22.99,6
2026-04-09 14:00:11,2026-04-09,14,4,Thursday,15,162,1.0,35.99,3.32908,39.31908,Nicole MillerNicole Miller Feather Tank / Black / XS / abc,10003315,False,Nicole Miller,Top,35.99,
2026-04-09 13:51:14,2026-04-09,13,4,Thursday,15,161,1.0,14.99,1.38658,16.37658,Mariokart Tee Shirt/Size XL,10005242,False,Mariokart,Top,14.99,XL
2026-04-09 13:51:14,2026-04-09,13,4,Thursday,15,161,1.0,20.99,1.94158,22.93158,PinkFloyd Baby Tee/Size S,10004132,False,Unknown,Top,20.99,S
2026-04-09 13:51:14,2026-04-09,13,4,Thursday,15,161,1.0,22.99,2.12658,25.11658,pink/sweatshirt/burgundy/xs,10003727,False,Pink,Top,22.99,XS
2026-04-09 13:51:14,2026-04-09,13,4,Thursday,15,161,1.0,18.99,1.75658,20.74658,Entro Burnt Orange Skirt Size L,10007287,False,,Skirt,18.99,L
2026-04-09 13:51:14,2026-04-09,13,4,Thursday,15,161,1.0,16.99,1.57158,18.56158,LaneBryant/NashvilleTshirt/Size22/24,10006156,False,Lane Bryant,Top,16.99,22
2026-04-08 18:01:12,2026-04-08,18,4,Wednesday,15,160,1.0,23.99,2.21908,26.20908,Pink Chic Vintage T Shirt Size M,10007146,False,,Top,23.99,M
2026-04-08 17:25:53,2026-04-08,17,4,Wednesday,15,159,1.0,19.99,1.84908,21.83908,Altard State Overalls White Size L,10007279,False,,Top,19.99,L
2026-04-08 17:25:53,2026-04-08,17,4,Wednesday,15,159,1.0,22.99,2.12658,25.11658,Sweet Storm Multi-Color Dress M,10007566,False,,Dress,22.99,
2026-04-08 17:25:53,2026-04-08,17,4,Wednesday,15,159,1.0,27.99,2.58908,30.57908,She's Cool Red Blue Strapless Dress / Size XL,10007470,False,She's Cool,Dress,27.99,XL
2026-04-08 17:01:32,2026-04-08,17,4,Wednesday,15,158,1.0,23.99,2.21908,26.20908,Pink Chic Vintage T Shirt Size XL,10007148,False,,Top,23.99,XL
2026-04-08 16:57:18,2026-04-08,16,4,Wednesday,15,157,1.0,18.99,1.75658,20.74658,WHBM/ Ruched Blouse/ Prpl/ Size S,10005032,False,White House Black Market,Top,18.99,S
2026-04-08 16:49:29,2026-04-08,16,4,Wednesday,15,156,1.0,31.99,2.95908,34.94908,Abercrombie & F Blue Cardigan / Size XS,10005880,False,Abercrombie & Fitch,Sweater/Cardigan,31.99,XS
2026-04-08 16:49:29,2026-04-08,16,4,Wednesday,15,156,1.0,20.99,1.94158,22.93158,J Jill Biege LS Cardigan / Size XS,10005547,False,J Jill,Sweater/Cardigan,20.99,XS
2026-04-08 16:48:04,2026-04-08,16,4,Wednesday,15,155,1.0,24.99,2.31158,27.30158,Stylus/WhilaceFlwrDressCover/Size,10006932,False,Stylus,Dress,24.99,
2026-04-08 16:48:04,2026-04-08,16,4,Wednesday,15,155,1.0,15.99,1.47908,17.46908,vanity fair/ngt gwn/cream/38,10003674,False,Vanity Fair,Other,15.99,38
2026-04-08 16:48:04,2026-04-08,16,4,Wednesday,15,155,1.0,8.99,0.83158,9.82158,Gold Bronze Necklace,10006581,False,Unknown,Accessories,8.99,
2026-04-08 16:48:04,2026-04-08,16,4,Wednesday,15,155,1.0,7.992,0.73926,8.73126,FlowerGemEarrings,10007376,False,Unknown,Accessories,9.99,
2026-04-08 16:09:27,2026-04-08,16,4,Wednesday,15,154,1.0,28.99,2.68158,31.67158,Cole&Han Taupe Loafer/Size 8.5,10004105,False,Cole Haan,Shoes,28.99,8.5
2026-04-08 14:48:13,2026-04-08,14,4,Wednesday,15,153,1.0,39.99,3.69908,43.68908,Sharmark Black/Gold Shawl,10007634,False,,Other,39.99,
2026-04-08 13:37:07,2026-04-08,13,4,Wednesday,15,152,1.0,28.99,2.68158,31.67158,Lila Rose Black Floral SL Dress / Size L,10005122,False,Lila Rose,Dress,28.99,L
2026-04-08 13:37:07,2026-04-08,13,4,Wednesday,15,152,1.0,14.99,1.38658,16.37658,Loft Colorful Sheer SS / Size L,10004766,False,Loft,Top,14.99,L
2026-04-08 13:37:07,2026-04-08,13,4,Wednesday,15,152,1.0,22.99,2.12658,25.11658,TanFloralPullOver/SizeL,10005463,False,Unknown,Sweater/Cardigan,22.99,L
2026-04-08 13:37:07,2026-04-08,13,4,Wednesday,15,152,1.0,22.99,2.12658,25.11658,Calvin Klein Black SL Top / Size L,10005658,False,Calvin Klein,Top,22.99,L
2026-04-08 13:37:07,2026-04-08,13,4,Wednesday,15,152,1.0,18.99,1.75658,20.74658,Cable & Gauge Black SL Lace Top / Size XL,10006538,False,Cable X Gauge,Top,18.99,XL
2026-04-08 13:37:07,2026-04-08,13,4,Wednesday,15,152,1.0,22.99,2.12658,25.11658,Mellowday White & Blue Top / Size XL,10006571,False,Melloday,Top,22.99,XL
2026-04-08 12:08:39,2026-04-08,12,4,Wednesday,15,151,1.0,14.99,1.38658,16.37658,Divided White Blouse / Size 8,10006959,False,Divided,Top,14.99,8
2026-04-08 11:48:04,2026-04-08,11,4,Wednesday,15,150,1.0,32.99,3.05158,36.04158,Doe & Rae Black SL Top / Size S,10005588,False,Doe X Rae,Top,32.99,S
2026-04-05 18:18:40,2026-04-05,18,4,Sunday,14,149,1.0,59.99,5.54908,65.53908,Tory Burch Pink Blue Small Purse,10005853,False,Tory Burch,Accessories,59.99,
2026-04-05 18:11:40,2026-04-05,18,4,Sunday,14,148,1.0,25.99,2.40408,28.39408,Mlle Gabrielle White Orange Floral Dress / Size 18W,10006708,False,Mlle Gabrielle,Dress,25.99,18
2026-04-05 17:43:37,2026-04-05,17,4,Sunday,14,147,1.0,15.99,1.47908,17.46908,GC White/Beige Sandals/Size 6.5,10007069,False,,Top,15.99,6.5
2026-04-05 17:41:35,2026-04-05,17,4,Sunday,14,146,1.0,25.99,2.40408,28.39408,VINTAGE Maverick Jean Blazer / Size M,10006289,False,Maverick,Jeans/Pants,25.99,M
2026-04-05 17:41:35,2026-04-05,17,4,Sunday,14,146,1.0,23.0,2.1275,25.1275,H&M Orange Sweater Size M,10007555,False,,Sweater/Cardigan,23.0,M
2026-04-05 17:03:13,2026-04-05,17,4,Sunday,14,145,1.0,23.99,2.21908,26.20908,Free People Blue Skirt / Size 6,10007360,False,Free People,Skirt,23.99,6
2026-04-05 17:03:13,2026-04-05,17,4,Sunday,14,145,1.0,12.99,1.20158,14.19158,Zara Cream SL Bodysuit / Size S,10005100,False,Zara,Top,12.99,S
2026-04-05 17:03:13,2026-04-05,17,4,Sunday,14,145,1.0,32.99,3.05158,36.04158,Majora Purple Strapless Jumpsuit / Size M,10005529,False,Majora,Romper/Jumpsuit,32.99,M
2026-04-05 17:03:13,2026-04-05,17,4,Sunday,14,145,1.0,18.99,1.75658,20.74658,Tahari Arthur Blue Green SL Top / Size L,10006570,False,Tahari Arthur S Levine,Top,18.99,L
2026-04-05 17:03:13,2026-04-05,17,4,Sunday,14,145,1.0,19.99,1.84908,21.83908,Designers  Original Sleeveless Top Black Size L,10003382,False,Designers Original,Top,19.99,L
2026-04-05 17:03:13,2026-04-05,17,4,Sunday,14,145,1.0,17.99,1.66408,19.65408,AnnTaylor/ LeafPrint Top/ Grn/ Size M,10005071,False,Ann Taylor,Top,17.99,M
2026-04-05 17:03:13,2026-04-05,17,4,Sunday,14,145,1.0,34.99,3.23658,38.22658,Flying T NWT Black Brown Knit Dress / Size L,10006519,False,Flying Tomato,Dress,34.99,L
2026-04-05 15:23:13,2026-04-05,15,4,Sunday,14,144,1.0,19.99,1.84908,21.83908,Muse Valley Sheer Baby Pink Dress / Size L,10006699,False,Muse Valley,Dress,19.99,L
2026-04-05 15:22:33,2026-04-05,15,4,Sunday,14,143,1.0,14.99,1.38658,16.37658,Guns & Roses Graphic T / Size L,10004589,False,Guns N Roses,Other,14.99,L
2026-04-05 15:22:33,2026-04-05,15,4,Sunday,14,143,1.0,18.99,1.75658,20.74658,Entro Black Skirt Size L,10007243,False,,Skirt,18.99,L
2026-04-05 13:47:53,2026-04-05,13,4,Sunday,14,142,1.0,14.99,1.38658,16.37658,Arizona Pink Lace SS Skirt / Size M,10004819,False,Arizona,Skirt,14.99,M
2026-04-05 13:34:00,2026-04-05,13,4,Sunday,14,141,1.0,25.99,2.40408,28.39408,Black & White Knit Cover Up / Size M,10005965,False,Unknown,Sweater/Cardigan,25.99,M
2026-04-05 13:34:00,2026-04-05,13,4,Sunday,14,141,1.0,15.99,1.47908,17.46908,Elite Belt Silver Checkered,10006599,False,Elite,Accessories,15.99,
2026-04-05 13:09:58,2026-04-05,13,4,Sunday,14,140,1.0,24.99,2.31158,27.30158,Asos Design White Dress/ Size 2,10007336,False,Asos Design,Dress,24.99,2
2026-04-05 13:04:57,2026-04-05,13,4,Sunday,14,139,1.0,39.99,3.69908,43.68908,Desigual Army Green Jacket w Beading / Size 44,10006580,False,Desigual,Jacket/Coat,39.99,44
2026-04-05 12:35:45,2026-04-05,12,4,Sunday,14,138,1.0,85.99,7.95408,93.94408,brown leather corral cowboy boot/8-8.5,10006668,False,Pecos Bill,Shoes,85.99,
2026-04-05 12:35:45,2026-04-05,12,4,Sunday,14,138,1.0,25.99,2.40408,28.39408,Madison/ Knit Cover/ Red/ Size L,10005431,False,Madison,Sweater/Cardigan,25.99,L
2026-04-05 12:18:45,2026-04-05,12,4,Sunday,14,137,1.0,20.0,1.85,21.85,Flowers,10007594,False,,Other,22.5,
2026-04-05 11:55:57,2026-04-05,11,4,Sunday,14,136,1.0,14.99,1.38658,16.37658,Black & Green Floral Skirt / Size M,10005526,False,Unknown,Skirt,14.99,M
2026-04-05 11:08:40,2026-04-05,11,4,Sunday,14,135,1.0,45.99,4.25408,50.24408,Listicle Light Blue Dress Size L,10007261,False,,Dress,45.99,L
2026-04-05 11:06:34,2026-04-05,11,4,Sunday,14,134,1.0,49.99,4.62408,54.61408,house of harlow multi color maxi dress/S,10006649,False,House of Harlow 1960,Dress,49.99,S
2026-04-04 19:35:36,2026-04-04,19,4,Saturday,14,133,1.0,16.99,1.57158,18.56158,Allegra White Blouse Bodysuit / Size XS,10006973,False,Allegra K,Top,16.99,XS
2026-04-04 19:35:36,2026-04-04,19,4,Saturday,14,133,1.0,20.0,1.85,21.85,Flowers,10007594,False,,Other,22.5,
2026-04-04 19:35:36,2026-04-04,19,4,Saturday,14,133,1.0,25.99,2.40408,28.39408,Banana Republic Black Dress Size 0,10007195,False,,Dress,25.99,0
2026-04-04 19:35:36,2026-04-04,19,4,Saturday,14,133,1.0,18.99,1.75658,20.74658,Banana Republic Blue Striped Dress / Size 00,10005495,False,Banana Republic,Dress,18.99,00
2026-04-04 19:27:28,2026-04-04,19,4,Saturday,14,132,1.0,23.99,2.21908,26.20908,Ilaria Sartori Black Gold Sandals/7.5,10007083,False,Ilaria,Top,23.99,7.5
2026-04-04 17:50:21,2026-04-04,17,4,Saturday,14,131,1.0,22.99,2.12658,25.11658,red skirt/2,10006178,False,J Crew,Skirt,22.99,2
2026-04-04 17:50:21,2026-04-04,17,4,Saturday,14,131,1.0,10.99,1.01658,12.00658,DeltaPW/Underdog/SizeM,10007396,False,Delta Pro Weight,Other,10.99,M
2026-04-04 17:46:44,2026-04-04,17,4,Saturday,14,130,1.0,14.99,1.38658,16.37658,Life is Good Pink Adjustable Size Hat,10006624,False,,Accessories,14.99,
2026-04-04 17:15:42,2026-04-04,17,4,Saturday,14,129,1.0,49.99,4.62408,54.61408,NBD Sequin Top Size S,10007498,False,,Top,49.99,S
2026-04-04 17:15:42,2026-04-04,17,4,Saturday,14,129,1.0,18.99,1.75658,20.74658,Daytrip Red Lace Tshirt / Size S,10005748,False,Daytrip,Top,18.99,S
2026-04-04 17:15:42,2026-04-04,17,4,Saturday,14,129,1.0,17.99,1.66408,19.65408,Pimatee Rascal Flatts T-Shirt XL,10007565,False,,Top,17.99,
2026-04-04 16:57:54,2026-04-04,16,4,Saturday,14,128,1.0,32.99,3.05158,36.04158,Coast Rainbow Tank / Size 10,10005612,False,Coast,Top,32.99,10
2026-04-04 16:57:54,2026-04-04,16,4,Saturday,14,128,1.0,27.99,2.58908,30.57908,Bisou Bisou Lavender Satin Tank / Size L,10006751,False,Bisou Bisou,Top,27.99,L
2026-04-04 16:57:54,2026-04-04,16,4,Saturday,14,128,1.0,22.99,2.12658,25.11658,Urban O Green Purple Sheer Tank / Size M,10005845,False,Urban Outfitters,Top,22.99,M
2026-04-04 16:57:54,2026-04-04,16,4,Saturday,14,128,1.0,25.99,2.40408,28.39408,Victoria Secret purple tanktop/xl,10007454,False,Victoriaxs Secret,Top,25.99,XL
2026-04-04 16:57:54,2026-04-04,16,4,Saturday,14,128,1.0,21.99,2.03408,24.02408,Sears Yellow Intimate Slip / Size M,10003934,False,Sears,Other,21.99,M
2026-04-04 16:47:54,2026-04-04,16,4,Saturday,14,127,1.0,28.99,2.68158,31.67158,Zara White SL Crop Top / Size XS,10006961,False,Zara,Top,28.99,XS
2026-04-04 16:47:54,2026-04-04,16,4,Saturday,14,127,1.0,29.99,2.77408,32.76408,cloth & stone white linen dress shirt/L,10006855,False,Cloth X Stone,Dress,29.99,L
2026-04-04 16:38:49,2026-04-04,16,4,Saturday,14,126,1.0,20.0,1.85,21.85,Flowers,10007594,False,,Other,22.5,
2026-04-04 16:11:24,2026-04-04,16,4,Saturday,14,125,1.0,15.99,1.47908,17.46908,OldNavy/OrangeTankTop/SizeM,10004864,False,Old Navy,Top,15.99,M
2026-04-04 15:37:28,2026-04-04,15,4,Saturday,14,124,1.0,24.99,2.31158,27.30158,JCrew/BlackFlats/Size7,10004406,False,J Crew,Shoes,24.99,7
2026-04-04 15:16:41,2026-04-04,15,4,Saturday,14,123,1.0,20.0,1.85,21.85,Flowers,10007594,False,,Other,22.5,
2026-04-04 14:34:50,2026-04-04,14,4,Saturday,14,122,1.0,25.99,2.40408,28.39408,Karlie Pink Dress/Size XL,10006775,False,Karlie,Dress,25.99,XL
2026-04-04 14:34:50,2026-04-04,14,4,Saturday,14,122,1.0,19.99,1.84908,21.83908,KateLord Prp StripeShrt/Size M,10004117,False,Kate Lord,Shorts,19.99,M
2026-04-04 14:34:50,2026-04-04,14,4,Saturday,14,122,1.0,32.99,3.05158,36.04158,Resa Blue and Tan Dress/Size XS REAL SIZE OS,10005831,False,Resa,Dress,32.99,XS
2026-04-04 14:34:50,2026-04-04,14,4,Saturday,14,122,1.0,37.99,3.51408,41.50408,Lovestitch Dress Pink/White Size M,10007179,False,,Dress,37.99,M
2026-04-04 14:34:50,2026-04-04,14,4,Saturday,14,122,1.0,19.99,1.84908,21.83908,Perceptions White Knit Throw / Size 1X,10006975,False,Perceptions,Sweater/Cardigan,19.99,1
2026-04-04 14:08:13,2026-04-04,14,4,Saturday,14,121,1.0,19.99,1.84908,21.83908,GAP/WhiDotBttnDown/SizeS,10006873,False,Gap,Other,19.99,S
2026-04-04 13:41:58,2026-04-04,13,4,Saturday,14,120,1.0,18.99,1.75658,20.74658,Wrangler/JeanFlowerShorts/Size4,10006790,False,Wrangler,Shorts,18.99,4
2026-04-04 13:40:29,2026-04-04,13,4,Saturday,14,119,1.0,20.0,1.85,21.85,Flowers,10007594,False,,Other,22.5,
2026-04-04 13:18:48,2026-04-04,13,4,Saturday,14,118,1.0,29.99,2.77408,32.76408,Von Dutch Pink & Brown Hat,10006615,False,Von Dutch,Accessories,29.99,
2026-04-04 13:18:48,2026-04-04,13,4,Saturday,14,118,1.0,12.99,1.20158,14.19158,C&C red and white crochet dress/S,10006839,False,C&C california,Dress,12.99,S
2026-04-04 13:18:48,2026-04-04,13,4,Saturday,14,118,1.0,12.99,1.20158,14.19158,Zara/ Ruche Crop/ Cream/ Size XS,10005087,False,Zara,Other,12.99,XS
2026-04-04 12:43:29,2026-04-04,12,4,Saturday,14,117,1.0,32.99,3.05158,36.04158,dELia's Dress Blue Size XS,10007262,False,,Dress,32.99,XS
2026-04-04 12:05:23,2026-04-04,12,4,Saturday,14,116,1.0,19.99,1.84908,21.83908,Le Lis Black SL Silver Fringe Top / Size S,10006994,False,Le Lis,Top,19.99,S
2026-04-04 12:05:23,2026-04-04,12,4,Saturday,14,116,1.0,22.99,2.12658,25.11658,olivaceous/GrnCamotieShirt/SizeS,10006054,False,Olivaceous,Top,22.99,S
2026-04-04 12:05:23,2026-04-04,12,4,Saturday,14,116,1.0,35.99,3.32908,39.31908,BCBG Burgundy Dress w Sleeves / Size M,10005984,False,BCBG Maxazria,Dress,35.99,M
2026-04-04 12:02:33,2026-04-04,12,4,Saturday,14,115,1.0,29.99,2.77408,32.76408,Lydia USA Black Rhinestone Corset,10007124,False,Lydia,Set,29.99,
2026-04-04 11:54:04,2026-04-04,11,4,Saturday,14,114,1.0,13.99,1.29408,15.28408,National Coll Gray Vols Tshirt / Size S,10006523,False,National Collegian,Top,13.99,S
2026-04-04 11:23:08,2026-04-04,11,4,Saturday,14,113,1.0,45.99,4.25408,50.24408,NWT draper james/dress/org/4,10005819,False,Draper James NWT,Dress,45.99,4
2026-04-04 11:21:47,2026-04-04,11,4,Saturday,14,112,1.0,24.99,2.31158,27.30158,Mariella B Sheer Longsleeve Duo / Size S,10004537,False,Mariella Burani,Other,24.99,S
2026-04-04 11:16:45,2026-04-04,11,4,Saturday,14,111,1.0,24.99,2.31158,27.30158,Maggy London Blue & White SS Dress / Size 2,10007464,False,Maggy London,Dress,24.99,2
2026-04-04 11:05:24,2026-04-04,11,4,Saturday,14,110,1.0,45.99,4.25408,50.24408,Lily Pulitzer Orange Dress,10006809,False,Lily Pulitzer,Dress,45.99,
2026-04-04 10:53:45,2026-04-04,10,4,Saturday,14,109,1.0,15.99,1.47908,17.46908,Express/LaceCami/Lilac/SizeXL,10004095,False,Express,Top,15.99,XL
2026-04-03 20:29:54,2026-04-03,20,4,Friday,14,108,1.0,22.99,2.12658,25.11658,Zara Blue Flats/Size 11,10007092,False,Zara,Shoes,22.99,11
2026-04-03 20:07:56,2026-04-03,20,4,Friday,14,107,1.0,23.99,2.21908,26.20908,Billabong white dress/M,10006652,False,Billabong,Dress,23.99,M
2026-04-03 19:34:14,2026-04-03,19,4,Friday,14,106,1.0,18.99,1.75658,20.74658,Apollo Jeans Sleeveless Denim Jacket / Size S,10007126,False,Apollo,Jeans/Pants,18.99,S
2026-04-03 19:33:37,2026-04-03,19,4,Friday,14,105,1.0,15.99,1.47908,17.46908,Brown Belt with Gold Beads,10006371,False,Unknown,Accessories,15.99,
2026-04-03 19:05:47,2026-04-03,19,4,Friday,14,104,1.0,16.99,1.57158,18.56158,Blowfish Brown Sandals/Size 7.5,10007079,False,,Top,16.99,7.5
2026-04-03 19:05:47,2026-04-03,19,4,Friday,14,104,1.0,15.99,1.47908,17.46908,Hand Painted Owl Pin VINTAGE,10007406,False,Unknown,Other,15.99,
2026-04-03 18:56:06,2026-04-03,18,4,Friday,14,103,1.0,16.99,1.57158,18.56158,stjohnsbay/sht/rd strip/1x,10004950,False,St Johns Bay,Other,16.99,
2026-04-03 18:56:06,2026-04-03,18,4,Friday,14,103,1.0,24.99,2.31158,27.30158,Chelsea Red Floral SS Top / Size 1X,10005634,False,Chelsea X Theodore,Top,24.99,1
2026-04-03 18:56:06,2026-04-03,18,4,Friday,14,103,1.0,25.99,2.40408,28.39408,Johnny Was/ Shoulder Bag,10005083,False,Johnny Was,Accessories,25.99,
2026-04-03 18:56:06,2026-04-03,18,4,Friday,14,103,1.0,28.99,2.68158,31.67158,Chistopher Banks Grey Blazer Size XL,10007257,False,,Jacket/Coat,28.99,XL
2026-04-03 18:22:43,2026-04-03,18,4,Friday,14,102,1.0,23.0,2.1275,25.1275,Comfort Orange Heels Size 8,10007545,False,,Top,23.0,8
2026-04-03 17:37:51,2026-04-03,17,4,Friday,14,101,1.0,25.99,2.40408,28.39408,Blk&WhiLaceSkirt/SizeS,10004856,False,Unknown,Skirt,25.99,S
2026-04-03 17:21:18,2026-04-03,17,4,Friday,14,100,1.0,24.99,2.31158,27.30158,Nubile Jean Lightwash Miniskirt / Size XL,10005252,False,Nubile Jeans,Skirt,24.99,XL
2026-04-03 17:18:15,2026-04-03,17,4,Friday,14,99,1.0,17.99,1.66408,19.65408,Unknown Black Top Size M,10007592,False,,Top,17.99,M
2026-04-03 17:13:16,2026-04-03,17,4,Friday,14,98,1.0,16.0,1.48,17.48,Garage Jean Skort / Size S,10006676,False,Garage,Jeans/Pants,16.0,S
2026-04-03 17:08:56,2026-04-03,17,4,Friday,14,97,1.0,14.99,1.38658,16.37658,Eunina White Shorts/Size S,10007029,False,Eunina,Shorts,14.99,S
2026-04-03 16:26:53,2026-04-03,16,4,Friday,14,96,1.0,12.99,1.20158,14.19158,CttnCandyLA/AniPrintTop/SizeS,10005319,False,Cotton Candy LA,Other,12.99,S
2026-04-03 16:26:53,2026-04-03,16,4,Friday,14,96,1.0,30.0,2.775,32.775,Freys/BrwnSunglasses,10007312,False,Freyrs,Top,30.0,
2026-04-03 15:38:44,2026-04-03,15,4,Friday,14,95,1.0,22.99,2.12658,25.11658,The Sak Hot Pink Bag,10007108,False,The Sak,Accessories,22.99,
2026-04-03 15:25:43,2026-04-03,15,4,Friday,14,94,1.0,75.0,6.9375,81.9375,Silver Metal Skulls Ring Purse,10007197,False,,Top,75.0,
2026-04-03 15:24:53,2026-04-03,15,4,Friday,14,93,1.0,22.99,2.12658,25.11658,Indulge Dress Black/White Size M,10007260,False,,Dress,22.99,M
2026-04-03 14:37:56,2026-04-03,14,4,Friday,14,92,1.0,20.0,1.85,21.85,Flowers,10007594,False,,Other,22.5,
2026-04-03 14:32:07,2026-04-03,14,4,Friday,14,91,1.0,7.99,0.73908,8.72908,Unknown Tan Hat,10007093,False,Unknown,Accessories,7.99,
2026-04-03 14:32:07,2026-04-03,14,4,Friday,14,91,1.0,23.99,2.21908,26.20908,Parkhurst Silver Sequin Vest / Size L,10006516,False,Parkhurst,Top,23.99,L
2026-04-03 14:13:41,2026-04-03,14,4,Friday,14,90,1.0,24.99,2.31158,27.30158,Abercrombie & F Blue Crop Cardigan / Size XS,10005967,False,Abercrombie & Fitch,Sweater/Cardigan,24.99,XS
2026-04-03 14:13:41,2026-04-03,14,4,Friday,14,90,1.0,25.99,2.40408,28.39408,NWT PrettyLittle Thing Skirt Size 8,10007203,False,,Skirt,25.99,8
2026-04-03 14:07:25,2026-04-03,14,4,Friday,14,89,1.0,25.99,2.40408,28.39408,Silence&Noise Multi-Color Tube Top S,10007572,False,,Top,25.99,
2026-04-03 14:07:25,2026-04-03,14,4,Friday,14,89,1.0,21.99,2.03408,24.02408,TheOutfit/White Floral Top/Size S,10003903,False,The Outfit,Top,21.99,S
2026-04-03 14:07:25,2026-04-03,14,4,Friday,14,89,1.0,15.99,1.47908,17.46908,Nanette Lepore Camisole Black,10003037,False,Nanette Lepore,Top,15.99,
2026-04-03 13:54:59,2026-04-03,13,4,Friday,14,88,1.0,27.99,2.58908,30.57908,Express/ Sequin Cami/ Gld&Blk/ Size S,10005043,False,Express,Top,27.99,S
2026-04-03 13:54:59,2026-04-03,13,4,Friday,14,88,1.0,12.99,1.20158,14.19158,vera bradley fabric belt,10006442,False,Vera Bradley,Accessories,12.99,
2026-04-03 13:34:13,2026-04-03,13,4,Friday,14,87,1.0,14.99,1.38658,16.37658,Moa Moa Red Crop Top / Size M,10004816,False,Moa Moa,Top,14.99,M
2026-04-03 12:54:08,2026-04-03,12,4,Friday,14,86,1.0,45.99,4.25408,50.24408,Akira Cream Boots/Size 8,10007055,False,Akira,Shoes,45.99,8
2026-04-02 20:17:03,2026-04-02,20,4,Thursday,14,85,1.0,21.99,2.03408,24.02408,Brown Blue Crochet Purse,10006555,False,Unknown,Accessories,21.99,
2026-04-02 20:17:03,2026-04-02,20,4,Thursday,14,85,1.0,22.99,2.12658,25.11658,ThrEightyTwo/BlueBlouse/SizeS,10005330,False,Three Eighty Two,Top,22.99,S
2026-04-02 20:17:03,2026-04-02,20,4,Thursday,14,85,1.0,24.99,2.31158,27.30158,arden b/swtr/grn/m,10004692,False,Arden B,Sweater/Cardigan,24.99,M
2026-04-02 20:17:03,2026-04-02,20,4,Thursday,14,85,1.0,25.99,2.40408,28.39408,Macrame Bag,10004788,False,Unknown,Accessories,25.99,
2026-04-02 20:17:03,2026-04-02,20,4,Thursday,14,85,1.0,65.0,6.0125,71.0125,Coach Madison Phoebe Gold Studded Bag,10003439,False,Coach,Accessories,65.0,
2026-04-02 18:51:46,2026-04-02,18,4,Thursday,14,84,1.0,32.99,3.05158,36.04158,Crisis Floral Button Down/Size S,10005230,False,Crisis,Other,32.99,S
2026-04-02 15:25:19,2026-04-02,15,4,Thursday,14,83,1.0,18.99,1.75658,20.74658,Dress Forum Lemon Wrap Dress / Size M,10006608,False,Dress Forum,Dress,18.99,M
2026-04-02 14:48:04,2026-04-02,14,4,Thursday,14,82,1.0,25.99,2.40408,28.39408,NWT Ryu Skirt Brown Size S,10007265,False,,Skirt,25.99,S
2026-04-02 13:04:40,2026-04-02,13,4,Thursday,14,81,1.0,22.99,2.12658,25.11658,Vintage Marino Orlandi Italian Leather Bag/AS IS,10007096,True,Marino Orlandi,Accessories,22.99,
2026-04-02 12:55:10,2026-04-02,12,4,Thursday,14,80,1.0,22.99,2.12658,25.11658,Just G Shorts Jumper Size 2,10006279,False,Just G,Shorts,22.99,2
2026-04-02 12:55:10,2026-04-02,12,4,Thursday,14,80,1.0,14.99,1.38658,16.37658,DerekHeart/GreenKnitTank/Size S,10004295,False,Derek Heart,Sweater/Cardigan,14.99,S
2026-04-02 12:55:10,2026-04-02,12,4,Thursday,14,80,1.0,150.0,13.875,163.875,VINTAGE 90s Rafe Designer Handbag,10006578,False,Rafe Designer,Accessories,150.0,
2026-04-02 12:34:07,2026-04-02,12,4,Thursday,14,79,1.0,17.99,1.66408,19.65408,Unknown White Camisole Size Med,10003419,False,Unknown,Top,17.99,M
2026-04-01 19:34:33,2026-04-01,19,4,Wednesday,14,78,1.0,24.99,2.31158,27.30158,FP Movement Purple Sweatshirt / Size S,10005969,False,fp Movement,Top,24.99,S
2026-04-01 19:34:33,2026-04-01,19,4,Wednesday,14,78,1.0,22.99,2.12658,25.11658,J. Gee yellow floral dress size SP,10006643,False,J. Gee,Dress,22.99,S
2026-04-01 19:34:33,2026-04-01,19,4,Wednesday,14,78,1.0,8.99,0.83158,9.82158,Wild Fable Red Orange Crop Top / Size S,10006585,False,Wild Fable,Top,8.99,S
2026-04-01 19:34:33,2026-04-01,19,4,Wednesday,14,78,1.0,33.99,3.14408,37.13408,Sigrid Khaki Pants Pink Stitch / Size 2,10003854,False,Sigrid Olsen,Jeans/Pants,33.99,2
2026-04-01 18:50:06,2026-04-01,18,4,Wednesday,14,77,1.0,9.99,0.92408,10.91408,CreamBondedLeatherBelt/SizeXL,10004409,False,Unknown,Accessories,9.99,XL
2026-04-01 18:03:25,2026-04-01,18,4,Wednesday,14,76,1.0,25.99,2.40408,28.39408,Blue Floral SL Dress / Size XS,10007222,False,Band of the Free,Dress,25.99,XS
2026-04-01 16:54:57,2026-04-01,16,4,Wednesday,14,75,1.0,29.99,2.77408,32.76408,red and white plaid dress shirt/small,10006199,False,J Crew,Dress,29.99,
2026-04-01 16:54:57,2026-04-01,16,4,Wednesday,14,75,1.0,22.99,2.12658,25.11658,BananaR/PinkTankTop/SizeS,10006087,False,Banana Republic,Top,22.99,S
2026-04-01 16:54:57,2026-04-01,16,4,Wednesday,14,75,1.0,18.99,1.75658,20.74658,Express Pale Pink SL Top Tie Front  / Size M,10007448,False,Express,Top,18.99,M
2026-04-01 15:39:46,2026-04-01,15,4,Wednesday,14,74,1.0,18.99,1.75658,20.74658,Sunday in Brooklyn Blue/White Top XS,10007503,False,,Top,18.99,
2026-04-01 15:39:46,2026-04-01,15,4,Wednesday,14,74,1.0,22.99,2.12658,25.11658,AltardState/StripeBttnSkirt/SizeS,10005792,False,Altar'd State,Skirt,22.99,S
2026-04-01 15:23:46,2026-04-01,15,4,Wednesday,14,73,1.0,18.99,1.75658,20.74658,Ocean Drive Light Green & White Dress / Size S,10006683,False,Ocean Drive,Dress,18.99,S
2026-04-01 15:23:46,2026-04-01,15,4,Wednesday,14,73,1.0,13.99,1.29408,15.28408,Zara Basic Cream Off Shoulder Top / Size XS,10006968,False,Zara Basic,Top,13.99,XS
2026-04-01 14:01:32,2026-04-01,14,4,Wednesday,14,72,1.0,19.99,1.84908,21.83908,DKNY jacket,10007516,False,,Jacket/Coat,19.99,
2026-04-01 14:01:32,2026-04-01,14,4,Wednesday,14,72,1.0,19.99,1.84908,21.83908,JCrew  Purp Floral Long Sleeve / Size M,10003858,False,J Crew,Other,19.99,M
2026-04-01 14:01:32,2026-04-01,14,4,Wednesday,14,72,1.0,24.99,2.31158,27.30158,brandolino floral jacket/10p,10006435,False,Brandolino,Jacket/Coat,24.99,
2026-04-01 14:01:32,2026-04-01,14,4,Wednesday,14,72,1.0,19.99,1.84908,21.83908,The Sak Green Satchel,10007446,False,,Other,19.99,
2026-04-01 13:58:28,2026-04-01,13,4,Wednesday,14,71,1.0,24.99,2.31158,27.30158,Nine West Yellow Jacket/SIze 4,10007123,False,Nine West,Jacket/Coat,24.99,4
2026-04-01 12:25:27,2026-04-01,12,4,Wednesday,14,70,1.0,18.99,1.75658,20.74658,LRL Black Purse Gold Zipper,10004523,False,Lauren Ralph Lauren,Accessories,18.99,
2026-04-01 12:12:53,2026-04-01,12,4,Wednesday,14,69,1.0,34.99,3.23658,38.22658,J Brand white jeans/26,10006843,False,J Brand,Jeans/Pants,34.99,26
2026-03-29 18:47:36,2026-03-29,18,3,Sunday,13,68,1.0,21.99,2.03408,24.02408,H/PinklaceTop/SizeS,10006367,False,H by bordeaux,Other,21.99,S
2026-03-29 18:41:43,2026-03-29,18,3,Sunday,13,67,1.0,12.99,1.20158,14.19158,CoPremium/JeanStitchShorts/Size9,10007417,False,1 co Premium,Shorts,12.99,9
2026-03-29 18:41:13,2026-03-29,18,3,Sunday,13,66,1.0,18.99,1.75658,20.74658,Promod/PnkPurpLaceShirt/SizeS,10007366,False,Promod,Top,18.99,S
2026-03-29 18:33:49,2026-03-29,18,3,Sunday,13,65,1.0,18.99,1.75658,20.74658,Altard State Green Top Size S,10007202,False,,Top,18.99,S
2026-03-29 16:46:58,2026-03-29,16,3,Sunday,13,64,1.0,32.99,3.05158,36.04158,MotiviJacket_Lo / Black / S / 14.54,10002698,False,Motivi,Jacket/Coat,32.99,
2026-03-29 16:44:06,2026-03-29,16,3,Sunday,13,63,1.0,15.99,1.47908,17.46908,Sincerely Jules Orange SL Crop Top / Size S,10004953,False,Sincerely Jules,Top,15.99,S
2026-03-29 16:34:04,2026-03-29,16,3,Sunday,13,62,1.0,25.99,2.40408,28.39408,AeroSoles/BrwnBuckleHeel/Size7.5,10004322,False,Aerosoles,Shoes,25.99,7.5
2026-03-29 16:34:04,2026-03-29,16,3,Sunday,13,62,1.0,22.99,2.12658,25.11658,CreamRuffleHalterTop/SizeXS/S,10007397,False,Unknown,Top,22.99,XS
2026-03-29 16:19:17,2026-03-29,16,3,Sunday,13,61,1.0,64.99,6.01158,71.00158,VINTAGE Duckhead Jean Striped Overalls / Size XS,10006688,False,Duckhead,Jeans/Pants,64.99,XS
2026-03-29 16:08:37,2026-03-29,16,3,Sunday,13,60,1.0,55.99,5.17908,61.16908,THML/Blk&WhipatternTop/SizeS,10006038,False,Thml,Other,55.99,S
2026-03-29 15:33:35,2026-03-29,15,3,Sunday,13,59,1.0,31.99,2.95908,34.94908,PlaidDress/Bl&Wht/Size S,10004436,False,Loveriche,Dress,31.99,S
2026-03-29 15:07:52,2026-03-29,15,3,Sunday,13,58,1.0,7.99,0.73908,8.72908,Pink Baseball Cap,10004234,False,Unknown,Other,7.99,
2026-03-29 15:07:52,2026-03-29,15,3,Sunday,13,58,1.0,6.99,0.64658,7.63658,Avon Vintage Rose Ring,10007408,False,Avon,Accessories,6.99,
2026-03-29 15:07:52,2026-03-29,15,3,Sunday,13,58,1.0,16.99,1.57158,18.56158,Brown & White Belt,10006393,False,Unknown,Accessories,16.99,
2026-03-29 15:07:52,2026-03-29,15,3,Sunday,13,58,1.0,15.99,1.47908,17.46908,VINTAGE Hot Pink Beaded Purse,10005053,False,Unknown,Accessories,15.99,
2026-03-29 14:29:13,2026-03-29,14,3,Sunday,13,57,1.0,22.99,2.12658,25.11658,VINTAGE unknown/dress/prp floral/s,10003743,False,Unknown,Dress,22.99,S
2026-03-29 14:29:13,2026-03-29,14,3,Sunday,13,57,1.0,18.99,1.75658,20.74658,Levi's Cut Off Shorts 501,10007319,False,Levi Strauss & Co,Shorts,18.99,
2026-03-29 14:29:13,2026-03-29,14,3,Sunday,13,57,1.0,39.99,3.69908,43.68908,VINTAGE Collage Green Plaid Buttonup / Size S,10006679,False,Collage,Other,39.99,S
2026-03-29 14:21:10,2026-03-29,14,3,Sunday,13,56,1.0,22.99,2.12658,25.11658,BluPepper/BrwnPolkaDCard/SizeS,10006045,False,Blu Pepper,Other,22.99,S
2026-03-29 13:59:22,2026-03-29,13,3,Sunday,13,55,1.0,32.99,3.05158,36.04158,VintageSO/PinkBttnDwnTop/SizeL,10004667,False,So,Other,32.99,L
2026-03-29 13:54:04,2026-03-29,13,3,Sunday,13,54,1.0,26.99,2.49658,29.48658,Casual Corner Red Skirt Pattern / Size 12,10004805,False,Casual Corner,Skirt,26.99,12
2026-03-29 13:54:04,2026-03-29,13,3,Sunday,13,54,1.0,22.99,2.12658,25.11658,Talbots/brwnbttnshirt/SizeM,10006048,False,Talbots,Top,22.99,M
2026-03-29 13:54:04,2026-03-29,13,3,Sunday,13,54,1.0,25.99,2.40408,28.39408,Town & Country VINTAGE Red Purse,10004555,False,Town & Country,Accessories,25.99,
2026-03-29 13:54:04,2026-03-29,13,3,Sunday,13,54,1.0,18.99,1.75658,20.74658,Tan Purse,10003985,False,,Accessories,18.99,
2026-03-29 13:36:05,2026-03-29,13,3,Sunday,13,53,1.0,18.99,1.75658,20.74658,Talbot's Green Hat,10007238,False,,Accessories,18.99,
2026-03-29 13:06:06,2026-03-29,13,3,Sunday,13,52,1.0,22.99,2.12658,25.11658,CabiLS Top_Vi / Blue X White / M / 6.91,10001173,False,Cabi,Top,22.99,
2026-03-29 12:24:22,2026-03-29,12,3,Sunday,13,51,1.0,21.99,2.03408,24.02408,Briggs NY Floral Skirt/Black,10004169,False,Briggs New York,Skirt,21.99,
2026-03-29 12:02:52,2026-03-29,12,3,Sunday,13,50,1.0,29.99,2.77408,32.76408,JimiHendrixTShirt/SizeM,10006101,False,Authentic Hendrix,Top,29.99,M
2026-03-29 12:02:52,2026-03-29,12,3,Sunday,13,50,1.0,32.99,3.05158,36.04158,guessTee Shirt_Gue / Pink / M / abc,10004027,False,Guess,Top,32.99,
2026-03-29 12:02:52,2026-03-29,12,3,Sunday,13,50,1.0,18.99,1.75658,20.74658,VintageFlowerNecklace,10007375,False,Unknown,Accessories,18.99,
2026-03-29 12:02:03,2026-03-29,12,3,Sunday,13,49,1.0,23.99,2.21908,26.20908,Lulus/PinkHalterBodysuit/SizeS,10007374,False,Lulus,Top,23.99,S
2026-03-29 12:02:03,2026-03-29,12,3,Sunday,13,49,1.0,28.99,2.68158,31.67158,Ammo Blk Tank NWT/ Size S,10007026,False,Ammo,Top,28.99,S
2026-03-29 12:02:03,2026-03-29,12,3,Sunday,13,49,1.0,22.99,2.12658,25.11658,FreePeople/PinkTanktop/SizeXS,10006404,False,Free People,Top,22.99,XS
2026-03-29 12:00:39,2026-03-29,12,3,Sunday,13,48,1.0,27.99,2.58908,30.57908,JuliaTee Shirt_Cu / White / L / 14.68,10002725,False,Julia,Top,27.99,
2026-03-29 11:52:39,2026-03-29,11,3,Sunday,13,47,1.0,22.99,2.12658,25.11658,Free People Yellow LS Top Size XS,10007283,False,,Top,22.99,XS
2026-03-29 11:52:39,2026-03-29,11,3,Sunday,13,47,1.0,18.99,1.75658,20.74658,Jeuvre Snakeskin & Floral Dress / Size XS,10006727,False,Jeuvre,Dress,18.99,XS
2026-03-29 11:48:43,2026-03-29,11,3,Sunday,13,46,1.0,15.99,1.47908,17.46908,PS LATee Shirt_Ex / Black / S / 14.41,10002672,False,Ps La,Top,15.99,
2026-03-29 11:16:00,2026-03-29,11,3,Sunday,13,45,1.0,18.99,1.75658,20.74658,Oz Red Leather Purse,10007100,False,Oz,Accessories,18.99,
2026-03-29 11:06:27,2026-03-29,11,3,Sunday,13,44,1.0,19.99,1.84908,21.83908,Dusty Pink Intimate Slip / Size M,10003936,False,,Other,19.99,M
2026-03-28 21:11:25,2026-03-28,21,3,Saturday,13,43,1.0,17.99,1.66408,19.65408,Silver Metal Black Leather Bracelet / Metal / OSFM / abc,10003246,False,Unknown,Accessories,17.99,
2026-03-28 21:09:51,2026-03-28,21,3,Saturday,13,42,1.0,17.99,1.66408,19.65408,Brown & Silver Bracelet / Brown & Silver / OSFM / abc,10003242,False,Unknown,Accessories,17.99,
2026-03-28 20:50:09,2026-03-28,20,3,Saturday,13,41,1.0,45.99,4.25408,50.24408,Desigual Yellow Leather Jacket / Size M,10006609,False,Desigual,Jacket/Coat,45.99,M
2026-03-28 20:37:46,2026-03-28,20,3,Saturday,13,40,1.0,19.99,1.84908,21.83908,MichelleNicole/BrownJewelShirt/SizeS,10006896,False,Michelle Nicole,Top,19.99,S
2026-03-28 20:37:46,2026-03-28,20,3,Saturday,13,40,1.0,15.99,1.47908,17.46908,Chicos Flower Sprakley Bracelet,10007344,False,Chicos,Accessories,15.99,
2026-03-28 20:37:09,2026-03-28,20,3,Saturday,13,39,1.0,42.99,3.97658,46.96658,Kourt Black Dress/Size M,10007328,False,Kourt,Dress,42.99,M
2026-03-28 20:37:09,2026-03-28,20,3,Saturday,13,39,1.0,14.99,1.38658,16.37658,Express DS Blue Dress SS Shirt / Size S,10004733,False,Express Design Studio,Dress,14.99,S
2026-03-28 20:34:49,2026-03-28,20,3,Saturday,13,38,1.0,24.99,2.31158,27.30158,ODM Premium GoodsTee Shirt_Odm / Brown / M / abc,10004041,False,ODM Premium Goods,Top,24.99,
2026-03-28 20:29:21,2026-03-28,20,3,Saturday,13,37,1.0,175.0,16.1875,191.1875,Desigual Blue Black Red Long Coat / Size 40,10006331,False,Desigual,Jacket/Coat,175.0,40
2026-03-28 20:04:33,2026-03-28,20,3,Saturday,13,36,1.0,15.99,1.47908,17.46908,Loft Off White Pattern Shorts/Size 8,10006823,False,Loft,Shorts,15.99,8
2026-03-28 19:52:56,2026-03-28,19,3,Saturday,13,35,1.0,32.99,3.05158,36.04158,AveMaria/MeshOutdoorShirt/Size40,10006365,False,Ave Maria,Top,32.99,40
2026-03-28 19:52:56,2026-03-28,19,3,Saturday,13,35,1.0,24.99,2.31158,27.30158,Audrey Talbott Purple Watercolor LS,10004996,False,Audrey Talbott,Top,24.99,
2026-03-28 19:35:14,2026-03-28,19,3,Saturday,13,34,1.0,21.99,2.03408,24.02408,vintage purple patterned pants/small,10006181,False,Unknown,Jeans/Pants,21.99,
2026-03-28 19:34:06,2026-03-28,19,3,Saturday,13,33,1.0,15.99,1.47908,17.46908,Red Oak Tennessee Tshirt / Size XL,10004828,False,Red Oak,Top,15.99,XL
2026-03-28 19:34:06,2026-03-28,19,3,Saturday,13,33,1.0,16.99,1.57158,18.56158,Gray Tennessee Tshirt / Size L,10006465,False,Unknown,Top,16.99,L
2026-03-28 19:33:20,2026-03-28,19,3,Saturday,13,32,1.0,32.99,3.05158,36.04158,Hollister Dark Gray Bomber Jacket / Size XXS,10005124,False,Hollister,Jacket/Coat,32.99,XXS
2026-03-28 19:30:49,2026-03-28,19,3,Saturday,13,31,1.0,22.99,2.12658,25.11658,Ekouaer Grey Sweater/Shorts Size L,10007159,False,,Shorts,22.99,L
2026-03-28 19:28:57,2026-03-28,19,3,Saturday,13,30,1.0,25.99,2.40408,28.39408,DolceVita/CreamHeelBoot/Size7.5,10005450,False,Dolce Vita,Shoes,25.99,7.5
2026-03-28 19:19:35,2026-03-28,19,3,Saturday,13,29,1.0,14.99,1.38658,16.37658,White SL Ruffle Neck Top / Size M,10006965,False,Unknown,Top,14.99,M
2026-03-28 19:19:35,2026-03-28,19,3,Saturday,13,29,1.0,32.99,3.05158,36.04158,NineWVintAmer/WhiJeanJacket/SizeL,10006871,False,Nine West,Jeans/Pants,32.99,L
2026-03-28 19:19:35,2026-03-28,19,3,Saturday,13,29,1.0,24.99,2.31158,27.30158,Nautica white blouse/M,10006842,False,Nautica,Top,24.99,M
2026-03-28 19:11:35,2026-03-28,19,3,Saturday,13,28,1.0,55.99,5.17908,61.16908,Anthropologie Reformation Plaid Top/Size L,10006814,False,Anthropologie,Top,55.99,L
2026-03-28 18:59:25,2026-03-28,18,3,Saturday,13,27,1.0,15.99,1.47908,17.46908,Divided Red Gray LS / Size 8,10005708,False,Divided,Top,15.99,8
2026-03-28 18:45:44,2026-03-28,18,3,Saturday,13,26,1.0,85.99,7.95408,93.94408,Vintage Sunflower Dress/ Size 14,10006771,False,Unknown,Dress,85.99,14
2026-03-28 18:45:44,2026-03-28,18,3,Saturday,13,26,1.0,28.99,2.68158,31.67158,Fore Multicolor Floral Crop Top / Size M,10006583,False,Fore,Top,28.99,M
2026-03-28 18:45:44,2026-03-28,18,3,Saturday,13,26,1.0,15.99,1.47908,17.46908,LAHearts/GrnBlueHalterTop/SizeM,10006900,False,LA Hearts,Top,15.99,M
2026-03-28 18:45:44,2026-03-28,18,3,Saturday,13,26,1.0,19.99,1.84908,21.83908,Green Tan Satin SL Top / Size M,10006996,False,Unknown,Top,19.99,M
2026-03-28 18:45:44,2026-03-28,18,3,Saturday,13,26,1.0,45.99,4.25408,50.24408,Theory Dress Black Size 4,10007188,False,,Dress,45.99,4
2026-03-28 18:41:58,2026-03-28,18,3,Saturday,13,25,1.0,22.99,2.12658,25.11658,Stella Dot Gold Multi Color Necklace,10007346,False,Stella & Dot,Accessories,22.99,
2026-03-28 18:34:56,2026-03-28,18,3,Saturday,13,24,1.0,23.99,2.21908,26.20908,Brown Chic Vintage T Shirt Size L,10007157,False,,Top,23.99,L
2026-03-28 18:34:56,2026-03-28,18,3,Saturday,13,24,1.0,23.99,2.21908,26.20908,Pink Chic Vintage T Shirt Size M,10007146,False,,Top,23.99,M
2026-03-28 18:06:59,2026-03-28,18,3,Saturday,13,23,1.0,300.0,27.75,327.75,Pink coach mini purse,10006670,False,Coach,Accessories,300.0,
2026-03-28 17:21:16,2026-03-28,17,3,Saturday,13,22,1.0,33.99,3.14408,37.13408,Frederick's of Hollywood Leopard Slip / Size M,10007174,False,Frederick's of Hollywood,Other,33.99,M
2026-03-28 17:21:16,2026-03-28,17,3,Saturday,13,22,1.0,27.99,2.58908,30.57908,Sasson Black Slip Dress / Size L,10003910,False,Sasson,Dress,27.99,L
2026-03-28 16:52:59,2026-03-28,16,3,Saturday,13,21,1.0,19.99,1.84908,21.83908,The territory ahead white dress shirt/M,10006856,False,The Territory Ahead,Dress,19.99,M
2026-03-28 16:52:59,2026-03-28,16,3,Saturday,13,21,1.0,15.99,1.47908,17.46908,Patterned Top/ Wht&Orng/ Size XS,10005061,False,Unknown,Top,15.99,XS
2026-03-28 16:52:59,2026-03-28,16,3,Saturday,13,21,1.0,31.99,2.95908,34.94908,Lapis Pink & Brown Strapless Dress / One Size,10007110,False,Lapis,Dress,31.99,
2026-03-28 16:44:37,2026-03-28,16,3,Saturday,13,20,1.0,25.99,2.40408,28.39408,Canyon River Army Green Overalls / Size M,10006692,False,Canyon River Blues,Top,25.99,M
2026-03-28 16:29:43,2026-03-28,16,3,Saturday,13,19,1.0,19.99,1.84908,21.83908,Moth/Amber Knit Sweater/Size S,10004283,False,Moth,Sweater/Cardigan,19.99,S
2026-03-28 16:15:00,2026-03-28,16,3,Saturday,13,18,1.0,26.99,2.49658,29.48658,Essence/BlPatternedSkirtWRuffle/SizeM,10004896,False,Essence,Skirt,26.99,M
2026-03-28 16:07:39,2026-03-28,16,3,Saturday,13,17,1.0,45.99,4.25408,50.24408,Isaac Mizrahi White Dress / Size 6,10006983,False,Isaac Mizrahi,Dress,45.99,6
2026-03-28 14:46:42,2026-03-28,14,3,Saturday,13,16,1.0,125.0,11.5625,136.5625,Desigual Purple Orange Boots / Size 9.5,10005957,False,Desigual,Shoes,125.0,9.5
2026-03-28 14:36:03,2026-03-28,14,3,Saturday,13,15,1.0,18.99,1.75658,20.74658,White Mountain Slip on Sandals Gold/Size 9,10007065,False,White Mountain,Top,18.99,9
2026-03-28 14:36:03,2026-03-28,14,3,Saturday,13,15,1.0,35.99,3.32908,39.31908,West 36th Denim Skirt Brown/Size L,10007107,False,West 36th,Skirt,35.99,L
2026-03-28 14:33:47,2026-03-28,14,3,Saturday,13,14,1.0,15.99,1.47908,17.46908,Highway Jeans Jean Vest / Size M,10005098,False,Highway Jeans,Jeans/Pants,15.99,M
2026-03-28 14:33:47,2026-03-28,14,3,Saturday,13,14,1.0,44.99,4.16158,49.15158,blue patterned dress/medium,10006185,False,Desigual,Dress,44.99,
2026-03-28 14:33:47,2026-03-28,14,3,Saturday,13,14,1.0,49.99,4.62408,54.61408,VINTAGE Magica Blue 2 Piece Set / Size M,10006479,False,Magica,Set,49.99,M
2026-03-28 14:33:47,2026-03-28,14,3,Saturday,13,14,1.0,28.99,2.68158,31.67158,VINTAGE/studioI/blouse/grn/14,10003665,False,studio I,Top,28.99,14
2026-03-28 14:33:47,2026-03-28,14,3,Saturday,13,14,1.0,125.99,11.65408,137.64408,Badgley Mischka Dress Floral Black / Black / 8 / abc,10003335,False,Badgley Mischka,Dress,125.99,
2026-03-28 14:33:47,2026-03-28,14,3,Saturday,13,14,1.0,24.99,2.31158,27.30158,RefugeDenim/LightDenimVest/SizeM,10006411,False,Refuge Denim,Jeans/Pants,24.99,M
2026-03-28 14:24:19,2026-03-28,14,3,Saturday,13,13,1.0,45.99,4.25408,50.24408,TheSak/BrwnFloralBag,10005997,False,The Sak,Accessories,45.99,
2026-03-28 14:19:42,2026-03-28,14,3,Saturday,13,12,1.0,45.99,4.25408,50.24408,NWT BCBG Brown Dress Size 8,10007250,False,,Dress,45.99,8
2026-03-28 14:19:04,2026-03-28,14,3,Saturday,13,11,1.0,19.99,1.84908,21.83908,Urban Behavior Multicolor Sheer Tank / Size S,10006564,False,Urban Behavior,Top,19.99,S
2026-03-28 14:13:11,2026-03-28,14,3,Saturday,13,10,1.0,23.99,2.21908,26.20908,Do & Be Brown & Green Tank / Size M,10007210,False,,Top,23.99,M
2026-03-28 13:47:34,2026-03-28,13,3,Saturday,13,9,1.0,15.99,1.47908,17.46908,Gianni Bini Red Shoes Size 11,10006254,False,Giani Bini,Shoes,15.99,11
2026-03-28 13:46:44,2026-03-28,13,3,Saturday,13,8,1.0,24.99,2.31158,27.30158,Abercrombie & F Black White Floral LS / Size L,10005629,False,Abercrombie & Fitch,Top,24.99,L
2026-03-28 13:46:44,2026-03-28,13,3,Saturday,13,8,1.0,29.99,2.77408,32.76408,Wit X WisdomPants / Plum / 14 / abc,10004024,False,Wit X Wisdom,Jeans/Pants,29.99,
2026-03-28 13:44:12,2026-03-28,13,3,Saturday,13,7,1.0,26.99,2.49658,29.48658,Levi's White Shorts / Size 30,10007301,False,Levi Strauss & Co,Shorts,26.99,30
2026-03-28 13:44:12,2026-03-28,13,3,Saturday,13,7,1.0,26.99,2.49658,29.48658,GAP White Lace Top/Size L,10006275,False,Gap,Top,26.99,L
2026-03-28 13:37:50,2026-03-28,13,3,Saturday,13,651,1.0,45.99,4.25408,50.24408,VINTAGE Floral Orange/Tan Shirt/ Size 12,10006274,False,Unknown,Top,45.99,12
2026-03-28 13:37:50,2026-03-28,13,3,Saturday,13,651,1.0,8.5,0.78625,9.28625,Orange Drop Earrings,10003994,False,,Accessories,8.5,
2026-03-28 12:56:56,2026-03-28,12,3,Saturday,13,650,1.0,224.99,20.81158,245.80158,1883 Teal and Brown Cowgirl Boots / Size 7.5,10003761,True,1883 by Luccheen,Shoes,224.99,7.5
2026-03-28 12:32:26,2026-03-28,12,3,Saturday,13,649,1.0,28.99,2.68158,31.67158,LaceLongsleeve/SizeS,10006030,False,Unknown,Other,28.99,S
2026-03-28 12:23:41,2026-03-28,12,3,Saturday,13,648,1.0,39.99,3.69908,43.68908,Fleur Silk Scarf,10007094,False,Fleur,Accessories,39.99,
2026-03-28 12:07:36,2026-03-28,12,3,Saturday,13,647,1.0,175.0,16.1875,191.1875,Desigual Multicolor Coat / Size 40,10005733,False,Desigual,Jacket/Coat,175.0,40
2026-03-28 11:32:11,2026-03-28,11,3,Saturday,13,646,1.0,22.99,2.12658,25.11658,Limited Black Skirt/Size 2,10005210,False,The Limited,Skirt,22.99,2
2026-03-28 11:32:11,2026-03-28,11,3,Saturday,13,646,1.0,20.99,1.94158,22.93158,Naturalizer Lime Green Mules/Size 8.5,10007064,False,Naturalizer,Other,20.99,8.5
2026-03-28 11:21:48,2026-03-28,11,3,Saturday,13,645,1.0,22.99,2.12658,25.11658,VINTAGE Black Blouse Gold Leaf / Size Large,10005697,False,Unknown,Top,22.99,L
2026-03-28 11:21:48,2026-03-28,11,3,Saturday,13,645,1.0,18.99,1.75658,20.74658,VintageSears/WhiRuffleBtnDwn/Size8,10006127,False,Sears,Other,18.99,8
2026-03-28 10:46:59,2026-03-28,10,3,Saturday,13,644,1.0,12.99,1.20158,14.19158,Biviar Black Hat,10007325,False,Biviar,Accessories,12.99,
2026-03-28 10:46:59,2026-03-28,10,3,Saturday,13,644,1.0,8.5,0.78625,9.28625,Pink Trio Flower Earrings,10003993,False,,Accessories,8.5,
2026-03-27 20:08:42,2026-03-27,20,3,Friday,13,643,1.0,22.99,2.12658,25.11658,Jason Maxwell Green Floral Hoodie/ Size XL,10007125,False,Jason Maxwell,Other,22.99,XL
2026-03-27 20:06:51,2026-03-27,20,3,Friday,13,642,1.0,22.99,2.12658,25.11658,ClothXStone/WhiteSlvlessBttnDwn/SizeM,10006927,False,Cloth X Stone,Top,22.99,M
2026-03-27 20:06:51,2026-03-27,20,3,Friday,13,642,1.0,15.99,1.47908,17.46908,unknown/tank/blk/m,10006071,False,Unknown,Top,15.99,M
2026-03-27 19:02:11,2026-03-27,19,3,Friday,13,641,1.0,25.99,2.40408,28.39408,ZaraSweater_Cu / blue / M / 1.35,10000062,False,Zara,Sweater/Cardigan,25.99,
2026-03-27 18:55:37,2026-03-27,18,3,Friday,13,640,1.0,32.99,3.05158,36.04158,VINTAGE Zayre Black & W Polka Dot Top / Size M,10006471,False,Zayre,Top,32.99,M
2026-03-27 18:06:25,2026-03-27,18,3,Friday,13,639,1.0,39.99,3.69908,43.68908,SamEdelman/Blk&GoldLoafer/Size8.5M,10004395,False,Sam Edelman,Shoes,39.99,8.5
2026-03-27 18:02:10,2026-03-27,18,3,Friday,13,638,1.0,21.99,2.03408,24.02408,Ronni Nicole Green Cardigan / Size 1x,10005889,False,Ronni Nicole,Sweater/Cardigan,21.99,1
2026-03-27 17:37:23,2026-03-27,17,3,Friday,13,637,1.0,8.99,0.83158,9.82158,beige ribbed tanktop/large/xl,10006186,False,Aura,Top,8.99,XL
2026-03-27 17:37:23,2026-03-27,17,3,Friday,13,637,1.0,15.99,1.47908,17.46908,BodyCentral/ Sheer Top/ Camel/ Size M,10005154,False,Body Central,Top,15.99,M
2026-03-27 17:37:23,2026-03-27,17,3,Friday,13,637,1.0,12.99,1.20158,14.19158,AC DCTee Shirt_Ne / Pink / S / 11.86,10002161,False,AC/DC,Top,12.99,
2026-03-27 17:13:13,2026-03-27,17,3,Friday,13,636,1.0,45.99,4.25408,50.24408,Elana Kattau Rainbow Jumpsuit/ Size S,10007128,False,Elana Kattau,Romper/Jumpsuit,45.99,S
2026-03-27 17:11:42,2026-03-27,17,3,Friday,13,635,1.0,9.99,0.92408,10.91408,Crm & Bronze Belt/Size S,10003705,True,Unknown,Accessories,9.99,S
2026-03-27 16:57:16,2026-03-27,16,3,Friday,13,634,1.0,18.99,1.75658,20.74658,Brown Leather Belt Brass Buckle,10006376,False,Unknown,Top,18.99,
2026-03-27 16:54:19,2026-03-27,16,3,Friday,13,633,1.0,69.99,6.47408,76.46408,12th Tribe White Sequin Jacket / Size M,10003950,False,12th Tribe,Jacket/Coat,69.99,M
2026-03-27 16:53:12,2026-03-27,16,3,Friday,13,632,1.0,35.99,3.32908,39.31908,Allegria Red Sling Backs/Size7-7.5,10007080,False,Allegria,Other,35.99,7
2026-03-27 16:53:12,2026-03-27,16,3,Friday,13,632,1.0,38.99,3.60658,42.59658,Persaman Pink & Yellow Skirt / Size 10,10005918,False,Persaman,Skirt,38.99,10
2026-03-27 16:36:31,2026-03-27,16,3,Friday,13,631,1.0,15.99,1.47908,17.46908,August Animal Print Hat,10007087,False,August,Accessories,15.99,
2026-03-27 16:36:31,2026-03-27,16,3,Friday,13,631,1.0,35.99,3.32908,39.31908,Lace Long Tunic Apricot/Size L,10004168,False,Unknown,Other,35.99,L
2026-03-27 16:36:31,2026-03-27,16,3,Friday,13,631,1.0,8.5,0.78625,9.28625,Wood Flower Earrings,10003996,False,,Accessories,8.5,
2026-03-27 16:35:02,2026-03-27,16,3,Friday,13,630,1.0,45.99,4.25408,50.24408,Metalpurse,10007316,False,,Accessories,45.99,
2026-03-27 15:09:49,2026-03-27,15,3,Friday,13,629,1.0,25.99,2.40408,28.39408,J.Crew/ Wrap Blouse/Grn/Size M,10005030,False,J.Crew,Top,25.99,M
2026-03-27 15:00:07,2026-03-27,15,3,Friday,13,628,1.0,15.99,1.47908,17.46908,InnerMost Ppl Slip/Size S,10003912,False,Inner Most,Other,15.99,S
2026-03-27 15:00:07,2026-03-27,15,3,Friday,13,628,1.0,28.99,2.68158,31.67158,Moda/PurplaceTop/SizeXS,10006019,False,Moda,Other,28.99,XS
2026-03-27 14:57:27,2026-03-27,14,3,Friday,13,627,1.0,29.99,2.77408,32.76408,J CrewSkirt_vi / Black and Pink / M / 12.87,10002363,False,J Crew,Skirt,29.99,
2026-03-27 14:57:27,2026-03-27,14,3,Friday,13,627,1.0,17.99,1.66408,19.65408,Red & White Necklace / Red & White / OSFM / abc,10003248,False,Unknown,Accessories,17.99,
2026-03-27 14:53:48,2026-03-27,14,3,Friday,13,626,1.0,32.99,3.05158,36.04158,Clarks Brown Leather Boots Size 9M,10003309,False,Clarks,Shoes,32.99,9
2026-03-27 14:53:48,2026-03-27,14,3,Friday,13,626,1.0,29.99,2.77408,32.76408,Citizens of Humanity Bluejeans / Size 30,10005674,False,Citizens of Humanity,Jeans/Pants,29.99,30
2026-03-27 14:53:48,2026-03-27,14,3,Friday,13,626,1.0,28.99,2.68158,31.67158,FP One White Dress Size XL,10007290,False,,Dress,28.99,XL
2026-03-27 14:53:48,2026-03-27,14,3,Friday,13,626,1.0,15.99,1.47908,17.46908,Old Navy Brown Dress Size M,10007186,False,,Dress,15.99,M
2026-03-27 14:45:50,2026-03-27,14,3,Friday,13,625,1.0,19.99,1.84908,21.83908,green with white flowers blouse/small,10006206,False,Sadie & Sage,Top,19.99,
2026-03-27 14:43:29,2026-03-27,14,3,Friday,13,624,1.0,15.99,1.47908,17.46908,DieselJeans_Al / Bluejeans / 8 / 11.83,10002156,False,Diesel,Jeans/Pants,15.99,
2026-03-27 14:43:29,2026-03-27,14,3,Friday,13,624,1.0,28.99,2.68158,31.67158,LeviJeans / Bluejeans / S,10003054,False,Levixs,Jeans/Pants,28.99,
2026-03-27 14:10:04,2026-03-27,14,3,Friday,13,623,1.0,175.0,16.1875,191.1875,Desigual/GrnPatternJacket/Size38,10006403,False,Desigual,Jacket/Coat,175.0,38
2026-03-27 14:02:46,2026-03-27,14,3,Friday,13,622,1.0,22.99,2.12658,25.11658,Zara Basic White Top Size XS,10007201,False,,Top,22.99,XS
2026-03-27 13:18:57,2026-03-27,13,3,Friday,13,621,1.0,15.99,1.47908,17.46908,Socialite White Cami Top/Size S,10007142,False,Socialite,Top,15.99,S
2026-03-27 12:58:17,2026-03-27,12,3,Friday,13,620,1.0,32.99,3.05158,36.04158,Libra LS Blouse Multi-Color Size XL,10007162,False,,Top,32.99,XL
2026-03-27 12:54:32,2026-03-27,12,3,Friday,13,619,1.0,21.95,2.03038,23.98038,Blue Purse Silver Hardware,10006576,False,Unknown,Accessories,21.95,
2026-03-27 12:48:53,2026-03-27,12,3,Friday,13,618,1.0,22.99,2.12658,25.11658,Juicy Couture 2 Piece Baby Pink Velvet / Size M,10003983,False,Juicy Couture,Other,22.99,M
2026-03-27 12:36:36,2026-03-27,12,3,Friday,13,617,1.0,22.99,2.12658,25.11658,Gypsies & Moondust Red Blue Stripe Top / Size M,10006339,False,Gypsies & Moondust,Top,22.99,M
2026-03-27 12:36:36,2026-03-27,12,3,Friday,13,617,1.0,18.99,1.75658,20.74658,St Johns Bay Brown & White SS / Size L,10005954,False,St Johns Bay,Top,18.99,L
2026-03-27 12:24:26,2026-03-27,12,3,Friday,13,616,1.0,27.99,2.58908,30.57908,SincerelyJules/WhiCrewSweater/SizeM,10006872,False,Sincerely Jules,Sweater/Cardigan,27.99,M
2026-03-27 12:11:14,2026-03-27,12,3,Friday,13,615,1.0,22.99,2.12658,25.11658,Land's End Pink Zip Up Jacket / Size XL,10004767,False,Lands End,Jacket/Coat,22.99,XL
2026-03-27 11:43:11,2026-03-27,11,3,Friday,13,614,1.0,24.99,2.31158,27.30158,Lulus White Ruffle Two Piece Set / Size M,10004223,False,Lulus,Set,24.99,M
2026-03-27 11:39:47,2026-03-27,11,3,Friday,13,613,1.0,25.99,2.40408,28.39408,Comsic Aura Black Lace Kimono/Size M/L,10007135,False,Cosmic Aura,Other,25.99,M
2026-03-27 11:22:08,2026-03-27,11,3,Friday,13,612,1.0,27.99,2.58908,30.57908,Nine West Pink Rain Jacket/ Size S,10007121,False,Nine West,Jacket/Coat,27.99,S
2026-03-27 11:22:08,2026-03-27,11,3,Friday,13,612,1.0,45.99,4.25408,50.24408,Carolina Belle Montreal Blue Jacket/Size S,10007127,False,Carolina Belle,Jacket/Coat,45.99,S
2026-03-27 11:22:08,2026-03-27,11,3,Friday,13,612,1.0,13.99,1.29408,15.28408,Sophie Max Black Shortsleeve Dress / Size S,10004613,False,Sophie Max,Dress,13.99,S
2026-03-27 11:22:08,2026-03-27,11,3,Friday,13,612,1.0,18.99,1.75658,20.74658,Chico's Dark Blue Top / Size S,10006340,False,Chico's,Top,18.99,S
2026-03-27 11:22:08,2026-03-27,11,3,Friday,13,612,1.0,22.99,2.12658,25.11658,Gibson/BlackTop/SizeS,10005292,False,Gibson,Other,22.99,S
2026-03-27 11:22:08,2026-03-27,11,3,Friday,13,612,1.0,14.99,1.38658,16.37658,Banana Republic Green Sleeveless Top/Size S,10005228,False,Banana Republic,Top,14.99,S
2026-03-27 11:22:08,2026-03-27,11,3,Friday,13,612,1.0,31.99,2.95908,34.94908,White House Black Market Skirt Black Size 4,10003455,False,White House Black Market,Skirt,31.99,4
2026-03-27 11:22:08,2026-03-27,11,3,Friday,13,612,1.0,21.99,2.03408,24.02408,WhBmNWT Multicolor Skirt/Size 4,10004504,False,White House Black Market,Skirt,21.99,4
2026-03-27 11:22:08,2026-03-27,11,3,Friday,13,612,1.0,25.99,2.40408,28.39408,Stella & Dot Silver Stretch Bracelet,10006730,False,Stella & Dot,Accessories,25.99,
2026-03-27 11:22:08,2026-03-27,11,3,Friday,13,612,1.0,24.99,2.31158,27.30158,Bracelet metal,10007284,False,,Accessories,24.99,
2026-03-27 11:12:12,2026-03-27,11,3,Friday,13,611,1.0,27.99,2.58908,30.57908,floral maxi dress size large,10006645,False,Unknown,Dress,27.99,L
2026-03-27 10:39:07,2026-03-27,10,3,Friday,13,610,1.0,29.99,2.77408,32.76408,Stella & Dot Gold Circles Necklace,10006729,False,Stella & Dot,Accessories,29.99,
2026-03-26 20:26:10,2026-03-26,20,3,Thursday,13,609,1.0,42.99,3.97658,46.96658,VINTAGE Luisa Spagnoli Top Blck/Size L,10004199,False,Louisa Spagnoli,Top,42.99,L
2026-03-26 20:26:10,2026-03-26,20,3,Thursday,13,609,1.0,69.99,6.47408,76.46408,Sanctuary NWT Black Mustard Jumpsuit / Size 8,10005008,False,Sanctuary,Romper/Jumpsuit,69.99,8
2026-03-26 20:26:10,2026-03-26,20,3,Thursday,13,609,1.0,29.99,2.77408,32.76408,Rag&Bone/BlkBacklessChunkyHeels/Size39.5,10004402,False,Rag X Bone,Top,29.99,39.5
2026-03-26 20:26:10,2026-03-26,20,3,Thursday,13,609,1.0,55.99,5.17908,61.16908,Manolo Blahnik Black Studded Heels/Size 9,10007059,False,Manolo Blahnik,Top,55.99,9
2026-03-26 20:18:16,2026-03-26,20,3,Thursday,13,608,1.0,50.0,4.625,54.625,VINTAGE MaryFrances Hndbg,10004513,False,Mary Frances,Other,50.0,
2026-03-26 20:17:09,2026-03-26,20,3,Thursday,13,607,1.0,39.99,3.69908,43.68908,Colebrook Blk Leather Coat/Size S,10007122,False,Colebrook,Jacket/Coat,39.99,S
2026-03-26 20:01:49,2026-03-26,20,3,Thursday,13,606,1.0,46.99,4.34658,51.33658,Bisou Bisou Silver Bracelet Black Stone,10006739,False,Bisou Bisou,Accessories,46.99,
2026-03-26 19:30:17,2026-03-26,19,3,Thursday,13,605,1.0,25.99,2.40408,28.39408,Linda Anderson black sundress/L,10006838,False,Linda Anderson,Dress,25.99,L
2026-03-26 19:30:17,2026-03-26,19,3,Thursday,13,605,1.0,22.99,2.12658,25.11658,Naya Makani Wedge/ Size 11,10007072,False,Naya,Other,22.99,11
2026-03-26 19:25:04,2026-03-26,19,3,Thursday,13,604,1.0,24.99,2.31158,27.30158,August Silk Black Sheer Colorful Flower / Size M,10004824,False,August Silk,Other,24.99,M
2026-03-26 19:15:41,2026-03-26,19,3,Thursday,13,603,1.0,39.99,3.69908,43.68908,JR Nites Black Sheer Longsleeve / Size 12,10003944,False,JR Nites,Other,39.99,12
2026-03-26 17:42:09,2026-03-26,17,3,Thursday,13,602,1.0,15.0,1.3875,16.3875,Brown Grommet Belt_Un / Brown / Unknown / 19.900000000000006,10003079,False,Unknown,Accessories,15.0,
2026-03-26 17:25:21,2026-03-26,17,3,Thursday,13,601,1.0,17.99,1.66408,19.65408,Pac Sun Rhinestone Denim Top/Size S,10007134,False,Pac Sun,Jeans/Pants,17.99,S
2026-03-26 16:24:35,2026-03-26,16,3,Thursday,13,600,1.0,21.99,2.03408,24.02408,Charlotte Russe Green Faux Satin Jogger/ Size M,10003863,False,Charlotte Russe,Top,21.99,M
2026-03-26 16:18:25,2026-03-26,16,3,Thursday,13,599,1.0,16.99,1.57158,18.56158,Banana Republic Orange Button SL / Size XS,10005639,False,Banana Republic,Other,16.99,XS
2026-03-26 16:17:17,2026-03-26,16,3,Thursday,13,598,1.0,22.99,2.12658,25.11658,10007212,10007213,False,,Other,22.99,
2026-03-26 16:17:17,2026-03-26,16,3,Thursday,13,598,1.0,24.99,2.31158,27.30158,CalStyle/GrnTanSkirt/SizeL,10006911,False,Cal Style,Skirt,24.99,L
2026-03-26 16:17:17,2026-03-26,16,3,Thursday,13,598,1.0,11.99,1.10908,13.09908,BlackStuddedBelt,10004412,False,Unknown,Accessories,11.99,
2026-03-26 15:03:33,2026-03-26,15,3,Thursday,13,597,1.0,26.99,2.49658,29.48658,Christian Siriano Floral Black Top/ Real Size S,10005366,False,Christian Siriano,Top,26.99,S
2026-03-26 15:03:33,2026-03-26,15,3,Thursday,13,597,1.0,24.99,2.31158,27.30158,TCR/MulticolTankTop/SizeS,10005403,False,The Collection Royal,Top,24.99,S
2026-03-26 15:00:45,2026-03-26,15,3,Thursday,13,596,1.0,18.99,1.75658,20.74658,TwoPiecePinkSet/SizeS,10006162,False,Unknown,Set,18.99,S
2026-03-26 15:00:45,2026-03-26,15,3,Thursday,13,596,1.0,20.99,1.94158,22.93158,ArizonaJeanCo/JeanSkirt/Size3,10006918,False,Arizona Jean Co,Skirt,20.99,3
2026-03-26 14:35:31,2026-03-26,14,3,Thursday,13,595,1.0,15.99,1.47908,17.46908,Allison B SL Dress Multicolor Texture / Size S,10005199,False,Allison Brittney,Dress,15.99,S
2026-03-26 14:35:31,2026-03-26,14,3,Thursday,13,595,1.0,25.99,2.40408,28.39408,JS Signature Black Cut Layer Skirt / Size 8,10004775,False,JS Signature,Skirt,25.99,8
2026-03-26 14:35:31,2026-03-26,14,3,Thursday,13,595,1.0,24.99,2.31158,27.30158,Willi Smith Chunky Lace Skirt/Size S,10003716,False,Willi Smith,Skirt,24.99,S
2026-03-26 14:35:31,2026-03-26,14,3,Thursday,13,595,1.0,35.99,3.32908,39.31908,VINTAGE Paper Doll Pink Longsleeve Pattern / Size M,10004538,False,Paper Doll,Other,35.99,M
2026-03-26 14:35:31,2026-03-26,14,3,Thursday,13,595,1.0,32.99,3.05158,36.04158,Ixee DRess Blk Wht Peach/Size S,10006810,False,Ixee,Dress,32.99,S
2026-03-26 14:35:31,2026-03-26,14,3,Thursday,13,595,1.0,35.99,3.32908,39.31908,navy skirt with flowers/8,10006182,False,Persaman,Skirt,35.99,8
2026-03-26 14:35:31,2026-03-26,14,3,Thursday,13,595,1.0,35.99,3.32908,39.31908,Persaman Black Skirt White Flw / Size 8,10006293,False,Persaman,Skirt,35.99,8
2026-03-26 14:35:31,2026-03-26,14,3,Thursday,13,595,1.0,28.99,2.68158,31.67158,Black sequin,10007187,False,,Other,28.99,
2026-03-26 14:11:06,2026-03-26,14,3,Thursday,13,594,1.0,14.99,1.38658,16.37658,Black Velvet Hat,10006587,False,Unknown,Accessories,14.99,
2026-03-26 14:11:06,2026-03-26,14,3,Thursday,13,594,1.0,32.99,3.05158,36.04158,Mona Mode Vest Black w Flowers/ Size M,10006262,False,Mona Mode,Top,32.99,M
2026-03-26 14:11:06,2026-03-26,14,3,Thursday,13,594,1.0,25.99,2.40408,28.39408,Allison T Brown Buttondown SL Dress / Size L,10006713,False,Allison Taylor,Dress,25.99,L
2026-03-26 14:11:06,2026-03-26,14,3,Thursday,13,594,1.0,27.99,2.58908,30.57908,Pilcro Striped Pants / Size 31,10003785,False,Pilcro,Jeans/Pants,27.99,31
2026-03-26 14:05:11,2026-03-26,14,3,Thursday,13,593,1.0,21.99,2.03408,24.02408,Zara White Collared SS Dress / Size S,10006980,False,Zara,Dress,21.99,S
2026-03-26 13:51:08,2026-03-26,13,3,Thursday,13,592,1.0,23.99,2.21908,26.20908,alfred dunner green knit blouse/L,10006433,False,Alfred Dunner,Sweater/Cardigan,23.99,L
2026-03-26 13:51:08,2026-03-26,13,3,Thursday,13,592,1.0,25.99,2.40408,28.39408,WHBM Shiny Zebra Print Shirt / Size M,10006719,False,White House Black Market,Top,25.99,M
2026-03-26 13:51:08,2026-03-26,13,3,Thursday,13,592,1.0,25.99,2.40408,28.39408,Loft Black Dress/ Size LP,10006264,False,Loft,Dress,25.99,L
2026-03-26 13:39:38,2026-03-26,13,3,Thursday,13,591,1.0,75.99,7.02908,83.01908,Vintage Club 515 Yellow Floral Dress/Sz  M,10006772,False,Club 515,Dress,75.99,
2026-03-26 13:39:38,2026-03-26,13,3,Thursday,13,591,1.0,28.99,2.68158,31.67158,VINTAGE Beige Pink Floral LS Dress / Size M,10005097,False,Unknown,Dress,28.99,M
2026-03-26 13:39:38,2026-03-26,13,3,Thursday,13,591,1.0,36.99,3.42158,40.41158,Lanz VINTAGE Pink Colorful Dress / Size L,10004596,False,Lanz Vintage,Dress,36.99,L
2026-03-26 13:39:38,2026-03-26,13,3,Thursday,13,591,1.0,100.0,9.25,109.25,MulticolFlowerDress/Size11,10006788,False,Unknown,Dress,100.0,11
2026-03-26 13:32:24,2026-03-26,13,3,Thursday,13,590,1.0,59.99,5.54908,65.53908,VINTAGE 2 Piece Bogart Brown Set / Size 9,10006474,False,Bogart of Texas,Set,59.99,9
2026-03-26 13:32:24,2026-03-26,13,3,Thursday,13,590,1.0,135.99,12.57908,148.56908,Vero Cuoio Metal Toe Boots / Size 7.5,10005971,False,Vero Cuoio,Shoes,135.99,7.5
2026-03-26 13:28:13,2026-03-26,13,3,Thursday,13,589,1.0,21.99,2.03408,24.02408,Skies are Blue,10006812,False,Skies are Blue,Other,21.99,
2026-03-26 13:27:20,2026-03-26,13,3,Thursday,13,588,1.0,16.99,1.57158,18.56158,The Limited Floral Dress / Size 8,10006726,False,The Limited,Dress,16.99,8
2026-03-26 13:17:34,2026-03-26,13,3,Thursday,13,587,1.0,14.99,1.38658,16.37658,Generation Kiss Denim Top/ Size L,10007106,False,Generation Kiss,Jeans/Pants,14.99,L
2026-03-26 13:09:40,2026-03-26,13,3,Thursday,13,586,1.0,22.99,2.12658,25.11658,Pearl Beach Visor,10004790,False,Unknown,Other,22.99,
2026-03-26 13:02:07,2026-03-26,13,3,Thursday,13,585,1.0,14.0,1.295,15.295,Skirt,10007170,False,,Skirt,14.0,
2026-03-26 12:58:06,2026-03-26,12,3,Thursday,13,584,1.0,18.99,1.75658,20.74658,JCrew/NavyWhiPlkaDotShorts/Size10,10006914,False,JCrew,Shorts,18.99,10
2026-03-26 12:58:06,2026-03-26,12,3,Thursday,13,584,1.0,25.99,2.40408,28.39408,MaxStudio/FloralruffleDress/SizeM,10006143,False,Max Studio,Dress,25.99,M
2026-03-26 12:58:06,2026-03-26,12,3,Thursday,13,584,1.0,24.99,2.31158,27.30158,AmericanEagle/BlackCorsetTop/SizeM,10006878,False,American Eagle,Set,24.99,M
2026-03-26 12:58:06,2026-03-26,12,3,Thursday,13,584,1.0,10.99,1.01658,12.00658,Absolutely Tie Dye Crop Top / Size L,10005107,False,Absolutely Love it,Top,10.99,L
2026-03-26 12:54:53,2026-03-26,12,3,Thursday,13,583,1.0,25.99,2.40408,28.39408,Pink Kigi Platform Sandals/Size 7,10007057,False,Pink Kigi,Top,25.99,7
2026-03-26 12:52:58,2026-03-26,12,3,Thursday,13,582,1.0,150.0,13.875,163.875,Timmy Woods/ Tortoise Shell Purse,10005090,False,Timmy Woods,Accessories,150.0,
2026-03-26 12:49:52,2026-03-26,12,3,Thursday,13,581,1.0,35.99,3.32908,39.31908,VintageSarahCoventry/GoldSToneBracelet,10006137,False,Sarah Coventry,Accessories,35.99,
2026-03-26 12:25:40,2026-03-26,12,3,Thursday,13,580,1.0,19.99,1.84908,21.83908,grey tennessee vols tshirt/medium,10006228,False,Champion,Top,19.99,
2026-03-26 12:25:40,2026-03-26,12,3,Thursday,13,580,1.0,32.99,3.05158,36.04158,Scotch and Soda Blue and Brown Striped Sweater / Size M,10006256,False,Scotch & Soda,Sweater/Cardigan,32.99,M
2026-03-26 12:24:56,2026-03-26,12,3,Thursday,13,579,1.0,15.99,1.47908,17.46908,Dark Blue Buttondown Seethrough / Size XS,10006589,False,Unknown,Other,15.99,XS
2026-03-26 10:43:13,2026-03-26,10,3,Thursday,13,5,1.0,14.99,1.38658,16.37658,Eunina White Shorts/Size S,10007029,False,Eunina,Shorts,14.99,S
2026-03-25 19:45:26,2026-03-25,19,3,Wednesday,13,578,1.0,13.99,1.29408,15.28408,Beige/ Twist Top/ Nvy/ Size L,10005091,False,Beige,Top,13.99,L
2026-03-25 19:45:26,2026-03-25,19,3,Wednesday,13,578,1.0,31.99,2.95908,34.94908,Calvin Klein Black LS Top Size L,10003371,False,Calvin Klein,Top,31.99,L
2026-03-25 18:44:24,2026-03-25,18,3,Wednesday,13,577,1.0,18.99,1.75658,20.74658,THML Cream Sweater/Size XS,10003690,False,Thml,Sweater/Cardigan,18.99,XS
2026-03-25 18:44:24,2026-03-25,18,3,Wednesday,13,577,1.0,25.99,2.40408,28.39408,Altar'd State Pink Floral SS Ruffle Dress / Size S,10007112,False,Altar'd State,Dress,25.99,S
2026-03-25 18:44:24,2026-03-25,18,3,Wednesday,13,577,1.0,22.99,2.12658,25.11658,TommyH/BlkFloralDress/Size2,10004324,False,Tommy Hilfiger,Dress,22.99,2
2026-03-25 18:44:24,2026-03-25,18,3,Wednesday,13,577,1.0,25.99,2.40408,28.39408,BR/BlkFloralKnotDress/Size2P,10005471,False,Banana Republic,Dress,25.99,2
2026-03-25 18:44:24,2026-03-25,18,3,Wednesday,13,577,1.0,55.99,5.17908,61.16908,Johnny Was Beige Dress / Size S,10005865,False,Johnny Was,Dress,55.99,S
2026-03-25 18:04:18,2026-03-25,18,3,Wednesday,13,576,1.0,28.99,2.68158,31.67158,Jane Delancy NWT Black Orange Floral Top/Size M,10005238,False,Jane Delancy,Top,28.99,M
2026-03-25 18:04:18,2026-03-25,18,3,Wednesday,13,576,1.0,14.99,1.38658,16.37658,Heart Soul Blue Black Top / Size L,10005667,False,Heart Soul,Top,14.99,L
2026-03-25 17:10:20,2026-03-25,17,3,Wednesday,13,575,1.0,8.99,0.83158,9.82158,Pink Furry Purse French Bee,10007088,False,French Bee,Accessories,8.99,
2026-03-25 15:33:56,2026-03-25,15,3,Wednesday,13,574,1.0,58.99,5.45658,64.44658,NWT Guess Denim Shorts Jumper/Size S,10007037,False,Guess,Shorts,58.99,S
2026-03-22 17:00:10,2026-03-22,17,3,Sunday,12,573,1.0,35.99,3.32908,39.31908,anthropologie/skrt/flr/2p,10004886,False,Anthropologie,Skirt,35.99,
2026-03-22 16:53:37,2026-03-22,16,3,Sunday,12,572,1.0,36.99,3.42158,40.41158,Metal Scales Belt Floral Buckle,10006638,False,Unknown,Accessories,36.99,
2026-03-22 16:24:20,2026-03-22,16,3,Sunday,12,571,1.0,17.99,1.66408,19.65408,TNVolsTshirt/sizeL,10006899,True,Unknown,Top,17.99,L
2026-03-22 16:24:20,2026-03-22,16,3,Sunday,12,571,1.0,15.99,1.47908,17.46908,Izod Pink & White Collared SL Tank / Size M,10005606,True,Izod,Top,15.99,M
2026-03-22 15:52:28,2026-03-22,15,3,Sunday,12,570,1.0,25.99,2.40408,28.39408,Zara/ Baby Tee/ Maroon/ Size M,10005060,True,Zara,Top,25.99,M
2026-03-22 15:45:02,2026-03-22,15,3,Sunday,12,569,1.0,19.99,1.84908,21.83908,RedMidiPoofySkirt/SizeM,10006876,False,Unknown,Skirt,19.99,M
2026-03-22 15:45:02,2026-03-22,15,3,Sunday,12,569,1.0,22.99,2.12658,25.11658,Southwest Burgundy Patterned Skirt / Size XL,10006698,False,Southwest Indian Foundation,Skirt,22.99,XL
2026-03-22 15:45:02,2026-03-22,15,3,Sunday,12,569,1.0,11.99,1.10908,13.09908,Light Blue Cotton Vest w Buttons / Size XL,10006705,False,Unknown,Top,11.99,XL
2026-03-22 15:12:41,2026-03-22,15,3,Sunday,12,568,1.0,19.99,1.84908,21.83908,Bisou Denin Top Size 16,10006623,False,,Top,19.99,16
2026-03-22 13:19:07,2026-03-22,13,3,Sunday,12,567,1.0,25.99,2.40408,28.39408,NicoleM/MulticolBlouse/SizeS,10006017,False,Nicole Miller,Top,25.99,S
2026-03-22 13:05:30,2026-03-22,13,3,Sunday,12,566,1.0,32.99,3.05158,36.04158,BrooksBro/MulticolSkirt/Size8,10006405,False,Brooks Brothers,Skirt,32.99,8
2026-03-22 13:02:49,2026-03-22,13,3,Sunday,12,565,1.0,22.99,2.12658,25.11658,Calvin Klein Gold Studded Belt,10006394,False,Calvin Klein,Accessories,22.99,
2026-03-22 13:02:49,2026-03-22,13,3,Sunday,12,565,1.0,32.99,3.05158,36.04158,Harper Blush Pink Jacket Ruffle / Size S,10005700,False,Harper Heritage,Jacket/Coat,32.99,S
2026-03-22 11:27:32,2026-03-22,11,3,Sunday,12,564,1.0,25.99,2.40408,28.39408,Stella & Dot Gold Dangle Necklace,10006732,False,Stella & Dot,Accessories,25.99,
2026-03-22 11:27:32,2026-03-22,11,3,Sunday,12,564,1.0,15.0,1.3875,16.3875,Esprit White and Tan belt_Un / White X Tan / Unknown / 18.1,10003073,False,Unknown,Accessories,15.0,
2026-03-21 19:58:02,2026-03-21,19,3,Saturday,12,563,1.0,18.99,1.75658,20.74658,Cable & G Green Cheetah Print SL / Size S,10004835,False,Cable X Gauge,Other,18.99,S
2026-03-21 19:58:02,2026-03-21,19,3,Saturday,12,563,1.0,19.99,1.84908,21.83908,black tank with shoulder ruffles/small,10006212,False,Ann Taylor,Top,19.99,
2026-03-21 19:58:02,2026-03-21,19,3,Saturday,12,563,1.0,49.99,4.62408,54.61408,Born Tan Boots Size 10,10003350,False,Born,Shoes,49.99,10
2026-03-21 19:58:02,2026-03-21,19,3,Saturday,12,563,1.0,39.99,3.69908,43.68908,Desigual Pink Embroidered Dress / Size 36,10006301,False,Desigual,Dress,39.99,36
2026-03-21 19:42:49,2026-03-21,19,3,Saturday,12,562,1.0,39.99,3.69908,43.68908,Ann TaylorJacket_La / Pink Multi-Color / 6 / 14.97,10002784,False,Ann Taylor,Jacket/Coat,39.99,
2026-03-21 19:14:37,2026-03-21,19,3,Saturday,12,561,1.0,26.99,2.49658,29.48658,Petra Fashions Camisole Orange Size M,10003420,False,Petra Fashions,Top,26.99,M
2026-03-21 19:13:11,2026-03-21,19,3,Saturday,12,560,1.0,19.99,1.84908,21.83908,La Castellana Pink Camisole Size S,10003378,False,La Castellana,Top,19.99,S
2026-03-21 19:13:11,2026-03-21,19,3,Saturday,12,560,1.0,16.99,1.57158,18.56158,Unknown Camisole Light Blue M,10003379,False,Unknown,Top,16.99,
2026-03-21 18:55:09,2026-03-21,18,3,Saturday,12,559,1.0,50.0,4.625,54.625,Patricia Nash House Scene Design Brown Handle,10004557,True,Patricia Nash,Other,50.0,
2026-03-21 18:50:24,2026-03-21,18,3,Saturday,12,558,1.0,31.99,2.95908,34.94908,Additions by Chico's Gray Jean Jacket / Size 2,10006677,False,Chico's,Jeans/Pants,31.99,2
2026-03-21 16:08:50,2026-03-21,16,3,Saturday,12,557,1.0,13.99,1.29408,15.28408,PinkCropTop/SizeM,10006040,False,Unknown,Top,13.99,M
2026-03-21 15:57:48,2026-03-21,15,3,Saturday,12,556,1.0,24.99,2.31158,27.30158,Banana RepublicLS Top_Ag / Black / S / 14.16,10002622,False,Banana Republic,Top,24.99,
2026-03-21 15:20:03,2026-03-21,15,3,Saturday,12,555,1.0,18.99,1.75658,20.74658,NVGTN Black LS Top / Size M,10005977,False,Nvgtn,Top,18.99,M
2026-03-21 15:20:03,2026-03-21,15,3,Saturday,12,555,1.0,24.99,2.31158,27.30158,Philosophy Dress Black and White/Size S/P,10006265,False,Philosophy,Dress,24.99,S
2026-03-21 14:59:17,2026-03-21,14,3,Saturday,12,554,1.0,25.99,2.40408,28.39408,Marks & Spencer Beige Top Sleevelesee/Size M,10005207,False,Marks & Spencer,Top,25.99,M
2026-03-21 14:59:17,2026-03-21,14,3,Saturday,12,554,1.0,22.99,2.12658,25.11658,BluPe/BlkLaceSlvzlessTop/SizeM,10003637,False,Blu Pepper,Top,22.99,M
2026-03-21 14:59:17,2026-03-21,14,3,Saturday,12,554,1.0,27.99,2.58908,30.57908,yellow floral design blouse/medium,10006229,False,Loft,Top,27.99,
2026-03-21 14:59:17,2026-03-21,14,3,Saturday,12,554,1.0,24.99,2.31158,27.30158,Maison Yellow & White Blouse / Size S,10005595,False,Maison d' Amelie,Top,24.99,S
2026-03-21 14:59:17,2026-03-21,14,3,Saturday,12,554,1.0,21.99,2.03408,24.02408,Ninewest/PinkTwistTop/SizeM,10006041,False,Nine West,Other,21.99,M
2026-03-21 14:39:53,2026-03-21,14,3,Saturday,12,553,1.0,15.99,1.47908,17.46908,White Multicolor Embroidered Top / Size M,10006565,False,Unknown,Top,15.99,M
2026-03-21 14:39:53,2026-03-21,14,3,Saturday,12,553,1.0,14.99,1.38658,16.37658,Old Navy SL Jean Jumper / Size S,10006666,False,Old Navy,Jeans/Pants,14.99,S
2026-03-21 14:27:00,2026-03-21,14,3,Saturday,12,552,1.0,22.99,2.12658,25.11658,wonderly/skrt/flr/s,10004887,False,Wonderly,Skirt,22.99,S
2026-03-21 14:27:00,2026-03-21,14,3,Saturday,12,552,1.0,24.99,2.31158,27.30158,Liz Claiborne Black Denim Dress/ Size 8,10006268,False,Liz Claiborne,Dress,24.99,8
2026-03-21 14:27:00,2026-03-21,14,3,Saturday,12,552,1.0,21.99,2.03408,24.02408,skies are blue/jumper/red/m,10005358,False,Skies are Blue,Other,21.99,M
2026-03-21 14:27:00,2026-03-21,14,3,Saturday,12,552,1.0,16.99,1.57158,18.56158,unknown/belt/multicolor leather,10005859,False,Unknown,Accessories,16.99,
2026-03-21 14:00:39,2026-03-21,14,3,Saturday,12,551,1.0,19.99,1.84908,21.83908,Arizona Jean Overalls / Size L,10006673,False,Arizona,Jeans/Pants,19.99,L
2026-03-21 14:00:39,2026-03-21,14,3,Saturday,12,551,1.0,29.99,2.77408,32.76408,Pink cami,10006859,False,,Top,29.99,
2026-03-21 13:40:45,2026-03-21,13,3,Saturday,12,550,1.0,23.99,2.21908,26.20908,BGBGMaxazria Beige Bodysuit Size S,10003377,False,BCBG Maxazria,Top,23.99,S
2026-03-21 13:28:56,2026-03-21,13,3,Saturday,12,549,1.0,23.99,2.21908,26.20908,Maggy London Green SL Dress / Size 10,10006702,True,Maggy London,Dress,23.99,10
2026-03-21 12:54:25,2026-03-21,12,3,Saturday,12,548,1.0,24.99,2.31158,27.30158,Beige Sequin Shorts / Size 8,10003953,True,,Shorts,24.99,8
2026-03-21 12:37:32,2026-03-21,12,3,Saturday,12,547,1.0,32.99,3.05158,36.04158,Armani Jeans Tan Dress/ Size S,10006766,False,Armani,Dress,32.99,S
2026-03-21 12:21:04,2026-03-21,12,3,Saturday,12,546,1.0,17.99,1.66408,19.65408,Calvin Klein Black Studded Belt,10006378,False,Calvin Klein,Accessories,17.99,
2026-03-21 12:21:04,2026-03-21,12,3,Saturday,12,546,1.0,155.0,14.3375,169.3375,RLL Black Fringe Purse,10004527,False,Lauren Ralph Lauren,Accessories,155.0,
2026-03-21 12:15:27,2026-03-21,12,3,Saturday,12,545,1.0,19.99,1.84908,21.83908,Harley Davidson Blue Tshirt White LS  / Size L,10006700,False,Harley Davidson,Top,19.99,L
2026-03-21 12:15:27,2026-03-21,12,3,Saturday,12,545,1.0,34.99,3.23658,38.22658,white skirt with design/10,10006174,False,Persaman,Skirt,34.99,10
2026-03-21 12:15:27,2026-03-21,12,3,Saturday,12,545,1.0,35.99,3.32908,39.31908,Vol. 1 Pink Brown Floral Blouse / Size L,10006750,False,Vol. 1,Top,35.99,L
2026-03-21 12:15:27,2026-03-21,12,3,Saturday,12,545,1.0,18.99,1.75658,20.74658,Halogen/BlkLaceTanktop/SizeM,10005788,False,Halogen,Top,18.99,M
2026-03-21 12:04:55,2026-03-21,12,3,Saturday,12,544,1.0,28.99,2.68158,31.67158,dialogue/skt/brw/12,10005386,False,Dialogue,Other,28.99,12
2026-03-21 11:42:00,2026-03-21,11,3,Saturday,12,543,1.0,37.99,3.51408,41.50408,VINTAGE MJ Soffe TN Orange Crewneck / Size L,10006475,False,M.J. Soffe,Other,37.99,L
2026-03-21 11:42:00,2026-03-21,11,3,Saturday,12,543,1.0,13.99,1.29408,15.28408,Port & Co Orange TN Fitted Tshirt / Size S,10004833,False,Port & Co,Top,13.99,S
2026-03-21 11:26:17,2026-03-21,11,3,Saturday,12,542,1.0,18.99,1.75658,20.74658,VINTAGE Lady O Red Striped Shortsleeve / Size L,10004080,False,Lady O,Shorts,18.99,L
2026-03-20 19:52:41,2026-03-20,19,3,Friday,12,541,1.0,225.0,20.8125,245.8125,VINTAGE Coach Pink Soho Flap Bag,10003432,False,Coach,Accessories,225.0,
2026-03-20 19:48:16,2026-03-20,19,3,Friday,12,540,1.0,28.99,2.68158,31.67158,Flying Tomato Jean Jacket/ Size L,10006269,False,Flying Tomato,Jeans/Pants,28.99,L
2026-03-20 19:16:28,2026-03-20,19,3,Friday,12,539,1.0,15.99,1.47908,17.46908,Russel Tennessee Orange Shirt / Size L,10005664,False,Russel,Top,15.99,L
2026-03-20 19:13:51,2026-03-20,19,3,Friday,12,538,1.0,195.0,18.0375,213.0375,Coach Mini Bennett Satchel w Studs,10005903,False,Coach,Other,195.0,
2026-03-20 19:13:51,2026-03-20,19,3,Friday,12,538,1.0,45.99,4.25408,50.24408,Persaman Biege Corduory Jacket / Size S,10006307,False,Persaman,Jacket/Coat,45.99,S
2026-03-20 19:08:43,2026-03-20,19,3,Friday,12,537,1.0,34.99,3.23658,38.22658,Lovers& Friends Floral Mini Dress/Sz S,10006776,False,Lovers + Friends,Dress,34.99,
2026-03-20 18:46:47,2026-03-20,18,3,Friday,12,536,1.0,37.99,3.51408,41.50408,Maggy London Dress Pink Size 6,10006618,False,,Dress,37.99,6
2026-03-20 18:46:47,2026-03-20,18,3,Friday,12,536,1.0,24.99,2.31158,27.30158,express/tank/grn/s,10006074,False,Express,Top,24.99,S
2026-03-20 18:46:47,2026-03-20,18,3,Friday,12,536,1.0,29.99,2.77408,32.76408,Free People NWT Yellow Dress / Size XS,10006711,False,Free People NWT,Dress,29.99,XS
2026-03-20 18:44:32,2026-03-20,18,3,Friday,12,535,1.0,25.99,2.40408,28.39408,NikeTeam/ Vols TrackJacket/ Orng/ Size M,10005157,False,Nike,Jacket/Coat,25.99,M
2026-03-20 18:44:32,2026-03-20,18,3,Friday,12,535,1.0,84.99,7.86158,92.85158,Suede Fringe Coat/ Size M,10005042,False,Unknown,Jacket/Coat,84.99,M
2026-03-20 17:43:15,2026-03-20,17,3,Friday,12,534,1.0,27.99,2.58908,30.57908,DanaBuchman/Pink Shawl/Size M,10004286,False,Dana Buckman,Other,27.99,M
2026-03-20 16:35:06,2026-03-20,16,3,Friday,12,533,1.0,21.99,2.03408,24.02408,SteveM/TanBuckleFlat/6.5,10004467,False,Steve Madden,Shoes,21.99,6.5
2026-03-20 14:44:54,2026-03-20,14,3,Friday,12,532,1.0,39.99,3.69908,43.68908,Abercrombie & F Strapless Orange Dress / Size S,10006712,False,Abercrombie & Fitch,Dress,39.99,S
2026-03-20 14:42:30,2026-03-20,14,3,Friday,12,531,1.0,32.99,3.05158,36.04158,Uniform Pink Green Silk SL Top / Size L,10006755,False,Uniform John Paul Richard,Top,32.99,L
2026-03-20 14:42:30,2026-03-20,14,3,Friday,12,531,1.0,24.99,2.31158,27.30158,Pink Orange Striped Multicolor SS / Size XL,10006525,False,Unknown,Top,24.99,XL
2026-03-20 13:53:47,2026-03-20,13,3,Friday,12,530,1.0,35.99,3.32908,39.31908,Laundry Black Lace SS Top / Size S,10005841,False,Laundry,Top,35.99,S
2026-03-20 13:46:10,2026-03-20,13,3,Friday,12,529,1.0,23.99,2.21908,26.20908,Altar'd State Black Sheer LS Embroid / Size M,10005021,False,Altar'd State,Top,23.99,M
2026-03-20 13:46:10,2026-03-20,13,3,Friday,12,529,1.0,8.99,0.83158,9.82158,White Flower Ring 2,10003991,False,,Accessories,8.99,
2026-03-20 13:33:21,2026-03-20,13,3,Friday,12,528,1.0,23.99,2.21908,26.20908,Zara/PinkSweater/SizeM,10004374,False,Zara,Sweater/Cardigan,23.99,M
2026-03-20 13:31:56,2026-03-20,13,3,Friday,12,527,1.0,14.99,1.38658,16.37658,Express Yellow Bodysuit / Size XS,10006588,False,Express,Top,14.99,XS
2026-03-20 13:02:37,2026-03-20,13,3,Friday,12,526,1.0,38.99,3.60658,42.59658,NWT Levi Jean Overalls / Size S,10006664,False,Levi Strauss & Co,Jeans/Pants,38.99,S
2026-03-20 13:02:37,2026-03-20,13,3,Friday,12,526,1.0,32.99,3.05158,36.04158,GirlsFromSavoy/PurpSleevlessDress/Size4,10005420,False,Girls From Savoy,Dress,32.99,4
2026-03-20 12:36:55,2026-03-20,12,3,Friday,12,525,1.0,45.99,4.25408,50.24408,persaman beige jacket/m,10006428,False,Persaman,Jacket/Coat,45.99,M
2026-03-20 12:36:55,2026-03-20,12,3,Friday,12,525,1.0,15.99,1.47908,17.46908,Adiva Pale Pink & White Tank / Size XL,10005605,False,Adiva,Top,15.99,XL
2026-03-20 12:36:55,2026-03-20,12,3,Friday,12,525,1.0,31.99,2.95908,34.94908,Polo Garage Pink Sweater / Size XS,10005897,False,Polo Garage,Sweater/Cardigan,31.99,XS
2026-03-20 12:36:55,2026-03-20,12,3,Friday,12,525,1.0,55.99,5.17908,61.16908,D&G/ Floral Jacket/ Size 2,10005165,False,Dolce X Gabbana,Jacket/Coat,55.99,2
2026-03-19 20:07:59,2026-03-19,20,3,Thursday,12,524,1.0,35.99,3.32908,39.31908,Red Lace Slip/Size S,10003920,True,Unknown,Other,35.99,S
2026-03-19 20:07:59,2026-03-19,20,3,Thursday,12,524,1.0,18.99,1.75658,20.74658,Shadowline Slip Dress Black Size M,10003413,True,Shadowline,Dress,18.99,M
2026-03-19 20:07:59,2026-03-19,20,3,Thursday,12,524,1.0,19.99,1.84908,21.83908,JezebelCamisole / Red X Black / S / 13.09,10002407,True,Jezebel,Top,19.99,
2026-03-19 20:07:59,2026-03-19,20,3,Thursday,12,524,1.0,32.99,3.05158,36.04158,NWT Eloquii Black Top / Size 20,10005747,True,Eloquii,Top,32.99,20
2026-03-19 17:44:17,2026-03-19,17,3,Thursday,12,523,1.0,55.99,5.17908,61.16908,L'Artiste Boots Brown/ Size 7.5,10006270,False,,Shoes,55.99,7.5
2026-03-19 17:44:17,2026-03-19,17,3,Thursday,12,523,1.0,19.99,1.84908,21.83908,Distressed Hat_Un,10003300,False,Dkny,Top,19.99,
2026-03-19 17:44:17,2026-03-19,17,3,Thursday,12,523,1.0,21.99,2.03408,24.02408,NineWest/BlkAniPrintHeels/Size7.5,10004317,False,Nine West,Top,21.99,7.5
2026-03-19 17:44:17,2026-03-19,17,3,Thursday,12,523,1.0,21.99,2.03408,24.02408,dreamers/skrt/ylw/m,10004905,False,Built by Dreamers,Skirt,21.99,M
2026-03-19 17:44:17,2026-03-19,17,3,Thursday,12,523,1.0,15.99,1.47908,17.46908,BCBG Yellow Skirt / Size 2,10005744,False,BCBGeneration,Skirt,15.99,2
2026-03-19 17:44:17,2026-03-19,17,3,Thursday,12,523,1.0,29.99,2.77408,32.76408,ButtonSkirt/Blk/Size S,10004422,False,Sanctuary,Skirt,29.99,S
2026-03-19 17:44:17,2026-03-19,17,3,Thursday,12,523,1.0,27.99,2.58908,30.57908,AND Beige Chiffon LS Top / Size 8,10006292,False,And,Top,27.99,8
2026-03-19 17:44:17,2026-03-19,17,3,Thursday,12,523,1.0,26.99,2.49658,29.48658,Unity/RedMulticolDress/SizeM,10004919,False,Unity World Wear,Dress,26.99,M
2026-03-19 17:44:17,2026-03-19,17,3,Thursday,12,523,1.0,28.99,2.68158,31.67158,Ideology Purple Silk Blouse / Size 6,10006336,False,Ideology,Top,28.99,6
2026-03-19 14:27:09,2026-03-19,14,3,Thursday,12,522,1.0,25.99,2.40408,28.39408,Turquoise Wrap Skirt/ Size L,10006316,False,Good Yarn,Skirt,25.99,L
2026-03-19 14:27:09,2026-03-19,14,3,Thursday,12,522,1.0,24.99,2.31158,27.30158,StJohnsB/JeanSkort/Size10,10004924,False,St Johns Bay,Jeans/Pants,24.99,10
2026-03-19 13:43:55,2026-03-19,13,3,Thursday,12,521,1.0,14.99,1.38658,16.37658,Express/WhiLaceCami/SizeM,10006161,False,Express,Top,14.99,M
2026-03-19 13:43:55,2026-03-19,13,3,Thursday,12,521,1.0,35.99,3.32908,39.31908,Dissh/BlackDress/Size6,10005461,False,Dissh,Dress,35.99,6
2026-03-19 13:43:55,2026-03-19,13,3,Thursday,12,521,1.0,22.99,2.12658,25.11658,Free People Lilac Dress / Size S,10006662,False,Free People,Dress,22.99,S
2026-03-18 19:29:48,2026-03-18,19,3,Wednesday,12,520,1.0,18.99,1.75658,20.74658,LineaD/WhtLaceDress/SizeS,10004660,False,Linea Donatella,Dress,18.99,S
2026-03-18 19:29:48,2026-03-18,19,3,Wednesday,12,520,1.0,22.99,2.12658,25.11658,AmberNecklace,10006128,False,Unknown,Accessories,22.99,
2026-03-18 19:29:48,2026-03-18,19,3,Wednesday,12,520,1.0,25.99,2.40408,28.39408,Urban Outfitters Black Floral Dress/Size XS,10004177,False,Urban Outfitters,Dress,25.99,XS
2026-03-18 19:28:36,2026-03-18,19,3,Wednesday,12,519,1.0,26.99,2.49658,29.48658,Mexx/GrnLeafyTop/SizeS,10006035,False,Mexx,Other,26.99,S
2026-03-18 18:19:27,2026-03-18,18,3,Wednesday,12,518,1.0,5.99,0.55408,6.54408,mudd leather belt size s/m,10006627,False,Mudd,Accessories,5.99,S
2026-03-18 18:02:18,2026-03-18,18,3,Wednesday,12,517,1.0,16.99,1.57158,18.56158,Flora White Robe / Size S,10006322,False,Flora,Other,16.99,S
2026-03-18 18:02:18,2026-03-18,18,3,Wednesday,12,517,1.0,27.99,2.58908,30.57908,VS Black Lingerie 2 Piece Sequin Set / Size XXS,10004562,False,Victoriaxs Secret,Set,27.99,XXS
2026-03-18 16:11:26,2026-03-18,16,3,Wednesday,12,516,1.0,28.99,2.68158,31.67158,Lady&B/MaroonVest/SizeM,10005327,False,Lady and Butler NY,Top,28.99,M
2026-03-18 14:05:04,2026-03-18,14,3,Wednesday,12,515,1.0,29.99,2.77408,32.76408,CalvinKlein/BlkTanDress/Size 16,10004298,False,Calvin Klein,Dress,29.99,16
2026-03-18 13:12:10,2026-03-18,13,3,Wednesday,12,514,1.0,32.99,3.05158,36.04158,Esprit VINTAGE Brown Leopard / Size 6,10004615,True,Esprit,Other,32.99,6
2026-03-18 13:12:10,2026-03-18,13,3,Wednesday,12,514,1.0,18.99,1.75658,20.74658,hers & mine/bls/blk/s,10005352,True,Hers & Mine,Top,18.99,S
2026-03-15 15:33:11,2026-03-15,15,3,Sunday,11,513,1.0,6.99,0.64658,7.63658,bottlecap jelly black belt,10006626,False,Unknown,Accessories,6.99,
2026-03-15 15:31:51,2026-03-15,15,3,Sunday,11,512,1.0,21.99,2.03408,24.02408,SavannaJane/ Floral Top/ Prpl/ Size L,10005062,False,Savanna Jane,Top,21.99,L
2026-03-15 15:31:51,2026-03-15,15,3,Sunday,11,512,1.0,25.99,2.40408,28.39408,Zara White Dress / Size L,10004573,False,Zara,Dress,25.99,L
2026-03-15 15:31:51,2026-03-15,15,3,Sunday,11,512,1.0,27.99,2.58908,30.57908,Max Studio Blue Pattern Dress / Size L,10004627,False,Max Studio,Dress,27.99,L
2026-03-15 14:56:00,2026-03-15,14,3,Sunday,11,511,1.0,17.99,1.66408,19.65408,MTV Branded White Tshirt / Size S,10005508,False,Mtv,Top,17.99,S
2026-03-15 14:56:00,2026-03-15,14,3,Sunday,11,511,1.0,12.99,1.20158,14.19158,Small Leather Purse Long Strap Gold Lock,10004552,False,,Accessories,12.99,
2026-03-15 14:56:00,2026-03-15,14,3,Sunday,11,511,1.0,15.99,1.47908,17.46908,Margo Paige Fringe Crossbody,10004065,False,Marco Paige,Top,15.99,
2026-03-15 14:54:00,2026-03-15,14,3,Sunday,11,510,1.0,24.99,2.31158,27.30158,Texture & Thread Olive Green SL Top / Size M,10006505,False,Texture & Thread,Top,24.99,M
2026-03-15 14:54:00,2026-03-15,14,3,Sunday,11,510,1.0,13.99,1.29408,15.28408,Moda Lyle Fringe Purse / Tan / OS / abc,10003152,False,Moda,Accessories,13.99,
2026-03-15 14:52:13,2026-03-15,14,3,Sunday,11,509,1.0,22.99,2.12658,25.11658,Wide Leg Cropped Jean/Size 10,10004443,False,Banana Republic,Jeans/Pants,22.99,10
2026-03-15 14:37:00,2026-03-15,14,3,Sunday,11,508,1.0,12.99,1.20158,14.19158,Mossimo Orange Multicolor Skirt / Size XS,10005699,False,Mossimo,Skirt,12.99,XS
2026-03-15 14:37:00,2026-03-15,14,3,Sunday,11,508,1.0,15.99,1.47908,17.46908,Sweaty Betty Pink Sweatshirt / Size XS,10005985,False,Sweaty Betty,Top,15.99,XS
2026-03-15 14:37:00,2026-03-15,14,3,Sunday,11,508,1.0,22.99,2.12658,25.11658,YaYa/FloralBlouse/S,10005300,False,Ya Ya X Co,Top,22.99,S
2026-03-15 14:23:13,2026-03-15,14,3,Sunday,11,507,1.0,28.99,2.68158,31.67158,UrbanOutfitters/ Butterfly Dress / Brwn/ Size XS,10005174,False,Urban Outfitters,Dress,28.99,XS
2026-03-15 14:02:27,2026-03-15,14,3,Sunday,11,506,1.0,29.99,2.77408,32.76408,Lala Red & White Sheer SL Top / Size M,10005932,True,Lala,Top,29.99,M
2026-03-15 13:18:09,2026-03-15,13,3,Sunday,11,505,1.0,22.99,2.12658,25.11658,TheLimited/WhiCardigan/SizeXS,10005999,True,The Limited,Sweater/Cardigan,22.99,XS
2026-03-15 13:18:09,2026-03-15,13,3,Sunday,11,505,1.0,45.99,4.25408,50.24408,5a7/jns/dnm/2,10004883,True,5A7,Jeans/Pants,45.99,2
2026-03-15 12:55:13,2026-03-15,12,3,Sunday,11,504,1.0,32.99,3.05158,36.04158,Lanidor Co Black Dress Gold Studs / Size 34,10005742,False,Lanidor Collection,Dress,32.99,34
2026-03-15 12:55:13,2026-03-15,12,3,Sunday,11,504,1.0,10.99,1.01658,12.00658,Large Brown Braided Belt / S,10006389,False,Unknown,Accessories,10.99,S
2026-03-15 12:53:29,2026-03-15,12,3,Sunday,11,503,1.0,24.99,2.31158,27.30158,Silver&StoneBracelet,10006123,False,Unknown,Accessories,24.99,
2026-03-15 12:49:31,2026-03-15,12,3,Sunday,11,502,1.0,25.99,2.40408,28.39408,nocona/belt/leather/graphic,10004687,False,Nocona,Accessories,25.99,
2026-03-15 12:32:14,2026-03-15,12,3,Sunday,11,501,1.0,37.99,3.51408,41.50408,Karen A White LS Lace / Size 6,10006486,True,Karen Alexander,Top,37.99,6
2026-03-14 18:44:08,2026-03-14,18,3,Saturday,11,500,1.0,22.99,2.12658,25.11658,Brown Leather Belt,10006380,False,Unknown,Accessories,22.99,
2026-03-14 18:26:53,2026-03-14,18,3,Saturday,11,499,1.0,28.99,2.68158,31.67158,Nouvida/GrnLaceTankTop/SizeL,10006437,False,Nouvida,Top,28.99,L
2026-03-14 16:41:37,2026-03-14,16,3,Saturday,11,498,1.0,26.99,2.49658,29.48658,Kiwi Black White Striped Dress / Size XL,10005632,True,Kiwi & Punch,Dress,26.99,XL
2026-03-14 15:55:04,2026-03-14,15,3,Saturday,11,497,1.0,25.99,2.40408,28.39408,VINTAGE 2 Piece Karin Brw Gr Polka Dot / Size XL,10005056,True,Karin Stevens,Other,25.99,XL
2026-03-14 14:19:15,2026-03-14,14,3,Saturday,11,496,1.0,15.99,1.47908,17.46908,Express Orange Pink Floral SL Tank / Size L,10005272,False,Express,Top,15.99,L
2026-03-14 14:19:15,2026-03-14,14,3,Saturday,11,496,1.0,35.99,3.32908,39.31908,Bechamel Brown Woven Leather Bag,10006577,False,Bechamel,Accessories,35.99,
2026-03-14 14:18:11,2026-03-14,14,3,Saturday,11,495,1.0,21.99,2.03408,24.02408,New'm/ Floral Top/ Size S,10005045,False,New'm,Top,21.99,S
2026-03-14 14:07:57,2026-03-14,14,3,Saturday,11,494,1.0,19.99,1.84908,21.83908,Unknown Slip Dress Light Blue S,10003391,False,Unknown,Dress,19.99,
2026-03-14 13:57:01,2026-03-14,13,3,Saturday,11,493,1.0,18.99,1.75658,20.74658,MelroseXMar/BlackLaceTop/SizeL,10005789,False,Melrose X Market,Other,18.99,L
2026-03-14 13:57:01,2026-03-14,13,3,Saturday,11,493,1.0,18.99,1.75658,20.74658,By Together Gray Velvet Tank Lace Trim / Size L,10005117,False,By Together,Top,18.99,L
2026-03-14 13:54:31,2026-03-14,13,3,Saturday,11,492,1.0,23.99,2.21908,26.20908,Blashe Muave Leotard/Size L,10003909,False,Blashe,Other,23.99,L
2026-03-14 13:54:31,2026-03-14,13,3,Saturday,11,492,1.0,47.99,4.43908,52.42908,Vince C Black Jumpsuit / Size 8,10004202,False,Vince Camuto,Romper/Jumpsuit,47.99,8
2026-03-14 13:54:31,2026-03-14,13,3,Saturday,11,492,1.0,24.99,2.31158,27.30158,Pretty Little Thing Black Skirt Tassle / Size M,10005265,False,Pretty Little Thing,Skirt,24.99,M
2026-03-14 13:54:31,2026-03-14,13,3,Saturday,11,492,1.0,12.99,1.20158,14.19158,Bracelet,10006636,False,,Accessories,12.99,
2026-03-14 13:52:28,2026-03-14,13,3,Saturday,11,491,1.0,25.99,2.40408,28.39408,Gracia Black Fishnet Top / Size M,10005190,False,Gracia,Top,25.99,M
2026-03-14 13:52:28,2026-03-14,13,3,Saturday,11,491,1.0,11.99,1.10908,13.09908,H&M Ruffle Bodysuit Blk/Size M,10003964,False,H&M,Top,11.99,M
2026-03-14 13:51:36,2026-03-14,13,3,Saturday,11,490,1.0,21.99,2.03408,24.02408,WildH/BlkLaceBdySuit/SizeL,10004662,False,Wild Honey,Other,21.99,L
2026-03-14 13:51:36,2026-03-14,13,3,Saturday,11,490,1.0,14.99,1.38658,16.37658,Banana Republic Black SL Crop Top / Size 6,10004827,False,Banana Republic,Top,14.99,6
2026-03-14 13:35:24,2026-03-14,13,3,Saturday,11,489,1.0,25.99,2.40408,28.39408,TwoPieceMultiColSequinSet/SizeS,10004871,False,Unknown,Top,25.99,S
2026-03-14 13:35:24,2026-03-14,13,3,Saturday,11,489,1.0,17.99,1.66408,19.65408,black ribbed tanktop/xxs,10006232,False,JCrew,Top,17.99,XXS
2026-03-14 13:35:24,2026-03-14,13,3,Saturday,11,489,1.0,26.99,2.49658,29.48658,Eclipse Pink Black White Striped Romper / Size M,10005558,False,Eclipse,Romper/Jumpsuit,26.99,M
2026-03-14 13:35:24,2026-03-14,13,3,Saturday,11,489,1.0,39.99,3.69908,43.68908,Silver Sequin Sheer Dress/Size M,10003962,False,Unknown,Dress,39.99,M
2026-03-14 13:33:41,2026-03-14,13,3,Saturday,11,488,1.0,17.99,1.66408,19.65408,black short sleeve dress blouse/large,10006221,True,Belle,Dress,17.99,
2026-03-14 13:33:41,2026-03-14,13,3,Saturday,11,488,1.0,37.99,3.51408,41.50408,Corduroy Red & Beige Skirt / Size 10,10006513,True,Unknown,Skirt,37.99,10
2026-03-14 12:36:57,2026-03-14,12,3,Saturday,11,487,1.0,29.99,2.77408,32.76408,Portraits Black Vest White Emb / Size S,10006487,False,Portraits by Northern Isles,Top,29.99,S
2026-03-14 12:06:16,2026-03-14,12,3,Saturday,11,486,1.0,24.99,2.31158,27.30158,Kimchi Blue Pink Lace Top/Size Lg,10005237,False,Kimchi Blue,Top,24.99,L
2026-03-14 12:06:16,2026-03-14,12,3,Saturday,11,486,1.0,38.99,3.60658,42.59658,Lellis Collection Jean Romper / Size L,10006584,False,Lelis Collection,Jeans/Pants,38.99,L
2026-03-13 19:49:45,2026-03-13,19,3,Friday,11,485,1.0,24.99,2.31158,27.30158,BNDI Sweater Brown Size M,10003385,False,Bndi,Sweater/Cardigan,24.99,M
2026-03-13 19:49:45,2026-03-13,19,3,Friday,11,485,1.0,34.99,3.23658,38.22658,100005553,10006616,False,,Other,34.99,
2026-03-13 19:11:33,2026-03-13,19,3,Friday,11,484,1.0,25.99,2.40408,28.39408,Life Stride Black Riding Boots / Size 11,10005905,False,Life Stride,Shoes,25.99,11
2026-03-13 18:36:55,2026-03-13,18,3,Friday,11,483,1.0,25.99,2.40408,28.39408,HollisterJeans/ Size 6 / Bluejeans,10000771,False,Hollister,Jeans/Pants,25.99,6
2026-03-13 14:44:35,2026-03-13,14,3,Friday,11,482,1.0,24.99,2.31158,27.30158,Real Comfort Brown Jacket / Size 8,10006600,True,Real Comfort,Jacket/Coat,24.99,8
2026-03-13 11:55:49,2026-03-13,11,3,Friday,11,481,1.0,22.99,2.12658,25.11658,Zara/pink&BlTop/SizeM,10005285,False,Zara,Other,22.99,M
2026-03-12 18:59:35,2026-03-12,18,3,Thursday,11,480,1.0,22.99,2.12658,25.11658,Johnny Cash Tee,10004012,False,Cash,Top,22.99,
2026-03-12 18:42:23,2026-03-12,18,3,Thursday,11,479,1.0,18.99,1.75658,20.74658,Nine West Black Flower Bucket Hat,10004765,False,Nine West,Accessories,18.99,
2026-03-12 18:42:23,2026-03-12,18,3,Thursday,11,479,1.0,15.99,1.47908,17.46908,WovenBowBasketBag,10006347,False,Unknown,Accessories,15.99,
2026-03-12 18:14:15,2026-03-12,18,3,Thursday,11,478,1.0,21.99,2.03408,24.02408,Born Beige Knit Slip Ons / Size 9,10006327,False,Born,Sweater/Cardigan,21.99,9
2026-03-12 15:53:25,2026-03-12,15,3,Thursday,11,477,1.0,28.99,2.68158,31.67158,VintageNaniFlwrChemise/SizeM,10006096,False,Unknown,Other,28.99,M
2026-03-12 15:18:28,2026-03-12,15,3,Thursday,11,476,1.0,28.99,2.68158,31.67158,rosa cheri/bls/floral/s,10005818,False,Rosa Cheri,Top,28.99,S
2026-03-12 14:37:54,2026-03-12,14,3,Thursday,11,475,1.0,18.99,1.75658,20.74658,OutfitJPR/MulticolStripeTank/SizeS,10005339,False,Outfit JPR,Top,18.99,S
2026-03-12 14:37:54,2026-03-12,14,3,Thursday,11,475,1.0,32.99,3.05158,36.04158,ITOO Italy Multicolor Skirt / Size S,10005724,False,Itoo Italy,Skirt,32.99,S
2026-03-12 14:37:54,2026-03-12,14,3,Thursday,11,475,1.0,15.99,1.47908,17.46908,Frenchi/Blk&WhiSheerlayerTop/SizeS,10006111,False,Frenchi,Other,15.99,S
2026-03-12 14:37:54,2026-03-12,14,3,Thursday,11,475,1.0,16.99,1.57158,18.56158,unknownLS Top / tan / M / 1.5,10000091,False,Unknown,Top,16.99,
2026-03-12 14:37:54,2026-03-12,14,3,Thursday,11,475,1.0,24.99,2.31158,27.30158,Coin Brown Patchwork Shiny SL Top / Size L,10004954,False,Coin,Top,24.99,L
2026-03-12 14:37:54,2026-03-12,14,3,Thursday,11,475,1.0,24.99,2.31158,27.30158,Black Seethrough Top / Size S,10006557,False,Unknown,Top,24.99,S
2026-03-12 14:37:54,2026-03-12,14,3,Thursday,11,475,1.0,22.99,2.12658,25.11658,Cosmo/PinkMeshTop/SizeM,10005326,False,Cosmo,Other,22.99,M
2026-03-12 14:34:51,2026-03-12,14,3,Thursday,11,474,1.0,12.99,1.20158,14.19158,Cross Necklace,10004220,True,,Top,12.99,
2026-03-11 18:25:34,2026-03-11,18,3,Wednesday,11,473,1.0,39.99,3.69908,43.68908,HoldingHorses/BrwnLacedBoot/Size39,10004394,True,Holding Horses,Shoes,39.99,39
2026-03-11 18:25:34,2026-03-11,18,3,Wednesday,11,473,1.0,32.99,3.05158,36.04158,Desigual Purple Strapless Top / Size XXS,10005917,True,Desigual,Top,32.99,XXS
2026-03-11 18:25:34,2026-03-11,18,3,Wednesday,11,473,1.0,27.99,2.58908,30.57908,Eagle's Eye Black Cardigan w Flw / Size S,10005885,True,Eagle's Eye,Sweater/Cardigan,27.99,S
2026-03-11 18:25:34,2026-03-11,18,3,Wednesday,11,473,1.0,32.99,3.05158,36.04158,American Eagle Lace Mesh Skirt / Size XS,10005721,True,American Eagle Outfitters,Skirt,32.99,XS
2026-03-11 18:25:34,2026-03-11,18,3,Wednesday,11,473,1.0,25.99,2.40408,28.39408,Altar'd State Orange Polka Dot Skirt / Size S,10005706,True,Altar'd State,Skirt,25.99,S
2026-03-11 18:25:34,2026-03-11,18,3,Wednesday,11,473,1.0,45.99,4.25408,50.24408,James Jeans Jacket Blk Wax Denim,10004189,True,James Jeans,Jeans/Pants,45.99,
2026-03-11 18:10:37,2026-03-11,18,3,Wednesday,11,472,1.0,25.99,2.40408,28.39408,Aeda Tan Flower Cardigan/ Size S,10006258,False,Aeda,Sweater/Cardigan,25.99,S
2026-03-11 17:21:23,2026-03-11,17,3,Wednesday,11,471,1.0,59.99,5.54908,65.53908,VINTAGE Green Jumpsuit / Size XS,10006458,False,Unknown,Romper/Jumpsuit,59.99,XS
2026-03-11 17:21:23,2026-03-11,17,3,Wednesday,11,471,1.0,23.99,2.21908,26.20908,I.N. Black Floral SL Dress Glitter / Size M,10004823,False,I.N. San Francisco,Dress,23.99,M
2026-03-11 17:06:09,2026-03-11,17,3,Wednesday,11,470,1.0,85.0,7.8625,92.8625,Chista Beaded Handbag / Off White Light Blue / OS / abc,10003144,False,Chista,Accessories,85.0,
2026-03-11 17:06:09,2026-03-11,17,3,Wednesday,11,470,1.0,84.99,7.86158,92.85158,Brown Suede Boots Size 11,10003313,False,Unknown,Shoes,84.99,11
2026-03-11 14:59:35,2026-03-11,14,3,Wednesday,11,469,1.0,65.0,6.0125,71.0125,VintageGrn&PinkDress/SizeS,10004659,False,Unknown,Dress,65.0,S
2026-03-11 14:38:05,2026-03-11,14,3,Wednesday,11,468,1.0,15.99,1.47908,17.46908,papaya/sweater/wht/m,10003733,False,Papaya,Sweater/Cardigan,15.99,M
2026-03-11 14:24:16,2026-03-11,14,3,Wednesday,11,467,1.0,35.99,3.32908,39.31908,Forever 21 Black Sheer Top / Size M,10006343,False,Forever 21,Top,35.99,M
2026-03-08 16:01:19,2026-03-08,16,3,Sunday,10,466,1.0,12.99,1.20158,14.19158,UTKtshirt/SizeM,10004898,False,Unknown,Top,12.99,M
2026-03-08 15:34:07,2026-03-08,15,3,Sunday,10,465,1.0,24.99,2.31158,27.30158,Foiled Mini Skirt/Size S,10003698,False,Unknown,Skirt,24.99,S
2026-03-08 15:34:07,2026-03-08,15,3,Sunday,10,465,1.0,55.99,5.17908,61.16908,Djer Kiss Kissing Fairies Compact 1920s,10006252,False,Djer Kiss,Top,55.99,
2026-03-08 15:32:31,2026-03-08,15,3,Sunday,10,464,1.0,16.99,1.57158,18.56158,Anthropologie/PinkLaceTop/SizeS,10005783,True,Anthropologie,Other,16.99,S
2026-03-08 14:57:23,2026-03-08,14,3,Sunday,10,463,1.0,19.99,1.84908,21.83908,Glam/GreySweater/SizeS/M,10004372,False,Glam,Sweater/Cardigan,19.99,S
2026-03-08 14:57:23,2026-03-08,14,3,Sunday,10,463,1.0,5.99,0.55408,6.54408,Camel Thin Waistbelt,10003711,False,Unknown,Accessories,5.99,
2026-03-08 14:55:00,2026-03-08,14,3,Sunday,10,462,1.0,29.99,2.77408,32.76408,Chico's White Silver Knit Sweater / Size 0,10005890,False,Chico's,Sweater/Cardigan,29.99,0
2026-03-08 14:34:16,2026-03-08,14,3,Sunday,10,461,1.0,24.99,2.31158,27.30158,Deletta Green Ruffle Top / Size S,10005099,False,Deletta,Top,24.99,S
2026-03-08 14:34:16,2026-03-08,14,3,Sunday,10,461,1.0,24.99,2.31158,27.30158,Lily White/ Floral Top/ Brwn&Pnk/ Size S,10005150,False,Lily White,Top,24.99,S
2026-03-08 14:17:14,2026-03-08,14,3,Sunday,10,460,1.0,25.99,2.40408,28.39408,abercrombie and fitch black croptop/L,10006431,False,Abercrombie & Fitch,Top,25.99,L
2026-03-08 14:17:14,2026-03-08,14,3,Sunday,10,460,1.0,45.99,4.25408,50.24408,Bagatelle CollectionJacket / Green / M / 14.55,10002699,False,Bagatelle Collection,Jacket/Coat,45.99,
2026-03-08 13:17:02,2026-03-08,13,3,Sunday,10,459,1.0,18.99,1.75658,20.74658,Coca Cola White Tee/Size M,10003689,False,Coca Cola,Top,18.99,M
2026-03-08 13:17:02,2026-03-08,13,3,Sunday,10,459,1.0,16.99,1.57158,18.56158,LaurenC/BlkShortSlveTop/SizeM,10006106,False,Lauren Conrad,Shorts,16.99,M
2026-03-08 12:49:47,2026-03-08,12,3,Sunday,10,458,1.0,39.99,3.69908,43.68908,Boden Blue & White Skirt / Size 6,10004977,False,Boden,Skirt,39.99,6
2026-03-07 19:52:34,2026-03-07,19,3,Saturday,10,457,1.0,32.99,3.05158,36.04158,IErelaxed/GrnPatternShirt/SizeM,10006051,True,Ie Relaxed,Top,32.99,M
2026-03-07 18:26:56,2026-03-07,18,3,Saturday,10,456,1.0,24.99,2.31158,27.30158,JezebelCamisole / Orange / M / 13.1,10002409,True,Jezebel,Top,24.99,
2026-03-07 18:00:19,2026-03-07,18,3,Saturday,10,455,1.0,10.99,1.01658,12.00658,Def Leopard Tiger One Shoulder Crop Top / Size S,10004829,False,Def Leopard,Top,10.99,S
2026-03-07 18:00:19,2026-03-07,18,3,Saturday,10,455,1.0,24.99,2.31158,27.30158,Tahari Black SS Top w Pink Flowers / Size S,10005928,False,Tahari,Top,24.99,S
2026-03-07 17:35:03,2026-03-07,17,3,Saturday,10,454,1.0,24.99,2.31158,27.30158,Blue Knit LS Cardigan / Size M,10005559,False,Unknown,Sweater/Cardigan,24.99,M
2026-03-07 17:35:03,2026-03-07,17,3,Saturday,10,454,1.0,15.99,1.47908,17.46908,Banana RepublicTank Top_Ec / Blue / S / 12.15,10002219,False,Banana Republic,Top,15.99,
2026-03-07 17:35:03,2026-03-07,17,3,Saturday,10,454,1.0,22.99,2.12658,25.11658,J Crew Top White Size 6,10003411,False,J Crew,Top,22.99,6
2026-03-07 16:31:15,2026-03-07,16,3,Saturday,10,453,1.0,25.99,2.40408,28.39408,unknown/skt set/teal org/ s,10005379,False,Unknown,Set,25.99,S
2026-03-07 16:31:15,2026-03-07,16,3,Saturday,10,453,1.0,35.99,3.32908,39.31908,Persaman Red & Black Skirt 10,10006296,False,Persaman,Skirt,35.99,
2026-03-07 16:31:15,2026-03-07,16,3,Saturday,10,453,1.0,27.99,2.58908,30.57908,banana republic/jumper/blk/2p,10003621,False,Banana Republic,Other,27.99,
2026-03-07 16:31:15,2026-03-07,16,3,Saturday,10,453,1.0,55.99,5.17908,61.16908,Kokin Black Tulle Hat,10003979,False,Kokin,Accessories,55.99,
2026-03-07 16:16:16,2026-03-07,16,3,Saturday,10,452,1.0,69.99,6.47408,76.46408,JB Dillon Cream Cowgirl Boots / Size 9,10003883,False,JB Dillon,Shoes,69.99,9
2026-03-07 16:16:16,2026-03-07,16,3,Saturday,10,452,1.0,15.99,1.47908,17.46908,D & Y Multicolor Hat,10004786,False,D & Y,Accessories,15.99,
2026-03-07 15:47:03,2026-03-07,15,3,Saturday,10,451,1.0,12.99,1.20158,14.19158,Windsor Green Crop Top / Size M,10004780,False,Windsor,Top,15.99,M
2026-03-07 15:47:03,2026-03-07,15,3,Saturday,10,451,1.0,19.99,1.84908,21.83908,Paper Crane Green White Crop Top / Size M,10003800,False,Paper Crane,Top,19.99,M
2026-03-07 15:47:03,2026-03-07,15,3,Saturday,10,451,1.0,15.99,1.47908,17.46908,AmericanEagle/ Ruche Crop/ Multicolor/ Size S,10005171,False,American Eagle Outfitters,Other,15.99,S
2026-03-07 15:40:55,2026-03-07,15,3,Saturday,10,450,1.0,9.99,0.92408,10.91408,FYEO/BlkChainMiniBag,10004391,False,For Your Ease Only Inc,Accessories,9.99,
2026-03-07 15:12:26,2026-03-07,15,3,Saturday,10,449,1.0,25.99,2.40408,28.39408,Princess Polly Blk Leather Pant/Size 4,10003685,False,Princess Polly,Jeans/Pants,25.99,4
2026-03-07 15:12:26,2026-03-07,15,3,Saturday,10,449,1.0,22.99,2.12658,25.11658,AltarXdS/LightBrwnSkirt/SizeXS,10004858,False,Altar'd State,Skirt,22.99,XS
2026-03-07 14:09:04,2026-03-07,14,3,Saturday,10,448,1.0,18.99,1.75658,20.74658,ByTogether/Blk&WhiSkirt/SizeS,10005774,False,By Together,Skirt,18.99,S
2026-03-07 14:06:51,2026-03-07,14,3,Saturday,10,447,1.0,28.99,2.68158,31.67158,Belissima Hat Brown w Flowers,10005365,False,,Top,28.99,
2026-03-07 14:05:50,2026-03-07,14,3,Saturday,10,446,1.0,25.0,2.3125,27.3125,Red Beaded Purse,10006372,False,Unknown,Accessories,25.0,
2026-03-07 14:03:41,2026-03-07,14,3,Saturday,10,445,1.0,18.99,1.75658,20.74658,textured white brallette top/small,10006219,False,Zara,Top,18.99,
2026-03-07 14:03:41,2026-03-07,14,3,Saturday,10,445,1.0,15.99,1.47908,17.46908,Akira Tan Banded Skirt/Size S,10004501,False,Akira,Skirt,15.99,S
2026-03-07 14:03:41,2026-03-07,14,3,Saturday,10,445,1.0,18.99,1.75658,20.74658,Black Jean Mini Dress with Metal Button / Size M,10004534,False,,Dress,18.99,M
2026-03-07 14:03:41,2026-03-07,14,3,Saturday,10,445,1.0,75.0,6.9375,81.9375,Silver Metal Skull Ring Purse,10005728,False,Unknown,Accessories,75.0,
2026-03-07 13:54:03,2026-03-07,13,3,Saturday,10,444,1.0,15.99,1.47908,17.46908,Brown Fringe Belt,10006383,False,Unknown,Accessories,15.99,
2026-03-07 13:28:29,2026-03-07,13,3,Saturday,10,443,1.0,32.99,3.05158,36.04158,Altar'd State Blue Dress/Size S,10005821,False,Altar'd State,Dress,32.99,S
2026-03-07 13:23:43,2026-03-07,13,3,Saturday,10,442,1.0,245.0,22.6625,267.6625,Coach/PinkStitchedSoho,10004488,False,Coach,Other,245.0,
2026-03-07 13:11:40,2026-03-07,13,3,Saturday,10,441,1.0,35.99,3.32908,39.31908,coutgo/shoes/blk/6.5,10005396,False,Coutgo,Shoes,35.99,6.5
2026-03-07 13:11:40,2026-03-07,13,3,Saturday,10,441,1.0,28.99,2.68158,31.67158,Lisa Says Gah Strawberry Sweater Blue/Size M/L,10006261,False,Lisa Says Gah,Sweater/Cardigan,28.99,M
2026-03-07 12:36:08,2026-03-07,12,3,Saturday,10,440,1.0,25.99,2.40408,28.39408,Black belt with silver,10006422,False,,Accessories,25.99,
2026-03-07 12:36:08,2026-03-07,12,3,Saturday,10,440,1.0,25.99,2.40408,28.39408,Vanzetti Brown Suede Studded Belt,10006395,False,Vanzetti,Accessories,25.99,
2026-03-07 12:36:08,2026-03-07,12,3,Saturday,10,440,1.0,15.99,1.47908,17.46908,blue blush/blouse/floral/m,10003738,False,Blue Blush,Top,15.99,M
2026-03-06 20:43:52,2026-03-06,20,3,Friday,10,439,1.0,10.99,1.01658,12.00658,JO COBodysuit_An / Purple / M / 13.77,10002543,False,Jo Co,Top,10.99,
2026-03-06 20:28:28,2026-03-06,20,3,Friday,10,438,1.0,19.99,1.84908,21.83908,green texture design tanktop/medium,10006205,False,Paper Crane,Top,19.99,
2026-03-06 20:27:35,2026-03-06,20,3,Friday,10,437,1.0,22.99,2.12658,25.11658,New York & Co Black White Sheer Shawl / Size L,10004227,False,New York X Company,Other,22.99,L
2026-03-06 20:27:35,2026-03-06,20,3,Friday,10,437,1.0,75.99,7.02908,83.01908,Frye Wood Heels / Size 7.5,10006328,False,Frye,Top,75.99,7.5
2026-03-06 19:37:12,2026-03-06,19,3,Friday,10,436,1.0,12.99,1.20158,14.19158,Hunt Club Beige / Size 10,10005666,True,Hunt Club,Other,12.99,10
2026-03-06 19:23:04,2026-03-06,19,3,Friday,10,435,1.0,24.99,2.31158,27.30158,Anthropologie Black Balloon Pants/ Size M,10006267,False,Anthropologie,Jeans/Pants,24.99,M
2026-03-06 18:46:25,2026-03-06,18,3,Friday,10,434,1.0,39.99,3.69908,43.68908,unknown/dress/org flw/m,10005380,False,Unknown,Dress,39.99,M
2026-03-06 18:44:17,2026-03-06,18,3,Friday,10,433,1.0,21.99,2.03408,24.02408,AbercmxFitch/BrwnBowTop/SizeM,10006357,False,Abercrombie & Fitch,Other,21.99,M
2026-03-06 18:39:45,2026-03-06,18,3,Friday,10,432,1.0,25.99,2.40408,28.39408,Brass Metal Belt with Blue,10006370,False,Unknown,Top,25.99,
2026-03-06 18:15:04,2026-03-06,18,3,Friday,10,431,1.0,18.99,1.75658,20.74658,Cider Black LS Tie Front / Size S,10005278,False,Cider,Top,18.99,S
2026-03-06 16:31:09,2026-03-06,16,3,Friday,10,430,1.0,35.99,3.32908,39.31908,Persaman Blue & Yellow Skirt / Size 8,10005919,False,Persaman,Skirt,35.99,8
2026-03-06 16:30:42,2026-03-06,16,3,Friday,10,429,1.0,34.99,3.23658,38.22658,Affinites AT Wrap LS Top / Size S,10006324,False,Affinites Armand Thiery,Top,34.99,S
2026-03-06 16:04:43,2026-03-06,16,3,Friday,10,428,1.0,12.99,1.20158,14.19158,black with floral design tanktop/medium,10006207,False,Unknown,Top,12.99,
2026-03-06 15:31:29,2026-03-06,15,3,Friday,10,427,1.0,25.99,2.40408,28.39408,Earl Jean Jean Jacket / Size S,10005506,False,Earl Jean,Jeans/Pants,25.99,S
2026-03-06 15:30:42,2026-03-06,15,3,Friday,10,426,1.0,42.99,3.97658,46.96658,DraperJames/LightPinkDress/SizeXS,10004327,False,Draper James,Dress,42.99,XS
2026-03-06 14:44:20,2026-03-06,14,3,Friday,10,425,1.0,18.99,1.75658,20.74658,VintageSarahCovNecklace,10006148,False,Sarah Coventry,Accessories,18.99,
2026-03-06 14:44:20,2026-03-06,14,3,Friday,10,425,1.0,25.99,2.40408,28.39408,CharlotteR/GreyBttnDwnShirt/SizeL,10005757,False,Charlotte Russe,Top,25.99,L
2026-03-06 14:44:20,2026-03-06,14,3,Friday,10,425,1.0,22.99,2.12658,25.11658,Ceres Green Ruffle Tie Around SS Blouse / Size M,10005101,False,Ceres,Top,22.99,M
2026-03-06 14:44:20,2026-03-06,14,3,Friday,10,425,1.0,18.99,1.75658,20.74658,Black Cardigan/ Size M,10004364,False,Unknown,Sweater/Cardigan,18.99,M
2026-03-06 14:17:56,2026-03-06,14,3,Friday,10,424,1.0,12.99,1.20158,14.19158,TheLimited/OffWhiShirt/SizeM,10005301,False,The Limited,Top,12.99,M
2026-03-06 13:57:34,2026-03-06,13,3,Friday,10,423,1.0,32.99,3.05158,36.04158,VINTAGE Stradivarius Leather Purse,10005051,False,Stradivarius,Accessories,32.99,
2026-03-06 13:56:35,2026-03-06,13,3,Friday,10,422,1.0,59.99,5.54908,65.53908,Desigual Green Skirt w Buckle / Size 38,10005910,False,Desigual,Skirt,59.99,38
2026-03-06 13:40:40,2026-03-06,13,3,Friday,10,421,1.0,15.99,1.47908,17.46908,Unknown Knit Vest w Flowers/ Size M,10006320,False,Unknown,Sweater/Cardigan,15.99,M
2026-03-06 13:04:14,2026-03-06,13,3,Friday,10,420,1.0,22.99,2.12658,25.11658,Mele e Pere,10006325,False,,Other,22.99,
2026-03-06 13:02:48,2026-03-06,13,3,Friday,10,419,1.0,20.0,1.85,21.85,VINTAGE Revlon Gold Compact 1960s,10006249,False,Revlon,Other,20.0,
2026-03-06 13:01:08,2026-03-06,13,3,Friday,10,418,1.0,32.99,3.05158,36.04158,swing/corset/pnk/42,10005362,False,Swing,Set,32.99,42
2026-03-06 13:01:08,2026-03-06,13,3,Friday,10,418,1.0,14.99,1.38658,16.37658,JJxs/WhiLayeredBlouse/SizeL,10005771,False,JJXs Fairyland,Top,14.99,L
2026-03-06 13:01:08,2026-03-06,13,3,Friday,10,418,1.0,22.99,2.12658,25.11658,Just Polly/ Swirl Tee/ Multicolor/ Size XL,10005430,False,Just Polly,Top,22.99,XL
2026-03-06 13:01:08,2026-03-06,13,3,Friday,10,418,1.0,21.99,2.03408,24.02408,Lush Hot Pink Halter Dress / Size M,10006291,False,Lush,Dress,21.99,M
2026-03-06 12:58:10,2026-03-06,12,3,Friday,10,417,1.0,24.99,2.31158,27.30158,Led Zeppelin Tee / Blue / M / 6.57,10001106,False,Led Zeppelin,Top,24.99,
2026-03-06 12:58:10,2026-03-06,12,3,Friday,10,417,1.0,12.99,1.20158,14.19158,UT Shorts Orange/ Size L,10006317,False,Champion,Shorts,12.99,L
2026-03-06 12:58:10,2026-03-06,12,3,Friday,10,417,1.0,25.99,2.40408,28.39408,macaron/dressshrt/denim grn/S,10005817,False,Macaron,Dress,25.99,S
2026-03-06 12:58:10,2026-03-06,12,3,Friday,10,417,1.0,18.99,1.75658,20.74658,No Boundaries Green Flower Cardigan/ Size M,10006259,False,No Boundaries,Sweater/Cardigan,18.99,M
2026-03-06 12:46:07,2026-03-06,12,3,Friday,10,416,1.0,59.99,5.54908,65.53908,Jessica M Black Skirt VINTAGE / Size 5,10003769,False,Jessica McClintock,Skirt,59.99,5
2026-03-06 12:46:07,2026-03-06,12,3,Friday,10,416,1.0,12.99,1.20158,14.19158,BrassBracelettrio,10006151,False,Unknown,Top,12.99,
2026-03-06 12:17:39,2026-03-06,12,3,Friday,10,415,1.0,39.99,3.69908,43.68908,Nick&Mo Prp&Blk Square Coat/Size XL,10004740,False,Nick X Mo,Jacket/Coat,39.99,XL
2026-03-05 16:02:00,2026-03-05,16,3,Thursday,10,414,1.0,24.99,2.31158,27.30158,Venezia Brown Tank / Size 14,10005849,False,Venezia Jeans,Top,24.99,14
2026-03-05 15:37:35,2026-03-05,15,3,Thursday,10,413,1.0,31.99,2.95908,34.94908,Zara Green Longsleeve Dress NWT / Size XS,10004637,False,Zara NWT,Dress,31.99,XS
2026-03-05 15:37:35,2026-03-05,15,3,Thursday,10,413,1.0,45.99,4.25408,50.24408,LiuJo/PurpKnitDress/SizeS,10005415,False,Liu Jo,Dress,45.99,S
2026-03-05 15:37:35,2026-03-05,15,3,Thursday,10,413,1.0,25.99,2.40408,28.39408,Miss Sixty Tube Top Black Green Velvet / Size S,10005262,False,Miss Sixty,Top,25.99,S
2026-03-05 15:37:35,2026-03-05,15,3,Thursday,10,413,1.0,28.99,2.68158,31.67158,MissSelfridge/ Velvet Wrap Top/ Pnk/ Size S,10005184,False,Miss Selfridge,Top,28.99,S
2026-03-05 15:33:01,2026-03-05,15,3,Thursday,10,412,1.0,21.99,2.03408,24.02408,Forever 21 Blue Satin Skirt / Size S,10005541,False,Forever 21,Skirt,21.99,S
2026-03-05 15:33:01,2026-03-05,15,3,Thursday,10,412,1.0,34.99,3.23658,38.22658,Black Jean Strapless Denim Dress / Size XS,10005535,False,Unknown,Dress,34.99,XS
2026-03-05 14:38:32,2026-03-05,14,3,Thursday,10,411,1.0,10.99,1.01658,12.00658,unknown/hat/brgndy,10005481,False,Unknown,Accessories,10.99,
2026-03-05 14:37:41,2026-03-05,14,3,Thursday,10,410,1.0,17.99,1.66408,19.65408,Unknown White Slip Dress Size S,10003421,False,Unknown,Dress,17.99,S
2026-03-04 19:55:03,2026-03-04,19,3,Wednesday,10,409,1.0,15.99,1.47908,17.46908,Mountain Graphic Tshirt / Size S,10004085,False,,Top,15.99,S
2026-03-04 19:49:12,2026-03-04,19,3,Wednesday,10,408,1.0,25.99,2.40408,28.39408,sonoma/hat/blk,10005484,False,Sonoma,Accessories,25.99,
2026-03-04 18:51:32,2026-03-04,18,3,Wednesday,10,407,1.0,18.99,1.75658,20.74658,M&M/Strplss Dress/ Grn&Blk/ Size XL,10005175,False,M&M,Dress,18.99,XL
2026-03-04 18:49:57,2026-03-04,18,3,Wednesday,10,406,1.0,13.99,1.29408,15.28408,Neon Yellow See-through tshirt / Size L,10004832,False,Unknown,Top,13.99,L
2026-03-04 18:49:57,2026-03-04,18,3,Wednesday,10,406,1.0,15.99,1.47908,17.46908,JO COBodysuit_An / Black / S / 15.43,10002875,False,Jo Co,Top,15.99,
2026-03-04 17:42:54,2026-03-04,17,3,Wednesday,10,405,1.0,55.0,5.0875,60.0875,Wire Purse,10006253,False,Unknown,Accessories,55.0,
2026-03-04 15:36:27,2026-03-04,15,3,Wednesday,10,404,1.0,23.99,2.21908,26.20908,Frankie&Johnny Mhgny Purse,10004059,False,Frankie X Johnny,Accessories,23.99,
2026-03-04 15:36:27,2026-03-04,15,3,Wednesday,10,404,1.0,125.0,11.5625,136.5625,CoachPurse_Cx / White & Black / OSFA / abc,10003129,False,Coach,Accessories,125.0,
2026-03-04 15:25:43,2026-03-04,15,3,Wednesday,10,403,1.0,15.99,1.47908,17.46908,Otto Baseball Hat,10005687,False,Otto,Accessories,15.99,
2026-03-04 15:21:13,2026-03-04,15,3,Wednesday,10,402,1.0,15.99,1.47908,17.46908,Twine Braided Belt,10003712,False,Unknown,Accessories,15.99,
2026-03-04 15:13:02,2026-03-04,15,3,Wednesday,10,401,1.0,24.99,2.31158,27.30158,Apt 9 Brown Cami / Size L,10003933,False,Apt 9 Essentials,Top,24.99,L
2026-03-04 15:13:02,2026-03-04,15,3,Wednesday,10,401,1.0,21.99,2.03408,24.02408,Kimchi Blue Floral Halter Dress / Size S,10005871,False,Kimchi Blue,Dress,21.99,S
2026-03-04 15:12:17,2026-03-04,15,3,Wednesday,10,400,1.0,29.99,2.77408,32.76408,The Limited Dark Gray Dot Blazer / Size XS,10005019,False,The Limited,Jacket/Coat,29.99,XS
2026-03-04 15:12:17,2026-03-04,15,3,Wednesday,10,400,1.0,18.99,1.75658,20.74658,Daisy Fuentes Brown Buckle Capri / Size 8,10005103,False,Daisy Fuentes,Other,18.99,8
2026-03-04 15:10:41,2026-03-04,15,3,Wednesday,10,399,1.0,15.99,1.47908,17.46908,Unknown Red Top/ Size S,10005247,False,Unknown,Top,15.99,S
2026-03-04 15:10:41,2026-03-04,15,3,Wednesday,10,399,1.0,15.99,1.47908,17.46908,TheSak/Grn&BlueBag,10003595,False,The Sak,Accessories,15.99,
2026-03-04 15:08:06,2026-03-04,15,3,Wednesday,10,398,1.0,25.99,2.40408,28.39408,Coldwater Creek Pants Orange Size 6,10003513,False,Coldwater Creek,Jeans/Pants,25.99,6
2026-03-04 13:41:12,2026-03-04,13,3,Wednesday,10,397,1.0,145.99,13.50408,159.49408,VINTAGE Coach Legacy Tote,10005854,False,Coach,Accessories,145.99,
2026-03-04 12:52:04,2026-03-04,12,3,Wednesday,10,396,1.0,22.99,2.12658,25.11658,Hooters Tank / Black & Orange / S / abc,10003312,False,Hooters,Top,22.99,
2026-03-01 17:53:57,2026-03-01,17,3,Sunday,9,395,1.0,18.99,1.75658,20.74658,delicates/nght gwn/pink/s,10003672,False,Delicates,Other,18.99,S
2026-03-01 17:53:57,2026-03-01,17,3,Sunday,9,395,1.0,22.99,2.12658,25.11658,VanillaStar/BlackMiniSkirt/Size25,10004869,False,Vanilla Star,Skirt,22.99,25
2026-03-01 17:53:57,2026-03-01,17,3,Sunday,9,395,1.0,24.99,2.31158,27.30158,Guess Jeans Green Tank / Size S,10005953,False,Guess Jeans,Jeans/Pants,24.99,S
2026-03-01 17:53:57,2026-03-01,17,3,Sunday,9,395,1.0,16.99,1.57158,18.56158,Adonna Slip Dress Black Size S,10003474,False,Adonna,Dress,16.99,S
2026-03-01 17:34:20,2026-03-01,17,3,Sunday,9,394,1.0,18.99,1.75658,20.74658,Haeof Black Long Skirt / Size S,10005908,False,Haeof,Skirt,18.99,S
2026-03-01 17:34:20,2026-03-01,17,3,Sunday,9,394,1.0,130.0,12.025,142.025,Vintage Graphic Tunic/Black/Size M,10004173,False,Miss Sixty,Other,130.0,M
2026-03-01 17:09:05,2026-03-01,17,3,Sunday,9,393,1.0,24.99,2.31158,27.30158,EtceteraVest_Wa / Black X White / 8 / 12.81,10002351,False,Etcetera,Top,24.99,
2026-03-01 17:08:00,2026-03-01,17,3,Sunday,9,392,1.0,15.99,1.47908,17.46908,Braided Leather Belt,10003704,False,Unknown,Accessories,15.99,
2026-03-01 17:08:00,2026-03-01,17,3,Sunday,9,392,1.0,9.99,0.92408,10.91408,Ariat/MulticolBelt/SizeM,10004411,False,Ariat,Accessories,9.99,M
2026-03-01 17:08:00,2026-03-01,17,3,Sunday,9,392,1.0,125.0,11.5625,136.5625,Scully/Blk&BlueFringeJacket/SizeS,10004908,False,Scully,Jacket/Coat,125.0,S
2026-03-01 16:54:38,2026-03-01,16,3,Sunday,9,391,1.0,12.99,1.20158,14.19158,BR Orange Belt/Size M,10004066,False,Banana Republic,Accessories,12.99,M
2026-03-01 16:17:37,2026-03-01,16,3,Sunday,9,390,1.0,24.99,2.31158,27.30158,BlankNYC Tan Suede Zip Up Jacket,10005194,False,Blank NYC,Jacket/Coat,24.99,
2026-03-01 16:11:16,2026-03-01,16,3,Sunday,9,389,1.0,32.99,3.05158,36.04158,Colleen L Brown Long Pleather Coat / Size XXXL,10004808,False,Colleen Lopez,Jacket/Coat,32.99,XXXL
2026-03-01 16:11:16,2026-03-01,16,3,Sunday,9,389,1.0,13.5,1.24875,14.74875,Dark Brown Waist Belt Silver Circle Lock,10004564,False,,Accessories,13.5,
2026-03-01 16:08:23,2026-03-01,16,3,Sunday,9,388,1.0,175.0,16.1875,191.1875,Desigual Blue Multicolor Coat / Size 40,10005740,False,Desigual,Jacket/Coat,175.0,40
2026-03-01 15:57:06,2026-03-01,15,3,Sunday,9,387,1.0,25.99,2.40408,28.39408,vintage coach/purse/green,10005857,False,Coach,Accessories,25.99,
2026-03-01 15:56:27,2026-03-01,15,3,Sunday,9,386,1.0,150.0,13.875,163.875,black long jacket,10006231,False,Desigual,Jacket/Coat,150.0,
2026-03-01 15:56:27,2026-03-01,15,3,Sunday,9,386,1.0,24.99,2.31158,27.30158,Chicos/BluePatternCard/Size3,10006010,False,Chico's,Other,24.99,3
2026-03-01 15:23:46,2026-03-01,15,3,Sunday,9,385,1.0,250.0,23.125,273.125,CoachMiniEdiewStudsBlack,10003650,False,Coach,Other,250.0,
2026-03-01 15:23:46,2026-03-01,15,3,Sunday,9,385,1.0,18.99,1.75658,20.74658,CharlotteRusse/ Halter Top/ Prple&Gry/ Size S,10005178,False,Charlotte Russe,Top,18.99,S
2026-03-01 15:23:46,2026-03-01,15,3,Sunday,9,385,1.0,22.99,2.12658,25.11658,Tezenis Blue Brown Lace Pattern Tank / Size S,10004958,False,Tezenis,Top,22.99,S
2026-03-01 13:02:14,2026-03-01,13,3,Sunday,9,384,1.0,18.99,1.75658,20.74658,Forever21/ Aztec Skirt/ Blk&Pnk/ Size S,10005166,False,Forever21,Skirt,18.99,S
2026-03-01 13:02:14,2026-03-01,13,3,Sunday,9,384,1.0,18.99,1.75658,20.74658,windsor/bodysuit/blk/m,10004672,False,Windsor,Top,18.99,M
2026-03-01 12:48:00,2026-03-01,12,3,Sunday,9,383,1.0,16.99,1.57158,18.56158,WHBM/ Slvlss Trtlnck/ Bl&Blk/ Size S,10005044,False,White House Black Market,Top,16.99,S
2026-03-01 12:48:00,2026-03-01,12,3,Sunday,9,383,1.0,22.99,2.12658,25.11658,NineWest/PnkTieDress/SizeS,10006102,False,Nine West,Dress,22.99,S
2026-03-01 12:36:39,2026-03-01,12,3,Sunday,9,382,1.0,15.99,1.47908,17.46908,ExpressTank Top_Ju / Black / S / 13.55,10002499,False,Express,Top,15.99,
2026-03-01 12:33:20,2026-03-01,12,3,Sunday,9,381,1.0,18.99,1.75658,20.74658,White Jean Mini w/ Metal Button/ Size L,10005039,True,Unknown,Jeans/Pants,18.99,L
2026-03-01 12:33:20,2026-03-01,12,3,Sunday,9,381,1.0,22.99,2.12658,25.11658,BKE Boutique/ Knit Shawl/ Wht/ Size M,10005437,True,BKE Boutique,Sweater/Cardigan,22.99,M
2026-03-01 12:32:10,2026-03-01,12,3,Sunday,9,380,1.0,35.99,3.32908,39.31908,JouJou Brown Pleather Jacket / Size M,10004799,False,JouJou,Jacket/Coat,35.99,M
2026-03-01 12:31:41,2026-03-01,12,3,Sunday,9,379,1.0,15.99,1.47908,17.46908,FP Beach Black Mini Skirt / Size M,10005907,False,FP Beach,Skirt,15.99,M
2026-03-01 12:31:41,2026-03-01,12,3,Sunday,9,379,1.0,14.99,1.38658,16.37658,unknown/belt/dark leather,10005858,False,Unknown,Accessories,14.99,
2026-03-01 12:31:02,2026-03-01,12,3,Sunday,9,378,1.0,24.99,2.31158,27.30158,WHBM/ Polka Top/ Bl&Blk/ Size M,10005049,False,White House Black Market,Top,24.99,M
2026-03-01 11:36:16,2026-03-01,11,3,Sunday,9,377,1.0,21.99,2.03408,24.02408,LiseC/BluelaceCami/SizeXS,10006099,False,Lise Charmel,Top,21.99,XS
2026-02-28 19:35:48,2026-02-28,19,2,Saturday,9,376,1.0,30.99,2.86658,33.85658,Cece Pink Ruffle Blouse / Size XS,10004578,False,Cece,Top,30.99,XS
2026-02-28 19:24:51,2026-02-28,19,2,Saturday,9,375,1.0,25.99,2.40408,28.39408,Wrap Around Tan Skirt/Size M,10003717,False,Unknown,Skirt,25.99,M
2026-02-28 19:17:25,2026-02-28,19,2,Saturday,9,374,1.0,18.99,1.75658,20.74658,croftandbarrow/purse/multicolor,10005856,False,Croft X Barrow,Accessories,18.99,
2026-02-28 17:52:05,2026-02-28,17,2,Saturday,9,373,1.0,9.99,0.92408,10.91408,BlkFauxLeatherBelt,10004413,False,Unknown,Accessories,9.99,
2026-02-28 17:48:36,2026-02-28,17,2,Saturday,9,372,1.0,25.99,2.40408,28.39408,Love TreeJacket_St / Green / S / 14.54,10002697,False,Love Tree,Jacket/Coat,25.99,
2026-02-28 17:48:36,2026-02-28,17,2,Saturday,9,372,1.0,18.99,1.75658,20.74658,Cable Gauge Tan SL Embroider / Size S,10005018,False,Cable X Gauge,Other,18.99,S
2026-02-28 17:48:36,2026-02-28,17,2,Saturday,9,372,1.0,18.99,1.75658,20.74658,Hollister Camo Pants / Size 29,10005123,False,Hollister,Jeans/Pants,18.99,29
2026-02-28 17:48:36,2026-02-28,17,2,Saturday,9,372,1.0,21.99,2.03408,24.02408,Domain Blue Jeans / Size 5,10003806,False,Domaine,Jeans/Pants,21.99,5
2026-02-28 17:45:30,2026-02-28,17,2,Saturday,9,371,1.0,10.99,1.01658,12.00658,Christopher & Banks Beige Tank / Size L,10005709,False,Christopher & Banks,Top,10.99,L
2026-02-28 17:44:43,2026-02-28,17,2,Saturday,9,370,1.0,32.99,3.05158,36.04158,VintageWhiPant/SizeS,10006131,False,Unknown,Jeans/Pants,32.99,S
2026-02-28 17:43:27,2026-02-28,17,2,Saturday,9,369,1.0,18.99,1.75658,20.74658,CalvinK/PinkTop/SizeXL,10006047,False,Calvin Klein,Other,18.99,XL
2026-02-28 17:43:27,2026-02-28,17,2,Saturday,9,369,1.0,25.99,2.40408,28.39408,JM Collection Green Shirt/Size 2X,10005234,False,JM Collection,Top,25.99,2
2026-02-28 17:32:20,2026-02-28,17,2,Saturday,9,368,1.0,28.99,2.68158,31.67158,Coach/Tan&BlkFlat/Size7,10005407,True,Coach,Shoes,28.99,7
2026-02-28 17:17:38,2026-02-28,17,2,Saturday,9,367,1.0,19.99,1.84908,21.83908,Pashina Green Silk Scarf,10005557,False,Pashmina,Accessories,19.99,
2026-02-28 17:16:52,2026-02-28,17,2,Saturday,9,366,1.0,32.99,3.05158,36.04158,LCW/dess/denim/XL,10005815,False,LCW jeans,Jeans/Pants,32.99,XL
2026-02-28 16:42:56,2026-02-28,16,2,Saturday,9,365,1.0,32.99,3.05158,36.04158,V Cristina Embroidered Jeans / Size 8,10005904,False,V Cristina,Jeans/Pants,32.99,8
2026-02-28 16:33:19,2026-02-28,16,2,Saturday,9,364,1.0,32.99,3.05158,36.04158,Axes Brown Pleated Plaid Skirt / Size M,10005125,True,Axes,Skirt,32.99,M
2026-02-28 15:59:59,2026-02-28,15,2,Saturday,9,363,1.0,28.99,2.68158,31.67158,Zara/Pink&WhDress/SizeM,10004383,False,Zara,Dress,28.99,M
2026-02-28 15:59:59,2026-02-28,15,2,Saturday,9,363,1.0,22.99,2.12658,25.11658,Mable/BrntOrangeTop/SizeS,10006055,False,Mable,Other,22.99,S
2026-02-28 15:49:54,2026-02-28,15,2,Saturday,9,362,1.0,21.99,2.03408,24.02408,FrancoS/BllLoafer/Size9,10005408,True,Franco Sarto,Shoes,21.99,9
2026-02-28 15:40:45,2026-02-28,15,2,Saturday,9,361,1.0,24.99,2.31158,27.30158,rue21/b tank/red/m,10005393,False,Rue 21,Top,24.99,M
2026-02-28 15:19:57,2026-02-28,15,2,Saturday,9,360,1.0,18.99,1.75658,20.74658,unknown/belt/pnk&brwn,10005811,False,Unknown,Accessories,18.99,
2026-02-28 14:54:28,2026-02-28,14,2,Saturday,9,359,1.0,45.0,4.1625,49.1625,Dooney & B Small Navy Blue Wristlet Tan Strap,10004554,False,Dooney & Burke,Other,45.0,
2026-02-28 14:22:07,2026-02-28,14,2,Saturday,9,358,1.0,28.99,2.68158,31.67158,Purple Flowers Bustier White Mesh / Size XXL,10004543,False,,Other,28.99,XXL
2026-02-28 14:15:47,2026-02-28,14,2,Saturday,9,357,1.0,25.99,2.40408,28.39408,PepperMayoNWT/Jean Halter/Size M,10004433,False,Peppermayo NWT,Jeans/Pants,25.99,M
2026-02-28 14:15:47,2026-02-28,14,2,Saturday,9,357,1.0,12.99,1.20158,14.19158,urbn/crp tp/rd/sp,10004875,False,Urban Outfitters,Other,12.99,
2026-02-28 14:15:47,2026-02-28,14,2,Saturday,9,357,1.0,15.99,1.47908,17.46908,GreyCrochetTankTop/SizeS,10004900,False,Unknown,Top,15.99,S
2026-02-28 14:14:29,2026-02-28,14,2,Saturday,9,356,1.0,21.99,2.03408,24.02408,BishopY/PinkSleevlessBlouse/SizeS,10005286,False,Bishop X Young,Top,21.99,S
2026-02-28 14:14:29,2026-02-28,14,2,Saturday,9,356,1.0,22.99,2.12658,25.11658,Lauren Conrad Black Uni Top/Size M,10005827,False,Lauren Conrad,Top,22.99,M
2026-02-28 14:01:46,2026-02-28,14,2,Saturday,9,355,1.0,24.99,2.31158,27.30158,MilkXH/LemonBttnDwnTop/SizeXL,10005470,False,Milk X Honey,Other,24.99,XL
2026-02-28 13:49:22,2026-02-28,13,2,Saturday,9,354,1.0,59.99,5.54908,65.53908,Cali 1850 Bluejeans Size 6,10003441,False,Cali 1850,Jeans/Pants,59.99,6
2026-02-28 13:18:18,2026-02-28,13,2,Saturday,9,353,1.0,55.99,5.17908,61.16908,NWT Lady Black Tie Blush Pink Dress / Size 14,10005736,False,Lady Black Tie,Dress,55.99,14
2026-02-28 13:18:18,2026-02-28,13,2,Saturday,9,353,1.0,22.99,2.12658,25.11658,WHBM/Blk&whiKnit/SizeM,10006050,False,White House Black Market,Sweater/Cardigan,22.99,M
2026-02-28 13:05:28,2026-02-28,13,2,Saturday,9,352,1.0,15.99,1.47908,17.46908,White Embroidered Tank w Tassel / Size S,10005847,False,Unknown,Top,15.99,S
2026-02-28 13:05:28,2026-02-28,13,2,Saturday,9,352,1.0,18.99,1.75658,20.74658,Sugar Moon/Swe/Beige Floral/S,10003607,False,Sugar Moon,Other,18.99,S
2026-02-28 13:03:32,2026-02-28,13,2,Saturday,9,351,1.0,28.99,2.68158,31.67158,ventilo la colline/bls/prp/8,10005359,False,Ventilo La Colline,Top,28.99,8
2026-02-28 12:50:34,2026-02-28,12,2,Saturday,9,350,1.0,24.99,2.31158,27.30158,Harve B & W Jacket / Size 12,10004339,False,Harve Benard,Jacket/Coat,24.99,12
2026-02-28 12:04:07,2026-02-28,12,2,Saturday,9,349,1.0,28.99,2.68158,31.67158,Heart Soul Pink Ruffle Tank / Size M,10005749,False,Heart Soul,Top,28.99,M
2026-02-28 11:59:47,2026-02-28,11,2,Saturday,9,348,1.0,14.99,1.38658,16.37658,D&Y/hat/plad,10005861,True,D&Y,Accessories,14.99,
2026-02-28 11:59:47,2026-02-28,11,2,Saturday,9,348,1.0,25.99,2.40408,28.39408,Timeson NWT White Pink Floral QS,10004770,True,Timeson,Other,25.99,
2026-02-28 11:59:47,2026-02-28,11,2,Saturday,9,348,1.0,25.99,2.40408,28.39408,PerUna/MulticolBttnDwn/Size10,10005422,True,Per una,Other,25.99,10
2026-02-28 11:55:04,2026-02-28,11,2,Saturday,9,347,1.0,25.99,2.40408,28.39408,and Andrea Off White Top/Real Size XXL,10005369,True,and Andrea,Top,25.99,XXL
2026-02-28 11:54:07,2026-02-28,11,2,Saturday,9,346,1.0,24.99,2.31158,27.30158,LushNWT/Navy&RedBlouse/SizeS,10005331,False,Lush,Top,24.99,S
2026-02-28 11:54:07,2026-02-28,11,2,Saturday,9,346,1.0,23.99,2.21908,26.20908,AFRM Black Sheer Floral SS / Size XS,10005189,False,Afrm,Top,23.99,XS
2026-02-28 11:54:07,2026-02-28,11,2,Saturday,9,346,1.0,24.99,2.31158,27.30158,Zara/ Tie Top/ Blk/ Size XS,10005161,False,Zara,Top,24.99,XS
2026-02-28 11:54:07,2026-02-28,11,2,Saturday,9,346,1.0,24.99,2.31158,27.30158,Zara Hot Pink Sweater / Size S,10005883,False,Zara,Sweater/Cardigan,24.99,S
2026-02-28 11:54:07,2026-02-28,11,2,Saturday,9,346,1.0,28.99,2.68158,31.67158,Coincidence & C Black Sweater Pink Flw / Size S,10005931,False,Coincidence & Change,Sweater/Cardigan,28.99,S
2026-02-28 11:54:07,2026-02-28,11,2,Saturday,9,346,1.0,22.99,2.12658,25.11658,Zara Tr Black Plaid ShortSleeve / Size S,10003788,False,Zara Trafaluc,Shorts,22.99,S
2026-02-28 11:20:49,2026-02-28,11,2,Saturday,9,345,1.0,32.99,3.05158,36.04158,Etc Gray Skirt Pink Beading / Size 4,10004964,False,Etcetera,Skirt,32.99,4
2026-02-28 11:20:49,2026-02-28,11,2,Saturday,9,345,1.0,27.99,2.58908,30.57908,Loft Pink Shortsleeve Shirt / Size XS,10004205,False,Loft NWT,Shorts,27.99,XS
2026-02-27 19:12:16,2026-02-27,19,2,Friday,9,344,1.0,31.99,2.95908,34.94908,Das Beste Pink Sweater / Size M,10005878,True,Das Beste aus Wolle,Sweater/Cardigan,31.99,M
2026-02-27 19:12:16,2026-02-27,19,2,Friday,9,344,1.0,22.99,2.12658,25.11658,Iris Pink Satin Embroidered Jacket / Size L,10005935,True,Iris Los Angeles,Jacket/Coat,22.99,L
2026-02-27 19:12:16,2026-02-27,19,2,Friday,9,344,1.0,23.99,2.21908,26.20908,BananaRepublic Blk Coat/Size M,10004280,True,Banana Republic,Jacket/Coat,23.99,M
2026-02-27 19:12:16,2026-02-27,19,2,Friday,9,344,1.0,19.99,1.84908,21.83908,AlexMarie/BlkHeeledFlats/Size9M,10004378,True,Alex Marie,Shoes,19.99,9
2026-02-27 18:17:57,2026-02-27,18,2,Friday,9,343,1.0,31.99,2.95908,34.94908,Adam Levine Faux Leather Floral Jacket / Size S,10003871,False,Adam Levine,Jacket/Coat,31.99,S
2026-02-27 18:02:52,2026-02-27,18,2,Friday,9,342,1.0,8.99,0.83158,9.82158,Wild Honey Black Pleather Crop Top / Size M,10005255,False,Wild Honey,Top,8.99,M
2026-02-27 16:03:23,2026-02-27,16,2,Friday,9,341,1.0,10.0,0.925,10.925,Tony Lama Leather Brown Stitch Belt,10004565,False,Tony Lama,Accessories,10.0,
2026-02-27 15:36:56,2026-02-27,15,2,Friday,9,340,1.0,35.99,3.32908,39.31908,LTDL/Pink&prpSweater/SizeS,10004652,False,Les Tricots De Lea,Sweater/Cardigan,35.99,S
2026-02-27 14:37:14,2026-02-27,14,2,Friday,9,339,1.0,44.99,4.16158,49.15158,Polo US Open Sweatshirt / Size XL,10003809,False,Polo Ralph Lauren,Top,44.99,XL
2026-02-27 14:36:26,2026-02-27,14,2,Friday,9,338,1.0,15.99,1.47908,17.46908,unknown/belt/silver metal,10005860,False,Unknown,Accessories,15.99,
2026-02-27 14:34:29,2026-02-27,14,2,Friday,9,337,1.0,15.99,1.47908,17.46908,lovetreedenim/top/dnm/s,10004894,False,Love Tree,Jeans/Pants,15.99,S
2026-02-27 14:34:29,2026-02-27,14,2,Friday,9,337,1.0,19.99,1.84908,21.83908,Susie Collection Black Bellsleeve / Size L,10005002,False,Susie Collection,Top,19.99,L
2026-02-27 14:34:29,2026-02-27,14,2,Friday,9,337,1.0,37.99,3.51408,41.50408,Madwell Skinny Jean/Size 4,10003827,False,Madwell,Jeans/Pants,37.99,4
2026-02-27 14:34:29,2026-02-27,14,2,Friday,9,337,1.0,44.99,4.16158,49.15158,Baby Pink Cowgirl Boots / Size 9,10003764,False,,Shoes,44.99,9
2026-02-27 14:34:29,2026-02-27,14,2,Friday,9,337,1.0,39.99,3.69908,43.68908,Trench Italian Boot Blk/Size 7,10004073,False,Trench,Jacket/Coat,39.99,7
2026-02-26 18:55:26,2026-02-26,18,2,Thursday,9,336,1.0,24.99,2.31158,27.30158,10003884,10005996,False,,Other,24.99,
2026-02-26 18:48:28,2026-02-26,18,2,Thursday,9,335,1.0,13.99,1.29408,15.28408,Ambrose/LeatherAnkleBoots/Size8,10004377,False,Ambrose,Shoes,13.99,8
2026-02-26 18:06:38,2026-02-26,18,2,Thursday,9,334,1.0,19.99,1.84908,21.83908,BDG Pink Cords Size 4,10004021,False,Bog,Other,19.99,4
2026-02-26 14:43:53,2026-02-26,14,2,Thursday,9,333,1.0,14.99,1.38658,16.37658,H & M Black Crop Top SL White Embroidery / Size S,10005274,False,H X M,Top,14.99,S
2026-02-26 14:43:53,2026-02-26,14,2,Thursday,9,333,1.0,12.99,1.20158,14.19158,Fox Brand Belt Black,10003404,False,Fox,Accessories,12.99,
2026-02-26 14:43:53,2026-02-26,14,2,Thursday,9,333,1.0,39.99,3.69908,43.68908,Hanes (collector item)Tee Shirt_Za / Black / S / 13.42,10002474,False,Hanes (collector item),Top,39.99,
2026-02-26 14:43:53,2026-02-26,14,2,Thursday,9,333,1.0,21.99,2.03408,24.02408,Intimissimi Black Cami w Lace / Size S,10005926,False,Intimissimi,Top,21.99,S
2026-02-26 14:43:53,2026-02-26,14,2,Thursday,9,333,1.0,19.99,1.84908,21.83908,Adora Tie Top Black/Size M,10009798,False,Adora,Top,19.99,M
2026-02-26 14:43:53,2026-02-26,14,2,Thursday,9,333,1.0,31.99,2.95908,34.94908,Lila & Sophie NWT Black Pants w Sequins/Size 4,10009806,False,Lila & Sophie,Jeans/Pants,31.99,4
2026-02-26 14:43:53,2026-02-26,14,2,Thursday,9,333,1.0,14.99,1.38658,16.37658,Black Tank / Size M,10005192,False,Unknown,Top,14.99,M
2026-02-26 14:37:43,2026-02-26,14,2,Thursday,9,332,1.0,32.99,3.05158,36.04158,Petal & Pup Red Dress,10005235,False,Petal X Pup,Dress,32.99,
2026-02-26 14:18:11,2026-02-26,14,2,Thursday,9,4,1.0,45.99,4.25408,50.24408,Another Label Orange & Black Jacket / Size S,10005701,False,Another Label,Jacket/Coat,45.99,S
2026-02-26 14:18:11,2026-02-26,14,2,Thursday,9,4,1.0,31.99,2.95908,34.94908,Joe's Bluejeans Size S,10003527,False,,Jeans/Pants,31.99,S
2026-02-25 14:04:19,2026-02-25,14,2,Wednesday,9,331,1.0,32.99,3.05158,36.04158,Black floral shirt,10005901,False,,Top,32.99,
2026-02-25 14:04:19,2026-02-25,14,2,Wednesday,9,331,1.0,32.99,3.05158,36.04158,Vince camuto,10005902,False,,Other,32.99,
2026-02-25 14:04:19,2026-02-25,14,2,Wednesday,9,331,1.0,24.99,2.31158,27.30158,Yang Pao Pao Black Pants w Birds / Size M,10005528,False,Yang Pao Pao,Jeans/Pants,24.99,M
2026-02-25 13:59:36,2026-02-25,13,2,Wednesday,9,330,1.0,22.99,2.12658,25.11658,Sweater,10005899,True,,Sweater/Cardigan,22.99,
2026-02-25 13:59:36,2026-02-25,13,2,Wednesday,9,330,1.0,13.99,1.29408,15.28408,10005204,10005900,True,,Other,13.99,
2026-02-22 16:59:59,2026-02-22,16,2,Sunday,8,329,1.0,22.99,2.12658,25.11658,VintageCrossR/RedStripedShirt/SizeXL,10004855,False,CrossRoads,Top,22.99,XL
2026-02-22 16:59:59,2026-02-22,16,2,Sunday,8,329,1.0,12.99,1.20158,14.19158,Silver Circlet Waistbelt,10003714,False,,Accessories,12.99,
2026-02-22 16:59:59,2026-02-22,16,2,Sunday,8,329,1.0,19.99,1.84908,21.83908,Cream Lace Scarf OS,10004055,False,Unknown,Accessories,19.99,
2026-02-22 16:46:39,2026-02-22,16,2,Sunday,8,328,1.0,15.99,1.47908,17.46908,UniThread/BlackOverall/Size6,10005793,False,Universal Thread,Other,15.99,6
2026-02-22 14:49:02,2026-02-22,14,2,Sunday,8,327,1.0,28.99,2.68158,31.67158,NWTMM/Pink&OrangeTop/SizeS,10005456,False,Michelle Mcdowell,Other,28.99,S
2026-02-22 13:10:25,2026-02-22,13,2,Sunday,8,326,1.0,25.99,2.40408,28.39408,Betsy Johnson Burgundy Crochet Dress / Size M,10004087,False,Betsey Johnson,Dress,25.99,M
2026-02-22 13:08:55,2026-02-22,13,2,Sunday,8,325,1.0,12.99,1.20158,14.19158,Rumwe Brown Tank W Pink Butterflies/Size S,10005224,False,Rumwe,Top,12.99,S
2026-02-22 13:04:38,2026-02-22,13,2,Sunday,8,324,1.0,15.99,1.47908,17.46908,Wallflower Vintage Collection/swtr/bei blk/m / Beige X Black / M / 14.77,10002744,False,Wallflower Vintage Collection,Sweater/Cardigan,15.99,M
2026-02-22 13:04:38,2026-02-22,13,2,Sunday,8,324,1.0,12.99,1.20158,14.19158,Banana Republic Snake Print Tank Brown/Size XS,10005226,False,,Top,12.99,XS
2026-02-22 13:04:38,2026-02-22,13,2,Sunday,8,324,1.0,12.99,1.20158,14.19158,Abercrombie Floral Tube Top / Size XS,10005308,False,Abercrombie & Fitch,Top,12.99,XS
2026-02-21 19:46:57,2026-02-21,19,2,Saturday,8,323,1.0,75.99,7.02908,83.01908,NWT Red Multicolor Dress / Size M,10004645,True,Unknown,Dress,75.99,M
2026-02-21 19:46:57,2026-02-21,19,2,Saturday,8,323,1.0,37.99,3.51408,41.50408,Loft Black & White Stripe Dress NWT / Size 00,10004204,True,Ann Taylor LOFT,Dress,37.99,00
2026-02-21 19:39:44,2026-02-21,19,2,Saturday,8,322,1.0,13.993,1.29435,15.28735,ExpressSweater_Im / Beige / M / 15.44,10002877,False,Express,Sweater/Cardigan,19.99,
2026-02-21 19:27:20,2026-02-21,19,2,Saturday,8,321,1.0,45.99,4.25408,50.24408,Brahman Brown Leather Purse,10003984,True,Brahman,Accessories,45.99,
2026-02-21 18:52:09,2026-02-21,18,2,Saturday,8,320,1.0,24.99,2.31158,27.30158,Lands End Cardigan Sweater Gray/Size M,10005244,False,Lands End,Sweater/Cardigan,24.99,M
2026-02-21 18:06:46,2026-02-21,18,2,Saturday,8,319,1.0,35.99,3.32908,39.31908,Silver shirt,10005835,True,,Top,35.99,
2026-02-21 18:06:46,2026-02-21,18,2,Saturday,8,319,1.0,34.99,3.23658,38.22658,Escada Pants Black XS,10005682,True,,Jeans/Pants,34.99,
2026-02-21 17:50:16,2026-02-21,17,2,Saturday,8,318,1.0,14.99,1.38658,16.37658,unknown/belt/leather,10005813,True,Unknown,Accessories,14.99,
2026-02-21 17:08:25,2026-02-21,17,2,Saturday,8,317,1.0,24.99,2.31158,27.30158,Coach/PinkPurse,10003648,True,Coach,Accessories,24.99,
2026-02-21 16:26:38,2026-02-21,16,2,Saturday,8,316,1.0,15.99,1.47908,17.46908,Commense/GreenWrapTop/SizeS,10005320,True,Commense NWT,Other,15.99,S
2026-02-21 16:26:38,2026-02-21,16,2,Saturday,8,316,1.0,15.99,1.47908,17.46908,Abercrombie&Finch/ Floral Top/ Size XXS,10005447,True,Abercrombie & Fitch,Top,15.99,XXS
2026-02-21 16:26:38,2026-02-21,16,2,Saturday,8,316,1.0,24.99,2.31158,27.30158,PrettyLittleThing/TanLaceDress/Size4,10005785,True,Pretty Little Thing,Dress,24.99,4
2026-02-21 16:26:38,2026-02-21,16,2,Saturday,8,316,1.0,20.99,1.94158,22.93158,ZION Gry Marley Tee/Size XS,10004123,True,Zion Rootswear,Top,20.99,XS
2026-02-21 16:20:54,2026-02-21,16,2,Saturday,8,315,1.0,22.99,2.12658,25.11658,Alfani/Blue&BlkDress/SizeXXL,10004909,True,Alfani,Dress,22.99,XXL
2026-02-21 16:14:56,2026-02-21,16,2,Saturday,8,314,1.0,7.99,0.73908,8.72908,Harding-Lane Kids Pink Cherry BBall Hat,10005310,False,Harding-Lane,Accessories,7.99,
2026-02-21 16:10:00,2026-02-21,16,2,Saturday,8,313,1.0,24.99,2.31158,27.30158,Juicy C White SS Dress / Size 4,10005200,False,Juicy Couture,Dress,24.99,4
2026-02-21 16:02:16,2026-02-21,16,2,Saturday,8,312,1.0,15.99,1.47908,17.46908,Blue Pink Beaded Baseball Cap,10004233,False,Olive & Qique,Other,15.99,
2026-02-21 15:58:32,2026-02-21,15,2,Saturday,8,311,1.0,16.093,1.4886,17.5816,Billabong Burgundy Fuzzy Sweater / Size M,10004989,False,Billabong,Sweater/Cardigan,22.99,M
2026-02-21 15:56:22,2026-02-21,15,2,Saturday,8,310,1.0,27.99,2.58908,30.57908,IN MULTI,10005825,False,,Other,27.99,
2026-02-21 14:45:35,2026-02-21,14,2,Saturday,8,309,1.0,22.99,2.12658,25.11658,Rima Multi Color Pattern Coverup / Size S,10005276,False,Rima Beachworld,Other,22.99,S
2026-02-21 14:45:35,2026-02-21,14,2,Saturday,8,309,1.0,25.99,2.40408,28.39408,Talbots/ Scallop Pant/ Rd&Wht/ Size 6,10005078,False,Talbots,Jeans/Pants,25.99,6
2026-02-21 14:45:35,2026-02-21,14,2,Saturday,8,309,1.0,32.99,3.05158,36.04158,christian siriano/swtr/red/s,10004693,False,Christian Siriano,Sweater/Cardigan,32.99,S
2026-02-21 14:45:35,2026-02-21,14,2,Saturday,8,309,1.0,22.99,2.12658,25.11658,Cabi Jean Skirt / Size 4,10005711,False,Cabi,Skirt,22.99,4
2026-02-21 14:45:35,2026-02-21,14,2,Saturday,8,309,1.0,21.99,2.03408,24.02408,Saks shirt red,10005810,False,,Top,21.99,
2026-02-21 14:35:43,2026-02-21,14,2,Saturday,8,308,1.0,28.99,2.68158,31.67158,WHBM Burgundy Velvet Pants / Size 4,10005251,False,White House Black Market,Jeans/Pants,28.99,4
2026-02-21 14:35:43,2026-02-21,14,2,Saturday,8,308,1.0,39.99,3.69908,43.68908,VINTAGE Blk&Gld Night Slip/Size M,10003908,False,Unknown,Other,39.99,M
2026-02-21 14:35:43,2026-02-21,14,2,Saturday,8,308,1.0,24.99,2.31158,27.30158,Unknown Tan and Red Sheer Dress / Size M,10004647,False,Unknown,Dress,24.99,M
2026-02-21 13:53:16,2026-02-21,13,2,Saturday,8,307,1.0,19.99,1.84908,21.83908,Jaclyn Smith Black Dressy Tank w Metal Cuff / Size L,10004978,False,Jaclyn Smithxs Studio,Dress,19.99,L
2026-02-21 13:53:16,2026-02-21,13,2,Saturday,8,307,1.0,17.99,1.66408,19.65408,Lily Brown SS Top / Size L,10005654,False,Lily White,Top,17.99,L
2026-02-21 13:53:16,2026-02-21,13,2,Saturday,8,307,1.0,24.99,2.31158,27.30158,AmericanEagle/ Knit Sweater/ Pnk&Orng/ Size M,10005147,False,American Eagle,Sweater/Cardigan,24.99,M
2026-02-21 13:53:16,2026-02-21,13,2,Saturday,8,307,1.0,24.99,2.31158,27.30158,silver and blue bracelet,10005800,False,Unknown,Accessories,24.99,
2026-02-21 13:38:34,2026-02-21,13,2,Saturday,8,306,1.0,25.99,2.40408,28.39408,polo/pullover/grey/m,10003681,False,Polo by Ralph Lauren,Sweater/Cardigan,25.99,M
2026-02-21 13:38:34,2026-02-21,13,2,Saturday,8,306,1.0,19.99,1.84908,21.83908,Cotton EmporiumCardigan_Lu / Green / L / 16.11,10003013,False,Cotton Emporium,Sweater/Cardigan,19.99,
2026-02-21 13:35:15,2026-02-21,13,2,Saturday,8,305,1.0,22.99,2.12658,25.11658,Bebe/BlkBlouse/SizeS,10005412,False,Bebe,Top,22.99,S
2026-02-21 13:31:55,2026-02-21,13,2,Saturday,8,304,1.0,35.99,3.32908,39.31908,Chicos/JeanJacket/Size L,10004299,False,Chicoxs,Jeans/Pants,35.99,L
2026-02-21 13:31:55,2026-02-21,13,2,Saturday,8,304,1.0,12.99,1.20158,14.19158,Black Belt Stitch Design,10003752,False,,Accessories,12.99,
2026-02-21 13:30:18,2026-02-21,13,2,Saturday,8,303,1.0,19.99,1.84908,21.83908,Harley DavidsonTee Shirt_Hdah / Black / XL / abc,10004039,False,Harley Davidson,Top,19.99,
2026-02-21 13:30:18,2026-02-21,13,2,Saturday,8,303,1.0,24.99,2.31158,27.30158,Kori/MulticolBlouse/SizeS,10004917,False,Kori America,Top,24.99,S
2026-02-21 13:29:27,2026-02-21,13,2,Saturday,8,302,1.0,21.99,2.03408,24.02408,AnnTaylor/Pink&WhiLaceTop/Size10,10004935,False,Ann Taylor,Other,21.99,10
2026-02-21 13:29:27,2026-02-21,13,2,Saturday,8,302,1.0,21.99,2.03408,24.02408,TheLimited/BlackLowbackTop/SizeM,10005287,False,The Limited,Other,21.99,M
2026-02-21 13:29:27,2026-02-21,13,2,Saturday,8,302,1.0,18.99,1.75658,20.74658,AnnTLoft/Yellow&GrnTop/SizeMP,10005418,False,Ann Taylor LOFT,Other,18.99,M
2026-02-21 13:28:06,2026-02-21,13,2,Saturday,8,301,1.0,45.99,4.25408,50.24408,Bronze Square-Toe Boot/Size 9,10004248,False,Gianni Bini,Shoes,45.99,9
2026-02-21 13:28:06,2026-02-21,13,2,Saturday,8,301,1.0,25.99,2.40408,28.39408,Jessica Simpson,10005219,False,Jessica Simpson,Top,25.99,
2026-02-21 13:28:06,2026-02-21,13,2,Saturday,8,301,1.0,40.0,3.7,43.7,Blush Lavender Lingerie Romper / Size L,10004540,False,Blush,Romper/Jumpsuit,40.0,L
2026-02-21 13:28:06,2026-02-21,13,2,Saturday,8,301,1.0,32.99,3.05158,36.04158,G Dresses Tan Long Sweater Feather / Size S,10004781,False,G Dresses,Dress,32.99,S
2026-02-21 13:28:06,2026-02-21,13,2,Saturday,8,301,1.0,99.99,9.24908,109.23908,Romeo & Juliet Top Red and Black,10005675,False,,Top,99.99,
2026-02-21 13:28:06,2026-02-21,13,2,Saturday,8,301,1.0,175.0,16.1875,191.1875,Desigual Blue White Longcoat / Size 36,10005741,False,Desigual,Jacket/Coat,175.0,36
2026-02-21 13:28:06,2026-02-21,13,2,Saturday,8,301,1.0,24.99,2.31158,27.30158,Black Leather w gold bullet stud belt_Un / Black / Unknown / 20.200000000000006,10003080,False,Unknown,Accessories,24.99,
2026-02-21 13:28:06,2026-02-21,13,2,Saturday,8,301,1.0,25.99,2.40408,28.39408,PLL/WhiteShellBlouse/Size8,10004922,False,Pretty Little Thing,Top,25.99,8
2026-02-21 13:13:40,2026-02-21,13,2,Saturday,8,300,1.0,85.0,7.8625,92.8625,CoachPurse_Cy / Off-White / OSFA / abc,10003131,False,Coach,Accessories,85.0,
2026-02-21 12:54:17,2026-02-21,12,2,Saturday,8,299,1.0,21.99,2.03408,24.02408,De Mi Loov Cherry Tank / Size M,10004839,False,De Mi Loov,Top,21.99,M
2026-02-21 12:48:29,2026-02-21,12,2,Saturday,8,298,1.0,14.99,1.38658,16.37658,UrbanOutfitters Grn Skirt/Size L,10004511,False,Urban Outfitters,Skirt,14.99,L
2026-02-21 12:42:56,2026-02-21,12,2,Saturday,8,297,1.0,15.0,1.3875,16.3875,Unknown Belt / Brown / Unknown / 20.500000000000007,10003081,False,Unknown,Accessories,15.0,
2026-02-21 12:27:43,2026-02-21,12,2,Saturday,8,296,1.0,19.99,1.84908,21.83908,Trillium Slip Dress Black Size 6,10003393,False,Trillium,Dress,19.99,6
2026-02-21 12:27:43,2026-02-21,12,2,Saturday,8,296,1.0,15.99,1.47908,17.46908,BlackLoopTieBelt,10003597,False,Unknown,Accessories,15.99,
2026-02-21 11:24:12,2026-02-21,11,2,Saturday,8,294,1.0,85.0,7.8625,92.8625,Downey purse,10005797,False,,Accessories,85.0,
2026-02-20 19:17:44,2026-02-20,19,2,Friday,8,293,1.0,18.99,1.75658,20.74658,charlotte russe/tank/grn/xs,10005382,True,Charlotte Russe,Top,18.99,XS
2026-02-20 19:17:44,2026-02-20,19,2,Friday,8,293,1.0,12.99,1.20158,14.19158,10003992,10005796,True,,Other,12.99,
2026-02-20 18:31:57,2026-02-20,18,2,Friday,8,291,1.0,29.99,2.77408,32.76408,Cupcakes and CashmereJacket_GA / Bluejeans / M / 14.56,10002702,False,Cupcakes and Cashmere,Jacket/Coat,29.99,
2026-02-20 18:31:04,2026-02-20,18,2,Friday,8,290,1.0,15.99,1.47908,17.46908,UGG Neck Warmer,10005552,False,Ugg,Other,15.99,
2026-02-20 18:31:04,2026-02-20,18,2,Friday,8,290,1.0,35.99,3.32908,39.31908,Ann Taylor Black Leather Skirt / Size 8,10005716,False,Ann Taylor,Skirt,35.99,8
2026-02-20 18:31:04,2026-02-20,18,2,Friday,8,290,1.0,35.99,3.32908,39.31908,VINTAGE White Sequin Skirt / Size M,10005723,False,Unknown,Skirt,35.99,M
2026-02-20 17:45:26,2026-02-20,17,2,Friday,8,289,1.0,59.99,5.54908,65.53908,Coach Yllw Houndstooth Handbag,10004519,False,Coach,Accessories,59.99,
2026-02-20 17:04:41,2026-02-20,17,2,Friday,8,288,1.0,12.99,1.20158,14.19158,Zara/ SqrNck Crop/ Camel/ Size L,10005141,False,Zara,Other,12.99,L
2026-02-20 14:07:30,2026-02-20,14,2,Friday,8,287,1.0,13.99,1.29408,15.28408,White Crow/ Knot Back/ RdOrng/ Size M,10005084,False,White Crow,Other,13.99,M
2026-02-20 14:07:30,2026-02-20,14,2,Friday,8,287,1.0,15.99,1.47908,17.46908,VictoriaS/BlkcroppedTop/SizeM,10004650,False,Victoriaxs Secret,Other,15.99,M
2026-02-20 14:03:11,2026-02-20,14,2,Friday,8,286,1.0,23.99,2.21908,26.20908,Mudd Cheetah Brown Skirt / Size 11,10004807,False,Mudd,Skirt,23.99,11
2026-02-20 13:13:16,2026-02-20,13,2,Friday,8,285,1.0,17.99,1.66408,19.65408,Gap Black Leather Brass Belt / Size M,10004792,False,Gap,Top,17.99,M
2026-02-20 13:13:16,2026-02-20,13,2,Friday,8,285,1.0,65.0,6.0125,71.0125,Coach Dark Brown Purse Tan Strap,10004553,False,Coach,Accessories,65.0,
2026-02-20 13:09:39,2026-02-20,13,2,Friday,8,284,1.0,13.993,1.29435,15.28735,Moon X MadisonSweater_Dr / Beige / S / 1.41,10000074,False,Moon X Madison,Sweater/Cardigan,19.99,
2026-02-20 12:58:13,2026-02-20,12,2,Friday,8,283,1.0,22.99,2.12658,25.11658,Woven Heart Shawl Black and Floral/Size OS,10004429,False,Unknown,Other,22.99,
2026-02-20 12:58:13,2026-02-20,12,2,Friday,8,283,1.0,32.99,3.05158,36.04158,Tina Stephens Green Knit/Size L,10003688,False,Tina Stephens,Sweater/Cardigan,32.99,L
2026-02-20 12:58:13,2026-02-20,12,2,Friday,8,283,1.0,14.99,1.38658,16.37658,"Metropolitan Multi Color Red, Blk/Size OS",10005579,False,Metropolitan,Other,14.99,
2026-02-20 12:49:10,2026-02-20,12,2,Friday,8,282,1.0,24.99,2.31158,27.30158,THML Black & Orange Blouse / Size S,10005601,False,Thml,Top,24.99,S
2026-02-20 12:49:10,2026-02-20,12,2,Friday,8,282,1.0,39.99,3.69908,43.68908,allsaints/bls/blk/s,10005487,False,Allsaints Spitalfields,Top,39.99,S
2026-02-20 12:19:50,2026-02-20,12,2,Friday,8,281,1.0,24.99,2.31158,27.30158,Calvin Klein Black Dress / Size 12,10004623,False,Calvin Klein,Dress,24.99,12
2026-02-20 12:19:50,2026-02-20,12,2,Friday,8,281,1.0,25.99,2.40408,28.39408,Lace Red Rose Corset/Size L,10003571,False,Lavish,Set,25.99,L
2026-02-20 12:19:50,2026-02-20,12,2,Friday,8,281,1.0,32.99,3.05158,36.04158,Alberto Makali Lace Top Black Size M,10003551,False,Alberto Makali,Top,32.99,M
2026-02-20 12:19:50,2026-02-20,12,2,Friday,8,281,1.0,24.99,2.31158,27.30158,Cara Santana Black Velvet Blazer / Size L,10005548,False,Cara Santana X Nine West,Jacket/Coat,24.99,L
2026-02-20 12:19:50,2026-02-20,12,2,Friday,8,281,1.0,22.99,2.12658,25.11658,Chinese Laundry Red Pumps/Size 1/2,10004261,False,Chinese Laundry,Shoes,22.99,1
2026-02-19 19:11:35,2026-02-19,19,2,Thursday,8,280,1.0,24.99,2.31158,27.30158,Cache Gray Pants Tan Stitch / Size 0,10003849,False,Cache,Jeans/Pants,24.99,0
2026-02-19 19:10:03,2026-02-19,19,2,Thursday,8,279,1.0,27.99,2.58908,30.57908,Sheer Orange Snakeskin LS / Size L,10005519,False,Unknown,Top,27.99,L
2026-02-19 19:10:03,2026-02-19,19,2,Thursday,8,279,1.0,17.493,1.6181,19.1111,Bobbi Brooks Gray Knit SS / Size L,10004757,False,Bobbi Brooks,Sweater/Cardigan,24.99,L
2026-02-19 19:10:03,2026-02-19,19,2,Thursday,8,279,1.0,24.99,2.31158,27.30158,Nic ZoeCardigan_Za / Red X Grey / L / 16.21,10003034,False,Nic Zoe,Sweater/Cardigan,24.99,
2026-02-19 19:10:03,2026-02-19,19,2,Thursday,8,279,1.0,28.99,2.68158,31.67158,Giorgio red shirt,10005720,False,,Top,28.99,
2026-02-19 18:43:03,2026-02-19,18,2,Thursday,8,278,1.0,12.99,1.20158,14.19158,Atamet Black Fringe Vest / Size XL,10005702,False,Atamet,Top,12.99,XL
2026-02-19 18:04:49,2026-02-19,18,2,Thursday,8,277,1.0,84.99,7.86158,92.85158,Ariat Brown and Pink Cowgirl Boots / Size 9,10003780,False,Ariat,Shoes,84.99,9
2026-02-19 16:33:15,2026-02-19,16,2,Thursday,8,276,1.0,18.193,1.68285,19.87585,talbots/sweater/multi purp/sp,10003616,False,Talbots,Sweater/Cardigan,25.99,
2026-02-19 15:27:59,2026-02-19,15,2,Thursday,8,275,1.0,12.99,1.20158,14.19158,Rachel Zoe Orange Satin Tank / Size M,10005273,False,Rachel Zoe,Top,12.99,M
2026-02-19 15:27:59,2026-02-19,15,2,Thursday,8,275,1.0,25.99,2.40408,28.39408,DialogueCoat_Ar / Brown Multi-Color / 6 / 13.7,10002529,False,Dialogue,Jacket/Coat,25.99,
2026-02-19 14:32:21,2026-02-19,14,2,Thursday,8,274,1.0,28.99,2.68158,31.67158,TribeAzure/ Patchwork Pantsuit/Dress/ Size S,10005439,False,Tribe Azure,Dress,28.99,S
2026-02-19 14:32:21,2026-02-19,14,2,Thursday,8,274,1.0,15.99,1.47908,17.46908,Nine/Yllw Flower HndBag,10004074,False,Nine West,Accessories,15.99,
2026-02-19 14:06:31,2026-02-19,14,2,Thursday,8,273,1.0,45.99,4.25408,50.24408,Coach Audrey Tote Seafoam Green,10005052,False,Coach,Accessories,45.99,
2026-02-18 14:44:07,2026-02-18,14,2,Wednesday,8,272,1.0,15.99,1.47908,17.46908,nocona/belt/fur,10004689,False,Nocona,Accessories,15.99,
2026-02-18 14:17:15,2026-02-18,14,2,Wednesday,8,271,1.0,450.0,41.625,491.625,coach/bridget/blk,10003680,True,Coach,Other,450.0,
2026-02-18 12:38:10,2026-02-18,12,2,Wednesday,8,270,1.0,32.99,3.05158,36.04158,Coach Black C Hole Design,10003981,True,,,,
2026-02-18 12:38:10,2026-02-18,12,2,Wednesday,8,270,1.0,135.0,12.4875,147.4875,Pink Coach Crossbody,10004549,True,,,,
2026-02-17 19:42:19,2026-02-17,19,2,Tuesday,8,268,1.0,17.493,1.6181,19.1111,Sincerely Jules Gray Sweater / Size L,10004754,False,,,,
2026-02-17 19:42:19,2026-02-17,19,2,Tuesday,8,268,1.0,25.99,2.40408,28.39408,Missguided White Halter Romper Blue Emb / Size 6,10005540,False,Missguided,Romper/Jumpsuit,25.99,6
2026-02-17 18:25:18,2026-02-17,18,2,Tuesday,8,267,1.0,35.99,3.32908,39.31908,CoteFemme/Grey&PinkDress/Size10,10004605,False,Cote Femme,Dress,35.99,10
2026-02-17 18:14:26,2026-02-17,18,2,Tuesday,8,266,1.0,24.99,2.31158,27.30158,Stradivarius Pale Pink LS / Size M,10004729,False,Stradivarius,Top,24.99,M
2026-02-17 18:12:18,2026-02-17,18,2,Tuesday,8,265,1.0,17.99,1.66408,19.65408,Rock w Black Strap Bracelet / Black & Silver / OSFM / abc,10003240,False,,,,
2026-02-17 13:59:13,2026-02-17,13,2,Tuesday,8,263,1.0,22.99,2.12658,25.11658,Zara Knit Navy Blue & White Hoodie / Size M,10005193,True,,,,
2026-02-17 13:59:13,2026-02-17,13,2,Tuesday,8,263,1.0,10.99,1.01658,12.00658,unknownSS Top_No / Purple / L / 15.11,10002812,True,,,,
2026-02-15 16:47:00,2026-02-15,16,2,Sunday,7,262,1.0,15.99,1.47908,17.46908,Molly Green Bodysuit/Black Floral Multi/M,10004174,False,,,,
2026-02-15 16:47:00,2026-02-15,16,2,Sunday,7,262,1.0,15.99,1.47908,17.46908,StudioYCamisole / Black / S / 13.11,10002412,False,,,,
2026-02-15 15:09:54,2026-02-15,15,2,Sunday,7,261,1.0,29.99,2.77408,32.76408,Amber Wood Accent Heel Boot/Size 7,10003580,False,,,,
2026-02-15 15:09:54,2026-02-15,15,2,Sunday,7,261,1.0,34.9,3.22825,38.12825,Joie Jacket Black & Beige Size XS,10003504,False,,,,
2026-02-15 14:45:10,2026-02-15,14,2,Sunday,7,260,1.0,25.99,2.40408,28.39408,Intimately/BlkDress/SizeS,10005469,False,,,,
2026-02-15 14:44:06,2026-02-15,14,2,Sunday,7,259,1.0,25.99,2.40408,28.39408,LuluTownS/GoldPurse,10003596,True,,,,
2026-02-14 18:28:07,2026-02-14,18,2,Saturday,7,258,1.0,25.99,2.40408,28.39408,Pink Patterned Sheer Cover / Size L,10004806,False,,,,
2026-02-14 18:28:07,2026-02-14,18,2,Saturday,7,258,1.0,15.99,1.47908,17.46908,Brighton Silver Bracelet,10004212,False,,,,
2026-02-14 17:34:56,2026-02-14,17,2,Saturday,7,257,1.0,45.99,4.25408,50.24408,Beige Hooded Sweater / Size S,10004763,False,,,,
2026-02-14 17:34:56,2026-02-14,17,2,Saturday,7,257,1.0,24.99,2.31158,27.30158,BananaR/Yellow&CrmButtonDwn/SizeM,10004868,False,,,,
2026-02-14 17:34:56,2026-02-14,17,2,Saturday,7,257,1.0,22.99,2.12658,25.11658,Body Central Red LS / Size M,10004992,False,,,,
2026-02-14 17:34:56,2026-02-14,17,2,Saturday,7,257,1.0,26.99,2.49658,29.48658,NWT loft/sweater/blk/s,10003676,False,,,,
2026-02-14 17:34:56,2026-02-14,17,2,Saturday,7,257,1.0,24.99,2.31158,27.30158,Altarxd StateSwter_Alt / Blue X White / M / abc,10004046,False,,,,
2026-02-14 17:29:19,2026-02-14,17,2,Saturday,7,256,1.0,22.99,2.12658,25.11658,Vera Bradley Pink/Coral Floral Purse,10003428,False,,,,
2026-02-14 17:29:19,2026-02-14,17,2,Saturday,7,256,1.0,24.99,2.31158,27.30158,ColdwaterCreek/ Slvss Top/ Green/ Size XL,10005159,False,,,,
2026-02-14 17:29:19,2026-02-14,17,2,Saturday,7,256,1.0,24.99,2.31158,27.30158,Duo/Blk&BurgFlowerTop/Size38,10004928,False,,,,
2026-02-14 17:29:19,2026-02-14,17,2,Saturday,7,256,1.0,24.99,2.31158,27.30158,banana republic/swtr/gry/L,10004703,False,,,,
2026-02-14 17:29:19,2026-02-14,17,2,Saturday,7,256,1.0,19.99,1.84908,21.83908,Pnk/Prp Satin Top/Size S,10003923,False,,,,
2026-02-14 15:47:28,2026-02-14,15,2,Saturday,7,254,1.0,75.99,7.02908,83.01908,Unknown Brand Made in Italy Leather Purse,10003431,True,,,,
2026-02-14 15:47:28,2026-02-14,15,2,Saturday,7,254,1.0,35.99,3.32908,39.31908,123Sweater_Bi / Red Multi-Color / L / 11.07,10002003,True,,,,
2026-02-14 15:15:00,2026-02-14,15,2,Saturday,7,253,1.0,16.99,1.57158,18.56158,7 FAMK Black Sleeveless / Size S,10003760,False,,,,
2026-02-14 15:12:00,2026-02-14,15,2,Saturday,7,252,1.0,25.99,2.40408,28.39408,J Crew Beige LS Wrap Around / Size XXS,10005114,False,,,,
2026-02-14 15:08:44,2026-02-14,15,2,Saturday,7,251,1.0,32.99,3.05158,36.04158,Justin Boots / Size 6,10004797,False,,,,
2026-02-14 15:07:11,2026-02-14,15,2,Saturday,7,250,1.0,39.99,3.69908,43.68908,AT Loft Green Multi Color Dress / Size 4,10003867,False,,,,
2026-02-14 15:07:11,2026-02-14,15,2,Saturday,7,250,1.0,22.99,2.12658,25.11658,Urban Outfitters/ Multi Color Print/Size SP,10005211,False,,,,
2026-02-14 14:45:15,2026-02-14,14,2,Saturday,7,249,1.0,36.99,3.42158,40.41158,CopperKey/BlackStrapHeels/Size8,10004315,True,,,,
2026-02-14 14:44:20,2026-02-14,14,2,Saturday,7,248,1.0,25.99,2.40408,28.39408,Emerson Lang Blue Jean Vest / Size XL,10004956,True,,,,
2026-02-14 14:44:20,2026-02-14,14,2,Saturday,7,248,1.0,28.99,2.68158,31.67158,Cole Haan Brown Strap Shoes Size 10,10003327,True,,,,
2026-02-14 14:38:35,2026-02-14,14,2,Saturday,7,247,1.0,21.99,2.03408,24.02408,TommyH/Grey&Red/SizeM,10004495,True,,,,
2026-02-14 14:27:43,2026-02-14,14,2,Saturday,7,246,1.0,65.99,6.10408,72.09408,VintageCristina/YellowFlowerDress/SizeM,10004910,True,,,,
2026-02-14 14:20:37,2026-02-14,14,2,Saturday,7,245,1.0,55.99,5.17908,61.16908,unknown/vest/blk fur/L,10005356,True,,,,
2026-02-14 13:58:49,2026-02-14,13,2,Saturday,7,244,1.0,59.99,5.54908,65.53908,Anthro NWT Black Lace Longsleeve / Size S,10003862,True,,,,
2026-02-14 13:58:49,2026-02-14,13,2,Saturday,7,244,1.0,21.99,2.03408,24.02408,HarleyDbStitch Longsleeve/Size S,10004120,True,,,,
2026-02-14 13:47:28,2026-02-14,13,2,Saturday,7,243,1.0,13.99,1.29408,15.28408,J Crew Blue Polka Dot Tank / Size S,10005275,False,,,,
2026-02-14 13:24:17,2026-02-14,13,2,Saturday,7,242,1.0,21.99,2.03408,24.02408,QUE/ Jewled Tank/ Grn/ Size M,10005089,True,,,,
2026-02-14 13:24:17,2026-02-14,13,2,Saturday,7,242,1.0,20.99,1.94158,22.93158,Orange Kiss Sweatshirt Grey Size XL,10003503,True,,,,
2026-02-14 13:16:15,2026-02-14,13,2,Saturday,7,241,1.0,35.99,3.32908,39.31908,PrestonxYork Tassel Bag,10003722,False,,,,
2026-02-14 13:08:13,2026-02-14,13,2,Saturday,7,240,1.0,45.99,4.25408,50.24408,OscarDR/PinkDress/SizeS,10003605,True,,,,
2026-02-14 13:08:13,2026-02-14,13,2,Saturday,7,240,1.0,23.99,2.21908,26.20908,Zara Black Satin Slip Dress / Size S,10005205,True,,,,
2026-02-14 12:52:44,2026-02-14,12,2,Saturday,7,239,1.0,25.99,2.40408,28.39408,Bejeweled Braided Belt,10003710,True,,,,
2026-02-14 12:38:47,2026-02-14,12,2,Saturday,7,238,1.0,200.0,18.5,218.5,LouisVuitton Teal Coat/ Size 6,10004720,False,,,,
2026-02-14 12:38:47,2026-02-14,12,2,Saturday,7,238,1.0,24.99,2.31158,27.30158,SavStudio/BllBeadedTop/SizeS,10005324,False,,,,
2026-02-14 12:37:40,2026-02-14,12,2,Saturday,7,237,1.0,32.99,3.05158,36.04158,Maji Mitty Black Shorts Jumper/Size L,10005216,False,,,,
2026-02-14 12:27:01,2026-02-14,12,2,Saturday,7,236,1.0,18.99,1.75658,20.74658,LRL Red SS Boatneck / Size M,10005004,False,,,,
2026-02-14 12:25:52,2026-02-14,12,2,Saturday,7,235,1.0,32.99,3.05158,36.04158,VINTAGE Leopard Collar Jacket/Size L,10004141,True,,,,
2026-02-14 12:20:56,2026-02-14,12,2,Saturday,7,234,1.0,22.99,2.12658,25.11658,M Fasis Black Lace Pattern SL / Size S,10004831,False,,,,
2026-02-14 12:03:32,2026-02-14,12,2,Saturday,7,233,1.0,79.99,7.39908,87.38908,DesigirlCoat_Co / Green Multi-Color / XL / 11.11,10002012,False,,,,
2026-02-14 11:56:32,2026-02-14,11,2,Saturday,7,232,1.0,35.99,3.32908,39.31908,Designal/StripePatternSkirt/SizeL,10004936,False,,,,
2026-02-14 11:56:32,2026-02-14,11,2,Saturday,7,232,1.0,18.99,1.75658,20.74658,Time and Tru Skirt Green and Beige Size 14,10003405,False,,,,
2026-02-14 11:56:32,2026-02-14,11,2,Saturday,7,232,1.0,32.99,3.05158,36.04158,think tank/skirt/blk flr/12,10003740,False,,,,
2026-02-14 11:37:59,2026-02-14,11,2,Saturday,7,231,1.0,35.99,3.32908,39.31908,Sioni MilanoSweater_K / Black X White / M / 15.82,10002954,False,,,,
2026-02-14 11:37:59,2026-02-14,11,2,Saturday,7,231,1.0,32.99,3.05158,36.04158,LaFabbricaDelLino/BlkBlDress/Size S,10004303,False,,,,
2026-02-14 11:37:59,2026-02-14,11,2,Saturday,7,231,1.0,21.99,2.03408,24.02408,Sympli Button Down/Blk/Size M,10004480,False,,,,
2026-02-13 19:05:29,2026-02-13,19,2,Friday,7,230,1.0,35.99,3.32908,39.31908,&merci/swtr/pnk/m,10004682,False,,,,
2026-02-13 19:05:29,2026-02-13,19,2,Friday,7,230,1.0,32.99,3.05158,36.04158,WHBM Burgundy Velvet Dress / Size 0,10004636,False,,,,
2026-02-13 18:55:31,2026-02-13,18,2,Friday,7,229,1.0,27.99,2.58908,30.57908,Lauren Ralph LaurenSweater_NK / green / XS / 1.55,10000101,False,,,,
2026-02-13 18:53:03,2026-02-13,18,2,Friday,7,228,1.0,28.99,2.68158,31.67158,BCBGmaxazria/ Halter Dress/ Bl&Brn/ Size XS,10005160,False,,,,
2026-02-13 18:47:35,2026-02-13,18,2,Friday,7,227,1.0,24.99,2.31158,27.30158,PinkTassledLongsleeve/SizeS,10003600,False,,,,
2026-02-13 18:46:08,2026-02-13,18,2,Friday,7,226,1.0,15.99,1.47908,17.46908,Blue Green Multicolor Shortsleeve / Size S,10004561,True,,,,
2026-02-13 18:37:18,2026-02-13,18,2,Friday,7,225,1.0,15.99,1.47908,17.46908,Pressbox Orange TN Tshirt / Size S,10004834,True,,,,
2026-02-13 18:34:22,2026-02-13,18,2,Friday,7,224,1.0,12.99,1.20158,14.19158,Black Fashion Hat w/ Buckle,10005305,False,,,,
