sku,closing_inventory,revenue,inventory_cost,size,product_name,brand_name,product_category
10004872,1,0.0,0.0,M,&merci blouse brgndy,&Merci,Top
10004993,1,0.0,0.0,M,1 State Pink LS Sheer Pattern,1. State,Top
10007204,0,21.99,0.0,,1. State Leopard Print Dress,,Dress
10006616,-1,34.99,0.0,,100005553,,Other
10008085,-1,18.99,0.0,,10002312,,Other
10005795,0,0.0,0.0,,10003259,,Other
10005798,0,0.0,0.0,,10003277,,Other
10005996,-1,24.99,0.0,,10003884,,Other
10005796,-1,11.77143,0.0,,10003992,,Other
10005900,-1,13.99,0.0,,10005204,,Other
10007213,-1,22.99,0.0,,10007212,,Other
10003950,0,69.99,0.0,M,12th Tribe White Sequin Jacket,12th Tribe,Jacket/Coat
10003830,1,0.0,0.0,10,1822 Denim Blk Jean,1822 Denim,Jeans/Pants
10003761,0,185.0,0.0,7.5,1883 Teal and Brown Cowgirl Boots,1883 by Luccheen,Shoes
10007377,1,0.0,0.0,,1950sCaroAuroraBrac&earrSET,Unknown,Set
10005144,1,0.0,0.0,M,21Saints Ruche Blouse Blk,21 Saints,Top
10008678,1,0.0,7.0,,2pc Sophia Pajama Set L,,Set
10005181,1,0.0,0.0,L,2to-Ky SquarePattern Top Prpl&Bl,2to-Ky,Top
10004617,1,0.0,0.0,L,3 Suiesses Red Spaghetti Strap Dress,3 Suiesses Collection,Dress
10003876,1,0.0,0.0,M,32 D Purple Puffer Jacket,32 Degrees,Jacket/Coat
10004213,1,0.0,0.0,S,41 Hawthorm Purple Polka Dot SL,41 Hawthorn,Other
10006423,1,0.0,0.0,,514 slim straight dark jean,Levi Strauss & Co,Jeans/Pants
10004883,0,45.99,0.0,2,5a7 jns dnm,5A7,Jeans/Pants
10004336,1,0.0,0.0,28,7 FAM Black Jeans,7 For All Mankind,Jeans/Pants
10003794,1,0.0,0.0,27,7 FAMK Skinny Jeans,7 For All Mankind,Jeans/Pants
10005698,1,0.0,0.0,32,7 For all Mankind Black Skirt,7 For All Mankind,Skirt
10006987,1,0.0,0.0,M,7 For all Mankind Blue Ombre SL Top,7 For All Mankind,Top
10003524,1,0.0,0.0,XS,7 for All Mankind Jacket Pink,7 For All Mankind,Jacket/Coat
10007510,1,0.0,24.99,,7 for Mankind Brown Leather Jacket S,,Jacket/Coat
10005712,1,0.0,0.0,12,7th Avenue B & W Checkered Skirt,7th Avenue Design,Skirt
10007582,1,0.0,0.0,12,7th Avenue Bright Red Shorts,7th Avenue Design,Shorts
10006607,1,0.0,0.0,M,89th & Madi Yellow LS Design Top,89th & Madison,Top
10004684,1,0.0,0.0,M,89th & madison swtr gry,89th & Madison,Sweater/Cardigan
10008356,0,14.99,0.0,40,8byYook BlueTieTop,8 by Yook,Other
10008804,1,0.0,7.5,,90's Vintage Floral Satin Cami M,,Top
10004609,0,25.99,0.0,XL,A Beautiful Soul Blush & Black Dress,A Beautiful Soul,Dress
10005195,1,0.0,0.0,S,A Byer Pink Floral Ruffle SL Top,A. Byer,Top
10007552,0,19.0,0.0,S,A Father's Love Orange Skirt,,Skirt
10004616,1,0.0,0.0,M,A New Day Black & White Dress,A New Day,Dress
10007473,0,17.99,0.0,L,A New Day Black SL Dress,A New Day,Dress
10003937,1,0.0,0.0,M,A New Day Black Slip NWT,A New Day,Other
10007267,1,0.0,0.0,XS,A New Day Black Top,,Top
10007660,1,0.0,12.0,,A New Day Kelsey Rhinestone Slides 8,,Top
10006539,1,0.0,0.0,M,A New Day Purple Tank,A New Day,Top
10002227,1,0.0,0.0,,A New DayTank Top_Ra,A New Day,Top
10008618,1,0.0,3.25,,A'gaci Floral Halter Top M,,Top
10006974,1,0.0,0.0,L,A'nye Ligne White LS,A'nye Ligne,Top
10008211,1,0.0,6.0,,A.N.A. Purple Sleeveless Top M,,Top
10003191,1,0.0,0.0,,ABSOLIUTELY Sweater,ABSOLIUTELY,Sweater/Cardigan
10002161,0,12.99,0.0,,AC DCTee Shirt_Ne,AC/DC,Top
10001104,1,0.0,0.0,,ACDC Sleeveless Tee,AC/DC,Top
10005189,0,23.99,0.0,XS,AFRM Black Sheer Floral SS,Afrm,Top
10007706,1,0.0,0.0,29,AFRM White Floral Skirt,Afrm,Skirt
10004631,1,0.0,0.0,6,AGB Black Dress,Agb,Dress
10005814,1,0.0,0.0,XL,AK swtr pnk,Anne Klein,Sweater/Cardigan
10006292,0,27.99,0.0,8,AND Beige Chiffon LS Top,And,Top
10005419,1,0.0,0.0,M,ANewDay WhiSequinDress,A New Day,Dress
10005104,1,0.0,0.0,L,AS IS Bed of Roses Black Heart Cherry Tank,Bed of Roses,Top
10005823,1,0.0,0.0,2,AS IS Missguided Gold Pants,Missguided,Jeans/Pants
10004793,1,0.0,0.0,9.5,AS IS Ralph Lauren Booties,Lauren Ralph Lauren,Shoes
10007768,1,0.0,245.0,10,AS IS Vintage Pink Dress w Scarf,,Dress
10006512,0,24.99,0.0,S,ASISBCBG Beige Embroid Buttondown,BCBG Maxazria,Other
10008579,1,0.0,8.0,S,ASISSuprDwn SequinOneslDress,SuperDown,Dress
10006095,1,0.0,0.0,L,ASOS StripedTubeTop,Asos Design,Top
10007271,1,0.0,0.0,M,ASTR Beige LS Top,,Top
10007337,0,32.99,0.0,M,ASTR White Dress,Astr,Dress
10005329,1,0.0,0.0,XS,ATLoft BrwnStripeCrdign,Ann Taylor LOFT,Sweater/Cardigan
10008238,0,26.0,0.0,L,AUW Blue Camisole,,Top
10003973,1,0.0,0.0,20,AW Bridal Floral Dress,AW Bridal,Dress
10008584,1,0.0,8.0,XS,AbeltLabel WhiGreenDress,Abel the Label,Dress
10006357,0,21.99,0.0,M,AbercmxFitch BrwnBowTop,Abercrombie & Fitch,Other
10006005,1,0.0,0.0,XS,Abercombie BluGrnSwter,Abercrombie & Fitch,Other
10007791,1,0.0,0.0,M,Abercrombie & F Beige Satin Crop Top,Abercrombie & Fitch,Top
10007475,1,0.0,0.0,M,Abercrombie & F Black SL Dress,Abercrombie & Fitch,Dress
10005629,0,24.99,0.0,L,Abercrombie & F Black White Floral LS,Abercrombie & Fitch,Top
10005880,0,31.99,0.0,XS,Abercrombie & F Blue Cardigan,Abercrombie & Fitch,Sweater/Cardigan
10005967,0,24.99,0.0,XS,Abercrombie & F Blue Crop Cardigan,Abercrombie & Fitch,Sweater/Cardigan
10005691,1,0.0,0.0,14,Abercrombie & F Brown Faded Jeans,Abercrombie & Fitch,Jeans/Pants
10005571,1,0.0,0.0,XL,Abercrombie & F Gray Cardigan,Abercrombie & Fitch,Sweater/Cardigan
10005974,1,0.0,0.0,XL,Abercrombie & F NWT Black Satin Tank,Abercrombie & Fitch,Top
10006674,1,0.0,0.0,S,Abercrombie & F Pale Pink Satin Dress,Abercrombie & Fitch,Dress
10006712,0,39.99,0.0,S,Abercrombie & F Strapless Orange Dress,Abercrombie & Fitch,Dress
10005937,1,0.0,0.0,XL,Abercrombie & F Tan Satin Bodysuit,Abercrombie & Fitch,Top
10006290,1,0.0,0.0,S,Abercrombie & F White Crop Top,Abercrombie & Fitch,Top
10008208,1,0.0,6.0,,Abercrombie & Fitch Floral Top M,,Top
10005225,1,0.0,0.0,L,Abercrombie & Fitch Tank Bodysuit Pink,Abercrombie & Fitch,Top
10005308,1,12.99,0.0,XS,Abercrombie Floral Tube Top,Abercrombie & Fitch,Top
10005118,1,0.0,0.0,L,Abercrombie Green Blue LS Flannel,Abercrombie & Fitch,Top
10001914,1,29.99,0.0,,Abercrombie X FitchSkirt_H,Abercrombie & Fitch,Skirt
10007333,1,0.0,0.0,S,Abercrombie Yellow SS Top,Abercrombie & Fitch,Top
10005447,0,15.99,0.0,XXS,Abercrombie&Finch Floral Top,Abercrombie & Fitch,Top
10008337,0,14.0715,0.0,M,Abercrombie GryTanHalterTop,Abercrombie & Fitch,Top
10006351,1,0.0,0.0,M,AbercrombieXF FloralCropTop,Abercrombie & Fitch,Top
10005781,1,0.0,0.0,M,Abollria FloralBlouse,Abollria,Top
10005107,0,10.99,0.0,L,Absolutely Tie Dye Crop Top,Absolutely Love it,Top
10006988,1,0.0,0.0,M,Acacia Orange Zip Up Hoodie,Acacia,Other
10005372,1,0.0,0.0,,Active USA Green Floral Wrap Top,Active USA,Top
10003871,0,31.99,0.0,S,Adam Levine Faux Leather Floral Jacket,Adam Levine,Jacket/Coat
10005834,1,0.0,0.0,,Addie Top Black Multi Color,Addie,Top
10006677,0,31.99,0.0,2,Additions by Chico's Gray Jean Jacket,Chico's,Jeans/Pants
10007416,1,0.0,0.0,XS,AdelynRae MulticolStripeDress,Adelyn Rae,Dress
10007444,1,0.0,0.0,6,Adidas Black Shorts,,Shorts
10006456,1,0.0,0.0,2,Adidas Tennessee Orange Tshirt,Adidas,Top
10008251,1,0.0,6.0,,Adiva Brown SS Top L,,Top
10005605,0,15.99,0.0,XL,Adiva Pale Pink & White Tank,Adiva,Top
10007505,0,23.99,0.0,S,Adiva Vintage LS Blouse,,Top
10008207,0,32.99,0.0,,Adiva White LS Blouse M,,Top
10003406,1,0.0,0.0,M,Adonna Slip Dress Black,Adonna,Dress
10003474,0,16.99,0.0,S,Adonna Slip Dress Black,Adonna,Dress
10009798,0,19.99,0.0,M,Adora Tie Top Black,Adora,Top
10005655,1,0.0,0.0,L,Adriana P Black SL Top,Adrianna Papell,Top
10008229,1,0.0,8.75,,Adrianna Papell Brown Blazer 6,,Jacket/Coat
10008226,1,0.0,15.0,,Adrianna Papell Burgundy Dress 6,,Dress
10007071,0,22.99,0.0,7.5,Adrianna Papell Gold Heels,,Top
10008277,1,0.0,8.0,,Adrianna Papell Yellow Crochet Dress 8,,Dress
10005046,0,27.99,0.0,M,Adrianna Papell Blouse Pink,Adrianna Papell,Top
10003042,1,0.0,0.0,,Adrianna PapellDress_Az,Adrianna Papell,Dress
10006004,1,0.0,0.0,XL,AdriannaP PnkPearlSwter,Adrianna Papell,Top
10002809,1,0.0,0.0,,Adrienne VittadinVest_Al,Adrienne Vittadin,Top
10000058,1,0.0,0.0,,Adrienne VittadiniSweater_J,Adrienne Vittadini,Sweater/Cardigan
10004314,1,0.0,0.0,6,AdrienneV Blk&NavyPant,Adrienne Vittadini,Jeans/Pants
10006258,0,25.99,0.0,S,Aeda Tan Flower Cardigan,Aeda,Sweater/Cardigan
10008624,1,0.0,2.25,S,Aerie Halter Top,,Top
10008586,1,0.0,8.0,L,Aerie BurgBralette,Aerie,Other
10004322,0,25.99,0.0,7.5,AeroSoles BrwnBuckleHeel,Aerosoles,Shoes
10007984,0,20.99,0.0,,Aeropostale Brown Belt with Beige Stitch,Aeropostale,Accessories
10008439,1,0.0,4.0,,Aeropostale Tie-Dye Top S,,Top
10004379,1,0.0,0.0,9,Aerosoles GreyBuckledHeels,Aerosoles,Top
10006324,0,34.99,0.0,S,Affinites AT Wrap LS Top,Affinites Armand Thiery,Top
10006446,0,18.99,0.0,M,Agenda Orange & White SL Top,Agenda,Top
10008394,1,0.0,9.0,,Akemi & Kim Floral Skirt XL,,Skirt
10003798,1,0.0,0.0,XS,Akemi Black Embroider Tank,Akemi X Kin,Top
10003326,1,45.99,0.0,,Akira Chicago Black Label Dress,Akira Chicago,Dress
10007055,0,45.99,0.0,8,Akira Cream Boots,Akira,Shoes
10007214,1,0.0,0.0,XL,Akira Pink Velvet Crop Top,Akira,Top
10004501,0,15.99,0.0,S,Akira Tan Banded Skirt,Akira,Skirt
10006412,0,28.99,0.0,S,Akira Brwn&BlkSheerTop,Akira,Other
10004351,1,0.0,0.0,M,AlbM Tan Button down,Alberto Makali,Other
10007871,1,0.0,0.0,M,Alberto Black Sequin Tank,Alberto Makali,Top
10003551,0,32.99,0.0,M,Alberto Makali Lace Top Black,Alberto Makali,Top
10003559,1,0.0,0.0,7,Aldo Yellowjacket ankle boots 1,Aldo,Jacket/Coat
10008613,1,0.0,5.99,,Alex & Ani Tree of Life Bangle,,Other
10006562,1,0.0,0.0,2,Alex Evenings Black Blue Shimmer Tank,Alex Evenings,Top
10004061,1,0.0,0.0,L,Alex Evenings PnkSequin Coat,Alex Evenings,Jacket/Coat
10008424,1,0.0,9.0,,Alex Marie Black Sequin Pants 12,,Jeans/Pants
10009803,1,0.0,0.0,14,Alex Marie Black Pink w Floral Embroid,Alex Marie,Other
10005464,1,0.0,0.0,S,AlexEvenings GreyTieBlouse,Alex Evenings,Top
10004378,0,19.99,0.0,9,AlexMarie BlkHeeledFlats,Alex Marie,Shoes
10008792,1,0.0,8.0,7.5,AlexXAni SSilverRing,Alex x Ani Alexander,Top
10007447,0,26.99,0.0,8,Alexandria Barlett Black Colorful Capris,Alexandria Bartlett,Other
10003226,0,23.16057,0.0,,Alexis Bittar Gold Colored Enamel Ring,Alexis Bitlar,Accessories
10007474,0,27.99,0.0,16,Alfani Black & Beige SL Dress,Alfani,Dress
10004357,1,0.0,0.0,18,Alfani Black Trouser,Alfani,Jeans/Pants
10004909,0,22.99,0.0,XXL,Alfani Blue&BlkDress,Alfani,Dress
10004760,1,0.0,0.0,XL,Alfred Dunner Beige Beaded SS,Alfred Dunner,Top
10005531,1,0.0,0.0,M,Ali & Chris Black LS Sheer Tie Front,Ali X Chris,Top
10004730,0,15.99,0.0,M,Ali & Christ Gray SS,Ali X Chris,Top
10005600,1,0.0,0.0,14,Alia Pink & White Buttondown SS,Alia Petite,Top
10004862,1,0.0,0.0,S,AliceM Pink&BlkFloralShirt,Alice Moon,Top
10004236,1,0.0,0.0,M,All in Favor Dark Blue Sweater,All in Favor,Sweater/Cardigan
10008511,1,0.0,10.95,,All in Motion Orange Shorts M,,Shorts
10004657,1,0.0,0.0,XS,AllSaints BlkSweater,All Saints,Sweater/Cardigan
10006973,0,16.99,0.0,XS,Allegra White Blouse Bodysuit,Allegra K,Top
10007080,0,35.99,0.0,7,Allegria Red Sling Backs,Allegria,Other
10005199,0,15.99,0.0,S,Allison B SL Dress Multicolor Texture,Allison Brittney,Dress
10004994,1,0.0,0.0,M,Allison D Blue QS,Allison Dailey,Other
10008276,1,0.0,5.5,,Allison Daley Black Vest,,Top
10007859,1,0.0,0.0,,Allison Joy Red Print Dress S,,Dress
10006713,0,25.99,0.0,L,Allison T Brown Buttondown SL Dress,Allison Taylor,Dress
10003826,1,0.0,0.0,M,AllisonDaley Multicolor Sweater,Allison Dailey,Sweater/Cardigan
10003974,2,0.0,0.0,XS,AllisonJoy Grey Sequin Blouse,Allison Joy,Top
10004023,1,0.0,0.0,XXL,Alloy Plum Ruffle Pant,Alloy Apparel,Jeans/Pants
10005110,0,22.99,0.0,M,Alma Mater Orange & White Chevron,Alma-Mater Collection,Other
10007603,1,0.0,0.0,,Alo Black Bodysuit M,,Top
10005005,1,0.0,0.0,L,Altar'd State Blue & Orange Flw LS Dress,Altar'd State,Dress
10005016,1,0.0,0.0,M,Altar'd State Beige Crop Sweater,Altar'd State,Sweater/Cardigan
10006761,0,25.99,0.0,S,Altar'd State Black Denim Shorts Romper,Altar'd State,Shorts
10005021,0,23.99,0.0,M,Altar'd State Black Sheer LS Embroid,Altar'd State,Top
10006605,1,0.0,0.0,L,Altar'd State Black Textured Tank,Altar'd State,Top
10005821,0,32.99,0.0,S,Altar'd State Blue Dress,Altar'd State,Dress
10005120,1,0.0,0.0,M,Altar'd State Blue Floral Romper,Altar'd State,Romper/Jumpsuit
10005254,1,0.0,0.0,S,Altar'd State Blush Sweater,Altar'd State,Sweater/Cardigan
10005260,1,0.0,0.0,S,Altar'd State Burgundy & Gold SL Dress,Altar'd State,Dress
10007021,1,0.0,0.0,M,Altar'd State Burgundy Fringe Skirt,Altar'd State,Skirt
10006556,1,0.0,0.0,M,Altar'd State Burnt Orange Skirt,Altar'd State,Skirt
10005597,0,19.99,0.0,M,Altar'd State Lace SL Blouse,Altar'd State,Top
10006593,1,0.0,0.0,S,Altar'd State NWT Linen Crop Top,Altar'd State,Top
10005706,0,25.99,0.0,S,Altar'd State Orange Polka Dot Skirt,Altar'd State,Skirt
10005717,1,0.0,0.0,S,Altar'd State Peachy Pink Skirt,Altar'd State,Skirt
10008153,0,19.99,0.0,S,Altar'd State Pink Cherry Tank Top,Altar'd State,Top
10007112,0,25.99,0.0,S,Altar'd State Pink Floral SS Ruffle Dress,Altar'd State,Dress
10008635,1,0.0,3.0,,Altar'd State Purple SS Top S,,Top
10005961,1,0.0,0.0,XS,Altar'd State Purple Sweater,Altar'd State,Sweater/Cardigan
10005952,1,0.0,0.0,XS,Altar'd State Red LS,Altar'd State,Top
10005215,0,12.99,0.0,S,Altar'd State Tank Black,Altar'd State,Top
10008236,1,0.0,3.75,,Altar'd State White Pink LS Top S,,Top
10004858,0,22.99,0.0,XS,AltarXdS LightBrwnSkirt,Altar'd State,Skirt
10007212,1,0.0,0.0,,Altard Black Skirt,Altar'd State,Skirt
10008466,1,0.0,8.0,,Altard State Blue Dress S,,Dress
10008508,0,19.99,0.0,,Altard State Brown Skort S,,Other
10007190,0,24.99,0.0,L,Altard State Dress Brown,,Dress
10008798,1,0.0,7.5,,Altard State Dusty Rose Dress S,,Dress
10008445,1,0.0,14.99,,Altard State Floral Dress S,,Dress
10007202,0,18.99,0.0,S,Altard State Green Top,,Top
10007279,0,19.99,0.0,L,Altard State Overalls White,,Top
10008468,1,0.0,9.0,,Altard State Pink Dress L,,Dress
10007542,1,0.0,0.0,,Altard State Red Floral Dress S,,Dress
10007557,0,16.0,0.0,M,Altard State White Sweater,,Sweater/Cardigan
10008683,1,0.0,8.0,,Altard State black white pants S,,Jeans/Pants
10006840,1,0.0,0.0,L,Altard State blue lace dress,Altar'd State,Dress
10006024,1,0.0,0.0,S,AltardS Whi&BluTop,Altar'd State,Other
10004943,1,0.0,0.0,M,AltardS WhiZipUpSleeveless,Altar'd State,Top
10006129,1,0.0,0.0,S,AltardSt MulticolFloralCropTop,Altar'd State,Top
10005183,1,0.0,0.0,M,AltardState Pattern Crop Brn&Prpl,Altar'd State,Other
10005047,1,0.0,0.0,L,AltardState Slvlss Top Peach,Altar'd State,Top
10005792,0,22.99,0.0,S,AltardState StripeBttnSkirt,Altar'd State,Skirt
10006114,1,0.0,0.0,S,Altardstate MulticolFloralDress,Altar'd State,Dress
10007350,0,28.99,0.0,XS,Altardstateorangeandwhitecheckeredshort,Altar'd State,Shorts
10004842,0,15.99,0.0,S,Altarxd State Orange Pink FL Crop Top,Altar'd State,Top
10002225,1,0.0,0.0,,Altarxd StateDress_H,Altar'd State,Dress
10002834,1,0.0,0.0,,Altarxd StateShirt_Cr,Altar'd State,Top
10000105,1,0.0,0.0,,Altarxd StateSweater_A,Altar'd State,Sweater/Cardigan
10004656,1,0.0,0.0,XL,AltarxdS BeigeSweater,Altar'd State,Sweater/Cardigan
10004742,1,0.0,0.0,S,AlterdState Orange Blouse,Altar'd State,Top
10007012,1,0.0,0.0,L,Alya Mint Green Fuzzy Sweater,Alya,Sweater/Cardigan
10007741,1,0.0,0.0,7,AlynPa OneSlvMulticolDress,Alyn Paige,Dress
10007585,1,0.0,0.0,S,Amanda Smith LS Blouse Green,,Top
10006613,1,0.0,0.0,M,Amang Blue White Sheer SS Top,Amang NY,Top
10006544,1,0.0,0.0,L,Amarsi Black SL Vest,Amarsi,Top
10006128,0,22.99,0.0,,AmberNecklace,Unknown,Accessories
10005367,1,0.0,0.0,L,Ambience Apparel Floral Sleeveless Tank,Ambience Apparel,Top
10004377,0,13.99,0.0,8,Ambrose LeatherAnkleBoots,Ambrose,Shoes
10005615,1,0.0,0.0,,Ameri Leather Brown Bag,Ameri Leather,Accessories
10005134,1,0.0,0.0,S,American E Dusty Blue Striped Off Shoulder,American Eagle Outfitters,Other
10005721,0,32.99,0.0,XS,American Eagle Lace Mesh Skirt,American Eagle Outfitters,Skirt
10008651,1,0.0,3.5,,American Eagle White Tank Top XS,,Top
10005147,0,24.99,0.0,M,AmericanEagle Knit Sweater Pnk&Orng,American Eagle,Sweater/Cardigan
10005171,0,15.99,0.0,S,AmericanEagle Ruche Crop Multicolor,American Eagle Outfitters,Other
10006878,0,24.99,0.0,M,AmericanEagle BlackCorsetTop,American Eagle,Set
10006937,0,19.99,0.0,M,AmericanEagle RedWhiSkirt,American Eagle,Skirt
10005779,1,0.0,0.0,14,Amethyst CapriJean,Amethyst,Jeans/Pants
10007026,0,28.99,0.0,S,Ammo Blk Tank NWT,Ammo,Top
10004097,1,0.0,0.0,S,AnGi ShortSleeve Tan,An. Gi,Shorts
10008770,1,0.0,6.5,,Ana Sui Red & Black Bag,Ana Sui,Accessories
10004736,1,0.0,0.0,S,Analogy Detitier Green Multicolor,Analogy Detiter,Other
10007928,0,12.99,0.0,,Ande Black Purse Gold Hardware,Ande,Accessories
10007970,0,20.0,0.0,,Andrea Jovine Black Fish Dress 6,,Dress
10006548,0,31.99,0.0,S,Andree Army Green Vest,Andree,Top
10008526,1,0.0,13.15,,Andree White Frayed Top S,,Top
10007975,1,0.0,3.75,,Andres White Dress L,,Dress
10007856,1,0.0,0.0,,Angel Biba Floral Print Dress M,,Dress
10006725,0,32.99,0.0,S,Angel Biba White Lace Dress,Angel Biba,Dress
10008160,1,0.0,8.0,29,Angels Never Die White Pants,Angels Never Die,Jeans/Pants
10005140,1,0.0,0.0,S,Angie Embellished Plaid Flannel Brn,Angie,Other
10005473,0,25.99,0.0,S,Angie BlkPurpFloralHalter,Angie,Top
10003390,1,0.0,0.0,S,Ann Klein Cardigan Pink,Anne Klein,Sweater/Cardigan
10006305,1,0.0,0.0,M,Ann M White Floral Buttondown,Ann Mashburn,Other
10004849,1,0.0,0.0,XL,Ann May Black Silk Tank,Ann May,Top
10006288,0,23.99,0.0,L,Ann Taylor Baby Pink Tank,Ann Taylor,Top
10006621,0,23.99,0.0,8,Ann Taylor Black & White Skirt,,Skirt
10004359,1,0.0,0.0,XS,Ann Taylor Black Blouse,Ann Taylor,Top
10005716,0,35.99,0.0,8,Ann Taylor Black Leather Skirt,Ann Taylor,Skirt
10003773,1,0.0,0.0,8,Ann Taylor Black Pants,Ann Taylor LOFT,Jeans/Pants
10005585,1,0.0,0.0,XL,Ann Taylor Black SS Top,Ann Taylor,Top
10007001,1,0.0,0.0,4,Ann Taylor Black Skirt,Ann Taylor,Skirt
10004649,1,0.0,0.0,M,Ann Taylor Black Sleeveless Shirt,Ann Taylor,Top
10003396,1,0.0,0.0,8,Ann Taylor Blazer Black,Ann Taylor,Jacket/Coat
10005583,1,0.0,0.0,XS,Ann Taylor Blue SS Top,Ann Taylor,Top
10008401,1,0.0,5.0,,Ann Taylor Blue Striped Top 10,,Top
10006614,1,0.0,0.0,M,Ann Taylor Blush Pink Cardigan,Ann Taylor,Sweater/Cardigan
10005929,0,22.99,0.0,2,Ann Taylor Brown SS Cover Up,Ann Taylor,Top
10007323,1,0.0,0.0,L,Ann Taylor Cami Top,Ann Taylor,Top
10007580,1,0.0,0.0,12,Ann Taylor Dark Blue Shorts,Ann Taylor,Shorts
10003774,1,0.0,0.0,M,Ann Taylor Long Sleeve Burgundy,Ann Taylor,Other
10000324,1,0.0,0.0,,Ann Taylor NWTBlazer_Ca,Ann Taylor NWT,Jacket/Coat
10008517,1,0.0,10.95,,Ann Taylor Nude Camisole M,,Top
10005501,1,0.0,0.0,S,Ann Taylor Orange & Pink SL Top,Ann Taylor,Top
10004100,1,0.0,0.0,,Ann Taylor Pants Herringbone,Ann Taylor,Jeans/Pants
10003770,1,0.0,0.0,S,Ann Taylor Purple Ombre Cardigan,Ann Taylor LOFT,Sweater/Cardigan
10005610,1,0.0,0.0,L,Ann Taylor Purple Ruffle Tank,Ann Taylor LOFT,Top
10006534,1,0.0,0.0,XL,Ann Taylor Purple SS Top,Ann Taylor,Top
10008652,1,0.0,4.5,,Ann Taylor Purple Top XL,,Top
10007453,0,19.99,0.0,,Ann Taylor Red Purse,Ann Taylor,Accessories
10003501,1,0.0,12.0,6,Ann Taylor Skirt Black & White,Ann Taylor,Skirt
10008519,1,0.0,10.95,,Ann Taylor Sleeveless Top XS,,Top
10006972,0,17.99,0.0,S,Ann Taylor White LS,Ann Taylor,Top
10007114,0,25.99,0.0,6,Ann Taylor White SL Long Dress,Ann Taylor,Dress
10008032,1,0.0,7.25,,Ann Taylor Yellow Sleeveless M,,Top
10008470,0,24.99,0.0,,Ann Taylor Yellow White Top S,,Top
10002784,0,39.99,0.0,,Ann TaylorJacket_La,Ann Taylor,Jacket/Coat
10000402,1,0.0,0.0,,Ann TaylorLS Top_Al,Ann Taylor,Top
10004019,1,0.0,0.0,,Ann TaylorPants_Ay,Ann Taylor,Jeans/Pants
10002723,1,0.0,0.0,,Ann TaylorSS Top_Ja,Ann Taylor,Top
10001483,0,0.0,0.0,,Ann TaylorSkirt_Ex,Ann Taylor,Skirt
10000098,1,0.0,0.0,,Ann TaylorSweater_Am,Ann Taylor,Sweater/Cardigan
10004368,1,0.0,0.0,S,AnnT BlkAnimalBlouse,Ann Taylor,Top
10003591,0,28.99,0.0,4,AnnT BlkGreyPant,Ann Taylor,Jeans/Pants
10004367,1,0.0,0.0,XS,AnnTLoft GreyTop,Ann Taylor LOFT,Other
10005418,0,18.99,0.0,M,AnnTLoft Yellow&GrnTop,Ann Taylor LOFT,Other
10004354,1,0.0,0.0,2,AnnTaylor Black Animal Print Skirt,Ann Taylor,Skirt
10005071,0,17.99,0.0,M,AnnTaylor LeafPrint Top Grn,Ann Taylor,Top
10005055,1,0.0,0.0,M,AnnTaylor Slvless Top Pink,Ann Taylor,Top
10006133,0,24.33395,0.0,8,AnnTaylor BlkBttnDwnDress,Ann Taylor,Dress
10008358,1,0.0,0.0,14,AnnTaylor BrwnFloralTop,Ann Taylor,Other
10004935,0,21.99,0.0,10,AnnTaylor Pink&WhiLaceTop,Ann Taylor,Other
10005302,1,0.0,0.0,S,AnnTaylor PinkSleevlessTop,Ann Taylor,Top
10006122,1,0.0,0.0,8,AnnTaylor PnkPurpSkirt,Ann Taylor,Skirt
10004870,0,24.99,0.0,4,AnnTaylor Red&WhiFloralSkirt,Ann Taylor,Skirt
10006107,1,0.0,0.0,M,AnnTaylor RedTop,Ann Taylor,Other
10007754,1,0.0,0.0,8,AnnTaylorP BlkDottedSkirt,Ann Taylor Petites,Skirt
10008013,1,0.0,8.25,8,Anna Sui Black Detail Skirt,Anna Sui,Skirt
10003968,1,0.0,0.0,XL,Anna-Kaci Blk Sequin Top,Anna-Kaci,Top
10004618,1,0.0,0.0,12,Anne Klein Black Sleeveless Dress,Anne Klein,Dress
10005257,1,0.0,0.0,6,Anne Klein Fushia Floral Sheer Cardigan,Anne Klein,Sweater/Cardigan
10007591,1,0.0,0.0,,Anne Klein multi-color blazer 6,,Jacket/Coat
10006849,1,0.0,0.0,L,Anne Klein white dress shirt,Anne Klein,Dress
10001187,0,0.0,0.0,,Anne KleinCardigan_Ga,Anne Klein,Sweater/Cardigan
10004603,1,0.0,0.0,10,AnneKlein BlkSparkleDress,Anne Klein,Dress
10007415,1,0.0,0.0,4,AnneKlein MulticolDress,Anne Klein,Dress
10007399,1,0.0,0.0,14,AnneKlein WhiruffleSlvlssShirt,Anne Klein,Top
10005701,0,45.99,0.0,S,Another Label Orange & Black Jacket,Another Label,Jacket/Coat
10007708,1,0.0,0.0,10,Anthro Off White Crochet Skirt,Anthropologie,Skirt
10005591,1,0.0,0.0,S,Anthro White SS Top w Yellow Ruffle,Anthropologie,Top
10006267,0,24.99,0.0,M,Anthropologie Black Balloon Pants,Anthropologie,Jeans/Pants
10005105,1,0.0,0.0,M,Anthropologie Black Textured Tank,Anthropologie,Top
10006263,0,23.99,0.0,M,Anthropologie Gray Crop Top w Tie Back,Anthropologie,Top
10007658,1,0.0,25.0,,Anthropologie M Albright Turquoise 7.5,,Other
10003510,1,0.0,0.0,0,Anthropologie Pants Brown,Anthropologie,Jeans/Pants
10006814,0,55.99,0.0,L,Anthropologie Reformation Plaid Top,Anthropologie,Top
10005025,1,0.0,0.0,S,Anthropologie SL NWT Colorful Striped Dress,Anthropologie,Dress
10007525,1,0.0,0.0,,Anthropologie Yellow SS Blouse L,,Top
10005783,0,16.99,0.0,S,Anthropologie PinkLaceTop,Anthropologie,Other
10006945,0,24.99,0.0,S,Antonio Melani White Tank Top,,Top
10006330,1,0.0,0.0,L,Antropologie Burgundy Embroidered LS,Anthropologie,Top
10007126,0,18.99,0.0,S,Apollo Jeans Sleeveless Denim Jacket,Apollo,Jeans/Pants
10007607,1,0.0,0.0,,Apperloth Black Feux Leather Shorts L,,Shorts
10008682,1,0.0,8.5,,Appraisal Houndstooth Jacket L,,Jacket/Coat
10007392,1,0.0,0.0,M,AprilCornell BlkSheerSlvlssShirt,April Cornell,Top
10006344,1,0.0,0.0,S,Apt 9 Black Tank,Apt 9,Top
10003933,0,24.99,0.0,L,Apt 9 Brown Cami,Apt 9 Essentials,Top
10008653,1,0.0,17.99,,Apt. 9 Black Blue Dress XL,,Dress
10007168,1,0.0,0.0,S,Apt. 9 SS Blouse Black,,Top
10004948,1,0.0,0.0,S,Apt9 BrwnFloralBlouse,Apt 9,Top
10006901,1,0.0,0.0,L,Apt9 FloralTopandTank,Apt 9,Top
10005472,0,18.99,0.0,2,Apt9 GrnSPotBttnDwn,Apt 9,Other
10006338,1,0.0,0.0,XS,Aqua Blue Black Top,Aqua,Top
10004316,1,0.0,0.0,9,Aquatalia AshBoots,Aquatalia,Shoes
10003442,1,0.0,0.0,0,Arden B Bluejeans,Arden B,Jeans/Pants
10008583,1,0.0,8.0,M,ArdenB PinkLaceCami,Arden B,Top
10003780,0,84.99,0.0,9,Ariat Brown and Pink Cowgirl Boots,Ariat,Shoes
10004411,0,9.99,0.0,M,Ariat MulticolBelt,Ariat,Accessories
10008728,1,0.0,4.5,,Ariya Jeans Capri's 12,,Jeans/Pants
10006916,1,0.0,0.0,9,AriyaJeans BlackStitchShorts,Ariya Jeans,Shorts
10006940,0,24.99,0.0,5,ArizJeanCo StuddedJeanSkirt,Arizona Jean Co,Skirt
10006673,0,19.99,0.0,L,Arizona Jean Overalls,Arizona,Jeans/Pants
10004819,0,14.99,0.0,M,Arizona Pink Lace SS Skirt,Arizona,Skirt
10006918,0,20.99,0.0,3,ArizonaJeanCo JeanSkirt,Arizona Jean Co,Skirt
10008485,1,0.0,10.9,,Ark & Co Pink Skirt M,,Skirt
10008547,1,0.0,0.0,M,ArkXCo PinkFlowerDress,ark X Co,Dress
10006766,0,32.99,0.0,S,Armani Jeans Tan Dress,Armani,Dress
10004598,1,0.0,0.0,L,Armani NWT Purple Gray Dress,Armani Exchange NWT,Dress
10006869,0,31.491,0.0,6,Armani WhiQuarterShirt,Armani,Top
10005493,1,0.0,0.0,,Art Class Yellow Black Striped SL Dress,Art Class,Dress
10003398,1,0.0,0.0,S,Artemis Slip Dress Brown,Artemis,Dress
10005988,1,0.0,0.0,S,Artka Blue & White Plaid Skirt,Artka,Skirt
10008756,1,0.0,6.25,,Aryeh Brown Fringe Dress M,,Dress
10008769,1,0.0,6.25,,Aryeh Navy LS Top XL,,Top
10007971,1,0.0,6.25,,Aryeh Pink Green Dress L,,Dress
10007978,1,0.0,4.25,,Aryeh Sleeveless Top Blue XL,,Top
10008171,1,0.0,8.0,S,Aryeh White Floral Pants NWT,Aryeh,Jeans/Pants
10008291,1,0.0,0.0,M,Aryeh MulticolDiamDress,Aryeh,Dress
10003957,1,0.0,0.0,M,As U Wish Sequin one Shoulder Dress,As U Wish,Dress
10007309,1,0.0,0.0,S,As-is Vintage Sailor Top,Unknown,Top
10004505,1,0.0,0.0,6,Asos Blk Skirt,Asos Design,Skirt
10007610,1,0.0,0.0,8,Asos Denim Black Overall,,Jeans/Pants
10007336,0,24.99,0.0,2,Asos Design White Dress,Asos Design,Dress
10007756,1,0.0,0.0,XS,Asos PurpPatternedShorts,Asos Design,Shorts
10008548,0,28.99,0.0,2,AsosDesign PnkOrFloralSkirt,Asos Design,Skirt
10005702,0,12.99,0.0,XL,Atamet Black Fringe Vest,Atamet,Top
10005277,1,0.0,0.0,S,Athleta Black Tank,Athleta,Top
10004752,1,0.0,0.0,L,Athleta Black Tee,Athleta,Top
10003692,1,0.0,0.0,XS,Athleta Lavender Pullover,Athleta,Sweater/Cardigan
10003804,0,24.99,0.0,4,Athleta Navy Pants,Athleta,Jeans/Pants
10004124,1,0.0,0.0,S,Athleta Orng TieDye Tee,Athleta,Top
10008697,1,0.0,8.5,,Athleta Savannah Black Dress L,,Dress
10005187,1,0.0,0.0,M,Athleta Athletic Longsleeve Pnk,Athleta,Other
10006158,1,0.0,0.0,XXS,Athleta BleCrewneck,Athleta,Other
10004923,1,0.0,0.0,M,Athleta BlueSkirt,Athleta,Skirt
10003684,1,0.0,0.0,S,Athleta Pink WrapSweatshirt,Athleta,Top
10005732,1,0.0,0.0,6,Attention Multicolor Skirt,Attention,Skirt
10006745,1,0.0,0.0,,Atticus Light Green Black Heart Cap,Atticus,Other
10004539,1,0.0,0.0,12,Attyre Navy Blue Skirt,Attyre NY,Skirt
10007050,1,0.0,0.0,9,Audrey Brook Pink Flats,Audrey Brook,Shoes
10004996,0,24.99,0.0,,Audrey Talbott Purple Watercolor LS,Audrey Talbott,Top
10007087,0,15.99,0.0,,August Animal Print Hat,August,Accessories
10008503,1,0.0,6.99,,August Max Vintage Silk Tank 12,,Top
10004824,0,24.99,0.0,M,August Silk Black Sheer Colorful Flower,August Silk,Other
10007838,0,47.68206,0.0,M,Aureum NWT Yellow Blue Shorts,Aureum NWT,Shorts
10007678,1,0.0,5.75,10,Austin Hill Plaid Skirt,,Skirt
10003469,1,0.0,0.0,XL,Ava & Viv Cardigan Beige,Ava & Viv,Sweater/Cardigan
10005979,0,28.99,0.0,S,Ava James Dark Blue Blouse,Ava James,Top
10005635,1,0.0,0.0,XXL,Ava James Orange Blouse,Ava James,Top
10007698,1,0.0,0.0,L,AvaXGrace BlkWhiFloralDress,Ava & Grace,Dress
10006365,0,32.99,0.0,40,AveMaria MeshOutdoorShirt,Ave Maria,Top
10008408,1,0.0,4.25,22,Avenue Beige Brown Red Blouse,Avenue,Top
10003451,1,0.0,14.0,18,Avenue Jeans Denim Vest,Avenue Jeans,Jeans/Pants
10006145,0,28.99,0.0,18,Avenue MulticolSkirt,Avenue,Skirt
10004986,1,0.0,0.0,L,Avery Sheer Horse Print Shirt,Avery,Top
10007833,1,0.0,0.0,M,Avid Love Pink Lingerie Top,Avid Love,Top
10008631,1,0.0,2.75,XL,Avidlove LS Black Top,,Top
10007408,0,6.99,0.0,,Avon Vintage Rose Ring,Avon,Accessories
10004162,1,0.0,0.0,M,Axcess Beige Bow Blazer,Axcess,Jacket/Coat
10006511,1,0.0,0.0,14,Axcess Black Skirt Stich Emb,Axcess,Skirt
10005125,0,32.99,0.0,M,Axes Brown Pleated Plaid Skirt,Axes,Skirt
10005542,1,0.0,0.0,M,Axyeh Red Beige LS Dress,Axyeh,Dress
10003895,1,24.99,0.0,M,Ayla Blk Cropped Shirt,Ayla,Top
10004060,1,0.0,0.0,4,B. Darlin Tn&Blk Lace Dress,B. Darlin,Dress
10007836,0,36.4821,0.0,S,B. Right Pink Rose Strapless Dress,B. Right,Dress
10003961,1,0.0,0.0,XS,B.P. Gold Sequin Skirt,B.P.,Skirt
10003857,1,0.0,0.0,L,BB Linen Beige Sleeveless,Brooks Brothers,Top
10008064,1,0.0,0.0,6,BBColl SilverJumpsuit,B B Collection,Romper/Jumpsuit
10004166,0,48.79378,0.0,L,BC Vintage Faux Leather Jacket Black,Bc,Jacket/Coat
10007915,0,19.99,0.0,S,BCBG Black & White SL Top,BCBG Maxazria,Top
10007251,1,0.0,0.0,,BCBG Black Leather Jacket M,,Jacket/Coat
10008023,1,0.0,6.25,L,BCBG Black Seethrough LS,BCBG Maxazria,Top
10005984,0,35.99,0.0,M,BCBG Burgundy Dress w Sleeves,BCBG Maxazria,Dress
10008456,1,0.0,15.0,,BCBG Maxazria White Cardigan S,,Sweater/Cardigan
10006648,1,0.0,0.0,M,BCBG Maxazria maxi dress,BCBG Maxazria,Dress
10006807,0,27.99,0.0,M,BCBG Maxmara Brown Sundress,BCBG Maxazria,Dress
10007463,1,0.0,0.0,6,BCBG Pink Silk Dress,BCBG Maxazria,Dress
10007266,1,0.0,0.0,XS,BCBG SS Blouse Green,,Top
10003952,1,0.0,0.0,M,BCBG Shiny Black Sleeveless Shirt,BCBGeneration,Top
10005492,1,0.0,0.0,2,BCBG Tan & Beige SL Dress,BCBG Maxazria,Dress
10005503,0,22.99,0.0,S,BCBG Tan Crochet SL Peplum Top,BCBG Maxazria,Top
10004089,1,0.0,0.0,L,BCBG Tan Fur Coat,BCBGeneration,Jacket/Coat
10007508,1,0.0,0.0,,BCBG White Black Pants M,,Jeans/Pants
10005744,0,15.99,0.0,2,BCBG Yellow Skirt,BCBGeneration,Skirt
10004456,1,0.0,0.0,M,BCBG BlkCardigan,BCBG Maxazria,Sweater/Cardigan
10006361,1,0.0,0.0,XS,BCBG FloralTieBodySuit,BCBG generations,Top
10007965,0,23.0,0.0,,BCBGMax Black Grey SS Top,,Top
10007477,1,0.0,0.0,8,BCBGMax Grey Dress,,Dress
10008319,1,0.0,0.0,M,BCBGMax BlkBlueSkirt,BCBG Maxazria,Skirt
10008650,1,0.0,4.75,,BCBGeneration Peach Top S,,Top
10005076,0,21.99,0.0,XL,BCBGeneration Knit Top Prp&Wht,BCBGeneration,Sweater/Cardigan
10002418,0,17.99,0.0,,BCBGenerationSkirt_En,BCBGeneration,Skirt
10006675,0,16.0,0.0,S,BDG Jean Skirt,Bdg,Skirt
10004021,0,19.99,0.0,4,BDG Pink Cords,Bog,Other
10005483,2,0.0,0.0,,BDG hat creme,Bdg,Accessories
10007373,0,75.99,0.0,7,BDarlin GrnfloralRuffleDress,B Darlin,Dress
10003534,0,24.99,0.0,XS,BGBCMaxazria Sweater Brown,BCBG Maxazria,Sweater/Cardigan
10003377,0,23.99,0.0,S,BGBGMaxazria Beige Bodysuit,BCBG Maxazria,Top
10006635,1,0.0,0.0,S,BKE Belt,Bke,Accessories
10005437,0,22.99,0.0,M,BKE Boutique Knit Shawl Wht,BKE Boutique,Sweater/Cardigan
10004779,1,0.0,0.0,10,BL Paul Smith Sequin White Dress NWT,Black Label Paul Smith,Dress
10003385,0,24.99,0.0,M,BNDI Sweater Brown,Bndi,Sweater/Cardigan
10007480,1,0.0,0.0,M,BOA Black Leather Pants,,Jeans/Pants
10004198,1,0.0,0.0,8,BOC Black Slip on Shoes,Boc,Shoes
10007639,1,0.0,0.0,9,BOC Black Strappy Wedges,Boc,Other
10004404,1,0.0,0.0,7,BOC Blk&TanBoots,Boc,Shoes
10006685,0,17.99,0.0,,BOG Black Floral Crop Top,Bog,Top
10007507,1,0.0,0.0,L,BOG Collective Black Top,,Top
10004014,1,0.0,0.0,,BP.,Bp.,Other
10004285,1,0.0,0.0,S,BP Striped Cream Sweater,Bp.,Sweater/Cardigan
10002419,1,0.0,0.0,,BPTank Top_BC,Bp,Top
10003860,1,0.0,0.0,12,BR NWT Brown Faux Leather Pants,Banana Republic NWT,Jeans/Pants
10004066,0,12.99,0.0,M,BR Orange Belt,Banana Republic,Accessories
10005471,0,25.99,0.0,2,BR BlkFloralKnotDress,Banana Republic,Dress
10007419,1,0.0,0.0,,BVLCARI PinkPouch,Bvlcari,Other
10003764,0,44.99,0.0,9,Baby Pink Cowgirl Boots,,Shoes
10006579,0,35.99,0.0,XL,Baccini Jean Jacket inc Addon Pins,Baccini,Jeans/Pants
10003335,0,125.99,0.0,,Badgley Mischka Dress Floral Black,Badgley Mischka,Dress
10007041,1,0.0,0.0,7,Badgley Mischka Golf Flats,Badgley Mischka,Shoes
10006722,1,0.0,0.0,1,Bae City Black Jeggings,Bae City,Other
10002872,1,0.0,0.0,,Bagatelle CollectionBlazer_Ex,Bagatelle Collection,Jacket/Coat
10002699,0,45.99,0.0,,Bagatelle CollectionJacket,Bagatelle Collection,Jacket/Coat
10003850,1,0.0,0.0,M,Bagatelle Pink Black Multi Jacket,Bagatelle Collection,Jacket/Coat
10005765,1,0.0,0.0,XL,Bagatelle BlkLthrpant,Bagatelle Collection,Jeans/Pants
10005029,0,24.99,0.0,S,Bailey44 Sheer Blouse Blk,Bailey 44,Top
10005998,1,0.0,0.0,M,BaileyBlue BlueBlouse,Bailey Blue,Top
10008360,1,0.0,0.0,M,BaileyRose GreenFlowerPants,Bailey Rose,Jeans/Pants
10004486,1,0.0,0.0,,Balenciaga PinkPurse,Balenciaga,Accessories
10004938,1,0.0,0.0,L,BambooT Grn&PinkSkirt?,Bamboo Traders,Skirt
10004743,1,0.0,0.0,XS,BanRep Bl&Wht Blouse,Banana Republic,Top
10004739,1,0.0,0.0,L,BanRep Blk&Wht Jckt,Banana Republic,Other
10000839,1,0.0,0.0,,Banana Boat NWTDress_Ho,Banana Boat NWT,Dress
10003767,1,0.0,0.0,XS,Banana NWT Lace Sleeveless,Banana Republic NWT,Top
10003813,1,0.0,0.0,XS,Banana Pink Floral Sleeveless,Banana Republic,Top
10004633,1,0.0,0.0,4,Banana R Black Mini White Polka Dot,Banana Republic,Other
10005015,1,0.0,0.0,M,Banana R Black Seethrough LS,Banana Republic,Top
10004630,0,24.99,0.0,4,Banana R Cream & Brown Dress,Banana Republic,Dress
10006721,1,0.0,0.0,8,Banana R Yellow & White Top,Banana Republic,Top
10007364,1,0.0,0.0,00,Banana Rep Army Green Shorts,Banana Republic,Shorts
10005893,0,28.99,0.0,XS,Banana Rep Beige Cardigan,Banana Republic,Sweater/Cardigan
10003870,1,0.0,0.0,XS,Banana Rep Brown Knit Poncho,Banana Republic,Sweater/Cardigan
10006574,0,15.99,0.0,M,Banana Rep Emerald Green SL Top,Banana Republic,Top
10005882,1,0.0,0.0,L,Banana Rep Hot Pink Cardigan,Banana Republic,Sweater/Cardigan
10007225,1,0.0,0.0,S,Banana Rep NWT Black LS Dress,Banana Republic NWT,Dress
10006560,1,0.0,0.0,M,Banana Rep NWT Cream Tank,Banana Republic NWT,Top
10006537,1,0.0,0.0,M,Banana Rep Purple Black White Top,Banana Republic,Top
10007457,0,28.99,0.0,M,Banana Rep Red LS Dress,Banana Republic,Dress
10006982,0,39.99,0.0,S,Banana Rep White Jean Jacket,Banana Republic,Jeans/Pants
10005922,1,0.0,0.0,XS,Banana Republic Beige Hoodie,Banana Republic,Other
10005512,1,0.0,0.0,S,Banana Republic Beige Knit Sweater,Banana Republic,Sweater/Cardigan
10007195,0,25.99,0.0,0,Banana Republic Black Dress,,Dress
10004827,0,14.99,0.0,6,Banana Republic Black SL Crop Top,Banana Republic,Top
10007215,0,23.99,0.0,6,Banana Republic Black SL Dress,Banana Republic,Dress
10005267,1,0.0,0.0,XS,Banana Republic Black Sheer Tank,Banana Republic,Top
10005311,1,0.0,0.0,XS,Banana Republic Black Tank,Banana Republic,Top
10004608,1,0.0,0.0,18,Banana Republic Blue Dress Beige Flower,Banana Republic,Dress
10005495,0,18.99,0.0,00,Banana Republic Blue Striped Dress,Banana Republic,Dress
10004825,1,0.0,0.0,L,Banana Republic Fuchsia Tank SL,Banana Republic,Top
10006591,1,0.0,0.0,M,Banana Republic Green Design Top,Banana Republic,Top
10005228,0,14.99,0.0,S,Banana Republic Green Sleeveless Top,Banana Republic,Top
10003395,1,0.0,0.0,XS,Banana Republic Jacket Red,Banana Republic,Jacket/Coat
10005639,0,16.99,0.0,XS,Banana Republic Orange Button SL,Banana Republic,Other
10008525,1,0.0,13.15,,Banana Republic Orange Tank XS,,Top
10003547,1,0.0,0.0,M,Banana Republic Pants Black,Banana Republic,Jeans/Pants
10003516,1,0.0,0.0,4,Banana Republic Pants Green,Banana Republic,Jeans/Pants
10003402,1,0.0,0.0,0,Banana Republic Pants Grey,Banana Republic,Jeans/Pants
10005852,1,0.0,0.0,XL,Banana Republic Pink & Brown Tank,Banana Republic,Top
10007646,1,0.0,0.0,XS,Banana Republic Pink SL Top,Banana Republic,Top
10006717,1,0.0,0.0,XXL,Banana Republic Red Dress,Banana Republic,Dress
10005982,1,0.0,0.0,M,Banana Republic Red Tank w Sequin,Banana Republic,Top
10005226,0,12.99,0.0,XS,Banana Republic Snake Print Tank Brown,,Top
10006948,1,0.0,0.0,8,Banana Republic White Tank Top,,Top
10005568,1,0.0,0.0,S,Banana Republic filpucci Off-white Sweater,Banana Republic,Sweater/Cardigan
10008374,1,0.0,8.99,XXS,Banana Republic pink sleeveless blouse,Banana Republic,Top
10002622,0,24.99,0.0,,Banana RepublicLS Top_Ag,Banana Republic,Top
10000156,1,0.0,0.0,,Banana RepublicLSTop,Banana Republic,Top
10001775,1,0.0,0.0,,Banana RepublicPants_Ho,Banana Republic,Jeans/Pants
10002545,1,0.0,0.0,,Banana RepublicSleeveless Top_Ja,Banana Republic,Top
10000096,1,0.0,0.0,,Banana RepublicSweater_El,Banana Republic,Sweater/Cardigan
10002219,0,15.99,0.0,,Banana RepublicTank Top_Ec,Banana Republic,Top
10005449,1,0.0,0.0,10,BananaR BlkStrapDress,Banana Republic,Dress
10007381,0,22.99,0.0,,BananaR ChainGemNecklace,Banana Republic,Accessories
10006007,1,0.0,0.0,S,BananaR CrmCardigan,Banana Republic,Sweater/Cardigan
10006087,0,22.99,0.0,S,BananaR PinkTankTop,Banana Republic,Top
10006025,1,0.0,0.0,S,BananaR TanCardigan,Banana Republic,Sweater/Cardigan
10008574,0,24.99,0.0,0,BananaRep BlkDress,Banana Republic,Dress
10008576,0,24.99,0.0,0,BananaRep BlkLaceDress,Banana Republic,Dress
10008320,1,0.0,0.0,M,BananaRep PinkcoverShirt,Banana Republic,Top
10006902,1,0.0,0.0,XS,BananaRep PinktiedyeShirt,Banana Republic,Top
10004280,0,23.99,0.0,M,BananaRepublic Blk Coat,Banana Republic,Jacket/Coat
10004498,1,0.0,0.0,8,BananaRepublic Blk Lace Skirt,Banana Republic,Skirt
10008206,1,0.0,6.0,L,Band of Gypsies Cover Pink Green M,,Other
10003345,1,0.0,0.0,,Banjul Black and Rhinestone Dress,Banjul,Dress
10007031,0,29.99,0.0,XXL,Bar III Floral Skirt,Bar III,Skirt
10002759,0,21.99,0.0,,Bar IIICardigan_Zi,Bar III,Sweater/Cardigan
10007652,1,0.0,0.0,S,Bar ||| LS Lace Seethrough Top,Bar III,Top
10005663,1,0.0,0.0,S,Barbie Back Tshirt,Barbie,Top
10005317,1,0.0,0.0,6,Barbour Purpvest,Barbour,Top
10008261,1,0.0,8.0,,Bardot Black Sleeveless Top S,,Top
10006271,0,35.99,0.0,,Basket Tote Purse,Unknown,Accessories
10008497,1,0.0,8.3,,Bass Pink Leather Bow Loafers 8.5,,Top
10005113,1,0.0,0.0,M,Bay Island Billy Joel Tshirt,Bay Island,Top
10003882,1,0.0,0.0,9,Be Bop Capri Pants,Be Bop,Jeans/Pants
10007014,1,0.0,0.0,,Be Inspired Zip Up Hoodie Black & Pink PL,Be Inspired,Other
10007229,0,15.99,0.0,8,Be Smart Dress Black Red,,Dress
10007982,0,13.99,0.0,,Beaded Brown Waist Belt,Unknown,Accessories
10004342,1,0.0,0.0,M,Beatles Blk LongSleeve,Unknown,Other
10004343,0,27.99,0.0,M,Beatles Grey Tee,Unknown,Top
10005095,1,0.0,0.0,M,Beautees Sheer Cover Pnk&Yllw,Beautees,Top
10003948,1,0.0,0.0,M,Bebe Black Lace Zipper Dress,Bebe,Dress
10005241,1,0.0,0.0,S,Bebe Black Top,Bebe,Top
10005412,0,22.99,0.0,S,Bebe BlkBlouse,Bebe,Top
10003778,1,0.0,0.0,XL,Bechamel Black Embroider,Bechamel,Other
10006577,0,35.99,0.0,,Bechamel Brown Woven Leather Bag,Bechamel,Accessories
10007764,1,0.0,0.0,,Bechamel BrownWovenBag,Bechamel,Accessories
10006448,1,0.0,0.0,XL,Beige Cardigan,Unknown,Sweater/Cardigan
10005553,1,0.0,0.0,M,Beige Cardigan w Trim,Unknown,Sweater/Cardigan
10008723,1,0.0,6.5,,Beige Crochet Fringe Vest L,,Top
10003953,0,24.99,0.0,8,Beige Sequin Shorts,,Shorts
10004967,1,0.0,0.0,8,Beige Shiny Detail Dress Pants,Unknown,Dress
10005091,0,13.99,0.0,L,Beige Twist Top Nvy,Beige,Top
10004444,1,0.0,0.0,12,Bejeweled Jean,Christine Alexander,Jeans/Pants
10006500,1,0.0,0.0,L,Beldini Grey Cardigan,,Sweater/Cardigan
10007232,0,21.51572,0.0,,Beli Fama Dress Size,,Dress
10005365,0,28.99,0.0,,Belissima Hat Brown w Flowers,,Top
10005574,1,0.0,0.0,S,Beliza Purple Shimmer Blazer,Beliza,Jacket/Coat
10007036,1,0.0,0.0,S,Bella Barnett Hot Pink Dress,Bella Barnett,Dress
10003837,1,0.0,0.0,M,Bella D Muave Blouse,Bella D,Top
10004341,1,0.0,0.0,M,BellaCanvas Teal Tank,Bella Canvas,Top
10005978,1,0.0,0.0,XL,Belldini Gray Cardigan,Belldini,Sweater/Cardigan
10007714,1,0.0,0.0,M,Belldini Orange SL Top,Belldini,Top
10007183,1,0.0,0.0,S,Belldini SS Top Red,,Top
10006240,0,0.0,0.0,,Belt,,Accessories
10006135,1,0.0,0.0,XS,BenSH MulticolStripeBttnDwn,Ben Sherman,Top
10007015,1,0.0,0.0,10,Benneton Black Pants,Benneton,Jeans/Pants
10008329,1,0.0,0.0,10,Bernardo Blk&WhiSkirt,Bernardo,Skirt
10006989,1,0.0,0.0,XS,Bershka Cream Jacket,Bershka,Jacket/Coat
10004867,1,0.0,0.0,M,Bershka PinkCorsetTop,Bershka,Set
10003360,1,0.0,14.99,8,Betsey Johnson White Beaded 1,Betsey Johnson,Other
10004087,0,25.99,0.0,M,Betsy Johnson Burgundy Crochet Dress,Betsey Johnson,Dress
10008362,1,0.0,0.0,16,BetsyL GrnAniprintJacket,Betsy Lauren,Jacket/Coat
10006991,1,0.0,0.0,L,Better Together Green Strechy Shorts,Better Together,Shorts
10008253,1,0.0,6.0,,Better Together Sage Green Top L,,Top
10006506,1,0.0,0.0,40,Biaggini Blue & White Skirt,Biaggini,Skirt
10002002,1,0.0,0.0,,BiagginiSkirt_3,Biaggini,Skirt
10004989,0,16.093,0.0,M,Billabong Burgundy Fuzzy Sweater,Billabong,Sweater/Cardigan
10008162,1,0.0,8.0,31,Billabong Coral Pants,Billabong,Jeans/Pants
10006652,0,23.99,0.0,M,Billabong white dress,Billabong,Dress
10006886,0,23.99,0.0,M,Billabong YellowFlowerSkirt,Billabong,Skirt
10007657,0,54.99,0.0,7,Billini Silver Boots,,Shoes
10007669,1,0.0,12.0,,Birch Hill Black Jacket S,,Jacket/Coat
10003946,1,0.0,0.0,M,Bishop Metallic Rose Longsleeve Dress,Bishop X Young,Dress
10005286,0,21.99,0.0,S,BishopY PinkSleevlessBlouse,Bishop X Young,Top
10008411,1,0.0,5.0,,Bisou Bisou Blue Skirt L,,Skirt
10006751,0,27.99,0.0,L,Bisou Bisou Lavender Satin Tank,Bisou Bisou,Top
10007467,1,0.0,0.0,8,Bisou Bisou Purple Red SL Dress,Bisou Bisou,Dress
10006739,0,46.99,0.0,,Bisou Bisou Silver Bracelet Black Stone,Bisou Bisou,Accessories
10006623,0,19.99,0.0,16,Bisou Denin Top,,Top
10004810,1,0.0,0.0,16,Bisou Pink Brown Dressy Tank,Bisou Bisou,Dress
10004929,1,0.0,0.0,M,Bisou BlkBeadedBlouse,Bisou Bisou,Top
10007325,0,12.99,0.0,,Biviar Black Hat,Biviar,Accessories
10005073,1,0.0,0.0,S,Bizz Slvlss Top Grey,Bizz,Top
10003358,1,0.0,9.99,10,Bjorndal Black Shoes,Bjorndal,Shoes
10006752,1,0.0,0.0,XXL,Black & Beige Lingerie Tank,Unknown,Top
10007933,1,0.0,0.0,,Black & Gold Knot Necklace,Unknown,Accessories
10006758,1,0.0,0.0,L,Black & Gold Lingerie Dress,Unknown,Dress
10007254,1,0.0,0.0,M,Black & Gold sequin pants,,Jeans/Pants
10005526,0,14.99,0.0,M,Black & Green Floral Skirt,Unknown,Skirt
10005965,0,25.99,0.0,M,Black & White Knit Cover Up,Unknown,Sweater/Cardigan
10005520,1,0.0,0.0,S,Black & White Pattern Sheer LS Turtleneck,Unknown,Top
10003752,0,12.99,0.0,,Black Belt Stitch Design,,Accessories
10007988,1,0.0,0.0,,Black Belt w Silver Buckle & Studs,Unknown,Accessories
10004164,1,0.0,0.0,S,Black Bodysuit w Rhinestones,Unknown,Top
10004364,0,18.99,0.0,M,Black Cardigan,Unknown,Sweater/Cardigan
10004960,1,0.0,0.0,M,Black Chiffon Tank,Unknown,Top
10008177,1,0.0,5.5,S,Black Colorful Floral Underskirt,Unknown,Skirt
10008287,0,12.0,0.0,XS,Black Crop Top,Unknown,Top
10006283,0,14.99,0.0,L,Black Crop Top Spaghetti Strap,Unknown,Top
10003977,0,32.99,0.0,M,Black Detail Skirt,,Skirt
10007269,1,0.0,0.0,S,Black Dress,,Dress
10004340,1,0.0,0.0,S,Black Faux Leather Jacket,Black Rivet,Jacket/Coat
10005743,1,0.0,0.0,L,Black Flower SS Coverup,Unknown,Top
10004534,0,18.99,0.0,M,Black Jean Mini Dress with Metal Button,,Dress
10005535,0,34.99,0.0,XS,Black Jean Strapless Denim Dress,Unknown,Dress
10006482,1,0.0,0.0,M,Black LS Lace Top,Unknown,Top
10004802,1,0.0,0.0,M,Black LS Shirt Bedazzle,Unknown,Top
10004483,1,0.0,0.0,XS,Black Lace Dress,White House Black Market,Dress
10005870,1,0.0,0.0,M,Black Lace Seethrough Blouse,Unknown,Top
10006748,1,0.0,0.0,XXL,Black Lace Top Cover Up,Unknown,Top
10006390,1,0.0,0.0,44,Black Leather Belt,Unknown,Accessories
10007983,0,12.99,0.0,,Black Leather Belt with Brown Design,Unknown,Accessories
10003080,0,24.99,0.0,,Black Leather w gold bullet stud belt_Un,Unknown,Accessories
10008210,1,0.0,6.0,M,Black Mesh Top,,Top
10008202,1,0.0,6.0,L,Black P Blue Peacock Feather Top,Black Poppy,Top
10007452,0,18.99,0.0,,Black Pleather Purse Silver Hardware,Unknown,Accessories
10005624,1,0.0,0.0,M,Black Red White SL Top,Unknown,Top
10007340,1,0.0,0.0,,Black Rhinestone Multi Strand,Unknown,Other
10004796,1,0.0,0.0,M,Black Ruffle Dress,Unknown,Dress
10007788,1,0.0,0.0,M,Black SL Rose Ruffle Dress,Unknown,Dress
10006557,0,24.99,0.0,S,Black Seethrough Top,Unknown,Top
10007618,1,0.0,0.0,12,Black Sequin Dress,,Dress
10008176,1,0.0,8.0,14,Black Skirt Blue Flowers,Unknown,Skirt
10003332,1,0.0,0.0,,Black Skirt w Beaded Flower,Joe Benbasset,Skirt
10003583,1,0.0,0.0,10,Black Stitch Wide-Leg Pant,Elexenses,Jeans/Pants
10005192,0,14.99,0.0,M,Black Tank,Unknown,Top
10006377,1,0.0,0.0,2,Black Velvet Belt with Jewels,Unknown,Top
10006587,0,14.99,0.0,,Black Velvet Hat,Unknown,Accessories
10004979,1,0.0,0.0,M,Black White Tie Back QS,Unknown,Other
10006422,-1,25.99,0.0,,Black belt with silver,,Accessories
10006830,1,0.0,0.0,,Black coach purse,Coach,Accessories
10005901,-1,32.99,0.0,,Black floral shirt,,Top
10008666,0,12.99,0.0,,Black lace coverall OSFM,,Other
10006832,0,195.0,0.0,,Black leather coach purse,Coach,Accessories
10007187,0,28.99,0.0,,Black sequin,,Other
10007994,1,0.0,13.1,,Black Yellow Silver Necklace,,Accessories
10008590,1,0.0,8.0,,BlackBeadFurrBag,Unknown,Accessories
10004913,1,0.0,0.0,7.5,BlackBoot,Unknown,Shoes
10008354,1,0.0,0.0,,BlackCrochetCover,Unknown,Other
10008313,1,0.0,0.0,,BlackCrossBag,Unknown,Top
10007766,1,0.0,0.0,,BlackItalianLeatherBag,Unknown,Accessories
10008591,1,0.0,8.0,M,BlackLaceCoverUpDress,Unknown,Dress
10003597,0,15.99,0.0,,BlackLoopTieBelt,Unknown,Accessories
10006880,0,29.99,0.0,S,BlackPantwBows,Unknown,Jeans/Pants
10006904,1,0.0,0.0,XL,BlackRuffleSkort,Unknown,Other
10007372,0,20.99,0.0,,BlackScrunchBag,Unknown,Accessories
10007394,0,28.99,0.0,,BlackSheerdesignTop,Unknown,Other
10008346,0,21.99,0.0,M,BlackSkirt,Unknown,Skirt
10004412,0,11.99,0.0,,BlackStuddedBelt,Unknown,Accessories
10005094,0,12.99,0.0,M,BlackTape Strappy Tank Pink,Black Tank,Top
10004451,1,0.0,0.0,S,BlackZipUp,Unknown,Other
10006898,1,0.0,0.0,M,BlackZipupJacket,Unknown,Jacket/Coat
10007133,1,0.0,0.0,13,Blackheart Denim Shorts (M),Blackheart,Shorts
10009805,1,0.0,0.0,2,Blank NYC Overalls Green,Blank NYC,Top
10007527,1,0.0,0.0,M,BlankNYC Beige Jacket,,Jacket/Coat
10005194,0,24.99,0.0,,BlankNYC Tan Suede Zip Up Jacket,Blank NYC,Jacket/Coat
10003909,0,23.99,0.0,L,Blashe Muave Leotard,Blashe,Other
10004128,1,0.0,0.0,4,Blk Jeweled Mickey Tee,Unknown,Top
10003844,0,27.99,0.0,12,Blk&Prp Silk Dress,Signature,Dress
10004856,0,25.99,0.0,S,Blk&WhiLaceSkirt,Unknown,Skirt
10006000,1,0.0,0.0,M,Blk&WhiPatternDress,Unknown,Dress
10003699,1,0.0,0.0,L,Blk&White Floral Top,Unknown,Top
10004250,1,0.0,0.0,S,Blk Wht Spotted Ruffle Skirt,Unknown,Skirt
10006350,1,0.0,0.0,,BlkChainBag,Unknown,Accessories
10005770,1,0.0,0.0,M,BlkDottedtieTop,Unknown,Other
10004413,0,9.99,0.0,,BlkFauxLeatherBelt,Unknown,Accessories
10004934,1,0.0,0.0,L,BlkFloralTop,Unknown,Other
10005453,1,0.0,0.0,M,BlkMulticolStripeTankTop,Unknown,Top
10006108,0,13.99,0.0,L,BlkSheerTshirt,Unknown,Top
10007079,0,16.99,0.0,7.5,Blowfish Brown Sandals,,Top
10005119,1,0.0,0.0,L,Blu Pepper Black LS Pink Floral,Blu Pepper,Top
10003470,1,0.0,0.0,L,Blu Pepper Cardigan Green,Blu Pepper,Sweater/Cardigan
10003466,1,0.0,0.0,XL,Blu Pepper Cardigan Green,Blu Pepper,Sweater/Cardigan
10007773,0,25.99,0.0,L,Blu Pepper Yellow Orange Two Piece Set,Blu Pepper,Set
10003569,1,0.0,0.0,4,Blu&Blk Polka Pant NWT,Loft NWT,Jeans/Pants
10003637,0,22.99,0.0,M,BluPe BlkLaceSlvzlessTop,Blu Pepper,Top
10006045,0,22.99,0.0,S,BluPepper BrwnPolkaDCard,Blu Pepper,Other
10004256,1,0.0,0.0,S,Blue Athleisure Jacket,Athleta,Jacket/Coat
10007216,0,15.99,0.0,M,Blue Blush Brown Strapless Dress,Blue Blush,Dress
10006816,1,0.0,0.0,M,Blue Blush Red Dress,Blue Blush,Dress
10007556,0,19.0,0.0,L,Blue Canyon SS Top,,Top
10007222,0,25.99,0.0,XS,Blue Floral SL Dress,Band of the Free,Dress
10004759,1,0.0,0.0,M,Blue Green Black Groovy Sleeveless,Unknown,Top
10004145,1,0.0,0.0,,Blue Green Knit Scarf,Unknown,Sweater/Cardigan
10004818,0,12.99,0.0,S,Blue Jasmine Blue Crop Top,Blue Jasmine,Top
10005559,0,24.99,0.0,M,Blue Knit LS Cardigan,Unknown,Sweater/Cardigan
10004233,0,15.99,0.0,,Blue Pink Beaded Baseball Cap,Olive & Qique,Other
10006576,0,21.95,0.0,,Blue Purse Silver Hardware,Unknown,Accessories
10005662,1,0.0,0.0,S,Blue Rain NWT Gray Skirt,Blue Rain NWT,Skirt
10005631,1,0.0,0.0,L,Blue Rain Off Shoulder Striped Top,Blue Rain,Top
10005604,1,0.0,0.0,S,Blue Rain Pink Pattern Halter Tank,Blue Rain,Top
10007365,1,0.0,0.0,S,Blue Shorts,Unknown,Shorts
10004449,0,0.0,0.0,8,Blue Straight Leg Pants,Unknown,Jeans/Pants
10005609,1,0.0,0.0,M,Blue Tank Reversible,Unknown,Top
10005218,1,0.0,0.0,S,Blue Tassel Pink Shirt,Blue Tassel,Top
10004130,1,0.0,0.0,M,Blue Tiedye Tee,Unknown,Top
10007890,0,0.0,0.0,,Blue bracelet,,Accessories
10005417,1,0.0,0.0,M,Blue&WhiDress,Unknown,Dress
10008071,1,0.0,0.0,M,Blue&YellowSweatrTank,Unknown,Top
10008733,1,0.0,8.7,,Blue Black Lace Undergarment M,,Other
10007393,1,0.0,0.0,M,BlueGoldGemDressSet,Unknown,Dress
10006783,1,0.0,0.0,S,BlueSFA WhiNavyRedTop,Blue Saks Fifth Avenue,Other
10005180,0,15.99,0.0,M,BlueSteel Multipttrn Crop,Bluesteel,Top
10006803,1,0.0,0.0,S,BlueTique OrangeTankTop,BlueTique,Top
10008636,1,0.0,4.5,,Bluebird Sleeveless Top Grey S,,Top
10007892,0,15.99,0.0,,Bluebracelet blue,Unknown,Accessories
10008259,1,0.0,6.0,,Blueh Ciel Pink Beige Top L,,Top
10006827,1,0.0,0.0,S,Bluetique OrangeSlvlessTop,BlueTique,Top
10007690,1,0.0,0.0,M,Blush Green Cargo Pants NWT,Blush,Jeans/Pants
10006985,1,0.0,0.0,S,Blush Jumpsuit Heart Btns As-Is,Unknown,Romper/Jumpsuit
10004540,0,40.0,0.0,L,Blush Lavender Lingerie Romper,Blush,Romper/Jumpsuit
10004753,1,0.0,0.0,M,Blush Orange & White Floral Shawl,Blush,Other
10003929,1,0.0,0.0,M,Blush Slip Dress,Unknown,Dress
10005048,1,0.0,0.0,L,Blush Floral Crop Prpl,Blush,Other
10005153,0,14.99,0.0,S,Blush Pattern Top Brwn&Crm,Blush,Top
10008672,1,0.0,3.25,,Bob Mackie Lavender SS Blouse L,,Top
10008477,1,0.0,8.0,10,Bob Mackie Leopard Top,,Top
10004757,0,17.493,0.0,L,Bobbi Brooks Gray Knit SS,Bobbi Brooks,Sweater/Cardigan
10006499,1,0.0,0.0,M,Bobbie Brooks Romper Pink,,Romper/Jumpsuit
10004977,0,39.99,0.0,6,Boden Blue & White Skirt,Boden,Skirt
10004507,1,0.0,0.0,2,Boden Blue Multicolor Skirt,Boden,Skirt
10005221,1,0.0,0.0,2,Boden Floral Black Top,Boden,Top
10007973,0,19.0,0.0,,Boden Green LS Top 10,,Top
10004607,1,0.0,0.0,8,Boden JeanDress,Boden,Dress
10007334,1,0.0,0.0,M,Body Central Blk Top,Body Central,Top
10008175,1,0.0,6.0,M,Body Jewels Red Lingerie Top,Body Jewels,Top
10005154,0,15.99,0.0,M,BodyCentral Sheer Top Camel,Body Central,Top
10007559,0,20.0,0.0,,Boft Broke Hearts Sweater White L,,Sweater/Cardigan
10006639,1,0.0,0.0,,Boldrini Orange Leather Bag w Hyde,Boldrini Selleria,Accessories
10007280,1,0.0,0.0,M,Bombay & Paisley Pink Dress,,Dress
10003963,1,0.0,0.0,L,Bongo Grey Sequin Top,Bongo,Top
10006981,1,0.0,0.0,6,Boohoo NWT White Crop Top,Boohoo NWT,Top
10007944,1,0.0,0.0,S,Boom Boom Black Skirt Zipper,Boom Boom,Skirt
10006327,0,21.99,0.0,9,Born Beige Knit Slip Ons,Born,Sweater/Cardigan
10007895,1,0.0,10.5,,Born Black Patent Leather 10,,Other
10003350,0,49.99,0.0,10,Born Tan Boots,Born,Shoes
10007075,1,0.0,0.0,8,Born White Sandals,Born,Top
10007757,1,0.0,0.0,M,BostonProper GoldSequinPant,Boston Proper,Jeans/Pants
10006636,-1,12.99,0.0,,Bracelet,,Accessories
10007284,-1,24.99,0.0,,Bracelet metal,,Accessories
10007889,0,0.0,0.0,,Bracelet\silver,,Accessories
10003984,0,45.99,0.0,,Brahman Brown Leather Purse,Brahman,Accessories
10003704,0,15.99,0.0,,Braided Leather Belt,Unknown,Accessories
10007841,1,0.0,14.0,,Brass & Onyx Bracelet,,Top
10006370,0,25.99,0.0,,Brass Metal Belt with Blue,Unknown,Top
10006151,0,12.99,0.0,,BrassBracelettrio,Unknown,Top
10008721,1,0.0,8.5,,Breckenridge Lemonade Cardigan L,,Sweater/Cardigan
10004169,0,21.99,0.0,,Briggs NY Floral Skirt Black,Briggs New York,Skirt
10008658,1,0.0,4.5,8,Briggs Pink Floral Skirt,Briggs New York,Skirt
10007342,0,18.99,0.0,,Brighton Silver Necklace,Brighton,Accessories
10007402,0,32.99,0.0,,Brighton WeaveShoulderBag,Brighton,Accessories
10002634,1,0.0,0.0,XL,Brittany Black Beige ShortSleeve,Brittany Black,Shorts
10007661,1,0.0,0.0,M,Brittany Black Brown Sweater,,Sweater/Cardigan
10005012,1,0.0,0.0,XL,Brittany Purple LS Top,Brittany Black,Top
10008559,1,0.0,8.0,S,BrntOrangeLaceBodysuit,Unknown,Top
10005270,1,0.0,0.0,10,Bronks Brothers Pale Pink Buttondown,Bronks Brothers,Other
10006735,1,0.0,0.0,,Bronze Bracelet,Unknown,Accessories
10004248,0,45.99,0.0,9,Bronze Square-Toe Boot,Gianni Bini,Shoes
10004724,1,0.0,0.0,L,Brooks Bro Pink LS Buttondown,Brooks Brothers,Top
10007893,1,0.0,25.0,,Brooks Brothers Black Heels 8.5,,Top
10003512,1,0.0,0.0,10,Brooks Brothers Pants Black,Brooks Brothers,Jeans/Pants
10002678,1,0.0,0.0,,Brooks BrothersBlazer,Brooks Brothers,Jacket/Coat
10006118,1,0.0,0.0,2,BrooksB MultiColPocketDress,Brooks Brothers,Dress
10006405,0,32.99,0.0,8,BrooksBro MulticolSkirt,Brooks Brothers,Skirt
10008328,0,29.99,0.0,L,BrooksBros StripeCollarDress,Brooks Brothers,Dress
10004794,1,0.0,0.0,XL,Brown & Black Skull Sweater,Unknown,Sweater/Cardigan
10003242,0,17.99,0.0,,Brown & Silver Bracelet,Unknown,Accessories
10006393,0,16.99,0.0,,Brown & White Belt,Unknown,Accessories
10006371,0,15.99,0.0,,Brown Belt with Gold Beads,Unknown,Accessories
10006374,1,0.0,0.0,,Brown Belt with Jeweled Buckle,Unknown,Accessories
10006555,0,21.99,0.0,,Brown Blue Crochet Purse,Unknown,Accessories
10006391,1,0.0,0.0,,Brown Braid Knit Belt,Unknown,Sweater/Cardigan
10006384,1,0.0,0.0,,Brown Braided Belt,Unknown,Accessories
10007157,23,47.98,368.0,L,Brown Chic Vintage T Shirt,,Top
10007156,25,0.0,400.0,M,Brown Chic Vintage T Shirt,,Top
10007155,25,0.0,400.0,S,Brown Chic Vintage T Shirt,,Top
10007158,25,0.0,400.0,XL,Brown Chic Vintage T Shirt,,Top
10007154,25,0.0,400.0,XS,Brown Chic Vintage T Shirt,,Top
10006738,1,0.0,0.0,,Brown Choker w Bedazzled Pendant,Unknown,Other
10007985,0,12.99,0.0,,Brown Cutout Design Leather Belt,Unknown,Accessories
10007941,0,17.20755,0.0,,Brown Dangle Earrings,Unknown,Accessories
10006245,1,0.0,0.0,6,Brown Floral Skirt,Unknown,Skirt
10006383,0,15.99,0.0,,Brown Fringe Belt,Unknown,Accessories
10003079,0,15.0,0.0,,Brown Grommet Belt_Un,Unknown,Accessories
10006736,1,0.0,0.0,,Brown Leather Bedazzled Belt,Unknown,Accessories
10006380,0,22.99,0.0,,Brown Leather Belt,Unknown,Accessories
10006376,0,18.99,0.0,,Brown Leather Belt Brass Buckle,Unknown,Top
10006392,1,0.0,0.0,,Brown Leather Belt Design,Unknown,Accessories
10007987,0,17.99,0.0,,Brown Leather Belt Red Blue Studs,Unknown,Accessories
10005561,1,0.0,0.0,M,Brown Leaves Sheer Turtleneck,Unknown,Other
10007878,1,0.0,6.5,,Brown Light Trench Coat S,,Jacket/Coat
10003313,0,84.99,0.0,11,Brown Suede Boots,Unknown,Shoes
10006582,1,0.0,0.0,,Brown Tassel Beaded Necklace,Unknown,Top
10008249,0,17.99,0.0,L,Brown Tote Bag M,,Accessories
10004566,0,15.99,0.0,,Brown Waist Belt Double Loop,,Accessories
10006778,1,0.0,0.0,,Bruce Lee Hat,Bruce Lee,Accessories
10004423,1,0.0,0.0,12,BrushedTwillPant Tan,Jones New York,Jeans/Pants
10006318,1,0.0,0.0,L,Brwn Gry Pink Wrap Dress,Good Yarn,Dress
10004470,1,0.0,0.0,S,Brwn&BlueDress,Unknown,Dress
10004853,1,0.0,0.0,9,BrwnFloralStitchSkirt,Unknown,Skirt
10008326,1,0.0,0.0,,BrwnLeafScarf,Unknown,Accessories
10008352,0,14.99,0.0,M,BrwnxGreyCroppedVest,Unknown,Top
10008339,0,24.99,0.0,S,BrynWalker BrwnBttnDwn,Bryn Walker,Other
10004518,1,0.0,0.0,,Brz&Gld Chunky Necklace,Unknown,Accessories
10007845,1,0.0,12.0,,Bubble Necklace,,Accessories
10006667,1,0.0,0.0,L,Buckle Belt Off White with Gem Buckle,Buckle,Accessories
10004437,1,0.0,0.0,4,Buckle Black Jeans,Buckle Black,Jeans/Pants
10003496,1,0.0,0.0,14,Buffalo David Bitton Pants Brown,David Bitton,Jeans/Pants
10003649,1,0.0,0.0,9.5,Bugatti Reddetailedboots,Bugatti,Shoes
10006917,1,0.0,0.0,7,BullHead JeanShorts,Bullhead,Shorts
10005752,1,0.0,0.0,M,Burgundy Cold Shoulder Top,Unknown,Top
10004984,1,0.0,0.0,L,Burgundy Floral Corduroy LS Buttondown,Unknown,Top
10003945,1,0.0,0.0,M,Burgundy Velvet Red Collar Dress,,Dress
10006141,1,0.0,0.0,XL,BurntOrangeTop,Unknown,Other
10008376,1,0.0,7.99,S,Buttans tubetop,Buttans,Top
10008254,1,0.0,3.25,,Butterfly Dropout Purple Top XL,,Top
10006150,0,25.99,0.0,,ButterflyNecklace,Unknown,Accessories
10004422,0,29.99,0.0,S,ButtonSkirt Blk,Sanctuary,Skirt
10005117,0,18.99,0.0,L,By Together Gray Velvet Tank Lace Trim,By Together,Top
10005774,0,18.99,0.0,S,ByTogether Blk&WhiSkirt,By Together,Skirt
10005622,1,0.0,0.0,M,Byer Red Cold Shoulder Shirt,Byer California,Top
10008617,1,0.0,24.99,M,Byron Lars Black Dress,,Dress
10006546,1,0.0,0.0,M,C & E NWT Black One Shoulder Top,C & E,Top
10005562,1,0.0,0.0,XL,C Gray Pattern Knit Top,C C,Sweater/Cardigan
10008412,1,0.0,9.25,,C by One Silver Blazer M,,Jacket/Coat
10004925,1,0.0,0.0,12,C&B BrownFloralSkirt,Christopher & Banks,Skirt
10006839,0,12.99,0.0,S,C&C red and white crochet dress,C&C california,Dress
10007315,1,0.0,0.0,,CIO Yellow Purse,Cio,Accessories
10005146,1,0.0,0.0,S,CPOProvisions Flannel Grn&Peach,CPO Provisions,Other
10003757,1,0.0,0.0,M,CR Army Green Zip Up Vest,Cynthia Rowley,Top
10003759,1,0.0,0.0,L,CR Black Skirt,Charlotte Russe,Skirt
10007875,-1,21.99,0.0,,Cabi,,Other
10005646,1,0.0,0.0,M,Cabi Black & Pink LS Top,Cabi,Top
10004502,1,0.0,0.0,L,Cabi Blk Pttrn Skirt,Cabi,Skirt
10005711,0,22.99,0.0,4,Cabi Jean Skirt,Cabi,Skirt
10006603,1,0.0,0.0,S,Cabi Magenta SL Top,Cabi,Top
10005266,1,0.0,0.0,M,Cabi Mint Gray Black Pattern SL Sheer Top,Cabi,Top
10005594,1,0.0,0.0,S,Cabi Orange Chiffon SL Top,Cabi,Top
10008506,1,0.0,5.3,,Cabi Red Sleeveless Top XS,,Top
10006455,1,0.0,0.0,XL,Cabi Yellow Sheer SL Top,Cabi,Top
10005279,1,0.0,0.0,L,Cabi GreyMulticolTop,Cabi,Other
10008565,1,0.0,13.0,M,Cabi WhiteLaceShirt,Cabi,Top
10002398,1,0.0,0.0,,CabiCoat_Go,Cabi,Jacket/Coat
10001173,0,22.99,0.0,,CabiLS Top_Vi,Cabi,Top
10008676,1,0.0,6.5,,Cabin Creek Red Zebra Shirt L,,Top
10004835,0,18.99,0.0,S,Cable & G Green Cheetah Print SL,Cable X Gauge,Other
10006538,0,18.99,0.0,XL,Cable & Gauge Black SL Lace Top,Cable X Gauge,Top
10003465,1,0.0,0.0,XL,Cable & Gauge Cardigan Pink,Cable X Gauge,Sweater/Cardigan
10004265,1,0.0,0.0,1,Cable & Gauge Velvet Dk Green Top,Cable X Gauge,Top
10005018,0,18.99,0.0,S,Cable Gauge Tan SL Embroider,Cable X Gauge,Other
10005058,0,16.01311,0.0,M,Cable Top Pink,Unknown,Top
10000078,2,26.99,0.0,,Cable X GaugeSweater_An,Cable X Gauge,Sweater/Cardigan
10003849,0,24.99,0.0,0,Cache Gray Pants Tan Stitch,Cache,Jeans/Pants
10006911,0,24.99,0.0,L,CalStyle GrnTanSkirt,Cal Style,Skirt
10008045,0,30.0,0.0,S,Caleaas Purple Jacket,Caleaas,Jacket/Coat
10003441,0,59.99,0.0,6,Cali 1850 Bluejeans,Cali 1850,Jeans/Pants
10003693,1,0.0,0.0,M,Calia Patterned Sweater,Calia,Sweater/Cardigan
10006797,1,0.0,0.0,XS,Calia PurpleSweater,Calia,Sweater/Cardigan
10004666,1,0.0,0.0,S,Calis GreyLongsleeve,Calia,Other
10004639,1,0.0,0.0,4,Calvin K Beige Dress,Calvin Klein,Dress
10007363,1,0.0,0.0,S,Calvin K Black Cardigan Lace Sleeve,Calvin Klein,Sweater/Cardigan
10007685,1,0.0,0.0,XL,Calvin K Black Puffer Vest,Calvin Klein,Jacket/Coat
10007868,0,24.99,0.0,XS,Calvin K Gray Silk Tank,Calvin Klein,Top
10003758,1,0.0,0.0,XL,Calvin Klein Beige Cardigan,Calvin Klein Jeans,Sweater/Cardigan
10004623,0,24.99,0.0,12,Calvin Klein Black Dress,Calvin Klein,Dress
10003371,0,31.99,0.0,L,Calvin Klein Black LS Top,Calvin Klein,Top
10005658,0,22.99,0.0,L,Calvin Klein Black SL Top,Calvin Klein,Top
10006378,0,17.99,0.0,,Calvin Klein Black Studded Belt,Calvin Klein,Accessories
10003686,1,0.0,0.0,M,Calvin Klein Blk Sequin Top,Calvin Klein,Top
10008729,1,0.0,8.7,,Calvin Klein Denim Romper 8,,Jeans/Pants
10006394,0,22.99,0.0,,Calvin Klein Gold Studded Belt,Calvin Klein,Accessories
10004196,1,0.0,0.0,,Calvin Klein Jumpsuit,Calvin Klein,Romper/Jumpsuit
10005970,1,0.0,0.0,M,Calvin Klein Light Pink Sweater,Calvin Klein Jeans,Sweater/Cardigan
10007006,1,0.0,0.0,XL,Calvin Klein Turquoise Hoodie,Calvin Klein,Other
10006956,1,0.0,0.0,M,Calvin Klein White Pants,Calvin Klein,Jeans/Pants
10004279,1,0.0,0.0,L,Calvin Klein Light Blue Distressed Hoodie,Calvin Klein,Top
10003195,1,0.0,0.0,,Calvin KleinCalvin Klein Black w Diamonds Pants,Calvin Klein,Jeans/Pants
10000428,1,0.0,0.0,,Calvin KleinPants_ca,Calvin Klein,Jeans/Pants
10002801,2,0.0,0.0,,Calvin KleinSleeveless Top_Za,Calvin Klein,Top
10003585,1,0.0,0.0,L,CalvinK Blk&OrngSweater,Calvin Klein,Sweater/Cardigan
10007697,1,0.0,0.0,S,CalvinK PinkJacket,Calvin Klein Jeans,Jacket/Coat
10006047,0,18.99,0.0,XL,CalvinK PinkTop,Calvin Klein,Other
10003907,1,0.0,0.0,6,CalvinKlein Jean Skirt,Calvin Klein,Skirt
10004298,0,29.99,0.0,16,CalvinKlein BlkTanDress,Calvin Klein,Dress
10004258,1,0.0,0.0,XS,Camel Silk Cashmere Sweater,Banana Republic,Sweater/Cardigan
10004477,1,0.0,0.0,18,Camel Slacks,Unknown,Other
10003711,0,5.99,0.0,,Camel Thin Waistbelt,Unknown,Accessories
10003423,1,0.0,0.0,L,Camelot Camisole White,Camelot,Top
10003987,1,0.0,0.0,L,Camille Black Longsleeve Red Zipper,Camille,Top
10005530,1,0.0,0.0,L,Can't Miss Black Ruffle Tank,Can'T Miss,Top
10005236,1,0.0,0.0,,Candalite Petite Pink Dress PM,Candalite Petite,Dress
10006586,1,0.0,0.0,M,Candie's Black Blazer,Candiexs,Jacket/Coat
10008452,1,0.0,10.95,,Candie's Girl Black Skirt XL,,Skirt
10006706,1,0.0,0.0,S,Candie's Lilac Halter Dress,Candiexs,Dress
10008480,0,35.99,0.0,XL,Candies Pink Jacket,,Jacket/Coat
10006692,0,25.99,0.0,M,Canyon River Army Green Overalls,Canyon River Blues,Top
10004190,1,0.0,0.0,3,Canyon Road Tan Skirt w Stitch Detail,Canyon Road,Skirt
10006510,1,0.0,0.0,12,Cappagallo Pink Butterfly Pants,Cappagallo,Jeans/Pants
10005548,0,24.99,0.0,L,Cara Santana Black Velvet Blazer,Cara Santana X Nine West,Jacket/Coat
10005413,1,0.0,0.0,S,Caramela Blksequintop,Caramela,Other
10005688,1,0.0,0.0,XXL,Carbon Black Leggings,Carbon,Jeans/Pants
10004728,1,0.0,0.0,XL,Carhart Purp x Yellow Plaid SS,Carhartt,Top
10003978,1,0.0,0.0,4,Carlisle Black Skirt White Details,Carlisle,Skirt
10005713,1,0.0,0.0,4,Carole Little Pink Skirt,Carole Little,Skirt
10007127,0,45.99,0.0,S,Carolina Belle Montreal Blue Jacket,Carolina Belle,Jacket/Coat
10003468,1,0.0,0.0,S,Carolina Belle Sleeveless Top Brown,Carolina Belle,Top
10002691,1,32.99,0.0,,Carolina BelleJacket_Ba,Carolina Belle,Jacket/Coat
10008322,0,14.99,0.0,10,CarolinaB RedWhiteShorts,Carolina Blues,Shorts
10005653,0,15.99,0.0,L,Caroline Hill Beige Tank w Fringe,Caroline Hill,Top
10002019,1,0.0,0.0,,CarvenSkirt_Ri,Carven,Skirt
10008021,0,24.14366,0.0,S,Casa Lee Beige Black Skull Vest 1,Casa Lee,Top
10008022,0,24.14366,0.0,S,Casa Lee Beige Black Skull Vest 2,Casa Lee,Top
10007049,1,0.0,0.0,9,Caslon Pink Strappy Boots,Caslon,Shoes
10008501,1,0.0,4.99,,Castaways YL Tennessee NC Bball T,,Top
10004311,1,0.0,0.0,14,Caston Blk&WhSkirt,Caston,Skirt
10006536,1,0.0,0.0,L,Casual Corner Black SL White Lining,Casual Corner,Other
10004805,0,26.99,0.0,12,Casual Corner Red Skirt Pattern,Casual Corner,Skirt
10008732,1,0.0,10.95,,Catherine's Blue White Dress 4X,,Dress
10008691,1,0.0,6.0,,Catherine's Sleeveless Top Pink 4X,,Top
10005009,1,0.0,0.0,L,Cato Brown Tinsel Cardigan,Cato,Sweater/Cardigan
10007680,1,0.0,0.0,XL,Cato Orange Knit Cardigan,Cato,Sweater/Cardigan
10008420,1,0.0,9.0,S,Cato Red Skirt,,Skirt
10008272,1,0.0,3.75,,Cato Sleeveless Top M,,Top
10008655,1,0.0,3.0,M,Cato Yellow Dress,,Dress
10005169,1,0.0,0.0,XL,Cato Multipattern Top Brwn,Cato,Top
10006934,1,0.0,0.0,14,Cato JeanDetailSkirt,Cato,Skirt
10005401,1,0.0,0.0,18,Cato SilverTop,Cato,Other
10006515,1,0.0,0.0,XL,Cattiva Black Ruffle Off Shoulder Top,Cattiva New York,Top
10008120,1,0.0,0.0,S,CautTTW WhiFlowerTank,Caution to the Wind,Top
10008487,1,0.0,7.6,,CeCe Paisley off shoulder top XL,,Top
10004746,1,0.0,0.0,S,CeCe Pink Sheer Top,Cece,Top
10004578,0,30.99,0.0,XS,Cece Pink Ruffle Blouse,Cece,Top
10008622,1,0.0,4.0,M,Cece Sleeveless Top,,Top
10000008,1,0.0,0.0,,CeceSweater_La,Cece,Sweater/Cardigan
10006257,1,0.0,0.0,L,Celebrity Pink Black Cardigan,Celebrity Pink,Sweater/Cardigan
10005101,0,22.99,0.0,M,Ceres Green Ruffle Tie Around SS Blouse,Ceres,Top
10004514,1,0.0,0.0,,Cezanne Silver Clutch,,Accessories
10002736,1,0.0,0.0,,ChadwicksBlazer_J,Chadwicks,Jacket/Coat
10006266,1,0.0,0.0,M,Chalet Green Coat,Chalet,Jacket/Coat
10005626,1,0.0,0.0,L,Chaps Black & White Jacket,Chaps,Jacket/Coat
10003839,1,0.0,0.0,M,Chaps Bllk&Wht Sweater Vest,Chaps,Sweater/Cardigan
10005515,1,0.0,0.0,L,Chaps Polka Dot Black Dress,Chaps,Dress
10007590,0,22.99,0.0,,Chaps Sleeveless Vest Black L,,Top
10004415,1,0.0,0.0,S,Chaps SheerPurple,Chaps,Other
10004326,1,0.0,0.0,M,Chaps WhMulticolButtnDwn,Chaps,Other
10006504,1,0.0,0.0,10,Chapter One White Pants,Chapter One,Jeans/Pants
10008581,1,0.0,8.0,S,CharR MaroonLaceBdySuit,Charlotte Russe,Other
10004079,1,0.0,0.0,L,Charles River Zipper Jacket,Charles River,Jacket/Coat
10006617,0,125.0,0.0,,Charlie Horse Handcrafted Brazilian Boots 8.5,,Shoes
10003570,1,0.0,0.0,10,Charlotte Blk Pant,Charolette Russe,Jeans/Pants
10007860,1,0.0,0.0,S,Charlotte R Floral One Shoulder Dress,Charlotte Russe,Dress
10005524,1,0.0,0.0,XL,Charlotte Russe Black Floral Strapless Dress,Charlotte Russe,Dress
10003863,0,21.99,0.0,M,Charlotte Russe Green Faux Satin Jogger,Charlotte Russe,Top
10007587,1,0.0,0.0,,Charlotte Russe Grey Hoodie M,,Top
10005555,1,0.0,0.0,XL,Charlotte Russe Pink Sweater,Charlotte Russe,Sweater/Cardigan
10006484,1,0.0,0.0,M,Charlotte Russe Yellow Dress,Charlotte Russe,Dress
10004352,1,0.0,0.0,M,CharlotteR Black Skirt,Charlotte Russe,Skirt
10008560,0,28.99,0.0,S,CharlotteR BlktoolSkirt,Charlotte Russe,Skirt
10005757,0,25.99,0.0,L,CharlotteR GreyBttnDwnShirt,Charlotte Russe,Top
10005178,0,18.99,0.0,S,CharlotteRusse Halter Top Prple&Gry,Charlotte Russe,Top
10006789,1,0.0,0.0,M,CharmianStmWrkBustier,Charmian,Other
10003976,1,0.0,0.0,,Charming Charlie Silver Metallic Purse,Charming Charlie,Accessories
10008521,1,0.0,10.95,,Charter Club Black Ribbed Tank L,,Top
10005315,1,0.0,0.0,2,Chase CowTshirt,Chase New Design,Top
10004273,1,0.0,0.0,L,Chaser Muave ACDC Pullover,Chaser,Sweater/Cardigan
10008000,1,0.0,0.0,2,Chatoyant Black Strechy Pants,Chatoyant,Jeans/Pants
10008034,1,0.0,6.25,,Chatoyant Blue Stretch Pants M,,Jeans/Pants
10008318,1,0.0,0.0,,CheetaScarf,Unknown,Accessories
10003529,1,0.0,0.0,XS,Chelsea & Theodore Sweater Brown,Chelsea X Theodore,Sweater/Cardigan
10008446,0,19.99,0.0,,Chelsea & Violet Red Shorts M,,Shorts
10004184,1,0.0,0.0,6,Chelsea Crew Black Loafers,Chelsea Crew,Top
10005634,0,24.99,0.0,1,Chelsea Red Floral SS Top,Chelsea X Theodore,Top
10008014,1,0.0,6.25,M,Chelsea Violet Green LS,Chelsea Violet,Top
10004369,1,0.0,0.0,S,Chelsea&Theo GreySweater,Chelsea X Theodore,Sweater/Cardigan
10004854,1,0.0,0.0,M,ChelseaV BluePatternedSkirt,Chelsea Violet,Skirt
10006100,1,0.0,0.0,S,ChelseaxT MulticolsheerDress,Chelsea X Theodore,Dress
10008333,1,0.0,0.0,14,ChettaB GreenBttnBeltDress,Chetta B,Dress
10006381,0,15.99,0.0,,Chico's Black Belt,Chico's,Accessories
10005933,1,0.0,0.0,2,Chico's Black Sequin SL Tank,Chico's,Top
10008722,1,0.0,8.5,,Chico's Black Skirt S,,Skirt
10007793,1,0.0,0.0,XL,Chico's Burgundy LS Top,Chico's,Top
10006340,0,18.99,0.0,S,Chico's Dark Blue Top,Chico's,Top
10008516,1,0.0,10.95,,Chico's Pink Tank Top 3,,Top
10004360,1,0.0,0.0,0,Chico's Tan&Gold Blazer,Chico's,Jacket/Coat
10005269,1,0.0,0.0,3,Chico's White Cardigan,Chico's,Sweater/Cardigan
10007770,1,0.0,0.0,6,Chico's White Jeans,Chico's,Jeans/Pants
10005890,0,29.99,0.0,0,Chico's White Silver Knit Sweater,Chico's,Sweater/Cardigan
10003588,1,0.0,0.0,,Chico's AniPrintPant,Chico's,Jeans/Pants
10004262,1,0.0,0.0,4,Chicos Blue Faux Suede Jacket,Chicoxs,Jacket/Coat
10007344,0,15.99,0.0,,Chicos Flower Sprakley Bracelet,Chicos,Accessories
10007321,1,0.0,0.0,2,Chicos Gold Puffer Vest,,Jacket/Coat
10004137,1,0.0,0.0,M,Chicos Grn Jacket,Chicos,Jacket/Coat
10003795,1,0.0,0.0,2,Chicos Jeans,So Slimming by Chicos,Jeans/Pants
10006312,1,0.0,0.0,8,Chicos Orange Cheetah LS,Chico's,Top
10004050,1,0.0,0.0,,Chicos So Slimming Pant,Chicoxs,Jeans/Pants
10007339,0,16.99,0.0,,Chicos Vintage Necklace,Chicos,Accessories
10009802,1,0.0,0.0,4,Chicos White Pants,Chico's,Jeans/Pants
10006824,1,0.0,0.0,0,Chicos White Orng Sweater,Chicos,Sweater/Cardigan
10005446,1,0.0,0.0,2,Chicos Bttn Dwn Blue,Chicos,Other
10005151,1,0.0,0.0,S,Chicos Jeweled Shawl Nvy&Slvr,Chicos,Other
10007388,1,0.0,0.0,XL,Chicos BlackSheerPatternCardigan,Chicos,Sweater/Cardigan
10006010,0,24.99,0.0,3,Chicos BluePatternCard,Chico's,Other
10007691,1,0.0,0.0,44,Chicos EmbroidPants,Chico's,Jeans/Pants
10004299,0,35.99,0.0,L,Chicos JeanJacket,Chicoxs,Jeans/Pants
10006805,1,0.0,0.0,0,Chicos MulticolFloralSweater,Chicos,Sweater/Cardigan
10007385,0,25.99,0.0,,Chicos SilverStringNecklace,Chico's,Accessories
10002693,1,0.0,0.0,,ChicosJacket,Chicoxs,Jacket/Coat
10002146,1,0.0,0.0,,ChicoxsCoat,Chicoxs,Jacket/Coat
10002767,1,0.0,0.0,,ChicoxsJacket,Chicoxs,Jacket/Coat
10007082,0,22.99,0.0,9,Chinese Laundry Brown Mules,Chinese Laundry,Other
10007046,1,0.0,0.0,6.5,Chinese Laundry Pink Heels,Chinese Laundry,Top
10004261,0,22.99,0.0,1,Chinese Laundry Red Pumps,Chinese Laundry,Shoes
10003144,0,85.0,0.0,,Chista Beaded Handbag,Chista,Accessories
10007257,0,28.99,0.0,XL,Chistopher Banks Grey Blazer,,Jacket/Coat
10007207,0,15.99,0.0,L,Chloe & Katie Yellow Skirt,Chloe & Katie,Skirt
10003542,1,0.0,45.0,L,Chloe Pants Black,Chloe,Jeans/Pants
10003438,1,0.0,0.0,,Chloe Suede Brown Marcie,Chloe,Other
10000201,2,0.0,0.0,,ChloePants_St,Chloe,Jeans/Pants
10003063,0,299.0,0.0,,ChloePurse_Ch,Chloe,Accessories
10004463,1,0.0,0.0,S,Chocolate BlkPants,Chocolate USA,Jeans/Pants
10006903,0,32.99,0.0,L,ChrisXBanks BwnBttnDwnVest,Christopher & Banks,Top
10005366,0,26.99,0.0,S,Christian Siriano Floral Black Top Real,Christian Siriano,Top
10007370,1,0.0,0.0,9,ChristianS GoldTassleFlats,Christian Siriano,Top
10008245,0,14.99,0.0,,Christina Black White Sleeveless L,,Top
10005709,0,10.99,0.0,L,Christopher & Banks Beige Tank,Christopher & Banks,Top
10003545,1,0.0,0.0,,Christopher & Banks Jacket Blue & White,Christopher & Banks,Jacket/Coat
10008490,0,27.99,0.0,,Christopher Banks Green Jacket XL,,Jacket/Coat
10008205,1,0.0,6.0,,Christopher Banks Purple Skorts 10,,Other
10007303,0,21.99,0.0,4,Christopher Blue White Pants,Christopher Blue,Jeans/Pants
10002522,1,0.0,0.0,,Christopher X BanksCoat_D,Christopher X Banks,Jacket/Coat
10007367,1,0.0,0.0,S,Christopher&B RedBttnSwtr,Christopher & Banks,Sweater/Cardigan
10007081,1,0.0,0.0,9,Chuhuan Brown Ballet Flats,Chuhuan,Shoes
10005278,0,18.99,0.0,S,Cider Black LS Tie Front,Cider,Top
10008481,0,17.99,0.0,S,Cider SS Top,,Top
10004782,0,24.99,0.0,M,Cinema Pink Lace Tulle Lingerie,Cinema Etoile,Other
10008539,1,0.0,0.0,8,Circle G Beige Emb Cowgirl Boots,Circle G,Shoes
10004410,1,0.0,0.0,,CircleBuckleBrwnBelt,Unknown,Accessories
10003205,1,0.0,0.0,,Circuit G Pink Boots,Circle G,Shoes
10007548,0,12.0,0.0,,Cisos Design Brown Sleeveless 8,,Top
10001792,1,0.0,0.0,,Citizens of Humanity,Citizens of Humanity,Other
10005674,0,29.99,0.0,30,Citizens of Humanity Bluejeans,Citizens of Humanity,Jeans/Pants
10005233,1,0.0,0.0,L,City Triangles Blue Dress,City Triangles,Dress
10006109,1,0.0,0.0,L,CityTriangles FloralDress,City Triangles,Dress
10008558,1,0.0,8.0,11,Claire BrwnStripeBlouse,Claire,Top
10003457,1,0.0,0.0,XL,Clara J. Long Sleeve Top Black & Green,Clara J,Top
10003357,1,0.0,9.99,,Clarks Beige Shoes,Clarks,Shoes
10003309,0,32.99,0.0,9,Clarks Brown Leather Boots,Clarks,Shoes
10008654,1,0.0,3.75,,Classic Peach Dress XL,,Dress
10007867,1,0.0,0.0,6,Classiques Black Pattern SL Dress,Classiques,Dress
10003639,1,0.0,0.0,S,Classiques Blk&TanCardigan,Classiques,Sweater/Cardigan
10007495,1,0.0,0.0,8,Claude Brown Brown Capri's,,Other
10004620,0,45.99,0.0,XL,Claudia Strater Green & Gold Dress,Claudia Strater,Dress
10004387,1,0.0,0.0,36,ClaudiePierlot SpottedBrwnPant,Claudie Pierlot,Jeans/Pants
10004516,0,13.5,0.0,,Clear Studded Bag,,Accessories
10007496,1,0.0,0.0,S,Closed Brown Cargo Pants,,Jeans/Pants
10000908,1,0.0,0.0,,Cloth X StoneLS Top_On,Cloth X Stone,Top
10006008,0,35.99,0.0,XS,ClothXStone GrnJumpsuit,Cloth X Stone,Romper/Jumpsuit
10006927,0,22.99,0.0,M,ClothXStone WhiteSlvlessBttnDwn,Cloth X Stone,Top
10008233,1,0.0,6.5,,Club Monaco LS Top Pink XS,,Top
10006026,1,0.0,0.0,M,ClubM PeachLongsleeve,Club Monaco,Other
10007417,0,12.99,0.0,9,CoPremium JeanStitchShorts,1 co Premium,Shorts
10003436,0,225.0,0.0,,Coach Apple Green Suede Hobo Bag,Coach,Accessories
10005052,0,45.99,0.0,,Coach Audrey Tote Seafoam Green,Coach,Accessories
10005607,0,225.0,0.0,,Coach Black Leather Purse,Coach,Accessories
10004112,1,0.0,0.0,9,Coach Blk Jackson Heel,Coach,Shoes
10004553,0,65.0,0.0,,Coach Dark Brown Purse Tan Strap,Coach,Accessories
10004529,1,0.0,0.0,,Coach Dark Tan Leather Purse Duo Pocket,Coach,Accessories
10003148,0,225.0,0.0,,Coach Erin Leather Shoulder Bag,Coach,Accessories
10003433,1,0.0,0.0,,Coach Flower Shopper Bag,Coach,Accessories
10005738,0,275.0,0.0,,Coach Fringe Brown Purse AS IS,Coach,Accessories
10008780,1,0.0,0.0,,Coach Fuchsia Mauve Purse,Coach,Accessories
10004522,0,221.08696,0.0,,Coach Green Purse Leather Handle,Coach,Accessories
10003429,1,0.0,0.0,,Coach Hampton Satchel Barbie Pink,Coach,Other
10005580,1,0.0,0.0,,Coach Hamptons Straw Floral Bag,Coach,Accessories
10008737,1,0.0,110.0,,Coach Lavender Turnlock Bag,,Accessories
10004520,1,0.0,0.0,,Coach Leatherware Bag,Coach,Accessories
10007095,1,0.0,0.0,,Coach Legacy Bag Tan,Coach,Accessories
10008738,1,0.0,120.0,,Coach Legacy Tan Leather Hobo Bag,,Accessories
10006598,1,0.0,0.0,,Coach Luna Pink Bag,Coach,Accessories
10003435,1,0.0,0.0,,Coach Madison Bronze Pebbled Satchel Shoulder Bag,Coach,Accessories
10003439,0,65.0,0.0,,Coach Madison Phoebe Gold Studded Bag,Coach,Accessories
10005903,0,195.0,0.0,,Coach Mini Bennett Satchel w Studs,Coach,Other
10007597,1,0.0,0.0,,Coach Pink EUC Wallet Clutch,,Accessories
10007843,0,199.99,0.0,,Coach Pink Hampton Leather Bag,,Accessories
10007499,1,0.0,170.0,,Coach Pink Leather Shoulder Purse,,Accessories
10008270,0,195.0,0.0,,Coach Pink Madison Hobo,,Other
10008777,1,0.0,37.5,,Coach Pink Sequin Bag,Coach,Accessories
10008474,1,0.0,90.0,,Coach Purple Leather Soho NS Tote,,Accessories
10007672,0,287.17465,0.0,,Coach Small Pink Purse Gold Hardware Zipper,Coach,Accessories
10008779,1,0.0,0.0,,Coach Tan Brown Leather Purse,Coach,Accessories
10008534,1,0.0,250.0,,Coach Vintage Soho Pink Stud Bag,,Accessories
10008778,1,0.0,43.75,,Coach Yellow Tan Handbag,Coach,Accessories
10004519,0,59.99,0.0,,Coach Yllw Houndstooth Handbag,Coach,Accessories
10007763,0,270.41651,0.0,,Coach JadeGreyPurse,Coach,Accessories
10006436,1,0.0,0.0,,Coach PinkFlowerBag,Coach,Accessories
10003648,0,24.99,0.0,,Coach PinkPurse,Coach,Accessories
10004488,0,245.0,0.0,,Coach PinkStitchedSoho,Coach,Other
10005407,0,28.99,0.0,7,Coach Tan&BlkFlat,Coach,Shoes
10008580,1,0.0,3.99,,Coach lightPinkPurse,Coach,Accessories
10003650,1,250.0,0.0,,CoachMiniEdiewStudsBlack,Coach,Other
10003040,1,0.0,0.0,,CoachPurse_Co,Coach,Accessories
10003129,0,125.0,0.0,,CoachPurse_Cx,Coach,Accessories
10003131,0,85.0,0.0,,CoachPurse_Cy,Coach,Accessories
10005612,0,32.99,0.0,10,Coast Rainbow Tank,Coast,Top
10005544,1,0.0,0.0,12,Coast Strapless White Gold Satin Dress,Coast,Dress
10001105,1,0.0,0.0,,Coca Cola Red Tee,Coca Cola,Top
10003689,0,18.99,0.0,M,Coca Cola White Tee,Coca Cola,Top
10001107,0,21.09588,0.0,,Coca ColaTee Shirt_Le,Coca Cola,Top
10002327,0,14.99,0.0,,Coca ColaTee Shirt_Pr,Coca Cola,Top
10003182,1,0.0,0.0,,Coco Bianco Top,Coco Bianco,Top
10008199,1,0.0,6.0,1,Cocomo Orange Pink SL Top,Cocomo,Top
10004812,1,0.0,0.0,M,Cocomo Teal Brown SL Shirt,Cocomo,Top
10008472,1,0.0,8.0,,CodexMode Paisley Dress M,,Dress
10008280,1,0.0,5.5,,Coin 1804 Brown Sleeveless Coverall,,Top
10004954,0,24.99,0.0,L,Coin Brown Patchwork Shiny SL Top,Coin,Top
10005931,0,28.99,0.0,S,Coincidence & C Black Sweater Pink Flw,Coincidence & Change,Sweater/Cardigan
10004416,1,0.0,0.0,L,ColdShoulder Blk,Banana Republic,Other
10003635,1,0.0,0.0,18,ColdWCr BrwnPant,Coldwater Creek,Jeans/Pants
10004937,1,0.0,0.0,L,ColdWCreek MulticolCardigan,Coldwater Creek,Sweater/Cardigan
10007699,1,0.0,0.0,XL,ColdwCreek PurpLaceTank,Coldwater Creek,Top
10007684,1,0.0,0.0,L,Coldwater C Beige Tank,Coldwater Creek,Top
10007683,1,0.0,0.0,L,Coldwater C Black Tank w Lace Trim,Coldwater Creek,Top
10004776,0,25.99,0.0,XL,Coldwater Creek Black Floral Velvet Skirt,Coldwater Creek,Skirt
10006483,1,0.0,0.0,L,Coldwater Creek Coral Blazer,Coldwater Creek,Jacket/Coat
10003412,1,0.0,0.0,6,Coldwater Creek Jacket Copper,Coldwater Creek,Jacket/Coat
10006466,1,0.0,0.0,XL,Coldwater Creek Orange & White Blouse,Coldwater Creek,Top
10003513,0,25.99,0.0,6,Coldwater Creek Pants Orange,Coldwater Creek,Jeans/Pants
10007677,0,22.99,0.0,,Coldwater Creek Purple Cardigan 10,,Sweater/Cardigan
10005758,1,0.0,0.0,XL,ColdwaterC BlkPant,Coldwater Creek,Jeans/Pants
10006142,1,0.0,0.0,XL,ColdwaterC PinkTankTop,Coldwater Creek,Top
10004105,0,28.99,0.0,8.5,Cole&Han Taupe Loafer,Cole Haan,Shoes
10004110,1,0.0,0.0,8,ColeHaan Tan AnkleBoot,Cole Haan,Shoes
10004912,1,0.0,0.0,7.5,ColeHaan BlackFlat,Cole Haan,Shoes
10007122,0,39.99,0.0,S,Colebrook Blk Leather Coat,Colebrook,Jacket/Coat
10004474,0,24.99,0.0,S,ColesceC Blk&Wh,Colesce Couture,Other
10008219,1,0.0,8.99,,Collection Royale Boho Shoulder Bag,,Accessories
10005132,1,0.0,0.0,S,Collective Concepts Sheer LS White Flw,Collective Concepts,Top
10004808,0,32.99,0.0,XXXL,Colleen L Brown Long Pleather Coat,Colleen Lopez,Jacket/Coat
10005598,1,0.0,0.0,S,Colleen L Burgundy Fuzzy Tank,Colleen Lopez,Top
10007644,1,0.0,0.0,XS,Colleen Lopez Black Knit Poncho,Colleen Lopez,Sweater/Cardigan
10008281,1,0.0,6.25,,Colour Works Bronze LS Blouse XL,,Top
10006716,1,0.0,0.0,XL,Colsie White Cherry Tank,Colsie,Top
10006550,1,0.0,0.0,L,Columbia Beige SL Collared,Columbia,Other
10004266,1,0.0,0.0,L,Columbia Black Jacket,Columbia,Jacket/Coat
10004138,1,0.0,0.0,S,Columbia Grn&Bwn Fleece,Columbia,Other
10003852,1,0.0,0.0,L,Columbia Pale Pink Hoodie,Columbia,Other
10004171,1,0.0,0.0,M,Columbia Pink Jacket,Columbia,Jacket/Coat
10004143,1,0.0,0.0,L,Columbia Pnk&Prp Fleece,Columbia,Other
10004599,1,0.0,0.0,L,Columbia Red Pattern Dress,Columbia,Dress
10007401,1,0.0,0.0,14,Columbia GrnCapri,Columbia,Other
10002201,1,0.0,0.0,,ColumbiaVest,Columbia,Top
10004115,0,15.99,0.0,M,Comfort Blue Acid Wash Tee,Comfort Colors,Top
10007545,0,23.0,0.0,8,Comfort Orange Heels,,Top
10007042,0,29.99,0.0,7,Comfortiva Pink Sandals,Comfortiva,Top
10003751,1,0.0,0.0,M,Commando Black Faux Leather Leggings,Commando,Jeans/Pants
10000076,1,0.0,0.0,,CommenceSweater_BK,Commence,Sweater/Cardigan
10005320,0,15.99,0.0,S,Commense GreenWrapTop,Commense NWT,Other
10007135,0,25.99,0.0,M,Comsic Aura Black Lace Kimono,Cosmic Aura,Other
10006298,1,0.0,0.0,10,Connected Apparel Purple Dress,Connected Apparel,Dress
10002934,1,0.0,0.0,,Connected ApparelDress_Ry,Connected Apparel,Dress
10008669,1,0.0,5.25,,Converse AS Black Zip-Up Jacket,,Jacket/Coat
10007054,1,0.0,0.0,7,Converse Pink Chuck Taylor,Converse,Other
10007317,1,0.0,0.0,,Cool It Cowboy Hat,Unknown,Accessories
10004217,1,0.0,0.0,,Copper Multi-Layer Necklace,Unknown,Accessories
10008344,1,0.0,0.0,S,CopperLey WhiteDress,Copper Key,Dress
10006513,0,37.99,0.0,10,Corduroy Red & Beige Skirt,Unknown,Skirt
10008297,0,79.99,0.0,8,CorralBoots MarronStudBoots,Corral Boots,Shoes
10004421,1,0.0,0.0,S,CorsetDress Blk,Urban Outfitters,Dress
10000617,1,0.0,0.0,,CortefielLS Top_Ma,Cortefiel,Top
10007873,1,0.0,0.0,M,Cos Offwhite Sheer Dress,Cos,Dress
10005326,0,22.99,0.0,M,Cosmo PinkMeshTop,Cosmo,Other
10004605,1,35.99,0.0,10,CoteFemme Grey&PinkDress,Cote Femme,Dress
10004206,1,0.0,0.0,S,Cotton Candy Black Faux Fur Coat,Cotton Candy LA,Jacket/Coat
10007173,1,0.0,0.0,S,Cotton Candy LA Black Dress,Cotton Candy LA,Dress
10003013,0,19.99,0.0,,Cotton EmporiumCardigan_Lu,Cotton Emporium,Sweater/Cardigan
10006787,1,0.0,0.0,S,CottonEmp PinkCardigan,Cotton Emporium,Sweater/Cardigan
10002885,1,0.0,0.0,,Courtenay VintageJacket,Courtenay Vintage,Jacket/Coat
10006124,1,0.0,0.0,L,CourtenayS GrnBttnDwnVest,Courtenay Stretch,Top
10008279,1,0.0,5.0,,Coverall Black Grey OSFM,,Other
10004462,1,0.0,0.0,22,Covington TanfloralBlazer,Covington,Jacket/Coat
10003702,1,0.0,0.0,S,Cream Bubble Dress,Cooper X Eila,Dress
10004440,1,0.0,0.0,16,Cream Camo Pant,Democracy,Jeans/Pants
10004055,0,19.99,0.0,,Cream Lace Scarf OS,Unknown,Accessories
10003917,1,0.0,0.0,L,Cream Lace Top,Unknown,Top
10004409,0,9.99,0.0,XL,CreamBondedLeatherBelt,Unknown,Accessories
10008314,0,24.99,0.0,,CreamCircleHatSet,Unknown,Set
10007397,0,22.99,0.0,XS,CreamRuffleHalterTop,Unknown,Top
10008403,1,0.0,5.0,,Creative Apparel UT Tie-Dyed T L,,Other
10005230,0,32.99,0.0,S,Crisis Floral Button Down,Crisis,Other
10002639,0,75.98,0.0,,CristinaJacket_J,Cristina,Jacket/Coat
10003705,0,8.991,0.0,S,Crm & Bronze Belt,Unknown,Accessories
10003967,1,0.0,0.0,L,Crm&Gld Hard Knit Dress,Joeoy,Dress
10004722,1,0.0,0.0,XL,Croft & Barrow Pink Plaid LS,Croft X Barrow,Top
10008512,1,0.0,12.2,,Croft & Barrow Pink SS Top M,,Top
10006419,1,0.0,0.0,6,CroftxBarrow Blk&RedSkirt,Croft X Barrow,Skirt
10004220,0,12.99,0.0,,Cross Necklace,,Top
10007966,1,0.0,4.25,,Crown & Ivy Pink SS Top M,,Top
10006521,1,0.0,0.0,L,Crown & Ivy Red Plaid LS Top,Crown X Ivy,Top
10004489,1,0.0,0.0,XS,Crown&Ivy OrangePuffVest,Crown X Ivy,Top
10005761,1,0.0,0.0,S,CrystalSky BlkJumpSuit,Crystal Sky,Romper/Jumpsuit
10005319,0,12.99,0.0,S,CttnCandyLA AniPrintTop,Cotton Candy LA,Other
10000379,1,0.0,0.0,,Culture Vintage NWTSkirt_Ma,Culture Vintage NWT,Skirt
10006140,1,0.0,0.0,2,CultureVint WhiZipSkirt,Culture Vintage NWT,Skirt
10000061,1,0.0,0.0,,CupcakeSweater_W5,Cupcake,Sweater/Cardigan
10002702,0,29.99,0.0,,Cupcakes and CashmereJacket_GA,Cupcakes and Cashmere,Jacket/Coat
10005065,1,0.0,0.0,M,Cupio Texture Tunic Pink,Cupio,Other
10007206,1,0.0,0.0,XL,Cupshe Orange Skirt,Cupshe,Skirt
10006159,1,0.0,0.0,S,Cupshe PinkSKirt,Cupshe,Skirt
10004263,1,0.0,0.0,L,Current Air Cord Jacket Blue,Current Air,Jacket/Coat
10004346,1,0.0,0.0,S,Cutter&Buck Crl Collar Tank,Cutter X Buck,Top
10003901,1,0.0,0.0,XS,CutterXBuck Grn Jacket,Cutter X Buck,Jacket/Coat
10007362,1,0.0,0.0,S,Cynthia R SL Peach Dress,Cynthia Rowley,Dress
10007163,1,0.0,0.0,2,Cynthia Steffe Skirt Red,,Skirt
10003638,1,0.0,0.0,8,CynthiaR BluePatternPant,Cynthia Rowley,Jeans/Pants
10004750,1,0.0,0.0,M,Cyrus Beige Cardigan,Cyrus,Sweater/Cardigan
10003763,1,0.0,0.0,XL,Cyrus Dark Blue Knit Sweater,Cyrus,Sweater/Cardigan
10006154,1,0.0,0.0,M,Cyrus BrntOraneCover,Cyrus,Other
10004786,0,15.99,0.0,,D & Y Multicolor Hat,D & Y,Accessories
10005121,1,0.0,0.0,M,D Couture Blue Sheer Puff Sleeve,D Couture,Other
10003786,1,0.0,0.0,8,D Jeans Brown Pants,D Jeans,Jeans/Pants
10004676,1,0.0,0.0,S,D X Co cami animal prnt,D X Co,Top
10005165,0,55.99,0.0,2,D&G Floral Jacket,Dolce X Gabbana,Jacket/Coat
10007606,0,24.00329,0.0,,D&Y Black Corduroy Hat,,Accessories
10005861,0,14.99,0.0,,D&Y hat plad,D&Y,Accessories
10004047,1,0.0,0.0,22,D.Jeans Bl&Wht Printed Pant,D.Jeans,Jeans/Pants
10003488,1,0.0,0.0,S,DB Jacket Black,Db,Jacket/Coat
10006012,1,0.0,0.0,L,DCCJunior WhimulticolBttnDwn,DCC Junior,Other
10008734,1,0.0,6.5,,DFA NYC White Purp Skorts 8,,Other
10007244,1,0.0,0.0,6,DG2 Diane Gilman Grey Pants,,Jeans/Pants
10007693,1,0.0,0.0,16,DG2 GreenGemPant,Dg2,Jeans/Pants
10005240,1,0.0,0.0,8,DJ Jaz Black Dress,DJ Jaz,Dress
10007516,0,19.99,0.0,,DKNY jacket,,Jacket/Coat
10005162,0,22.99,0.0,XL,DKNY Embellished Floral Top Blk,Dkny,Top
10005790,1,0.0,0.0,L,DKNY PinkTankTop,Dkny,Top
10006742,1,0.0,0.0,,DPC Army Green Hat with Flower,Doreman Pacific Co.,Accessories
10007929,0,19.99,0.0,S,DR 2 Pink Patterned SS Top,Dr 2,Top
10005103,0,18.99,0.0,8,Daisy Fuentes Brown Buckle Capri,Daisy Fuentes,Other
10006912,1,0.0,0.0,,DakotaDan PinkCamoHat,Dakota Dan,Accessories
10004201,1,0.0,0.0,8,Dalia Collection Plum Coat,Dalia,Jacket/Coat
10001777,1,0.0,0.0,,DaliaPants_Gr,Dalia,Jeans/Pants
10008001,0,24.99,0.0,M,Dana B Black Silk Skirt,Dana Buchman,Skirt
10003775,1,0.0,0.0,M,Dana B Black Sleeveless,Dana Buchman,Top
10004063,1,0.0,0.0,S,Dana Buchman Blk TrnchCoat,Dana Buchman,Jacket/Coat
10003765,1,0.0,0.0,S,Dana Buchman Red and Black Sleeveless,Dana Buchman,Top
10006023,1,0.0,0.0,M,DanaB BlkLeafsheertop,Dana Buchman,Other
10004363,1,0.0,0.0,S,DanaB Grn&BlkBlouse,Dana Buchman,Top
10006938,1,0.0,0.0,L,DanaBuchman MulticolTop,Dana Buchman,Other
10004286,0,27.99,0.0,M,DanaBuchman Pink Shawl,Dana Buckman,Other
10005659,1,0.0,0.0,L,Daniel Rainn Blush Pink Top,Danielrainn,Top
10005006,1,0.0,0.0,S,DanielRainn Orange SL White FL,Danielrainn,Other
10004347,1,0.0,0.0,L,Danskin Prp Athleisure,Danskin,Other
10004669,1,0.0,0.0,L,Danskin Pinkzipup,Danskin,Other
10004398,1,0.0,0.0,41,Dansko BlackClog,Dansko,Other
10006589,0,15.99,0.0,XS,Dark Blue Buttondown Seethrough,Unknown,Other
10007931,1,0.0,0.0,7,Dark Blue Suede Slip In Boots,Unknown,Shoes
10004564,0,13.5,0.0,,Dark Brown Waist Belt Silver Circle Lock,,Accessories
10006467,1,0.0,0.0,L,Dark Gray TN Vols Tshirt,Unknown,Top
10008372,1,0.0,10.99,M,Darling floral jean jacket,Darling,Jeans/Pants
10005878,0,31.99,0.0,M,Das Beste Pink Sweater,Das Beste aus Wolle,Sweater/Cardigan
10003696,1,0.0,0.0,M,Dash Blk Jeggings,Dash,Other
10003041,1,0.0,0.0,,Dave & JohnnyDress_Dy,Dave & Johnny,Dress
10007523,1,0.0,0.0,XL,David Bowie Black T-Shirt,,Top
10000881,1,0.0,0.0,,David BowieTee Shirt_To,David Bowie,Top
10007414,0,15.99,0.0,,David&Young BeadedBeachHat,David & Young,Accessories
10008664,1,0.0,4.0,,DavidLove Green Lace Coverall,,Other
10005748,0,18.99,0.0,S,Daytrip Red Lace Tshirt,Daytrip,Top
10004999,1,0.0,0.0,L,Dazy Blue Sheer LS,Dazy,Top
10005188,0,12.99,0.0,L,Dazy Blue Sheer LS W Tie Front,Dazy,Top
10006402,1,0.0,0.0,L,Dazy CrmCroppedPolo,Dazy,Other
10004839,0,21.99,0.0,M,De Mi Loov Cherry Tank,De Mi Loov,Top
10007837,1,0.0,3.3,,Decorative Necklace,,Accessories
10006746,1,0.0,0.0,,Deep Red Fuzzy Hat,Unknown,Accessories
10005513,1,0.0,0.0,XL,Deep Self NWT Green Dress,Deep Self,Dress
10004829,0,10.99,0.0,S,Def Leopard Tiger One Shoulder Crop Top,Def Leopard,Top
10005099,0,24.99,0.0,S,Deletta Green Ruffle Top,Deletta,Top
10004333,1,0.0,0.0,,Deletta Lace Green Top,Deletta,Top
10007010,1,0.0,0.0,M,Delia's Red Floral Strapless Romper,Deliaxs,Romper/Jumpsuit
10005832,0,32.99,0.0,M,Delias Blue and Floral Dress,Delias,Dress
10003930,0,30.99,0.0,S,Delicates Bl Lace Slip,,Other
10003443,0,27.99,0.0,S,Delicates Camisole Green,Delicates,Top
10007396,0,10.99,0.0,M,DeltaPW Underdog,Delta Pro Weight,Other
10001758,1,0.0,0.0,,Democracy,Democracy,Other
10008268,1,0.0,10.0,,Democracy Ab Tech Pink Pants 16,,Jeans/Pants
10005536,1,0.0,0.0,M,Democracy Blue Squared LS Top,Democracy,Top
10000874,1,0.0,0.0,,Democracy Camo Jeans,Democracy,Jeans/Pants
10009799,1,0.0,0.0,20,Democracy Denim Blue Jeans,Democracy,Jeans/Pants
10003754,0,26.20652,0.0,8,Democracy Faded Purple Jeans,Democracy,Jeans/Pants
10003777,1,0.0,0.0,2,Democracy Grayish Zipper Pants,Democracy,Jeans/Pants
10003072,1,0.0,0.0,,Democracy Jeans,Unknown,Jeans/Pants
10005683,1,0.0,0.0,12,Democracy Pants Black,,Jeans/Pants
10003509,0,42.1233,0.0,8,Democracy Pants Pink,Democracy,Jeans/Pants
10004947,1,0.0,0.0,8,Democracy GreenPant,Democracy,Jeans/Pants
10004455,1,0.0,0.0,S,Democracy TanCardigan,Democracy,Sweater/Cardigan
10000175,0,45.99,0.0,,DemocracyPants,Democracy,Jeans/Pants
10004841,1,0.0,0.0,XXL,Denim & C Black Button Down Vest SL,Denim & Co,Jeans/Pants
10004077,1,0.0,0.0,L,Dennis Basso Black Trenchcoat,Dennis Basso,Jacket/Coat
10003848,1,0.0,0.0,XL,Dennis Wht Fur Vest,Dennis Basso,Top
10003925,1,0.0,0.0,M,Dentelle White Slip,Dentelle,Other
10005895,1,0.0,0.0,M,Derek Heart Brown Light Sweater,Derek Heart,Sweater/Cardigan
10000063,1,0.0,0.0,,Derek HeartSweater_Za,Derek Heart,Sweater/Cardigan
10004295,0,14.99,0.0,S,DerekHeart GreenKnitTank,Derek Heart,Sweater/Cardigan
10006888,0,13.99,0.0,S,DerekHeart MulticolTieCropTop,Derek Heart,Top
10004002,1,0.0,0.0,,Design HIstory Cashmere Sweater,Design History,Sweater/Cardigan
10006406,1,0.0,0.0,42,Designal MulticolCrossDress,Designal,Dress
10003382,0,19.99,0.0,L,Designers Original Sleeveless Top Black,Designers Original,Top
10006580,0,39.99,0.0,44,Desigual Army Green Jacket w Beading,Desigual,Jacket/Coat
10006326,1,0.0,0.0,46,Desigual Black Beaded Dress,Desigual,Dress
10005944,1,0.0,0.0,46,Desigual Black Embroidered Skirt,Desigual,Skirt
10005911,1,0.0,0.0,42,Desigual Black Long Beaded Dress,Desigual,Dress
10005916,1,0.0,0.0,L,Desigual Black Sheer Colorful Skirt,Desigual,Skirt
10006331,0,175.0,0.0,40,Desigual Blue Black Red Long Coat,Desigual,Jacket/Coat
10005740,0,175.0,0.0,40,Desigual Blue Multicolor Coat,Desigual,Jacket/Coat
10005915,0,38.12061,0.0,XXL,Desigual Blue Skirt,Desigual,Skirt
10005741,0,175.0,0.0,36,Desigual Blue White Longcoat,Desigual,Jacket/Coat
10006769,1,0.0,0.0,S,Desigual Blue Black Coat,Desigual,Jacket/Coat
10006297,1,0.0,0.0,XXL,Desigual Brown Pattern Dress,Desigual,Dress
10006551,1,0.0,0.0,36,Desigual Burgundy & Beige Coat,Desigual,Jacket/Coat
10007943,1,0.0,0.0,,Desigual Colorful Patchwork Black Jacket,Desigual NWT,Jacket/Coat
10005912,1,0.0,0.0,36,Desigual Colorful SL Dress,Desigual,Dress
10007903,1,0.0,0.0,S,Desigual Colorful Skirt,,Skirt
10006281,1,0.0,0.0,8,Desigual Gray Floral Dress,Desigual,Dress
10005913,0,45.99,0.0,38,Desigual Green Colorful Dress,Desigual,Dress
10006553,0,85.99,0.0,46,Desigual Green Denim Sequin Jacket,Desigual,Jeans/Pants
10005910,0,59.99,0.0,38,Desigual Green Skirt w Buckle,Desigual,Skirt
10006594,1,0.0,0.0,38,Desigual Jean Jacket Knit Sleeves,Desigual,Jeans/Pants
10006502,0,39.99,0.0,38,Desigual Jean Skirt,Desigual,Skirt
10007901,1,0.0,0.0,,Desigual Multi-Color Dress M,,Dress
10007947,1,0.0,0.0,M,Desigual Multi-Color Dress,,Dress
10005733,0,175.0,0.0,40,Desigual Multicolor Coat,Desigual,Jacket/Coat
10006301,0,39.99,0.0,36,Desigual Pink Embroidered Dress,Desigual,Dress
10005948,1,0.0,0.0,L,Desigual Pink Sweater NWT,Desigual,Sweater/Cardigan
10005957,0,125.0,0.0,9.5,Desigual Purple Orange Boots,Desigual,Shoes
10005917,0,32.99,0.0,XXS,Desigual Purple Strapless Top,Desigual,Top
10007904,1,0.0,0.0,XL,Desigual Red Black Skirt,Desigual,Skirt
10004593,1,0.0,0.0,L,Desigual Red Dress,Desigual,Dress
10007939,1,0.0,0.0,S,Desigual Red Dress,,Dress
10007902,1,0.0,0.0,M,Desigual Skirt,,Skirt
10006300,1,0.0,0.0,40,Desigual White Pink Blue Dress,Desigual,Dress
10006609,0,45.99,0.0,M,Desigual Yellow Leather Jacket,Desigual,Jacket/Coat
10006413,1,0.0,0.0,L,Desigual BlueFloralDress,Desigual,Dress
10006403,0,175.0,0.0,38,Desigual GrnPatternJacket,Desigual,Jacket/Coat
10007595,0,200.0,0.0,40,Desigual RedPatternJacket US6,Desigual,Jacket/Coat
10006052,1,0.0,0.0,40,Desigual ombrePnkDress,Desigual,Dress
10007596,1,0.0,0.0,38,DesigualNWT MulticolJacket US4,Desigual NWT,Jacket/Coat
10002529,0,25.99,0.0,,DialogueCoat_Ar,Dialogue,Jacket/Coat
10004172,1,0.0,0.0,4,Diane Vonfurstenberg Lace Skirt Black,Diane Vonfurstenberg,Skirt
10005616,1,0.0,0.0,L,Dickies Pink Yellow Plaid SS Buttondown,Dickies,Top
10000949,0,15.99,0.0,,DieselJeans_Al,Diesel,Jeans/Pants
10000333,1,0.0,0.0,,DieselSkirt_un,Diesel,Skirt
10008527,1,0.0,16.7,,Dirty Laundry Y2K Pink Clogs 7.5,,Other
10005543,1,0.0,0.0,S,Disney Gray Minnie Mouse Tshirt,Disney,Top
10003409,1,0.0,0.0,S,Disney Minnie Mouse Tank Top Black,Disney,Top
10005509,1,0.0,0.0,S,Disney Princess Black Tshirt,Disney,Top
10005461,0,35.99,0.0,6,Dissh BlackDress,Dissh,Dress
10003300,0,19.99,0.0,,Distressed Hat_Un,Dkny,Top
10006978,1,0.0,0.0,S,Divided Beige Strechy Shorts,Divided,Shorts
10008389,0,14.99,0.0,4,Divided Black Top,,Top
10002337,1,0.0,0.0,,Divided Bodysuit,H X M,Top
10005708,0,15.99,0.0,8,Divided Red Gray LS,Divided,Top
10006959,0,14.99,0.0,8,Divided White Blouse,Divided,Top
10007738,0,18.99,0.0,2,Divided RedPolkaDotDress,Divided,Dress
10004083,1,0.0,0.0,M,Dizzy Black Puffer Vest,Dizzy Lizzie,Jacket/Coat
10006252,0,55.99,0.0,,Djer Kiss Kissing Fairies Compact 1920s,Djer Kiss,Top
10007210,0,23.99,0.0,M,Do & Be Brown & Green Tank,,Top
10006920,1,0.0,0.0,M,DoXBe WhiteTieSkirt,Do X Be,Skirt
10005588,0,32.99,0.0,S,Doe & Rae Black SL Top,Doe X Rae,Top
10003035,1,0.0,0.0,,Doe X RaeDress_Dx,Doe X Rae,Dress
10004748,1,0.0,0.0,S,Doe&Rae Wht&Blk Blouse,Doe X Rae,Top
10008348,0,9.99,0.0,,DogScarf,Unknown,Accessories
10007389,1,0.0,0.0,L,Dokotoo BlkWhiStripedetailShirt,Dokotoo,Top
10005223,1,0.0,0.0,XS,Dolan LS Green Top,Dolan,Top
10008774,1,0.0,6.25,XL,Dolce C Black Faux Leather Shorts,Dolce Cabo,Shorts
10007040,1,0.0,0.0,8,Dolce Vita Brown Fringe Peep Toe Boots,Dolce Vita,Shoes
10008039,1,0.0,6.5,,DolceCabo Brown Pants M,,Jeans/Pants
10005450,0,25.99,0.0,7.5,DolceVita CreamHeelBoot,Dolce Vita,Shoes
10003146,1,0.0,0.0,,Dollywood Tee,Dooney & Burke,Top
10004588,1,0.0,0.0,L,Dollywood Tshirt,Anvil by Gildan,Top
10003806,0,21.99,0.0,5,Domain Blue Jeans,Domaine,Jeans/Pants
10007899,1,0.0,0.0,,Donald J Pilner Cork Wedge Shoes 11,,Shoes
10006860,1,0.0,0.0,XS,DoncasterC WhiCardigan,Doncaster Collection,Sweater/Cardigan
10003046,1,0.0,0.0,,Donna KaranBodysuit,Donna Karan,Top
10004428,2,0.0,0.0,XS,Donna S Black Faux Fur Leather Fringe,Donna Salyers,Accessories
10004554,0,45.0,0.0,,Dooney & B Small Navy Blue Wristlet Tan Strap,Dooney & Burke,Other
10005581,1,0.0,0.0,,Dooney & Bourke Pebble Grain Top Zip Satchel,Dooney & Burke,Top
10003221,1,0.0,0.0,,Dooney Burke Samba Brwn,Dr Martens,Other
10008556,1,0.0,0.0,,DooneyXB PinkWhiPurse,Dooney & Burke,Accessories
10005245,1,0.0,0.0,14,Dorothy Perkins Gold Shiny LS Top,Dorothy Perkins,Top
10005368,1,0.0,0.0,4,Dorothy Perkins Purple Tank Top,Dorothy Perkins,Top
10008541,1,0.0,0.0,,DorsetRex5ThAveBag,Dorset,Set
10005797,-1,85.0,0.0,,Downey purse,,Accessories
10007519,1,0.0,0.0,8,Drake's LS Blouse Blue,,Top
10006540,1,0.0,0.0,XS,Draper J NWT Orange Blouse,Draper James NWT,Top
10004866,0,31.31197,0.0,L,DraperJNWT DarkPurpSkirt,Draper James NWT,Skirt
10004327,0,42.99,0.0,XS,DraperJames LightPinkDress,Draper James,Dress
10007745,1,0.0,0.0,XL,DraperJames PinkSkirt,Draper James NWT,Skirt
10005507,1,0.0,0.0,M,Dream Out Loud Blue Sheer Floral LS,Dream Out Loud,Top
10000073,1,0.0,0.0,,Dreamers by DebutSweater_Wh,Dreamers by Debut,Sweater/Cardigan
10006608,0,18.99,0.0,M,Dress Forum Lemon Wrap Dress,Dress Forum,Dress
10004450,1,0.0,0.0,L,DressBarn BrwnFlowyBlouse,Dressbarn,Dress
10003861,1,0.0,0.0,18,Dressbarn Black Sheer Longsleeve,Dressbarn,Dress
10007668,0,23.99,0.0,,Dressbarn Black Sleeveless Top S,,Dress
10006478,1,0.0,0.0,L,Dressbarn Gray Swirl Design Top,Dressbarn,Dress
10006567,1,0.0,0.0,XL,Dressbarn NWT Pink Black Sparkle Top,Dressbarn NWT,Dress
10007541,0,24.99,0.0,,Dressy Chosen Vintage LS Blouse,,Dress
10004321,1,0.0,0.0,10,Dromedaris BrwnCutoutShoes,Dromedaris,Shoes
10007524,1,0.0,0.0,,Ducati Monster Catz Yellow T Shirt,,Top
10003936,0,19.99,0.0,M,Dusty Pink Intimate Slip,,Other
10003982,1,0.0,0.0,,Dusty Pink Scarf,,Accessories
10006861,1,0.0,0.0,M,Dylan WhiRuffleBttnDwn,Dylan,Other
10005828,0,24.99,0.0,S,EM Mustard Yellow Top,Em,Top
10008184,1,0.0,6.0,2,ETC Blue Orange Wool Skirt,Etcetera,Skirt
10004380,0,32.99,0.0,S,ETWO MulticolBlouse,Etwo,Top
10003586,1,0.0,0.0,1,Eagel Pink PrplSweater,Eagel LA,Sweater/Cardigan
10005885,0,27.99,0.0,S,Eagle's Eye Black Cardigan w Flw,Eagle's Eye,Sweater/Cardigan
10005506,0,25.99,0.0,S,Earl Jean Jean Jacket,Earl Jean,Jeans/Pants
10006935,1,0.0,0.0,M,EarlJean JeanSkirt,Earl Jean,Skirt
10006657,1,0.0,0.0,L,EartchBound bandana design tanktop,EarthBound,Top
10007062,1,0.0,0.0,6.5,Earth Blue Slide Ons Heels,Earth,Top
10006612,0,24.99,0.0,L,Easel Beige Floral Kimono Top,Easel,Top
10005024,1,0.0,0.0,L,Easel Gray Buttondown Cardigan,Easel,Sweater/Cardigan
10007999,1,0.0,0.0,S,Easel Green Flare Pants,Easel,Jeans/Pants
10007492,0,23.99,0.0,L,Easel Grey LS Top,,Top
10007858,1,0.0,0.0,,Easel Pink Floral Dress S,,Dress
10008671,1,0.0,4.5,XL,East 5th Pink Top,,Top
10002218,1,0.0,0.0,,Ecko UnitedTank Top_Za,Ecko United,Top
10008213,1,0.0,8.0,M,Eclipse Black Leather Skirt S,,Skirt
10005558,0,26.99,0.0,M,Eclipse Pink Black White Striped Romper,Eclipse,Romper/Jumpsuit
10005336,1,0.0,0.0,10,EdHardy PinkDetailShoe,Ed Hardy,Top
10007578,1,0.0,0.0,4,Eddie B Green Shorts,Eddie Bauer,Shorts
10004071,1,0.0,0.0,S,Eddie Bauer Blk Trench,Eddie Bauer,Jacket/Coat
10003283,1,0.0,0.0,,Eddie Bauer Cardigan,Eddie Bauer,Sweater/Cardigan
10007785,1,0.0,0.0,6,Eddie Bauer Cream Floral SS Dress,Eddie Bauer,Dress
10003749,1,0.0,0.0,4,Eddie Bauer Pale Green Pants,Eddie Bauer,Jeans/Pants
10006642,1,0.0,0.0,XL,Eddie Bauer White Blue Striped Top,Eddie Bauer,Top
10004458,1,0.0,0.0,L,Eddieb PurpleButtonDwn,Eddie Bauer,Other
10007253,1,0.0,0.0,M,Edikted Pink Skirt,,Skirt
10008545,1,0.0,0.0,S,Edikted PinkMiniskirt,Edikted,Skirt
10005306,1,0.0,0.0,M,Eight Sixty Blue & White Pattern Tank,Eight Sixty,Top
10008331,1,0.0,0.0,M,EileenFisher OrangeSwtrSet,Eileen Fisher,Sweater/Cardigan
10007159,0,22.99,0.0,L,Ekouaer Grey Sweater Shorts,,Shorts
10004648,1,0.0,0.0,M,Elan Black Dress,Elan,Dress
10007353,1,0.0,0.0,S,Elan grey blouse,Elan,Top
10000095,1,0.0,0.0,,ElanSweater_Fr,Elan,Sweater/Cardigan
10007128,0,45.99,0.0,S,Elana Kattau Rainbow Jumpsuit,Elana Kattau,Romper/Jumpsuit
10006251,1,0.0,0.0,,Elgin American Gold Powder 1950s Compact,Elgin American,Other
10006800,1,0.0,0.0,S,EliTahari RedChainTanktop,Eli Tahari,Top
10008478,1,0.0,22.0,XS,Elie Tahari Pink Jacket,,Jacket/Coat
10006825,1,0.0,0.0,M,Eliie Tahari Red Sleeveless Top,Ellie Tahari,Top
10006599,0,15.99,0.0,,Elite Belt Silver Checkered,Elite,Accessories
10006387,1,0.0,0.0,,Elite Colorful Gold Belt,Elite,Accessories
10003947,1,0.0,0.0,14,Eliza Black Tulle Dress,Eliza J,Dress
10005725,1,0.0,0.0,10,Eliza J Blue Green Dress,Eliza J,Dress
10004225,1,0.0,0.0,10,Eliza J Multicolor Halter Neck Gold,Eliza J,Top
10006549,1,0.0,0.0,S,Ella Moss Green & Purple Tank,Ella Moss,Top
10004011,0,25.99,0.0,,Ellcont Floral Dress Vintage,Ellcont,Dress
10006709,1,0.0,0.0,16,Elle Baby Pink & Black SL Dress,Elle,Dress
10008260,1,0.0,6.0,,Elle Blue Sleeveless Top XL,,Top
10003523,1,0.0,0.0,M,Elle Cardigan Pink,Elle,Sweater/Cardigan
10006013,1,0.0,0.0,S,EllenTracy Pnk&YllwTop,Ellen Tracy,Other
10007734,1,0.0,0.0,M,EllenTracy SlvlessTurtleneck,Ellen Tracy,Top
10002319,1,0.0,0.0,,Ellie KaiDress_Te,Ellie Kai,Dress
10008569,1,0.0,8.0,2,Ellie Tahari Dress Multi Color,Ellie Tahari,Dress
10005444,1,0.0,0.0,M,Ellie Tahari Blouse Pnk,Ellie Tahari,Top
10003372,0,21.99,0.0,8,Elliot Lauren Pants Blue & White,Elliott Lauren,Jeans/Pants
10000664,1,0.0,0.0,,ElodieSkirt_De,Elodie,Skirt
10005309,0,10.99,0.0,M,Eloise Black Tank,Eloise,Top
10000037,1,0.0,0.0,,Elora by GFDress_Co,Elora by GF,Dress
10008357,1,0.0,0.0,M,Embrase GreenBlouse,Embrace Los Angeles,Top
10004431,1,0.0,0.0,M,Embroidered Pink ZIp-Up,Ashley,Other
10005647,1,0.0,0.0,XXL,Emerald Pink Floral Sheer Top,Emerald,Top
10008230,1,0.0,5.75,,Emily Daniels LS Multi Color XL,,Top
10006334,1,0.0,0.0,M,Emma & Michele Green Linen Dress,Emma & Michele,Dress
10003392,1,0.0,0.0,14,Emma James Tank Top Gold,Emma James,Top
10004016,1,0.0,0.0,,Emma JamesLS Top_Em,Emma James,Top
10008336,0,24.99,0.0,L,EmmaJames PinkFloralSkirt,Emma James,Skirt
10003606,1,0.0,0.0,,EmmaJames VintageFloralBlouse,Emma James,Top
10007560,0,16.0,0.0,L,Emory Park Grey Dress,,Dress
10005246,1,0.0,0.0,S,Emory Park White Crop Top,Emory Park,Top
10003479,1,0.0,0.0,XL,Emporio Cueros Jacket Beige,Emporio Cueros,Jacket/Coat
10007160,1,0.0,24.0,S,En Saison Dress Brown,,Dress
10005145,1,0.0,0.0,4,EnFocus RoseDress Rd&Blk,Enfocus Studio,Dress
10005754,1,0.0,0.0,S,Endless Rose Shiny Pink Skirt,Endless Rose,Skirt
10004644,1,0.0,0.0,8,Enfocus Black Dress,Enfocus Studio,Dress
10008761,1,0.0,6.25,M,Entro Beige Dress,,Dress
10007243,0,18.99,0.0,L,Entro Black Skirt,,Skirt
10007287,0,18.99,0.0,L,Entro Burnt Orange Skirt,,Skirt
10006681,0,29.99,0.0,L,Entro Green Lilac Skirt,Entro,Skirt
10003843,1,0.0,0.0,L,Entro Teal Checkered Top,Entro,Top
10004865,1,0.0,0.0,L,Entro WhiteBlouse,Entro,Top
10008493,1,0.0,5.5,,Envy Me Sequin Skirt L,,Skirt
10007066,1,0.0,0.0,9,Enzo Angiolini Tan Loafers,Enzo Angiolini,Shoes
10008004,1,0.0,0.0,XL,Epoch Hat,Epoch,Accessories
10007960,1,0.0,6.25,,Eri Ali Black multi-color skirt S,,Skirt
10006890,0,23.42747,0.0,6,EriXAll HotpinkruffleTop,Eri X All,Other
10007949,1,0.0,0.0,,Erin London Brown Blazer M,,Jacket/Coat
10005682,0,34.99,0.0,,Escada Pants Black XS,,Jeans/Pants
10008434,1,0.0,6.0,,Esley Black Dress M,,Dress
10008182,1,0.0,6.0,S,Esley Yellow Beige Colorful Skirt,Esley,Skirt
10007331,1,0.0,0.0,S,Espirit Black Jacket,Espirit,Jacket/Coat
10007458,1,0.0,0.0,6,Espirit Pale Pink Spagetti Strap Dress,Espirit,Dress
10008406,1,0.0,11.75,S,Espirit black coat,Espirit,Jacket/Coat
10004615,0,0.0,0.0,6,Esprit VINTAGE Brown Leopard,Esprit,Other
10003073,0,15.0,0.0,,Esprit White and Tan belt_Un,Unknown,Accessories
10004896,0,26.99,0.0,M,Essence BlPatternedSkirtWRuffle,Essence,Skirt
10003176,1,0.0,0.0,,Est 1946 Cardigan Sweater,Est 1946,Sweater/Cardigan
10005313,1,0.0,0.0,38,Etam BrwnBttnJacket,Etam,Jacket/Coat
10004964,0,32.99,0.0,4,Etc Gray Skirt Pink Beading,Etcetera,Skirt
10005112,1,0.0,0.0,6,Etc Pink Orange Design Skirt,Etcetera,Skirt
10007670,1,0.0,7.0,,Etcetera Grey Sequin Sweater S,,Sweater/Cardigan
10006620,1,0.0,0.0,6,Etcetera Leopard Print Skirt,,Skirt
10003544,1,0.0,0.0,10,Etcetera Skirt Beige Multi-Color,Etcetera,Skirt
10006656,1,0.0,0.0,0,Etcetera chain design skirt,Etcetera,Skirt
10006919,1,0.0,0.0,4,Etcetera WhiTanstitchSkirt,Etcetera,Skirt
10002351,0,24.99,0.0,,EtceteraVest_Wa,Etcetera,Top
10007728,1,0.0,0.0,S,Ethereal Fuzzy Vest w Drape,Ethereal,Top
10007029,0,14.99,0.0,S,Eunina White Shorts,Eunina,Shorts
10008214,1,0.0,12.99,,European Black Leather Boots 6,,Shoes
10004738,1,0.0,0.0,6,Evan Picone Blk Jckt,Evan Picone,Other
10004008,1,21.99,0.0,,Evan-Picone,Evan-Picone,Other
10007702,1,0.0,0.0,4,EvanPicone BlackDress,Evan-Picone,Dress
10004264,1,0.0,0.0,S,Evereve Pink Cream Tan Patternd Sweater,Evereve,Sweater/Cardigan
10007784,1,0.0,0.0,XS,Evereve Red LS Top,Evereve,Top
10001095,1,0.0,0.0,,Evereve Top,Evereve,Top
10006678,1,0.0,0.0,S,Everly Pink Green SL Dress,Everly,Dress
10003567,1,0.0,0.0,S,Everly Tank Top Leopard Print,Everly,Top
10005776,0,24.99,0.0,L,Exclusive MulticolLongSlve,Exclusive,Other
10006704,0,12.99,0.0,L,Express Beige & Lace Cami,Express,Top
10008454,1,0.0,7.5,XS,Express Black Dress,,Dress
10004222,1,0.0,0.0,0,Express Black Jumpsuit,Express,Romper/Jumpsuit
10006284,1,0.0,0.0,L,Express Black Lace Crop Top,Express,Top
10007501,1,0.0,0.0,,Express Black Light Cardigan XS,,Sweater/Cardigan
10006247,1,0.0,0.0,8,Express Black SL Romper,Express,Romper/Jumpsuit
10008496,1,0.0,8.3,,Express Black Sequin Skirt XS,,Skirt
10006992,1,0.0,0.0,S,Express Black Sheer SS Top,Express,Top
10005936,1,0.0,0.0,S,Express Black Tank Polka Dot,Express,Top
10004777,1,0.0,0.0,8,Express Black White Pattern Pants,Express Design Studio,Jeans/Pants
10007011,0,22.99,0.0,L,Express Bleus Sage Green Sweatervest,Express Bleus,Sweater/Cardigan
10006602,1,0.0,0.0,L,Express Blue & White Polka Dot SL Top,Express,Top
10005867,1,0.0,0.0,S,Express Blush Pink Black Striped Tank,Express,Top
10004733,0,14.99,0.0,S,Express DS Blue Dress SS Shirt,Express Design Studio,Dress
10003975,1,0.0,0.0,XS,Express Mrn Floral Sheer Leotard,Express,Top
10004749,1,0.0,0.0,16,Express Orange Pants,Express,Jeans/Pants
10005272,0,15.99,0.0,L,Express Orange Pink Floral SL Tank,Express,Top
10007924,1,0.0,0.0,8,Express Pale Pink Chiffon Skirt,Express,Skirt
10007448,0,18.99,0.0,M,Express Pale Pink SL Top Tie Front,Express,Top
10007131,0,29.99,0.0,M,Express Pink Jacket,Express,Jacket/Coat
10005866,1,0.0,0.0,M,Express Pink Tank Lace Detail,Express,Top
10006561,1,0.0,0.0,M,Express Pink White Off Shoulder,Express,Top
10004496,1,0.0,0.0,6,Express Pnk MiniSkirt,Express,Skirt
10001084,1,0.0,0.0,,Express Turtleneck Sweater,Express,Sweater/Cardigan
10006588,0,14.99,0.0,XS,Express Yellow Bodysuit,Express,Top
10005043,0,27.99,0.0,S,Express Sequin Cami Gld&Blk,Express,Top
10008551,1,0.0,0.0,M,Express BlkCutoutBlouse,Express,Top
10004899,0,15.99,0.0,XS,Express BlkFloralTop,Express,Top
10006915,1,0.0,0.0,4,Express JeanMidiSkirts,Express,Skirt
10004095,0,15.99,0.0,XL,Express LaceCami Lilac,Express,Top
10007705,1,0.0,0.0,XS,Express MulticolStripeJumpsuit,Express,Romper/Jumpsuit
10004301,1,0.0,0.0,M,Express PinkFloralTunic,Express,Top
10005780,1,0.0,0.0,M,Express PnkFloralTop,Express,Top
10006121,1,0.0,0.0,L,Express TieCropTop,Express,Top
10006161,0,14.99,0.0,M,Express WhiLaceCami,Express,Top
10006866,1,0.0,0.0,M,Express WhiteBlouse,Express,Top
10008570,1,0.0,8.0,XS,Express WhiteDress,Express,Dress
10002618,1,0.0,0.0,,ExpressJacket,Express,Jacket/Coat
10002770,1,0.0,0.0,,ExpressJcket,Express,Top
10002877,0,13.993,0.0,,ExpressSweater_Im,Express,Sweater/Cardigan
10002499,0,15.99,0.0,,ExpressTank Top_Ju,Express,Top
10004787,1,0.0,0.0,,Expressions NYC Black Chain Small Purse,Expressions NYC,Top
10006925,1,0.0,0.0,27,ExpressionsPlus CreamCoverUp,Expressions Plus,Top
10005307,1,0.0,0.0,L,Eyeshadow Gray Tank,Eyeshadow,Top
10005031,1,0.0,0.0,S,Eyeshadow Floral Shawl Trqse,Eye Shadow,Other
10005179,1,0.0,0.0,S,F.Fashion Sequin Tank Prpl&Blk,F. Fashion,Top
10008684,1,0.0,8.0,,FC Jeanswear Denim Jacket M,,Jeans/Pants
10005907,0,15.99,0.0,M,FP Beach Black Mini Skirt,FP Beach,Skirt
10008285,0,18.0,0.0,XS,FP Blue Floral Sheer Blouse,Free People,Top
10005969,0,24.99,0.0,S,FP Movement Purple Sweatshirt,fp Movement,Top
10007285,0,21.99,0.0,XS,FP One Cami Dress,,Dress
10007290,0,28.99,0.0,XL,FP One White Dress,,Dress
10004235,1,0.0,0.0,M,FP Silver Sequin Long Sleeve,Free People,Other
10003320,2,0.0,0.0,8,"FRH Green Heels with White Polka Dots,",Fhr,Top
10004391,0,9.99,0.0,,FYEO BlkChainMiniBag,For Your Ease Only Inc,Accessories
10007445,1,0.0,0.0,L,Fabindia Black Capri's,,Other
10007491,1,0.0,0.0,S,Fabletics Grey Waffle Hoodie,,Other
10007746,1,0.0,0.0,L,Fabrik GrnBacklessDress,Fabrik,Dress
10004851,1,0.0,0.0,,Fabulous Furs Donna Salyers M Brown Faux Fur,Donna Salyers,Other
10007533,1,0.0,0.0,M,Faded Glory Denim Jacket,,Jeans/Pants
10007235,1,0.0,0.0,8,Faith Passion Blue Floral Dress,,Dress
10005877,1,0.0,0.0,L,Faith of Zoe Teal Sweater,Faith of Zoe,Sweater/Cardigan
10005730,1,0.0,0.0,6,Falls Creek Gray Jean Skirt,Falls Creek,Skirt
10007968,1,0.0,3.75,,Fang Blue White Camisole M,,Top
10008165,1,0.0,6.0,M,Fang SL Beige Black Top,Fang,Top
10008187,0,26.99,0.0,M,Fantastic F Blush LS Dress,Fantastic Fawn,Dress
10004376,0,135.0,0.0,L,FarmRio PinkMulticolDress,Farm Rio,Dress
10007917,0,32.99,0.0,,Faux White Crocodile Bag Floral,Unknown,Accessories
10004626,1,0.0,0.0,4,Fei Pink & White Dress,Fei,Dress
10007314,1,0.0,0.0,,Fendi BrwnSunglasses,Fendi,Top
10004521,1,0.0,0.0,,Fendissime Saddlebag,Fendissime,Top
10008797,1,0.0,8.25,8,Fever London Floral Print,,Other
10005231,1,0.0,0.0,M,Fiestar Silver Dress,Fiestar,Dress
10005726,1,0.0,0.0,L,Fig & Flower Orange Top,Fig X Flower,Top
10004328,1,0.0,0.0,XL,Fig&Flowr PinkMulticolBlouse,Fig X Flower,Top
10006134,1,0.0,0.0,M,FigxFlower YllwBttnDwnBlouse,Fig X Flower,Top
10008564,1,0.0,13.0,M,FinalTouch RedBlouse,Final Touch,Top
10006163,1,0.0,0.0,S,FinalTouch RedLongslveDress,Final Touch,Dress
10007724,0,24.99,0.0,4,Finity Naturals Orange Silk Skirt,Finity Naturals,Skirt
10006793,1,0.0,0.0,M,Fiorlini BlkGreyCollarTop,Fiorlini,Other
10008248,1,0.0,6.0,,Fire LA Blue Purple Skirt M,,Skirt
10007099,1,0.0,0.0,,Fitz and the Tantrums Black Baseball Hat,Fitz and the Tantrums,Accessories
10008768,2,0.0,12.5,,Fizz Orange White Check Skirt S,,Skirt
10008225,0,35.99,0.0,,Flat White Cardigan OSFM,,Sweater/Cardigan
10007094,0,39.99,0.0,,Fleur Silk Scarf,Fleur,Accessories
10004025,1,0.0,0.0,,FlirtatiousPants_Fli,Flirtatious,Jeans/Pants
10006322,0,16.99,0.0,S,Flora White Robe,Flora,Other
10004550,1,0.0,0.0,,Floral Clam Bag,Unknown,Accessories
10004484,1,0.0,0.0,XXL,Floral Coat Wht&Blk,Talbots,Jacket/Coat
10005432,1,0.0,0.0,L,Floral Midi Skirt Brwn&Pnk,Unknown,Skirt
10006573,0,24.99,0.0,XXL,Floral Multicolor Buttondown Top,Unknown,Top
10005434,3,0.0,0.0,XL,Floral Shawl Blk&Wht,Unknown,Other
10006697,0,29.99,0.0,XL,Floral Sheer Kimono,Unknown,Other
10008212,1,0.0,6.0,,Floral Sheer Open Cardigan L,,Sweater/Cardigan
10006363,1,0.0,0.0,M,FloralWrapSkirt,Unknown,Skirt
10008611,1,0.0,5.0,,Flower Charm Bracelet,,Accessories
10007376,0,7.992,0.0,,FlowerGemEarrings,Unknown,Accessories
10007594,1,567.5,0.0,,Flowers,,Other
10007774,1,0.0,0.0,L,Flutterbye Blue Red Skirt,Flutterbye,Skirt
10006519,0,34.99,0.0,L,Flying T NWT Black Brown Knit Dress,Flying Tomato,Dress
10008217,1,0.0,6.25,,Flying Tomato Beige Blue Dress 8,,Dress
10006269,0,28.99,0.0,L,Flying Tomato Jean Jacket,Flying Tomato,Jeans/Pants
10007969,1,0.0,6.25,,Flying Tomato Multi-Color Dress L,,Dress
10005630,1,0.0,0.0,L,Flying Tomato White Floral LS,Flying Tomato,Top
10003698,0,24.99,0.0,S,Foiled Mini Skirt,Unknown,Skirt
10007481,1,0.0,0.0,XXL,For Her Black Skirt,,Skirt
10007422,1,0.0,0.0,26,ForallMankind LightdenimSkirt,7 For All Mankind,Skirt
10006583,0,28.99,0.0,M,Fore Multicolor Floral Crop Top,Fore,Top
10007273,1,0.0,0.0,L,Fore Top Multi-Color,,Top
10007247,1,0.0,0.0,M,Fore sleeveless Tank Top,,Top
10008701,1,0.0,6.5,,Forever 21 Black Dress S,,Dress
10006686,1,0.0,0.0,M,Forever 21 Black Seethrough Dress,Forever 21,Dress
10006343,0,35.99,0.0,M,Forever 21 Black Sheer Top,Forever 21,Top
10005541,0,21.99,0.0,S,Forever 21 Blue Satin Skirt,Forever 21,Skirt
10004970,1,0.0,0.0,M,Forever 21 Gray Knit Light Longsleeve,Forever 21,Sweater/Cardigan
10006687,1,0.0,0.0,L,Forever 21 Jean Skirt,Forever 21,Skirt
10006977,1,0.0,0.0,S,Forever 21 Multicolor Romper,Forever 21,Romper/Jumpsuit
10004756,1,0.0,0.0,S,Forever 21 Sequin Skirt,Forever 21,Skirt
10005433,1,0.0,0.0,M,Forever Sheer Top Grn&Brwn,Forever,Top
10007354,1,0.0,0.0,XS,Forever21 shear longsleeve blouse,Forever 21,Top
10005166,0,18.99,0.0,S,Forever21 Aztec Skirt Blk&Pnk,Forever21,Skirt
10003434,0,75.0,0.0,,Fossil Hobo Handbag,Fossil,Top
10008687,1,0.0,125.0,,Fossil Hobo Multicolor Bag,,Top
10004068,1,29.99,0.0,S,Fossil Rd Stch Leather,Fossil,Top
10004067,0,29.99,0.0,S,Fossil Yellow Leather Belt,Fossil,Top
10004920,1,0.0,0.0,S,Fossil PinkDotBlouse,Fossil,Top
10007751,0,28.99,0.0,XS,Fossil PinkDotDress,Fossil,Dress
10003404,0,12.99,0.0,,Fox Brand Belt Black,Fox,Accessories
10008742,1,0.0,9.75,,Foxblood Black Dress 4X,,Dress
10008741,0,37.66411,0.0,,Foxblood Black Dress S,,Dress
10008743,1,0.0,9.75,,Foxblood Black Dress XXL,,Dress
10008751,1,0.0,6.25,,Foxblood Black LS Blouse L,,Top
10008752,1,0.0,6.25,,Foxblood Black LS Blouse XXL,,Top
10008011,0,23.0,0.0,XS,Foxblood Black Sheer SS Dress,Foxblood,Dress
10005294,1,0.0,0.0,S,Frame Whi OrangeTankTop,Frame,Top
10004642,1,0.0,0.0,M,Francesca Black Lace Dress,Francesca's,Dress
10008712,1,0.0,8.5,,Francesca's Blue Rain Black Dress XS,,Dress
10008562,1,0.0,8.0,S,Francescas PinkSweater,Francesca's,Sweater/Cardigan
10007937,1,0.0,18.5,8.5,Franco Sarto Shoes,,Shoes
10007358,0,18.99,0.0,10,Franco Sarto Tan Leather Slip Ons,Franco Sarto,Other
10007045,1,0.0,0.0,8.5,Franco Sarto White Loafers,Franco Sarto,Shoes
10004914,1,0.0,0.0,9.5,Franco BlackBoot,Franco Sarto,Shoes
10005408,0,21.99,0.0,9,FrancoS BllLoafer,Franco Sarto,Shoes
10007689,1,0.0,0.0,8,Frank Eileen White Cotton Pants,Frank & Eileen,Jeans/Pants
10004059,0,23.99,0.0,,Frankie&Johnny Mhgny Purse,Frankie X Johnny,Accessories
10007682,1,0.0,0.0,2,Fred David Black & White Dress,Fred David,Dress
10008398,1,0.0,5.0,,Fred David Red Skirt XL,,Skirt
10006749,1,0.0,0.0,38,Frederick's Pink Corset Black Detail,Frederick's of Hollywood,Set
10007174,0,33.99,0.0,M,Frederick's of Hollywood Leopard Slip,Frederick's of Hollywood,Other
10007998,1,0.0,0.0,10,Free People Black Faux Shiny Pants,Free People,Jeans/Pants
10006563,0,18.99,0.0,M,Free People Black Tank Emb,Free People,Top
10008036,1,0.0,4.75,,Free People Black Top XS,,Top
10007360,0,23.99,0.0,6,Free People Blue Skirt,Free People,Skirt
10007554,1,0.0,5.0,,Free People Burgundy Cardigan L,,Sweater/Cardigan
10008428,0,24.99,0.0,,Free People Intimately Romper Blue M,,Romper/Jumpsuit
10007116,0,28.99,0.0,6,Free People Light Pink Pattern Long Skirt,Free People,Skirt
10006662,0,22.99,0.0,S,Free People Lilac Dress,Free People,Dress
10006711,0,29.99,0.0,XS,Free People NWT Yellow Dress,Free People NWT,Dress
10005517,1,0.0,0.0,10,Free People Orange Gold SL Dress,Free People,Dress
10003506,1,0.0,0.0,4,Free People Overalls Blue Jeans,Free People,Jeans/Pants
10007913,0,37.99,0.0,8,Free People Red NWT Lace Dress,Free People NWT,Dress
10003483,1,0.0,0.0,S,Free People Shag Vest Black & White,Free People,Top
10006986,1,0.0,0.0,4,Free People Snakeskin Skirt,Free People,Skirt
10004150,1,0.0,0.0,S,Free People Top Floral Black & White,Free People,Top
10006768,0,26.99,0.0,L,Free People Tunic White,Free People,Other
10008762,1,0.0,6.25,,Free People White LS Top M,,Top
10007283,0,22.99,0.0,XS,Free People Yellow LS Top,,Top
10007330,0,27.99,0.0,S,Free People Yellow Skirt,Free People,Skirt
10008040,1,0.0,3.75,,Free for Love Corsette L,,Set
10005069,1,0.0,0.0,S,FreePeople Shoulder Top Orng,Free People,Top
10006404,0,22.99,0.0,XS,FreePeople PinkTanktop,Free People,Top
10006117,1,0.0,0.0,S,FreePeople Whi&BlkDress,Free People,Dress
10008592,1,0.0,8.0,L,FreePeople WhiSingeTop,Free People,Other
10003415,1,0.0,0.0,L,Freebird Tank Top Green,Freebird,Top
10006575,0,23.19531,0.0,S,Freemarket White Floral Top,Freemarket,Top
10004624,1,0.0,0.0,4,French C Black Dress,French Connection,Dress
10007775,1,0.0,0.0,M,French Closet White Shorts,The French Closet,Shorts
10006463,1,0.0,0.0,8,French Conn Orange Kisses Dress,French Connection,Dress
10003362,1,0.0,7.99,8,French Connection Brown Heals,French Connection,Top
10004848,1,0.0,0.0,18,French Toast Black School Skirt,French Toast,Skirt
10008585,0,28.99,0.0,0,FrenchC BlackDress,French Connection,Dress
10008375,1,0.0,8.99,XL,Frenchi floral skirt,Frenchi,Skirt
10006111,0,15.99,0.0,S,Frenchi Blk&WhiSheerlayerTop,Frenchi,Other
10008619,1,0.0,2.25,L,Freshwear Brown Halter Top M,,Top
10007313,0,30.0,0.0,,Freyrs LightSunglasseswCase,Freyrs,Top
10007312,0,30.0,0.0,,Freys BrwnSunglasses,Freyrs,Top
10008735,1,0.0,6.5,,Fruit of Loom Vols LS T-Shirt XL,,Top
10007659,1,0.0,0.0,,Frye Dahlia Rivet Leather Shoes 7,,Shoes
10004244,1,0.0,0.0,5,Frye Embroidered Boot 1,Frye,Shoes
10006328,0,75.99,0.0,7.5,Frye Wood Heels,Frye,Top
10006794,1,0.0,0.0,L,Fun2Fun YellowFloralShirt,Fun2Fun,Top
10006829,1,0.0,0.0,L,Fun2Fun YellowFlowerShirt,Fun2Fun,Top
10008067,1,0.0,0.0,S,Funky BlueDress,Funky,Dress
10003198,1,0.0,0.0,,Fur Vest Jacket,Unknown,Jacket/Coat
10004781,0,32.99,0.0,S,G Dresses Tan Long Sweater Feather,G Dresses,Dress
10007553,1,0.0,7.5,L,G by Giuliana Grey Coat,,Jacket/Coat
10006460,1,0.0,0.0,L,GAP Light Brown Cardigan,Gap,Sweater/Cardigan
10006819,1,0.0,0.0,12,GAP Red Shorts,Gap,Shorts
10003533,1,0.0,0.0,L,GAP Sweater Pink,Gap,Sweater/Cardigan
10006275,0,26.99,0.0,L,GAP White Lace Top,Gap,Top
10006429,1,0.0,0.0,M,GAP camo tshirt,Gap,Top
10006906,1,0.0,0.0,14,GAP MulticolStripeShort,Gap,Shorts
10006022,1,0.0,0.0,XS,GAP PnkLongsleeve,Gap,Other
10006873,0,19.99,0.0,S,GAP WhiDotBttnDown,Gap,Other
10006923,1,0.0,0.0,16,GAP WhiteBttnDwnSkirt,Gap,Skirt
10002701,1,0.0,0.0,,GAPJacket_Di,Gap,Jacket/Coat
10001339,1,0.0,0.0,,GAPSweater_Su,Gap,Sweater/Cardigan
10006661,1,0.0,0.0,M,GB Hot Pink Floral Wrap Dress,Gb,Dress
10007069,0,15.99,0.0,6.5,GC White Beige Sandals,,Top
10005423,0,28.99,0.0,M,GTWUrban RedDress,GTW Urban,Dress
10008126,1,0.0,0.0,S,GabrieleK KidsGreenBeeSet,Gabriele Knecht,Set
10008125,1,0.0,0.0,S,GabrieleK kettomyheartSet,Gabriele Knecht,Set
10005955,1,0.0,0.0,M,Gaby Burgundy SS w Hood,Gaby,Top
10003889,1,0.0,0.0,S,Gaiam Athleisure Pnk,Gaiam,Other
10004932,1,0.0,0.0,8,Gantos TanAniPrintTop,Gantos,Other
10007642,0,24.99,0.0,M,Gap Black Button Up SL Top,Gap,Top
10004792,0,17.99,0.0,M,Gap Black Leather Brass Belt,Gap,Top
10005623,1,0.0,0.0,M,Gap Black Tee,Gap,Top
10006282,1,0.0,0.0,XS,Gap Dark Blue Stripe Top,Gap,Top
10007822,0,15.99,0.0,,Gap White Lace Top XS,,Top
10005040,1,0.0,0.0,XS,Gap Embrdrd Blouse Wht&Blk,Gap,Top
10004294,1,0.0,0.0,L,Gap Raspberry Sweater,Gap,Sweater/Cardigan
10003792,1,0.0,0.0,XS,Garage Gray Longsleeve,Garage,Other
10006676,0,16.0,0.0,S,Garage Jean Skort,Garage,Jeans/Pants
10008271,1,0.0,8.0,,Garnet Hill Black Sweater S,,Sweater/Cardigan
10005892,1,0.0,0.0,M,Gaslon Orange Cardigan,Gaslon,Sweater/Cardigan
10004988,1,0.0,0.0,L,Gaze Baby Pink Tie Front LS,Gaze,Top
10006637,1,0.0,0.0,,Gemstone Hide Belt with Crosses,Wholesay by Atlas,Top
10004916,1,0.0,0.0,5,GenLeather BrwnLeatherJacket,Genuine Leather,Jacket/Coat
10007946,1,0.0,0.0,6,Gene Meyer Beige Skirt,,Skirt
10007106,0,14.99,0.0,L,Generation Kiss Denim Top,Generation Kiss,Jeans/Pants
10007119,1,0.0,0.0,10,Geoffrey Beene White & Black Floral Skirt,Geoffrey Beene,Skirt
10004528,1,0.0,0.0,,Georciou Studio Black Sequin Clutch,Georciou Studio,Accessories
10008158,0,19.99,0.0,4,George Brown Floral Skirt,George,Skirt
10003522,1,0.0,0.0,M,George LS Top Black & White,George,Top
10004058,1,0.0,0.0,7.5,Geox Blk Wedge Heel,Geox,Shoes
10004820,1,0.0,0.0,XL,Gerry Reversible Gray Vest w Hood,Gerry,Top
10004973,1,0.0,0.0,S,Giani Bini Green Puffy Skirt,Giani Bini,Skirt
10005429,1,0.0,0.0,XS,GianiBini Lace Dress Blk&Crm,Giani Bini,Dress
10006875,0,17.99,0.0,M,GianiBini TanCropTankTop,Giani Bini,Top
10007676,0,49.99,0.0,,Gianni Bini Brown Boots 7.5,,Shoes
10002063,1,0.0,0.0,12,Gianni Bini NWT Dress Taupe,Gianni Bini NWT,Dress
10006254,0,15.99,0.0,11,Gianni Bini Red Shoes,Giani Bini,Shoes
10004051,1,0.0,0.0,7.5,GianniBini Jeweled Heel,Gianni Bini,Shoes
10003467,1,0.0,0.0,S,Gibson LS Top Blue,Gibson,Top
10005209,1,0.0,0.0,S,Gibson Look Sleeveless Floral Top,Gibson,Top
10005292,0,22.99,0.0,S,Gibson BlackTop,Gibson,Other
10007736,0,21.592,0.0,M,GigioUSA GrnBttnDownBlouse,Gigio USA,Top
10004042,1,0.0,0.0,,GildanTee Shirt_Gil,Gildan,Top
10005707,1,0.0,0.0,L,Gilla Multicolor Crop Top,Gilla,Top
10008419,1,0.0,9.75,L,Gilli Maxi Skirt Blue,,Skirt
10004846,1,0.0,0.0,L,Gilli Rose Gold Zebra Silky Tank,Gilli,Top
10002396,1,0.0,0.0,,GilliganOMalley Slip,Gilligan X OxMalley,Other
10003768,1,0.0,0.0,38,Gina Kahiki Pants,gina Tricot,Jeans/Pants
10003437,1,0.0,0.0,,Giorgio Brato Studded Black Handbag,Girgio Brato,Accessories
10005689,1,0.0,0.0,14,Giorgio St Angelo Wool Pants,Giorgio Saint Angelo,Jeans/Pants
10005720,-1,28.99,0.0,,Giorgio red shirt,,Top
10005420,0,32.99,0.0,4,GirlsFromSavoy PurpSleevlessDress,Girls From Savoy,Dress
10005102,1,0.0,0.0,M,Glam Hot Pink Crop Top,Glam,Top
10004372,0,19.99,0.0,S,Glam GreySweater,Glam,Sweater/Cardigan
10008473,1,0.0,3.99,,Glitter Belt,,Accessories
10008169,1,0.0,8.0,M,Globus Blue SS Top,Globus,Top
10006867,1,0.0,0.0,10,GloriaVand TanLongShorts,Gloria Vanderbalt,Shorts
10003267,1,0.0,0.0,,Gold & Silver Necklace,Unknown,Accessories
10006581,0,8.99,0.0,,Gold Bronze Necklace,Unknown,Accessories
10006597,0,12.99,0.0,,Gold Circle Design Necklace,Unknown,Accessories
10003972,1,0.0,0.0,S,Gold Sequin Collar Top,Grace Karin,Top
10006740,1,0.0,0.0,,Gold Wire Metal Purse,Unknown,Accessories
10004219,0,15.99,0.0,,Gold White Necklace,Unknown,Accessories
10006119,1,0.0,0.0,10,Golftini NavyWhitrimSkirt,Golftini,Skirt
10006319,1,0.0,0.0,L,Good Yarn Wrap Skirt Red,Good Yarn,Skirt
10007767,0,21.99,0.0,9.5,GoodChoice PinkFlowerShoe,Good Choice,Shoes
10005590,1,0.0,0.0,S,Gorgeous Blue Lace Top Polka Dot,Gorgeous,Top
10005582,1,0.0,0.0,S,Gorgeous Blue Lace Top,Gorgeous,Top
10005570,1,0.0,0.0,XXL,Grace Karin Beige Cardigan,Grace Karin,Sweater/Cardigan
10005939,1,0.0,0.0,L,Grace Karin Pink Cardigan,Grace Karin,Sweater/Cardigan
10004464,0,24.99,0.0,S,GraceK BlkBlouse,Grace Karin,Top
10005190,0,25.99,0.0,M,Gracia Black Fishnet Top,Gracia,Top
10008343,0,21.99,0.0,M,GradeXG WhiBlouse,Grade X Gather,Top
10005551,1,0.0,0.0,L,Gradual Camo Athletic Skirt,Gradual,Skirt
10003156,1,0.0,0.0,,Grateful Dead Tee,Cha Sor,Top
10004586,1,0.0,0.0,M,Grateful Dead Tie Dye Graphic Tee,Grateful Dead,Top
10007086,0,26.99,0.0,,Gray Floral Sparkly Hat,Unknown,Accessories
10007727,1,0.0,0.0,M,Gray Jean Vest,Unknown,Jeans/Pants
10004531,1,0.0,0.0,,Gray Jewelstone Necklace Silver,,Top
10003999,1,0.0,0.0,,Gray Metal Black Flower Necklace,,Accessories
10003572,1,0.0,0.0,S,Gray Suede Jacket,Blank NYC,Jacket/Coat
10006465,0,16.99,0.0,L,Gray Tennessee Tshirt,Unknown,Top
10004803,1,0.0,0.0,XL,Green & Pink Sports Jacket,Unknown,Jacket/Coat
10004843,1,0.0,0.0,XXL,Green E Black Tank,Green Envelope,Top
10005651,1,0.0,0.0,L,Green Envelope Green LS,Green Envelope,Top
10008727,1,0.0,6.5,,Green Envelope LA Blue Top L,,Top
10007940,0,18.7081,0.0,,Green Flower Necklace Choker,Unknown,Accessories
10003582,1,0.0,0.0,8,Green Jeggings,D.Jeans,Other
10004446,0,24.99,0.0,M,Green Khaki Jogger,Banana Republic,Other
10004253,1,0.0,0.0,L,Green Knit Sweater,Unknown,Sweater/Cardigan
10004791,0,15.99,0.0,,Green Leather Belt,Unknown,Accessories
10007932,1,0.0,0.0,,Green Necklace,Unknown,Accessories
10007996,1,0.0,10.95,,Green Peas Necklace,,Accessories
10008192,1,0.0,6.0,L,Green Pink Embroided Top,Unknown,Top
10004990,1,0.0,0.0,M,Green Quarter Zip,Unknown,Other
10007952,0,19.99,0.0,,Green Stone Earings,,Accessories
10006375,1,0.0,0.0,,Green Studded Belt,Unknown,Accessories
10003347,0,39.99,0.0,6,Green Suede Boots La Canadienne 1,La Canadienne,Shoes
10006996,0,19.99,0.0,M,Green Tan Satin SL Top,Unknown,Top
10005539,1,0.0,0.0,M,Green Tank w Feather,Unknown,Top
10006696,1,0.0,0.0,XL,Green Tea Gray Fuzzy Zip Up,Green Tea,Other
10007942,1,0.0,0.0,,Green Yellow Orange Necklace,Unknown,Accessories
10007599,0,24.99,0.0,,Green w Copper Leaf Bag,,Accessories
10006837,1,0.0,0.0,M,Green wallflower dress,Wallflower Vintage Collection,Dress
10008127,1,0.0,0.0,,GreenStripeCrochetPoncho,Unknown,Other
10005455,1,0.0,0.0,L,GretchenS Grn&PinkBlouse,Gretchen Scott,Top
10008573,1,0.0,8.0,XS,GretchenS TanFlowerDress,Gretchen Scott,Dress
10007237,1,0.0,0.0,,Grey Adora Hat,,Accessories
10004269,1,0.0,0.0,XL,Grey Button-Up Sweater,Coldwater Creek,Sweater/Cardigan
10004121,0,25.99,0.0,S,Grey Kiss Tee,Recycled Karma,Top
10004242,1,0.0,0.0,,Grey Multi-Color Sweater,Aldomartins,Sweater/Cardigan
10004129,1,0.0,0.0,M,Grey Skull Tank,Chasor,Top
10004900,0,15.99,0.0,S,GreyCrochetTankTop,Unknown,Top
10006031,1,0.0,0.0,M,GreyLongSleeve,Unknown,Other
10004427,1,0.0,0.0,M,GreyMetallicQtrButton,Pilcro,Other
10001072,1,0.0,0.0,,GreylinDress_Ak,Greylin,Dress
10005896,0,26.99,0.0,M,Griffen Blue Cashmere Sweater,Griffen,Sweater/Cardigan
10008593,1,0.0,8.0,S,GrnAnimalPrSheerTop,Unknown,Other
10005232,1,0.0,0.0,M,Guess Black Dress,Guess,Dress
10004054,1,0.0,0.0,6.5,Guess Blk Buckle Boot,Guess,Top
10003477,1,0.0,0.0,12,Guess Dress Black,Guess,Dress
10007922,1,0.0,0.0,27,Guess Jean Skirt,,Skirt
10005953,0,24.99,0.0,S,Guess Jeans Green Tank,Guess Jeans,Jeans/Pants
10008568,1,0.0,8.0,XS,Guess Magenta Dress,,Dress
10007022,1,0.0,0.0,4,Guess Red High Neck Dress,Guess,Dress
10003476,1,0.0,0.0,L,Guess Wool Jacket Black,Guess,Jacket/Coat
10004407,1,0.0,0.0,9,Guess Blk&GoldHeels,Guess,Top
10008603,1,0.0,8.0,7,Guess SilverDress,Guess Jeans,Dress
10004589,0,14.99,0.0,L,Guns & Roses Graphic T,Guns N Roses,Other
10006339,0,22.99,0.0,M,Gypsies & Moondust Red Blue Stripe Top,Gypsies & Moondust,Top
10005884,1,0.0,0.0,L,H & M Beige Cardigan,H X M,Sweater/Cardigan
10005274,0,14.99,0.0,S,H & M Black Crop Top SL White Embroidery,H X M,Top
10006610,1,0.0,0.0,4,H & M Black Jean Skirt,H&M,Skirt
10004804,1,0.0,0.0,L,H & M Black Satin SS Tank,Hxm,Top
10007647,1,0.0,0.0,XL,H & M Dark Green Gold Top,Hxm,Top
10005533,1,0.0,0.0,8,H & M Purple Bugundy Skirt,H X M,Skirt
10007577,1,0.0,0.0,L,H & M Red Crochet Shorts,H X M,Shorts
10006572,1,0.0,0.0,S,H&M Beige LS Open Back Top,H&M,Top
10008616,1,0.0,6.5,,H&M Black SS Top S,,Top
10008703,1,0.0,4.25,,H&M Black White Sleeveless Top S,,Top
10007194,1,0.0,0.0,8,H&M Dress Black,,Dress
10008467,1,0.0,8.0,8,H&M Green & White Top,,Top
10007555,0,23.0,0.0,M,H&M Orange Sweater,,Sweater/Cardigan
10003964,0,11.99,0.0,M,H&M Ruffle Bodysuit Blk,H&M,Top
10006110,1,0.0,0.0,S,H&M CrmCropTop,H&M,Top
10003589,1,0.0,0.0,10,H&M PatternPant,H X M,Jeans/Pants
10006367,0,21.99,0.0,S,H PinklaceTop,H by bordeaux,Other
10008121,1,0.0,0.0,M,HC PurpleCrochetShirt,Hand Crocheted,Top
10008300,25,0.0,0.0,,HOLDINGITEM,Unknown,Other
10004907,1,0.0,0.0,8,HSTrask BlackBoot,H S Trask,Shoes
10008625,0,11.99,0.0,,HYFVE Green Halter Top L,,Top
10008645,0,12.99,0.0,M,HYFVE Yellow Top,,Top
10005791,1,0.0,0.0,S,HYFVE LilaccinchTop,Hyfve,Other
10008680,1,0.0,8.0,,Habitat Green LS Blouse L,,Top
10005908,0,18.99,0.0,S,Haeof Black Long Skirt,Haeof,Skirt
10007739,1,0.0,0.0,M,HaliBob MulticolBlouse,Hali Bob,Top
10003319,1,0.0,0.0,,Halogen Pink & Black Embroidered Skirt,Halogen,Skirt
10007169,1,0.0,0.0,M,Halogen Sleeveless Blouse,,Top
10005788,0,18.99,0.0,M,Halogen BlkLaceTanktop,Halogen,Top
10004638,1,0.0,0.0,M,Halston NWT Brown Dress,Halston NWT,Dress
10008070,1,0.0,0.0,M,HamptonCourtKnits GreyPurpTank,Hampton Court Knits,Sweater/Cardigan
10007406,0,15.99,0.0,,Hand Painted Owl Pin VINTAGE,Unknown,Other
10002474,0,39.99,0.0,,Hanes (collector item)Tee Shirt_Za,Hanes (collector item),Top
10008450,1,0.0,6.4,,Hanes Tennessee Grey Orange T S,,Top
10007824,1,0.0,24.0,M,Hanky Panky Pink Lace,,Other
10003691,0,25.99,0.0,S,HannaGracie Grey Layered Skirt,Hanna Gracie,Skirt
10008719,1,0.0,6.25,,Hannah Brown Beige Cardigan S,,Sweater/Cardigan
10005310,0,7.99,0.0,,Harding-Lane Kids Pink Cherry BBall Hat,Harding-Lane,Accessories
10004591,1,0.0,0.0,XXL,Harey D Black Tank,Harley Davidson,Top
10004185,0,79.99,0.0,9.5,Harley D. Leather Boots,Harley Davidson,Shoes
10005586,1,0.0,0.0,,Harley Davidson Black Leather Hat,Harley Davidson,Accessories
10006700,0,19.99,0.0,L,Harley Davidson Blue Tshirt White LS,Harley Davidson,Top
10008639,1,0.0,6.25,,Harley Davidson Grey T-Shirt XXL,,Top
10007136,1,0.0,0.0,L,Harley Davidson Tank Top,Harley Davidson,Top
10004031,1,0.0,0.0,,Harley DavidsonJacket_HDJ,Harley Davidson,Jacket/Coat
10004028,0,23.99,0.0,,Harley DavidsonTank Top_HD,Harley Davidson,Top
10004032,0,20.33992,0.0,,Harley DavidsonTank Top_Hdaa,Harley Davidson,Top
10004035,1,0.0,0.0,,Harley DavidsonTee Shirt_Hdae,Harley Davidson,Top
10004037,0,22.99,0.0,,Harley DavidsonTee Shirt_Hdaf,Harley Davidson,Top
10004039,0,19.99,0.0,,Harley DavidsonTee Shirt_Hdah,Harley Davidson,Top
10004040,1,0.0,0.0,,Harley DavidsonTee Shirt_Hdba,Harley Davidson,Top
10001050,0,42.99,0.0,,Harley DavidsonTee Shirt_Li,Harley Davidson,Top
10004034,0,22.99,0.0,,Harley DavidsonTee Shirt_hdac,Harley Davidson,Top
10003834,1,0.0,0.0,L,HarleyDavidson Cropped Sweatshirt,Harley Davidson,Top
10008351,0,17.99,0.0,M,HarloweXG RedBlkLaceTop,Harlowe X Graham,Other
10008216,1,0.0,6.0,8,Harold's Beige Skirt,,Skirt
10005700,0,32.99,0.0,S,Harper Blush Pink Jacket Ruffle,Harper Heritage,Jacket/Coat
10006016,1,0.0,0.0,M,HarperHer YllwBttndwn,Harper Heritage,Other
10004339,0,24.99,0.0,12,Harve B & W Jacket,Harve Benard,Jacket/Coat
10006509,1,0.0,0.0,XL,Harve B NWT Light Pink Buttondown,Harve Benard,Other
10003386,1,0.0,0.0,XL,Harve Bernard Sweater Blue,Harve Benard,Sweater/Cardigan
10006518,1,0.0,0.0,XS,Haute Hippie Gray Sequin Skirt,Haute Hippie,Skirt
10007681,0,10.99,0.0,L,Haute Monde Pink Tulle Skirt,Haute Monde,Skirt
10005203,1,0.0,0.0,L,Have Black & White Striped Romper w Bow,Have,Romper/Jumpsuit
10006276,1,0.0,0.0,S,Haven + Blair Mint Green Top LS,Haven + Blair,Top
10006782,1,0.0,0.0,M,HavenBlair LemonBlouse,Haven + Blair,Top
10003562,0,19.99,0.0,,Hawaiian Punch Tee Shirt,Hawaiian Punch,Top
10007462,1,0.0,0.0,M,Hazel Brown Green SS Dress,Hazel,Dress
10006718,1,0.0,0.0,L,Hazel M Pink Cherry Sheer SS,Hazel Moon,Top
10007428,1,0.0,0.0,,Heart Ring,,Accessories
10005667,0,14.99,0.0,L,Heart Soul Blue Black Top,Heart Soul,Top
10005755,0,25.99,0.0,S,Heart Soul Light Pink & Black Blouse,Heart Soul,Top
10008802,1,0.0,7.0,,Heart Soul Multi-Color Dress L,,Dress
10005749,0,28.99,0.0,M,Heart Soul Pink Ruffle Tank,Heart Soul,Top
10008166,1,0.0,8.0,L,Heart Soul Red Green SL Top,Heart Soul,Top
10005511,1,0.0,0.0,S,Heifer Black Tshirt,Unknown,Top
10008441,0,35.99,0.0,L,Helena Fejkova Beige Dress M,,Dress
10007451,1,0.0,0.0,S,Helix Black Zip Up Jacket,Helix,Jacket/Coat
10004980,1,0.0,0.0,L,Hello Franki Cream Blue Flannel,Hello Franki,Other
10008292,0,14.0715,0.0,L,HelloFranki Blue&WhiTop,Hello Franki,Other
10003776,1,0.0,0.0,28,Helmut Army Green Pants,Helmut,Jeans/Pants
10006650,1,0.0,0.0,M,Helmut Lang NWT red fuzzy skirt,Helmut Lang NWT,Skirt
10007918,0,22.99,0.0,L,Hem & Thread Cheetah Tank,Hem & Thread,Top
10007874,0,19.99,0.0,,Hengsheng Jean Jacket M,,Jeans/Pants
10006762,1,0.0,0.0,M,Hengsheng Jean Jacket,Hengsheng,Jeans/Pants
10006115,0,15.99,0.0,S,Her PnkFlareSleeveBttnDwn,Her,Other
10007701,0,29.99,0.0,L,HerENSG OrangeButtonRomper,Her Entire Name Says Grace,Romper/Jumpsuit
10003814,1,0.0,0.0,M,Hidden Black Button Up Jacket,Hidden,Jacket/Coat
10006414,1,0.0,0.0,L,HighSecret BlkMulticolJacket,High Secret,Jacket/Coat
10007950,0,28.99,0.0,L,Highway Jeans Jacket,,Jeans/Pants
10005098,0,15.99,0.0,M,Highway Jeans Jean Vest,Highway Jeans,Jeans/Pants
10005773,0,32.99,0.0,13,Highway JemDenimSkirt,Highway Jeans,Skirt
10007005,1,0.0,0.0,,Hilary Radley Green V Neck Sweater,Hilary Radley,Sweater/Cardigan
10002371,1,0.0,0.0,,Hint of MintLS Top_P,Hint of Mint,Top
10007612,1,0.0,0.0,S,Hippie Rose 2-pc top shorts,,Shorts
10005409,1,0.0,0.0,9,HoldingHorses BlkReddetailHeel,Holding Horses,Shoes
10004394,0,39.99,0.0,39,HoldingHorses BrwnLacedBoot,Holding Horses,Shoes
10005123,0,18.99,0.0,29,Hollister Camo Pants,Hollister,Jeans/Pants
10005124,0,32.99,0.0,XXS,Hollister Dark Gray Bomber Jacket,Hollister,Jacket/Coat
10007019,1,0.0,0.0,4,Hollister Jeans Light Dark Blue,Hollister,Jeans/Pants
10003518,1,0.0,0.0,M,Hollister Pants Black & White,Hollister,Jeans/Pants
10008044,1,0.0,4.25,L,Hollister Red Floral Skirt,Hollister,Skirt
10008633,1,0.0,4.5,XS,Hollister SS Top Blue,,Top
10000771,0,25.99,0.0,6,HollisterJeans,Hollister,Jeans/Pants
10007564,1,0.0,0.0,S,Holloway Burgundy Rain Jacket,Holloway,Jacket/Coat
10008656,1,0.0,7.0,,Honey Peach Green Sleeveless Dress S,,Dress
10007921,1,0.0,0.0,S,Honey Punch Blue Lace Bodysuit,Honey Punch,Top
10004007,1,0.0,0.0,,Honey Punch Cardigan,Honey Punch,Sweater/Cardigan
10003312,0,22.99,0.0,,Hooters Tank,Hooters,Top
10006723,1,0.0,0.0,XS,Hot Pink One Shoulder Crop Top,Unknown,Top
10004801,1,0.0,0.0,L,Hot Tees SL Pink Graphic,Hot Tees,Top
10006804,1,0.0,0.0,S,HotKiss PinkDrawSTringPant,Hot Kiss,Jeans/Pants
10005951,1,0.0,0.0,S,House of Harlow Green & White Crop Top,House of Harlow 1960,Top
10007731,0,32.86406,0.0,M,House of Harlow Satin Collared Blouse,House of Harlow 1960,Top
10003565,1,0.0,0.0,M,House of Harlow Tank Top Beige,House of Harlow,Top
10007528,1,0.0,0.0,,How Very Loved Red Floral Dress L,,Dress
10007484,0,15.99,0.0,M,Hudson Gray LS Top,,Top
10006822,1,0.0,0.0,29,Hudson Green Shorts,Hudson,Shorts
10003602,1,0.0,0.0,8,Hudson BlackPant,Hudson,Jeans/Pants
10006349,1,0.0,0.0,XS,Hudson BlkShort,Hudson,Shorts
10006415,1,0.0,0.0,L,HummingBird PinkWrapBodySuit,Humming Bird,Top
10005666,0,12.99,0.0,10,Hunt Club Beige,Hunt Club,Other
10008025,0,14.45,0.0,,Hurley Leopard Shorts,Hurley,Shorts
10003887,1,0.0,0.0,M,Hurley Pink Pullover,Hurley,Sweater/Cardigan
10005375,0,26.99,0.0,M,HyFve Black Top,Hyfve,Top
10004503,0,15.99,0.0,14,Hydraulic Jean Skirt,Hydraulic,Skirt
10008283,1,0.0,5.5,S,Hyfve White Skirt,Hyfve,Skirt
10005494,0,15.99,0.0,S,Hypnotik Blue Gray Circle Dress,Hypnotik,Dress
10007456,1,0.0,0.0,4,I.C.E pink jacket,I.C.E.,Jacket/Coat
10006756,1,0.0,0.0,L,I.N Purple Floral Satin Tank,I.N. San Francisco,Top
10004823,0,23.99,0.0,M,I.N. Black Floral SL Dress Glitter,I.N. San Francisco,Dress
10003868,1,0.0,0.0,S,ICE Purp Pink Longsleeve Dress,Ice,Dress
10006051,0,32.99,0.0,M,IErelaxed GrnPatternShirt,Ie Relaxed,Top
10008015,1,0.0,6.5,M,IISLI Black Tank w Details,Iisli,Top
10005825,-1,27.99,0.0,,IN MULTI,,Other
10006543,1,0.0,0.0,L,INC Black & Rose SL Top,Inc,Top
10005636,1,0.0,0.0,XL,INC Black & White Polka Dot Top,Inc,Top
10007441,1,0.0,0.0,L,INC Black Jacket,,Jacket/Coat
10007020,0,19.99,0.0,M,INC Blue SL Top,Inc,Top
10003356,1,0.0,8.0,10,INC Bronze Heels,Inc,Top
10008030,1,0.0,8.25,M,INC Coat,,Jacket/Coat
10003399,1,0.0,0.0,L,INC LS Top Black,Inc,Top
10004741,1,0.0,0.0,S,INC Leopard Blk&Beige Top,Inc,Top
10004747,1,0.0,0.0,S,INC Navy Floral Top,Inc,Top
10004361,1,0.0,0.0,,INC Orange&Red Floral Blouse,Inc,Top
10006520,1,0.0,0.0,L,INC Pink Pattern Top,Inc,Top
10005648,1,0.0,0.0,XL,INC Red Pink Black LS Top,Inc,Top
10005066,1,0.0,0.0,S,INC Floral Slvlss Top Blue,Inc,Top
10005082,2,0.0,0.0,S,INC Sequin Top Rose Gold,Inc,Top
10006033,1,0.0,0.0,6,INC Blk&lime multicolTop,Inc,Other
10006882,1,0.0,0.0,L,INC BlkWhiFlowerTop,Inc,Other
10006136,1,0.0,0.0,S,INC BluMulticolBttndwn,Inc,Other
10004472,1,0.0,0.0,M,INC BrwnsLongSleeve,Inc,Other
10004457,1,0.0,0.0,S,INC MulticolButtonDown,Inc,Other
10007747,1,0.0,0.0,XS,INC PinkGreyDress,Inc,Dress
10004712,1,0.0,0.0,XL,INC swtr grn,Inc,Sweater/Cardigan
10004092,1,0.0,0.0,M,IRE Black Open Back Top,Ire,Top
10005724,0,32.99,0.0,S,ITOO Italy Multicolor Skirt,Itoo Italy,Skirt
10006336,0,28.99,0.0,6,Ideology Purple Silk Blouse,Ideology,Top
10007083,0,23.99,0.0,7.5,Ilaria Sartori Black Gold Sandals,Ilaria,Top
10008161,1,0.0,8.0,L,Iman Red Pants,Iman,Jeans/Pants
10005650,1,0.0,0.0,L,Impeccable Pig Red & Black LS Top,The Impeccable Pig,Top
10008715,1,0.0,8.5,,Impressions Leaf Dress S,,Dress
10002403,1,0.0,0.0,,In BloomCamisole,In Bloom,Top
10002408,0,24.99,0.0,,In BloomCamisole_Je,In Bloom,Top
10003329,1,0.0,0.0,,In Cashmere Wool Pearl Black Scarf,In,Accessories
10007735,1,0.0,0.0,M,Ina BlueSlvlssFlowerTop,Ina,Top
10008203,1,0.0,6.0,,Inc Purple Camisole M,,Top
10007052,0,15.99,0.0,10,Inc Silver Heels,Inc,Top
10008448,1,0.0,12.5,,India faux Pearl Necklace,,Accessories
10007044,1,0.0,0.0,8.5,Indigo by Clarks Pink Sandals,Clarks,Top
10007260,0,22.99,0.0,M,Indulge Dress Black White,,Dress
10006892,0,22.99,0.0,XL,Indulge BlackBBDollTop,Indulge in Style,Other
10005846,1,0.0,0.0,XS,Ines de la White LS Buttondown,Ines De La Fressange,Top
10007097,1,0.0,0.0,,Inge Sport Orange Summer Bag,Inge Sport,Accessories
10003912,0,15.99,0.0,S,InnerMost Ppl Slip,Inner Most,Other
10006093,1,0.0,0.0,XS,IntFreeP Pnk&NavyDress,Intimately,Dress
10003918,1,0.0,0.0,S,IntimateMoods Pnk Slip,Intimate Moods,Other
10005013,1,0.0,0.0,S,Intimately FB Red Swoop Neck LS,Intimately,Top
10006995,1,0.0,0.0,M,Intimately by FP Lilac SL Blouse,Free People,Top
10005926,0,21.99,0.0,S,Intimissimi Black Cami w Lace,Intimissimi,Top
10008290,0,24.99,0.0,6,Intuitions EmbroidedVest,Intuitions,Top
10004290,1,0.0,0.0,14,Investments Tan Tweed Pant,Investments,Jeans/Pants
10007056,1,0.0,0.0,8,Ipanema Brown Shoes,Ipanema,Shoes
10005751,1,0.0,0.0,S,Iris Black Tank,Iris Los Angeles,Top
10005935,0,22.99,0.0,L,Iris Pink Satin Embroidered Jacket,Iris Los Angeles,Jacket/Coat
10007692,1,0.0,0.0,XL,Iris PinkTieShirt,Iris,Top
10007205,1,0.0,0.0,10,Isaac Mizrahi Black Skirt,,Skirt
10006983,0,45.99,0.0,6,Isaac Mizrahi White Dress,Isaac Mizrahi,Dress
10007295,1,0.0,0.0,6,Isabel Blue Jean Overalls,Isabel,Jeans/Pants
10004957,1,0.0,0.0,8,Isabella D Black Skirt,Isabella DeMarco,Skirt
10008355,1,0.0,0.0,XS,IslandPlanet MulticolTubeTop,Island Planet,Top
10004612,1,0.0,0.0,S,Isle Blue Beige Dress,Isle,Dress
10004769,1,0.0,0.0,M,It's Our Time Gray Knit Sweater,It's Our Time,Sweater/Cardigan
10007787,0,19.99,0.0,8,Itsu Green Floral Skirt,Itsu,Skirt
10007090,1,0.0,0.0,10,Ivanka Trump Beige Heels,Ivanka Trump,Top
10007297,1,0.0,0.0,S,Ivy Jane Pink Green Floral SS Top,Ivy Jane,Top
10005298,1,0.0,0.0,L,IvyRidge Blue&WhiLongSL,Ivy Ridge,Other
10006810,0,32.99,0.0,S,Ixee DRess Blk Wht Peach,Ixee,Dress
10007835,1,0.0,0.0,M,Izod Blue Polka Dot Slip,Izod,Other
10005606,0,15.99,0.0,M,Izod Pink & White Collared SL Tank,Izod,Top
10004965,1,0.0,0.0,4,Izod Pink Tennis Skirt w Buckle,Izod,Skirt
10005522,1,0.0,0.0,16,Izod Purple Skirt White Stitching,Izod,Skirt
10008008,0,21.99,0.0,,J & X Black Beaded Peacock Scarf,J & X,Accessories
10006843,0,34.99,0.0,26,J Brand white jeans,J Brand,Jeans/Pants
10005960,0,35.99,0.0,M,J Crew Beige Red Blue Cashmere Sweater,J Crew,Sweater/Cardigan
10007979,1,0.0,6.0,10,J Crew Beige Skirt,,Skirt
10008170,1,0.0,8.0,XS,J Crew Black SL Top,J Crew,Top
10008720,1,0.0,8.25,4,J Crew Blue Dress,,Dress
10008714,1,0.0,7.5,,J Crew Chambray Tank 6,,Top
10007967,1,0.0,6.0,,J Crew Green Beige Skirt 10,,Skirt
10004731,1,0.0,0.0,M,J Crew Honeycomb Gray LS,J Crew,Top
10005373,1,0.0,0.0,8,J Crew Navy Lace Top,J Crew,Top
10005565,1,0.0,0.0,XS,J Crew Off White Sweater,J Crew,Sweater/Cardigan
10007997,1,0.0,0.0,8,J Crew Pale Nude Silk Top,J Crew,Top
10004758,1,0.0,0.0,6,J Crew Pale Peach SS Shirt,J Crew,Top
10005879,1,0.0,0.0,XL,J Crew Pink & White Cardigan,J Crew,Sweater/Cardigan
10008033,1,0.0,7.25,,J Crew Pink Blouse 10,,Top
10005844,1,0.0,0.0,L,J Crew Pink Knit Tank,JCrew,Sweater/Cardigan
10007777,0,34.99,0.0,XS,J Crew Pink Orange Floral SL Long Dress,J Crew,Dress
10006763,0,24.99,0.0,12,J Crew Pink Red Floral Dress,J Crew,Dress
10006979,0,20.99,0.0,12,J Crew Pink SS Blouse,J Crew,Top
10007866,1,0.0,0.0,6,J Crew Pink Satin Skirt,J Crew,Skirt
10007818,1,0.0,64.99,,J Crew Pink Sequin Top S,,Top
10007007,1,0.0,0.0,0,J Crew Pink and Blue Striped Skirt,J Crew,Skirt
10004116,1,0.0,0.0,S,J Crew Plaid Button Down Blue Pink,J Crew,Other
10005115,1,0.0,0.0,XS,J Crew Purple LS Striped Top,J Crew,Top
10007177,1,0.0,0.0,XXS,J Crew Red Dress,,Dress
10005642,0,18.99,0.0,2,J Crew Red Scallop Tank,J Crew,Top
10006535,1,0.0,0.0,2,J Crew Teal SL Top,J Crew,Top
10008708,1,0.0,8.5,,J Crew Toothpick Colorful 29,,Other
10003411,0,22.99,0.0,6,J Crew Top White,J Crew,Top
10003807,1,0.0,0.0,29,J Crew White Pants,J Crew,Jeans/Pants
10007115,1,0.0,0.0,27,J Crew White Skirt,J Crew,Skirt
10007820,1,0.0,35.0,,J Crew White Black Sequin Top S,,Top
10002952,1,0.0,0.0,,J CrewLS Button Down_Sa,J Crew,Top
10001166,1,0.0,0.0,,J CrewLS Flannel_De,J Crew,Top
10002738,1,0.0,0.0,,J CrewLS Top_89,J Crew,Top
10000475,0,29.99,0.0,,J CrewSkirt_vi,J Crew,Skirt
10002807,1,0.0,0.0,,J CrewSleeveless Top_Au,J Crew,Top
10008702,1,0.0,8.0,,J Gee Black Midi Skirt XL,,Skirt
10005547,0,20.99,0.0,XS,J Jill Biege LS Cardigan,J Jill,Sweater/Cardigan
10004735,1,0.0,0.0,XS,J Jill Floral LS,J Jill,Top
10007645,1,0.0,0.0,L,J Jill Pink Sweater,J Jill,Sweater/Cardigan
10002074,1,0.0,0.0,,J JillCoat,J Jill,Jacket/Coat
10002930,1,0.0,0.0,,J JillCoverall_Br,J Jill,Other
10002745,1,0.0,0.0,,J JillLS Top_Wa,J Jill,Top
10006462,1,0.0,0.0,6,J McLaughlin Blue & White Skirt,J McLaughlin,Skirt
10003473,1,0.0,0.0,M,J. Crew Cardigan Black & White,J Crew,Sweater/Cardigan
10004991,1,0.0,0.0,S,J. Crew Pink Silky LS Pattern Tie Front,J.Crew,Top
10007180,0,23.99,0.0,M,J. Crew Top Beige,,Top
10006947,1,0.0,0.0,XXS,J. Crew White LS Blouse,,Top
10006643,0,22.99,0.0,S,J. Gee yellow floral dress,J. Gee,Dress
10005017,1,0.0,0.0,XS,J. JIll Beige Long Cardigan,J.Jill,Sweater/Cardigan
10007198,1,0.0,0.0,S,J. Jill Black Floral Dress,,Dress
10007436,0,24.99,0.0,M,J. Jill Blue White Pants,,Jeans/Pants
10007291,1,0.0,0.0,M,J. Jill Peach Dress,,Dress
10008042,1,0.0,4.0,M,J. Welly Pink Jeans,J Welly,Jeans/Pants
10005143,1,0.0,0.0,S,J.Crew Lace Blouse Blk,J.Crew,Top
10005086,1,0.0,0.0,S,J.Crew Texture Tank Cream,J.Crew,Top
10005030,0,25.99,0.0,M,J.Crew Wrap Blouse Grn,J.Crew,Top
10003683,1,0.0,0.0,M,J.Crew Blk&Wt Checker,J.Crew,Other
10005079,1,0.0,0.0,M,J.CrewNWT Gnghm Shoulder Top Rd&Wht,J.Crew NWT,Top
10004969,1,0.0,0.0,1,J.Jill Blue Long Cardigan,J.Jill,Sweater/Cardigan
10004272,1,0.0,0.0,XS,J.Jill Navy Kit Sweater,J.Jill,Sweater/Cardigan
10008718,1,0.0,7.5,,JA Black Vols Hoodie M,,Top
10008709,1,0.0,5.25,,JA Volunteers LS T-Shirt XL,,Top
10004881,1,0.0,0.0,M,JAmerica tshrt org,JAmerica,Shorts
10003883,0,69.99,0.0,9,JB Dillon Cream Cowgirl Boots,JB Dillon,Shoes
10004876,0,16.99,0.0,M,JBD skrt denim,Jbd,Skirt
10004292,1,0.0,0.0,3,JBrand Blk Wax Jean,J Brand,Jeans/Pants
10007976,1,0.0,6.0,,JC JO Purple Stretch Pants XL,,Jeans/Pants
10003858,0,19.99,0.0,M,JCrew Purp Floral Long Sleeve,J Crew,Other
10004508,1,0.0,0.0,0,JCrew OrngxWht Skirt,J Crew,Skirt
10008286,1,0.0,4.5,S,JCrew White Long Skirt,JCrew,Skirt
10004406,0,24.99,0.0,7,JCrew BlackFlats,J Crew,Shoes
10008550,1,0.0,0.0,8,JCrew BlkMultiColTop,JCrew,Other
10004382,1,0.0,0.0,L,JCrew GrnButtonSweater,J Crew,Sweater/Cardigan
10006914,0,18.99,0.0,10,JCrew NavyWhiPlkaDotShorts,JCrew,Shorts
10005297,1,0.0,0.0,M,JCrew PinkTankTop,JCrew,Top
10006160,1,0.0,0.0,S,JCrew PinkTanktop,JCrew,Top
10005295,1,0.0,0.0,XS,JCrew PinkruffleTankTop,JCrew,Top
10004325,1,0.0,0.0,4,JCrew PurpMulticolButtnDwn,J Crew,Other
10004471,1,0.0,0.0,S,JCrew Purple&WhButtonDown,J Crew,Other
10006098,1,0.0,0.0,XS,JCrew PurpruffleTank,JCrew,Top
10005072,1,0.0,0.0,M,JCrewNWT Scallop Tank Bl&Wht,JCrew,Top
10008068,1,0.0,0.0,6.5,JF BlueShoe,John Fluevog,Shoes
10004465,1,0.0,0.0,M,JGalt BlueJean,J Galt,Jeans/Pants
10007431,1,0.0,0.0,18,JH Collectible LS Shirt,,Top
10003384,1,0.0,0.0,M,JJ Basics Vest Brown,JJ Basics,Top
10004386,1,0.0,0.0,M,JJBasics PinkSweater,JJ Basics,Sweater/Cardigan
10003636,1,0.0,0.0,XL,JJill GreyCardigan,J Jill,Sweater/Cardigan
10004654,1,0.0,0.0,S,JJill RedCardigan,J Jill,Sweater/Cardigan
10005282,1,0.0,0.0,XL,JJill YellowLongSleeve,J Jill,Other
10005771,0,14.99,0.0,L,JJxs WhiLayeredBlouse,JJXs Fairyland,Top
10006034,1,0.0,0.0,M,JKLA BrwnflorallayerTop,JKLA California,Other
10004774,1,0.0,0.0,M,JM Collection Black Knit Sweater,JM Collection,Sweater/Cardigan
10005234,0,25.99,0.0,2,JM Collection Green Shirt,JM Collection,Top
10005909,1,0.0,0.0,L,JM Collection Pink Sheer Top,JM Collection,Top
10004329,1,0.0,0.0,XL,JM LightBlue$GrnSweater,JM Collection,Sweater/Cardigan
10004874,0,27.99,0.0,,JMcollect skrt multibeige 16P,JM Collection,Skirt
10002543,0,26.98,0.0,,JO COBodysuit_An,Jo Co,Top
10006039,1,0.0,0.0,XL,JPR MulticolCardigan,John Paul Richard,Sweater/Cardigan
10003944,0,39.99,0.0,12,JR Nites Black Sheer Longsleeve,JR Nites,Other
10006335,1,0.0,0.0,14,JR Nites NWT Black Tank Sequin,JR Nites,Top
10007649,1,0.0,0.0,14,JS Collection Blue Floral LS Top,JS Collection,Top
10007588,1,0.0,0.0,14,JS Collection Black Dress,,Dress
10004775,0,25.99,0.0,8,JS Signature Black Cut Layer Skirt,JS Signature,Skirt
10007704,0,47.992,0.0,6,JSColl BlkWhiStripeDress,JS Collection,Dress
10006868,0,19.99,0.0,6,JackWills JeanShort,Jack Wills,Shorts
10004978,0,19.99,0.0,L,Jaclyn Smith Black Dressy Tank w Metal Cuff,Jaclyn Smithxs Studio,Dress
10008316,0,7.50042,0.0,,JacquelineF BrownCrossBag,Jacqueline Ferrar,Top
10004745,1,0.0,0.0,S,Jade Bl&Wht Top,Jade,Top
10008498,1,0.0,8.3,,Jade Pink LS Cardigan S,,Sweater/Cardigan
10006792,0,25.99,0.0,M,Jaipur GrnBlkPrintFlareBlouse,Jaipur,Top
10004189,0,45.99,0.0,,James Jeans Jacket Blk Wax Denim,James Jeans,Jeans/Pants
10007650,1,0.0,0.0,L,Jane & D Black & Gold Sheer LS,Jane & Delancy,Top
10008198,1,0.0,6.0,2,Jane A Pink Skirt,Jane Ashley,Skirt
10005238,1,28.99,0.0,M,Jane Delancy NWT Black Orange Floral Top,Jane Delancy,Top
10003188,1,0.0,0.0,,Jane&Delancy Tie Die SwtShirt,Jane & Delancy,Top
10004135,1,0.0,0.0,L,JaneDelancy TieDye Pull,Jane & Delancy,Other
10008626,1,0.0,3.0,,Japna Blue White Halter Top S,,Top
10008637,0,14.99,0.0,,Japna Blue White SS Top S,,Top
10007530,0,21.99,0.0,,Japna Sleeveless Blouse Pink M,,Top
10008371,1,0.0,8.99,M,Japna checkered tanktop,Japna,Top
10005784,1,0.0,0.0,L,Japna PnkFloralDetailTop,Japna,Other
10002722,0,15.99,0.0,,JapnaCrop Top_Ho,Japna,Top
10007125,0,22.99,0.0,XL,Jason Maxwell Green Floral Hoodie,Jason Maxwell,Other
10004643,1,0.0,0.0,4,Jax Black Dress,Jax,Dress
10005762,0,24.99,0.0,8,Jcrew Blk&WhiSkirt,J Crew,Skirt
10006037,1,0.0,0.0,XL,Jcrew BlueLongsleeve,J Crew,Other
10008571,1,0.0,8.0,4,Jcrew MulticolDress,JCrew,Dress
10008588,1,0.0,8.0,2,Jcrew MulticolFloralTop,JCrew,Other
10006942,1,0.0,0.0,XS,Jcrew WhiBlkStitchShirt,JCrew,Top
10005333,1,0.0,0.0,S,JealTom GrnMulticolTop,Jealous Tomato,Other
10004251,1,0.0,0.0,,Jean Midi-Pencil Skirt,Bisou Bisou,Skirt
10006682,1,0.0,0.0,L,Jeanne Pierre Orange SL Top,Jeanne Pierre,Jeans/Pants
10003796,0,24.51831,0.0,4,Jen 7 Straight Black Jeans,Jen 7,Jeans/Pants
10007831,1,0.0,0.0,XL,Jennifer L 2 Piece Satin Sleepwear,Jennifer Lopez,Other
10008247,1,0.0,4.0,,Jenny Jen Blue Lace Camisole S,,Top
10003697,1,0.0,0.0,S,Jessica H Blk Sweater,Jessica Howard,Sweater/Cardigan
10005756,1,0.0,0.0,S,Jessica H Dark Blue Cover Up,Jessica Howard,Top
10003769,0,59.99,0.0,5,Jessica M Black Skirt VINTAGE,Jessica McClintock,Skirt
10005947,0,34.99,0.0,M,Jessica S NWT White Sweater w Pink,Jessica Simpson,Sweater/Cardigan
10006671,1,0.0,0.0,L,Jessica SImpson purple striped skirt,Jessica Simpson,Skirt
10005219,0,25.99,0.0,,Jessica Simpson,Jessica Simpson,Top
10007602,1,0.0,0.0,,Jessica Simpson Multi-Color Heels 9,,Top
10006727,0,18.99,0.0,XS,Jeuvre Snakeskin & Floral Dress,Jeuvre,Dress
10002407,1,44.05419,0.0,,JezebelCamisole,Jezebel,Top
10006418,1,0.0,0.0,M,JforJustify FloralChainBttnDwn,J For Justify,Other
10006101,0,29.99,0.0,M,JimiHendrixTShirt,Authentic Hendrix,Top
10005613,1,0.0,0.0,M,Jint Black SS Shirt w Buttons,Jint,Top
10004583,1,0.0,0.0,L,Jkara BllBeadedTop,Jkara,Other
10005703,1,0.0,0.0,1,Jodi K White Floral Satin Crop Top,Jodi Kristopher,Top
10003527,0,31.99,0.0,S,Joe's Bluejeans,,Jeans/Pants
10004012,0,22.99,0.0,,Johnny Cash Tee,Cash,Top
10005865,0,55.99,0.0,S,Johnny Was Beige Dress,Johnny Was,Dress
10008435,1,0.0,25.0,,Johnny Was Green Trench Midi L,,Jacket/Coat
10007961,1,0.0,6.0,,Johnny Was SS Blouse Purple XL,,Top
10005083,0,25.99,0.0,,Johnny Was Shoulder Bag,Johnny Was,Accessories
10008327,1,0.0,0.0,M,JohnnyM BlkHalterDress,Johnny Martin,Dress
10007084,1,0.0,0.0,6.5,Johnston & Murphy Gold Flats,Johnston X Murphy,Shoes
10006032,1,0.0,0.0,M,JohnstonXM OrangeShirt,Johnston X Murphy,Top
10005293,1,0.0,0.0,S,Joie BabyPinkBlouse,Joie,Top
10006354,1,0.0,0.0,S,Joie PinkFloralTop,Joie,Other
10002942,0,25.99,0.0,,JoieSS Top_Pe,Joie,Top
10006485,1,0.0,0.0,XL,Jolie & Joy Green Crop Top,Jolie & Joy,Top
10008763,1,0.0,5.5,4,Jolt Black Pants,,Jeans/Pants
10008093,1,0.0,0.0,7,Jonathan Logan green sweater dress,Jonathan Logan,Dress
10008679,1,0.0,8.0,,Jones NY Black Jacket XL,,Jacket/Coat
10004785,1,0.0,0.0,1,Jones NY Leather Jacket,Jones New York,Jacket/Coat
10007515,1,0.0,0.0,,Jones New York Grey LS Top S,,Top
10007013,1,0.0,0.0,2,Jones New York Red Multi Color Hoodie Sweater,Jones New York,Sweater/Cardigan
10005649,1,0.0,0.0,XL,Jones Studio Purple Red Floral LS,Jones Studio,Top
10003601,1,0.0,0.0,S,Jones BrwnFurrTrimCoat,Jones New York,Jacket/Coat
10005170,0,21.99,0.0,S,JonesNY Jean Vest,Jones New York,Jeans/Pants
10008334,0,24.99,0.0,10,JonesNY BlackBttnDwnDress,Jones New York,Dress
10004604,1,0.0,0.0,8,JonesNY Blk&TanFloralDress,Jones New York,Dress
10005775,1,0.0,0.0,M,JonesNY BlkTieTop,Jones New York,Other
10006088,1,0.0,0.0,XL,JonesNY Grn&PnkBttnDwn,Jones New York,Other
10007390,1,0.0,0.0,M,JonesNYNWT WhiSlipDress,Jones New York NWT,Dress
10006780,1,0.0,0.0,,Jordache Butterfly Jeans As-Is,Jordache,Jeans/Pants
10006476,1,0.0,0.0,S,Joseph A Pink Blue Sweater,Joseph A.,Sweater/Cardigan
10003718,1,0.0,0.0,M,Joseph A. MulticolorSweater,Unknown,Sweater/Cardigan
10005875,1,0.0,0.0,S,Joseph Black & White Leopard Cardigan,Joseph A.,Sweater/Cardigan
10007991,1,0.0,0.0,10,Joseph R Silver Metallic Jacket,Joseph Ribhoff,Jacket/Coat
10005945,1,0.0,0.0,XL,Josephine Chaus Pink Cardigan,Josephine Chaus,Sweater/Cardigan
10008489,1,0.0,8.5,,Jou Jou Bronze LS Top L,,Top
10004799,0,35.99,0.0,M,JouJou Brown Pleather Jacket,JouJou,Jacket/Coat
10004057,1,0.0,0.0,2,JouJou Calico Fur Vest,JouJou,Top
10004492,1,0.0,0.0,M,JouJou LimeGrnJacket,JouJou,Jacket/Coat
10004663,1,0.0,0.0,L,JrTheme Brwn Jewel Dress,Jr. Theme,Dress
10007716,1,0.0,0.0,8,Judith Hart Green SS Top,Judith Hart,Top
10007695,0,32.99,0.0,31,JudyBlue PinkPocketPant,Judy Blue Los Angeles,Jeans/Pants
10005200,0,24.99,0.0,4,Juicy C White SS Dress,Juicy Couture,Dress
10003983,0,22.99,0.0,M,Juicy Couture 2 Piece Baby Pink Velvet,Juicy Couture,Other
10005250,1,0.0,0.0,S,Juicy Couture White Hoodie,Juicy Couture,Other
10006400,1,0.0,0.0,S,JuicyC BlkGemBlouse,Juicy Couture,Top
10006085,1,0.0,0.0,L,JuicyC MulticolFloralTop,Juicy Couture,Other
10004762,1,0.0,0.0,L,Jules & Leo Pink Pants,Jules X Leopold,Jeans/Pants
10005681,1,0.0,0.0,,Jules & Leopold Black and Grey Pants,,Jeans/Pants
10003288,1,0.0,0.0,,Jules & Leopold Floral Pants,Jules X Leopold,Jeans/Pants
10002725,0,27.99,0.0,,JuliaTee Shirt_Cu,Julia,Top
10004622,1,0.0,0.0,16,Julian T Blue & Pink Dress,Julian Taylor,Dress
10005280,1,0.0,0.0,16,JulianT MulticolTop,Julian Taylor,Other
10007816,1,0.0,177.0,,Juliet Dunn London Blue Dress 2,,Dress
10005986,1,0.0,0.0,XS,Jun & Ivy Blue & White Crop Top,Jun X Ivy,Top
10007638,0,29.99,0.0,8.5,Just Fab Lemon Heels,JustFab,Top
10006279,0,22.99,0.0,2,Just G Shorts Jumper,Just G,Shorts
10005430,0,22.99,0.0,XL,Just Polly Swirl Tee Multicolor,Just Polly,Top
10003514,1,0.0,0.0,M,Just West Pants Blue,Just West,Jeans/Pants
10003352,1,0.0,0.0,8,JustFab Blue Boots 1,JustFab,Shoes
10007579,1,0.0,0.0,S,Justice Blue Jean Shorts,Justice,Shorts
10007304,1,0.0,0.0,0,Justice White Shorts,Justice,Shorts
10006905,1,0.0,0.0,14,Justice WhiteShort,Justice,Shorts
10000605,1,0.0,0.0,,Justify Burgundy Jacket,Justify,Jacket/Coat
10008366,1,0.0,90.45,,Justin pink and brown leather boot,Justin Boots,Shoes
10008295,1,0.0,0.0,8.5,JustinBoots BrownStitchBoots,Justin Boots,Shoes
10004895,1,0.0,0.0,L,K&K BlueRuffleSkirt,Kendall X Kylie,Skirt
10007469,1,0.0,0.0,L,KLD Black SL Dress,Kld,Dress
10005566,1,0.0,0.0,10,KUT Black Jeans,Kut,Jeans/Pants
10004771,1,0.0,0.0,8,KUT Black Pants NWT,Kut Nwt,Jeans/Pants
10004744,1,0.0,0.0,S,KUT Blk Multicolor LngSLve,Kut,Other
10003781,1,0.0,0.0,2,KUT Burgundy Corduroy Pants,Kut,Jeans/Pants
10006993,1,0.0,0.0,6,KUT Jean Shorts,Kut,Shorts
10004798,1,0.0,0.0,XXL,KUT Red Floral Chiffon SL,Kut,Other
10007782,1,0.0,0.0,14,Kaari Blue Burnt Orange Pants,Kaari blue,Jeans/Pants
10007819,1,0.0,111.0,4,Kachel Black Dress,,Dress
10004086,1,0.0,0.0,M,Kadence White Fur Vest,Kadence,Top
10007703,1,0.0,0.0,S,Kaileigh BlkFloralDress,Kaileigh,Dress
10006486,0,13.99,0.0,6,Karen A White LS Lace,Karen Alexander,Top
10005376,1,0.0,0.0,S,Karen Kane Black Lace Top,Karen Kane,Top
10008388,1,0.0,6.5,,Karen Kane Multi-Color Top XL,,Top
10005987,1,0.0,0.0,8,Karen Scott Jean Skirt,Karen Scott,Skirt
10007535,1,0.0,0.0,S,Karen Scott Red Sweatshirt,,Top
10002610,1,0.0,0.0,,Karen ScottSweater_Em,Karen Scott,Sweater/Cardigan
10004473,1,0.0,0.0,L,KarenK MulticolBlouse,Karen Kane,Top
10003647,1,0.0,0.0,6,KarenM GreyButtonDown,Karen Millen,Other
10008077,1,0.0,0.0,,Karl L Black Purse NWT,Karl Lagerfeld,Accessories
10006775,0,25.99,0.0,XL,Karlie Pink Dress,Karlie,Dress
10005669,1,0.0,0.0,12,Kasper Black & White SL Tank,Kasper,Top
10006559,0,13.09858,0.0,M,Kasper Black SL Top,Kasper Knits,Top
10007629,1,0.0,6.0,14,Kasper Red Jacket,,Jacket/Coat
10006924,1,0.0,0.0,M,Kasper WhiteTieTop,Kasper,Other
10005034,1,0.0,0.0,XL,Kate KasinNWT Sheer Shirt Nvy,Kate Kasin,Top
10008711,1,0.0,6.25,,Kate Park Pink Capri's L,,Other
10008795,1,0.0,30.0,,Kate Spade B W Leather Crossbody,,Top
10007308,1,0.0,0.0,,Kate Spade Basket Floral Purse,Kate Spade,Accessories
10008443,0,54.99,0.0,,Kate Spade PInk Lola Tote Bag,,Accessories
10005321,1,0.0,0.0,L,KateHill Grey&PurpZipup,Kate Hill,Other
10004117,0,19.99,0.0,M,KateLord Prp StripeShrt,Kate Lord,Shorts
10008189,1,0.0,6.0,S,Kenar Black SL Top,Kenar,Top
10007293,1,0.0,0.0,6,Kenar Black Skirt,,Skirt
10007576,1,0.0,0.0,6,Kenar Blue Red Shorts,Kenar,Shorts
10007172,1,0.0,0.0,S,Kendall & Kylie Blue Satin Crop Top,Kendall X Kylie,Top
10001212,1,0.0,0.0,,Kendall X KylieJeans_Lu,Kendall X Kylie,Jeans/Pants
10004278,1,0.0,0.0,M,KendallXKylie Brown Suede Coat,Kendall X Kylie,Jacket/Coat
10003896,1,0.0,0.0,S,KendalxKylie Blk Crop Top,Kendall X Kylie,Top
10008786,1,0.0,8.0,,KendraS BowNecklace,Kendra Scott,Accessories
10008790,1,0.0,8.0,,KendraS CircleNecklace,Kendra Scott,Accessories
10008787,1,0.0,8.0,,KendraS DiamFlowerNecklace,Kendra Scott,Accessories
10008785,1,0.0,8.0,,KendraS GoldBracelet,Kendra Scott,Accessories
10008784,1,0.0,8.0,,KendraScottFlowerEarrings,Kendra Scott,Accessories
10007074,1,0.0,0.0,9.5,Kenneth Cole Blk Sandals,Kenneth Cole,Top
10007827,0,23.82181,0.0,8,Kenneth Cole Brown Boots,,Shoes
10008062,0,19.99,0.0,,KennethC BrownPurse,Kenneth Cole,Accessories
10008063,0,22.99,0.0,,KennethC GreyPurse,Kenneth Cole,Accessories
10004009,1,0.0,0.0,,Kensie Orange Jeans,Kensie,Jeans/Pants
10006930,0,24.99,0.0,10,Kensie WhitelaceDress,Kensie,Dress
10007357,0,25.99,0.0,S,Kenzie Black SL Dress,Kenzie,Dress
10007224,1,0.0,0.0,M,Kenzie Green Colorful SL Dress,Kenzie,Dress
10007794,1,0.0,0.0,XL,Keren Hart Hot Pink LS Knit Cardigan,Keren Hart,Sweater/Cardigan
10004439,1,0.0,0.0,12,Khaki Pant,Joes,Jeans/Pants
10004447,1,0.0,0.0,6,Khaki Straight Leg,Levi Strauss & Co,Other
10008124,1,0.0,0.0,S,KidsCrochetFlowerShirt,Bobbi Brooks,Top
10008123,1,0.0,0.0,S,KidsKnitStrawBSkirt,Unknown,Skirt
10008122,1,0.0,0.0,S,KidsKnitSweater,Unknown,Sweater/Cardigan
10007199,1,0.0,0.0,XL,Kilo Brava Pink Dress,,Dress
10008244,1,0.0,4.0,L,Kim R Red Tank w Embroidered,Kim Rogers,Top
10008731,1,0.0,4.5,12,Kim Rogers Brown Pants,,Jeans/Pants
10004981,1,0.0,0.0,8,Kim Rogers Red Pink Orange Dot DressNWT,Kim Rogers,Dress
10005989,1,0.0,0.0,12,"Kim Rogers Red, White Blue Skirt",Kim Rogers,Skirt
10008698,1,0.0,7.5,,Kim Rogers Red Beige Skirt L,,Skirt
10005467,0,24.99,0.0,6,KimRogers BrwnPolkaDotDress,Kim Rogers,Dress
10005871,0,21.99,0.0,S,Kimchi Blue Floral Halter Dress,Kimchi Blue,Dress
10005237,0,24.99,0.0,L,Kimchi Blue Pink Lace Top,Kimchi Blue,Top
10004373,1,0.0,0.0,S,KimchiBlue GreySweater,Kimchi Blue,Sweater/Cardigan
10007517,1,0.0,0.0,M,Kimcine Multi-Color Pants,,Jeans/Pants
10005299,1,0.0,0.0,L,Kirundo RustBubbleTop,Kirundo,Other
10005632,0,26.99,0.0,XL,Kiwi Black White Striped Dress,Kiwi & Punch,Dress
10008367,1,0.0,6.99,,Knit tote bag with circular handles,Unknown,Sweater/Cardigan
10008080,1,0.0,0.0,,Knit70 TanDress,Knit 70,Dress
10004096,1,0.0,0.0,M,KnitShawl Navy,Unknown,Sweater/Cardigan
10006641,0,14.99,0.0,S,Known Supply Green SS Shirt,Known Supply,Top
10003979,1,55.99,0.0,,Kokin Black Tulle Hat,Kokin,Accessories
10004001,1,0.0,0.0,,Koral Orange Hoodie,Koral,Other
10005457,1,0.0,0.0,S,Koret BlkVelvetVest,Koret,Top
10004226,1,0.0,0.0,L,Kori Blue Floral LS Dress,Kori America,Dress
10008759,1,0.0,6.0,,Kori Multi-Color Dress S,,Dress
10004917,0,24.99,0.0,S,Kori MulticolBlouse,Kori America,Top
10007328,0,42.99,0.0,M,Kourt Black Dress,Kourt,Dress
10004305,1,0.0,0.0,6,KrazyLarry KhakiAnimalPrintLeggings,Krazy Larry,Jeans/Pants
10006333,1,0.0,0.0,XS,Krisa Black Floral Tank,Krisa,Top
10008046,0,19.0,0.0,L,Kristin D White LS Buttondown,Kristin Davis,Top
10006779,0,25.99,0.0,,Ktoo Pink Skirt,K Too,Skirt
10004452,1,0.0,0.0,XL,KuYue BrwnTrouser,Ku Yue,Jeans/Pants
10003829,1,0.0,0.0,6,Kut Blk Skinny Pant,Kut,Jeans/Pants
10004178,1,0.0,0.0,2,Kut NWT Tan Pants,Kut Nwt,Jeans/Pants
10003500,1,0.0,0.0,4,Kut from the Cloth Pants Brown,Kut,Jeans/Pants
10004371,1,0.0,0.0,L,Kut BlackSpeckledButtonDown,Kut,Other
10006784,1,0.0,0.0,S,Kut MulticolSheerTop,Kut,Top
10006926,1,0.0,0.0,8,Kut WhiteShorts,Kut,Shorts
10006104,1,0.0,0.0,M,Kut YllwBttnDwn,Kut,Other
10000276,1,39.99,0.0,,KutPants_Me,Kut,Jeans/Pants
10002413,1,0.0,0.0,,KymarSlvlss Slip,Kymar,Top
10007242,1,0.0,0.0,,L'Agence Copper Pants M,,Jeans/Pants
10007048,1,0.0,0.0,6.5,L'Artiste Black Sandals,L'Artiste,Top
10006270,0,55.99,0.0,7.5,L'Artiste Boots Brown,,Shoes
10003408,0,26.99,0.0,S,L.S. Dunes Tee Shirt Beige,L.S. Dunes,Top
10008627,1,0.0,2.5,S,LA Hearts Purple Top,,Top
10008378,1,0.0,7.99,S,LA Hearts black floral tanktop,LA Hearts,Top
10007355,1,0.0,0.0,,LA lille navy blouse 24L,LA lille,Top
10006900,0,15.99,0.0,M,LAHearts GrnBlueHalterTop,LA Hearts,Top
10006791,1,0.0,0.0,S,LAL AnimalPrintJacket,Lal,Jacket/Coat
10005815,0,32.99,0.0,XL,LCW dess denim,LCW jeans,Jeans/Pants
10006960,0,22.86855,0.0,2,LIV Los Angeles White Seethrough LS,LIV Los Angeles,Top
10005556,1,0.0,0.0,M,LIV White Sweater w Sequins,LIV Milano,Sweater/Cardigan
10003855,1,0.0,0.0,4,LJC Khaki Pants,Lauren Jeans Company,Jeans/Pants
10006796,1,0.0,0.0,XL,LJC PinkCorduroy,Lauren Jeans Company,Other
10004142,1,0.0,0.0,M,LLBean Pnk Puff Vest,LLBean,Top
10003416,1,0.0,0.0,S,LOL Vintage Super Gal Tee Shirt Grey,LOL Vintage,Top
10005949,1,0.0,0.0,S,LRL Beige Button LS,Lauren Ralph Lauren,Top
10004523,0,18.99,0.0,,LRL Black Purse Gold Zipper,Lauren Ralph Lauren,Accessories
10005950,1,0.0,0.0,L,LRL Brown Floral Cardigan,Lauren Ralph Lauren,Sweater/Cardigan
10005705,1,0.0,0.0,8,LRL Gold Skirt,Lauren Ralph Lauren,Skirt
10005886,0,19.99,0.0,XL,LRL Green LS,Lauren Ralph Lauren,Top
10004976,1,0.0,0.0,6,LRL Hot Pink SL Dress,Lauren Ralph Lauren,Dress
10008223,1,0.0,8.99,6,LRL Lauren Jeans Green,,Jeans/Pants
10008159,1,0.0,8.0,M,LRL Orange Colorful Skirt,Lauren Ralph Lauren,Skirt
10004594,1,0.0,0.0,10,LRL Red & Blue Dress,Lauren Ralph Lauren,Dress
10003808,1,0.0,0.0,4,LRL VINTAGE Blue Pants,Lauren Jeans Company,Jeans/Pants
10004652,0,35.99,0.0,S,LTDL Pink&prpSweater,Les Tricots De Lea,Sweater/Cardigan
10008765,1,0.0,6.25,,LTX Orange LS Top XL,,Top
10008764,1,0.0,6.25,,LTX Orange LS Top XXL,,Top
10003378,0,19.99,0.0,S,La Castellana Pink Camisole,La Castellana,Top
10008422,0,51.75453,0.0,L,La Lavon White Floral Dress,,Dress
10008621,1,0.0,4.5,M,La Peche SS Top,,Top
10003913,0,24.99,0.0,L,La Sensa Ylw&Gry Halter,La Sensa,Top
10006043,0,22.99,0.0,XL,LaMode MulticolSwtrVest,La Mode,Sweater/Cardigan
10007621,1,0.0,21.5,,LaVigna Brown Cashmere Jacket M,,Jacket/Coat
10004168,0,35.99,0.0,L,Lace Long Tunic Apricot,Unknown,Other
10003571,0,25.99,0.0,L,Lace Red Rose Corset,Lavish,Set
10006030,0,28.99,0.0,S,LaceLongsleeve,Unknown,Other
10005327,0,28.99,0.0,M,Lady&B MaroonVest,Lady and Butler NY,Top
10006672,1,0.0,0.0,M,Lafayette 148 khaki pant,Lafayette 148,Jeans/Pants
10005715,1,0.0,0.0,14,Lafayette Brown Skirt w Embroid,Lafayette 148,Skirt
10005932,0,29.99,0.0,M,Lala Red & White Sheer SL Top,Lala,Top
10004767,0,22.99,0.0,XL,Land's End Pink Zip Up Jacket,Lands End,Jacket/Coat
10005244,0,24.99,0.0,M,Lands End Cardigan Sweater Gray,Lands End,Sweater/Cardigan
10005212,1,0.0,0.0,S,Lands End Gray Jacket,Lands End,Jacket/Coat
10005617,1,0.0,0.0,10,Lands End Red & White Pattern Buttondown,Lands End,Other
10004310,1,0.0,0.0,16,LandsEnd BurntPinkPant,Lands End,Jeans/Pants
10004668,1,0.0,0.0,2,LandsEnd Pinkzipup,Lands End,Other
10005714,1,0.0,0.0,16,Lane Bryant Black Metallic Skirt,Lane Bryant,Skirt
10004094,1,0.0,0.0,XXL,Lane Bryant Black Sequin Sleeveless,Lane Bryant,Top
10007004,1,0.0,0.0,22,Lane Bryant Blk Cardigan,Lane Bryant,Sweater/Cardigan
10004355,1,0.0,0.0,16,Lane Bryant Jeans,Lane Bryant,Jeans/Pants
10008173,1,0.0,6.0,S,Lane Bryant Red SL Thin Vest,Lane Bryant,Top
10005564,1,0.0,0.0,14,Lane Bryant Red Sequin Tank,Lane Bryant,Top
10005465,1,0.0,0.0,28,LaneB GrnFloralTop,Lane Bryant,Other
10005766,1,0.0,0.0,14,LaneBryant GrnPant,Lane Bryant NWT,Jeans/Pants
10006156,0,16.99,0.0,22,LaneBryant NashvilleTshirt,Lane Bryant,Top
10003888,1,0.0,0.0,8,LaneNWT Pink Cowboy Boots,Lane,Shoes
10005742,0,32.99,0.0,34,Lanidor Co Black Dress Gold Studs,Lanidor Collection,Dress
10004596,0,36.99,0.0,L,Lanz VINTAGE Pink Colorful Dress,Lanz Vintage,Dress
10004093,1,0.0,0.0,M,Lanz VINTAGE Yellow Dress,Lanz Vintage,Dress
10007110,0,31.99,0.0,,Lapis Pink & Brown Strapless Dress One Size,Lapis,Dress
10008296,1,0.0,0.0,9,Laredo BrwnBlkStitchBoots,Laredo,Shoes
10006389,0,10.99,0.0,S,Large Brown Braided Belt,Unknown,Accessories
10004517,1,0.0,0.0,,Large Gld&Blk Necklace,Unknown,Accessories
10004491,1,0.0,0.0,S,Lark&Grey BrownJemJacket,Lark X Grey,Jacket/Coat
10002703,1,0.0,0.0,,Larry LevineBlazer,Larry Levine,Jacket/Coat
10005841,0,35.99,0.0,S,Laundry Black Lace SS Top,Laundry,Top
10007855,1,0.0,0.0,,Laundry Black Print Dress 12,,Dress
10004629,1,0.0,0.0,4,Laundry Black Strap Dress,Laundry,Dress
10008455,0,32.99,0.0,M,Laundry Multi-Color Dress,,Dress
10007217,1,0.0,0.0,6,Laundry Pink & Green SL Dress,Laundry by Shelli Segal,Dress
10005925,1,0.0,0.0,XL,Laundry Striped Gray Hoodie Cardigan,Laundry by Shelli Segal,Sweater/Cardigan
10003951,1,0.0,0.0,2,Laundry White Gold Dress,Laundry by Design NWT,Dress
10003644,1,0.0,0.0,M,LaurJeanCo BrwnSweater,Lauren Jeans Company,Jeans/Pants
10005665,1,0.0,0.0,XL,Laura Ashley Purple SL Top,Laura Ashley,Top
10003403,1,0.0,0.0,S,Laura Ashley LS Top Black & White,Laura Ashley,Top
10004975,1,0.0,0.0,20,Laura Scott Black SL Mock Neck,Laura Scott,Other
10002677,1,0.0,0.0,,Laura ScottCover All_Si,Laura Scott,Other
10002673,1,0.0,0.0,,Laura ScottCoverall_PS,Laura Scott,Other
10006368,1,0.0,0.0,11,LauraAshley BlkShirt,Laura Ashley,Top
10004070,0,25.99,0.0,7.5,LauraAshley Gld Kitten,Laura Ashley,Other
10005827,0,22.99,0.0,M,Lauren Conrad Black Uni Top,Lauren Conrad,Top
10003394,1,0.0,0.0,S,Lauren Conrad Jacket Brown,Lauren Conrad,Jacket/Coat
10007318,1,0.0,0.0,6,Lauren Green Jeans,Ralph Lauren,Jeans/Pants
10002681,1,0.0,0.0,,Lauren JamesJacket_Ta,Lauren James,Jacket/Coat
10004732,1,0.0,0.0,M,Lauren Jeans LS Buttondown,Lauren Ralph Lauren,Jeans/Pants
10006966,0,37.99,0.0,S,Lauren RL White Off Shoulder Top,Lauren Ralph Lauren,Top
10008688,1,0.0,8.0,,Lauren Ralph Lauren Faux Fur Vest XXL,,Top
10008713,1,0.0,7.5,,Lauren Ralph Lauren Green T-Shirt L,,Top
10008235,1,0.0,6.5,,Lauren Ralph Lauren White Shorts 10,,Shorts
10006106,0,16.99,0.0,M,LaurenC BlkShortSlveTop,Lauren Conrad,Shorts
10004441,1,0.0,0.0,XS,Lavender Cargo,Soho Blue,Other
10004362,1,0.0,0.0,M,Lavender Field Purple Blouse,Lavender Field,Top
10006774,1,0.0,0.0,M,Laxman Collection Rainbow Hoodie,Laxman Collection,Other
10007972,0,14.40774,0.0,,Le Chateau Leopard Boustier M,,Accessories
10008007,1,0.0,0.0,M,Le Lis Black Knit Dress,Le Lis,Dress
10006994,0,19.99,0.0,S,Le Lis Black SL Silver Fringe Top,Le Lis,Top
10007226,0,27.99,0.0,M,Le Lis Orange Romper,,Romper/Jumpsuit
10008647,1,0.0,4.0,,LeLis Grey White SS Top M,,Top
10006743,1,0.0,0.0,,Leader Pink Butterfly Bedazzled Hat,Leader,Accessories
10004548,0,135.0,0.0,S,Leather Fringe Dress,,Dress
10007844,0,21.99,0.0,,Leather Strap Medallion Necklace,,Accessories
10001106,0,24.99,0.0,,Led Zeppelin Tee,Led Zeppelin,Top
10003845,1,0.0,0.0,12,Lei Low Rise Jean,Lei,Jeans/Pants
10007165,1,0.0,0.0,M,Lela Rose Dress Beige,,Dress
10006584,0,38.99,0.0,L,Lellis Collection Jean Romper,Lelis Collection,Jeans/Pants
10005694,1,0.0,0.0,8,Lena Gabrielle Black Design Leggings,Lena Gabrielle,Jeans/Pants
10003831,1,0.0,0.0,10,Lena Gabrielle Floral Leggings,Lena Gabrielle,Jeans/Pants
10008543,0,27.99,0.0,12,LenaG CreamBttnBlazer,Lena Gabrielle,Jacket/Coat
10003471,1,0.0,0.0,XXL,Leo & Nicole Cardigan Grey,Leo & Nicole,Sweater/Cardigan
10008661,1,0.0,4.5,,Les Serein SS Top Bluegreen XL,,Top
10000064,0,28.99,0.0,,Letty & Me,Letty & Me,Other
10003161,1,0.0,0.0,,Letty & Me Cardigan,Letty & Me,Sweater/Cardigan
10004783,1,0.0,0.0,27,Level 99 Army Green Button Up Pants NWT,Level 99,Jeans/Pants
10000168,1,0.0,0.0,,Levi Strauss X CoJeans_Ba,Levi Strauss & Co,Jeans/Pants
10007877,1,0.0,4.75,,Levi's 314 Stretch Jeans S,,Jeans/Pants
10007876,1,0.0,4.75,,Levi's 314 stretch black S,,Other
10007493,1,0.0,0.0,8,Levi's Beige Pants,,Jeans/Pants
10007319,0,18.99,0.0,,Levi's Cut Off Shorts 501,Levi Strauss & Co,Shorts
10007909,1,0.0,0.0,3,Levi's Jean Skirt VINTAGE,Levi Strauss & Co,Skirt
10003511,1,0.0,0.0,XL,Levi's Jeans Pink,Levi Strauss & Co,Jeans/Pants
10007301,0,26.99,0.0,30,Levi's White Shorts,Levi Strauss & Co,Shorts
10003054,0,28.99,0.0,,LeviJeans,Levixs,Jeans/Pants
10001565,1,0.0,0.0,,Levis Black Jeans,Levixs,Jeans/Pants
10007332,1,0.0,0.0,29,Levis Cut Off Black Shorts W,Levi Strauss & Co,Shorts
10005172,1,0.0,0.0,6,Levis Jeans Pnk,Levi Strauss & Co,Jeans/Pants
10005036,1,0.0,0.0,2,Levis Slm Strght Jeans,Levi Strauss & Co,Jeans/Pants
10007840,0,19.99,0.0,,Lia Sophia Necklace,,Accessories
10004619,1,0.0,0.0,XL,Liangcai Black & Yellow Dress,Liangcai,Dress
10007162,0,32.99,0.0,XL,Libra LS Blouse Multi-Color,,Top
10005905,0,25.99,0.0,11,Life Stride Black Riding Boots,Life Stride,Shoes
10006624,0,14.99,0.0,,Life is Good Pink Adjustable,,Accessories
10004320,1,0.0,0.0,9,LifeStride BrwnAnklBoots,Life Stride,Shoes
10006705,0,11.99,0.0,XL,Light Blue Cotton Vest w Buttons,Unknown,Top
10006689,0,19.99,0.0,XL,Light Wash Jean Vest,Unknown,Jeans/Pants
10004448,1,0.0,0.0,16,Light Wash Straight Leg,Abercrombie & Fitch,Other
10004420,1,0.0,0.0,20,LightWashJeans,Kut,Jeans/Pants
10003874,1,0.0,0.0,M,Like an Angel Pink Multi Color Pants,Like an Angel,Jeans/Pants
10009806,0,31.99,0.0,4,Lila & Sophie NWT Black Pants w Sequins,Lila & Sophie,Jeans/Pants
10005122,0,28.99,0.0,L,Lila Rose Black Floral SL Dress,Lila Rose,Dress
10005735,1,0.0,0.0,XS,Lili Sidonio Pink Floral Skirt,Lili Sidonio,Skirt
10007654,1,0.0,34.0,,Lilly Pulitzer White Dress XS,,Dress
10006112,1,0.0,0.0,S,LillyP LightBluCardigan,Lilly Pulitzer,Sweater/Cardigan
10008667,1,0.0,3.0,,Lily Bleu Yellow SS Top,,Top
10005654,0,17.99,0.0,L,Lily Brown SS Top,Lily White,Top
10006809,0,45.99,0.0,,Lily Pulitzer Orange Dress,Lily Pulitzer,Dress
10005150,0,24.99,0.0,S,Lily White Floral Top Brwn&Pnk,Lily White,Top
10006853,1,0.0,0.0,XL,Lily white NWT shear white long sleeve blouse,Lily White,Top
10005210,0,22.99,0.0,2,Limited Black Skirt,The Limited,Skirt
10004998,1,0.0,0.0,XS,Limited Navy Blue Green Pattern LS,The Limited,Top
10004577,1,0.0,0.0,S,Limited Shiny Shortsleeve,The Limited,Shorts
10005759,1,0.0,0.0,12,Limited BlkSequintop,The Limited,Other
10006407,1,0.0,0.0,M,Limited BlkSheerBttnDwn,The Limited,Other
10006838,0,25.99,0.0,L,Linda Anderson black sundress,Linda Anderson,Dress
10005197,1,0.0,0.0,XL,Linden Hill Red Buttondown LS,Linden Hill,Top
10008423,1,0.0,5.0,,Linea Donatella Blue Camisole XL,,Top
10004660,0,18.99,0.0,S,LineaD WhtLaceDress,Linea Donatella,Dress
10005067,1,0.0,0.0,L,Linen BttnDwn Teal,Unknown,Other
10006261,0,28.99,0.0,M,Lisa Says Gah Strawberry Sweater Blue,Lisa Says Gah,Sweater/Cardigan
10006099,0,21.99,0.0,XS,LiseC BluelaceCami,Lise Charmel,Top
10005370,0,32.99,0.0,M,Lisette Floral Pants Offwhite,Lisette,Jeans/Pants
10007750,1,0.0,0.0,10,Lisette BrwnGreyPant,Lisette,Jeans/Pants
10007261,0,45.99,0.0,L,Listicle Light Blue Dress,,Dress
10007101,1,0.0,0.0,,Little Caesars Hat Orange,Little Caesars,Accessories
10005415,0,45.99,0.0,S,LiuJo PurpKnitDress,Liu Jo,Dress
10004821,1,0.0,0.0,XL,Live To Be Spoiled Red Striped Crop Top,Live To Be Spoiled,Top
10007437,0,32.99,0.0,,Live a Little Tan Jacket,,Jacket/Coat
10005003,0,11.99,0.0,S,Live in the Moment Beige SL Crop Top,Live in the Moment,Top
10005692,1,0.0,0.0,12,Liverpool Gray Dress Pants,Liverpool,Dress
10003498,1,0.0,0.0,6,Liverpool Jeans Black,Liverpool,Jeans/Pants
10006887,1,0.0,0.0,XS,LiverpoolLA BlueLongsleeveTop,Liverpool LA,Other
10004487,1,0.0,0.0,M,LiverpoolLA PinkButtonDown,Liverpool LA,Other
10006529,1,0.0,0.0,XXL,Liz & Me Hot Pink Buttondown,Liz & Me,Other
10008644,1,0.0,4.75,,Liz & Sara Blue Bodysuit XL,,Top
10007986,0,13.99,0.0,M,Liz C Black Leather Belt,Liz Claiborne,Accessories
10007710,0,24.99,0.0,6,Liz C Pale Yellow Vest & Skirt Set,Liz Claiborne,Skirt
10005661,1,0.0,0.0,XL,Liz C Pink Floral Blouse,Liz Claiborne,Top
10006533,0,22.99,0.0,S,Liz C Red SS Buttondown,Liz Claiborne,Top
10006268,0,24.99,0.0,8,Liz Claiborne Black Denim Dress,Liz Claiborne,Dress
10007070,0,10.99,0.0,8.5,Liz Claiborne Brown Flats,Liz Claiborne,Shoes
10003508,1,0.0,0.0,,Liz Claiborne Pants Beige,Liz Claiborne,Jeans/Pants
10007060,1,0.0,0.0,8.5,Liz Claiborne Red Sling FLats,Liz Claiborne,Shoes
10006949,1,0.0,0.0,14,Liz Claiborne White Capri's,,Other
10000176,1,0.0,0.0,,Liz ClaibornePants,Liz Claiborne,Jeans/Pants
10008315,1,0.0,0.0,,LizClaiborne FlowerScarf,Liz Claiborne,Accessories
10008215,1,0.0,5.5,,Loft Beige Green Skirt 2P,,Skirt
10006522,1,0.0,0.0,L,Loft Beige White Flw Shirt,Loft,Top
10004204,0,37.99,0.0,00,Loft Black & White Stripe Dress NWT,Ann Taylor LOFT,Dress
10007129,1,0.0,0.0,XL,Loft Black & Wht Shorts,Loft,Shorts
10006260,0,18.99,0.0,S,Loft Black Cardigan,Loft,Sweater/Cardigan
10006264,0,25.99,0.0,L,Loft Black Dress,Loft,Dress
10005133,0,23.99,0.0,8,Loft Black Floral Dress,Loft,Dress
10006955,1,0.0,0.0,L,Loft Black Sequin Tank,Loft,Top
10008436,1,0.0,5.25,,Loft Black Sleeveless Top XS,,Top
10008461,0,16.99,0.0,,Loft Black White Top M,,Top
10004350,1,0.0,0.0,S,Loft Blk&Wh Plaid Top,Loft,Top
10005593,1,0.0,0.0,S,Loft Blue Blouse,Loft,Top
10006680,0,21.99,0.0,S,Loft Blue Floral Skirt,Loft,Skirt
10008392,1,0.0,7.0,,Loft Blue Striped Pants 4,,Jeans/Pants
10008397,1,0.0,5.0,,Loft Blue White Pants 2P,,Jeans/Pants
10007008,1,0.0,0.0,S,Loft Blush Floral SL Top,Loft,Top
10004766,0,14.99,0.0,L,Loft Colorful Sheer SS,Loft,Top
10005619,0,15.99,0.0,M,Loft Dark Blue Tank w White Stars,Loft,Top
10005563,1,0.0,0.0,M,Loft Gray Light Cardigan,Loft,Sweater/Cardigan
10005652,1,0.0,0.0,L,Loft Gray SL Top,Loft,Top
10005975,1,0.0,0.0,M,Loft Gray Satin Tank w Design,Loft,Top
10004183,1,0.0,0.0,4,Loft Gray Skirt,Ann Taylor LOFT,Skirt
10005537,1,0.0,0.0,S,Loft Gray Sweater w Floral Underlayer,Loft,Sweater/Cardigan
10007018,1,0.0,0.0,XS,Loft Green Army Jacket,Loft,Jacket/Coat
10007795,1,0.0,0.0,10,Loft Green Corduroy Pants,Loft,Jeans/Pants
10003294,0,19.99,0.0,,Loft Green Front Pocket Skirt,Loft,Skirt
10005671,1,0.0,0.0,L,Loft Green Pink Top,Loft,Top
10006611,1,0.0,0.0,14,Loft Green Suede Skirt,Loft,Skirt
10003464,1,0.0,0.0,XXL,Loft Houndstooth Pants Red & Black,Loft,Jeans/Pants
10004974,1,0.0,0.0,M,Loft LS Black Dress with Colors,Loft,Dress
10004152,1,0.0,0.0,S,Loft Long Sleeve Blk&Brwn Top,Loft,Top
10005599,1,0.0,0.0,XL,Loft Magenta Pattern SS Top,Loft,Top
10004334,1,0.0,0.0,L,Loft Navy Blue Floral Shortsleeve,Loft,Shorts
10005549,1,0.0,0.0,S,Loft Off White Cardigan w Ruffles,Ann Taylor LOFT,Sweater/Cardigan
10006823,0,15.99,0.0,8,Loft Off White Pattern Shorts,Loft,Shorts
10005685,1,0.0,0.0,10,Loft Pants Black & White,,Jeans/Pants
10004755,1,0.0,0.0,8,Loft Pink Capri Pants,Loft,Jeans/Pants
10006532,1,0.0,0.0,M,Loft Pink Pattern SL Top,Loft,Top
10007608,1,0.0,0.0,XS,Loft Pink Short,,Shorts
10004205,0,27.99,0.0,XS,Loft Pink Shortsleeve Shirt,Loft NWT,Shorts
10008475,1,0.0,6.0,,Loft Pink Sleeveless Top 6,,Top
10008681,1,0.0,4.5,,Loft Pink Sleeveless Top M,,Top
10006714,1,0.0,0.0,XS,Loft Red Patterned Skirt,Loft,Skirt
10007449,1,0.0,0.0,S,Loft SL Animal Print Top,Loft,Top
10008250,0,18.99,0.0,,Loft Sleeveless Blue White Top M,,Top
10008641,1,0.0,4.0,S,Loft Sleeveless Top,,Top
10007583,1,0.0,0.0,8,Loft Tan Shorts,Loft,Shorts
10006767,1,0.0,0.0,10,Loft Tan Skirt,Loft,Skirt
10003387,1,0.0,0.0,M,Loft Tank Top Brown,Loft,Top
10008204,0,24.99,0.0,,Loft White Cherry LS Blouse S,,Top
10005554,1,0.0,0.0,XS,Loft White Knit Cardigan,Loft,Sweater/Cardigan
10007306,1,0.0,0.0,6,Loft White Skirt w Buttons,Loft,Skirt
10005888,1,0.0,0.0,XL,Loft White Wrap Sweater,Loft,Sweater/Cardigan
10008112,0,24.99,0.0,M,Loft knit tanktop,Loft,Sweater/Cardigan
10005093,1,0.0,0.0,M,Loft Floral Slvlss Top Grn,Loft,Top
10005092,1,0.0,0.0,M,Loft Scallop Tank Teal,Loft,Top
10005070,1,0.0,0.0,XS,Loft Slvss Top Purple,Loft,Top
10003641,1,0.0,0.0,XS,Loft BlueFloralTop,Loft,Other
10005291,1,0.0,0.0,S,Loft GreyFloral,Loft,Other
10004655,1,0.0,0.0,S,Loft GreySweater,Loft,Sweater/Cardigan
10005778,1,0.0,0.0,S,Loft LaceShirt,Loft,Top
10007740,0,24.99,0.0,0,Loft MulticolPatternSkirt,Loft,Skirt
10004300,1,0.0,0.0,XS,Loft Pink Sweater,Loft,Sweater/Cardigan
10006802,1,0.0,0.0,XS,Loft PinkButtnDwnBlouse,Loft,Top
10005316,1,0.0,0.0,XS,Loft PinkCardigan,Loft,Sweater/Cardigan
10006086,1,0.0,0.0,8,Loft PinkFloralShorts,Loft,Shorts
10006015,1,0.0,0.0,XS,Loft PnkCardigan,Loft,Sweater/Cardigan
10006091,1,0.0,0.0,M,Loft PnkFloralTop,Loft,Other
10006006,1,0.0,0.0,XL,Loft PurpCardigan,Loft,Sweater/Cardigan
10006894,1,0.0,0.0,XS,Loft RedfloralTop,Loft,Other
10005283,1,0.0,0.0,S,Loft YellowleafTop,Loft,Other
10002961,1,0.0,0.0,,LoftSleeveless Top_Ce,Loft,Top
10000887,1,0.0,0.0,,LoftSweater_Do,Loft,Sweater/Cardigan
10002220,1,0.0,0.0,,LoftTank Top_Ba,Loft,Top
10002179,1,0.0,0.0,,LoftTee Shirt_Mi,Loft,Top
10007352,1,0.0,0.0,0,Lohla sport checkered navy skirt,Lohla,Skirt
10008442,1,0.0,16.25,M,Lola Green Dress,,Dress
10007468,0,29.99,0.0,8,London Times Blue White SL Dress,London Times,Dress
10006310,0,22.99,0.0,6,London Times Teal Pink Dress,London Times,Dress
10006893,1,0.0,0.0,M,LondonFog LilacTranchCoat,London Fog,Jacket/Coat
10006847,0,49.99,0.0,S,Long white skirt,Unknown,Skirt
10005421,1,0.0,0.0,XL,Looks GrnFloralBttnDwn,Looks,Other
10007423,1,0.0,0.0,10,Lord & Taylor Copper Heal's,,Other
10003935,0,16.99,0.0,M,Lorraine Intimate Dress,Lorraine,Dress
10007192,1,0.0,0.0,6,Los Angeles Atelier Black Dress,,Dress
10007910,1,0.0,0.0,L,Lost & Wander Beige Overall Dress,Lost & Wander,Dress
10003801,1,0.0,0.0,M,Lottie Moss Yellow Crop Top,Lottie Moss,Top
10006720,0,18.84062,0.0,M,Lou & Grey Multicolor Striped Top,Lou X Grey by Loft,Top
10006870,1,0.0,0.0,S,LouXGrey CreamCardigan,Lou X Grey,Sweater/Cardigan
10005041,1,0.0,0.0,6,Loudmouth Multi-Pattern Skirt,Loudmouth Ladies,Skirt
10005451,1,0.0,0.0,8.5,LouiseEtCie SilverpointShoe,Louise Et Cie,Shoes
10006355,1,0.0,0.0,XL,LouxGrey CrmAsymmJacket,Lou X Grey by Loft,Jacket/Coat
10005202,1,0.0,0.0,S,Love 21 Purple Pink Patterned Skirt,Love21,Skirt
10008668,1,0.0,4.0,,Love Blossom Blue Sleeveless Top M,,Top
10005920,1,0.0,0.0,S,Love Change Purple Sweater,Love Change,Sweater/Cardigan
10000127,1,0.0,0.0,,Love ChangeSweater,Love Change,Sweater/Cardigan
10004078,1,0.0,0.0,S,Love Culture Button Jacket,Love Culture,Jacket/Coat
10002204,0,15.99,0.0,,Love Fire Bodysuit Black,Love Fire,Top
10002177,1,0.0,0.0,,Love JBodysuit_St,Love J,Top
10007161,0,28.99,0.0,,Love Riche,,Other
10007274,1,0.0,0.0,M,Love Tree Black Top,,Top
10008700,1,0.0,6.5,S,Love Tree Camo Vest,,Top
10007627,0,25.99,0.0,,Love Tree Faux Fur Hoodie Vest M,,Top
10002697,0,25.99,0.0,,Love TreeJacket_St,Love Tree,Jacket/Coat
10008186,0,21.99,0.0,5,Love on Yellow Blue Skirt,Love On A Hanger,Skirt
10008258,1,0.0,6.0,,Love on a hanger Embroidered Cami L,,Top
10004353,0,25.99,0.0,S,Loveriche Brown Skirt,Loveriche,Skirt
10005750,1,0.0,0.0,S,Loverocks Sheer Floral Top,Loverocks,Top
10006776,0,34.99,0.0,,Lovers& Friends Floral Mini Dress Sz S,Lovers + Friends,Dress
10007349,1,0.0,0.0,5,Lovesick jean short,LOVEsick,Shorts
10007179,0,37.99,0.0,M,Lovestitch Dress Pink White,,Dress
10005673,1,0.0,0.0,10,Lucky Blue Jeans,Lucky Brand,Jeans/Pants
10003359,1,0.0,14.99,8,Lucky Brand Burgundy Boots,Lucky Brand,Shoes
10007051,1,0.0,0.0,10,Lucky Brand Heel Sandals Tan,Lucky,Top
10004175,1,0.0,0.0,8,Lucky Brand Shoes,Lucky Brand,Shoes
10003822,1,0.0,0.0,S,Lucky Brand Tan & Black Sweater,Lucky Brand,Sweater/Cardigan
10002751,1,0.0,0.0,,Lucky BrandLS Top_Ke,Lucky Brand,Top
10000155,0,24.99,0.0,,Lucky BrandSS Top_Za,Lucky Brand,Top
10002028,1,0.0,0.0,,Lucky BrandSweater_Ge,Lucky Brand,Sweater/Cardigan
10002378,0,14.99,0.0,,Lucky BrandTee Shirt_DI,Lucky Brand,Top
10007433,1,0.0,0.0,6,Lucky Brands Camo Pants,,Jeans/Pants
10007518,1,0.0,0.0,M,Lucky Legend Red Pants,,Jeans/Pants
10004466,1,0.0,0.0,8,LuckyB BlueJeans,Lucky Brand,Jeans/Pants
10005328,1,0.0,0.0,XS,LuckyB RedWhiBlShirt,Lucky Brand,Top
10005057,1,0.0,0.0,S,LuckyBrand FluerDeLis Shirt Blk&Wht,Lucky Brand,Top
10005064,0,15.99,0.0,S,LuckyBrand PinkFloyd Tee Yllw,Lucky Brand,Top
10005777,1,0.0,0.0,L,LuckyBrand Blk&TanBlouse,Lucky Brand,Top
10006806,1,0.0,0.0,L,LuckyBrand GreySweater,Lucky Brand,Sweater/Cardigan
10006138,1,0.0,0.0,XS,LuckyBrand PnkRedLongSlve,Lucky Brand,Other
10005404,1,0.0,0.0,XL,LuckyBrand RedbttnBlouse,Lucky Brand,Top
10006801,1,0.0,0.0,S,LuckyBrand USAlongsleeve,Lucky Brand,Other
10004576,1,0.0,0.0,M,Lucy in the Sky Black Sequin Mini Dress,Lucy in the Sky,Dress
10004337,1,0.0,0.0,M,Luii Black Fashion Trenchcoat,Luii,Jacket/Coat
10006461,1,0.0,0.0,L,LulaRoe Orange Floral Shawl,LulaRoe,Other
10007292,0,24.85961,0.0,S,Lulu's Gold Dress,,Dress
10006342,1,0.0,0.0,L,Lulus Black Floral Bodysuit,Lulus,Top
10007221,1,0.0,0.0,M,Lulus Blue SL Dress,Lulus,Dress
10006997,1,0.0,0.0,XL,Lulus Blue White Detail Skirt,Lulus,Skirt
10008507,1,0.0,5.3,,Lulus Floral Smock Crop Top M,,Top
10008284,0,18.0,0.0,S,Lulus Satin Off White Top,Lulus,Top
10004223,0,24.99,0.0,M,Lulus White Ruffle Two Piece Set,Lulus,Set
10005458,0,24.99,0.0,S,Lulus BlueFloralBlouse,Lulus,Top
10008345,0,24.99,0.0,S,Lulus CreamLaceBttnDress,Lulus,Dress
10007374,0,23.99,0.0,S,Lulus PinkHalterBodysuit,Lulus,Top
10004595,1,0.0,0.0,M,Lush Black Chiffon Dress,Lush,Dress
10004800,0,24.99,0.0,M,Lush Dark Blue Satin Top,Lush,Top
10006291,0,21.99,0.0,M,Lush Hot Pink Halter Dress,Lush,Dress
10004459,1,0.0,0.0,M,Lush BlkBlouse,Lush,Top
10008575,1,0.0,8.0,XS,Lush BlkDress,Lush,Dress
10004931,1,0.0,0.0,S,Lush MulticolDress,Lush,Dress
10007420,0,14.99,0.0,S,LushBlkSheermulticolTop,Lush,Other
10002653,1,35.99,0.0,,LushLS Top_Ro,Lush,Top
10005331,0,24.99,0.0,S,LushNWT Navy&RedBlouse,Lush,Top
10007662,1,0.0,7.0,,Luxe LS Blouse Green S,,Top
10005842,1,0.0,0.0,S,Luxe Pink Floral Tank,Luxe,Top
10007930,0,19.05554,0.0,L,Luxology Beige Pink SL Long Dress,Luxology,Dress
10007124,0,29.99,0.0,,Lydia USA Black Rhinestone Corset,Lydia,Set
10008191,1,0.0,6.0,L,Lyn Burcher Clay Orange Top,Lyn Burcher,Top
10003505,0,34.99,0.0,M,Lysse NY Pants Brown,Lysse New York,Jeans/Pants
10003784,1,0.0,0.0,10,M Jeans Dusty Pink Pants,M Jeans,Jeans/Pants
10008657,1,0.0,5.5,L,M USA Black Top Lace Detail,M Usa,Top
10005175,0,18.99,0.0,XL,M&M Strplss Dress Grn&Blk,M&M,Dress
10006417,1,0.0,0.0,M,MFL GreenZipUp,Made For Life,Other
10005873,1,0.0,0.0,M,MINS Brown Knit SS,Mins,Sweater/Cardigan
10004033,1,0.0,0.0,,"MIckey, IncTee Shirt_MM","MIckey, Inc",Top
10008381,0,15.99,0.0,4,MNG white and blue floral blouse,Mng,Top
10005314,1,0.0,0.0,M,MSK MulticolFloralDress,Msk,Dress
10001115,1,0.0,0.0,,MSKMSK Sporty Dress,Msk,Dress
10005411,1,0.0,0.0,L,MTC BlktieCover,More To Come,Other
10005508,0,17.99,0.0,S,MTV Branded White Tshirt,Mtv,Top
10007600,1,0.0,0.0,,Maariyah Green White Halter Top XS,,Top
10005135,1,0.0,0.0,S,Mable Purple LS Crop Top,Mable,Top
10006055,0,22.99,0.0,S,Mable BrntOrangeTop,Mable,Other
10006166,1,0.0,0.0,S,Mable SilverSparkleSkirt,Mable,Skirt
10008312,1,0.0,11.25,XL,Mac & Jac Green Blazer,Mac & Jac,Jacket/Coat
10004788,0,25.99,0.0,,Macrame Bag,Unknown,Accessories
10008528,1,0.0,27.25,,Madden Girl Flower Cork 7.5,,Other
10003333,0,27.99,0.0,,Madden Girl Pink Strap Leather Heals,Madden Girl,Top
10002658,1,0.0,0.0,,Madden NYCTank Top_Su,Madden NYC,Top
10003599,1,0.0,0.0,,MaddenGirl SilverBag,Madden Girl,Accessories
10005864,1,0.0,0.0,L,Madewell Black Buttondown Cardigan,Madewell,Sweater/Cardigan
10007880,0,19.0,0.0,0,Madewell Blue Skirt,,Skirt
10003517,1,0.0,0.0,L,Madewell Bluejeans,Madewell,Jeans/Pants
10003355,0,29.99,0.0,7,Madewell Brown Loafer 1,Madewell,Shoes
10007630,1,0.0,0.0,S,Madewell Green Bodysuit,,Top
10006990,1,0.0,0.0,26,Madewell Jean Skirt,Madewell,Skirt
10003789,1,0.0,0.0,S,Madewell Long Sleeve Black,Madewell,Other
10007482,1,0.0,0.0,,Madewell Pink WindbreakerSize M,,Other
10005822,0,34.99,0.0,6,Madewell Striped Dress,Madewell,Dress
10005222,1,0.0,0.0,S,Madewell Tank Top Light Green,Madwell,Top
10007227,0,22.99,0.0,6,Madewell Yellow Dress,,Dress
10005037,1,0.0,0.0,0,Madewell Jeans Grey,Madewell,Jeans/Pants
10005035,1,0.0,0.0,0,Madewell Sknny Jeans,Madewell,Jeans/Pants
10006028,1,0.0,0.0,XS,Madewell DenimTop,Madewell,Jeans/Pants
10003587,1,0.0,0.0,8,Madewell PinkPant,Madewell,Jeans/Pants
10004941,1,0.0,0.0,12,Madewell WhiteDress,Madewell,Dress
10003015,1,0.0,0.0,,MadewellButton Down_Fr,Madewell,Other
10000429,1,0.0,0.0,,MadewellJeans,Madewell,Jeans/Pants
10001414,1,0.0,0.0,,MadewellJeans_Vi,Madewell,Jeans/Pants
10007925,1,0.0,0.0,S,Madison & Berk Beige Velvet Crop Top,Madison & Berkeley,Top
10008179,1,0.0,6.0,L,Madison Red Pattern SS Top,Madison,Top
10005431,0,25.99,0.0,L,Madison Knit Cover Red,Madison,Sweater/Cardigan
10003827,0,37.99,0.0,4,Madwell Skinny Jean,Madwell,Jeans/Pants
10003828,1,0.0,0.0,4,Madwell Straight Leg Jean,Madwell,Jeans/Pants
10006933,1,0.0,0.0,M,Madwell WhiCroptop,Madewell,Top
10008195,0,26.38064,0.0,S,Maeve Apple Tee,Maeve,Top
10005128,1,0.0,0.0,S,Maeve Brown Orange Stitch LS Dress,Maeve,Dress
10005155,1,0.0,0.0,XS,Maeve Sheer Floral Top Multicolor,Maeve,Top
10005410,0,32.99,0.0,XL,Maeve PinkPatternDress,Maeve,Dress
10003715,1,0.0,0.0,S,Magenta Fur-Lined Coat,Unknown,Jacket/Coat
10007549,0,23.0,0.0,,Maggie Lawrence Black Grey Vest S,,Top
10007464,0,24.99,0.0,2,Maggy London Blue & White SS Dress,Maggy London,Dress
10006618,0,37.99,0.0,6,Maggy London Dress Pink,,Dress
10006702,0,23.99,0.0,10,Maggy London Green SL Dress,Maggy London,Dress
10007546,1,0.0,0.0,M,Main Strip Black Skirt,,Skirt
10008305,1,0.0,0.0,7,MainEvents BrownSliponShoe,Main Events,Shoes
10005505,1,0.0,0.0,S,Maison Jules Red Sweater w Hearts,Maison Jules,Sweater/Cardigan
10005595,0,24.99,0.0,S,Maison Yellow & White Blouse,Maison d' Amelie,Top
10008505,1,0.0,8.3,,Maison d Amelie Floral Satin Pants M,,Jeans/Pants
10005529,0,32.99,0.0,M,Majora Purple Strapless Jumpsuit,Majora,Romper/Jumpsuit
10005130,1,0.0,0.0,XL,Majorelle Black & Floral Sheer LS Crop Top,Majorelle,Top
10003873,1,0.0,0.0,M,Man Nat Teal Embroidered Longsleeve Dress,Man Nat,Dress
10007391,1,0.0,0.0,S,Maner OmbreSequinSkirt,Maner,Skirt
10008775,1,0.0,3.75,XL,Mangosteen Black TN Tshirt,Mangosteen,Top
10003928,0,48.99,0.0,L,Maniere De Voir WhtSatin Bustier,Maniere De Voir,Other
10006928,1,0.0,0.0,S,Maniju WhiteDress,Maniju,Dress
10007059,0,55.99,0.0,9,Manolo Blahnik Black Studded Heels,Manolo Blahnik,Top
10007403,1,0.0,0.0,,MantanaW Wrislet,Mantana West,Other
10008726,1,0.0,4.5,,Marc Andrews Burgundy LS Top M,,Top
10003823,1,0.0,0.0,L,Marc NY Burgundy Pleather Skirt,Marc New York,Skirt
10008415,1,0.0,11.25,,Marc New York Green Vest Jacket M,,Jacket/Coat
10007245,1,0.0,0.0,4,Marciano Pink Blazer,,Jacket/Coat
10007209,1,0.0,0.0,L,Mardini Black Leather Vest,Mardini,Top
10007089,0,15.99,0.0,,Margo Paige Clear Purse,Margo Paige,Accessories
10004065,0,15.99,0.0,,Margo Paige Fringe Crossbody,Marco Paige,Top
10007655,1,0.0,0.0,L,Margon Italy Top,,Top
10004646,1,0.0,0.0,M,Maria Bonita Dress,Maria Bonita,Dress
10008642,1,0.0,19.0,,Maria Pinto Purple Bustier M,,Other
10003687,1,0.0,0.0,M,Marie Oliver Ppl Patterned Blouse,Marie Oliver,Top
10004537,0,24.99,0.0,S,Mariella B Sheer Longsleeve Duo,Mariella Burani,Other
10008240,1,0.0,6.0,,Marilyn Monroe Pink Camisole L,,Top
10002630,1,0.0,0.0,,Marilyn MonroeTank Top_Gr,Marilyn Monroe,Top
10007834,0,29.99,0.0,S,Marilyn Pink & Black 2 Piece Sleepwear Set,Marilyn Monroe,Set
10007752,0,21.23676,0.0,M,MarilynM FlamingoDress,Marilyn Monroe,Dress
10005242,0,14.99,0.0,XL,Mariokart Tee Shirt,Mariokart,Top
10008542,1,0.0,0.0,,Markay PinkBag,Markay,Accessories
10005207,0,25.99,0.0,M,Marks & Spencer Beige Top Sleevelesee,Marks & Spencer,Top
10004005,1,0.0,0.0,,Marled,Marled,Other
10004020,1,0.0,0.0,,MarlowePants_My,Marlowe,Jeans/Pants
10004239,1,0.0,0.0,,Maroon Long Sleeve Crop,Kimchi Blue,Other
10003306,1,0.0,0.0,,Marques Almeda Black Top,Marques Almeda,Top
10005550,1,0.0,0.0,L,Marvel Black Tshirt,Marvel,Top
10004082,1,0.0,0.0,L,Massini Black Leather Block Jacket,Massini,Jacket/Coat
10007990,1,0.0,0.0,S,Matilda Jane Blue Green LS Dress,Matilda Jane,Dress
10007828,1,0.0,41.2,,Matilda June White Top M,,Top
10007666,1,0.0,12.0,,Maurice's Black Sparkly Top S,,Top
10005201,1,0.0,0.0,S,Maurices American Guitar White Tshirt,Maurices,Top
10007277,1,0.0,0.0,L,Maurices Multi-Color Top,,Top
10007255,1,0.0,0.0,S,Maurices SS Top Pink,,Top
10004281,1,0.0,0.0,M,Maurices Floral Embroidered Sweater,Maurices,Sweater/Cardigan
10004532,0,22.99,0.0,,Maurizio Floral Long Clutch,Maurizio Taiuti,Accessories
10007369,1,0.0,0.0,M,Mavinelle BrnPatternSheerDress,Mavinelle,Dress
10004634,0,23.39767,0.0,S,Max Studio Black Dress,Max Studio,Dress
10007461,1,0.0,0.0,S,Max Studio Black SS Dress,Max Studio,Dress
10005497,1,0.0,0.0,XS,Max Studio Black Satin Jumpsuit,Max Studio Specialty Products,Romper/Jumpsuit
10008495,1,0.0,4.99,,Max Studio Black Sequin Lace Top XXL,,Top
10006703,0,12.99,0.0,L,Max Studio Blue & White Lace Cami,Max Studio,Top
10004627,0,27.99,0.0,L,Max Studio Blue Pattern Dress,Max Studio,Dress
10006451,1,0.0,0.0,M,Max Studio Brown & White Top,Max Studio,Top
10005839,1,0.0,0.0,S,Max Studio Dark Blue Floral SL Top,Max Studio,Top
10008399,1,0.0,8.5,,Max Studio Purple Dress S,,Dress
10007017,1,0.0,0.0,L,Max Studio Suede Tan Pants,Max Studio,Jeans/Pants
10005760,1,0.0,0.0,XS,MaxStudio BlkDetailedSkirt,Max Studio,Skirt
10006143,0,25.99,0.0,M,MaxStudio FloralruffleDress,Max Studio,Dress
10004861,1,0.0,0.0,12,MaxXCo BrwnMetalicSkirt,Max X Co,Skirt
10007589,1,0.0,0.0,M,Maze Collection Black Pants,,Jeans/Pants
10008084,1,0.0,80.0,,McDowell VNTAGE Rhnstne Hat,Shellie McDowell,Accessories
10004388,1,0.0,0.0,9,MeToo BlackShoes,Me Too,Shoes
10007511,1,0.0,0.0,,Meadow Rue Pink SS Top M,,Top
10006325,-1,22.99,0.0,,Mele e Pere,,Other
10006571,0,22.99,0.0,XL,Mellowday White & Blue Top,Melloday,Top
10003875,1,0.0,0.0,L,Melody Gray Intimate Skirt,Melody,Skirt
10008341,0,11.99,0.0,M,MelroseM TanStripeShorts,Melrose X Market,Shorts
10005789,0,18.99,0.0,L,MelroseXMar BlackLaceTop,Melrose X Market,Other
10004966,1,0.0,0.0,6,Merc Black Floral Pattern Skirt,Mercantile by JCrew,Skirt
10007765,0,14.99,0.0,,Merit BrownBag,Merit,Accessories
10004911,1,0.0,0.0,11,Merrell BrownClogShoe,Merrell,Shoes
10006596,1,0.0,0.0,,Metal Chain Necklace,Unknown,Accessories
10006737,1,0.0,0.0,,Metal Scales Belt Buckle with Rhinestones,Unknown,Accessories
10006638,0,36.99,0.0,,Metal Scales Belt Floral Buckle,Unknown,Accessories
10007316,-1,45.99,0.0,,Metalpurse,,Accessories
10005579,0,14.99,0.0,,"Metropolitan Multi Color Red, Blk",Metropolitan,Other
10005670,1,0.0,0.0,,Metropolitan Multi Color Top One Size,Metropolitan,Top
10006035,0,26.99,0.0,S,Mexx GrnLeafyTop,Mexx,Other
10004611,1,0.0,0.0,XL,Mi Ami Burgundy Velvet Dress,Mi Ami,Dress
10007178,0,25.46169,0.0,XS,Miami Burgundy Dress,,Dress
10005645,1,0.0,0.0,M,Michael Kors Black LS Top,Michael Kors,Top
10004229,1,0.0,0.0,9,Michael Kors Black Leather Heel Silver Toe,Michael Kors,Shoes
10007667,0,32.99,0.0,,Michael Kors Black Top S,,Top
10008257,1,0.0,28.0,,Michael Kors Brown Crossbody Purse,,Top
10005941,0,81.46326,0.0,,Michael Kors Brown Little Bag w Tassel,Michael Kors,Top
10005942,1,0.0,0.0,,Michael Kors Tan Medium Bag w Tassel,Michael Kors,Top
10006897,1,0.0,0.0,L,MichaelKors RedWhiStripeTop,Michael Kors,Other
10005027,1,0.0,0.0,M,MichaelStars Thermal Grey,Michael Stars,Top
10006896,0,19.99,0.0,S,MichelleNicole BrownJewelShirt,Michelle Nicole,Top
10004426,1,0.0,0.0,4,MidiDress Blk,Ann Taylor,Dress
10004419,1,0.0,0.0,XS,MidiDress MultiColor,Intropia,Dress
10007233,1,0.0,0.0,L,Midnight Doll Floral Top,,Top
10008799,1,0.0,5.0,,Midnight Doll Orante White Floral L,,Other
10008686,1,0.0,4.5,,Midnight Sky Blue Blouse L,,Top
10005763,1,0.0,0.0,L,Midnight Blk&WhiTop,Midnight,Other
10005516,1,0.0,0.0,4,Migsuided Black Dress Sheer Puff Sleeves,Misguided,Dress
10006285,1,0.0,0.0,M,Milena Nicole Black SL Top,Milena Nicole,Top
10005470,0,24.99,0.0,XL,MilkXH LemonBttnDwnTop,Milk X Honey,Other
10007223,1,0.0,0.0,XS,Mimi Chica Green Floral SL Dress,Mimi Chica,Dress
10007651,0,33.99,0.0,L,Mina Self Beige Collared Vest Top,Mina Self,Top
10003499,1,0.0,0.0,M,Mine Pants Black,Mine,Jeans/Pants
10000304,1,0.0,0.0,,Mine Tank Top Yellow,Mine,Top
10008587,1,0.0,8.0,M,Mine BlkShrTop,Mine,Shorts
10006356,1,0.0,0.0,S,Mine Blue&YllwTop,Mine,Other
10008491,1,0.0,8.5,,Minimalist Tan Collarless Jacket L,,Jacket/Coat
10006691,0,39.99,0.0,S,Mink Pink Multicolor SL Dress,MinkPink,Dress
10008648,1,0.0,6.25,,Minkpink Pink Sleeveless Top XS,,Top
10006690,1,0.0,0.0,M,Mint Green Lingerie Top,Unknown,Top
10004425,0,21.99,0.0,XXS,MintQuarterButton,Armani Exchange,Other
10005874,1,0.0,0.0,3,Misia Blue and White SS w Hoodie,Misia,Top
10005921,1,0.0,0.0,S,Misia Red Light Hoodie,Misia,Other
10002006,1,0.0,0.0,,Miss CaptainSkirt_Cl,Miss Captain,Skirt
10005502,0,18.99,0.0,M,Miss Cocoa Salmon Halter Top Metal,Miss Cocoa,Top
10008459,1,0.0,5.5,,Miss Me Yellow Pants M,,Jeans/Pants
10007234,1,0.0,0.0,M,Miss Sixty Green Dress,,Dress
10005262,0,25.99,0.0,S,Miss Sixty Tube Top Black Green Velvet,Miss Sixty,Top
10007762,0,23.99,0.0,14,MissDorby BlkWhiPadJacket,Miss Dorby,Jacket/Coat
10006910,1,0.0,0.0,27,MissMe JeweledJeanSkirt,Miss Me,Skirt
10008075,1,0.0,0.0,S,MissRita OrangeDress,Miss Rita,Dress
10005184,0,28.99,0.0,S,MissSelfridge Velvet Wrap Top Pnk,Miss Selfridge,Top
10005540,1,25.99,0.0,6,Missguided White Halter Romper Blue Emb,Missguided,Romper/Jumpsuit
10005445,1,0.0,0.0,12,Missguided Satin Crop Blk,Missguided,Top
10008222,1,0.0,16.0,L,Missoni Black Gold Knit Skirt M,,Skirt
10008740,1,0.0,10.0,M,Missoni Brown Dress,,Dress
10007347,1,0.0,0.0,,Mixed Metal Cuff Bracelet,Unknown,Accessories
10004215,1,0.0,0.0,,Mixed Metal Necklace,,Accessories
10006708,0,25.99,0.0,18,Mlle Gabrielle White Orange Floral Dress,Mlle Gabrielle,Dress
10004816,0,14.99,0.0,M,Moa Moa Red Crop Top,Moa Moa,Top
10007479,1,0.0,0.0,L,Mod Ref White Jacket,,Jacket/Coat
10007532,0,20.99,0.0,,Moda Int Burgundy LS Top XS,,Top
10007573,1,0.0,0.0,XS,Moda Int. LS Top,,Top
10008695,1,0.0,8.0,,Moda Intl Black Dress XS,,Dress
10008221,0,14.0,0.0,,Moda Intl Black Halter,,Top
10003152,0,13.99,0.0,,Moda Lyle Fringe Purse,Moda,Accessories
10006019,0,28.99,0.0,XS,Moda PurplaceTop,Moda,Other
10005876,1,0.0,0.0,XL,Modern Citizen Brown Cardigan,Modern Citizen,Sweater/Cardigan
10007272,1,0.0,0.0,S,Molly Bracken Top Blue,,Top
10005106,1,0.0,0.0,S,Molly G Gray Velvet Crop Top,Molly Green,Top
10003954,1,0.0,0.0,L,Molly Green Pink Mint Sequin Dress NWT,Molly Green,Dress
10003401,1,0.0,0.0,S,Molly Green Pants Pink,Molly Green,Jeans/Pants
10008458,1,0.0,12.9,,Molly Green Pink White Shorts S,,Shorts
10008544,1,0.0,0.0,M,MollyB MulticolFloralTop,Molly Bracken,Other
10006921,1,0.0,0.0,S,MollyB WhiteFlwrPoofySkirt,Molly Bracken,Skirt
10006262,0,32.99,0.0,M,Mona Mode Vest Black w Flowers,Mona Mode,Top
10008079,0,24.99,0.0,S,Mondessa RedFlowerlouse,Mondessa,Top
10007537,1,0.0,0.0,M,Mondetta Grey Fleece,,Other
10007228,1,0.0,0.0,S,Monteau Dress Beige,,Dress
10005668,1,0.0,0.0,L,Monteau Dusty Pink Lace Top,Monteau,Top
10008464,0,24.99,0.0,,Monteau Green Beige Jumpsuit S,,Romper/Jumpsuit
10004267,1,0.0,0.0,S,Monteau LA Pink Slip Dress,Monteau Los Angeles,Dress
10008663,1,0.0,3.0,,Monteau Purple SS Top L,,Top
10004840,1,0.0,0.0,XL,Monteau Red SS Tie Front Shirt,Monteau Los Angeles,Top
10007613,0,24.99,0.0,L,Monteau White Lace Shorts,,Shorts
10008289,1,0.0,0.0,S,Monteau Blue&WhiCroptop,Monteau,Top
10006885,1,0.0,0.0,S,Monteau RedpolkadotTop,Monteau,Other
10008552,1,0.0,0.0,M,Monteau WhilaceTop,Monteau,Other
10007067,1,0.0,0.0,8,Montego Bay Club Espadrille,Montego Bay Club,Other
10007078,1,0.0,0.0,7,Montego Bay Club Sandals,,Top
10007897,1,0.0,9.25,,Montego Bay Shoes 7.5,,Shoes
10003463,1,0.0,0.0,S,Moon Collection Dress Brown,Moon Collection,Dress
10005753,1,0.0,0.0,S,Moon Collection White Skirt,Moon Collection,Skirt
10004982,0,25.99,0.0,M,Moon X Madi Pink Smiley Face Sweater,Moon X Madison,Sweater/Cardigan
10000074,0,13.993,0.0,,Moon X MadisonSweater_Dr,Moon X Madison,Sweater/Cardigan
10008694,1,0.0,8.5,,Moonlight Bay Blue Black Sweater L,,Sweater/Cardigan
10007753,0,18.99,0.0,,MorganT FloralMeshIntDress,Morgan Taylor Intimates,Dress
10005710,1,0.0,0.0,8,Moschino VINTAGE Rare Blue Yellow Skirt,Moschino,Skirt
10001470,1,0.0,0.0,,MoschinoSkirt_Wi,Moschino,Skirt
10005699,0,12.99,0.0,XS,Mossimo Orange Multicolor Skirt,Mossimo,Skirt
10007032,1,0.0,0.0,L,Motel Pink Tank Top,Motel,Top
10005872,1,0.0,0.0,S,Motel Sunset Pants,Motel,Jeans/Pants
10004297,0,34.99,0.0,S,Motel BlkBrownSwrlPant,Motel,Jeans/Pants
10004283,0,19.99,0.0,S,Moth Amber Knit Sweater,Moth,Sweater/Cardigan
10006014,1,0.0,0.0,M,Moth PnkGreaySweater,Moth,Sweater/Cardigan
10007378,0,16.99,0.0,,MotherofPearlRing,Unknown,Accessories
10002698,0,32.99,0.0,,MotiviJacket_Lo,Motivi,Jacket/Coat
10008675,1,0.0,8.25,,Motto Orange Pleated Jacket L,,Jacket/Coat
10007830,1,0.0,41.5,,Moulinette Soeurs Dress 4,,Dress
10007181,1,0.0,0.0,6,Moulinette Soeurs Dress Violet,,Dress
10004085,0,15.99,0.0,S,Mountain Graphic Tshirt,,Top
10006492,0,31.99,0.0,10,Mountain Hardware Brown Skirt,Mountain Hardware,Skirt
10004114,1,0.0,0.0,M,MountainH Blk Althleisure,Mountain Hardware,Other
10003932,1,0.0,0.0,M,Movie Star VINTAGE Pink Nightgown,Movie Star,Dress
10004807,0,23.99,0.0,11,Mudd Cheetah Brown Skirt,Mudd,Skirt
10006472,1,0.0,0.0,M,Mudd Sheer Blue Pink Tank,Mudd,Top
10008566,0,24.99,0.0,M,MulicolStripSweater,Unknown,Sweater/Cardigan
10003815,1,0.0,0.0,XL,Multi Color Sheer Tie Front Short Sleeve,,Shorts
10004241,1,0.0,0.0,M,Multi-Color Cardigan,Aldomartins,Sweater/Cardigan
10007567,1,0.0,0.0,M,Multi-Color Halter Top,,Top
10007427,1,0.0,0.0,,Multi-Color Ring,,Accessories
10004257,1,0.0,0.0,,Multi-Pattern Maroon Pullover,Under Armor,Sweater/Cardigan
10004255,0,24.99,0.0,2,Multi-Patterned Sheer Fitted Dress,Bluebell,Dress
10007954,1,0.0,8.75,,Multi-stone Necklace,,Accessories
10007421,1,0.0,0.0,M,MulticolFloralShirt,Unknown,Top
10006788,0,100.0,0.0,11,MulticolFlowerDress,Unknown,Dress
10008347,1,0.0,0.0,,MulticolFlowerearrings,Unknown,Accessories
10004944,1,0.0,0.0,M,MulticolHalter,Unknown,Top
10008601,0,10.99,0.0,L,MulticolStripeCropTop,Unknown,Top
10008433,0,19.99,0.0,,Multicolor Bead Earrings,,Accessories
10006120,1,0.0,0.0,M,Multiples Grn&Whi&OrangeJacket,Multiples,Jacket/Coat
10007771,1,0.0,0.0,L,Mumu Satin Muted Brown Dress,Show me your Mumu,Dress
10006699,0,19.99,0.0,L,Muse Valley Sheer Baby Pink Dress,Muse Valley,Dress
10004601,1,0.0,0.0,10,Muse PinkDress,Muse,Dress
10008066,1,0.0,0.0,M,MushroomBrwnTankTop,Unknown,Top
10003885,1,0.0,0.0,,Mustard Yellow Lace Bra,,Other
10007571,0,19.99,0.0,,My Michelle Multi-Color Skirt M,,Skirt
10007885,-1,22.99,0.0,,Mysteree white blouse,,Top
10005678,1,0.0,0.0,L,Mystree Pants Black & Grey,,Jeans/Pants
10006011,0,55.99,0.0,S,Mystree BrwnStripeSweater,Mystree,Sweater/Cardigan
10005142,1,0.0,0.0,S,NASCAR OTW Earnheart QrtrZip Prpl,Over the Wall,Other
10007498,0,49.99,0.0,S,NBD Sequin Top,,Top
10008393,1,0.0,6.25,,ND Intimates Pink Nightgown XL,,Dress
10003899,1,0.0,0.0,M,NFL Tn Titans Tee,NFL Team Apparel,Top
10000100,1,0.0,0.0,,NKN NekaneSweater_YF,NKN Nekane,Sweater/Cardigan
10005416,1,0.0,0.0,M,NLW FloralSleevlessJumper,Nlw,Top
10005424,1,0.0,0.0,L,NR GrnSet,Natural Reflections,Set
10005977,0,18.99,0.0,M,NVGTN Black LS Top,Nvgtn,Top
10007424,1,0.0,0.0,8,NWOT Franco Sarto Shoes,,Shoes
10007264,1,0.0,0.0,M,NWOT Free People Dress,,Dress
10007434,1,0.0,0.0,,NWOT Naturalizer Brown Shoes 6.5,,Shoes
10008444,0,139.99,0.0,9,NWOT Pink Boots,,Shoes
10008767,1,0.0,3.0,,NWOT Timing Orange Top Real XS,,Top
10007625,1,0.0,5.75,,NWT 80 Park LS Black Top L,,Top
10007288,1,0.0,0.0,M,NWT Adelyn Rae Top Beige,,Top
10007620,1,0.0,6.25,,NWT Adrianna Papell Gold LS Top XL,,Top
10008460,1,0.0,32.0,,NWT Alden Adair Yellow Floral S,,Other
10007848,0,28.99,0.0,L,NWT Allen B. Dress,,Dress
10007103,1,0.0,0.0,XS,NWT Altar'd State Pink Fringe Top,Altar'd State,Top
10006496,1,0.0,231.07,,NWT AmerDarling Pink Leather Shoulder Bag,,Accessories
10006781,1,0.0,0.0,L,NWT Anthropologie Reformation Top,Reformation,Top
10007615,1,0.0,0.0,L,NWT Ardashian Black Skirt,,Skirt
10007250,0,45.99,0.0,8,NWT BCBG Brown Dress,,Dress
10007823,1,0.0,111.25,M,NWT Caballero Top,,Top
10007622,1,0.0,6.25,8,NWT Calvin Klein Black Dress,,Dress
10007258,1,0.0,0.0,L,NWT Ciebon Multi-Color Dress,,Dress
10007842,1,0.0,256.68,,NWT Coach Leather May Tote,,Accessories
10007105,1,0.0,0.0,M,NWT Cozy Rozy Black Floral Cami,Cozy Rozy,Top
10008416,1,0.0,7.0,,NWT DO + BE floral skirt S,,Skirt
10008659,1,0.0,5.5,,NWT Democracy Pink SS Top XL,,Top
10006272,1,0.0,0.0,8,NWT Desigual Jacket,Desigual NWT,Jacket/Coat
10003449,0,27.99,0.0,16,NWT Diane Gilman Bluejeans,Diane Gilman,Jeans/Pants
10006622,1,0.0,0.0,12,NWT Eliza J Dress Black & White,,Dress
10005747,0,31.46212,0.0,20,NWT Eloquii Black Top,Eloquii,Top
10007616,1,0.0,0.0,,NWT EnFocus Studio Dress 12,,Dress
10007635,1,0.0,0.0,,NWT Espresso Gold Grey Dress L,,Dress
10008471,1,0.0,40.0,,NWT FarmRio LS Top XS,,Top
10008037,1,0.0,6.25,M,NWT Flax Black Pants,,Jeans/Pants
10008746,1,0.0,9.75,,NWT Foxblood Black Dress L,,Dress
10008744,1,0.0,9.75,,NWT Foxblood Black Dress XL,,Dress
10008749,2,0.0,12.5,,NWT Foxblood Shawl OSFM,,Other
10003566,1,0.0,0.0,XS,NWT Free People LS Top Black,Free People NWT,Top
10007574,1,0.0,0.0,,NWT Free People Mulberry Pants M,,Jeans/Pants
10007037,0,58.99,0.0,S,NWT Guess Denim Shorts Jumper,Guess,Shorts
10007104,0,17.99,0.0,S,NWT H&M Peach Top,H&M,Top
10007624,1,0.0,4.75,,NWT Hearts & Hips Black Dress L,,Dress
10007039,1,0.0,0.0,XS,NWT JCrew Pink & White Dress,JCrew,Dress
10007617,1,0.0,0.0,,NWT Jane Delancey LS Top Brown M,,Top
10005736,0,55.99,0.0,14,NWT Lady Black Tie Blush Pink Dress,Lady Black Tie,Dress
10006664,0,38.99,0.0,S,NWT Levi Jean Overalls,Levi Strauss & Co,Jeans/Pants
10008239,1,0.0,10.9,,NWT Liliana Beige Sequin Blouse M,,Top
10007900,1,0.0,10.9,,NWT Liz Claiborne Brown Hat,,Accessories
10008453,1,0.0,15.0,,NWT Loft Orange Shorts 8,,Shorts
10008499,1,0.0,17.25,,NWT M McDowell Orange Dress L,,Dress
10008035,0,25.0,0.0,,NWT M Rena Black Dress M,,Dress
10007252,0,45.99,0.0,M,NWT Mable White Jacket,,Jacket/Coat
10007276,1,0.0,0.0,S,NWT Maje Black Top,,Top
10007628,0,34.56897,0.0,,NWT Marc NY Faux Fur Yellow M,,Other
10007633,1,0.0,0.0,,NWT Nanette Lepore Black Dress 0,,Dress
10007623,1,0.0,5.75,L,NWT Nina Leonard Black Dress,,Dress
10007663,1,0.0,16.0,,NWT Once Again Black Design Top L,,Top
10003531,1,0.0,0.0,XL,NWT Onyx LS Top Red,Onyx,Top
10007439,1,0.0,0.0,,NWT Philomenia Petti Cardigan M,,Sweater/Cardigan
10008029,1,0.0,6.75,,NWT Pink Shear Long Cardigan OSFA,,Sweater/Cardigan
10007203,0,25.99,0.0,8,NWT PrettyLittle Thing Skirt,,Skirt
10004645,0,75.99,0.0,M,NWT Red Multicolor Dress,Unknown,Dress
10007632,0,19.99,0.0,S,NWT Rip Curl Red Top,,Top
10005746,1,0.0,0.0,S,NWT Rock & Republic Black Top,Rock & Republic,Top
10003546,1,0.0,24.0,32,NWT Rolla's Pants Beige,Rollaxs NWT,Jeans/Pants
10007265,0,25.99,0.0,S,NWT Ryu Skirt Brown,,Skirt
10007852,1,0.0,0.0,,NWT Saks Fifth Ave White Dress M,,Dress
10008427,1,0.0,7.5,,NWT Simply Blessed Top L,,Top
10007249,1,0.0,0.0,,NWT Sincerely Ours Multi-Color Tank Top S,,Top
10008747,1,0.0,4.75,,NWT Spy Zone Ex Red Floral S,,Other
10007248,1,0.0,0.0,,NWT Strut & Bolt Multi-Color Skorts L,,Other
10003450,1,0.0,0.0,18,NWT Talbot's Pants Red & White,Talbots,Jeans/Pants
10004062,1,0.0,27.99,XL,NWT Taupe Shawl,R&M Richards,Other
10007038,1,0.0,0.0,S,NWT The Bee Peace Tee Shirt,The Bee,Top
10007626,1,0.0,4.0,,NWT Tiana B Black Dress L,,Dress
10008766,1,0.0,3.0,,NWT Timing Orange Top Real S,,Top
10008369,1,0.0,5.99,S,NWT Undiz crochet croptop,Undiz,Top
10007139,1,0.0,0.0,12,NWT WHBM Sequin Corset Black,Whbm,Set
10003549,1,43.99,0.0,0,NWT WHBM Skirt Black & White,White House Black Market,Skirt
10007141,1,0.0,0.0,XS,NWT White Zara Halter Top,Zara NWT,Top
10007656,1,0.0,0.0,,NWT Wisck Black Sequin Top L,,Top
10003493,1,0.0,0.0,L,NWT Zara Pants Grey,Zara NWT,Jeans/Pants
10008145,0,27.99,0.0,S,NWT altard state cow print crop tank,Altar'd State,Top
10005388,1,0.0,0.0,L,NWT ann taylor bls prp,Ann Taylor,Top
10004701,1,0.0,0.0,,NWT coach 1964 suede fringe tan,Coach,Accessories
10005475,1,0.0,0.0,L,NWT draper james bls prp,Draper James,Top
10005819,0,45.99,0.0,4,NWT draper james dress org,Draper James NWT,Dress
10005460,1,0.0,0.0,L,NWTAureum Grn&WhDress,Aureum NWT,Dress
10007696,0,79.99,0.0,0,NWTChicos DenimEmbJacket,Chico's,Jeans/Pants
10007700,1,0.0,0.0,0,NWTChicos PinkPant,Chicos,Jeans/Pants
10005456,0,28.99,0.0,S,NWTMM Pink&OrangeTop,Michelle Mcdowell,Other
10007694,1,0.0,0.0,8,NWTMarieGray YellowPant,Marie Gray,Jeans/Pants
10008538,1,0.0,0.0,XL,NWTNylonAp SparkleSkirt,Nylon Apparel NWT,Skirt
10006164,1,0.0,0.0,16,NWTPLT PinkCorset,PrettyLittleThings NWT,Set
10008540,1,0.0,0.0,,NWTPinkFloralTote,Unknown,Accessories
10008081,1,0.0,0.0,L,NWTRamyB Navy Dress,Ramy Brook NWT,Dress
10006001,1,0.0,0.0,XS,NWTellamoss MulticolBlouse,Ella Moss,Top
10006653,1,0.0,0.0,M,NY & CO. colorful maxi dress,NY & Co,Dress
10005532,1,0.0,0.0,M,NY & Co Beige Buttondown Ruffle,New York X Company,Other
10005608,1,0.0,0.0,M,NY & Co Blue Gradient SL Top,New York X Company,Top
10005628,1,0.0,0.0,L,NY & Co Brown Silver Satin Top,New York X Company,Top
10005602,1,0.0,0.0,S,NY & Co Pink White Design Tank,New York X Company,Top
10007648,1,0.0,0.0,L,NY & Co Silver Sheer Top,New York X Company,Top
10004497,1,0.0,0.0,8,NY&Com BgFloral Skirt,New York X Company,Skirt
10003890,1,0.0,0.0,M,NYC Blk NSYNC Crop Hoodie,Blank NYC,Other
10005213,1,0.0,0.0,2,NYC Blush Blue Lace Top,NYC Blush,Top
10005589,1,0.0,0.0,S,NYDJ Beige Tank,Nydj,Top
10000419,1,0.0,0.0,,NYDJ Jeans,Not Your Daughters Jeans,Jeans/Pants
10003447,1,0.0,0.0,14,NYDJ Pants Brown,Nydj,Jeans/Pants
10004697,1,0.0,0.0,L,NYDJ swtr brgndy,Nydj,Sweater/Cardigan
10008563,1,0.0,13.0,M,NYXCo GrnLeafShirt,New York X Company,Top
10005787,1,0.0,0.0,S,NYXCompany GreenLayerTop,New York X Company,Other
10003836,1,0.0,0.0,M,NYxCompany Purple Coat,New York X Company,Jacket/Coat
10004194,1,0.0,0.0,10,Naf Naf Copper Shimmer Skirt,NafNaf,Skirt
10007343,0,18.99,0.0,,Nakamol Stone Wrap Bracelet,Nakamol,Accessories
10005614,1,0.0,0.0,M,Nanette Hot Pink Lace Blouse,Nanette Lepore,Top
10008012,1,0.0,0.0,8,Nanette L Black Fringe Skirt,Nanette Lepore,Skirt
10008155,1,0.0,6.75,8,Nanette L Blue Red Striped Skirt,Nanette Lepore,Skirt
10008438,1,0.0,5.75,,Nanette Lepore Black Top L,,Top
10008031,0,26.0,0.0,,Nanette Lepore Brown Blouse 10,,Top
10008256,1,0.0,8.0,,Nanette Lepore Brown Sleeveless Top 8,,Top
10003037,0,31.98,0.0,,Nanette Lepore Camisole Black,Nanette Lepore,Top
10008750,1,0.0,15.0,,Nanette Lepore Purple Dress M,,Dress
10007058,1,0.0,0.0,9.5,Nanette Lepore Suede Mules Pink,Nanette Lepore,Other
10008304,0,12.99,0.0,M,NanetteL CreamLaceTop,Nanette Lepore,Other
10006362,1,0.0,0.0,10,NanetteL RedDotSheerDress,Nanette Lepore,Dress
10005186,1,0.0,0.0,10,NanetteLepore Midi Dress Grn,Nanette Lepore,Dress
10004313,1,0.0,0.0,S,NaraCamicie BlkLaceBlouse,Nara Camicie,Top
10004345,1,0.0,0.0,S,Nashvlle GrnHotYoga Tank,Comfort Colors,Top
10007278,0,19.99,0.0,10,Nasty Girl Silver Top,,Top
10008386,1,0.0,8.25,,Nation Green Sleeveless Top M,,Top
10006523,0,13.99,0.0,S,National Coll Gray Vols Tshirt,National Collegian,Top
10005569,1,0.0,0.0,XXL,Natural Refl Beige Crossfront Sweater,Natural Reflections,Sweater/Cardigan
10008311,1,0.0,0.0,XL,NaturalLife SheerFlowerShirt,Natural Life,Top
10004109,1,0.0,0.0,7,Naturalizer Blk KittenHeel,Naturalizer,Shoes
10007064,0,20.99,0.0,8.5,Naturalizer Lime Green Mules,Naturalizer,Other
10004319,1,0.0,0.0,10,NaughtyMonk RedFlats,Naughty Monkey,Shoes
10005993,1,0.0,0.0,L,Nautica Black & White Striped SS,Nautica,Top
10004107,0,25.99,0.0,7,Nautica Blk Loafer,Nautica,Shoes
10007721,0,18.99,0.0,4,Nautica Off White Pinstripe Vest Top,Nautica,Top
10006842,0,24.99,0.0,M,Nautica white blouse,Nautica,Top
10004048,1,0.0,0.0,,NauticaSS Top_Nav,Nautica,Top
10007521,1,0.0,0.0,S,Navy Blue LS Blouse,,Top
10005206,1,15.99,0.0,,Navy Bucket Hat Unknown,Unknown,Accessories
10007072,0,22.99,0.0,11,Naya Makani Wedge,Naya,Other
10008196,1,0.0,6.0,M,Neesh Orange Cropped Sweater,Neesh,Sweater/Cardigan
10006410,0,24.99,0.0,M,NellieParton CreamTop,Nellie Parton,Other
10004832,0,13.99,0.0,L,Neon Yellow See-through tshirt,Unknown,Top
10008510,1,0.0,13.15,,New Directions Black Sleeveless Top M,,Top
10006568,1,0.0,0.0,XL,New Directions Blue Green Top,New Directions,Top
10006508,0,17.99,0.0,M,New Directions NWT B & W Tank,New Directions,Top
10008660,1,0.0,5.5,,New Directions Sleeveless Top L,,Top
10005992,1,0.0,0.0,L,New Fantasy Patterned Lemon SL Top,New Fantasy,Top
10005727,1,0.0,0.0,S,New In Pink Skirt,New In,Skirt
10004955,1,0.0,0.0,M,New In Sage Green Skirt,New In,Skirt
10008264,1,0.0,6.0,,New Look Sleeveless Top 16,,Top
10004227,0,22.99,0.0,L,New York & Co Black White Sheer Shawl,New York X Company,Other
10006469,1,0.0,0.0,S,New York & Co Blue Green Top,New York X Company,Top
10007526,1,0.0,0.0,,New York Laundry Green Hoodie S,,Other
10007760,1,0.0,0.0,,New with tags pink coach purse,Coach,Accessories
10005045,0,21.99,0.0,S,New'm Floral Top,New'm,Top
10005164,1,0.0,0.0,XL,NewDirect Multipattern Top,New Direct,Top
10003713,1,0.0,0.0,S,NewYork Grey Sequin Shawl,New York X Company,Other
10008638,0,14.99,0.0,,Newbury Kuston Pink SS Top M,,Top
10007665,1,0.0,12.0,,Newport News Pink Crochet Top L,,Top
10008309,1,0.0,0.0,12,NewportNews FloralSkirt,Newport News,Skirt
10005208,1,0.0,0.0,12,Next Black Sheer Top,Next,Top
10006382,0,14.99,0.0,,Next Brown Belt,Next,Accessories
10005085,1,0.0,0.0,S,Next Exclusive Sheer Top Rd&Wht,Next Exclusive,Top
10007166,1,0.0,0.0,10,Next Tall WindbreakerBlack,,Other
10007570,0,27.99,0.0,L,Nic & Zoe Beige LS Top,,Top
10007643,1,0.0,0.0,M,Nic & Zoe Black SL Top,Nic X Zoe,Top
10005946,1,0.0,0.0,S,Nic & Zoe Red Sweater,Nic X Zoe,Sweater/Cardigan
10003034,0,24.99,0.0,,Nic ZoeCardigan_Za,Nic Zoe,Sweater/Cardigan
10004365,1,0.0,0.0,M,Nic&Zoe MulticolorBlouse,Nic X Zoe,Top
10003866,0,26.99,0.0,XL,Nicfazy Green Yellow Dress,Nicfazy,Dress
10002762,1,0.0,0.0,,Nick X MoJacket_SB,Nick X Mo,Jacket/Coat
10004740,0,39.99,0.0,XL,Nick&Mo Prp&Blk Square Coat,Nick X Mo,Jacket/Coat
10006027,1,0.0,0.0,1,Nicola Multicolbttndwn,Nicola,Other
10004768,1,0.0,0.0,L,Nicole Brown Blue Colorful Sleevless,Nicole Miller,Top
10007826,1,0.0,171.0,,Nicole Miller Blue Brown 6,,Other
10005672,1,0.0,0.0,S,Nicole Miller Colorful Silk Tank,Nicole Miller,Top
10004836,2,0.0,0.0,S,Nicole Miller SL Colorful Silk Tank,Nicole Miller,Top
10003958,1,0.0,0.0,L,Nicole Miller Sequin Jumpsuit,Nicole Miller,Romper/Jumpsuit
10001110,1,0.0,0.0,,Nicole Miller Tan Cardigan,Nicole Miller,Sweater/Cardigan
10003315,0,35.99,0.0,,Nicole MillerNicole Miller Feather Tank,Nicole Miller,Top
10008298,0,44.99,0.0,,NicoleLee GreenSequinflowerPurse,Nicole Lee,Accessories
10006017,0,25.99,0.0,S,NicoleM MulticolBlouse,Nicole Miller,Top
10005840,1,0.0,0.0,S,Nie & Zoe Red SS Knit Top,Nie & Zoe,Sweater/Cardigan
10007504,1,0.0,0.0,XL,Nike Grey Pink Sweatshirt,,Top
10006489,0,19.99,0.0,XXL,Nike Knoxville Tshirt,Nike,Top
10008391,1,0.0,7.5,,Nike Orange Tenn. Sweatshirt L,,Top
10008400,1,0.0,4.75,,Nike VFL Orange T-Shirt L,,Top
10005157,0,25.99,0.0,M,NikeTeam Vols TrackJacket Orng,Nike,Jacket/Coat
10008009,1,0.0,0.0,,NikiBiki Black Bodycon Dress 1 One Size,NikiBiki,Dress
10008010,1,0.0,0.0,,NikiBiki Black Bodycon Dress 2 One Size,NikiBiki,Dress
10008018,1,0.0,4.75,,NikiBiki Leopard Dress 1 One Size,NikiBiki,Dress
10008020,1,0.0,4.75,,NikiBiki Leopard Dress 2 One Size,NikiBiki,Dress
10006530,0,34.99,0.0,M,Nina Black Buttondown Sheer SS,Nina,Top
10002887,1,0.0,0.0,,Nina DrakeBlazer_X,Nina Drake,Jacket/Coat
10008269,1,0.0,6.0,,Nine & Company Brown Sweater M,,Sweater/Cardigan
10006569,1,0.0,0.0,XXL,Nine West B & W Blue SL Top,Nine West,Top
10004610,1,0.0,0.0,14,Nine West Black Dress,Nine West,Dress
10004765,0,18.99,0.0,,Nine West Black Flower Bucket Hat,Nine West,Accessories
10007361,1,0.0,0.0,7,Nine West Brown Strappy Heel,Nine West,Shoes
10003756,1,0.0,0.0,,Nine West Dark Blue Ruffle Sleeveless,Nine West,Top
10004482,1,0.0,0.0,XXL,Nine West Floral Dress,Nine West,Dress
10007043,0,19.05554,0.0,8,Nine West Green Flats,,Shoes
10006818,1,0.0,0.0,8,Nine West Jean Shorts,Nine West,Shorts
10006373,1,0.0,0.0,L,Nine West Leather Belt,Nine West,Accessories
10007920,1,0.0,0.0,L,Nine West Orange & Pink Dress,Nine West,Dress
10007121,0,27.99,0.0,S,Nine West Pink Rain Jacket,Nine West,Jacket/Coat
10007641,0,23.99,0.0,9,Nine West Pink Yellow Tie Up Wedges,Nine West,Other
10007520,1,0.0,0.0,S,Nine West Red LS Blouse,,Top
10007980,1,0.0,0.0,,Nine West Silver Shoes 5,,Shoes
10003747,1,0.0,0.0,,Nine West Silver Wallet,Nine West,Accessories
10007123,0,24.99,0.0,4,Nine West Yellow Jacket,Nine West,Jacket/Coat
10002684,1,0.0,0.0,,Nine WestJacket_W5,Nine West,Jacket/Coat
10004074,0,15.99,0.0,,Nine Yllw Flower HndBag,Nine West,Accessories
10006871,0,32.99,0.0,L,NineWVintAmer WhiJeanJacket,Nine West,Jeans/Pants
10004276,1,0.0,0.0,XL,NineWest Pink Multi-Pattern Jacket,Nine West,Jacket/Coat
10004317,0,21.99,0.0,7.5,NineWest BlkAniPrintHeels,Nine West,Top
10008306,0,19.99,0.0,8,NineWest BluedenimHeels,Nine West,Jeans/Pants
10006102,0,22.99,0.0,S,NineWest PnkTieDress,Nine West,Dress
10008407,1,0.0,6.25,XL,Ninety Brown Orange LS Top,Ninety,Top
10006041,0,21.99,0.0,M,Ninewest PinkTwistTop,Nine West,Other
10005538,1,0.0,0.0,XL,Ninexis Tan Bodysuit LS,Ninexis,Top
10004968,0,20.72563,0.0,S,Nirvana Band Tshirt,Nirvana,Top
10005136,1,0.0,0.0,L,No Boundaries Gray Jean Crop Top,No Boundaries,Jeans/Pants
10006259,0,18.99,0.0,M,No Boundaries Green Flower Cardigan,No Boundaries,Sweater/Cardigan
10004850,1,0.0,0.0,11,No Boundaries White Crop Top Pink FL,No Boundaries,Top
10008361,1,0.0,0.0,L,Noa RedGemTop,Noa,Other
10003779,1,0.0,0.0,9,Nocona Tan Cowgirl Boots,Nocona Boots,Shoes
10008707,1,0.0,6.5,,North End Red White Top S,,Top
10007509,1,0.0,0.0,,North Face Orange Fleece M,,Other
10005139,1,0.0,0.0,M,Northeast Flannel BttnDwn Bl&Wht,Northeast Outfitters,Other
10007538,1,0.0,0.0,XXL,Norton Studio Pink LS Top,,Top
10003454,1,0.0,0.0,6,Not Your Daughter's Jeans Bluejeans,Not Your Daughters Jeans,Jeans/Pants
10005289,1,0.0,0.0,XL,Notations BlkFloralTop,Notations,Other
10008417,1,0.0,6.25,,Nouveaux Yellow Asian Skirt 12,,Skirt
10006437,0,28.99,0.0,L,Nouvida GrnLaceTankTop,Nouvida,Top
10006785,1,0.0,0.0,S,Novica BlkBeadedCardigan,Novica,Sweater/Cardigan
10005252,0,24.99,0.0,XL,Nubile Jean Lightwash Miniskirt,Nubile Jeans,Skirt
10004064,1,0.0,0.0,M,Nygard Foil Jacket,Nygard,Jacket/Coat
10006358,1,0.0,0.0,12,Nygard BlklaceWhiTop,Nygard,Other
10006715,1,0.0,0.0,M,O'Neill Floral Stretch Pants,OxNeill,Jeans/Pants
10007742,1,0.0,0.0,4,OC BlkOneSlvfloralDress,OC by OC,Dress
10004041,0,24.99,0.0,,ODM Premium GoodsTee Shirt_Odm,ODM Premium Goods,Top
10006684,1,0.0,0.0,M,OSC VINTAGE Floral Vest,Osc,Top
10006348,1,0.0,0.0,,OXOXO BlackHrtCharmBag,Oxoxo,Accessories
10002456,1,0.0,0.0,,OYROSY Jumpsuit w Fringe,Oyrosy NWT,Romper/Jumpsuit
10006971,1,0.0,0.0,S,Oak & Trellis White Romper,Oak X Trellis,Romper/Jumpsuit
10005560,1,0.0,0.0,12,Oasis Blue Tank w Flowers,Oasis,Top
10006683,0,18.99,0.0,S,Ocean Drive Light Green & White Dress,Ocean Drive,Dress
10008113,1,0.0,0.0,0,Odille long green skirt,Odille,Skirt
10008228,0,27.99,0.0,0,OdilleYellow Black Skirt,,Skirt
10005268,1,0.0,0.0,M,Off Shoulder Checkered Sheer Floral LS,Unknown,Top
10006841,0,12.99,0.0,M,Offline croped workout top,Aerie Offline,Top
10004971,1,0.0,0.0,L,Offwhite Purple Bedazzle Cardigan,Unknown,Sweater/Cardigan
10003771,1,0.0,0.0,M,Oktober VINTAGE Red & White Plaid,Oktoberzanber,Other
10007305,0,14.96461,0.0,6,Old Navy Beige High Rise Pants,Old Navy,Jeans/Pants
10006541,0,16.99,0.0,S,Old Navy Blue & Pink SL Top,Old Navy,Top
10008437,1,0.0,3.75,,Old Navy Blue Floral Top M,,Top
10008706,1,0.0,5.25,,Old Navy Boyfriend Shorts 0,,Shorts
10007186,0,15.99,0.0,M,Old Navy Brown Dress,,Dress
10006386,1,0.0,0.0,L,Old Navy Brown Sequin Belt,Old Navy,Accessories
10005719,1,0.0,0.0,16,Old Navy Brown Skirt,Old Navy,Skirt
10006666,0,14.99,0.0,S,Old Navy SL Jean Jumper,Old Navy,Jeans/Pants
10006287,0,12.99,0.0,S,Old Navy White Floral Wrap Top,Old Navy,Top
10007938,1,0.0,0.0,,Old Navy White Stretch Pants 12,,Jeans/Pants
10007707,1,0.0,0.0,M,Old Navy Yellow SL Dress,Old Navy,Dress
10005096,0,13.99,0.0,M,Old Navy Floral Top Pnk&Orng,Old Navy,Top
10004052,1,0.0,0.0,8,Old West Pink Glitter Boot,Old West,Shoes
10008307,0,12.99,0.0,,OldCountyRoad RedStripeBag,Old County Road,Accessories
10006399,1,0.0,0.0,M,OldNavy BlueStripeTop,Old Navy,Other
10004864,0,15.99,0.0,M,OldNavy OrangeTankTop,Old Navy,Top
10005111,1,0.0,0.0,S,Olive Hill Pink Green Sheer QS Shirt,Olive Hill,Top
10004940,1,0.0,0.0,S,OliviaxMartin PinkStitchBlouse,Olivia & Martin,Top
10008518,1,0.0,10.95,XS,One Floral Pants,,Jeans/Pants
10005657,0,24.99,0.0,L,One Secret Beige w Stripe Panel,One Secret,Other
10008620,1,0.0,4.5,,One September Blue Sleeveless Top M,,Top
10006604,1,0.0,0.0,XL,One World Beige Bedazzled Top,One World,Top
10007472,1,0.0,0.0,M,One World Pink Multicolor SL Dress,One World,Dress
10008594,0,8.68206,0.0,L,OneClothing BlkWhiTiedye,One Clothing,Other
10007687,1,0.0,0.0,L,Oneleven Biege Pants,Oneleven,Jeans/Pants
10006165,1,0.0,0.0,M,OnlyHearts GreenTankTop,Only Hearts,Top
10008163,1,0.0,6.5,M,Onzie Flare Leggings,Onzie,Jeans/Pants
10003994,0,8.5,0.0,,Orange Drop Earrings,,Accessories
10003581,1,0.0,0.0,6,Orange High-Top Converse,Converse,Top
10007673,1,0.0,0.0,M,Orange Michel Jacket Sleeve Design,Michel,Jacket/Coat
10007440,0,14.99,0.0,,Orange Necklace,,Accessories
10005983,1,0.0,0.0,S,Orange Ruffle Blouse,Unknown,Top
10004838,1,0.0,0.0,M,Orange SL Beaded Tank,Unknown,Top
10004822,0,12.99,0.0,M,Orange Vote T Tshirt,Unknown,Top
10004837,1,0.0,0.0,XS,Orange Watercolor SL Tank,Unknown,Top
10006097,1,0.0,0.0,S,OrangeBralette,Unknown,Other
10003959,1,0.0,0.0,S,Origami Shortsleeve Sequin Shirt,Origami,Shorts
10000330,1,0.0,0.0,,OrigamiDress_An,Origami,Dress
10007870,1,0.0,0.0,L,Oriole Mill Gray LS,the Oriole Mill,Top
10004723,1,0.0,0.0,L,Orvis Orange Plaid LS,Orvis,Top
10005687,0,15.99,0.0,,Otto Baseball Hat,Otto,Accessories
10008267,1,0.0,5.75,,Outback Red Green Skirt 8,,Skirt
10005339,0,18.99,0.0,S,OutfitJPR MulticolStripeTank,Outfit JPR,Top
10007100,0,18.99,0.0,,Oz Red Leather Purse,Oz,Accessories
10004499,1,0.0,0.0,L,P&S Blk Jean MidiSkirt,P&S,Skirt
10003003,0,14.81943,0.0,,PGA TourSS Top_Iz,PGA Tour,Top
10007246,1,0.0,0.0,S,PJ Salvage Grey Tank Top,,Top
10004922,0,25.99,0.0,8,PLL WhiteShellBlouse,Pretty Little Thing,Top
10004795,1,0.0,0.0,12,PLT MultiColor Asymmetrical Pants,Pretty Little Thing,Jeans/Pants
10005156,1,0.0,0.0,M,PLT Sheer Twist Top Teal,Pretty Little Thing,Top
10005764,1,0.0,0.0,6,PLT Pink&WhiTop,Pretty Little Thing,Other
10003536,1,0.0,0.0,M,POL Sweatshirt Grey,Pol,Top
10002672,0,15.99,0.0,,PS LATee Shirt_Ex,Ps La,Top
10008017,0,17.78158,0.0,S,Paani Luv Blue Floral Skirt,Paani Luv,Skirt
10008293,0,29.99,0.0,S,Paani MulticolFlowerDress,Paani,Dress
10007134,0,17.99,0.0,S,Pac Sun Rhinestone Denim Top,Pac Sun,Jeans/Pants
10005695,1,0.0,0.0,29,Pacsun White Jeans,Pacsun,Jeans/Pants
10007584,0,57.60888,0.0,,Paddle & Saddle Brown VINTAGE SL Jumpsuit,Paddle & Saddle,Romper/Jumpsuit
10005679,1,0.0,0.0,S,Paige Black Pants,,Jeans/Pants
10003448,1,0.0,0.0,S,Paige Bluejeans,Paige,Jeans/Pants
10003548,1,0.0,0.0,M,Paige Mayslie Coated Pants Black,Paige,Jeans/Pants
10007851,1,0.0,0.0,S,Paige Novella Black Overalls,,Top
10008266,1,0.0,9.0,,Paige Small Bluejeans,,Jeans/Pants
10002587,1,0.0,0.0,,PaigeJeans_Ju,Paige,Jeans/Pants
10002584,1,0.0,0.0,,PaigePants_Ci,Paige,Jeans/Pants
10008255,1,0.0,6.0,,Palm White Sleeveless Top 14,,Top
10007053,1,0.0,0.0,11.5,Paloma Red Shoes,Paloma,Shoes
10006359,0,24.99,0.0,L,PamelaStewart BlkstrapTop,Pamela Stewart,Other
10008789,1,0.0,8.0,,Pandora CirchollowEarrings,Pandora,Accessories
10008793,1,0.0,8.0,,Pandora PrincessRing,Pandora,Top
10008788,1,0.0,8.0,,PandoraCircleEarrings,Pandora,Accessories
10007550,0,19.0,0.0,M,Papaya Dress Multi-Color,,Dress
10005959,1,0.0,0.0,M,Papaya Gray Light Hoodie,Papaya,Other
10006879,0,15.99,0.0,M,Papaya DrawStringShirt,Papaya,Top
10003800,0,19.99,0.0,M,Paper Crane Green White Crop Top,Paper Crane,Top
10006459,0,26.99,0.0,M,Paper Crane White Pattern Crop Top,Paper Crane,Top
10008373,0,35.99,0.0,S,Paper Lacer white longsleeve blouse,Paper Lacer,Top
10008370,1,0.0,7.99,S,Paper crane floral crop tank,Paper Crane,Top
10005443,1,0.0,0.0,XS,PaperCrane Floral Crop Blk,Paper Crane,Other
10004469,1,0.0,0.0,34,PaperD&C GrnKhakiPant,Paper Denim & Cloth,Jeans/Pants
10006278,1,0.0,0.0,12,Paperwhite Floral White Top,Paperwhite,Top
10002323,1,0.0,0.0,,PapillonLS Top_Ve,Papillon,Top
10005026,1,0.0,0.0,S,Parallel Skies Blush Pink SS,Parallel Skies,Top
10007263,0,26.99,0.0,6,Paris Atelier SS blouse Pink,,Top
10006491,1,0.0,0.0,,Parisian Coral Silk Blazer,Parisian,Jacket/Coat
10004043,1,0.0,0.0,,ParkerLS Top_Par,Parker,Top
10006516,0,23.99,0.0,L,Parkhurst Silver Sequin Vest,Parkhurst,Top
10005557,0,19.99,0.0,,Pashina Green Silk Scarf,Pashmina,Accessories
10003782,1,0.0,0.0,6,Passport Baby Pink Plaid,Passport,Top
10007536,1,0.0,0.0,,Passport Denim Jacket Size,,Jeans/Pants
10007500,1,0.0,0.0,XS,Patagonia Orange T-Shirt,,Top
10008335,1,0.0,0.0,M,Patagonia BlackShorts,Patagonia,Shorts
10008338,0,11.99,0.0,M,Patagonia PinkShorts,Patagonia,Shorts
10008340,0,20.99,0.0,M,Patagonia YellowShorts,Patagonia,Shorts
10007404,0,68.99,0.0,,Patricia Nash Brown Purse,Patricia Nash,Accessories
10003430,1,0.0,0.0,,Patricia Nash Floral Garden Map Purse,Patricia Nash,Accessories
10004557,0,0.0,0.0,,Patricia Nash House Scene Design Brown Handle,Patricia Nash,Other
10005980,1,0.0,0.0,S,Patrons of Peace Floral Crop Top,Patrons of Peace,Top
10005820,0,23.11481,0.0,XS,Patrons of Peace Top Floral Beige and Pink,Patrons of Peace,Top
10005061,0,15.99,0.0,XS,Patterned Top Wht&Orng,Unknown,Top
10007640,1,0.0,0.0,7,Paul Green Lace Up Heel,Paul Green,Shoes
10002392,0,29.99,0.0,,Paul McCartneyTee Shirt_SO,Paul McCartney,Top
10000166,1,19.99,0.0,,Peace of Cloth,Peace of Cloth,Other
10003515,1,0.0,0.0,S,Peace of Cloth Pants Black,Peace of Cloth,Jeans/Pants
10003955,1,0.0,0.0,S,Peach Love Purp Shiny Dress,Peach Love,Dress
10006409,1,0.0,0.0,L,PeachLove PinkFloralBlouse,Peach Love,Top
10004218,1,0.0,0.0,,Peacock Pendant,Unknown,Other
10004778,2,0.0,0.0,3,Pear Culture Black Dress,Pear Culture,Dress
10004790,0,22.99,0.0,,Pearl Beach Visor,Unknown,Other
10007568,1,0.0,0.0,,Pearle 88 Pink Dress XS,,Dress
10008502,1,0.0,5.99,,Peck & Peck Pink V-Neck LS,,Top
10008513,1,0.0,13.25,,Peck & Peck Sleeveless Top L,,Top
10006353,1,0.0,0.0,XL,PeckxPeck Grn&BlBlouse,Peck X Peck,Top
10006694,1,0.0,0.0,14,People Like Frank Gray Blazer,People Like Frank,Jacket/Coat
10004433,0,25.99,0.0,M,PepperMayoNWT Jean Halter,Peppermayo NWT,Jeans/Pants
10004575,1,0.0,0.0,S,Peppermint Velvet Longsleeve Dress,Peppermint,Dress
10007948,1,0.0,0.0,2,Per Se Beige Top,,Top
10006963,1,0.0,0.0,6,Per Se Offwhite Black Grommet LS Top,Per Se,Top
10005422,0,25.99,0.0,10,PerUna MulticolBttnDwn,Per una,Other
10006975,0,19.99,0.0,1,Perceptions White Knit Throw,Perceptions,Sweater/Cardigan
10005734,0,28.792,0.0,8,Permasan Pale Pink Skirt Lace Detail,Persaman,Skirt
10006307,0,45.99,0.0,S,Persaman Biege Corduory Jacket,Persaman,Jacket/Coat
10006304,1,0.0,0.0,12,Persaman Black & Gray Lace Skirt,Persaman,Skirt
10006308,1,0.0,0.0,L,Persaman Black Jean Jacket,Persaman,Jeans/Pants
10006309,1,0.0,0.0,L,Persaman Black LS Beaded Cardigan,Persaman,Sweater/Cardigan
10006493,1,0.0,0.0,16,Persaman Black Pink Skirt,Persaman,Skirt
10006293,0,35.99,0.0,8,Persaman Black Skirt White Flw,Persaman,Skirt
10005919,0,35.99,0.0,8,Persaman Blue & Yellow Skirt,Persaman,Skirt
10006295,1,0.0,0.0,8,Persaman Brown Beaded Skirt,Persaman,Skirt
10005918,0,38.99,0.0,10,Persaman Pink & Yellow Skirt,Persaman,Skirt
10005943,1,0.0,0.0,8,Persaman Pink Design Skirt,Persaman,Skirt
10005914,1,0.0,0.0,12,Persaman Pink Embroidered Skirt,Persaman,Skirt
10006296,0,35.99,0.0,,Persaman Red & Black Skirt 10,Persaman,Skirt
10006408,1,0.0,0.0,L,Persaman GreyGrn&BluedetailDress,Persaman,Dress
10005956,1,0.0,0.0,L,Perseption Concept Gray SL Vest,Perseption Concept,Top
10005235,0,32.99,0.0,,Petal & Pup Red Dress,Petal X Pup,Dress
10006759,0,24.99,0.0,L,Peter Carol Yellow Sweater,Peter Carol,Sweater/Cardigan
10003304,1,0.0,0.0,,Peter Som Striped Blk Skirt,Peter Som,Skirt
10008330,1,0.0,0.0,16,PeterNd BlackDresswBelt,Peter Nygard,Dress
10003420,0,26.99,0.0,M,Petra Fashions Camisole Orange,Petra Fashions,Top
10005958,1,0.0,0.0,M,Petticoat Alley Black Multicolor Top,Petticoat Alley,Jacket/Coat
10005572,0,19.99,0.0,XL,Peyton Primrase Gray Cardgian,Peyton Primrase,Other
10007196,0,32.99,0.0,S,Philosophy Black White Dress,,Dress
10006299,0,17.99,0.0,M,Philosophy Blue & Pink Tank,Philosophy,Top
10006265,0,24.99,0.0,S,Philosophy Dress Black and White P,Philosophy,Dress
10005637,1,0.0,0.0,XL,Philosophy Orange Collared Top,Philosophy,Top
10004125,1,0.0,0.0,L,Philosophy Star Tee,Philosophy,Top
10003530,1,0.0,0.0,S,Philosophy Sweater Black Multi Color,Philosophy,Sweater/Cardigan
10004191,1,0.0,0.0,L,Philosophy White Pants,Philosophy,Jeans/Pants
10005038,1,0.0,0.0,L,Philosophy Sheer Blouse Wht&blk,Philosophy,Top
10007815,1,0.0,16.0,7.5,PiaMia Shoes,,Shoes
10003750,1,0.0,0.0,M,Piano Pink and Brown Ruffle Sleeveless,Piano,Top
10007398,1,0.0,0.0,XS,Picadilly BlkWhiPatternShirt,Picadilly,Top
10003349,1,0.0,0.0,,Pikolinos Black Leather Boots,Pikolinos,Shoes
10004399,1,0.0,0.0,37,Pikolinos BuckleAnkleBoots,Pikolinos,Shoes
10004348,1,0.0,0.0,S,Pilcro ColdShldr Yllw Tee,Pilcro,Top
10003785,0,27.99,0.0,31,Pilcro Striped Pants,Pilcro,Jeans/Pants
10007565,0,17.99,0.0,,Pimatee Rascal Flatts T-Shirt XL,,Top
10008218,1,0.0,6.75,,Pine Needles Sleeveless Card M,,Top
10004560,1,0.0,0.0,34,Pineharsh Black Slip Dress,Pineharsh Lingerie,Dress
10007604,0,14.99,0.0,S,Pink & White SL Romper,Unknown,Romper/Jumpsuit
10004234,0,7.99,0.0,,Pink Baseball Cap,Unknown,Other
10006341,0,21.55253,0.0,S,Pink Blouse W Ruffles,Unknown,Top
10007601,0,15.99,0.0,,Pink Butterfly Hat,,Accessories
10004249,1,0.0,0.0,,Pink Chain Waistbelt,Unknown,Accessories
10007147,25,0.0,400.0,L,Pink Chic Vintage T Shirt,,Top
10007146,23,47.98,368.0,M,Pink Chic Vintage T Shirt,,Top
10007145,24,23.99,384.0,S,Pink Chic Vintage T Shirt,,Top
10007148,24,23.99,384.0,XL,Pink Chic Vintage T Shirt,,Top
10007144,25,0.0,400.0,XS,Pink Chic Vintage T Shirt,,Top
10008193,1,0.0,6.0,M,Pink Cotton Tank,Unknown,Top
10002865,1,0.0,0.0,,Pink FloydTee Shirt_Al,Pink Floyd,Top
10007088,0,8.99,0.0,,Pink Furry Purse French Bee,French Bee,Accessories
10007057,0,25.99,0.0,7,Pink Kigi Platform Sandals,Pink Kigi,Top
10007544,1,0.0,0.0,M,Pink Lily Brown Dress,,Dress
10008263,1,0.0,8.0,,Pink Lily Brown White Sleeveless Top XXL,,Top
10008463,1,0.0,8.0,L,Pink Lily Flower Dress,,Dress
10007709,0,24.99,0.0,S,Pink Lily Jean Skirt Embro,Pink Lily,Skirt
10006707,1,0.0,0.0,L,Pink Lily Orange Knit Dress,Pink Lily,Dress
10004245,1,0.0,0.0,9,Pink Multi-Pattern Heel,Shi,Shoes
10008197,1,0.0,6.0,S,Pink Multicolor Floral Sheer Tank,Unknown,Top
10006558,1,0.0,0.0,00,Pink Multicolor Tank,Loft,Top
10004962,0,27.63482,0.0,8,Pink Orange Skirt White Flowers Skirt,Unknown,Skirt
10006525,0,24.99,0.0,XL,Pink Orange Striped Multicolor SS,Unknown,Top
10004268,1,0.0,0.0,L,Pink Plaid Skirt,Draper James NWT,Skirt
10003154,0,20.0,0.0,,Pink Plastic Purse,Unknown,Accessories
10005891,1,0.0,0.0,XL,Pink Puff Cardigan w Blk Detail,Unknown,Sweater/Cardigan
10005534,1,0.0,0.0,S,Pink Republic Gray Sweater,Pink Republic,Sweater/Cardigan
10005271,1,0.0,0.0,S,Pink Republic Navy Blue Red Pattern Tank,Pink Republic,Top
10004271,1,0.0,0.0,M,Pink Rhinestone Skirt NWT,Nylon Apparel NWT,Skirt
10005964,1,0.0,0.0,M,Pink Rose Mustard Sweater,Pink Rose,Sweater/Cardigan
10006998,1,0.0,0.0,S,Pink Ruched Top,Unknown,Top
10006663,1,0.0,0.0,M,Pink SL Dress,Unknown,Dress
10003709,0,9.99,0.0,,Pink Snakeskin Belt,,Accessories
10007502,1,0.0,0.0,S,Pink Sweater,,Sweater/Cardigan
10003993,0,8.5,0.0,,Pink Trio Flower Earrings,,Accessories
10003694,1,0.0,0.0,M,Pink Wild West Tee,Unknown,Top
10004547,1,0.0,0.0,15,Pink and Brown Dress Sequin,,Dress
10006859,-1,29.99,0.0,,Pink cami,,Top
10006670,0,300.0,0.0,,Pink coach mini purse,Coach,Accessories
10008486,1,0.0,5.3,,Pink w Lemon Coverall OSFM,,Other
10003594,1,0.0,0.0,M,Pink&Whi,Unknown,Other
10006040,0,13.99,0.0,M,PinkCropTop,Unknown,Top
10004906,1,0.0,0.0,XXL,PinkFloralSkirt,Unknown,Skirt
10004132,0,20.99,0.0,S,PinkFloyd Baby Tee,Unknown,Top
10007368,0,14.99,0.0,M,PinkFloyd Tshirt,Pink Floyd,Top
10008349,1,0.0,0.0,,PinkLaceSlipDress,Unknown,Dress
10007744,1,0.0,0.0,S,PinkLily BlkWhitrimSET,Pink Lily,Set
10008325,1,0.0,0.0,M,PinkNightGown,Unknown,Dress
10003642,1,0.0,0.0,L,PinkRepublic Pink&Blktop,Pink Republic,Other
10006345,1,0.0,0.0,M,PinkSilkTop,Unknown,Other
10003020,1,0.0,0.0,,PinkSweatshirt_Bl,Pink,Top
10008610,1,0.0,8.0,,PinkWrapBracelet,Unknown,Accessories
10008783,1,0.0,8.0,,PinkbuckleCoachPurse,Coach,Accessories
10006044,0,24.99,0.0,M,Pinque MustardCardigan,Pinque,Sweater/Cardigan
10001076,2,0.0,0.0,,Pistola Burgundy Pants,Pistola,Jeans/Pants
10005577,1,0.0,0.0,S,PixleyMulticolor Green Orange Sleeveless Top,Pixley,Top
10004436,0,31.99,0.0,S,PlaidDress Bl&Wht,Loveriche,Dress
10008078,1,0.0,0.0,5,Plain Jane Red Gold LS Dress,Plain Jane,Dress
10003564,1,0.0,0.0,M,Please LS Top Black,Please,Top
10000043,1,21.99,0.0,,PleaseLS Top_Lo,Please,Top
10002321,1,0.0,0.0,,PleioneSS Top_Sk,Pleione,Top
10007208,1,0.0,0.0,S,Plenty Orange Floral Skirt,Plenty by Tracy Reese,Skirt
10007865,1,0.0,0.0,6,Plenty Purple Dress,Plenty by Tracy Reese,Dress
10006113,0,21.99,0.0,6,Plenty Blue&BlkFlowerDress,Plenty,Dress
10006517,1,0.0,0.0,4,Plush Bottoms Jeans,Plush Bottoms,Jeans/Pants
10006346,1,0.0,0.0,,Pnk&BrwnTssleBag HandcraftedGenLthr,Unknown,Top
10003842,1,0.0,0.0,L,Pnk Prp Button Down,Ann Taylor,Other
10008353,1,0.0,0.0,L,Poetry AnimalPrintTop,Poetry,Other
10007098,1,0.0,0.0,4,Polo Denim Skirt,Polo Ralph Lauren,Skirt
10005897,0,31.99,0.0,XS,Polo Garage Pink Sweater,Polo Garage,Sweater/Cardigan
10003809,0,44.99,0.0,XL,Polo US Open Sweatshirt,Polo Ralph Lauren,Top
10006799,1,0.0,0.0,L,Polo BlkQuarterZip,Polo by Ralph Lauren,Other
10005337,1,0.0,0.0,XL,PoloRL PinkzipupJacket,Polo by Ralph Lauren,Jacket/Coat
10004231,1,0.0,0.0,,Pom Pom Red Beanie,Kyi Kyi Canada,Other
10004230,1,0.0,0.0,,Pom Pom White Beanie,Kyi Kyi Canada,Other
10006021,1,0.0,0.0,M,Poof BlkhighneckTop,Poof,Other
10004076,1,0.0,0.0,,Poppy Jones Gray Studded Small Purse,Poppy Jones,Accessories
10002349,1,0.0,0.0,,PopsiCamisole,Popsi,Top
10004833,0,13.99,0.0,S,Port & Co Orange TN Fitted Tshirt,Port & Co,Top
10006595,1,0.0,0.0,,Port Authority Red Bball Cap Bedazzeled Heart,Port Authority,Other
10006487,0,29.99,0.0,S,Portraits Black Vest White Emb,Portraits by Northern Isles,Top
10006889,0,22.99,0.0,12,PositiveAtt BlackCheetaBttnDwn,Positive Attitude,Other
10003803,1,0.0,0.0,4,Possible F21 Black Pants,Forever 21,Jeans/Pants
10007916,0,19.99,0.0,2,Posty Co Black Tour Tshirt,Posty Co,Top
10007326,1,0.0,0.0,4,Prabal Gurung Rainbow Skirt,Prabal Gurung,Skirt
10003297,1,0.0,0.0,,Prada Fur Trim Dress,Prada,Dress
10007958,1,0.0,4.0,,Prairie Underground Grey Pants S,,Jeans/Pants
10005265,0,24.99,0.0,M,Pretty Little Thing Black Skirt Tassle,Pretty Little Thing,Skirt
10004641,1,0.0,0.0,8,Pretty Little Thing Orange Colorful Dress,Pretty Little Thing,Dress
10006954,1,0.0,0.0,0,Pretty Little Thing White Bodysuit,Pretty Little Thing,Top
10005829,1,0.0,0.0,8,Pretty Little Things Multi Color Dress,Pretty Little Thing,Dress
10005785,0,24.99,0.0,4,PrettyLittleThing TanLaceDress,Pretty Little Thing,Dress
10002222,1,0.0,0.0,,PrettyLittleThingsBodysuit_Ur,PrettyLittleThings,Top
10005731,1,0.0,0.0,12,Primark Orange Skirt,Primark,Skirt
10006337,0,24.99,0.0,8,Primark Pink SL Blouse,Primark,Top
10003685,0,25.99,0.0,4,Princess Polly Blk Leather Pant,Princess Polly,Jeans/Pants
10005906,1,0.0,0.0,8,Princess Polly NWT Pink Lace Dress,Princess Polly NWT,Dress
10006967,1,0.0,0.0,4,Princess Polly NWT White SL Crop Top,Princess Polly NWT,Top
10003695,1,0.0,0.0,6,Princess Polly Patterned Pants,Princess Polly,Jeans/Pants
10008632,1,0.0,4.5,,Princess Polly Peach Halter Top 6,,Top
10003810,1,0.0,0.0,28,Principle Jeans,Principle,Jeans/Pants
10007366,0,18.99,0.0,S,Promod PnkPurpLaceShirt,Promod,Top
10004389,2,0.0,0.0,8.5,Proxy BrwnSnakeShoe,Proxy,Shoes
10005869,1,0.0,0.0,M,Purple Blue Yellow Tank,Unknown,Top
10006473,1,0.0,0.0,L,Purple Floral Velcro Tube Top,Unknown,Top
10004543,0,28.99,0.0,XXL,Purple Flowers Bustier White Mesh,,Other
10007993,1,0.0,13.1,,Purple Stone Necklace,,Accessories
10006883,1,0.0,0.0,L,PurpleBeadedTop,Unknown,Other
10006046,1,0.0,0.0,S,QXA Whi&PnkTop,Q X A Los Angeles,Other
10007497,0,18.99,0.0,S,Qinsen Brown Bodysuit,,Top
10003422,1,0.0,0.0,L,Queens Way & Fashion Slip Dress Orange,Queens Way & Fashion,Dress
10006821,1,0.0,0.0,6,Quepasa White Shorts,Que Pasa,Shorts
10000398,1,0.0,0.0,,Quince NWTPants_Li,Quince NWT,Jeans/Pants
10005621,0,15.99,0.0,M,R & K Black SS Cover Up,R & K Originals,Top
10007718,0,32.99,0.0,10,R & K Yellow Pant Top Set,R X K,Jeans/Pants
10002798,1,0.0,0.0,,R X M RichardsLS Top_Sk,R X M Richards,Top
10007030,1,0.0,0.0,16,R&M Richards Gray Tank Top,R&M Richards,Top
10008589,0,9.99,0.0,M,REdTOP,Unknown,Other
10004232,1,0.0,0.0,,RK Tri Pink Color Beanie,Rk,Other
10004527,0,155.0,0.0,,RLL Black Fringe Purse,Lauren Ralph Lauren,Accessories
10004817,1,0.0,0.0,L,RXB Red Black Sheer Tank,Rxb,Top
10008190,1,0.0,6.0,S,Rachel R Pink SL Dress,Rachel Roy,Dress
10005504,1,0.0,0.0,L,Rachel Zoe NWT Teal Orange Satin LS,Rachel Zoe NWT,Top
10005273,0,12.99,0.0,M,Rachel Zoe Orange Satin Tank,Rachel Zoe,Top
10005850,0,17.77998,0.0,XS,Rachel Zoe Pattern Cinched Sheer Top,Rachel Zoe,Top
10007720,1,0.0,0.0,S,Rafaella Black SL Top,Rafaella,Top
10007435,1,0.0,0.0,14,Rafaella Black White Capris,,Other
10009801,1,0.0,0.0,12,Rafaella Faux Leather Jacket Black,Rafaella,Jacket/Coat
10006445,1,0.0,0.0,S,Rafaella Green White SL Top,Rafaella,Top
10007185,1,0.0,0.0,M,Rafaella Studio SS Top Red,,Top
10007130,0,18.99,0.0,L,Rafaelle Turquoise Skirt,Rafaella,Skirt
10005264,1,0.0,0.0,29,Rag & Bone Gray Jean Skirt,Rag X Bone,Skirt
10007850,1,0.0,0.0,,Rag & Bone White Pants S,,Jeans/Pants
10006962,1,0.0,0.0,S,Rag & Bone White SL Collared Top,Rag X Bone,Top
10005930,1,0.0,0.0,M,Rag Black White Fuzzy Dress,Rag,Dress
10003783,1,0.0,0.0,M,Rag X Bone Red Plaid,Rag X Bone,Other
10003753,1,0.0,0.0,6,Rag x Bone Brown Pleather Leggings,Rag X Bone,Jeans/Pants
10004402,0,29.99,0.0,39.5,Rag&Bone BlkBacklessChunkyHeels,Rag X Bone,Top
10007981,1,0.0,0.0,L,Rainbow Thread Belt,Unknown,Accessories
10006831,1,0.0,0.0,8,Rainbow fuzzy UGG slippers,Ugg,Other
10006741,0,21.99,0.0,,Raisin' Hell Beige BBall Cap,Unknown,Other
10006323,0,15.99,0.0,L,Ralph Lauren Pink Red Polo,Ralph Lauren,Other
10007023,1,0.0,0.0,10,Ralph Lauren Pink Yellow Floral SL,Ralph Lauren,Other
10006950,1,0.0,0.0,12,Ralph Lauren White Skirt,,Skirt
10003027,1,0.0,0.0,,Ralph LaurenSweatshirt_Ur,Ralph Lauren,Top
10004385,1,0.0,0.0,XS,RalphL CrmBttnDownSwtr,Polo Ralph Lauren,Sweater/Cardigan
10006092,1,0.0,0.0,,RalphL MulticolPttrnBtnDwn,Lauren Ralph Lauren,Other
10006089,1,0.0,0.0,XS,RalphL Navy&RedBttnDwn,Lauren Ralph Lauren,Other
10003892,0,35.99,0.0,M,RalphLauren Pink Tee,Ralph Lauren Sport,Top
10004277,1,0.0,0.0,M,RalphLauren Purple Deep Neck,Lauren Ralph Lauren,Other
10004119,1,0.0,0.0,S,Ramones Brwn Tee,1234,Top
10003339,1,0.0,0.0,,Ramy Brook NWT Red Pants,Ramy Brook,Jeans/Pants
10008082,1,0.0,0.0,M,RamyB NavyDress,Ramy Brook NWT,Dress
10006929,1,0.0,0.0,8,Ranelle GreenFloralDress,Ranelle,Dress
10004275,1,0.0,0.0,M,Rawgear Black Cropped Pullover,Rawgear,Sweater/Cardigan
10003971,1,0.0,0.0,M,Rd&Blk Jeweled Skirt,Wow Couture,Skirt
10006600,0,24.99,0.0,8,Real Comfort Brown Jacket,Real Comfort,Jacket/Coat
10007310,1,0.0,0.0,,Rebecca Minkoff Black Stars Purse,Rebecca Minkoff,Accessories
10008649,1,0.0,4.25,,Rebelious Dreamer Violet SS Top M,,Top
10006280,0,22.99,0.0,S,Rebellion Again Floral Top,Rebellion Again,Top
10003248,0,17.99,0.0,,Red & White Necklace,Unknown,Accessories
10006372,0,25.0,0.0,,Red Beaded Purse,Unknown,Accessories
10007413,0,18.99,0.0,,Red Boho Crochet Knitted Petite Bag,,Sweater/Cardigan
10004167,1,0.0,0.0,XL,Red Camel Sleeveless Cardigan Sweater Tan,Red Camel,Sweater/Cardigan
10007951,1,0.0,0.0,M,Red Camisole,,Top
10006379,0,18.99,0.0,,Red Colorful Striped Belt,Unknown,Accessories
10007857,1,0.0,0.0,S,Red Dress w Buckle,,Dress
10003931,0,30.99,0.0,,Red Front-Tie Satin Slip,Unknown,Other
10008164,0,13.99,0.0,S,Red Halter Bra,Unknown,Top
10003920,0,34.32318,0.0,S,Red Lace Slip,Unknown,Other
10008724,1,0.0,4.25,,Red Lace Tube Top M,,Top
10004828,0,15.99,0.0,XL,Red Oak Tennessee Tshirt,Red Oak,Top
10007992,1,0.0,0.0,M,Red Seethrough SL Poncho,Unknown,Other
10006747,0,22.99,0.0,M,Red Velvet Lace Tank with Cross,Unknown,Top
10006876,0,19.99,0.0,M,RedMidiPoofySkirt,Unknown,Skirt
10003877,1,0.0,0.0,M,Reebok Pink Jacket,Reebok,Jacket/Coat
10006760,1,0.0,0.0,S,Reebok Rain Coat Off White,Reebok,Jacket/Coat
10008172,0,19.99,0.0,6,Reformed B & W Floral Skirt,Reformed,Skirt
10006693,1,0.0,0.0,2,Refuge Blush Shorts,Refuge,Shorts
10007609,1,0.0,0.0,,Refuge Denim Bluejean Overalls XL,,Jeans/Pants
10007575,1,0.0,0.0,12,Refuge Jean Shorts,Refuge,Shorts
10006411,0,24.99,0.0,M,RefugeDenim LightDenimVest,Refuge Denim,Jeans/Pants
10007883,1,0.0,4.25,4,Reitman's Black Check Skirt,,Skirt
10005523,1,0.0,0.0,M,Reitmans Black Stretchy Tie Pants,Reitmans,Jeans/Pants
10007256,1,0.0,0.0,10,Relativity Jeans,,Jeans/Pants
10005881,0,18.99,0.0,S,Relativity Pink & Brown Cardigan,Relativity,Sweater/Cardigan
10005256,1,0.0,0.0,M,Renaissance Angel SL Dress,Unknown,Dress
10007418,1,0.0,0.0,M,Reneec MulticolTop,ReneeC,Other
10005499,1,0.0,0.0,L,Reo Red Off Shoulder Top Black Trim,Reo,Top
10007282,0,18.99,0.0,L,Reoria SS Top Pink,,Top
10005831,0,32.99,0.0,XS,Resa Blue and Tan Dress REAL,Resa,Dress
10008402,1,0.0,6.0,,Retro Stage Pink Romper S,,Romper/Jumpsuit
10006130,1,0.0,0.0,XL,RetroMTVTee,Mtv,Top
10005312,1,0.0,0.0,M,ReversNWT PinkOrangeJacket,Unknown,Jacket/Coat
10006250,0,45.99,0.0,,Revlon Ivory Love Pat Compact Mirror 1960s,Revlon,Other
10008530,1,0.0,0.0,,Revlon Vintage Compact Mirror,Revlon,Other
10004246,1,0.0,0.0,10,Rhinestone Heel,Steve Madden,Shoes
10004247,1,0.0,0.0,8,Rhinestone Square-Toe Heel,Betsey Johnson,Shoes
10008342,1,0.0,0.0,XS,Rhythm WhiBlueFloralTop,Rhythm,Other
10004209,1,0.0,0.0,S,Richard Beige Knit Shortsleeve,Richard Kristall,Shorts
10005627,1,0.0,0.0,12,Ricki'sd Purple Black Satin SS Top,Ricki's,Top
10008310,0,24.99,0.0,,RickieFreeman GrnPurpFlowerDress,Rickie Freeman,Dress
10008241,1,0.0,6.0,,Ridgecut Green Pants L,,Jeans/Pants
10005276,0,22.99,0.0,S,Rima Multi Color Pattern Coverup,Rima Beachworld,Other
10003554,1,0.0,0.0,M,River Island Faux Leather Pants Black,River Island,Jeans/Pants
10005263,1,0.0,0.0,12,River Island Pink Triangle Shimmer Skirt,River Island,Skirt
10006036,0,20.18566,0.0,10,RiverIsland LeafBeadShirt,River Island,Top
10008595,1,0.0,8.0,S,RoXRy StripedTankTop,Roan x Ryan,Top
10005994,1,0.0,0.0,M,Robbie Bee Pink SS Cardigan,Robbie Bee,Sweater/Cardigan
10008072,1,0.0,0.0,,RobbieR GreenFlowerDress,Robbie Rivers,Dress
10003555,1,0.0,0.0,S,Rock & Republic Bluejeans,Rock & Republic,Jeans/Pants
10000217,1,0.0,0.0,,Rock X Republic,Rock X Republic,Other
10002813,1,0.0,0.0,,Rodd X GunnJacket_un,Rodd X Gunn,Jacket/Coat
10004590,0,21.99,0.0,L,Rolling S Tshirt,The Rolling Stones,Top
10005510,1,0.0,0.0,S,Rolling Stones Black Tshirt Pink Graphic,The Rolling Stones,Top
10003520,1,0.0,0.0,M,Rolling Stones Tee Shirt Black & Red,The Rolling Stones,Top
10005675,0,99.99,0.0,,Romeo & Juliet Top Red and Black,,Top
10003865,1,0.0,0.0,M,Romeo X Juliet Red Multi Design Dress,Romeo X Juliet,Dress
10004098,1,0.0,0.0,L,RomeoXJuliet Cardigan Whi&Blk,Romeo X Juliet,Sweater/Cardigan
10006895,1,0.0,0.0,S,Romwe WaveCroppedTshirt,Romwe,Top
10005889,0,21.99,0.0,1,Ronni Nicole Green Cardigan,Ronni Nicole,Sweater/Cardigan
10006020,1,0.0,0.0,S,RonnieS Blk&WhiCardigan,Ronnie Salloway,Sweater/Cardigan
10006369,1,0.0,0.0,,Rose Gold Belt,Unknown,Accessories
10004567,1,0.0,0.0,,Rose Gold Belt Rhinestones,,Accessories
10005587,0,8.5,0.0,,Rose Pink Half Circle Earrings,Unknown,Accessories
10003321,1,0.0,0.0,8,Rouge Black Loafers with Crystal Accents 1,Rouge,Shoes
10007561,1,0.0,2.75,L,Roxy Green Top,,Top
10008699,1,0.0,6.5,,Roz & Ali Black Sleeveless Top XL,,Top
10004597,1,0.0,0.0,L,Roz & Ali Blue Black Dress,Roz X Ali,Dress
10008414,1,0.0,7.0,,Roz & Ali Burgundy Sweater M,,Sweater/Cardigan
10003748,1,0.0,0.0,1,Roz X Ali Black Green Skirt,Roz X Ali,Skirt
10005454,1,0.0,0.0,2,RozAli AniPrintBttnDown,Roz X Ali,Other
10006798,1,0.0,0.0,M,RozXali BlackZipperJacket,Roz X Ali,Jacket/Coat
10007653,1,0.0,0.0,M,Ruby Rd Black & Gold Knit LS,Ruby Rd,Sweater/Cardigan
10007664,1,0.0,6.0,,Ruby Rd White LS Blouse 16,,Top
10002401,1,0.0,0.0,,Ruby RdSweater_Gi,Ruby Rd,Sweater/Cardigan
10006874,1,0.0,0.0,14,RubyRd BlkCoverBttnDown,Ruby Rd,Other
10007294,1,0.0,0.0,XL,Rue 21 Boustier Black,,Other
10008043,1,0.0,6.25,5,Rue 21 Pink Floral Pants,Rue 21,Jeans/Pants
10008717,1,0.0,6.25,,Rue 21 Pink Brown Dress M,,Dress
10005459,1,0.0,0.0,XL,Rue21 LacePulloverShirt,Rue 21,Sweater/Cardigan
10005224,0,12.99,0.0,S,Rumwe Brown Tank W Pink Butterflies,Rumwe,Top
10008303,0,13.99,0.0,S,Runway WhiteShawl,Runway,Other
10008772,1,0.0,3.75,,Rus Tee Gray & Orange TN Tshirt,Rus Tee,Top
10008771,3,0.0,18.75,,RusTee Cream & Orange TN Sweatshirt,Rus Tee,Top
10005664,0,15.99,0.0,L,Russel Tennessee Orange Shirt,Russel,Top
10008451,1,0.0,6.4,,Russell Orange UT T=Shirt M,,Top
10007268,1,0.0,0.0,M,Ryu Skirt Cream,,Skirt
10008006,1,0.0,0.0,S,Ryu Tan & Teal SL Dress,Ryu,Dress
10008578,1,0.0,8.0,M,Ryu BrwnWhiFeatherDress,Ryu,Dress
10004698,1,0.0,0.0,L,Ryu swtr gry wht,Ryu,Sweater/Cardigan
10006724,1,0.0,0.0,L,S.C. Society Orange Floral Blouse,S.C. Society,Top
10004600,1,0.0,0.0,10,SB MaroonDress,Sb,Dress
10005322,1,0.0,0.0,S,SBJActive RedTankTop,SJB Active,Top
10006244,0,9.99,0.0,S,SJB Active White Gray Tank,SJB Active,Top
10004845,1,0.0,0.0,XXL,SKY Black Silver Sparkly SL Tank,Sky Plus,Top
10007476,1,0.0,0.0,14,SL Fashions Blue SL Dress NWT,SL Fashions,Dress
10008674,1,0.0,8.0,,SL Fashions Pink White Dress 6,,Dress
10006329,1,0.0,0.0,M,SLB White Sheer Ruffle Top,Slb,Top
10005387,1,0.0,0.0,10,SLB pnts blk,Slb,Other
10007459,1,0.0,0.0,14,SLNY Black Floral SL Dress,Slny,Dress
10003841,1,0.0,0.0,XL,SLNY Blk&Gld Dress,Slny,Dress
10000407,1,0.0,0.0,,SLNYDress_Ba,Slny,Dress
10005148,1,0.0,0.0,M,SMYM Shldr Bodysuit Orng,Show me your Mumu,Top
10005633,1,0.0,0.0,S,SO Blue Jean LS Lace Up Top,So,Jeans/Pants
10006701,1,0.0,0.0,M,SO Brown Corduroy Blazer,So,Jacket/Coat
10004985,1,0.0,0.0,L,SO Pink Blue Flannel LS,So,Top
10004460,1,0.0,0.0,15,SONG Bluejeans,Song,Jeans/Pants
10004468,1,0.0,0.0,6,SOliver BlueJeans,S Oliver,Jeans/Pants
10008524,1,0.0,10.95,,SW3 Bespoke Lace Sleeveless Top XS,,Top
10008410,1,0.0,5.5,S,Sadie & Sage Blush Overall Dress,Sadie & Sage,Dress
10007003,1,0.0,0.0,18,Sag Harbor Purple Skirt,Sag Harbor,Skirt
10002566,0,15.99,0.0,,Sag HarborSweatshirt_Cr,Sag Harbor,Top
10005176,3,0.0,0.0,XL,SageHarbor Velvet BttnDwn Blk,Sage Harbor,Other
10009807,1,0.0,0.0,L,Sagp Pargo Black Skirt w Beading,Sago Pargo,Skirt
10007300,0,45.99,0.0,S,Saintart Army Green Satin Pants,Saintart,Jeans/Pants
10007009,1,0.0,0.0,,Sak 5th Ave Button Down Red,Saks 5Th Ave,Other
10005810,-1,21.99,0.0,,Saks shirt red,,Top
10006029,1,0.0,0.0,S,Saks BlkstudTop,Saks 5Th Ave,Other
10008083,0,34.42467,0.0,L,Saks WhiCreamDress,Saks 5Th Ave,Dress
10008317,1,0.0,0.0,,Saldirini GreenFlowerScarf,Saldirini,Accessories
10007077,1,0.0,0.0,8.5,Sam Edelman Laurs Lug Loafer,Sam Edelman,Shoes
10004395,0,39.99,0.0,8.5,SamEdelman Blk&GoldLoafer,Sam Edelman,Shoes
10008520,1,0.0,10.95,,Sami & Jo Green Sleeveless Top L,,Top
10008242,1,0.0,6.25,L,Sami & Jo Yellow SS Sequin Top,Sami & Jo,Top
10008440,1,0.0,5.75,M,Sanctuary Black Pants,,Jeans/Pants
10005008,0,69.99,0.0,8,Sanctuary NWT Black Mustard Jumpsuit,Sanctuary,Romper/Jumpsuit
10005684,1,0.0,0.0,10,Sanctuary Pants Black & Burgundy,,Jeans/Pants
10003552,1,0.0,0.0,XL,Sanctuary Pants Black Plaid,Sanctuary,Jeans/Pants
10007270,1,0.0,0.0,L,Sanctuary Pink Sleeveless Top,,Top
10004192,1,0.0,0.0,S,Sanctuary Red One Shoulder Top,Sanctuary,Top
10003495,1,0.0,0.0,M,Sanctuary Sweater Grey,Sanctuary,Sweater/Cardigan
10007322,1,0.0,0.0,28,Sanctuary Tan Shorts,Sanctuary,Shorts
10007426,1,0.0,0.0,M,Sanctuary White Pants,,Jeans/Pants
10005080,1,0.0,0.0,M,Sanctuary Multicolor Blouse,Sanctuary,Top
10005462,1,0.0,0.0,S,Sanctuary BlkCirccutoutTop,Sanctuary,Other
10005296,1,0.0,0.0,M,Sanctuary MustardBlouse,Sanctuary,Top
10002420,1,0.0,0.0,,SanctuaryLS Top_BP,Sanctuary,Top
10002574,1,0.0,0.0,,SanctuaryVest_Is,Sanctuary,Top
10007919,1,0.0,0.0,XL,Sandy & Sid Cold Shoulder Top Red Multi,Sid X Sandy,Top
10004632,1,0.0,0.0,6,Sangria Black Red White Dress,Sangria,Dress
10008209,1,0.0,6.0,,Sans Souci Black Gold Top S,,Top
10008748,1,0.0,5.5,,Santiki Black Leaf Dress M,,Dress
10007977,1,0.0,4.25,,Santiki Green Pants L,,Jeans/Pants
10007329,1,0.0,0.0,S,Sarah Kuenyefu Crop Jack,Sarah Kuenyefu,Other
10005405,1,0.0,0.0,9,Sas RedFlat,Sas,Shoes
10007674,0,16.99,0.0,9,Sashu Brown Shoes,,Shoes
10003910,0,27.99,0.0,L,Sasson Black Slip Dress,Sasson,Dress
10004417,1,0.0,0.0,20,SatinJacket Pink,Cato,Jacket/Coat
10005062,0,21.99,0.0,L,SavannaJane Floral Top Prpl,Savanna Jane,Top
10005927,1,0.0,0.0,L,Say What Black Tank Top w Detail,Say What,Top
10003755,1,0.0,0.0,14,Sayane Plaid Black & White Pants,Sayane,Jeans/Pants
10008324,0,14.99,0.0,L,Saywhat BlackCorset,Say What,Set
10007359,0,25.99,0.0,9.5,Schutz Black Woven Flats,Schutz,Shoes
10006256,0,32.99,0.0,M,Scotch and Soda Blue and Brown Striped Sweater,Scotch & Soda,Sweater/Cardigan
10006848,1,0.0,0.0,L,Scully white sundress,Scully,Dress
10004908,0,125.0,0.0,S,Scully Blk&BlueFringeJacket,Scully,Jacket/Coat
10006009,1,0.0,0.0,6,Sea Blk&WhifloralTop,Sea,Other
10008076,1,0.0,5.5,6,Seal of the Sutro Tan Leather Shoes,Seal of the Sutro San Francisco,Shoes
10003934,0,21.99,0.0,M,Sears Yellow Intimate Slip,Sears,Other
10006833,1,0.0,0.0,L,Seductive Wear black cami,Cinema Etoile,Top
10006364,0,32.99,0.0,L,SeeYouMon PnkAsymTubeTop,See You Monday,Top
10004036,1,0.0,0.0,,Select TTee Shirt_Ste,Select T,Top
10008282,1,0.0,6.25,XS,Self Contrast Pink Blouse,Self Contrast,Top
10008178,1,0.0,6.0,M,Self Esteem Pink Velvet SS Top,Self Esteem,Top
10005833,0,32.99,0.0,XL,Sensation Denim Dress,Sensation,Dress
10008273,1,0.0,6.25,,Serengeti Black Red Dress L,,Dress
10004761,1,24.99,0.0,M,Serengeti White Crochet Shirt,Serengeti,Top
10003351,1,0.0,0.0,7,Seven Dials White Boots 1,Seven Dials,Top
10006103,1,0.0,0.0,M,SevierSkirts WhiteSkirt,Sevier Skirts,Skirt
10007881,0,29.0,0.0,,Sezane Black White Pants S,,Jeans/Pants
10007884,1,0.0,6.25,M,Sezane Green Top,,Top
10004536,1,0.0,0.0,M,Shadowline Black Slip Dress,Shadowline,Dress
10003413,0,18.11051,0.0,M,Shadowline Slip Dress Black,Shadowline,Dress
10003410,1,0.0,0.0,M,Shadowline Slip Dress White,Shadowline,Dress
10008754,1,0.0,6.25,,Shannon Passero Faux Black Pants M,,Jeans/Pants
10008755,1,0.0,6.25,,Shannon Passero Faux Black Pants S,,Jeans/Pants
10008753,1,0.0,6.25,,Shannon Passero Faux Black Pants XS,,Jeans/Pants
10003879,1,0.0,0.0,2,Shapermint Black Tank Shapewear,Shapermint,Top
10007634,0,39.99,0.0,,Sharmark Black Gold Shawl,,Other
10004784,1,0.0,0.0,L,She & Sky Brown Pleather Skirt,She & Sky,Skirt
10006953,0,21.99,0.0,S,She & Sky White Crop Top,She & Sky,Top
10007470,0,27.99,0.0,XL,She's Cool Red Blue Strapless Dress,She's Cool,Dress
10006488,1,0.0,0.0,S,Sheer Cream Slip,Unknown,Other
10007779,1,0.0,0.0,XS,Sheer Dress Blk&Pnk,Zara,Dress
10005519,0,27.99,0.0,L,Sheer Orange Snakeskin LS,Unknown,Top
10004414,0,21.99,0.0,S,Sheer Maroon,The Limited,Other
10007335,1,0.0,0.0,S,Shein Furry Orange Jacket,Shein,Jacket/Coat
10006815,1,0.0,0.0,M,Shera Black SS Top,Shera,Top
10008572,1,0.0,20.0,2,SherriHill GemFeatherDress,Sherri Hill,Dress
10005466,1,0.0,0.0,2,SherriHill PinkGemFeatherDress,Sherri Hill,Dress
10009804,1,0.0,0.0,8,Shiloh Jeans w Stitching Blue Long,Shiloh,Jeans/Pants
10005824,0,38.99,0.0,,Shoreline Pink Purple Dress,Shoreline,Dress
10005972,1,0.0,0.0,7.5,Shyanne Brown Cowgirl Boots,Shyanne,Shoes
10008294,1,0.0,0.0,9,Shyanne FloralBoots,Shyanne,Shoes
10004721,0,24.99,0.0,XXXL,Sid & Sandy Peach Plaid LS,Sid X Sandy,Top
10003576,1,0.0,0.0,4,Side Stripe Green Trouser,Pure NWT,Jeans/Pants
10007923,1,0.0,0.0,M,Sienna Sky White SL Blouse w Flowers,Sienna Sky,Top
10006884,0,18.99,0.0,S,SiennaSky OraPinkFloralTop,Sienna Sky,Other
10008602,1,0.0,8.0,L,SiennaSky PinkRuffleTop,Sienna Sky,Other
10007442,0,12.99,0.0,L,Signals Mulit-Color Pants,,Jeans/Pants
10007429,1,0.0,0.0,XL,Signals Multi-Color Pants,,Jeans/Pants
10005498,1,0.0,0.0,8,Signature Pink & Orange Pattern Dress,Signature by Robbie Bee,Dress
10003854,0,33.99,0.0,2,Sigrid Khaki Pants Pink Stitch,Sigrid Olsen,Jeans/Pants
10007563,1,0.0,0.0,8,Sigrid Olsen Off White Pants,Sigrid Olsen,Jeans/Pants
10007514,1,0.0,0.0,8,Sigrid Olsen Red Pants,,Jeans/Pants
10000879,1,0.0,0.0,,Sigrid OlsenSweater_Mi,Sigrid Olsen,Sweater/Cardigan
10007749,1,0.0,0.0,12,SigridOlsen PinkFloralDress,Sigrid Olsen,Dress
10008628,1,0.0,4.0,,Silence & Noise Burgundy Top L,,Top
10007572,0,25.99,0.0,,Silence&Noise Multi-Color Tube Top S,,Top
10005011,1,0.0,0.0,XL,Silk & Salt Emerald Green Hoodie,Silk X Salt,Other
10003232,1,0.0,0.0,,Silve & Black Necklace,Unknown,Accessories
10003234,1,0.0,0.0,,Silver & Black Faux Pearl Necklace,Unknown,Accessories
10003244,1,0.0,0.0,,Silver & Copper Necklace,Unknown,Accessories
10007936,1,0.0,0.0,,Silver & Gold Hoop Necklace,Unknown,Accessories
10007935,1,0.0,0.0,,Silver Choker Necklace,Unknown,Accessories
10003714,0,12.99,0.0,,Silver Circlet Waistbelt,,Accessories
10007955,1,0.0,10.95,,Silver Decorative Necklace,,Accessories
10007483,0,59.99,0.0,M,Silver Dragon Green Blazer,,Jacket/Coat
10008803,1,0.0,7.75,7.5,Silver Flower Ring,,Accessories
10003719,1,0.0,0.0,,Silver Handbag,Xhilaration,Accessories
10003246,0,17.99,0.0,,Silver Metal Black Leather Bracelet,Unknown,Accessories
10006554,1,0.0,0.0,,Silver Metal Mini Purse,Unknown,Accessories
10005728,0,75.0,0.0,,Silver Metal Skull Ring Purse,Unknown,Accessories
10007197,0,75.0,0.0,,Silver Metal Skulls Ring Purse,,Top
10007348,1,0.0,0.0,,Silver Plated Braceket w Eye Shape,Unknown,Accessories
10006660,1,0.0,0.0,,Silver Scales Belt w Silver Bedazzled Buckle,Unknown,Accessories
10003962,0,39.99,0.0,M,Silver Sequin Sheer Dress,Unknown,Dress
10003274,1,0.0,0.0,,Silver and Black Long Lariat Necklace,Whbm,Accessories
10007891,0,55.0,0.0,,Silver bracelet silbver,Unknown,Accessories
10007953,0,21.99,0.0,,Silver necklace Lt Blue Stone,,Accessories
10008794,1,0.0,12.5,10,Silver ring w stones,,Accessories
10005835,-1,35.99,0.0,,Silver shirt,,Top
10007956,0,21.99,0.0,,Silver w Blue Accent Necklace,,Accessories
10008612,1,0.0,5.99,,Silver w stone Bracelet,,Accessories
10006123,0,24.99,0.0,,Silver&StoneBracelet,Unknown,Accessories
10008604,1,0.0,8.0,,SilverGemBracelet,Unknown,Accessories
10007383,0,12.99,0.0,,SilverGemNecklace,Unknown,Accessories
10008605,0,10.31659,0.0,,SilverGoldBracelet,Unknown,Accessories
10008383,0,18.99,0.0,S,Sim & Sam floral blouse,Sim & Sam,Top
10008662,1,0.0,3.0,,Simple Fun SS Top Brown L,,Top
10007534,0,29.99,0.0,,Simply Vera Grey Faux Vest XS,,Top
10007713,1,0.0,0.0,S,Simply Vera Soft Brown Knit Cardigan,Simply Vera,Sweater/Cardigan
10005438,1,0.0,0.0,XL,SimplyVera FauxFur Vest Grey,Simply Vera,Top
10004987,1,0.0,0.0,M,Sincerely Jules Blush Rose Sweater,Sincerely Jules,Sweater/Cardigan
10007906,0,21.99,0.0,L,Sincerely Jules NWT Jean Top,Sincerely Jules NWT,Jeans/Pants
10004953,0,15.99,0.0,S,Sincerely Jules Orange SL Crop Top,Sincerely Jules,Top
10008332,0,26.87902,0.0,XS,SincerelyJules GreenlaceDress,Sincerely Jules,Dress
10006872,0,27.99,0.0,M,SincerelyJules WhiCrewSweater,Sincerely Jules,Sweater/Cardigan
10007733,0,17.99,0.0,L,SincerelyJules WhiCropCoverHoodie,Sincerely Jules,Other
10007821,1,0.0,42.0,M,Single Floral Dress,,Dress
10005074,1,0.0,0.0,S,Sioni Cold Shoulder Tank Blk,Sioni,Top
10008710,1,0.0,6.25,,Sis Sis Pink LS Blouse M,,Top
10008577,1,0.0,8.0,M,Sisley GreyDress,Sisley,Dress
10006812,0,21.99,0.0,,Skies are Blue,Skies are Blue,Other
10002572,0,24.99,0.0,,Skims NWTSS Top_Ry,Skims NWT,Top
10004584,1,0.0,0.0,M,Skinnygirl Green Sleeveless,Skinnygirl,Top
10007170,-1,14.0,0.0,,Skirt,,Skirt
10007945,0,39.99,0.0,,Slate & Willow Multi-color Dress XS,,Dress
10008773,1,0.0,3.75,S,Sleevey Wonders White Lace LS,Sleevey Wonders,Top
10003417,0,16.64008,0.0,M,Slenderella Slip Dress Black,Slenderella,Dress
10008413,1,0.0,6.0,,Slinky Brand Blue Sheer Cardigan XL,,Sweater/Cardigan
10004552,0,12.99,0.0,,Small Leather Purse Long Strap Gold Lock,,Accessories
10003373,1,0.0,0.0,M,So Cozy Sweatshirt Pink,So Cozy,Top
10007142,0,15.99,0.0,S,Socialite White Cami Top,Socialite,Top
10004933,0,21.99,0.0,M,Soffe Blk&WhiStripeUTTop,Soffe,Other
10007091,0,22.99,0.0,,Sofft Elsa Blue Sandals Size,Sofft,Top
10005406,1,0.0,0.0,6,Sofft BllHeel,Sofft,Shoes
10007024,1,0.0,0.0,L,Soft Surroundings Pink SL Top,Soft Surroundings,Top
10004945,1,0.0,0.0,S,SoftSurr GreySweater,Soft Surroundings,Sweater/Cardigan
10003560,1,0.0,0.0,8,Softt Brown Boots 1,Softt,Shoes
10007688,1,0.0,0.0,M,Soho Apparel Red Pants Gold Buttons,Soho Apparel,Jeans/Pants
10006457,0,21.99,0.0,,Soho Girls Hot Pink Lace Back Top,Soho Girl's,Top
10004318,1,0.0,0.0,8.5,SoleSoc AshKneeHighBoots,Sole Society,Shoes
10008500,1,0.0,6.3,,Solitaire Floral Lace SS Top S,,Top
10008278,1,0.0,4.5,,Solitaire Red SS Blouse M,,Top
10006655,0,24.99,0.0,M,Solitaire white maxi skirt,Solitaire,Skirt
10006795,1,0.0,0.0,M,Solitaire CreamFloralPocketJacket,Solitaire,Jacket/Coat
10006828,1,0.0,0.0,M,Solitaire CreamFlowerPocketJack,Solitaire,Other
10007722,1,0.0,0.0,S,Solo Modo Yellow Dress,Solo Moda,Dress
10007758,1,0.0,0.0,S,Soma FlowerMartiniSlip,Soma,Other
10007411,1,0.0,0.0,,SomethingSpecial Newsboyhat,Something Special,Accessories
10007512,0,15.99,0.0,M,Sonoma Brown SS Top,,Top
10007934,0,15.99,0.0,,Sonoma RWB Woven Purse,Sonoma,Accessories
10002159,1,0.0,0.0,,SonomaTee Shirt_Ca,Sonoma,Top
10004613,0,13.99,0.0,S,Sophie Max Black Shortsleeve Dress,Sophie Max,Dress
10006698,0,22.99,0.0,XL,Southwest Burgundy Patterned Skirt,Southwest Indian Foundation,Skirt
10007016,1,0.0,0.0,S,Spanx Black Tank,Spanx,Top
10006984,1,0.0,0.0,S,Spanx White Jeans,Spanx,Jeans/Pants
10005334,1,0.0,0.0,1,Spanx GreyoneShoulderTop,Spanx,Other
10006444,1,0.0,0.0,L,Speechless Brown Orange SL Top,Speechless,Top
10005109,1,0.0,0.0,3,Speechless Yellow Floral Skirt,Speechless,Skirt
10004181,1,0.0,0.0,2,Speed Control Paisley Dress Black & White,Speed Control,Dress
10006592,1,0.0,0.0,S,Spense Earthy Floral SL Top,Spense,Top
10005116,1,0.0,0.0,S,Splendid Gray Plaid Flannel LS,Splendid,Top
10004126,1,0.0,0.0,S,Spyder Camo Leggings,Spyder,Jeans/Pants
10004131,1,0.0,0.0,S,Spyder LgtBl Athleisure Jckt,Spyder,Other
10007494,1,0.0,0.0,S,St John's Bay Green Tank Top,,Top
10008523,1,0.0,10.95,,St John's Bay Purple Tank M,,Top
10005567,1,0.0,0.0,L,St Johns Bay Beige Sweater w Buttons,St Johns Bay,Sweater/Cardigan
10005954,0,18.99,0.0,L,St Johns Bay Brown & White SS,St Johns Bay,Top
10004585,0,15.99,0.0,S,St Johns Bay Orange Butterfly Shortsleeve,St Johns Bay,Shorts
10006970,0,19.99,0.0,S,St Johns Bay White SS Top,St Johns Bay,Top
10000004,2,22.99,0.0,,St Johns BaySweater_Un,St Johns Bay,Sweater/Cardigan
10004726,1,0.0,0.0,XXL,St. John's Blue & Yellow line Plaid LS,St Johns Bay,Top
10004924,0,24.99,0.0,10,StJohnsB JeanSkort,St Johns Bay,Jeans/Pants
10006144,1,0.0,0.0,XL,StJohnsBay PnkBttnDwnShirt,St Johns Bay,Top
10006042,1,0.0,0.0,L,StJohnsBay SlvlessBttnDwn,St Johns Bay,Top
10006105,1,0.0,0.0,L,StJohnsBay TieShortSlveCardigan,St Johns Bay,Shorts
10006865,1,0.0,0.0,8,StJohnsBay WhiLongShorts,St Johns Bay,Shorts
10004309,1,0.0,0.0,M,Staccato RedLongsleeve,Staccato,Other
10005745,1,0.0,0.0,S,Stars Above Pink Satin Slip Dress,Stars Above,Dress
10007531,1,0.0,0.0,,Steel & Jelly LS Blouse Blue White L,,Top
10006729,0,29.99,0.0,,Stella & Dot Gold Circles Necklace,Stella & Dot,Accessories
10006732,0,25.99,0.0,,Stella & Dot Gold Dangle Necklace,Stella & Dot,Accessories
10007281,1,0.0,0.0,,Stella & Dot Pearl & Spike Bracelet,,Accessories
10006728,1,0.0,0.0,,Stella & Dot Pink Silver Bracelet,Stella & Dot,Accessories
10006734,1,0.0,0.0,,Stella & Dot Silver Bracelet,Stella & Dot,Accessories
10006731,1,0.0,0.0,,Stella & Dot Silver Chain Necklace,Stella & Dot,Accessories
10006730,0,25.99,0.0,,Stella & Dot Silver Stretch Bracelet,Stella & Dot,Accessories
10006733,1,0.0,0.0,,Stella & Dot Silver Stud Earrings,Stella & Dot,Accessories
10007346,-1,22.99,0.0,,Stella Dot Gold Multi Color Necklace,Stella & Dot,Accessories
10007338,0,35.99,0.0,,Stella Dot Rhinestone Necklace,Stella & Dot,Accessories
10007102,0,24.66803,0.0,,Stella Dot White Cabochon Pendant Necklace,Stella & Dot,Accessories
10007380,1,0.0,0.0,,StellaXDot GoldGemNecklaces,Stella & Dot,Accessories
10007382,0,85.99,0.0,,SterlingSilverTigersEyeRing,Unknown,Accessories
10008002,1,0.0,0.0,L,Stetson Plaid Colorful Hat,Stetson,Accessories
10008003,1,0.0,0.0,M,Stetson Plaid Colorful Hat,Stetson,Accessories
10007302,1,0.0,0.0,S,Steve M NWT Black LS Top Burgundy Rose,Steve Madden,Top
10007543,1,0.0,0.0,9.5,Steve Madden Beige Clogs,Steve Madden,Other
10003354,2,0.0,29.98,10,Steve Madden Brown Boots,Steve Madden,Shoes
10008796,1,0.0,10.0,,Steve Madden Paisley Dress,,Dress
10005938,0,19.99,0.0,L,Steve Madden Pink Floral LS Top,Steve Madden,Top
10007073,1,0.0,0.0,8.5,Steve Madden Rhinestone Sandals,Steve Madden,Top
10007896,1,0.0,6.3,,Steve Madden Snakeskin shoes 8,,Shoes
10004018,1,0.0,0.0,,Steve X BarryPants_Sx,Steve X Barry,Jeans/Pants
10004467,0,21.99,0.0,6.5,SteveM TanBuckleFlat,Steve Madden,Shoes
10004049,1,0.0,0.0,9.5,SteveMadden Org&Gld Pumps,Steve Madden,Shoes
10008665,1,0.0,7.0,,Steven by S Madden Studded Suede 7.5,,Other
10007231,1,0.0,0.0,M,Storia Brown Floral Dress,,Dress
10005217,1,0.0,0.0,XL,Storia Burnt Orange Stripe Wrap Dress,Storia,Dress
10007780,0,33.46817,0.0,S,Storia Muted Blush LS Dress,Storia,Dress
10004729,1,24.99,0.0,M,Stradivarius Pale Pink LS,Stradivarius,Top
10004442,1,0.0,0.0,10,Straight Leg Jean,Lucky Brand,Jeans/Pants
10004592,1,0.0,0.0,XXL,Stranded Pink & Black Shirt,Stranded,Top
10002010,1,0.0,0.0,,Street OneSkirt_Te,Street One,Skirt
10004509,1,0.0,0.0,L,StreetOne BlkWht PatternSkirt,Street One,Skirt
10008469,1,0.0,6.0,,Streetwear Society Blue Top S,,Top
10007675,1,0.0,0.0,9,Strictly Comfort Black Shoes,,Shoes
10007341,0,12.99,0.0,,String Gold Necklace,Unknown,Accessories
10004140,1,0.0,0.0,3,Striped Bkk&Wht Dress,Maurices,Dress
10003322,1,0.0,0.0,6,Stuart Weitzman Silver Loafers with Gold Accent 1,Stuart Weitzman,Shoes
10007529,1,0.0,0.0,8,Studio 1 Black Dress,,Dress
10008685,1,0.0,6.0,,Studio 1 Faux Suede Jacket 8,,Jacket/Coat
10005729,1,0.0,0.0,24,Studio 1940 Red Black Tank,Studio 1940,Top
10007593,1,0.0,0.0,10,Studio C Pink Blouse,,Top
10002176,1,0.0,0.0,,Studio CSS Top_Is,Studio C,Top
10007259,1,0.0,0.0,10,Studio Dress Brown,,Dress
10005704,1,0.0,0.0,M,Studio Y Black Tank Studs,Studio Y,Top
10007715,1,0.0,0.0,S,Studio Y Orange Wrap Top,Studio Y,Top
10004942,1,0.0,0.0,M,Studio19 Pink&WhiBlouse,Studio 19,Top
10004312,1,0.0,0.0,8,StudioEase BlackFloralDress,Studio Ease,Dress
10003853,1,0.0,0.0,S,Style Rack Mustard Yellow Skirt,Style Rack,Skirt
10008005,0,23.0,0.0,L,Style U Bright Pink Tube Top,Style U,Top
10008016,0,20.0,0.0,M,Style U White Tube Top,Style U,Top
10004430,1,0.0,0.0,XS,StyleStalkerStitchDressNWT Blue,Stylestalker,Dress
10006932,0,24.99,0.0,,Stylus WhilaceFlwrDressCover Size,Stylus,Dress
10004208,1,0.0,0.0,S,Sue P Blue Striped Sweater,Sue P Knits,Sweater/Cardigan
10007825,1,0.0,61.0,2,Sue Wong Dress,,Dress
10005042,0,84.99,0.0,M,Suede Fringe Coat,Unknown,Jacket/Coat
10007239,1,0.0,0.0,8,Suewong Mulit-Color Dress,,Dress
10003607,0,18.99,0.0,S,Sugar Moon Swe Beige Floral,Sugar Moon,Other
10003561,1,0.0,20.0,7,SugarTorch Boots Black 1,Sugar,Shoes
10007320,1,0.0,0.0,L,Sun & Shadow Tan Tank Top,Sun & Shadow,Top
10007286,1,0.0,0.0,L,Sundance Black Skirt,,Skirt
10007503,0,18.99,0.0,,Sunday in Brooklyn Blue White Top XS,,Top
10005786,1,0.0,0.0,S,SunnyLeigh BlkRuffleTop,Sunny Leigh,Other
10006936,1,0.0,0.0,XS,Sunnyleigh MulticolorTop,Sunny Leigh,Other
10004764,1,0.0,0.0,18,Supplies Army Green Capris w Tie String,Supplies,Accessories
10007450,1,0.0,0.0,S,Susan G Green Floral LS,Susan Graver,Top
10002748,1,0.0,0.0,,Susan GraverCardigan_Fe,Susan Graver,Sweater/Cardigan
10005924,1,0.0,0.0,L,Susan Lawence Brown LS Top Lace,Susan Lawrence,Top
10005452,1,0.0,0.0,XL,SusanG Pinkfloralblouse,Susan Graver,Top
10006845,1,0.0,0.0,S,Susana Monaco white dress,Susana Monaco,Dress
10005002,1,19.99,0.0,L,Susie Collection Black Bellsleeve,Susie Collection,Top
10007605,0,11.99,0.0,S,Suuksess Camisole Pink,,Top
10007539,1,0.0,0.0,XL,Suzanne Betro Grey Dress,,Dress
10005899,-1,22.99,0.0,,Sweater,,Sweater/Cardigan
10005985,0,15.99,0.0,XS,Sweaty Betty Pink Sweatshirt,Sweaty Betty,Top
10007443,1,0.0,0.0,XS,Sweet Pea Blouse,,Top
10008038,1,0.0,6.25,M,Sweet Pea Blue Grey Dress,,Dress
10008514,1,0.0,13.15,,Sweet Soul Y2K Baby Doll Top L,,Top
10007566,0,22.99,0.0,,Sweet Storm Multi-Color Dress M,,Dress
10004293,1,0.0,0.0,2,SweetMagnoliaNWT Camel Button-Down Dress,Sweet Magnolia,Dress
10005440,0,22.99,0.0,L,SweetPea Sheer Floral Top,Sweet Pea,Top
10004338,1,0.0,0.0,M,T & S Brownish Shacket,Thread & Supply,Other
10008041,1,0.0,6.25,,T Party Black Pants M,,Jeans/Pants
10006545,1,0.0,0.0,M,T Tahari Black Faux Leather Top,TTahari,Top
10004961,1,0.0,0.0,S,TA Colle VINTAGE Orange Floral Dress,TA Collection,Dress
10005403,0,24.99,0.0,S,TCR MulticolTankTop,The Collection Royal,Top
10006659,0,31.31197,0.0,S,TH Los Angeles Brown & Beige Dress,Thya Los Angeles,Dress
10005601,0,24.99,0.0,S,THML Black & Orange Blouse,Thml,Top
10003690,1,18.99,0.0,XS,THML Cream Sweater,Thml,Sweater/Cardigan
10006038,0,55.99,0.0,S,THML Blk&WhipatternTop,Thml,Other
10004335,1,0.0,0.0,S,TNF Burgundy Active Sweatshirt,The North Face,Top
10004122,1,0.0,0.0,L,TNF Gry Razorback,The North Face,Other
10004118,1,0.0,0.0,L,TNF Layered Top,The North Face,Top
10004146,1,0.0,0.0,L,TNF Pink Pullover,The North Face,Sweater/Cardigan
10004252,1,0.0,0.0,,TNF Pink ZipUp Jacket,The North Face,Jacket/Coat
10005338,1,0.0,0.0,L,TNF Pink&WhiTop,The North Face,Other
10006899,0,17.99,0.0,L,TNVolsTshirt,Unknown,Top
10005722,1,0.0,0.0,6,TRF Denim Skirt,TRF Denim Rules,Skirt
10007460,1,0.0,0.0,M,TU10 Black & White SS Floral Dress,Tu 10,Dress
10004493,1,0.0,0.0,,TaglioVivo BlackS.SoffiettoBag,Taglio Vivo,Accessories
10006570,0,18.99,0.0,L,Tahari Arthur Blue Green SL Top,Tahari Arthur S Levine,Top
10005928,0,24.99,0.0,S,Tahari Black SS Top w Pink Flowers,Tahari,Top
10005643,0,15.99,0.0,L,Tahari Purple Satin Top,Tahari,Top
10005259,0,23.99,0.0,S,Tahari Satin Gold SL Top Black Ruffle,Tahari,Top
10008634,0,0.0,0.0,M,Tahari Sleeveless Top,,Top
10007193,0,20.99,0.0,S,Tahari Tan Dress,,Dress
10008643,1,0.0,3.25,,Tahari White Tank Top M,,Top
10008554,0,22.99,0.0,L,Tahari MulticolTop,Tahari,Other
10008549,1,0.0,0.0,6,Tahari PrplGreenTop,Tahari,Other
10000066,0,25.99,0.0,,TahariSweater_Ga,Tahari,Sweater/Cardigan
10004153,1,0.0,0.0,M,Talbot Navy Crochet Long Sleeve NWT,RSVP by Talbots,Other
10007238,0,18.99,0.0,,Talbot's Green Hat,,Accessories
10008730,1,0.0,6.5,,Talbot's Navy Print Skirt 6,,Skirt
10003557,1,0.0,0.0,10,Talbot's Pants Cream,Talbot's,Jeans/Pants
10003556,1,0.0,0.0,10,Talbot's Skirt Black & White,Talbots,Skirt
10007717,0,21.99,0.0,2,Talbots Beige Floral Skirt,Talbots,Skirt
10007719,1,0.0,0.0,6,Talbots Beige Silk SS Top,Talbots,Top
10006590,1,0.0,0.0,12,Talbots Black & White Checkered Skirt,Talbots,Skirt
10004995,1,0.0,0.0,M,Talbots Black & White Flannel Button Down,Talbots,Other
10004228,1,0.0,0.0,16,Talbots Black LS Pink Floral Dress,Talbots,Dress
10005618,1,0.0,0.0,14,Talbots Black Tank,Talbots,Top
10007725,1,0.0,0.0,4,Talbots Black Tropical Pants,Talbots,Jeans/Pants
10005991,1,0.0,0.0,S,Talbots Blue & White Embroidered Top,Talbots,Top
10007034,1,0.0,0.0,10,Talbots Brown Floral Skrt,Talbots,Skirt
10007000,1,0.0,0.0,12,Talbots Brown Pants,Talbots,Jeans/Pants
10004103,1,0.0,0.0,S,"Talbots Checkered Button Down , Green",Talbots,Other
10006470,1,0.0,0.0,6,Talbots Colorful Flower Shorts,Talbots,Shorts
10003864,0,24.99,0.0,XL,Talbots Dark Blue Collared Sleeveless,T by Talbots,Top
10007729,1,0.0,0.0,6,Talbots Lavender & W Plaid Buttondown,Talbots,Other
10007723,0,21.99,0.0,4,Talbots Light Beige Floral Skirt,Talbots,Skirt
10004478,1,0.0,0.0,18,Talbots Maroon Slacks,Talbots,Other
10005243,1,0.0,0.0,M,Talbots Navy Polka Dot LS Top,Talbots,Top
10005990,1,0.0,0.0,S,Talbots Off White Sweater,Talbots,Sweater/Cardigan
10005686,1,0.0,0.0,12,Talbots Pants Pink,,Jeans/Pants
10006524,1,0.0,0.0,XL,Talbots Pink SS Blouse,Talbots,Top
10005214,1,0.0,0.0,S,Talbots Pink Sweater,Talbots,Sweater/Cardigan
10008457,1,0.0,13.0,,Talbots Pink Blue Pants 2,,Jeans/Pants
10005108,1,0.0,0.0,6,Talbots Red Brown Floral SL Top,Talbots,Top
10005001,1,0.0,0.0,M,Talbots Red Paisley QS Blue Tassel,Talbots,Top
10009800,1,0.0,0.0,18,Talbots Red White Blue Skirt,Talbots,Skirt
10006957,0,21.99,0.0,8,Talbots Silk SL Top,Talbots,Top
10007047,0,28.99,0.0,11,Talbots Tan Heels,Talbots,Top
10007711,0,14.99,0.0,6,Talbots White Button Up Top,Talbots,Top
10007730,0,24.99,0.0,4,Talbots Yellow Suit Set,Talbots,Set
10006844,1,0.0,0.0,,Talbots white palm tree dress 8p,Talbots,Dress
10005078,0,25.99,0.0,6,Talbots Scallop Pant Rd&Wht,Talbots,Jeans/Pants
10007311,1,0.0,0.0,,Talbots Brwn&YllwSunglasses,Talbots,Top
10006352,1,0.0,0.0,S,Talbots Grn&BlkTop,Talbots,Other
10004665,1,0.0,0.0,18,Talbots MultiColFloralSkirt,Talbot's,Skirt
10006941,1,0.0,0.0,12,Talbots MulticolFloralBttnDwn,Talbots,Other
10005767,1,0.0,0.0,12,Talbots OffWhiPant,Talbot's,Jeans/Pants
10006944,1,0.0,0.0,8,Talbots PinkGreenSkirt,Talbots,Skirt
10006862,1,0.0,0.0,14,Talbots WhiSleevlssTop,Talbots,Top
10006048,0,22.99,0.0,M,Talbots brwnbttnshirt,Talbots,Top
10001199,1,0.0,0.0,,TalbotsDress_Ev,Talbots,Dress
10002828,1,0.0,0.0,,TalbotsLS Tee Shirt_Ex,Talbots,Top
10000049,0,0.0,0.0,,TalbotsLS Top_Ba,Talbots,Top
10002174,0,22.99,0.0,,TalbotsLS Top_Hy,Talbots,Top
10004144,1,0.0,0.0,12,TalbotsNWT FauxLthr Skirt,Talbots,Skirt
10000221,3,0.0,0.0,,TalbotsPants_Pa,Talbots,Jeans/Pants
10004396,1,0.0,0.0,40,TallLacedBrownBoots,Unknown,Shoes
10006366,1,0.0,0.0,XS,TamaraH PinkTassleBlouse,Tamara H,Top
10003985,0,18.99,0.0,,Tan Purse,,Accessories
10003337,1,0.0,0.0,,Tan Vintage Floral Skirt,Unknown,Skirt
10005463,0,22.99,0.0,L,TanFloralPullOver,Unknown,Sweater/Cardigan
10004099,1,0.0,0.0,XL,TanJay BeadedSweaterVest Blk,Tan Jay,Sweater/Cardigan
10003492,1,0.0,0.0,L,Tangerine Light Athletic Jacket Purple,Tangerine,Jacket/Coat
10006246,1,0.0,0.0,XL,Tash & Sophie Dark Blue LS Dress,Tash & Sophie,Dress
10006531,1,0.0,0.0,XS,Taylor & S Beige Tank,Taylor & Sage,Top
10004134,1,0.0,0.0,L,Taylor Blk Spotted BttnDwn,Taylor Investments,Other
10006786,1,0.0,0.0,M,TaylorSwiftErasTshirt,Unknown,Top
10006852,1,0.0,0.0,M,Tecrew NWT white tank,Tecrew,Top
10004574,1,0.0,0.0,0,Ted Baker Bright Pink 3 4 Shirt,Ted Baker London,Top
10004075,1,0.0,0.0,,Ted Baker Dusty Rose Handbag,Ted Baker,Accessories
10002009,1,0.0,0.0,,Ted BakerSkirt_Re,Ted Baker,Skirt
10002318,1,0.0,0.0,,Tee FuryTee Shirt_SJ,Tee Fury,Top
10003478,1,0.0,0.0,S,Teenbell Cardigan Pink,Teenbell,Sweater/Cardigan
10007962,1,0.0,6.25,,Tempo Paris White Blue Pants L,,Jeans/Pants
10006468,0,11.99,0.0,XS,Tennessee Orange Gradient Tshirt,Unknown,Top
10007959,0,24.0,0.0,,Tennessee Orange Shawl,,Top
10003472,1,0.0,0.0,14,Terra & Sky Sweater Blue,Terra & Sky,Sweater/Cardigan
10007466,1,0.0,0.0,L,Tete Shiny Brass Spag Strap Dress,Tete a Tete,Dress
10006505,0,24.99,0.0,M,Texture & Thread Olive Green SL Top,Texture & Thread,Top
10004481,1,0.0,0.0,,Textured Terracotta Pull,Loveappella,Other
10004958,0,22.99,0.0,S,Tezenis Blue Brown Lace Pattern Tank,Tezenis,Top
10006908,0,26.99,0.0,13,ThadiaSoli DenimFlowerSkirt,Thadia Sodi,Skirt
10003056,1,0.0,0.0,,The Absolute Legging,The Absolute Legging,Jeans/Pants
10007786,0,24.99,0.0,2,The Limited Beige SL Dress,The Limited,Dress
10007033,1,0.0,0.0,M,The Limited Blk Top Sleeveless,,Top
10006396,1,0.0,0.0,,The Limited Colorful Braided Belt,The Limited,Accessories
10005019,0,29.99,0.0,XS,The Limited Dark Gray Dot Blazer,The Limited,Jacket/Coat
10006726,0,16.99,0.0,8,The Limited Floral Dress,The Limited,Dress
10005848,1,0.0,0.0,XS,The Limited Hot Pink Tank,The Limited,Top
10005584,0,18.0,0.0,XL,The Limited Off White Tank Blouse,The Limited,Top
10003481,1,0.0,0.0,6,The Limited Pants Olive Green,The Limited,Jeans/Pants
10004997,1,0.0,0.0,M,The Limited Peach Sprinkle Sweater,The Limited,Sweater/Cardigan
10008167,1,0.0,8.0,L,The Limited Pink SS Floral Top,The Limited,Top
10004847,1,0.0,0.0,M,The Limited Red Pattern Silky Tank,The Limited,Top
10007558,1,0.0,4.0,,The Limited Sleeveless Top Blue M,,Top
10007551,0,17.0,0.0,,The Limited Yellow Sleeveless XS,,Top
10002786,1,0.0,0.0,,The LimitedJacket,The Limited,Jacket/Coat
10008509,0,33.99,0.0,,The Normal Pants Yellow White L,,Jeans/Pants
10004844,1,0.0,0.0,L,The North Face Blue Hoodie,The North Face,Other
10005196,1,0.0,0.0,M,The North Face Blue Tshirt,The North Face,Top
10002883,0,11.99,0.0,,The Rolling StonesTee Shirt_Ch,The Rolling Stones,Top
10004556,1,0.0,0.0,,The Sak Black Fringe Purse Metal Hardware,The Sak,Accessories
10007446,0,19.99,0.0,,The Sak Green Satchel,,Other
10007108,0,22.99,0.0,,The Sak Hot Pink Bag,The Sak,Accessories
10006856,0,19.99,0.0,M,The territory ahead white dress shirt,The Territory Ahead,Dress
10006877,1,0.0,0.0,32,TheInnShop MulticolStripeShirt,The Inn Shop,Top
10005059,1,0.0,0.0,S,TheLimited Ruffle Blouse Prpl,The Limited,Top
10005287,0,21.99,0.0,M,TheLimited BlackLowbackTop,The Limited,Other
10005301,0,12.99,0.0,M,TheLimited OffWhiShirt,The Limited,Top
10004476,1,0.0,0.0,S,TheLimited Pink&WhButtonDown,The Limited,Other
10005768,1,0.0,0.0,S,TheLimited PnkMulticolTop,The Limited,Other
10007755,1,0.0,0.0,8,TheLimited PurpSequinSkirt,The Limited,Skirt
10005999,0,22.99,0.0,XS,TheLimited WhiCardigan,The Limited,Sweater/Cardigan
10003903,0,21.99,0.0,S,TheOutfit White Floral Top,The Outfit,Top
10003720,0,25.99,0.0,,TheSak Blk Deena Flap Bag,The Sak,Accessories
10008555,1,0.0,0.0,,TheSak BlkSilverStitchBag,The Sak,Accessories
10005997,0,45.99,0.0,,TheSak BrwnFloralBag,The Sak,Accessories
10003595,0,15.99,0.0,,TheSak Grn&BlueBag,The Sak,Accessories
10003824,1,0.0,0.0,8,Theory Blk&Grey Midi Dress,Theory,Dress
10007188,0,45.99,0.0,4,Theory Dress Black,,Dress
10007236,1,0.0,0.0,8,Theory Dress Grey,,Dress
10003821,1,0.0,0.0,2,Theory Patterned Pants,Theory,Jeans/Pants
10006764,1,0.0,0.0,,Think Tank Blk Wht Gry Prnt Dress Sz S,Think Tank,Dress
10003969,1,0.0,0.0,L,ThirtyThirty Floral Babydoll,Thirty Thirty,Other
10005330,0,22.99,0.0,S,ThrEightyTwo BlueBlouse,Three Eighty Two,Top
10007914,1,0.0,0.0,S,Thread & Supply Jean Skirt,Thread & Supply,Skirt
10007631,0,21.99,0.0,,Threads 91 Vols Windbreaker S,,Top
10004628,1,0.0,0.0,S,Through LA Blue & Orange Dress,Through Los Angeles,Dress
10006710,1,0.0,0.0,10,Tiana B Pink Multicolor Dress,Tiana B.,Dress
10008537,0,18.99,0.0,M,TicToc PinkWhiCorset,Tic Toc,Set
10004770,0,25.99,0.0,,Timeson NWT White Pink Floral QS,Timeson,Other
10005090,0,150.0,0.0,,Timmy Woods Tortoise Shell Purse,Timmy Woods,Accessories
10003688,0,32.99,0.0,L,Tina Stephens Green Knit,Tina Stephens,Sweater/Cardigan
10003960,1,0.0,0.0,XL,TipsyElves Blk Sequin Pant,Tipsy Elves NWT,Jeans/Pants
10004773,1,0.0,0.0,,Toby Keith Straw Hat,Toby Keith,Accessories
10006385,0,22.99,0.0,XS,Tommy Bahama Silver Belt,Tommy Bahama,Accessories
10003700,1,0.0,0.0,M,Tommy Bahama Checkered ButtonDown,Tommy Bahama,Other
10005596,1,0.0,0.0,S,Tommy H Black SL Blouse,Tommy Hilfiger,Top
10007175,1,0.0,0.0,10,Tommy Hil Black SL Lace Dress,Tommy Hilfiger,Dress
10003475,1,0.0,0.0,L,Tommy Hilfiger Cardigan Black,Tommy Hilfiger,Sweater/Cardigan
10008725,1,0.0,4.25,,Tommy Hilfiger Pink Top XL,,Top
10007117,1,0.0,0.0,12,Tommy Hilfiger White Shorts,Tommy Hilfiger,Shorts
10005152,1,0.0,0.0,M,Tommy Hilfiger Sweatshirt Pnk,Tommy Hilfiger,Top
10004324,0,22.99,0.0,2,TommyH BlkFloralDress,Tommy Hilfiger,Dress
10005400,1,0.0,0.0,L,TommyH RedStripeTshirt,Tommy Hilfiger,Top
10007636,1,0.0,0.0,9.5,Toms Red White Blue Heels,Toms,Top
10007478,1,0.0,0.0,L,Toni Morgan Blazer Red,,Jacket/Coat
10004565,0,10.0,0.0,,Tony Lama Leather Brown Stitch Belt,Tony Lama,Accessories
10005644,1,0.0,0.0,8,Topshop Black & White Dress,Topshop,Dress
10005303,1,0.0,0.0,4,Topshop Black Crop Top Ruffle,Topshop,Top
10005527,1,0.0,0.0,3,Torrid Black White Stitch Skirt,Torrid,Skirt
10006754,1,0.0,0.0,1,Torrid Brown & Orange Sheer Cami,Torrid,Top
10004579,1,0.0,0.0,00,Torrid Pink Velvet Sleeveless,Torrid,Top
10005448,1,0.0,0.0,XXL,Torrid Sheer Floral Cover,Torrid,Other
10007063,0,75.99,0.0,8,Tory Burch Brown Heels,Tory Burch,Top
10005853,0,59.99,0.0,,Tory Burch Pink Blue Small Purse,Tory Burch,Accessories
10007861,1,0.0,0.0,10,Tory Burch Yellow Colorful SL Dress,Tory Burch,Dress
10003762,1,0.0,0.0,L,Touche Gray BW Sweater,Touche,Sweater/Cardigan
10004555,0,25.99,0.0,,Town & Country VINTAGE Red Purse,Town & Country,Accessories
10007963,1,0.0,5.5,,TraVida Black White Dress XL,,Dress
10004193,1,0.0,0.0,,Traffic People Silver Animal Print Top,Traffic People,Top
10006420,0,26.99,0.0,1,Travelers FlowerMulticolShirt,Travelers,Top
10005022,1,0.0,0.0,S,Treasure Rock Gray Jewel Bodycon Dress,Treasure Rock,Dress
10005007,1,0.0,0.0,XS,Treasure Striped Dress SL,Treasure X Bond,Dress
10004073,0,39.99,0.0,7,Trench Italian Boot Blk,Trench,Jacket/Coat
10004069,1,0.0,0.0,8.5,Trendstep Ankle Boot,Trendstep,Shoes
10004927,0,22.99,0.0,14,Tribal BrownSkirt,Tribal,Skirt
10006665,0,22.99,0.0,S,Tribe Azure Purple Flowly Romper,Tribe Azure,Romper/Jumpsuit
10005439,0,28.99,0.0,S,TribeAzure Patchwork Pantsuit Dress,Tribe Azure,Dress
10003393,0,19.99,0.0,6,Trillium Slip Dress Black,Trillium,Dress
10007432,1,0.0,0.0,8,Trina Turk Black Shorts,,Shorts
10004580,2,0.0,0.0,S,Trina Turk Burgundy,Trina Turk NWT,Other
10005676,1,0.0,0.0,4,Trina Turk Dress Orange,,Dress
10007200,1,0.0,0.0,L,Trixxi Multi Color Dress,,Dress
10007743,0,27.99,0.0,M,Trixxi BlkPolkaDotDress,Trixxi,Dress
10005518,1,0.0,0.0,XL,Truth Multicolor Dress w Fun Sleeves,Truth,Dress
10007513,1,0.0,0.0,,Truth by Republic Sweatshirt Blue S,,Top
10002687,1,0.0,0.0,,TruthJacket_Na,Truth,Jacket/Coat
10005340,0,14.99,0.0,S,Tryst Blk&BlueTankTop,Tryst,Top
10007219,1,0.0,0.0,M,Tulle Pink Blue Black LS Dress,Tulle,Dress
10003287,1,0.0,0.0,,Tulle Zip Up Sweater,Tulle,Sweater/Cardigan
10007430,0,19.99,0.0,,Turks & Caicos White Cover Up Pants S,,Jeans/Pants
10007407,0,8.51674,0.0,,Turquoise Color Silver Ring,Unknown,Accessories
10006316,0,25.99,0.0,L,Turquoise Wrap Skirt,Good Yarn,Skirt
10008390,1,0.0,4.75,,Twenty One Multi-Color Top M,,Top
10003712,0,15.99,0.0,,Twine Braided Belt,Unknown,Accessories
10007989,1,0.0,0.0,L,Two Piece Black Satin Tank & Shorts,Unknown,Shorts
10004871,0,25.99,0.0,S,TwoPieceMultiColSequinSet,Unknown,Top
10006162,0,18.99,0.0,S,TwoPiecePinkSet,Unknown,Set
10003703,0,25.99,0.0,S,U.a. Fringe Top,U.A.,Top
10006003,1,0.0,0.0,M,UCB BlkBttnDown,United Colors of Benetton,Other
10005552,0,15.99,0.0,,UGG Neck Warmer,Ugg,Other
10005149,0,22.99,0.0,M,UJA Collar Shirt Grey,Uja,Top
10008614,1,0.0,5.75,14,US Polo Pink Pants,,Jeans/Pants
10006317,0,12.99,0.0,L,UT Shorts Orange,Champion,Shorts
10004898,0,12.99,0.0,M,UTKtshirt,Unknown,Top
10004570,1,0.0,0.0,L,Ultra P Black & Gold Longsleeve,Ultra Pink,Other
10005173,1,0.0,0.0,S,UltraFlirt Puff Sweater Pnk&Blk,Ultra Flirt,Sweater/Cardigan
10005290,0,21.99,0.0,S,UltraPink Blk&WhiTop,Ultra Pink,Other
10007864,1,0.0,0.0,L,Umgee Orange & Tan Romper,Umgee,Romper/Jumpsuit
10008246,1,0.0,4.0,,Umgee Purple SS Blouse M,,Top
10007581,1,0.0,0.0,12,Under Armor Blue Shorts,Under Armor,Shorts
10006507,0,16.99,0.0,,Under Armor Camo Baseball Hat,Under Armor,Accessories
10006286,1,0.0,0.0,M,Under Armor Gray Tshirt Red Stars,Under Armor,Top
10007425,1,0.0,0.0,XL,Under Armor Jacket Black,,Jacket/Coat
10004133,1,0.0,0.0,10,UnderArmour Blue Capris,Under Armor,Other
10005793,0,15.99,0.0,6,UniThread BlackOverall,Universal Thread,Other
10006755,0,32.99,0.0,L,Uniform Pink Green Silk SL Top,Uniform John Paul Richard,Top
10008677,1,0.0,6.5,,Unique Orange Sleeveless Top XL,,Top
10005545,1,0.0,0.0,L,United States Sweaters Beige SS Cardigan,United States Sweaters,Sweater/Cardigan
10002799,1,0.0,0.0,,United States SweatersSweater_R,United States Sweaters,Sweater/Cardigan
10004919,0,26.99,0.0,M,Unity RedMulticolDress,Unity World Wear,Dress
10008183,1,0.0,6.0,M,Universal T Orange Pink Halter Top,Universal Thread,Top
10008705,1,0.0,4.5,,Unknown Beige Black SS Sweater M,,Sweater/Cardigan
10003081,0,15.0,0.0,,Unknown Belt,Unknown,Accessories
10006811,0,18.99,0.0,XL,Unknown Blaack Sleeveless Top,Unknown,Top
10004176,1,0.0,0.0,,Unknown Black & Gold Metallic Top,Unknown,Top
10008432,1,0.0,4.75,,Unknown Black Butterfly Sheer Top XXL,,Top
10008479,1,0.0,8.5,,Unknown Black Dress W Sequin M,,Dress
10005794,1,0.0,0.0,8,Unknown Black Gown,Unknown,Dress
10008760,1,0.0,3.75,,Unknown Black Lace Top M,,Top
10008640,1,0.0,4.0,M,Unknown Black Pants,,Jeans/Pants
10008494,1,0.0,5.3,L,Unknown Black Skirt,,Skirt
10007592,0,17.99,0.0,M,Unknown Black Top,,Top
10008758,1,0.0,6.0,,Unknown Black White Dress S,,Dress
10007438,0,12.99,0.0,XL,Unknown Black White Dress,,Dress
10003458,1,0.0,0.0,S,Unknown Bodysuit Black,Unknown,Top
10003414,1,0.0,0.0,S,Unknown Camisole Beige,Unknown,Top
10003379,0,16.99,0.0,,Unknown Camisole Light Blue M,Unknown,Top
10003383,2,0.0,0.0,M,Unknown Camisole White,Unknown,Top
10007035,1,0.0,0.0,L,Unknown Chinese Trad Top,Unknown,Top
10008689,1,0.0,6.0,,Unknown Faux Suede Vest XXL,,Top
10005374,1,0.0,0.0,M,Unknown Floral Tank Top,Unknown,Top
10005371,1,24.99,0.0,S,Unknown Gray White Blk Marbled Top,Unknown,Top
10008395,0,22.99,0.0,6,Unknown Green Dress,,Dress
10003418,1,0.0,0.0,M,Unknown Grey Multi Color Dress,Unknown,Dress
10003532,1,0.0,0.0,L,Unknown Jacket Green,Unknown,Jacket/Coat
10006320,0,15.99,0.0,M,Unknown Knit Vest w Flowers,Unknown,Sweater/Cardigan
10007957,0,13.0,0.0,,Unknown Lt Grey LS Top M,,Top
10007240,1,0.0,0.0,L,Unknown Multi-Color Tank Top,,Top
10008693,1,0.0,7.0,,Unknown Orange Sweater M,,Sweater/Cardigan
10007964,1,0.0,4.0,,Unknown Pink Cardigan M,,Sweater/Cardigan
10008252,0,14.29794,0.0,,Unknown Purple SS Top M,,Top
10008757,1,0.0,8.75,,Unknown Purple Top S,,Top
10007027,1,0.0,0.0,M,Unknown Red Floral Crop Tank,Unknown,Top
10007405,1,0.0,0.0,,Unknown Red Rose Purse,Unknown,Accessories
10005247,0,15.99,0.0,S,Unknown Red Top,Unknown,Top
10003526,1,0.0,0.0,L,Unknown Skirt Black,Unknown,Skirt
10005826,1,0.0,0.0,M,Unknown Sleeveless Blue Floral Top,Unknown,Top
10003391,0,19.99,0.0,,Unknown Slip Dress Light Blue S,Unknown,Dress
10007093,0,7.99,0.0,,Unknown Tan Hat,Unknown,Accessories
10004647,0,24.99,0.0,M,Unknown Tan and Red Sheer Dress,Unknown,Dress
10008692,1,0.0,6.0,,Unknown Turquoise Coverall XL,,Other
10008028,1,0.0,14.0,M,Unknown Vintage Black Dress S,,Dress
10003376,1,0.0,0.0,L,Unknown White Camisole,Unknown,Top
10003375,0,14.99,0.0,M,Unknown White Camisole,Unknown,Top
10003419,0,17.99,0.0,M,Unknown White Camisole,Unknown,Top
10008431,1,0.0,5.0,M,Unknown White Sleeveless Top S,,Top
10003421,0,17.99,0.0,S,Unknown White Slip Dress,Unknown,Dress
10008646,1,0.0,4.0,,Unknown White Top XS,,Top
10008220,1,0.0,8.99,,Unknown Yellow Boho Dress L,,Dress
10006564,0,19.99,0.0,S,Urban Behavior Multicolor Sheer Tank,Urban Behavior,Top
10005845,0,22.99,0.0,M,Urban O Green Purple Sheer Tank,Urban Outfitters,Top
10007171,1,0.0,0.0,L,Urban Out Oranges Gray Skirt,Urban Outfitters,Skirt
10007912,1,0.0,0.0,XS,Urban Out Snakeskin Dress,Urban Outfitters,Dress
10004177,0,25.99,0.0,XS,Urban Outfitters Black Floral Dress,Urban Outfitters,Dress
10006277,1,0.0,0.0,XS,Urban Outfitters Black Floral Top,Urban Outfitters,Top
10005249,1,0.0,0.0,S,Urban Outfitters Bralette Light Blue,Urban Outfitters,Other
10003461,1,0.0,0.0,M,Urban Outfitters Dress Tan,Urban Outfitters,Dress
10005514,0,22.99,0.0,M,Urban Outfitters Multi Color SL Dress,Urban Outfitters,Dress
10007076,1,0.0,0.0,10,Urban Outfitters Tan Sandals,Urban Outfitters,Top
10008387,1,0.0,5.5,,Urban Outfitters White Top S,,Top
10007547,1,0.0,0.0,,Urban Outfitters Yellow Top M,,Top
10005198,0,12.99,0.0,L,Urban Romantics White Crop Top,Urban Romantics,Top
10006943,0,21.26156,0.0,S,UrbanOut MulticolSTripeShirt,Urban Outfitters,Top
10004511,0,14.99,0.0,L,UrbanOutfitters Grn Skirt,Urban Outfitters,Skirt
10005174,0,28.99,0.0,XS,UrbanOutfitters Butterfly Dress Brwn,Urban Outfitters,Dress
10003787,1,0.0,0.0,16,Uskees Jean Overalls,Uskees,Jeans/Pants
10005904,0,32.99,0.0,8,V Cristina Embroidered Jeans,V Cristina,Jeans/Pants
10004147,1,0.0,0.0,,V Fraas Pattern Scarf,V. Fraas,Accessories
10007637,0,25.99,0.0,8.5,V Italia Colorful Sandals,V Italia,Top
10006474,0,59.99,0.0,9,VINTAGE 2 Piece Bogart Brown Set,Bogart of Texas,Set
10005056,0,25.99,0.0,XL,VINTAGE 2 Piece Karin Brw Gr Polka Dot,Karin Stevens,Other
10005126,1,0.0,0.0,M,VINTAGE 2 Piece Set Black w Pink Flw,Premier International,Set
10006248,1,0.0,0.0,7,VINTAGE 70s Pants,,Jeans/Pants
10006578,0,150.0,0.0,,VINTAGE 90s Rafe Designer Handbag,Rafe Designer,Accessories
10005097,0,28.99,0.0,M,VINTAGE Beige Pink Floral LS Dress,Unknown,Dress
10004535,0,39.99,0.0,S,VINTAGE Beige Slip Dress Embr,,Dress
10006255,1,0.0,0.0,,VINTAGE Betsey Johnson Purse Floral,Betsey Johnson,Accessories
10005697,0,22.99,0.0,L,VINTAGE Black Blouse Gold Leaf,Unknown,Top
10007113,0,22.99,0.0,S,VINTAGE Black SL Dress with White Flowers,Unknown,Dress
10003908,0,39.99,0.0,M,VINTAGE Blk&Gld Night Slip,Unknown,Other
10005966,0,34.99,0.0,12,VINTAGE Blue Pattern LS Dress,Unknown,Dress
10007671,1,0.0,0.0,14,VINTAGE Blue SL Dress,Unknown,Dress
10004526,1,0.0,0.0,XL,VINTAGE Blue Sleeveless Flw,,Top
10006552,0,35.03531,0.0,,VINTAGE Brown Yellow Floral Umbrella,Unknown,Other
10008181,1,0.0,8.0,XS,VINTAGE Cheetah Underskirt,Unknown,Skirt
10008409,0,28.22547,0.0,L,VINTAGE City T Blue Floral Dress,City Triangles,Dress
10005854,0,145.99,0.0,,VINTAGE Coach Legacy Tote,Coach,Accessories
10003432,0,225.0,0.0,,VINTAGE Coach Pink Soho Flap Bag,Coach,Accessories
10006679,0,39.99,0.0,S,VINTAGE Collage Green Plaid Buttonup,Collage,Other
10004544,1,0.0,0.0,M,VINTAGE Cream Dress w Flowers,,Dress
10006449,0,49.99,0.0,S,VINTAGE Cream Pink Blue Sheer Dress,Unknown,Dress
10007324,0,32.20058,0.0,12,VINTAGE Depeche Blk PolkaDot Top,Depeche Mode,Top
10006688,0,64.99,0.0,XS,VINTAGE Duckhead Jean Striped Overalls,Duckhead,Jeans/Pants
10004545,1,0.0,0.0,,VINTAGE Elan Pink Chiffon Sleeveless ONE SIZE,Elan,Top
10006302,0,24.99,0.0,9,VINTAGE First Glance Red LS,First Glance,Top
10006274,0,45.99,0.0,12,VINTAGE Floral Orange Tan Shirt,Unknown,Top
10006458,0,59.99,0.0,XS,VINTAGE Green Jumpsuit,Unknown,Romper/Jumpsuit
10005053,0,15.99,0.0,,VINTAGE Hot Pink Beaded Purse,Unknown,Accessories
10006450,1,0.0,0.0,XL,VINTAGE Ilyssa M Pink Yellow LS Chain,Ilyssa Maxx,Top
10006514,0,39.99,0.0,11,VINTAGE JR Bazaar Black Colorful Skirt,JR Bazaar,Skirt
10005185,1,0.0,0.0,L,VINTAGE JaneAshley BttnDwn Pnk,Jane Ashley,Other
10006464,1,0.0,0.0,10,VINTAGE Lady Manh Black & W Paisley Top,Lady Manhattan,Top
10004080,0,18.99,0.0,L,VINTAGE Lady O Red Striped Shortsleeve,Lady O,Shorts
10002042,1,0.0,0.0,,VINTAGE LadyB Sequin Skirt,Lady Bxs,Skirt
10006454,0,39.99,0.0,M,VINTAGE Lily Pink LS Buttondown,Lily,Top
10004199,0,42.99,0.0,L,VINTAGE Luisa Spagnoli Top Blck,Louisa Spagnoli,Top
10006475,0,37.99,0.0,L,VINTAGE MJ Soffe TN Orange Crewneck,M.J. Soffe,Other
10006479,0,49.99,0.0,M,VINTAGE Magica Blue 2 Piece Set,Magica,Set
10004513,0,50.0,0.0,,VINTAGE MaryFrances Hndbg,Mary Frances,Other
10006289,0,25.99,0.0,M,VINTAGE Maverick Jean Blazer,Maverick,Jeans/Pants
10003819,1,0.0,0.0,M,VINTAGE Multicolor Skirt,Zapa,Skirt
10006447,1,0.0,0.0,11,VINTAGE Orange Multicolor LS,Unknown,Top
10004538,0,35.99,0.0,M,VINTAGE Paper Doll Pink Longsleeve Pattern,Paper Doll,Other
10006477,1,0.0,0.0,4,VINTAGE Peach & White Wrap Skirt,Unknown,Skirt
10007307,1,0.0,0.0,S,VINTAGE Pink Lilac LS Dress,Unknown,Dress
10005696,1,0.0,0.0,M,VINTAGE Reversible Black Blue Top,Unknown,Top
10006249,0,20.0,0.0,,VINTAGE Revlon Gold Compact 1960s,Revlon,Other
10006480,1,0.0,0.0,10,VINTAGE Rhoda Lee Blue Polka Dot Top,Rhoda Lee,Top
10007839,0,45.0,0.0,,VINTAGE Saks 5th Ave Makeup Compact,Saks 5Th Ave,Other
10003924,1,0.0,0.0,S,VINTAGE Satin Intimate Pant,Hydons,Jeans/Pants
10008180,1,0.0,8.0,S,VINTAGE Sheer Cheetah Print Skirt,Unknown,Skirt
10007471,0,74.99,0.0,S,VINTAGE Shiny Pink Green SS Dress,Unknown,Dress
10006490,1,0.0,0.0,S,VINTAGE Shirley Brown Owl T,Shirley Gadol,Other
10005051,0,32.99,0.0,,VINTAGE Stradivarius Leather Purse,Stradivarius,Accessories
10005129,0,15.99,0.0,M,VINTAGE Studio 1940 Satin Pink Buttondown,Studio 1940,Other
10006481,1,0.0,0.0,10,VINTAGE Tess Brown Satin LS Top,Tess,Top
10004197,1,0.0,0.0,XL,VINTAGE Unknown Top Bck Cream Purple,Unknown,Top
10006303,1,0.0,0.0,10,VINTAGE White Buttondown LS,Unknown,Top
10005723,0,35.99,0.0,M,VINTAGE White Sequin Skirt,Unknown,Skirt
10003980,0,32.99,0.0,,VINTAGE Yellow Dress Embrodiered,,Dress
10006695,1,0.0,0.0,XL,VINTAGE Yorkshire Knit Offwhite Sweater,Yorkshire Knitting,Sweater/Cardigan
10006471,0,32.99,0.0,M,VINTAGE Zayre Black & W Polka Dot Top,Zayre,Top
10003682,1,0.0,0.0,,VINTAGE coach daphne purse lg,Coach,Accessories
10003723,1,0.0,0.0,42,VINTAGE endear barbizon ngt gwn white,Barbizon,Other
10003743,0,22.99,0.0,S,VINTAGE unknown dress prp floral,Unknown,Dress
10003669,1,0.0,0.0,M,VINTAGE eng ldry skirt grn,English Laundry,Skirt
10003665,0,28.99,0.0,14,VINTAGE studioI blouse grn,studio I,Top
10008596,1,0.0,18.75,XS,VINTAGEShortSetCrmGrnPink,Unknown,Shorts
10008421,1,0.0,4.5,,VIP Jeans Khaki Pants M,,Jeans/Pants
10006913,1,0.0,0.0,L,VIPJeans FlowrPatchJeanSkirt,VIP Jeans,Skirt
10004562,0,27.99,0.0,XXS,VS Black Lingerie 2 Piece Sequin Set,Victoriaxs Secret,Set
10007832,1,0.0,0.0,M,VS Pale Pink Lace Romper,Victoriaxs Secret,Romper/Jumpsuit
10006753,1,0.0,0.0,M,VS Pink & Black Lace Lingerie Babydoll Top,Unknown,Top
10004542,1,0.0,0.0,M,VS Pink Slip,Victoriaxs Secret,Other
10007769,1,0.0,0.0,,Valentino Beige Purse with Gold Studs,Valentino,Accessories
10007761,1,0.0,0.0,,Valentino tan purse,Valentino,Accessories
10007882,1,0.0,14.0,,Valentino's Black White Pants S,,Jeans/Pants
10007898,1,0.0,4.25,,Vaneli Leopard Flats 8,,Shoes
10004869,0,22.99,0.0,25,VanillaStar BlackMiniSkirt,Vanilla Star,Skirt
10004569,1,0.0,0.0,XL,Vanity Burgundy Sleeveless Top Sequin,Vanity,Top
10003938,1,0.0,0.0,M,Vanity Fair Beige Slip,Vanity Fair,Other
10004149,1,0.0,0.0,L,Vanity Fair Beige Slip Dress,Vanity Fair,Dress
10007068,1,0.0,0.0,7.5,Vans Checkerboard Pink Shoes,,Shoes
10006395,0,25.99,0.0,,Vanzetti Brown Suede Studded Belt,Vanzetti,Accessories
10005849,0,24.99,0.0,14,Venezia Brown Tank,Venezia Jeans,Top
10007211,1,0.0,0.0,16,Venezia Jeans Gray,Venezia Jeans,Jeans/Pants
10004029,1,0.0,0.0,,Venezia JeansTee Shirt_Vnz,Venezia Jeans,Jeans/Pants
10007712,0,21.99,0.0,S,Venue Crochet SS Top Cardigan,Venue,Sweater/Cardigan
10008430,1,0.0,7.25,,Venus Pink Faux Leather Jacket M,,Jacket/Coat
10005137,1,0.0,0.0,,Vera Bradley Yellow Pattern Case,Vera Bradley,Other
10005138,1,0.0,0.0,,Vera Bradley Yellow Pattern Large Tote,Vera Bradley,Accessories
10003084,1,0.0,0.0,,Vera Pelle 1985 Belt_Ve,Vera Pelle,Accessories
10008425,1,0.0,6.0,,Vera Wang Black Stretch Pants 8,,Jeans/Pants
10003640,1,0.0,0.0,,VeraBradley MulticolorBag,Vera Bradley,Accessories
10005971,0,135.99,0.0,7.5,Vero Cuoio Metal Toe Boots,Vero Cuoio,Shoes
10002322,1,0.0,0.0,,Vero ModaLS Top_Pl,Vero Moda,Top
10005843,1,0.0,0.0,M,Veronicam Orange & Purple Dress,Veronicam,Dress
10007849,1,0.0,0.0,6,Versona Purple Pants,,Jeans/Pants
10004658,1,0.0,0.0,L,VerticeC BlkGemJacket,Vertice Couture,Jacket/Coat
10005641,0,44.77004,0.0,XS,Vertigo Black SL Top,Vertigo,Top
10002861,1,0.0,0.0,,VertigoSweater_Ur,Vertigo,Sweater/Cardigan
10003956,1,0.0,0.0,S,Verty Sequin Sleeveless Shirt NWT,Verty,Top
10006453,1,0.0,0.0,12,Verve Blues Pink Pants,Verve Blues,Jeans/Pants
10004475,1,0.0,0.0,25,Vervet PinkRustPant,Vervet,Jeans/Pants
10005573,1,0.0,0.0,L,Very J Orange SL Top,Very J,Top
10005638,1,0.0,0.0,S,Via S White Tank,Via Signoria,Top
10005229,1,0.0,0.0,XL,Via Signoria Sleeveless White Top Real,Via Signoria,Top
10006311,0,28.99,0.0,S,Vici Hot Pink LS Crop Top,Vici,Top
10006116,0,24.99,0.0,M,Vici Red&PnkFloralDress,Vici,Dress
10005468,1,0.0,0.0,S,VictorCosta BlueBlouse,Victor Costa,Top
10007118,1,0.0,0.0,S,Victoria & Sophia White SS Dress w Flowers,Victoria & Sophia,Dress
10007176,1,0.0,0.0,XL,Victoria Beckham Mint Green LS Dress,Victoria Beckham,Dress
10008504,1,0.0,6.3,,Victoria Secret Floral Lace Cami S,,Top
10003832,1,0.0,0.0,S,Victoria Secret Sweater,Victoriaxs Secret,Sweater/Cardigan
10007454,0,25.99,0.0,XL,Victoria Secret purple tanktop,Victoriaxs Secret,Top
10002352,1,0.0,0.0,,Victoria SecretCami,Victoriaxs Secret,Top
10006757,0,35.99,0.0,M,Victoria's S Black Corset Top,Victoriaxs Secret,Top
10004650,0,15.99,0.0,M,VictoriaS BlkcroppedTop,Victoriaxs Secret,Other
10002402,1,0.0,0.0,,Victorias Secret,Victoriaxs Secret,Other
10001200,0,18.99,0.0,,Victoriaxs SecretSlip_Ta,Victoriaxs Secret,Other
10007726,1,0.0,0.0,38,Victorious Jeans,Victorious,Jeans/Pants
10007371,1,0.0,0.0,,VinatageGoldTonedFilagreeChoker,,Other
10007863,1,0.0,0.0,7,Vince Black & Gold Leather Boots,Vince Camuto,Shoes
10007872,1,0.0,0.0,M,Vince Black Sheer LS,Vince,Top
10003791,1,0.0,0.0,6,Vince Black Skirt,Vince,Skirt
10004202,0,47.99,0.0,8,Vince C Black Jumpsuit,Vince Camuto,Romper/Jumpsuit
10005131,1,0.0,0.0,6,Vince C Green Off Shoulder Dress,Vince Camuto,Dress
10008174,1,0.0,6.0,S,Vince C Orange SL Top,Vince Camuto,Top
10005660,1,0.0,0.0,L,Vince C Red Sleevless,Vince Camuto,Top
10003353,1,0.0,24.99,M,Vince Camuto Black Boots,Vince Camuto,Shoes
10003558,1,0.0,12.99,7,Vince Camuto Boots Pink 1,Vince Camuto,Shoes
10007974,0,22.0,0.0,,Vince Camuto SS Top Pink L,,Top
10007619,1,0.0,0.0,12,Vince Camuto White Dress,,Dress
10005640,1,0.0,0.0,XS,Vince Multicolor SL Tank,Vince Camuto,Top
10004157,1,0.0,0.0,6.5,Vince Tan Heels,Vince Camuto,Top
10005902,-1,32.99,0.0,,Vince camuto,,Other
10004323,1,0.0,0.0,7,VinceCamuto Blk&RedBoots,Vince Camuto,Shoes
10007220,1,0.0,0.0,16,Vineyard Vines Blue SS Dress,Vineyard Vines,Dress
10006765,1,0.0,0.0,XXS,Vineyard Vines Pink Dress,Vineyard Vines,Dress
10004939,1,0.0,0.0,10,VineyardV PlaidBttndwn,Vineyard Vines,Other
10008492,1,0.0,5.4,,Vint 70's Reversible Maxi Skirt M,,Skirt
10007506,1,0.0,0.0,,Vint Carolina Colours Brown Top M,,Top
10008465,1,0.0,8.0,,Vint Gilligan&O'Malley Night M,,Other
10008483,1,0.0,8.5,,Vint Joan Curtis Red Dress 10,,Dress
10008615,1,0.0,16.5,,Vint Plenty Frock Beige Dress 2,,Dress
10008482,1,0.0,8.5,,Vint. 80's Pink Sequin Fringe Top M,,Top
10008484,1,0.0,7.99,,Vint. Morton Myles Pink Polka 6,,Other
10008462,1,0.0,13.0,,Vintage Alyn Paige Blue Dress 10,,Dress
10008128,1,0.0,9.0,,Vintage Berek Black Jacket S,,Jacket/Coat
10007485,1,0.0,0.0,L,Vintage Blue 1 4 Zip LS Top,,Top
10007540,1,0.0,0.0,,Vintage Brown Floral Dress M,,Dress
10008224,0,24.39201,0.0,,Vintage Carol Chase LS Blouse 10,,Top
10006772,0,75.99,0.0,,Vintage Club 515 Yellow Floral Dress Sz M,Club 515,Dress
10006497,1,0.0,300.28,,Vintage Coach Pink Suede Baguette,,Accessories
10007598,1,0.0,0.0,,Vintage Coach SoHo Pink Optic,,Other
10008531,1,0.0,0.0,,Vintage Dorset Compact Mirror,Dorset,Set
10008529,1,0.0,0.0,,Vintage Gold Floral Compact Mirror,Unknown,Other
10007275,0,24.99,0.0,4,Vintage Goth Dress,,Dress
10004173,0,130.0,0.0,M,Vintage Graphic Tunic Black,Miss Sixty,Other
10007184,0,49.99,0.0,S,Vintage Grey Vest,,Top
10008447,1,0.0,16.99,,Vintage Hem&Thread White Skirt S,,Skirt
10008231,1,0.0,8.0,,Vintage Impressions of Cal. Pink Top 12,,Top
10008739,1,0.0,16.25,,Vintage Italy Diffusion24 Gold S,,Other
10006495,0,74.99,0.0,,Vintage Lamp Black & Brown,,Other
10008522,1,0.0,21.9,,Vintage Lauren Rogers Satin Cami S,,Top
10007164,1,0.0,0.0,S,Vintage Levi's Yellow Pants,,Jeans/Pants
10006773,0,65.99,0.0,M,Vintage Light Blue Lace Dress,Unknown,Dress
10008532,1,0.0,0.0,,Vintage Makeup Compact,Unknown,Other
10007096,0,0.0,0.0,,Vintage Marino Orlandi Italian Leather Bag AS IS,Marino Orlandi,Accessories
10006498,1,0.0,0.0,XS,Vintage Mitcom Porsche Jacket,,Jacket/Coat
10008800,1,0.0,25.0,L,Vintage Mod Floral Dress,,Dress
10007230,1,0.0,0.0,L,Vintage Multi-Color Dress,,Dress
10008476,1,0.0,8.0,L,Vintage Pink Babydoll Nightgown M,,Dress
10006770,1,0.0,0.0,XS,Vintage Pink Dress,Unknown,Dress
10007345,1,0.0,0.0,,Vintage Pink Enamel Bangle Gold,Unknown,Other
10007879,1,0.0,16.5,,Vintage Polka Dot Dress S,,Dress
10007409,1,0.0,0.0,,Vintage Red Flower Ring,Unknown,Accessories
10007410,1,0.0,0.0,,Vintage Sarah Coventry Ring,Sarah Coventry,Accessories
10006777,1,0.0,0.0,S,Vintage Striped Overalls,Unknown,Top
10006771,0,85.99,0.0,14,Vintage Sunflower Dress,Unknown,Dress
10008060,1,0.0,7.25,M,Vintage Tea Towel Adjustable Skirt,Unknown,Skirt
10007586,1,0.0,68.67,,Vintage Thai Pierced Filigree Metal Purse,,Accessories
10006273,0,343.91304,0.0,,Vintage Y2K Baby Pink Coach Soho Shoulder Bag,Coach,Accessories
10006146,1,0.0,0.0,M,Vintage FloralBttnDwn,Unknown,Other
10006153,0,31.99,0.0,,Vintage1978AvonShimmeringSands,Avon,Accessories
10008047,1,0.0,0.0,S,Vintage40sTanSweater,Unknown,Sweater/Cardigan
10008607,1,0.0,8.0,,Vintage70sSnakeChainBracelet,Unknown,Top
10008599,1,0.0,13.75,XS,Vintage7Mad BlkWhiPantsuit,7 Madison,Jeans/Pants
10004479,1,0.0,0.0,S,VintageA PlumFloralBlouse,Vintage America,Top
10008061,0,62.34749,0.0,,VintageAW Red&BrwnPurse,American West,Accessories
10006126,1,0.0,0.0,S,VintageAileen WhiZipSweater,Aileen,Sweater/Cardigan
10008791,1,0.0,8.0,,VintageAvonNecklace,Avon,Accessories
10008606,1,0.0,8.0,,VintageBlGrGemNecklace,Unknown,Accessories
10008049,1,0.0,0.0,S,VintageBlackPantStripe,Unknown,Jeans/Pants
10008074,1,0.0,0.0,M,VintageBlueBttnDwnTop,Unknown,Other
10008055,1,0.0,0.0,8,VintageClarks BlackLoafr,Clarks,Other
10008782,1,0.0,8.0,,VintageCoachPurse Brwn,Coach,Accessories
10004855,0,22.99,0.0,XL,VintageCrossR RedStripedShirt,CrossRoads,Top
10008058,1,0.0,0.0,S,VintageDesignHouse DottedDress,Design House,Dress
10008608,1,0.0,8.0,,VintageFlowerBangle,Unknown,Other
10007375,0,18.99,0.0,,VintageFlowerNecklace,Unknown,Accessories
10005284,1,0.0,0.0,L,VintageFredR MulticolTieTop,Fred Rothschild,Other
10008364,1,0.0,0.0,M,VintageFredericks PinkBeadTop,Fredericks of Hollywood,Other
10008051,1,0.0,0.0,S,VintageGayGibson BlueSuitSET,Gay Gibson,Set
10007384,1,0.0,0.0,,VintageGemGoldRing,Unknown,Accessories
10008597,1,0.0,10.0,M,VintageGennisknit OrTennisDress,Gennisknit,Dress
10008057,1,0.0,0.0,40,VintageGreenJacket,Unknown,Jacket/Coat
10004659,0,65.0,0.0,S,VintageGrn&PinkDress,Unknown,Dress
10008598,1,0.0,4.75,8,VintageImpressions TaupeBlkBlouse,Impressions,Top
10008050,0,73.19555,0.0,S,VintageIsabel BlueFlowrSwtr,Isabel of Saks Fifth Avenue,Sweater/Cardigan
10006002,0,32.99,0.0,40,VintageKingsRoad GrnBttnDwn,Kings Road,Other
10006147,1,0.0,0.0,,VintageLapisRing,Unknown,Accessories
10006125,1,0.0,0.0,34,VintageLileenP WhiPurpRedBttnDwn,Lileen Pennington,Other
10007386,1,0.0,0.0,,VintageLuciteNecklace,Unknown,Accessories
10008054,1,0.0,0.0,7,VintageMiramonte WhiteHeels,Miramonte,Top
10008059,1,0.0,0.0,38,VintageMissHolly WhiBttnDwn,Miss Holly,Top
10006096,0,28.99,0.0,M,VintageNaniFlwrChemise,Unknown,Other
10008056,1,0.0,0.0,S,VintageOrlon PinkSweatr,Orlon,Other
10008546,0,75.99,0.0,6,VintagePamelaF RedStitchSkirt,Pamela Ferrari,Skirt
10008048,1,0.0,0.0,10,VintagePatchDress,Unknown,Dress
10006132,1,0.0,0.0,M,VintagePattys CrmLaceBlouse,Pattys of Texas,Top
10007387,1,0.0,0.0,,VintagePilomaPicassoBrwnLeathrBag,Paloma Picasso,Top
10008052,1,0.0,0.0,S,VintagePinkFlowerDress,Unknown,Dress
10004661,1,0.0,0.0,S,VintagePrp-MulticolDress,Unknown,Dress
10008561,1,0.0,8.0,M,VintageRebekah BlkLcaeTop,Rebekah,Other
10007886,0,35.99,0.0,40,VintageRedLeatherDress,Unknown,Dress
10006909,0,29.99,0.0,6,VintageRustler Jeanshort,Rustler,Shorts
10004667,0,32.99,0.0,L,VintageSO PinkBttnDwnTop,So,Other
10006148,0,18.99,0.0,,VintageSarahCovNecklace,Sarah Coventry,Accessories
10006137,0,35.99,0.0,,VintageSarahCoventry GoldSToneBracelet,Sarah Coventry,Accessories
10006127,0,18.99,0.0,8,VintageSears WhiRuffleBtnDwn,Sears,Other
10007379,1,0.0,0.0,,VintageSilverPlatedSwirlNecklaces,Unknown,Accessories
10005769,1,0.0,0.0,S,VintageSimplyStyled BlueTop,Simply Styled,Other
10006167,1,0.0,0.0,S,VintageVanityFair AniPrintmeshSkirt,Vanity Fair,Skirt
10004664,1,0.0,0.0,M,VintageVictoriaS PinkSlip,Victoriaxs Secret,Other
10008600,1,0.0,6.5,S,VintageWhiBlkBlouse,Unknown,Top
10006131,0,32.99,0.0,S,VintageWhiPant,Unknown,Jeans/Pants
10006152,0,10.99,0.0,,VintageYellowenamel,Unknown,Other
10006601,1,0.0,0.0,L,Violet & Claire Pink SL Top,Violet X Claire,Top
10005611,1,0.0,0.0,XL,Violet & Claire Red SL Tank,Violet X Claire,Top
10000255,1,0.0,0.0,,Violet X ClaireLS Top_Wh,Violet X Claire,Top
10006049,1,0.0,0.0,L,VioletxC Blkdottedbttndwn,Violet X Claire,Other
10007061,1,0.0,0.0,9,Vionic Pink Sandals,Vionic,Top
10007679,0,23.99,0.0,S,Voila Black SL Jumpsuit,Voila,Romper/Jumpsuit
10006750,0,35.99,0.0,L,Vol. 1 Pink Brown Floral Blouse,Vol. 1,Top
10006615,0,29.99,0.0,,Von Dutch Pink & Brown Hat,Von Dutch,Accessories
10006744,1,0.0,0.0,,Von Dutch Pink Velvet Cap,Von Dutch,Other
10006526,1,0.0,0.0,L,Voy Black Puff Sleeves Top,Voy,Top
10007686,1,0.0,0.0,M,W5 Red LS Chiffon Top,W5,Top
10005546,1,0.0,0.0,M,WHBM Beige Long Cardigan,White House Black Market,Sweater/Cardigan
10005940,1,0.0,0.0,M,WHBM Black & Gray Cardigan,White House Black Market,Sweater/Cardigan
10005592,1,0.0,0.0,S,WHBM Black & White Blouse SS,White House Black Market,Top
10007569,1,0.0,0.0,,WHBM Black Cardigan XS,,Sweater/Cardigan
10006566,1,0.0,0.0,M,WHBM Black Crop Top,White House Black Market,Top
10008696,1,0.0,8.0,14,WHBM Black Dress,,Dress
10008673,1,0.0,8.0,8,WHBM Black Dress,,Dress
10007522,1,0.0,0.0,XS,WHBM Black Fur Jacket,,Jacket/Coat
10004983,1,0.0,0.0,XL,WHBM Black Ruffle SL Tie Neck,White House Black Market,Other
10007298,1,0.0,0.0,10,WHBM Black Sequin Pants,White House Black Market,Jeans/Pants
10005693,1,0.0,0.0,4,WHBM Black Skinny Pants,White House Black Market,Jeans/Pants
10004195,1,0.0,0.0,,WHBM Black Studded Skirt,Whbm,Skirt
10006452,1,0.0,0.0,XS,WHBM Black Top White Embroidery,White House Black Market,Top
10003859,1,0.0,0.0,8,WHBM Black Zipper Skinny Jeans NWT,White House Black Market,Jeans/Pants
10006547,1,0.0,0.0,S,WHBM Blue Ruffle Tank,White House Black Market,Top
10007854,1,0.0,0.0,M,WHBM Blue SL Dress,White House Black Market,Dress
10005620,1,0.0,0.0,M,WHBM Brown Zebra SL Top,White House Black Market,Top
10008188,0,22.99,0.0,S,WHBM Burgundy Design SL Top,White House Black Market,Top
10005251,0,28.99,0.0,4,WHBM Burgundy Velvet Pants,White House Black Market,Jeans/Pants
10007140,0,25.99,0.0,6,WHBM Corset Black Floral,Whbm,Set
10008232,0,33.99,0.0,,WHBM Cream Boho Bustier M,,Other
10003812,1,0.0,0.0,L,WHBM Demin Legging,Whbm,Jeans/Pants
10007137,1,0.0,0.0,4,WHBM Denim Shorts,Whbm,Shorts
10006314,1,0.0,0.0,M,WHBM Floral Bodysuit Maroon,White House Black Market,Top
10003856,1,0.0,0.0,M,WHBM Fuzzy Cardigan,White House Black Market,Sweater/Cardigan
10007614,1,0.0,0.0,,WHBM Gina Suede Flower Bootie 10,,Shoes
10005023,1,0.0,0.0,2,WHBM Gold & Black Polka Dot LS,White House Black Market,Top
10008265,1,0.0,6.0,,WHBM Green SS Top XXS,,Top
10007490,1,0.0,0.0,M,WHBM Grey Sleeveless Shirt,,Top
10004026,1,0.0,0.0,,WHBM Jeans,White House Black Market,Jeans/Pants
10005496,1,0.0,0.0,S,WHBM Maroon LS Dress,White House Black Market,Dress
10008168,1,0.0,8.0,12,WHBM Red Black Floral Tube Top,White House Black Market,Top
10005976,1,0.0,0.0,L,WHBM Red Purple LS,White House Black Market,Top
10006606,1,0.0,0.0,S,WHBM Rose LS Top,White House Black Market,Top
10006719,0,25.99,0.0,M,WHBM Shiny Zebra Print Shirt,White House Black Market,Top
10006528,1,0.0,0.0,S,WHBM Silver Shiny Halter Top,White House Black Market,Top
10007143,0,18.99,0.0,6,WHBM White Dress,Whbm,Dress
10008429,1,0.0,9.0,4,WHBM White Jean Jacket,,Jeans/Pants
10006952,1,0.0,0.0,0,WHBM White Pattern Shorts,,Shorts
10005049,0,24.99,0.0,M,WHBM Polka Top Bl&Blk,White House Black Market,Top
10005032,0,18.99,0.0,S,WHBM Ruched Blouse Prpl,White House Black Market,Top
10005044,0,16.99,0.0,S,WHBM Slvlss Trtlnck Bl&Blk,White House Black Market,Top
10004606,1,0.0,0.0,10,WHBM BlackDress,White House Black Market,Dress
10006050,0,22.99,0.0,M,WHBM Blk&whiKnit,White House Black Market,Sweater/Cardigan
10004381,1,0.0,0.0,XXS,WHBM BlkSleevelessBlouse,Whbm,Top
10007888,1,0.0,0.0,12,WHBM BlkWhiShort,White House Black Market,Shorts
10006157,0,22.99,0.0,L,WHBM BlkcinchTop,White House Black Market,Other
10003646,1,0.0,0.0,4,WHBM BurntredPant,White House Black Market,Jeans/Pants
10006416,1,0.0,0.0,M,WHBM PinkFloralBlouse,White House Black Market,Top
10006864,1,0.0,0.0,8,WHBM WhitezippocketShorts,White House Black Market,Shorts
10003970,1,0.0,0.0,L,WHBMNWT Blk Beaded Top,White House Black Market,Top
10006149,0,12.99,0.0,,WHBMSilverBracelet,White House Black Market,Accessories
10006907,1,0.0,0.0,11,WIDI MulticolPlaidShorts,Wear it Declare it,Shorts
10006388,0,18.99,0.0,2,WW Black Snakeskin Belt,Ww,Accessories
10003805,1,0.0,0.0,6,WW Gray Jeans,Wit X Wisdom,Jeans/Pants
10006155,0,23.99,0.0,M,WWDDDollyTshirt,Unknown,Top
10004453,1,0.0,0.0,L,WWW MustardBrwnBlouse,Who What Wear,Top
10003645,1,0.0,0.0,6,WY BrwnFloralJacket,Wy,Jacket/Coat
10008053,1,0.0,0.0,10,WaldenClassics MulticolDress,Walden Classics,Dress
10003835,0,23.99,0.0,S,WallFlower LightWash Jacket,Wallflower Vintage Collection,Jacket/Coat
10002744,0,15.99,0.0,M,Wallflower Vintage Collection swtr bei blk,Wallflower Vintage Collection,Sweater/Cardigan
10007862,1,0.0,0.0,12,Wallis Black Butterfly Dress,Wallis,Dress
10007138,1,0.0,0.0,L,Wax Jeans LA Denim Mini Skirt,Wax Jean,Skirt
10002972,1,0.0,0.0,,WayeDress_Wx,Waye,Dress
10005402,1,0.0,0.0,M,Wayf Blk&GrnFloralTop,Wayf,Other
10004963,1,0.0,0.0,24,We The Free Jean Skirt Zipper,We The Free,Skirt
10003484,1,0.0,0.0,XS,We The Free Sweatshirt Grey,We The Free,Top
10008630,1,0.0,4.0,,Wearever Beige Bodysuit M,,Top
10005968,1,0.0,0.0,L,Wearing Your Heart Pink Sweater,Wearing Your Own Heart On Your Sleeve,Sweater/Cardigan
10002604,1,0.0,0.0,,Weerawat VintageSkirt_Ev,Weerawat Vintage,Skirt
10008396,1,0.0,5.5,,Well Worn Burgundy Pants 6,,Jeans/Pants
10008073,1,0.0,0.0,S,Wendy GreenSweatrDress,Wendy,Dress
10007107,0,35.99,0.0,L,West 36th Denim Skirt Brown,West 36th,Skirt
10008690,1,0.0,6.0,,West Kei Green SS Top L,,Top
10007792,0,16.99,0.0,,Westbound White Knit Poncho One Size,Westbound,Sweater/Cardigan
10003797,1,0.0,0.0,,Western Fashions Plaid Long Sleeve,Western Fashions,Other
10006939,1,0.0,0.0,L,WetSeal GrnZipup,Wet Seal,Other
10004504,0,21.99,0.0,4,WhBmNWT Multicolor Skirt,White House Black Market,Skirt
10007748,1,0.0,0.0,XL,WhatsHot MulticolPolkaDotDress,Whats Hot,Dress
10008065,1,0.0,0.0,S,Whi&BrwnSET,Unknown,Set
10006090,1,0.0,0.0,M,Whi&PurpBttnDwn,Unknown,Other
10005782,1,0.0,0.0,S,WhiXbrwnTop,Unknown,Other
10005575,1,0.0,0.0,S,Whispers Pink Slip,Whispers,Other
10007995,0,22.22844,0.0,,White & Clear Stone Necklace,,Accessories
10006397,1,0.0,0.0,,White Braided Belt,Unknown,Accessories
10005084,0,13.99,0.0,M,White Crow Knot Back RdOrng,White Crow,Other
10005847,0,15.99,0.0,S,White Embroidered Tank w Tassel,Unknown,Top
10004088,1,0.0,0.0,L,White Feather Dress,,Dress
10003990,0,8.99,0.0,,White Flower Ring 1,,Accessories
10003991,0,8.99,0.0,,White Flower Ring 2,,Accessories
10004254,1,0.0,0.0,4,White Frayed-Hem Jeans,Abercrombie & Fitch,Jeans/Pants
10008801,1,0.0,7.75,L,White Fringe Skirt,,Skirt
10002606,1,0.0,0.0,,White House Black Market Blazer,White House Black Market,Jacket/Coat
10007182,1,0.0,0.0,XS,White House Black Market Burgundy Blouse,,Top
10003543,1,0.0,0.0,4,White House Black Market Pants Black,White House Black Market,Jeans/Pants
10003455,0,31.99,0.0,4,White House Black Market Skirt Black,White House Black Market,Skirt
10000087,1,0.0,0.0,,White House Black MarketLS Top_Q,White House Black Market,Top
10001467,0,0.0,0.0,,White House Black MarketSkirt_J,White House Black Market,Skirt
10000072,1,0.0,0.0,,White House Black MarketSweater_Co,White House Black Market,Sweater/Cardigan
10005039,0,18.99,0.0,L,White Jean Mini w Metal Button,Unknown,Jeans/Pants
10005258,1,0.0,0.0,S,White LS Floral Collared Top,Unknown,Top
10006969,1,0.0,0.0,S,White LS Seethrough Buttonup,Unknown,Top
10007829,1,0.0,85.5,M,White LS Top,,Top
10005625,1,0.0,0.0,XXL,White Mark Orange Multi Color Sheer Top,White Mark,Top
10007065,0,18.99,0.0,9,White Mountain Slip on Sandals Gold,White Mountain,Top
10004240,1,0.0,0.0,XL,White Multi-Color Sweater,Aldomartins,Sweater/Cardigan
10006565,0,15.99,0.0,M,White Multicolor Embroidered Top,Unknown,Top
10006958,1,0.0,0.0,XS,White Ruffle Skirt,Unknown,Skirt
10006965,0,14.99,0.0,M,White SL Ruffle Neck Top,Unknown,Top
10008776,1,0.0,5.5,L,White Sheer LS Crop Top Rucched,Unknown,Top
10008704,1,0.0,4.5,,White Stag Black Sleeveless Top L,,Top
10005028,1,0.0,0.0,M,White Stag Lace Blouse Multicolor,White Stag,Top
10004304,1,0.0,0.0,M,White Stag VINTAGE Blue Flower SL,White Stag,Other
10001101,1,0.0,0.0,,White Tee Kiss,American Apparel,Top
10003926,1,0.0,0.0,L,White Tulle Slip,Unknown,Other
10007905,1,0.0,0.0,,White Woven Purse,Unknown,Accessories
10006922,0,22.99,0.0,S,WhiteLaceSkort,Unknown,Other
10006863,1,0.0,0.0,M,WhiteLaceTankTop,Unknown,Top
10008582,1,0.0,8.0,M,WhiteSequinCutOutTop,Unknown,Other
10004358,1,0.0,0.0,M,Whitehouse Blue Blouse,White House Black Market,Top
10003919,1,0.0,0.0,L,Wht Slip,Unknown,Other
10004443,0,22.99,0.0,10,Wide Leg Cropped Jean,Banana Republic,Jeans/Pants
10006808,1,0.0,0.0,M,Wild Fable Dress Purple Peach,Wild Fable,Dress
10007908,0,22.99,0.0,4,Wild Fable Jean Colorful Skirt,Wild Fable,Skirt
10006315,0,10.99,0.0,XS,Wild Fable Orange Crop Top,Wild Fable,Top
10006585,0,8.99,0.0,S,Wild Fable Red Orange Crop Top,Wild Fable,Top
10007562,0,19.0,0.0,S,Wild Fable White Dress,,Dress
10008553,1,0.0,0.0,12,Wild Fable PinkFlowerSkirt,Wild Fable,Skirt
10005255,0,8.99,0.0,M,Wild Honey Black Pleather Crop Top,Wild Honey,Top
10008323,0,11.99,0.0,XS,WildFable OrangeHalterTop,Wild Fable,Top
10004662,0,21.99,0.0,L,WildH BlkLaceBdySuit,Wild Honey,Other
10004284,1,0.0,0.0,M,WildHoney Grey Multi-Color Sweater,Wild Honey,Sweater/Cardigan
10007109,1,0.0,0.0,8,Willi Smith Black SL Dress White Design,Willi Smith,Dress
10003716,0,24.99,0.0,S,Willi Smith Chunky Lace Skirt,Willi Smith,Skirt
10007783,1,0.0,0.0,M,Willow & Clay Black LS Floral Zip Up,Willow X Clay,Top
10008716,1,0.0,7.5,,Willow & Root Green Floral Top S,,Top
10004946,2,0.0,0.0,M,Willow&Wind GreyMulticolSweater,Willow X Wind,Sweater/Cardigan
10006139,1,0.0,0.0,S,WillowxClay Navy&RedCover,Willow X Clay,Other
10007132,1,0.0,0.0,S,Windsor Black Skirt Rhinestone,Windsor,Skirt
10006494,1,0.0,0.0,S,Windsor Dress Copper,Windsor,Dress
10004780,0,12.99,0.0,M,Windsor Green Crop Top,Windsor,Top
10006401,1,0.0,0.0,M,Windsor BlackGemTop,Windsor,Other
10004915,1,0.0,0.0,4,Windsor BlkFloralSkirt,Windsor,Skirt
10000321,1,0.0,0.0,,WindsorSkirt_Li,Windsor,Skirt
10003446,1,0.0,0.0,,Wire Jean Co Borgata Pants Tan,Wire Jean Co,Jeans/Pants
10006503,1,0.0,0.0,,Wire Metal Purse,Unknown,Accessories
10006253,0,55.0,0.0,,Wire Purse,Unknown,Accessories
10008234,1,0.0,4.99,,Wishful Park Pink Camisole S,,Top
10008185,1,0.0,6.0,S,Wishlist Brown SL Top,Wishlist,Top
10008274,1,0.0,6.0,,Wishlist Grey Sleeveless Blouse S,,Top
10008321,1,0.0,0.0,M,WishlistJeans Purpshorts,Wishlist Jeans,Shorts
10005680,1,0.0,0.0,M,Wisteria Lane NWT Pants Black,,Jeans/Pants
10004024,0,29.99,0.0,,Wit X WisdomPants,Wit X Wisdom,Jeans/Pants
10007002,1,0.0,0.0,16,Wit and Wisdom Jeans Black,Wit X Wisdom,Jeans/Pants
10002568,1,0.0,0.0,,WitcheryLS Top_Xh,Witchery,Top
10004727,1,0.0,0.0,XXL,Woman Within Red & White Plaid SS,Woman Within,Top
10003941,1,0.0,0.0,S,Wonder Maid Pale Pink Intimates,Wonder Maid,Other
10003996,0,8.5,0.0,,Wood Flower Earrings,,Accessories
10006820,1,0.0,0.0,S,World Market Pink Pants,World Market,Jeans/Pants
10007926,1,0.0,0.0,XL,Worthington Bright Orange SL Top,Worthington,Top
10005656,1,0.0,0.0,L,Worthington Gray Satin Top,Worthington,Top
10006817,1,0.0,0.0,XL,Worthington Red Blouse,Worthington,Top
10008515,1,0.0,13.15,,Worthington White Sleeveless Top L,,Top
10004429,0,22.99,0.0,,Woven Heart Shawl Black and Floral,Unknown,Other
10006347,0,15.99,0.0,,WovenBowBasketBag,Unknown,Accessories
10006619,1,0.0,0.0,16,Wrangler blue checkered jean shorts,,Shorts
10006790,0,18.99,0.0,4,Wrangler JeanFlowerShorts,Wrangler,Shorts
10003717,0,25.99,0.0,M,Wrap Around Tan Skirt,Unknown,Skirt
10008567,1,0.0,8.0,M,WrapSkirtMultiwaytowear,Unknown,Skirt
10006094,1,0.0,0.0,L,Wrapper YllwbowBlouse,Wrapper,Top
10001098,0,25.0,0.0,,Wu-TangTee Shirt_La,Wu-Tang,Top
10007907,0,21.9153,0.0,6,X2 Jean Skirt,X2,Skirt
10008024,0,19.0,0.0,XS,XCVI Green SL Top,Xcvi,Top
10005261,0,25.99,0.0,M,XOXO Black Off Shoulder LS w Grommets,Xoxo,Top
10007772,0,27.99,0.0,S,XXZ Black Red Dot SL Dress,Xxz,Dress
10007789,1,0.0,0.0,XS,Xhilaration Mint Green Lace Skirt,Xhilaration,Skirt
10008275,1,0.0,8.0,,Xhilaration White Dress M,,Dress
10003502,1,0.0,0.0,M,Xhilerations Jacket Black,Xhilaration,Jacket/Coat
10006813,1,0.0,0.0,M,Xiaoguozi Floral Dress,Xiaoguozi,Dress
10007412,1,0.0,0.0,,Xsetmar BlkNewsboyHat,XSetmar,Set
10008350,0,16.99,0.0,M,XtraOrd GreenHalterTop,Xtraordinary,Top
10008670,1,0.0,7.0,,Y2K Red Mesh Lace Babydoll Top L,,Top
10005962,1,0.0,0.0,L,YFB White Satin Tank,Yfb,Top
10006501,1,0.0,0.0,L,Ya LA Cardigan Sweater Brown,,Sweater/Cardigan
10005300,0,22.99,0.0,S,YaYa FloralBlouse,Ya Ya X Co,Top
10008194,1,0.0,6.0,2,Yacun Brown Plaid Vest,Yacun,Top
10005528,0,24.99,0.0,M,Yang Pao Pao Black Pants w Birds,Yang Pao Pao,Jeans/Pants
10008359,1,0.0,0.0,S,Yasuko RedWhiPattShirt,Yasuko,Top
10007085,1,0.0,0.0,,Yee Haw Baseball Hat,Yee Haw,Accessories
10007152,24,23.99,384.0,L,Yellow Chic Vintage T Shirt,,Top
10007151,25,0.0,400.0,M,Yellow Chic Vintage T Shirt,,Top
10007150,24,23.99,384.0,S,Yellow Chic Vintage T Shirt,,Top
10007153,24,23.99,384.0,XL,Yellow Chic Vintage T Shirt,,Top
10007149,25,0.0,400.0,XS,Yellow Chic Vintage T Shirt,,Top
10008200,1,0.0,6.0,XS,Yellow Floral Halter Top,Unknown,Top
10008488,1,0.0,6.3,,Yellow Floral Sleeveless Tank XL+,,Top
10007299,0,39.99,0.0,XXL,Yellow Floral Suede SL Dress,Unknown,Dress
10008363,1,0.0,0.0,S,YellowFlowerCropTop,Unknown,Top
10005772,1,0.0,0.0,L,YellowStone YellowstoneTshirt,YellowStone,Top
10007218,1,0.0,0.0,L,Your 6th Senses Pink SL Dress,Your 6th Sense,Dress
10005500,1,0.0,0.0,L,Z Supply NWT Black Tank,Z Supply NWT,Top
10004123,0,20.99,0.0,XS,ZION Gry Marley Tee,Zion Rootswear,Top
10005603,1,0.0,0.0,S,Zac & Rachel Green Purple SL Tank,Zac X Rachel,Top
10005677,1,0.0,0.0,12,Zac & Rachel Pants Light Blue NWT,,Jeans/Pants
10004022,1,0.0,0.0,22,Zac&Rachel Rose Pant,Zac X Rachel,Jeans/Pants
10005063,1,0.0,0.0,L,Zac&Rachel Ruffle Blouse Pink,Zac X Rachel,Top
10005288,0,18.99,0.0,2,ZacXRachel GreenLaceTop,Zac X Rachel,Other
10006968,0,13.99,0.0,XS,Zara Basic Cream Off Shoulder Top,Zara Basic,Top
10007201,0,22.99,0.0,XS,Zara Basic White Top,,Top
10008629,1,0.0,5.75,,Zara Beige Sequin Halter Top M,,Top
10005923,1,0.0,0.0,M,Zara Black LS Cold Shoulder Top,Zara,Top
10004621,1,0.0,0.0,XL,Zara Black Longsleeve White Flws Dress,Zara,Dress
10007927,1,0.0,0.0,XS,Zara Black Off Shoulder Ruffle Top,Zara,Top
10005248,1,0.0,0.0,L,Zara Black SS Top,Zara,Top
10007327,1,0.0,0.0,S,Zara Blk Bodysuit,Zara,Top
10007092,0,22.99,0.0,11,Zara Blue Flats,Zara,Shoes
10004725,1,0.0,0.0,M,Zara Blush Sheer LS,Zara,Top
10003927,1,0.0,0.0,S,Zara Camel Cami,Unknown,Top
10003486,1,0.0,0.0,M,Zara Cardigan Brown,Zara,Sweater/Cardigan
10004090,1,0.0,0.0,L,Zara Copper Zipper Jacket,Zara Woman,Jacket/Coat
10003507,1,0.0,0.0,2,Zara Cordaroy Pants White,Zara,Jeans/Pants
10005100,0,12.99,0.0,S,Zara Cream SL Bodysuit,Zara,Top
10004106,1,0.0,0.0,6.5,Zara GoldChain Loafer,Zara Basic,Shoes
10008227,0,17.99,0.0,S,Zara Green Dress,,Dress
10004637,0,31.99,0.0,XS,Zara Green Longsleeve Dress NWT,Zara NWT,Dress
10007111,1,0.0,0.0,XS,Zara Green Multicolor LS Dress,Zara,Dress
10005836,1,0.0,0.0,S,Zara Green Sweater,Zara,Sweater/Cardigan
10005014,1,0.0,0.0,M,Zara Hot Pink LS Crop Top,Zara,Top
10006999,1,0.0,0.0,M,Zara Hot Pink Satin Top,Zara,Top
10005883,0,24.99,0.0,S,Zara Hot Pink Sweater,Zara,Sweater/Cardigan
10007241,0,22.99,0.0,XS,Zara Light Blue Dress,,Dress
10007847,0,33.99,0.0,,Zara Multicolor Skirt M,,Skirt
10006527,1,0.0,0.0,L,Zara Muted Brown Collared Shirt,Zara,Top
10007465,1,0.0,0.0,M,Zara NWT Black SL Dress,Zara NWT,Dress
10007296,1,0.0,0.0,S,Zara NWT Black SL Top Fabric Swirl,Zara NWT,Top
10005304,1,0.0,0.0,M,Zara NWT Black Waterproof Miniskirt,Zara NWT,Skirt
10005973,1,0.0,0.0,L,Zara NWT Jean SS Top,Zara NWT,Jeans/Pants
10007790,1,0.0,0.0,S,Zara Pale Pink SL Dress,Zara,Dress
10007911,1,0.0,0.0,S,Zara Pink & White SL Dress,Zara,Dress
10005718,1,0.0,0.0,L,Zara Red Blue Sequin Skirt,Zara Basic,Skirt
10004640,0,29.99,0.0,S,Zara Sage Green Dress,Zara,Dress
10005981,1,0.0,0.0,M,Zara Sage Green Wrap Sweater,Zara,Sweater/Cardigan
10007028,0,24.99,0.0,M,Zara Sleeveless Bodysuit Blk & Blue,Zara,Top
10003788,0,22.99,0.0,S,Zara Tr Black Plaid ShortSleeve,Zara Trafaluc,Shorts
10008426,1,0.0,6.25,,Zara Trafaluct Red Skirt S,,Skirt
10005868,0,24.99,0.0,M,Zara White Black Stripe Crop Top,Zara,Top
10006951,1,0.0,0.0,L,Zara White Blouse,,Top
10005934,0,34.99,0.0,M,Zara White Bodysuit,Zara,Top
10006980,0,21.99,0.0,S,Zara White Collared SS Dress,Zara,Dress
10007611,1,0.0,0.0,,Zara White Denim Jacket M,,Jeans/Pants
10004573,0,25.99,0.0,L,Zara White Dress,Zara,Dress
10007167,1,0.0,0.0,S,Zara White LS Blouse,,Top
10007781,0,23.99,0.0,M,Zara White LS Lace Top,Zara,Top
10006306,1,0.0,0.0,M,Zara White Pink Sheer LS,Zara,Top
10006961,0,28.99,0.0,XS,Zara White SL Crop Top,Zara,Top
10005227,1,0.0,0.0,S,Zara White V Neck Top,Zara,Top
10005378,1,0.0,0.0,M,Zara Woman Blue & White Stripped Top,Zara,Top
10005060,0,25.99,0.0,M,Zara Baby Tee Maroon,Zara,Top
10005087,0,12.99,0.0,XS,Zara Ruche Crop Cream,Zara,Other
10005141,0,25.98,0.0,L,Zara SqrNck Crop Camel,Zara,Other
10005161,0,24.99,0.0,XS,Zara Tie Top Blk,Zara,Top
10005441,1,24.99,0.0,L,Zara Wrap Dress Pnk,Zara,Dress
10007395,1,0.0,0.0,L,Zara BlackLaceLongsleeve,Zara,Other
10007887,1,0.0,0.0,S,Zara BlackSilkShort,Zara,Shorts
10007737,1,0.0,0.0,M,Zara FloralWhiMeshTop,Zara Basic,Other
10006398,1,0.0,0.0,L,Zara GreenPatternTankTop,Zara,Top
10006018,1,0.0,0.0,S,Zara GrnPurpTop,Zara,Other
10006053,1,0.0,0.0,L,Zara OrangeLongSl,Zara,Other
10004383,0,28.99,0.0,M,Zara Pink&WhDress,Zara,Dress
10004374,0,23.99,0.0,M,Zara PinkSweater,Zara,Sweater/Cardigan
10006360,0,12.99,0.0,S,Zara WhiWomanShirt,Zara,Top
10006931,1,0.0,0.0,S,Zara WhiteDress,Zara,Dress
10007400,0,18.99,0.0,M,Zara YllwFloralCutoutDress,Zara NWT,Dress
10005285,0,22.99,0.0,M,Zara pink&BlTop,Zara,Other
10002695,1,0.0,0.0,,ZaraButton Down_Ra,Zara,Other
10000889,1,0.0,0.0,,ZaraLS Top_Ko,Zara,Top
10000062,0,25.99,0.0,,ZaraSweater_Cu,Zara,Sweater/Cardigan
10002473,1,0.0,0.0,,ZaraSweater_Fo,Zara,Sweater/Cardigan
10004366,1,0.0,0.0,S,ZaraTraf Red&BlkBlouse,Zara Trafaluc,Top
10008237,0,15.80434,0.0,,Zen Danskin Top Pant Set S,,Jeans/Pants
10008201,1,0.0,6.0,M,Zenana Pink SL Top,Zenana,Top
10006846,1,0.0,0.0,L,Zesica NWT white dress,Zesica,Dress
10004734,1,0.0,0.0,M,Ziani C Black LS Pink Stripe,Ziani Couture,Top
10005335,1,0.0,0.0,L,ZoeLiv USAtiedyeTop,Zoe X Liv,Other
10006431,0,25.99,0.0,L,abercrombie and fitch black croptop,Abercrombie & Fitch,Top
10008382,1,0.0,8.99,M,about a girl teal floral tanktop,About a girl,Top
10004878,1,0.0,0.0,M,acommonthread bls ptrn,A Common Thread,Top
10005425,1,0.0,0.0,,alfani tank prp pm,Alfani,Top
10006433,0,23.99,0.0,L,alfred dunner green knit blouse,Alfred Dunner,Sweater/Cardigan
10005805,1,0.0,0.0,,allie&rob swtr tan 1x,Allie & Rob,Sweater/Cardigan
10005487,0,39.99,0.0,S,allsaints bls blk,Allsaints Spitalfields,Top
10003623,1,0.0,0.0,M,alpine pant prp,Alpine,Jeans/Pants
10003608,1,0.0,0.0,S,altar'd state pant grey flr,Altar'd State,Jeans/Pants
10008152,0,21.99,0.0,M,altard state floral skort,Altar'd State,Other
10008138,1,0.0,8.0,M,altard state fuzzy croped sweater vest,Altar'd State,Sweater/Cardigan
10003659,1,0.0,0.0,S,altard state pant blk,Altar'd State,Jeans/Pants
10006426,0,32.99,0.0,XS,amo floral blouse,Amo,Top
10005369,0,25.99,0.0,XXL,and Andrea Off White Top Real,and Andrea,Top
10003625,1,0.0,0.0,,angels jean brw 18w,Angels,Jeans/Pants
10008377,1,0.0,10.99,6,ann taylor white floral skirt,Ann Taylor,Skirt
10005804,1,0.0,0.0,M,ann taylor blouse creme,Ann Taylor,Top
10003615,1,0.0,0.0,4,ann taylor pant green,Ann Taylor,Jeans/Pants
10004675,1,0.0,0.0,S,ann taylor swetter blu grn,Ann Taylor,Other
10004886,0,35.99,0.0,,anthropologie skrt flr 2p,Anthropologie,Skirt
10005344,1,0.0,0.0,M,anthropologie tank blu,Anthropologie,Top
10006069,1,0.0,0.0,2,anthropologie tank red,Anthropologie,Top
10004692,0,24.99,0.0,M,arden b swtr grn,Arden B,Sweater/Cardigan
10003730,1,0.0,0.0,,athleta sweatshirt prp sp,Athleta,Top
10004951,1,0.0,0.0,,ava&viv jkt plad 2x,Ava & Viv,Jacket/Coat
10004891,1,0.0,0.0,10,axcess skrt blk lace,Axcess,Skirt
10008115,1,0.0,0.0,S,banana republic velvet tanktop,Banana Republic,Top
10003621,0,27.99,0.0,,banana republic jumper blk 2p,Banana Republic,Other
10005385,1,0.0,0.0,12,banana republic skt blk,Banana Republic,Other
10005363,1,0.0,0.0,S,band of gypsies tank blk flw,Band Of Gypsies,Top
10004903,1,0.0,0.0,,bandolino skrt flr 12p,Bandolino,Skirt
10007801,1,0.0,0.0,L,beige layered skirt,Judith March,Skirt
10006186,0,8.99,0.0,XL,beige ribbed tanktop large,Aura,Top
10006224,1,0.0,0.0,,beige tanktop medium,Prana,Top
10004884,1,0.0,0.0,XL,bellesky bls flr,Belle Sky,Top
10004949,1,0.0,0.0,M,betseys boutique shop bls grn flw,Betsey Boutique Shop,Top
10005476,0,25.99,0.0,,billa bong bls pnk sp,Billabong,Top
10003218,0,34.52663,0.0,,bis Charles Jourdan Heels,Charles Jourdan,Top
10005427,1,0.0,0.0,6,bisou bisou dress blk,Bisou Bisou,Dress
10005414,1,0.0,0.0,S,bisuo MulticolHalter,Bisou Bisou,Top
10006222,1,0.0,0.0,,black adnw hite ribbed tee medium,Charlotte Russe,Top
10006235,1,0.0,0.0,XS,black and navy dressy blouse,White House Black Market,Dress
10007807,0,25.99,0.0,14,black and tan design blouse,Coldwater Creek,Top
10006211,1,0.0,0.0,,black and white floral tank medium,White House Black Market,Top
10006217,1,0.0,0.0,XS,black and white floral tank,Whbm,Top
10006239,1,0.0,0.0,4,black and white plaid tanktop,White House Black Market,Top
10006215,1,0.0,0.0,,black and white strip body suit small,Prime Cut,Other
10007810,0,23.99,0.0,XL,black and white strip pant,LA Gypsy,Jeans/Pants
10006214,1,0.0,0.0,12,black and white stripe off the shoulder,Karen Millen,Other
10006193,1,0.0,0.0,,black knit dress medium,Desigual,Dress
10007811,1,0.0,0.0,M,black lace dress,Step In Style,Dress
10007800,0,29.99,0.0,4,black lace skirt,White House Black Market,Skirt
10006231,0,150.0,0.0,,black long jacket,Desigual,Jacket/Coat
10006208,0,24.99,0.0,XS,black ribbed blouse,Clockhouse,Top
10006232,0,17.99,0.0,XXS,black ribbed tanktop,JCrew,Top
10006204,1,0.0,0.0,3,black sequin skirt,Love On A Hanger,Skirt
10006221,0,17.99,0.0,,black short sleeve dress blouse large,Belle,Dress
10007806,1,0.0,0.0,L,black silver lined dress,Why,Dress
10003627,1,0.0,0.0,,black tag jean blk 32x32,Black Tag,Jeans/Pants
10006212,0,19.99,0.0,,black tank with shoulder ruffles small,Ann Taylor,Top
10006210,1,0.0,0.0,,black tanktop small,Allison Joy,Top
10006207,0,12.99,0.0,,black with floral design tanktop medium,Unknown,Top
10006187,0,12.99,0.0,,blue and white long sleeve croptop medium,Shade Shore,Top
10003738,0,15.99,0.0,M,blue blush blouse floral,Blue Blush,Top
10006168,1,0.0,0.0,M,blue offthe shoulder blouse,Timing,Top
10006185,0,44.99,0.0,,blue patterned dress medium,Desigual,Dress
10006180,1,0.0,0.0,XXL,blue patterned dress,Desigual NWT,Dress
10006651,1,0.0,0.0,L,blue rain pink dress,Blue Rain NWT,Dress
10006059,1,0.0,0.0,18,boden bls pnk,Boden,Top
10004702,1,0.0,0.0,L,boden swtr pnk,Boden,Sweater/Cardigan
10005346,1,0.0,0.0,2,boden tank blk,Boden,Top
10003662,0,35.99,0.0,10,boohoo dress pink,Boohoo,Dress
10006626,0,6.99,0.0,,bottlecap jelly black belt,Unknown,Accessories
10006435,0,24.99,0.0,,brandolino floral jacket 10p,Brandolino,Jacket/Coat
10006668,0,85.99,0.0,,brown leather corral cowboy boot 8-8.5,Pecos Bill,Shoes
10005894,1,0.0,0.0,XL,by JJ Gray Cardigan,by JJ,Sweater/Cardigan
10004705,1,0.0,0.0,L,calvin klein swtr blk,Calvin Klein,Sweater/Cardigan
10003622,1,0.0,0.0,6,cato boot animal print,Cato,Shoes
10008134,1,0.0,14.0,8,central falls teal and white skirt,Central Falls,Skirt
10003675,1,0.0,0.0,10,chaps skirt blk,Chaps,Skirt
10005382,0,17.20857,0.0,XS,charlotte russe tank grn,Charlotte Russe,Top
10006082,1,0.0,0.0,M,charlotterusse tank whtshear,Charlotte Russe,Top
10004719,1,0.0,0.0,2,chicos swt drk blu,Chicos,Other
10004717,1,0.0,0.0,3,chicos swtr blu,Chicos,Sweater/Cardigan
10005806,1,0.0,0.0,,chicos swtr neutral one size,Chicos,Sweater/Cardigan
10004693,0,32.99,0.0,S,christian siriano swtr red,Christian Siriano,Sweater/Cardigan
10006855,0,29.99,0.0,L,cloth & stone white linen dress shirt,Cloth X Stone,Dress
10003680,0,445.0,0.0,,coach bridget blk,Coach,Other
10007776,1,0.0,0.0,S,coco & jaimeson Orange Dress,Coco & Jaimeson,Dress
10005816,1,0.0,0.0,,coldwater creek bouse floral p12,Coldwater Creek,Other
10003614,1,0.0,0.0,14,coldwater creek pant beige,Coldwater Creek,Jeans/Pants
10004709,1,0.0,0.0,,coldwatercreek swtr creme 1X,Coldwater Creek,Sweater/Cardigan
10005803,1,0.0,0.0,S,coldwatercreek swtr gry,Coldwater Creek,Sweater/Cardigan
10005355,1,0.0,0.0,,collectif tank rd plad 3xl,Collectif,Top
10007804,1,0.0,0.0,2,colorful skirt,Melly M,Skirt
10003737,1,0.0,0.0,M,columbia sweatshirt prp,Columbia,Top
10006226,1,0.0,0.0,,coral cropped blouse small,Chloe'S Closet,Top
10005396,0,35.99,0.0,6.5,coutgo shoes blk,Coutgo,Shoes
10003735,0,29.99,0.0,M,cpck&cash rvs bmb jkt blk,Cupcakes&Cashews,Jacket/Coat
10008135,1,0.0,14.0,36,crea multicolored skirt,Crea,Skirt
10006191,1,0.0,0.0,40,creme denim skirt,Stefanel,Skirt
10003660,1,0.0,0.0,L,croft & barrow jacket blk,Croft X Barrow,Jacket/Coat
10005856,0,18.99,0.0,,croftandbarrow purse multicolor,Croft X Barrow,Accessories
10006173,1,0.0,0.0,M,cropped brown sweater,Persaman,Sweater/Cardigan
10003631,0,24.99,0.0,6,cynthia rowley pant navy,Cynthia Rowley,Jeans/Pants
10007262,0,32.99,0.0,XS,dELia's Dress Blue,,Dress
10004904,1,0.0,0.0,6,dandy skrt pnk,Randim,Skirt
10007805,1,0.0,0.0,L,dark blue long sleeve blouse,Coldwater Creek,Top
10003672,0,18.99,0.0,S,delicates nght gwn pink,Delicates,Other
10006438,1,0.0,0.0,44,desigual black jacket,Desigual,Jacket/Coat
10006631,1,0.0,0.0,,desigual black moonstone margot mini purse,Desigual NWT,Accessories
10006440,0,85.99,0.0,46,desigual black sweater jean jacket,Desigual,Jeans/Pants
10006439,1,0.0,0.0,XL,desigual black tanktop,Desigual,Top
10006434,0,32.99,0.0,M,desigual multicolor knit dress,Desigual,Dress
10006441,0,0.0,0.0,42,desigual pink leather jacket,Desigual,Jacket/Coat
10005386,0,28.99,0.0,12,dialogue skt brw,Dialogue,Other
10003633,1,0.0,0.0,16,divided pant cream,Divided,Jeans/Pants
10008111,1,0.0,0.0,L,dordor fur vest,Dor Dor,Top
10004905,0,21.99,0.0,M,dreamers skrt ylw,Built by Dreamers,Skirt
10004679,1,0.0,0.0,S,eddie bauer cardigan beige,Eddie Bauer,Sweater/Cardigan
10006063,1,0.0,0.0,M,eddiebauer swtshrt prp,Eddie Bauer,Shorts
10003731,1,0.0,0.0,M,element sweatshirt blk,Element,Top
10008151,1,0.0,17.0,S,elevenses grey knit skirt,Elevenses,Skirt
10006851,1,0.0,0.0,S,emory park white croped blouse,Emory Park,Top
10004671,1,0.0,0.0,XL,established 1962 blouse prpl design,Established 1962,Top
10003630,1,0.0,0.0,S,express blouse prp floral,Express,Top
10004882,0,13.86519,0.0,S,express jckt dnm,Express,Jeans/Pants
10003742,1,0.0,0.0,6,express skirt blk,Express,Skirt
10006074,0,24.99,0.0,S,express tank grn,Express,Top
10008140,0,18.99,0.0,S,eyeshadow creme lace vest,Eyeshadow,Top
10008384,1,0.0,10.99,L,faith and joy tea blouse,Faith And Joy,Top
10006241,0,0.0,0.0,,fancy belt,,Accessories
10000775,0,0.0,0.0,,fatesweater_le,Fate,Sweater/Cardigan
10004713,1,0.0,0.0,XL,fever swtr gry,Fever,Sweater/Cardigan
10005394,1,0.0,0.0,M,fiorlini bls red,Fiorlini,Top
10006645,0,27.99,0.0,L,floral maxi dress,Unknown,Dress
10006195,1,0.0,0.0,,floral pink tanktop medium,Hippie Rose,Top
10006190,1,0.0,0.0,10,floral skirt,Loft,Skirt
10004879,1,0.0,0.0,L,free people bls ptrn,Free People,Top
10004680,1,0.0,0.0,S,free people swter strip grn wht,Free People,Other
10006058,1,0.0,0.0,7,freebird boot wht leather,Freebird,Shoes
10006067,1,0.0,0.0,,freepeople bls blk sp,Free People,Top
10004880,1,0.0,0.0,XL,fruitoftheloom tshrt org,Fruit Of The Loom,Shorts
10007796,1,0.0,0.0,4,gap pink girlfriend khaki pant,Gap,Jeans/Pants
10004707,1,0.0,0.0,XL,george swtr floral,George,Sweater/Cardigan
10008157,1,0.0,8.0,XL,goodclothes Black Floral Skirt,Goodclothes,Skirt
10005480,1,0.0,0.0,L,goodclothes swtr pnk,Goodclothes,Sweater/Cardigan
10006669,1,0.0,0.0,6,grace pink skirt,Grace,Skirt
10006205,0,19.99,0.0,,green texture design tanktop medium,Paper Crane,Top
10006206,0,19.99,0.0,,green with white flowers blouse small,Sadie & Sage,Top
10006216,1,0.0,0.0,XS,grey and pink blouse,Banana Republic,Top
10006228,0,19.99,0.0,,grey tennessee vols tshirt medium,Champion,Top
10006634,1,0.0,0.0,,guess leather belt with metal studs,Guess,Top
10005345,1,0.0,0.0,M,guess tank blu,Guess,Top
10006073,1,0.0,0.0,,guess tank pnk sp,Guess,Top
10004027,0,32.99,0.0,,guessTee Shirt_Gue,Guess,Top
10008147,1,0.0,8.0,S,halter white floral blouse,Unknown,Top
10003729,1,0.0,0.0,XL,harley davidson shirt beige,Harley Davidson,Top
10005352,0,0.0,0.0,S,hers & mine bls blk,Hers & Mine,Top
10006649,0,49.99,0.0,S,house of harlow multi color maxi dress,House of Harlow 1960,Dress
10006056,0,75.99,0.0,7,hrlydvdsn boot bwn lthr,Harley Davidson,Shoes
10006084,1,0.0,0.0,10,innocence tank blk,Innocence,Top
10004694,1,0.0,0.0,M,ivanka trump swtr pnk,Ivanka Trump,Sweater/Cardigan
10004892,1,0.0,0.0,S,izbyer bls flr,Izbyer,Top
10003664,1,0.0,0.0,,j crew button down navy strip slim,J Crew,Other
10005347,1,0.0,0.0,XXS,jcrew vest pnk,JCrew,Top
10005426,1,0.0,0.0,S,jeanne pierre swtr wht,Jeanne Pierre,Jeans/Pants
10004710,1,0.0,0.0,,karen kane swtr floral 1X,Karen Kane,Sweater/Cardigan
10008141,1,0.0,8.0,,kimchi blue red lace tank M-L,Kimchi Blue,Top
10008380,0,25.99,0.0,M,kimchi blue white blouse,Kimchi Blue,Top
10004888,0,28.99,0.0,,kimrogers bls flr ps,Kim Rogers,Top
10006076,1,0.0,0.0,S,kittenish bodysuit blk,Kittenish,Top
10006225,1,0.0,0.0,,knit pink blouse small,Heart N Crush,Sweater/Cardigan
10006194,1,0.0,0.0,,knit pink see through tank medium,Body Central,Sweater/Cardigan
10005361,1,0.0,0.0,S,kora konig tank,Kora Konig,Top
10006081,1,0.0,0.0,M,krush drsshrt ombre,Krush,Shorts
10005354,1,0.0,0.0,16,lands end drs shrt prp dsgn,Lands End,Shorts
10005353,1,0.0,0.0,,lands end pnts red 12p,Lands End,Other
10004708,1,0.0,0.0,XL,laura scott swtr beige,Laura Scott,Sweater/Cardigan
10006625,1,0.0,0.0,,leather metal studded belt,Unknown,Accessories
10005351,1,0.0,0.0,S,leith bls blu flws,Leith,Top
10003618,1,0.0,0.0,,levis jean navy strips 4-6,Levixs,Jeans/Pants
10002171,1,0.0,0.0,,levixsJeans_Me,Levixs,Jeans/Pants
10005399,0,27.06281,0.0,XS,lilisidonio bls red,Lili Sidonio,Top
10006079,1,0.0,0.0,XL,lillypulitzer bls pnk,Lilly Pulitzer,Top
10003612,1,0.0,0.0,6,liverpool pant beige,Liverpool,Jeans/Pants
10003725,1,0.0,0.0,,liz claiborne blouse floral pxl,Liz Claiborne,Top
10005384,1,0.0,0.0,XL,lizwear bls prp,Liz Claiborne,Top
10005801,1,0.0,0.0,M,loft swter prp,Loft,Other
10005807,1,0.0,0.0,L,loft swtr grn,Loft,Sweater/Cardigan
10005395,1,0.0,0.0,M,loft tank red,Loft,Top
10003668,1,0.0,0.0,4,london times dress pink,London Times,Dress
10006184,0,25.36808,0.0,,long sleeve pink striped dress shirt small,Unknown,Dress
10007809,1,0.0,0.0,14,longsleeve purple blouse,Coldwater Creek,Top
10006237,1,0.0,0.0,XS,longsleeve silk teal blouse,Banana Republic,Top
10004894,0,15.99,0.0,S,lovetreedenim top dnm,Love Tree,Jeans/Pants
10004677,1,0.0,0.0,S,lucky brand swter gry,Lucky Brand,Other
10003610,0,14.99,0.0,S,lucky brand tank blue,Lucky Brand,Top
10006083,1,0.0,0.0,S,lulus crptop blk,Lulus,Other
10006065,0,35.99,0.0,,macaramewovenhandbag creme neverused 2pieces,Unknown,Accessories
10005817,0,25.99,0.0,S,macaron dressshrt denim grn,Macaron,Dress
10008148,1,0.0,8.0,2,maeve black lace skirt,Maeve,Skirt
10003679,1,0.0,0.0,S,maison jules jkt blk,Maison Jules,Jacket/Coat
10003666,1,0.0,0.0,S,maria jose navarro blouse blk,Maria Jose Navarro,Top
10008146,1,0.0,8.0,S,marled green knit blouse,Marled,Sweater/Cardigan
10003661,1,0.0,0.0,4,massimo fabbro pant plad,Massimo Fabbro,Jeans/Pants
10005391,1,0.0,0.0,XL,maurices tshrt gry,Maurices,Shorts
10006834,1,0.0,0.0,S,max studio pink tanktop,Max Studio,Top
10006646,1,0.0,0.0,6,michael kors blue textured short dress,Michael Kors,Dress
10003629,1,0.0,0.0,4,michael kors blouse prp,Michael Kors,Top
10008379,0,17.99,0.0,M,mimi chica floral tanktop,Mimi Chica,Top
10006647,1,0.0,0.0,,mint julep yellow floral maxi dress 3x,Mint Julep,Dress
10008144,1,0.0,8.0,31,miss me long jean skirt,Miss Me,Skirt
10003678,1,0.0,0.0,8,missguided blouse blk,Missguided,Top
10008150,1,0.0,8.0,XL,moa moa pink lace corset top,Moa Moa,Top
10008136,1,0.0,8.0,L,monteau black sleeveless blouse,Monteau,Top
10006627,0,5.99,0.0,S,mudd leather belt,Mudd,Accessories
10004706,1,0.0,0.0,XL,mudd swtr blk,Mudd,Sweater/Cardigan
10008129,0,12.99,0.0,M,multi colored shortsleeve blouse,Unknown,Shorts
10006176,1,0.0,0.0,46,multicolored dress,Desigual,Dress
10007356,0,15.99,0.0,S,naked zebra navy blouse,Naked Zebra,Top
10008116,0,35.99,0.0,10,nanette lepore colorful skirt,Nanette Lepore,Skirt
10008118,0,21.99,0.0,M,nanette lepore knit skirt,Nanette Lepore,Skirt
10003626,1,0.0,0.0,M,nanette lepore pant plad,Nanette Lepore,Jeans/Pants
10006182,0,35.99,0.0,8,navy skirt with flowers,Persaman,Skirt
10004704,1,0.0,0.0,L,new directions swtr pnk,New Directions,Sweater/Cardigan
10005341,1,0.0,0.0,S,nicola bls prp spkls,Nicola,Top
10006628,1,0.0,0.0,,nine west short brown leather boots,Nine West,Shorts
10005398,1,0.0,0.0,XL,ninewest tank red,Nine West,Top
10004689,0,15.99,0.0,,nocona belt fur,Nocona,Accessories
10004687,0,25.99,0.0,,nocona belt leather graphic,Nocona,Accessories
10005390,1,0.0,0.0,XL,notations tank blk wht,Notations,Top
10006054,0,22.99,0.0,S,olivaceous GrnCamotieShirt,Olivaceous,Top
10003732,1,0.0,0.0,M,omniwick crew blk,Omniwick,Other
10008131,1,0.0,12.0,L,one pink sleeveless blouse,One,Top
10008149,1,0.0,8.0,L,one step up red lace night gown,One Step Up,Dress
10004877,0,22.99,0.0,46,one step tank teal,One Step,Top
10008404,1,0.0,5.99,XS,only pink lace blouse,For Your Ease Only Inc,Top
10003670,1,0.0,0.0,14,ophelia roe pant bwn,Ophelia Roe,Jeans/Pants
10006236,1,0.0,0.0,,orange tennessee vols tshirt medium,Russel,Top
10006854,1,0.0,0.0,M,orsay white tanktop,Orsay,Top
10003663,1,0.0,0.0,XS,orvis buttondown plad,Orvis,Other
10003733,0,15.99,0.0,M,papaya sweater wht,Papaya,Sweater/Cardigan
10005343,1,0.0,0.0,6,patagonia drs sht prp plad,Patagonia,Other
10004716,1,0.0,0.0,,perceptions swtr blk 1X,Perceptions,Sweater/Cardigan
10006428,0,45.99,0.0,M,persaman beige jacket,Persaman,Jacket/Coat
10006064,1,0.0,0.0,,persaman purse red leather,Persaman,Accessories
10005381,1,0.0,0.0,S,philosophy bls pnk,Philosophy,Top
10005809,1,0.0,0.0,L,pink clover swtr beige,Pink Clover,Sweater/Cardigan
10008365,1,0.0,67.58,7,pink leather boots,Unknown,Shoes
10006630,0,54.99,0.0,L,pink oasis tanktop,Oasis,Top
10004678,1,0.0,0.0,S,pink rose swter pnk,Pink Rose,Other
10006230,1,0.0,0.0,,pink shear blouse large,The Limited,Top
10007803,0,24.57349,0.0,0,pink snakeskin jegging,Urban Outfitters,Other
10006238,0,17.99,0.0,,pink tanktop medium,Adrienne Vittadin,Top
10003727,0,22.99,0.0,XS,pink sweatshirt burgundy,Pink,Top
10003658,0,32.99,0.0,25,pistola pant red,Pistola,Jeans/Pants
10003681,0,25.99,0.0,M,polo pullover grey,Polo by Ralph Lauren,Sweater/Cardigan
10005383,1,0.0,0.0,S,princess polly tank beige,Princess Polly,Top
10006066,1,0.0,0.0,10,princesspolly crptop wht,Princess Polly,Top
10003741,1,0.0,0.0,10,rafaella skirt blk,Rafaella,Skirt
10006177,1,0.0,0.0,M,red and black patterned dress,Desigual,Dress
10006199,0,29.99,0.0,,red and white plaid dress shirt small,J Crew,Dress
10006178,0,22.99,0.0,2,red skirt,J Crew,Skirt
10006881,0,19.99,0.0,S,redbrownVelvetLaceTankTop,Unknown,Top
10006075,1,0.0,0.0,M,reiss tank pnk,Reiss,Top
10006654,1,0.0,0.0,XXL,reversible sundress,Unknown,Dress
10007802,0,29.99,0.0,M,reversible sundress,Unknown,Dress
10006220,0,19.99,0.0,,ribbed purple middle scrunk croptop small,Altar'd State,Top
10004714,1,0.0,0.0,XL,romeo juliet swtr burgendy,Romeo X Juliet,Sweater/Cardigan
10005818,0,28.99,0.0,S,rosa cheri bls floral,Rosa Cheri,Top
10005393,0,24.99,0.0,M,rue21 b tank red,Rue 21,Top
10005488,0,24.66803,0.0,M,sadie&sage bls beige,Sadie & Sage,Top
10004711,1,0.0,0.0,XL,sag harbor swtr gry,Sag Harbor,Sweater/Cardigan
10004683,1,0.0,0.0,M,sag harbor swtr pnk,Sag Harbor,Sweater/Cardigan
10005477,1,0.0,0.0,,sagharbor swtr prp 1x,Sag Harbor,Sweater/Cardigan
10006234,1,0.0,0.0,XS,sequined shoulder blouse,BCBG Maxazria,Top
10006835,1,0.0,0.0,L,shear brown tanktop,Unknown,Top
10006200,1,0.0,0.0,,shear red long sleeve blouse medium,Unknown,Top
10007798,1,0.0,0.0,,shear velvet black body suit 2x,Jolie & Joy,Other
10004893,1,0.0,0.0,L,shein skrt blk,Shein,Skirt
10003617,1,0.0,0.0,,shinestar pant blk 1x,Shinestar,Jeans/Pants
10006857,0,22.99,0.0,L,signature white dress shirt,Signature by Larry Levine,Dress
10007814,1,0.0,0.0,XL,silk black shortsleeve jacket,Whats Hot,Shorts
10006218,0,19.32782,0.0,,silk black tank small,Tahari,Top
10006202,1,0.0,0.0,XL,silk purple body suit,Express,Other
10005800,0,24.99,0.0,,silver and blue bracelet,Unknown,Accessories
10007759,0,115.0,0.0,,silver skull clutch bag,Unknown,Accessories
10005392,1,0.0,0.0,S,sinequanone drs shrt red strip,Sinequanone,Shorts
10005358,0,21.99,0.0,M,skies are blue jumper red,Skies are Blue,Other
10008133,1,0.0,16.0,10,skirtin around pink chain skirt,Skirtin Around,Skirt
10006233,0,25.99,0.0,,smiley tshirt medium,Newbury Kustom,Top
10008142,1,0.0,8.0,L,so high rise knit brown skirt,So Good For Life,Skirt
10005484,0,25.99,0.0,,sonoma hat blk,Sonoma,Accessories
10006189,1,0.0,0.0,,sparkly white tie top small,Peppermayo,Top
10006430,1,0.0,0.0,M,spencer jeremy black and white blouse,Spencer Jeremy,Top
10003634,1,0.0,0.0,12,st. johns bay pant brw,St. Johns Bay,Jeans/Pants
10006632,1,0.0,0.0,L,staring at stars grey crop top,Staring At Stars,Top
10004950,0,16.99,0.0,,stjohnsbay sht rd strip 1x,St Johns Bay,Other
10006424,1,0.0,0.0,6,strapless floral guess dress,Guess,Dress
10004673,1,0.0,0.0,L,susan graver vest prp,Susan Graver,Top
10005362,0,32.99,0.0,42,swing corset pnk,Swing,Set
10004873,1,0.0,0.0,16,talbots skrt blk,Talbot's,Skirt
10003616,0,18.193,0.0,,talbots sweater multi purp sp,Talbots,Sweater/Cardigan
10004718,1,0.0,0.0,XXL,talbots swtr drk blu,Talbots,Sweater/Cardigan
10004715,1,0.0,0.0,XL,talbots swtr pnk,Talbot's,Sweater/Cardigan
10005802,1,0.0,0.0,XL,talbots swtrblk&wht,Talbots,Sweater/Cardigan
10007808,1,0.0,0.0,S,tan knit tanktop,Bodin Kits,Sweater/Cardigan
10003739,1,0.0,0.0,L,tang zing rui button down brw,Tang Zing Rui,Other
10006061,1,0.0,0.0,2,tedbaker shrt blk,Ted Baker,Shorts
10006227,1,0.0,0.0,XL,tennessee vols tshirt,Blue 84,Top
10006223,1,0.0,0.0,,textured beige crop top large,J For Justify,Top
10006219,0,18.99,0.0,,textured white brallette top small,Zara,Top
10003628,1,0.0,0.0,10,theory pant blk,Theory,Jeans/Pants
10006062,1,0.0,0.0,XS,thirtythirty tank pnk,Thirty Thirty,Top
10008117,1,0.0,0.0,XL,three yellow sleeveless blouse,Three,Top
10007812,1,0.0,0.0,,tie dye long cami 1X,Live 4 Truth,Top
10006213,1,0.0,0.0,XXS,tiedye cropped tank,Deletta,Top
10003624,1,0.0,0.0,M,trafaluc pant burgundy,Zara Trafaluc,Jeans/Pants
10003671,1,0.0,0.0,,true religion bag blk,True Religion,Accessories
10005397,1,0.0,0.0,L,tulip b skt dots,Tulip B,Other
10004670,1,0.0,0.0,,under armor sweatsht gry lg,Under Armor,Other
10006078,1,0.0,0.0,M,unknown.tank floral,Unknown,Top
10004686,0,31.44783,0.0,,unknown belt bwn sprk,Unknown,Accessories
10005858,0,14.99,0.0,,unknown belt dark leather,Unknown,Accessories
10005813,0,14.99,0.0,,unknown belt leather,Unknown,Accessories
10005859,0,16.99,0.0,,unknown belt multicolor leather,Unknown,Accessories
10005811,0,18.99,0.0,,unknown belt pnk&brwn,Unknown,Accessories
10005860,0,15.99,0.0,,unknown belt silver metal,Unknown,Accessories
10005348,0,12.99,0.0,M,unknown bls blk,Unknown,Top
10006072,1,0.0,0.0,M,unknown bls shearblk,Unknown,Top
10006068,1,0.0,0.0,S,unknown bls ylworg,Unknown,Top
10006060,1,0.0,0.0,S,unknown dress shrt navy,Unknown,Dress
10005380,0,39.99,0.0,M,unknown dress org flw,Unknown,Dress
10005482,1,0.0,0.0,,unknown hat blk,Unknown,Accessories
10005481,0,10.99,0.0,,unknown hat brgndy,Unknown,Accessories
10005379,0,25.99,0.0,S,unknown skt set teal org,Unknown,Set
10005486,1,0.0,0.0,M,unknown tank beige,Unknown,Top
10006071,0,15.99,0.0,M,unknown tank blk,Unknown,Top
10005485,1,0.0,0.0,S,unknown tank floral,Unknown,Top
10004885,0,24.99,0.0,XL,unknown top plad,Unknown,Top
10002024,1,0.0,0.0,,unknownDress_BC,Unknown,Dress
10002561,1,0.0,0.0,,unknownJacket_Si,Unknown,Jacket/Coat
10002794,1,0.0,0.0,,unknownJacket_So,Unknown,Jacket/Coat
10000091,2,32.98,0.0,,unknownLS Top,Unknown,Top
10004044,1,0.0,0.0,,unknownLS Top_unn,Unknown,Top
10002004,1,0.0,0.0,,unknownSkirt_12,Unknown,Skirt
10002646,1,0.0,0.0,,unknownSweater_Ji,Unknown,Sweater/Cardigan
10000177,0,0.0,0.0,,unknownSweater_Li,Unknown,Sweater/Cardigan
10001748,1,0.0,0.0,,unknownSweatshirt_Ke,Unknown,Top
10004017,1,0.0,0.0,,unknownTank Top_Ux,Unknown,Top
10003078,1,0.0,0.0,,unknownThick Black Belt_Un,Unknown,Accessories
10003230,1,0.0,0.0,,unknownTurquoise & Silver Necklace,Unknown,Accessories
10000765,1,0.0,0.0,,unknowndress_To,Unknown,Dress
10000728,0,0.0,0.0,,unknownskirt_Ju,Unknown,Skirt
10005342,0,25.99,0.0,M,unkown dress red,Unknown,Dress
10005489,0,25.09975,0.0,XS,urban shear top blk rose,Urban Outfitters,Top
10004875,0,12.99,0.0,,urbn crp tp rd sp,Urban Outfitters,Other
10007797,1,0.0,0.0,,valerie stevens casual floral pant 12p,Valerie Stevens,Jeans/Pants
10003674,0,15.99,0.0,38,vanity fair ngt gwn cream,Vanity Fair,Other
10005359,0,28.99,0.0,8,ventilo la colline bls prp,Ventilo La Colline,Top
10006442,0,12.99,0.0,,vera bradley fabric belt,Vera Bradley,Accessories
10005349,1,0.0,0.0,S,vertical club skrt grn,Vertical Club,Skirt
10005360,2,0.0,0.0,L,vince camuto bls blu,Vince Camuto,Top
10003619,1,0.0,0.0,2,vince camuto boots blk 6 1,Vince Camuto,Shoes
10003667,1,0.0,0.0,6,vineyard vines button down clr plad,Vineyard Vines,Other
10008143,1,0.0,8.0,L,vintage Bentley grey floral skirt,Bentley,Skirt
10008097,1,0.0,0.0,10,vintage Private Label tan blouse,Private Label,Top
10007813,1,0.0,0.0,S,vintage black and white jacket,Nardis,Jacket/Coat
10008096,1,0.0,0.0,,vintage bown leather belt,Unknown,Accessories
10008091,1,0.0,0.0,M,vintage catalina sportswear tanktop,Catalina,Top
10005857,0,25.99,0.0,,vintage coach purse green,Coach,Accessories
10006197,1,0.0,0.0,,vintage coral dress shirt small,Antilia Femme,Dress
10008104,1,0.0,0.0,M,vintage eedra purple sweater dress,Eedra,Dress
10008099,1,0.0,0.0,M,vintage floral dress,Unknown,Dress
10008102,1,0.0,0.0,10,vintage forenza flowy pant,Forenza,Jeans/Pants
10006192,1,0.0,0.0,,vintage green and plaid shirt medium,Just Arrived,Top
10008095,1,0.0,0.0,XS,vintage green sweater dress,Unknown,Dress
10008103,1,0.0,0.0,XS,vintage grey pant,Unknown,Jeans/Pants
10008098,1,0.0,0.0,M,vintage heather&tweed sweater,Heather&Tweed,Sweater/Cardigan
10008094,1,0.0,0.0,36,vintage joyce bergendy sweater dress,Joyce,Dress
10008105,0,35.99,0.0,5,vintage kids green dress,Unknown,Dress
10008089,1,0.0,0.0,XS,vintage knit navy skirt,Unknown,Skirt
10008088,1,0.0,0.0,S,vintage knit sweater,Unknown,Sweater/Cardigan
10008086,1,0.0,0.0,XS,vintage knit tanktop,Unknown,Sweater/Cardigan
10006172,1,0.0,0.0,M,vintage long sleeve blouse,Unknown,Top
10006169,1,0.0,0.0,M,vintage long sleeve purple blouse,Sears,Top
10006175,1,0.0,0.0,14,vintage navy blouse,Belle,Top
10006179,1,0.0,0.0,,vintage navy skirt small,Unknown,Skirt
10008106,1,0.0,0.0,M,vintage navy sweater dress,Unknown,Dress
10006170,0,32.99,0.0,M,vintage pant suit set,Mannerism,Jeans/Pants
10008109,1,0.0,0.0,S,vintage patchwork jumpsuit,Unknown,Romper/Jumpsuit
10008110,1,0.0,0.0,,vintage patchwork skirt s-m,Unknown,Skirt
10006171,1,0.0,0.0,M,vintage pink gown,Unknown,Dress
10006196,1,0.0,0.0,,vintage pink shear robe small,Unknown,Other
10008100,0,35.99,0.0,9,vintage pink sweater dress with belt,Unknown,Dress
10008108,1,0.0,0.0,XS,vintage plaid pants,Unknown,Jeans/Pants
10006181,0,21.99,0.0,,vintage purple patterned pants small,Unknown,Jeans/Pants
10008101,1,0.0,0.0,M,vintage purple sweater,Unknown,Sweater/Cardigan
10008107,1,0.0,0.0,M,vintage red knit skirt,Unknown,Skirt
10006183,1,0.0,0.0,,vintage red night set small,Unknown,Set
10008090,1,0.0,0.0,,vintage westex leather brown skirt 11-12,Westex,Skirt
10008092,0,10.99,0.0,S,vintage white halter top,Unknown,Top
10006198,1,0.0,0.0,12,vintage yellow dress shirt,Evan Picone,Dress
10006644,1,0.0,0.0,,white house black market black blouse medium,White House Black Market,Top
10003611,1,0.0,0.0,2,white house black market pant green,White House Black Market,Jeans/Pants
10003724,1,0.0,0.0,10,white house black mkt jacket lgtprp,White House Black Market,Jacket/Coat
10006174,0,34.99,0.0,10,white skirt with design,Persaman,Skirt
10006209,1,0.0,0.0,,white textured tank medium,Chaps,Top
10005855,1,0.0,0.0,,whiting and davis purse wht,Whiting And Davis,Accessories
10004952,1,0.0,0.0,S,wildfox swtr wht,Wildfox,Sweater/Cardigan
10004672,0,18.99,0.0,M,windsor bodysuit blk,Windsor,Top
10004887,0,22.99,0.0,S,wonderly skrt flr,Wonderly,Skirt
10003613,1,0.0,0.0,6,worthington pant blk,Worthington,Jeans/Pants
10006229,0,27.99,0.0,,yellow floral design blouse medium,Loft,Top
10006633,1,0.0,0.0,M,yellow zara tanktop,Zara NWT,Top
10008137,1,0.0,8.0,M,zara ruffled cropped tank,Zara,Top
10006070,1,0.0,0.0,S,zara crptop beige,Zara,Other
10005389,1,0.0,0.0,XXL,zara dress red,Zara,Dress
10004681,1,0.0,0.0,S,zara swtr blu,Zara,Sweater/Cardigan
10004700,1,0.0,0.0,L,zara swtr gry,Zara,Sweater/Cardigan
10004695,1,0.0,0.0,M,zazzies swtr prpl,Zazzies,Sweater/Cardigan
10008139,1,0.0,8.0,XL,zenana pink lace tanktop,Zenana,Top
