sku,product_name,brand_name,product_category,size,retail_price,supply_price,gross_margin_pct,current_inventory,sold_revenue,closing_inventory,inventory_cost
10007594,Flowers,,Other,,22.5,16.0,28.9,1,567.5,1,0.0
10003680,coach bridget blk,Coach,Other,,450.0,0.0,,0,445.0,0,0.0
10006273,Vintage Y2K Baby Pink Coach Soho Shoulder Bag,Coach,Accessories,,350.0,0.0,,0,343.91304,0,0.0
10006670,Pink coach mini purse,Coach,Accessories,,300.0,0.0,,0,300.0,0,0.0
10003063,ChloePurse_Ch,Chloe,Accessories,,299.0,0.0,,0,299.0,0,0.0
10007672,Coach Small Pink Purse Gold Hardware Zipper,Coach,Accessories,,295.0,0.0,,0,287.17465,0,0.0
10005738,Coach Fringe Brown Purse AS IS,Coach,Accessories,,275.0,0.0,,0,275.0,0,0.0
10007763,Coach JadeGreyPurse,Coach,Accessories,,275.0,0.0,,0,270.41651,0,0.0
10003650,CoachMiniEdiewStudsBlack,Coach,Other,,250.0,0.0,,1,250.0,1,0.0
10004488,Coach PinkStitchedSoho,Coach,Other,,245.0,0.0,,0,245.0,0,0.0
10003436,Coach Apple Green Suede Hobo Bag,Coach,Accessories,,225.0,0.0,,0,225.0,0,0.0
10005607,Coach Black Leather Purse,Coach,Accessories,,225.0,0.0,,0,225.0,0,0.0
10003148,Coach Erin Leather Shoulder Bag,Coach,Accessories,,225.0,0.0,,0,225.0,0,0.0
10003432,VINTAGE Coach Pink Soho Flap Bag,Coach,Accessories,,225.0,0.0,,0,225.0,0,0.0
10004522,Coach Green Purse Leather Handle,Coach,Accessories,,225.0,0.0,,0,221.08696,0,0.0
10007595,Desigual RedPatternJacket US6,Desigual,Jacket/Coat,40,200.0,0.0,,0,200.0,0,0.0
10007843,Coach Pink Hampton Leather Bag,,Accessories,,199.99,175.42,12.3,0,199.99,0,0.0
10006832,Black leather coach purse,Coach,Accessories,,195.0,0.0,,0,195.0,0,0.0
10005903,Coach Mini Bennett Satchel w Studs,Coach,Other,,195.0,0.0,,0,195.0,0,0.0
10008270,Coach Pink Madison Hobo,,Other,,195.0,168.0,13.8,0,195.0,0,0.0
10003761,1883 Teal and Brown Cowgirl Boots,1883 by Luccheen,Shoes,7.5,224.99,0.0,,0,185.0,0,0.0
10006331,Desigual Blue Black Red Long Coat,Desigual,Jacket/Coat,40,175.0,0.0,,0,175.0,0,0.0
10005740,Desigual Blue Multicolor Coat,Desigual,Jacket/Coat,40,175.0,0.0,,0,175.0,0,0.0
10005741,Desigual Blue White Longcoat,Desigual,Jacket/Coat,36,175.0,0.0,,0,175.0,0,0.0
10005733,Desigual Multicolor Coat,Desigual,Jacket/Coat,40,175.0,0.0,,0,175.0,0,0.0
10006403,Desigual GrnPatternJacket,Desigual,Jacket/Coat,38,175.0,0.0,,0,175.0,0,0.0
10004527,RLL Black Fringe Purse,Lauren Ralph Lauren,Accessories,,155.0,0.0,,0,155.0,0,0.0
10006231,black long jacket,Desigual,Jacket/Coat,,150.0,0.0,,0,150.0,0,0.0
10005090,Timmy Woods Tortoise Shell Purse,Timmy Woods,Accessories,,150.0,0.0,,0,150.0,0,0.0
10006578,VINTAGE 90s Rafe Designer Handbag,Rafe Designer,Accessories,,150.0,0.0,,0,150.0,0,0.0
10005854,VINTAGE Coach Legacy Tote,Coach,Accessories,,145.99,0.0,,0,145.99,0,0.0
10008444,NWOT Pink Boots,,Shoes,9,139.99,111.18,20.6,0,139.99,0,0.0
10005971,Vero Cuoio Metal Toe Boots,Vero Cuoio,Shoes,7.5,135.99,0.0,,0,135.99,0,0.0
10004376,FarmRio PinkMulticolDress,Farm Rio,Dress,L,135.0,0.0,,0,135.0,0,0.0
10004548,Leather Fringe Dress,,Dress,S,135.0,0.0,,0,135.0,0,0.0
10004173,Vintage Graphic Tunic Black,Miss Sixty,Other,M,130.0,0.0,,0,130.0,0,0.0
10003335,Badgley Mischka Dress Floral Black,Badgley Mischka,Dress,,125.99,0.0,,0,125.99,0,0.0
10006617,Charlie Horse Handcrafted Brazilian Boots 8.5,,Shoes,,125.0,0.0,,0,125.0,0,0.0
10003129,CoachPurse_Cx,Coach,Accessories,,125.0,0.0,,0,125.0,0,0.0
10005957,Desigual Purple Orange Boots,Desigual,Shoes,9.5,125.0,0.0,,0,125.0,0,0.0
10004908,Scully Blk&BlueFringeJacket,Scully,Jacket/Coat,S,125.0,0.0,,0,125.0,0,0.0
10007759,silver skull clutch bag,Unknown,Accessories,,115.0,0.0,,0,115.0,0,0.0
10006788,MulticolFlowerDress,Unknown,Dress,11,100.0,0.0,,0,100.0,0,0.0
10005675,Romeo & Juliet Top Red and Black,,Top,,99.99,0.0,,0,99.99,0,0.0
10006668,brown leather corral cowboy boot 8-8.5,Pecos Bill,Shoes,,85.99,0.0,,0,85.99,0,0.0
10006440,desigual black sweater jean jacket,Desigual,Jeans/Pants,46,85.99,0.0,,0,85.99,0,0.0
10006553,Desigual Green Denim Sequin Jacket,Desigual,Jeans/Pants,46,85.99,0.0,,0,85.99,0,0.0
10007382,SterlingSilverTigersEyeRing,Unknown,Accessories,,85.99,0.0,,0,85.99,0,0.0
10006771,Vintage Sunflower Dress,Unknown,Dress,14,85.99,0.0,,0,85.99,0,0.0
10003144,Chista Beaded Handbag,Chista,Accessories,,85.0,0.0,,0,85.0,0,0.0
10003131,CoachPurse_Cy,Coach,Accessories,,85.0,0.0,,0,85.0,0,0.0
10005797,Downey purse,,Accessories,,85.0,0.0,,-1,85.0,-1,0.0
10003780,Ariat Brown and Pink Cowgirl Boots,Ariat,Shoes,9,84.99,0.0,,0,84.99,0,0.0
10003313,Brown Suede Boots,Unknown,Shoes,11,84.99,0.0,,0,84.99,0,0.0
10005042,Suede Fringe Coat,Unknown,Jacket/Coat,M,84.99,0.0,,0,84.99,0,0.0
10005941,Michael Kors Brown Little Bag w Tassel,Michael Kors,Top,,85.99,0.0,,0,81.46326,0,0.0
10008297,CorralBoots MarronStudBoots,Corral Boots,Shoes,8,79.99,0.0,,0,79.99,0,0.0
10004185,Harley D. Leather Boots,Harley Davidson,Shoes,9.5,79.99,0.0,,0,79.99,0,0.0
10007696,NWTChicos DenimEmbJacket,Chico's,Jeans/Pants,0,79.99,0.0,,0,79.99,0,0.0
10007373,BDarlin GrnfloralRuffleDress,B Darlin,Dress,7,75.99,0.0,,0,75.99,0,0.0
10006328,Frye Wood Heels,Frye,Top,7.5,75.99,0.0,,0,75.99,0,0.0
10006056,hrlydvdsn boot bwn lthr,Harley Davidson,Shoes,7,75.99,0.0,,0,75.99,0,0.0
10004645,NWT Red Multicolor Dress,Unknown,Dress,M,75.99,0.0,,0,75.99,0,0.0
10007063,Tory Burch Brown Heels,Tory Burch,Top,8,75.99,0.0,,0,75.99,0,0.0
10006772,Vintage Club 515 Yellow Floral Dress Sz M,Club 515,Dress,,75.99,0.0,,0,75.99,0,0.0
10008546,VintagePamelaF RedStitchSkirt,Pamela Ferrari,Skirt,6,75.99,0.0,,0,75.99,0,0.0
10002639,CristinaJacket_J,Cristina,Jacket/Coat,,39.99,0.0,,0,75.98,0,0.0
10003434,Fossil Hobo Handbag,Fossil,Top,,75.0,0.0,,0,75.0,0,0.0
10005728,Silver Metal Skull Ring Purse,Unknown,Accessories,,75.0,0.0,,0,75.0,0,0.0
10007197,Silver Metal Skulls Ring Purse,,Top,,75.0,0.0,,0,75.0,0,0.0
10006495,Vintage Lamp Black & Brown,,Other,,74.99,0.0,,0,74.99,0,0.0
10007471,VINTAGE Shiny Pink Green SS Dress,Unknown,Dress,S,74.99,0.0,,0,74.99,0,0.0
10008050,VintageIsabel BlueFlowrSwtr,Isabel of Saks Fifth Avenue,Sweater/Cardigan,S,74.99,0.0,,0,73.19555,0,0.0
10003950,12th Tribe White Sequin Jacket,12th Tribe,Jacket/Coat,M,69.99,0.0,,0,69.99,0,0.0
10003883,JB Dillon Cream Cowgirl Boots,JB Dillon,Shoes,9,69.99,0.0,,0,69.99,0,0.0
10005008,Sanctuary NWT Black Mustard Jumpsuit,Sanctuary,Romper/Jumpsuit,8,69.99,0.0,,0,69.99,0,0.0
10007404,Patricia Nash Brown Purse,Patricia Nash,Accessories,,68.99,0.0,,0,68.99,0,0.0
10006773,Vintage Light Blue Lace Dress,Unknown,Dress,M,65.99,0.0,,0,65.99,0,0.0
10004553,Coach Dark Brown Purse Tan Strap,Coach,Accessories,,65.0,0.0,,0,65.0,0,0.0
10003439,Coach Madison Phoebe Gold Studded Bag,Coach,Accessories,,65.0,0.0,,0,65.0,0,0.0
10004659,VintageGrn&PinkDress,Unknown,Dress,S,65.0,0.0,,0,65.0,0,0.0
10006688,VINTAGE Duckhead Jean Striped Overalls,Duckhead,Jeans/Pants,XS,64.99,0.0,,0,64.99,0,0.0
10008061,VintageAW Red&BrwnPurse,American West,Accessories,,64.99,0.0,,0,62.34749,0,0.0
10003441,Cali 1850 Bluejeans,Cali 1850,Jeans/Pants,6,59.99,0.0,,0,59.99,0,0.0
10004519,Coach Yllw Houndstooth Handbag,Coach,Accessories,,59.99,0.0,,0,59.99,0,0.0
10005910,Desigual Green Skirt w Buckle,Desigual,Skirt,38,59.99,0.0,,0,59.99,0,0.0
10003769,Jessica M Black Skirt VINTAGE,Jessica McClintock,Skirt,5,59.99,0.0,,0,59.99,0,0.0
10007483,Silver Dragon Green Blazer,,Jacket/Coat,M,59.99,0.0,,0,59.99,0,0.0
10005853,Tory Burch Pink Blue Small Purse,Tory Burch,Accessories,,59.99,0.0,,0,59.99,0,0.0
10006474,VINTAGE 2 Piece Bogart Brown Set,Bogart of Texas,Set,9,59.99,0.0,,0,59.99,0,0.0
10006458,VINTAGE Green Jumpsuit,Unknown,Romper/Jumpsuit,XS,59.99,0.0,,0,59.99,0,0.0
10007037,NWT Guess Denim Shorts Jumper,Guess,Shorts,S,58.99,0.0,,0,58.99,0,0.0
10007584,Paddle & Saddle Brown VINTAGE SL Jumpsuit,Paddle & Saddle,Romper/Jumpsuit,,59.99,0.0,,0,57.60888,0,0.0
10006814,Anthropologie Reformation Plaid Top,Anthropologie,Top,L,55.99,0.0,,0,55.99,0,0.0
10005165,D&G Floral Jacket,Dolce X Gabbana,Jacket/Coat,2,55.99,0.0,,0,55.99,0,0.0
10006252,Djer Kiss Kissing Fairies Compact 1920s,Djer Kiss,Top,,55.99,0.0,,0,55.99,0,0.0
10005865,Johnny Was Beige Dress,Johnny Was,Dress,S,55.99,0.0,,0,55.99,0,0.0
10003979,Kokin Black Tulle Hat,Kokin,Accessories,,55.99,0.0,,1,55.99,1,0.0
10006270,L'Artiste Boots Brown,,Shoes,7.5,55.99,0.0,,0,55.99,0,0.0
10007059,Manolo Blahnik Black Studded Heels,Manolo Blahnik,Top,9,55.99,0.0,,0,55.99,0,0.0
10006011,Mystree BrwnStripeSweater,Mystree,Sweater/Cardigan,S,55.99,0.0,,0,55.99,0,0.0
10005736,NWT Lady Black Tie Blush Pink Dress,Lady Black Tie,Dress,14,55.99,0.0,,0,55.99,0,0.0
10006038,THML Blk&WhipatternTop,Thml,Other,S,55.99,0.0,,0,55.99,0,0.0
10007891,Silver bracelet silbver,Unknown,Accessories,,55.0,0.0,,0,55.0,0,0.0
10006253,Wire Purse,Unknown,Accessories,,55.0,0.0,,0,55.0,0,0.0
10007657,Billini Silver Boots,,Shoes,7,54.99,20.0,63.6,0,54.99,0,0.0
10008443,Kate Spade PInk Lola Tote Bag,,Accessories,,54.99,9.99,81.8,0,54.99,0,0.0
10006630,pink oasis tanktop,Oasis,Top,L,54.99,0.0,,0,54.99,0,0.0
10008422,La Lavon White Floral Dress,,Dress,L,54.99,14.25,74.1,0,51.75453,0,0.0
10004513,VINTAGE MaryFrances Hndbg,Mary Frances,Other,,50.0,0.0,,0,50.0,0,0.0
10003350,Born Tan Boots,Born,Shoes,10,49.99,0.0,,0,49.99,0,0.0
10007676,Gianni Bini Brown Boots 7.5,,Shoes,,49.99,0.0,,0,49.99,0,0.0
10006649,house of harlow multi color maxi dress,House of Harlow 1960,Dress,S,49.99,0.0,,0,49.99,0,0.0
10006847,Long white skirt,Unknown,Skirt,S,49.99,0.0,,0,49.99,0,0.0
10007498,NBD Sequin Top,,Top,S,49.99,0.0,,0,49.99,0,0.0
10006449,VINTAGE Cream Pink Blue Sheer Dress,Unknown,Dress,S,49.99,0.0,,0,49.99,0,0.0
10007184,Vintage Grey Vest,,Top,S,49.99,0.0,,0,49.99,0,0.0
10006479,VINTAGE Magica Blue 2 Piece Set,Magica,Set,M,49.99,0.0,,0,49.99,0,0.0
10003928,Maniere De Voir WhtSatin Bustier,Maniere De Voir,Other,L,48.99,0.0,,0,48.99,0,0.0
10004166,BC Vintage Faux Leather Jacket Black,Bc,Jacket/Coat,L,49.99,0.0,,0,48.79378,0,0.0
10007704,JSColl BlkWhiStripeDress,JS Collection,Dress,6,59.99,0.0,,0,47.992,0,0.0
10004202,Vince C Black Jumpsuit,Vince Camuto,Romper/Jumpsuit,8,47.99,0.0,,0,47.99,0,0.0
10007157,Brown Chic Vintage T Shirt,,Top,L,23.99,16.0,33.3,23,47.98,23,368.0
10007146,Pink Chic Vintage T Shirt,,Top,M,23.99,16.0,33.3,23,47.98,23,368.0
10007838,Aureum NWT Yellow Blue Shorts,Aureum NWT,Shorts,M,49.99,0.0,,0,47.68206,0,0.0
10006739,Bisou Bisou Silver Bracelet Black Stone,Bisou Bisou,Accessories,,46.99,0.0,,0,46.99,0,0.0
10004883,5a7 jns dnm,5A7,Jeans/Pants,2,45.99,0.0,,0,45.99,0,0.0
10003326,Akira Chicago Black Label Dress,Akira Chicago,Dress,,45.99,0.0,,1,45.99,1,0.0
10007055,Akira Cream Boots,Akira,Shoes,8,45.99,0.0,,0,45.99,0,0.0
10005701,Another Label Orange & Black Jacket,Another Label,Jacket/Coat,S,45.99,0.0,,0,45.99,0,0.0
10002699,Bagatelle CollectionJacket,Bagatelle Collection,Jacket/Coat,,45.99,0.0,,0,45.99,0,0.0
10003984,Brahman Brown Leather Purse,Brahman,Accessories,,45.99,0.0,,0,45.99,0,0.0
10004248,Bronze Square-Toe Boot,Gianni Bini,Shoes,9,45.99,0.0,,0,45.99,0,0.0
10007127,Carolina Belle Montreal Blue Jacket,Carolina Belle,Jacket/Coat,S,45.99,0.0,,0,45.99,0,0.0
10004620,Claudia Strater Green & Gold Dress,Claudia Strater,Dress,XL,45.99,0.0,,0,45.99,0,0.0
10005052,Coach Audrey Tote Seafoam Green,Coach,Accessories,,45.99,0.0,,0,45.99,0,0.0
10000175,DemocracyPants,Democracy,Jeans/Pants,,1.0,0.0,,0,45.99,0,0.0
10005913,Desigual Green Colorful Dress,Desigual,Dress,38,45.99,0.0,,0,45.99,0,0.0
10006609,Desigual Yellow Leather Jacket,Desigual,Jacket/Coat,M,45.99,0.0,,0,45.99,0,0.0
10007128,Elana Kattau Rainbow Jumpsuit,Elana Kattau,Romper/Jumpsuit,S,45.99,0.0,,0,45.99,0,0.0
10006983,Isaac Mizrahi White Dress,Isaac Mizrahi,Dress,6,45.99,0.0,,0,45.99,0,0.0
10004189,James Jeans Jacket Blk Wax Denim,James Jeans,Jeans/Pants,,45.99,0.0,,0,45.99,0,0.0
10006809,Lily Pulitzer Orange Dress,Lily Pulitzer,Dress,,45.99,0.0,,0,45.99,0,0.0
10007261,Listicle Light Blue Dress,,Dress,L,45.99,0.0,,0,45.99,0,0.0
10005415,LiuJo PurpKnitDress,Liu Jo,Dress,S,45.99,0.0,,0,45.99,0,0.0
10007316,Metalpurse,,Accessories,,45.99,0.0,,-1,45.99,-1,0.0
10007250,NWT BCBG Brown Dress,,Dress,8,45.99,0.0,,0,45.99,0,0.0
10005819,NWT draper james dress org,Draper James NWT,Dress,4,45.99,0.0,,0,45.99,0,0.0
10007252,NWT Mable White Jacket,,Jacket/Coat,M,45.99,0.0,,0,45.99,0,0.0
10006428,persaman beige jacket,Persaman,Jacket/Coat,M,45.99,0.0,,0,45.99,0,0.0
10006307,Persaman Biege Corduory Jacket,Persaman,Jacket/Coat,S,45.99,0.0,,0,45.99,0,0.0
10006250,Revlon Ivory Love Pat Compact Mirror 1960s,Revlon,Other,,45.99,0.0,,0,45.99,0,0.0
10007300,Saintart Army Green Satin Pants,Saintart,Jeans/Pants,S,45.99,0.0,,0,45.99,0,0.0
10007188,Theory Dress Black,,Dress,4,45.99,0.0,,0,45.99,0,0.0
10005997,TheSak BrwnFloralBag,The Sak,Accessories,,45.99,0.0,,0,45.99,0,0.0
10006274,VINTAGE Floral Orange Tan Shirt,Unknown,Top,12,45.99,0.0,,0,45.99,0,0.0
10004554,Dooney & B Small Navy Blue Wristlet Tan Strap,Dooney & Burke,Other,,45.0,0.0,,0,45.0,0,0.0
10007839,VINTAGE Saks 5th Ave Makeup Compact,Saks 5Th Ave,Other,,45.0,0.0,,0,45.0,0,0.0
10003764,Baby Pink Cowgirl Boots,,Shoes,9,44.99,0.0,,0,44.99,0,0.0
10006185,blue patterned dress medium,Desigual,Dress,,44.99,0.0,,0,44.99,0,0.0
10008298,NicoleLee GreenSequinflowerPurse,Nicole Lee,Accessories,,44.99,0.0,,0,44.99,0,0.0
10003809,Polo US Open Sweatshirt,Polo Ralph Lauren,Top,XL,44.99,0.0,,0,44.99,0,0.0
10005641,Vertigo Black SL Top,Vertigo,Top,XS,45.99,0.0,,0,44.77004,0,0.0
10002407,JezebelCamisole,Jezebel,Top,,19.99,0.0,,0,44.05419,1,0.0
10003549,NWT WHBM Skirt Black & White,White House Black Market,Skirt,0,43.99,0.0,,1,43.99,1,0.0
10004327,DraperJames LightPinkDress,Draper James,Dress,XS,42.99,0.0,,0,42.99,0,0.0
10001050,Harley DavidsonTee Shirt_Li,Harley Davidson,Top,,42.99,0.0,,0,42.99,0,0.0
10007328,Kourt Black Dress,Kourt,Dress,M,42.99,0.0,,0,42.99,0,0.0
10004199,VINTAGE Luisa Spagnoli Top Blck,Louisa Spagnoli,Top,L,42.99,0.0,,0,42.99,0,0.0
10003509,Democracy Pants Pink,Democracy,Jeans/Pants,8,44.99,0.0,,0,42.1233,0,0.0
10004540,Blush Lavender Lingerie Romper,Blush,Romper/Jumpsuit,L,40.0,0.0,,0,40.0,0,0.0
10006712,Abercrombie & F Strapless Orange Dress,Abercrombie & Fitch,Dress,S,39.99,0.0,,0,39.99,0,0.0
10005487,allsaints bls blk,Allsaints Spitalfields,Top,S,39.99,0.0,,0,39.99,0,0.0
10002784,Ann TaylorJacket_La,Ann Taylor,Jacket/Coat,,39.99,0.0,,0,39.99,0,0.0
10006982,Banana Rep White Jean Jacket,Banana Republic,Jeans/Pants,S,39.99,0.0,,0,39.99,0,0.0
10004977,Boden Blue & White Skirt,Boden,Skirt,6,39.99,0.0,,0,39.99,0,0.0
10007122,Colebrook Blk Leather Coat,Colebrook,Jacket/Coat,S,39.99,0.0,,0,39.99,0,0.0
10006580,Desigual Army Green Jacket w Beading,Desigual,Jacket/Coat,44,39.99,0.0,,0,39.99,0,0.0
10006502,Desigual Jean Skirt,Desigual,Skirt,38,39.99,0.0,,0,39.99,0,0.0
10006301,Desigual Pink Embroidered Dress,Desigual,Dress,36,39.99,0.0,,0,39.99,0,0.0
10007094,Fleur Silk Scarf,Fleur,Accessories,,39.99,0.0,,0,39.99,0,0.0
10003347,Green Suede Boots La Canadienne 1,La Canadienne,Shoes,6,39.99,12.99,67.5,0,39.99,0,0.0
10002474,Hanes (collector item)Tee Shirt_Za,Hanes (collector item),Top,,39.99,0.0,,0,39.99,0,0.0
10004394,HoldingHorses BrwnLacedBoot,Holding Horses,Shoes,39,39.99,0.0,,0,39.99,0,0.0
10003944,JR Nites Black Sheer Longsleeve,JR Nites,Other,12,39.99,0.0,,0,39.99,0,0.0
10000276,KutPants_Me,Kut,Jeans/Pants,,1.0,0.0,,0,39.99,1,0.0
10006691,Mink Pink Multicolor SL Dress,MinkPink,Dress,S,39.99,0.0,,0,39.99,0,0.0
10004740,Nick&Mo Prp&Blk Square Coat,Nick X Mo,Jacket/Coat,XL,39.99,0.0,,0,39.99,0,0.0
10004395,SamEdelman Blk&GoldLoafer,Sam Edelman,Shoes,8.5,39.99,0.0,,0,39.99,0,0.0
10007634,Sharmark Black Gold Shawl,,Other,,39.99,0.0,,0,39.99,0,0.0
10003962,Silver Sequin Sheer Dress,Unknown,Dress,M,39.99,0.0,,0,39.99,0,0.0
10007945,Slate & Willow Multi-color Dress XS,,Dress,,39.99,0.0,,0,39.99,0,0.0
10004073,Trench Italian Boot Blk,Trench,Jacket/Coat,7,39.99,0.0,,0,39.99,0,0.0
10005380,unknown dress org flw,Unknown,Dress,M,39.99,0.0,,0,39.99,0,0.0
10004535,VINTAGE Beige Slip Dress Embr,,Dress,S,39.99,0.0,,0,39.99,0,0.0
10003908,VINTAGE Blk&Gld Night Slip,Unknown,Other,M,39.99,0.0,,0,39.99,0,0.0
10006679,VINTAGE Collage Green Plaid Buttonup,Collage,Other,S,39.99,0.0,,0,39.99,0,0.0
10006514,VINTAGE JR Bazaar Black Colorful Skirt,JR Bazaar,Skirt,11,39.99,0.0,,0,39.99,0,0.0
10006454,VINTAGE Lily Pink LS Buttondown,Lily,Top,M,39.99,0.0,,0,39.99,0,0.0
10007299,Yellow Floral Suede SL Dress,Unknown,Dress,XXL,39.99,0.0,,0,39.99,0,0.0
10006584,Lellis Collection Jean Romper,Lelis Collection,Jeans/Pants,L,38.99,0.0,,0,38.99,0,0.0
10006664,NWT Levi Jean Overalls,Levi Strauss & Co,Jeans/Pants,S,38.99,0.0,,0,38.99,0,0.0
10005918,Persaman Pink & Yellow Skirt,Persaman,Skirt,10,38.99,0.0,,0,38.99,0,0.0
10005824,Shoreline Pink Purple Dress,Shoreline,Dress,,38.99,0.0,,0,38.99,0,0.0
10005915,Desigual Blue Skirt,Desigual,Skirt,XXL,39.99,0.0,,0,38.12061,0,0.0
10006513,Corduroy Red & Beige Skirt,Unknown,Skirt,10,37.99,0.0,,0,37.99,0,0.0
10007913,Free People Red NWT Lace Dress,Free People NWT,Dress,8,37.99,0.0,,0,37.99,0,0.0
10006966,Lauren RL White Off Shoulder Top,Lauren Ralph Lauren,Top,S,37.99,0.0,,0,37.99,0,0.0
10004204,Loft Black & White Stripe Dress NWT,Ann Taylor LOFT,Dress,00,37.99,0.0,,0,37.99,0,0.0
10007179,Lovestitch Dress Pink White,,Dress,M,37.99,0.0,,0,37.99,0,0.0
10003827,Madwell Skinny Jean,Madwell,Jeans/Pants,4,37.99,0.0,,0,37.99,0,0.0
10006618,Maggy London Dress Pink,,Dress,6,37.99,20.0,47.4,0,37.99,0,0.0
10006475,VINTAGE MJ Soffe TN Orange Crewneck,M.J. Soffe,Other,L,37.99,0.0,,0,37.99,0,0.0
10008741,Foxblood Black Dress S,,Dress,,39.0,9.75,75.0,0,37.66411,0,0.0
10004596,Lanz VINTAGE Pink Colorful Dress,Lanz Vintage,Dress,L,36.99,0.0,,0,36.99,0,0.0
10006638,Metal Scales Belt Floral Buckle,Unknown,Accessories,,36.99,0.0,,0,36.99,0,0.0
10007836,B. Right Pink Rose Strapless Dress,B. Right,Dress,S,37.99,0.0,,0,36.4821,0,0.0
10007080,Allegria Red Sling Backs,Allegria,Other,7,35.99,0.0,,0,35.99,0,0.0
10005716,Ann Taylor Black Leather Skirt,Ann Taylor,Skirt,8,35.99,0.0,,0,35.99,0,0.0
10004886,anthropologie skrt flr 2p,Anthropologie,Skirt,,35.99,0.0,,0,35.99,0,0.0
10006579,Baccini Jean Jacket inc Addon Pins,Baccini,Jeans/Pants,XL,35.99,0.0,,0,35.99,0,0.0
10006271,Basket Tote Purse,Unknown,Accessories,,35.99,0.0,,0,35.99,0,0.0
10005984,BCBG Burgundy Dress w Sleeves,BCBG Maxazria,Dress,M,35.99,0.0,,0,35.99,0,0.0
10006577,Bechamel Brown Woven Leather Bag,Bechamel,Accessories,,35.99,0.0,,0,35.99,0,0.0
10003662,boohoo dress pink,Boohoo,Dress,10,35.99,0.0,,0,35.99,0,0.0
10008480,Candies Pink Jacket,,Jacket/Coat,XL,35.99,8.5,76.4,0,35.99,0,0.0
10004299,Chicos JeanJacket,Chicoxs,Jeans/Pants,L,35.99,0.0,,0,35.99,0,0.0
10006008,ClothXStone GrnJumpsuit,Cloth X Stone,Romper/Jumpsuit,XS,35.99,0.0,,0,35.99,0,0.0
10004605,CoteFemme Grey&PinkDress,Cote Femme,Dress,10,35.99,0.0,,1,35.99,1,0.0
10005396,coutgo shoes blk,Coutgo,Shoes,6.5,35.99,0.0,,0,35.99,0,0.0
10005461,Dissh BlackDress,Dissh,Dress,6,35.99,0.0,,0,35.99,0,0.0
10008225,Flat White Cardigan OSFM,,Sweater/Cardigan,,35.99,8.99,75.0,0,35.99,0,0.0
10006343,Forever 21 Black Sheer Top,Forever 21,Top,M,35.99,0.0,,0,35.99,0,0.0
10008441,Helena Fejkova Beige Dress M,,Dress,L,35.99,9.0,75.0,0,35.99,0,0.0
10005960,J Crew Beige Red Blue Cashmere Sweater,J Crew,Sweater/Cardigan,M,35.99,0.0,,0,35.99,0,0.0
10004799,JouJou Brown Pleather Jacket,JouJou,Jacket/Coat,M,35.99,0.0,,0,35.99,0,0.0
10004168,Lace Long Tunic Apricot,Unknown,Other,L,35.99,0.0,,0,35.99,0,0.0
10005841,Laundry Black Lace SS Top,Laundry,Top,S,35.99,0.0,,0,35.99,0,0.0
10004652,LTDL Pink&prpSweater,Les Tricots De Lea,Sweater/Cardigan,S,35.99,0.0,,0,35.99,0,0.0
10002653,LushLS Top_Ro,Lush,Top,,16.99,0.0,,1,35.99,1,0.0
10006065,macaramewovenhandbag creme neverused 2pieces,Unknown,Accessories,,35.99,0.0,,0,35.99,0,0.0
10008116,nanette lepore colorful skirt,Nanette Lepore,Skirt,10,35.99,0.0,,0,35.99,0,0.0
10006182,navy skirt with flowers,Persaman,Skirt,8,35.99,0.0,,0,35.99,0,0.0
10003315,Nicole MillerNicole Miller Feather Tank,Nicole Miller,Top,,35.99,0.0,,0,35.99,0,0.0
10008373,Paper Lacer white longsleeve blouse,Paper Lacer,Top,S,35.99,10.99,69.5,0,35.99,0,0.0
10006293,Persaman Black Skirt White Flw,Persaman,Skirt,8,35.99,0.0,,0,35.99,0,0.0
10005919,Persaman Blue & Yellow Skirt,Persaman,Skirt,8,35.99,0.0,,0,35.99,0,0.0
10006296,Persaman Red & Black Skirt 10,Persaman,Skirt,,35.99,0.0,,0,35.99,0,0.0
10003892,RalphLauren Pink Tee,Ralph Lauren Sport,Top,M,35.99,0.0,,0,35.99,0,0.0
10005835,Silver shirt,,Top,,35.99,0.0,,-1,35.99,-1,0.0
10007338,Stella Dot Rhinestone Necklace,Stella & Dot,Accessories,,35.99,0.0,,0,35.99,0,0.0
10006757,Victoria's S Black Corset Top,Victoriaxs Secret,Top,M,35.99,0.0,,0,35.99,0,0.0
10008105,vintage kids green dress,Unknown,Dress,5,35.99,0.0,,0,35.99,0,0.0
10004538,VINTAGE Paper Doll Pink Longsleeve Pattern,Paper Doll,Other,M,35.99,0.0,,0,35.99,0,0.0
10008100,vintage pink sweater dress with belt,Unknown,Dress,9,35.99,0.0,,0,35.99,0,0.0
10005723,VINTAGE White Sequin Skirt,Unknown,Skirt,M,35.99,0.0,,0,35.99,0,0.0
10007886,VintageRedLeatherDress,Unknown,Dress,40,35.99,0.0,,0,35.99,0,0.0
10006137,VintageSarahCoventry GoldSToneBracelet,Sarah Coventry,Accessories,,35.99,0.0,,0,35.99,0,0.0
10006750,Vol. 1 Pink Brown Floral Blouse,Vol. 1,Top,L,35.99,0.0,,0,35.99,0,0.0
10007107,West 36th Denim Skirt Brown,West 36th,Skirt,L,35.99,0.0,,0,35.99,0,0.0
10006552,VINTAGE Brown Yellow Floral Umbrella,Unknown,Other,,35.99,0.0,,0,35.03531,0,0.0
10006616,100005553,,Other,,34.99,0.0,,-1,34.99,-1,0.0
10006324,Affinites AT Wrap LS Top,Affinites Armand Thiery,Top,S,34.99,0.0,,0,34.99,0,0.0
10005535,Black Jean Strapless Denim Dress,Unknown,Dress,XS,34.99,0.0,,0,34.99,0,0.0
10005682,Escada Pants Black XS,,Jeans/Pants,,34.99,0.0,,0,34.99,0,0.0
10006519,Flying T NWT Black Brown Knit Dress,Flying Tomato,Dress,L,34.99,0.0,,0,34.99,0,0.0
10006843,J Brand white jeans,J Brand,Jeans/Pants,26,34.99,0.0,,0,34.99,0,0.0
10007777,J Crew Pink Orange Floral SL Long Dress,J Crew,Dress,XS,34.99,0.0,,0,34.99,0,0.0
10005947,Jessica S NWT White Sweater w Pink,Jessica Simpson,Sweater/Cardigan,M,34.99,0.0,,0,34.99,0,0.0
10006776,Lovers& Friends Floral Mini Dress Sz S,Lovers + Friends,Dress,,34.99,0.0,,0,34.99,0,0.0
10003505,Lysse NY Pants Brown,Lysse New York,Jeans/Pants,M,34.99,0.0,,0,34.99,0,0.0
10005822,Madewell Striped Dress,Madewell,Dress,6,34.99,0.0,,0,34.99,0,0.0
10004297,Motel BlkBrownSwrlPant,Motel,Jeans/Pants,S,34.99,0.0,,0,34.99,0,0.0
10006530,Nina Black Buttondown Sheer SS,Nina,Top,M,34.99,0.0,,0,34.99,0,0.0
10005966,VINTAGE Blue Pattern LS Dress,Unknown,Dress,12,34.99,0.0,,0,34.99,0,0.0
10006174,white skirt with design,Persaman,Skirt,10,34.99,0.0,,0,34.99,0,0.0
10005934,Zara White Bodysuit,Zara,Top,M,34.99,0.0,,0,34.99,0,0.0
10007628,NWT Marc NY Faux Fur Yellow M,,Other,,35.99,9.0,75.0,0,34.56897,0,0.0
10003218,bis Charles Jourdan Heels,Charles Jourdan,Top,,35.99,0.0,,0,34.52663,0,0.0
10008083,Saks WhiCreamDress,Saks 5Th Ave,Dress,L,35.99,0.0,,0,34.42467,0,0.0
10003920,Red Lace Slip,Unknown,Other,S,35.99,0.0,,0,34.32318,0,0.0
10007174,Frederick's of Hollywood Leopard Slip,Frederick's of Hollywood,Other,M,33.99,0.0,,0,33.99,0,0.0
10007651,Mina Self Beige Collared Vest Top,Mina Self,Top,L,33.99,0.0,,0,33.99,0,0.0
10003854,Sigrid Khaki Pants Pink Stitch,Sigrid Olsen,Jeans/Pants,2,33.99,0.0,,0,33.99,0,0.0
10008509,The Normal Pants Yellow White L,,Jeans/Pants,,33.99,21.5,36.7,0,33.99,0,0.0
10008232,WHBM Cream Boho Bustier M,,Other,,33.99,4.99,85.3,0,33.99,0,0.0
10007847,Zara Multicolor Skirt M,,Skirt,,33.99,0.0,,0,33.99,0,0.0
10007780,Storia Muted Blush LS Dress,Storia,Dress,S,34.99,0.0,,0,33.46817,0,0.0
10008207,Adiva White LS Blouse M,,Top,,32.99,6.0,81.8,0,32.99,0,0.0
10003551,Alberto Makali Lace Top Black,Alberto Makali,Top,M,32.99,0.0,,0,32.99,0,0.0
10005821,Altar'd State Blue Dress,Altar'd State,Dress,S,32.99,0.0,,0,32.99,0,0.0
10005721,American Eagle Lace Mesh Skirt,American Eagle Outfitters,Skirt,XS,32.99,0.0,,0,32.99,0,0.0
10006426,amo floral blouse,Amo,Top,XS,32.99,0.0,,0,32.99,0,0.0
10006725,Angel Biba White Lace Dress,Angel Biba,Dress,S,32.99,0.0,,0,32.99,0,0.0
10006766,Armani Jeans Tan Dress,Armani,Dress,S,32.99,0.0,,0,32.99,0,0.0
10007337,ASTR White Dress,Astr,Dress,M,32.99,0.0,,0,32.99,0,0.0
10006365,AveMaria MeshOutdoorShirt,Ave Maria,Top,40,32.99,0.0,,0,32.99,0,0.0
10005125,Axes Brown Pleated Plaid Skirt,Axes,Skirt,M,32.99,0.0,,0,32.99,0,0.0
10003977,Black Detail Skirt,,Skirt,M,32.99,0.0,,0,32.99,0,0.0
10005901,Black floral shirt,,Top,,32.99,0.0,,-1,32.99,-1,0.0
10007402,Brighton WeaveShoulderBag,Brighton,Accessories,,32.99,0.0,,0,32.99,0,0.0
10006405,BrooksBro MulticolSkirt,Brooks Brothers,Skirt,8,32.99,0.0,,0,32.99,0,0.0
10002691,Carolina BelleJacket_Ba,Carolina Belle,Jacket/Coat,,59.99,0.0,,1,32.99,1,0.0
10004693,christian siriano swtr red,Christian Siriano,Sweater/Cardigan,S,32.99,0.0,,0,32.99,0,0.0
10006903,ChrisXBanks BwnBttnDwnVest,Christopher & Banks,Top,L,32.99,0.0,,0,32.99,0,0.0
10003309,Clarks Brown Leather Boots,Clarks,Shoes,9,32.99,19.99,39.4,0,32.99,0,0.0
10005612,Coast Rainbow Tank,Coast,Top,10,32.99,0.0,,0,32.99,0,0.0
10004808,Colleen L Brown Long Pleather Coat,Colleen Lopez,Jacket/Coat,XXXL,32.99,0.0,,0,32.99,0,0.0
10005230,Crisis Floral Button Down,Crisis,Other,S,32.99,0.0,,0,32.99,0,0.0
10007262,dELia's Dress Blue,,Dress,XS,32.99,0.0,,0,32.99,0,0.0
10005832,Delias Blue and Floral Dress,Delias,Dress,M,32.99,0.0,,0,32.99,0,0.0
10006434,desigual multicolor knit dress,Desigual,Dress,M,32.99,0.0,,0,32.99,0,0.0
10005917,Desigual Purple Strapless Top,Desigual,Top,XXS,32.99,0.0,,0,32.99,0,0.0
10005588,Doe & Rae Black SL Top,Doe X Rae,Top,S,32.99,0.0,,0,32.99,0,0.0
10004964,Etc Gray Skirt Pink Beading,Etcetera,Skirt,4,32.99,0.0,,0,32.99,0,0.0
10004380,ETWO MulticolBlouse,Etwo,Top,S,32.99,0.0,,0,32.99,0,0.0
10007917,Faux White Crocodile Bag Floral,Unknown,Accessories,,32.99,0.0,,0,32.99,0,0.0
10004781,G Dresses Tan Long Sweater Feather,G Dresses,Dress,S,32.99,0.0,,0,32.99,0,0.0
10005420,GirlsFromSavoy PurpSleevlessDress,Girls From Savoy,Dress,4,32.99,0.0,,0,32.99,0,0.0
10004027,guessTee Shirt_Gue,Guess,Top,,32.99,0.0,,0,32.99,0,0.0
10005700,Harper Blush Pink Jacket Ruffle,Harper Heritage,Jacket/Coat,S,32.99,0.0,,0,32.99,0,0.0
10005773,Highway JemDenimSkirt,Highway Jeans,Skirt,13,32.99,0.0,,0,32.99,0,0.0
10005124,Hollister Dark Gray Bomber Jacket,Hollister,Jacket/Coat,XXS,32.99,0.0,,0,32.99,0,0.0
10006051,IErelaxed GrnPatternShirt,Ie Relaxed,Top,M,32.99,0.0,,0,32.99,0,0.0
10005724,ITOO Italy Multicolor Skirt,Itoo Italy,Skirt,S,32.99,0.0,,0,32.99,0,0.0
10006810,Ixee DRess Blk Wht Peach,Ixee,Dress,S,32.99,0.0,,0,32.99,0,0.0
10007695,JudyBlue PinkPocketPant,Judy Blue Los Angeles,Jeans/Pants,31,32.99,0.0,,0,32.99,0,0.0
10005742,Lanidor Co Black Dress Gold Studs,Lanidor Collection,Dress,34,32.99,0.0,,0,32.99,0,0.0
10008455,Laundry Multi-Color Dress,,Dress,M,32.99,15.0,54.5,0,32.99,0,0.0
10005815,LCW dess denim,LCW jeans,Jeans/Pants,XL,32.99,0.0,,0,32.99,0,0.0
10007162,Libra LS Blouse Multi-Color,,Top,XL,32.99,0.0,,0,32.99,0,0.0
10005370,Lisette Floral Pants Offwhite,Lisette,Jeans/Pants,M,32.99,0.0,,0,32.99,0,0.0
10007437,Live a Little Tan Jacket,,Jacket/Coat,,32.99,0.0,,0,32.99,0,0.0
10005410,Maeve PinkPatternDress,Maeve,Dress,XL,32.99,0.0,,0,32.99,0,0.0
10005529,Majora Purple Strapless Jumpsuit,Majora,Romper/Jumpsuit,M,32.99,0.0,,0,32.99,0,0.0
10007667,Michael Kors Black Top S,,Top,,32.99,18.0,45.4,0,32.99,0,0.0
10006262,Mona Mode Vest Black w Flowers,Mona Mode,Top,M,32.99,0.0,,0,32.99,0,0.0
10002698,MotiviJacket_Lo,Motivi,Jacket/Coat,,32.99,0.0,,0,32.99,0,0.0
10006871,NineWVintAmer WhiJeanJacket,Nine West,Jeans/Pants,L,32.99,0.0,,0,32.99,0,0.0
10005235,Petal & Pup Red Dress,Petal X Pup,Dress,,32.99,0.0,,0,32.99,0,0.0
10007196,Philosophy Black White Dress,,Dress,S,32.99,0.0,,0,32.99,0,0.0
10003658,pistola pant red,Pistola,Jeans/Pants,25,32.99,0.0,,0,32.99,0,0.0
10007718,R & K Yellow Pant Top Set,R X K,Jeans/Pants,10,32.99,0.0,,0,32.99,0,0.0
10005831,Resa Blue and Tan Dress REAL,Resa,Dress,XS,32.99,0.0,,0,32.99,0,0.0
10006256,Scotch and Soda Blue and Brown Striped Sweater,Scotch & Soda,Sweater/Cardigan,M,32.99,0.0,,0,32.99,0,0.0
10006364,SeeYouMon PnkAsymTubeTop,See You Monday,Top,L,32.99,0.0,,0,32.99,0,0.0
10005833,Sensation Denim Dress,Sensation,Dress,XL,32.99,0.0,,0,32.99,0,0.0
10005362,swing corset pnk,Swing,Set,42,32.99,0.0,,0,32.99,0,0.0
10003688,Tina Stephens Green Knit,Tina Stephens,Sweater/Cardigan,L,32.99,0.0,,0,32.99,0,0.0
10006755,Uniform Pink Green Silk SL Top,Uniform John Paul Richard,Top,L,32.99,0.0,,0,32.99,0,0.0
10005904,V Cristina Embroidered Jeans,V Cristina,Jeans/Pants,8,32.99,0.0,,0,32.99,0,0.0
10005902,Vince camuto,,Other,,32.99,0.0,,-1,32.99,-1,0.0
10006170,vintage pant suit set,Mannerism,Jeans/Pants,M,32.99,0.0,,0,32.99,0,0.0
10005051,VINTAGE Stradivarius Leather Purse,Stradivarius,Accessories,,32.99,0.0,,0,32.99,0,0.0
10003980,VINTAGE Yellow Dress Embrodiered,,Dress,,32.99,0.0,,0,32.99,0,0.0
10006471,VINTAGE Zayre Black & W Polka Dot Top,Zayre,Top,M,32.99,0.0,,0,32.99,0,0.0
10006002,VintageKingsRoad GrnBttnDwn,Kings Road,Other,40,32.99,0.0,,0,32.99,0,0.0
10004667,VintageSO PinkBttnDwnTop,So,Other,L,32.99,0.0,,0,32.99,0,0.0
10006131,VintageWhiPant,Unknown,Jeans/Pants,S,32.99,0.0,,0,32.99,0,0.0
10000091,unknownLS Top,Unknown,Top,,16.99,0.0,,0,32.98,2,0.0
10007731,House of Harlow Satin Collared Blouse,House of Harlow 1960,Top,M,33.99,0.0,,0,32.86406,0,0.0
10007324,VINTAGE Depeche Blk PolkaDot Top,Depeche Mode,Top,12,32.99,0.0,,0,32.20058,0,0.0
10005880,Abercrombie & F Blue Cardigan,Abercrombie & Fitch,Sweater/Cardigan,XS,31.99,0.0,,0,31.99,0,0.0
10003871,Adam Levine Faux Leather Floral Jacket,Adam Levine,Jacket/Coat,S,31.99,0.0,,0,31.99,0,0.0
10006677,Additions by Chico's Gray Jean Jacket,Chico's,Jeans/Pants,2,31.99,0.0,,0,31.99,0,0.0
10006548,Andree Army Green Vest,Andree,Top,S,31.99,0.0,,0,31.99,0,0.0
10003371,Calvin Klein Black LS Top,Calvin Klein,Top,L,31.99,0.0,,0,31.99,0,0.0
10005878,Das Beste Pink Sweater,Das Beste aus Wolle,Sweater/Cardigan,M,31.99,0.0,,0,31.99,0,0.0
10003527,Joe's Bluejeans,,Jeans/Pants,S,31.99,0.0,,0,31.99,0,0.0
10007110,Lapis Pink & Brown Strapless Dress One Size,Lapis,Dress,,31.99,0.0,,0,31.99,0,0.0
10009806,Lila & Sophie NWT Black Pants w Sequins,Lila & Sophie,Jeans/Pants,4,31.99,0.0,,0,31.99,0,0.0
10006492,Mountain Hardware Brown Skirt,Mountain Hardware,Skirt,10,31.99,0.0,,0,31.99,0,0.0
10004436,PlaidDress Bl&Wht,Loveriche,Dress,S,31.99,0.0,,0,31.99,0,0.0
10005897,Polo Garage Pink Sweater,Polo Garage,Sweater/Cardigan,XS,31.99,0.0,,0,31.99,0,0.0
10006153,Vintage1978AvonShimmeringSands,Avon,Accessories,,31.99,0.0,,0,31.99,0,0.0
10003455,White House Black Market Skirt Black,White House Black Market,Skirt,4,31.99,0.0,,0,31.99,0,0.0
10004637,Zara Green Longsleeve Dress NWT,Zara NWT,Dress,XS,31.99,0.0,,0,31.99,0,0.0
10003037,Nanette Lepore Camisole Black,Nanette Lepore,Top,,15.99,0.0,,0,31.98,0,0.0
10006869,Armani WhiQuarterShirt,Armani,Top,6,34.99,0.0,,0,31.491,0,0.0
10005747,NWT Eloquii Black Top,Eloquii,Top,20,32.99,0.0,,0,31.46212,0,0.0
10004686,unknown belt bwn sprk,Unknown,Accessories,,32.99,0.0,,0,31.44783,0,0.0
10004866,DraperJNWT DarkPurpSkirt,Draper James NWT,Skirt,L,32.99,0.0,,0,31.31197,0,0.0
10006659,TH Los Angeles Brown & Beige Dress,Thya Los Angeles,Dress,S,32.99,0.0,,0,31.31197,0,0.0
10004578,Cece Pink Ruffle Blouse,Cece,Top,XS,30.99,0.0,,0,30.99,0,0.0
10003930,Delicates Bl Lace Slip,,Other,S,30.99,0.0,,0,30.99,0,0.0
10003931,Red Front-Tie Satin Slip,Unknown,Other,,30.99,0.0,,0,30.99,0,0.0
10008045,Caleaas Purple Jacket,Caleaas,Jacket/Coat,S,30.0,7.5,75.0,0,30.0,0,0.0
10007313,Freyrs LightSunglasseswCase,Freyrs,Top,,30.0,0.0,,0,30.0,0,0.0
10007312,Freys BrwnSunglasses,Freyrs,Top,,30.0,0.0,,0,30.0,0,0.0
10001914,Abercrombie X FitchSkirt_H,Abercrombie & Fitch,Skirt,,1.0,0.0,,0,29.99,1,0.0
10007031,Bar III Floral Skirt,Bar III,Skirt,XXL,29.99,0.0,,0,29.99,0,0.0
10007800,black lace skirt,White House Black Market,Skirt,4,29.99,0.0,,0,29.99,0,0.0
10006880,BlackPantwBows,Unknown,Jeans/Pants,S,29.99,0.0,,0,29.99,0,0.0
10008328,BrooksBros StripeCollarDress,Brooks Brothers,Dress,L,29.99,0.0,,0,29.99,0,0.0
10004422,ButtonSkirt Blk,Sanctuary,Skirt,S,29.99,0.0,,0,29.99,0,0.0
10004298,CalvinKlein BlkTanDress,Calvin Klein,Dress,16,29.99,0.0,,0,29.99,0,0.0
10005890,Chico's White Silver Knit Sweater,Chico's,Sweater/Cardigan,0,29.99,0.0,,0,29.99,0,0.0
10005674,Citizens of Humanity Bluejeans,Citizens of Humanity,Jeans/Pants,30,29.99,0.0,,0,29.99,0,0.0
10006855,cloth & stone white linen dress shirt,Cloth X Stone,Dress,L,29.99,0.0,,0,29.99,0,0.0
10007042,Comfortiva Pink Sandals,Comfortiva,Top,7,29.99,0.0,,0,29.99,0,0.0
10003735,cpck&cash rvs bmb jkt blk,Cupcakes&Cashews,Jacket/Coat,M,29.99,0.0,,0,29.99,0,0.0
10002702,Cupcakes and CashmereJacket_GA,Cupcakes and Cashmere,Jacket/Coat,,29.99,0.0,,0,29.99,0,0.0
10006681,Entro Green Lilac Skirt,Entro,Skirt,L,29.99,0.0,,0,29.99,0,0.0
10007131,Express Pink Jacket,Express,Jacket/Coat,M,29.99,0.0,,0,29.99,0,0.0
10006697,Floral Sheer Kimono,Unknown,Other,XL,29.99,0.0,,0,29.99,0,0.0
10004068,Fossil Rd Stch Leather,Fossil,Top,S,29.99,0.0,,1,29.99,1,0.0
10004067,Fossil Yellow Leather Belt,Fossil,Top,S,29.99,0.0,,0,29.99,0,0.0
10006711,Free People NWT Yellow Dress,Free People NWT,Dress,XS,29.99,0.0,,0,29.99,0,0.0
10007701,HerENSG OrangeButtonRomper,Her Entire Name Says Grace,Romper/Jumpsuit,L,29.99,0.0,,0,29.99,0,0.0
10000475,J CrewSkirt_vi,J Crew,Skirt,,1.0,0.0,,0,29.99,0,0.0
10006101,JimiHendrixTShirt,Authentic Hendrix,Top,M,29.99,0.0,,0,29.99,0,0.0
10007638,Just Fab Lemon Heels,JustFab,Top,8.5,29.99,0.0,,0,29.99,0,0.0
10005932,Lala Red & White Sheer SL Top,Lala,Top,M,29.99,0.0,,0,29.99,0,0.0
10007468,London Times Blue White SL Dress,London Times,Dress,8,29.99,0.0,,0,29.99,0,0.0
10007124,Lydia USA Black Rhinestone Corset,Lydia,Set,,29.99,0.0,,0,29.99,0,0.0
10003355,Madewell Brown Loafer 1,Madewell,Shoes,7,29.99,12.99,56.7,0,29.99,0,0.0
10007834,Marilyn Pink & Black 2 Piece Sleepwear Set,Marilyn Monroe,Set,S,29.99,0.0,,0,29.99,0,0.0
10008293,Paani MulticolFlowerDress,Paani,Dress,S,29.99,0.0,,0,29.99,0,0.0
10002392,Paul McCartneyTee Shirt_SO,Paul McCartney,Top,,29.99,0.0,,0,29.99,0,0.0
10006859,Pink cami,,Top,,29.99,0.0,,-1,29.99,-1,0.0
10006487,Portraits Black Vest White Emb,Portraits by Northern Isles,Top,S,29.99,0.0,,0,29.99,0,0.0
10004402,Rag&Bone BlkBacklessChunkyHeels,Rag X Bone,Top,39.5,29.99,0.0,,0,29.99,0,0.0
10006199,red and white plaid dress shirt small,J Crew,Dress,,29.99,0.0,,0,29.99,0,0.0
10007802,reversible sundress,Unknown,Dress,M,29.99,0.0,,0,29.99,0,0.0
10007534,Simply Vera Grey Faux Vest XS,,Top,,29.99,0.0,,0,29.99,0,0.0
10006729,Stella & Dot Gold Circles Necklace,Stella & Dot,Accessories,,29.99,0.0,,0,29.99,0,0.0
10005019,The Limited Dark Gray Dot Blazer,The Limited,Jacket/Coat,XS,29.99,0.0,,0,29.99,0,0.0
10006909,VintageRustler Jeanshort,Rustler,Shorts,6,29.99,0.0,,0,29.99,0,0.0
10006615,Von Dutch Pink & Brown Hat,Von Dutch,Accessories,,29.99,0.0,,0,29.99,0,0.0
10004024,Wit X WisdomPants,Wit X Wisdom,Jeans/Pants,,29.99,0.0,,0,29.99,0,0.0
10004640,Zara Sage Green Dress,Zara,Dress,S,29.99,0.0,,0,29.99,0,0.0
10007881,Sezane Black White Pants S,,Jeans/Pants,,29.0,7.25,75.0,0,29.0,0,0.0
10006412,Akira Brwn&BlkSheerTop,Akira,Other,S,28.99,0.0,,0,28.99,0,0.0
10007350,Altardstateorangeandwhitecheckeredshort,Altar'd State,Shorts,XS,28.99,0.0,,0,28.99,0,0.0
10007026,Ammo Blk Tank NWT,Ammo,Top,S,28.99,0.0,,0,28.99,0,0.0
10003591,AnnT BlkGreyPant,Ann Taylor,Jeans/Pants,4,28.99,0.0,,0,28.99,0,0.0
10008548,AsosDesign PnkOrFloralSkirt,Asos Design,Skirt,2,28.99,0.0,,0,28.99,0,0.0
10005979,Ava James Dark Blue Blouse,Ava James,Top,S,28.99,0.0,,0,28.99,0,0.0
10006145,Avenue MulticolSkirt,Avenue,Skirt,18,28.99,0.0,,0,28.99,0,0.0
10005893,Banana Rep Beige Cardigan,Banana Republic,Sweater/Cardigan,XS,28.99,0.0,,0,28.99,0,0.0
10007457,Banana Rep Red LS Dress,Banana Republic,Dress,M,28.99,0.0,,0,28.99,0,0.0
10005365,Belissima Hat Brown w Flowers,,Top,,28.99,0.0,,0,28.99,0,0.0
10007187,Black sequin,,Other,,28.99,0.0,,0,28.99,0,0.0
10007394,BlackSheerdesignTop,Unknown,Other,,28.99,0.0,,0,28.99,0,0.0
10008560,CharlotteR BlktoolSkirt,Charlotte Russe,Skirt,S,28.99,20.0,31.0,0,28.99,0,0.0
10007257,Chistopher Banks Grey Blazer,,Jacket/Coat,XL,28.99,0.0,,0,28.99,0,0.0
10005407,Coach Tan&BlkFlat,Coach,Shoes,7,28.99,0.0,,0,28.99,0,0.0
10005931,Coincidence & C Black Sweater Pink Flw,Coincidence & Change,Sweater/Cardigan,S,28.99,0.0,,0,28.99,0,0.0
10004105,Cole&Han Taupe Loafer,Cole Haan,Shoes,8.5,28.99,0.0,,0,28.99,0,0.0
10005386,dialogue skt brw,Dialogue,Other,12,28.99,0.0,,0,28.99,0,0.0
10006269,Flying Tomato Jean Jacket,Flying Tomato,Jeans/Pants,L,28.99,0.0,,0,28.99,0,0.0
10006583,Fore Multicolor Floral Crop Top,Fore,Top,M,28.99,0.0,,0,28.99,0,0.0
10007751,Fossil PinkDotDress,Fossil,Dress,XS,28.99,0.0,,0,28.99,0,0.0
10007290,FP One White Dress,,Dress,XL,28.99,0.0,,0,28.99,0,0.0
10007116,Free People Light Pink Pattern Long Skirt,Free People,Skirt,6,28.99,0.0,,0,28.99,0,0.0
10008585,FrenchC BlackDress,French Connection,Dress,0,28.99,8.0,72.4,0,28.99,0,0.0
10005720,Giorgio red shirt,,Top,,28.99,0.0,,-1,28.99,-1,0.0
10005423,GTWUrban RedDress,GTW Urban,Dress,M,28.99,0.0,,0,28.99,0,0.0
10005749,Heart Soul Pink Ruffle Tank,Heart Soul,Top,M,28.99,0.0,,0,28.99,0,0.0
10007950,Highway Jeans Jacket,,Jeans/Pants,L,28.99,0.0,,0,28.99,0,0.0
10006336,Ideology Purple Silk Blouse,Ideology,Top,6,28.99,0.0,,0,28.99,0,0.0
10005238,Jane Delancy NWT Black Orange Floral Top,Jane Delancy,Top,M,28.99,0.0,,1,28.99,1,0.0
10004888,kimrogers bls flr ps,Kim Rogers,Top,,28.99,0.0,,0,28.99,0,0.0
10006030,LaceLongsleeve,Unknown,Other,S,28.99,0.0,,0,28.99,0,0.0
10005327,Lady&B MaroonVest,Lady and Butler NY,Top,M,28.99,0.0,,0,28.99,0,0.0
10000064,Letty & Me,Letty & Me,Other,,1.0,0.0,,0,28.99,0,0.0
10003054,LeviJeans,Levixs,Jeans/Pants,,28.99,0.0,,0,28.99,0,0.0
10005122,Lila Rose Black Floral SL Dress,Lila Rose,Dress,L,28.99,0.0,,0,28.99,0,0.0
10006261,Lisa Says Gah Strawberry Sweater Blue,Lisa Says Gah,Sweater/Cardigan,M,28.99,0.0,,0,28.99,0,0.0
10007161,Love Riche,,Other,,28.99,0.0,,0,28.99,0,0.0
10005184,MissSelfridge Velvet Wrap Top Pnk,Miss Selfridge,Top,S,28.99,0.0,,0,28.99,0,0.0
10006019,Moda PurplaceTop,Moda,Other,XS,28.99,0.0,,0,28.99,0,0.0
10006437,Nouvida GrnLaceTankTop,Nouvida,Top,L,28.99,0.0,,0,28.99,0,0.0
10007848,NWT Allen B. Dress,,Dress,L,28.99,0.0,,0,28.99,0,0.0
10005456,NWTMM Pink&OrangeTop,Michelle Mcdowell,Other,S,28.99,0.0,,0,28.99,0,0.0
10004543,Purple Flowers Bustier White Mesh,,Other,XXL,28.99,0.0,,0,28.99,0,0.0
10005818,rosa cheri bls floral,Rosa Cheri,Top,S,28.99,0.0,,0,28.99,0,0.0
10007047,Talbots Tan Heels,Talbots,Top,11,28.99,0.0,,0,28.99,0,0.0
10005439,TribeAzure Patchwork Pantsuit Dress,Tribe Azure,Dress,S,28.99,0.0,,0,28.99,0,0.0
10005174,UrbanOutfitters Butterfly Dress Brwn,Urban Outfitters,Dress,XS,28.99,0.0,,0,28.99,0,0.0
10005359,ventilo la colline bls prp,Ventilo La Colline,Top,8,28.99,0.0,,0,28.99,0,0.0
10006311,Vici Hot Pink LS Crop Top,Vici,Top,S,28.99,0.0,,0,28.99,0,0.0
10005097,VINTAGE Beige Pink Floral LS Dress,Unknown,Dress,M,28.99,0.0,,0,28.99,0,0.0
10003665,VINTAGE studioI blouse grn,studio I,Top,14,28.99,0.0,,0,28.99,0,0.0
10006096,VintageNaniFlwrChemise,Unknown,Other,M,28.99,0.0,,0,28.99,0,0.0
10005251,WHBM Burgundy Velvet Pants,White House Black Market,Jeans/Pants,4,28.99,0.0,,0,28.99,0,0.0
10006961,Zara White SL Crop Top,Zara,Top,XS,28.99,0.0,,0,28.99,0,0.0
10004383,Zara Pink&WhDress,Zara,Dress,M,28.99,0.0,,0,28.99,0,0.0
10005734,Permasan Pale Pink Skirt Lace Detail,Persaman,Skirt,8,35.99,0.0,,0,28.792,0,0.0
10008409,VINTAGE City T Blue Floral Dress,City Triangles,Dress,L,29.99,7.5,75.0,0,28.22547,0,0.0
10005046,Adrianna Papell Blouse Pink,Adrianna Papell,Top,M,27.99,0.0,,0,27.99,0,0.0
10007474,Alfani Black & Beige SL Dress,Alfani,Dress,16,27.99,0.0,,0,27.99,0,0.0
10006292,AND Beige Chiffon LS Top,And,Top,8,27.99,0.0,,0,27.99,0,0.0
10003621,banana republic jumper blk 2p,Banana Republic,Other,,27.99,0.0,,0,27.99,0,0.0
10006807,BCBG Maxmara Brown Sundress,BCBG Maxazria,Dress,M,27.99,0.0,,0,27.99,0,0.0
10004343,Beatles Grey Tee,Unknown,Top,M,27.99,0.0,,0,27.99,0,0.0
10006751,Bisou Bisou Lavender Satin Tank,Bisou Bisou,Top,L,27.99,0.0,,0,27.99,0,0.0
10003844,Blk&Prp Silk Dress,Signature,Dress,12,27.99,0.0,,0,27.99,0,0.0
10008490,Christopher Banks Green Jacket XL,,Jacket/Coat,,27.99,6.3,77.5,0,27.99,0,0.0
10004286,DanaBuchman Pink Shawl,Dana Buckman,Other,M,27.99,0.0,,0,27.99,0,0.0
10003443,Delicates Camisole Green,Delicates,Top,S,27.99,0.0,,0,27.99,0,0.0
10005885,Eagle's Eye Black Cardigan w Flw,Eagle's Eye,Sweater/Cardigan,S,27.99,0.0,,0,27.99,0,0.0
10005043,Express Sequin Cami Gld&Blk,Express,Top,S,27.99,0.0,,0,27.99,0,0.0
10006645,floral maxi dress,Unknown,Dress,L,27.99,0.0,,0,27.99,0,0.0
10007330,Free People Yellow Skirt,Free People,Skirt,S,27.99,0.0,,0,27.99,0,0.0
10005825,IN MULTI,,Other,,27.99,0.0,,-1,27.99,-1,0.0
10004874,JMcollect skrt multibeige 16P,JM Collection,Skirt,,27.99,0.0,,0,27.99,0,0.0
10002725,JuliaTee Shirt_Cu,Julia,Top,,27.99,0.0,,0,27.99,0,0.0
10007226,Le Lis Orange Romper,,Romper/Jumpsuit,M,27.99,0.0,,0,27.99,0,0.0
10008543,LenaG CreamBttnBlazer,Lena Gabrielle,Jacket/Coat,12,27.99,0.0,,0,27.99,0,0.0
10004205,Loft Pink Shortsleeve Shirt,Loft NWT,Shorts,XS,27.99,0.0,,0,27.99,0,0.0
10003333,Madden Girl Pink Strap Leather Heals,Madden Girl,Top,,27.99,0.0,,0,27.99,0,0.0
10004627,Max Studio Blue Pattern Dress,Max Studio,Dress,L,27.99,0.0,,0,27.99,0,0.0
10007570,Nic & Zoe Beige LS Top,,Top,L,27.99,0.0,,0,27.99,0,0.0
10007121,Nine West Pink Rain Jacket,Nine West,Jacket/Coat,S,27.99,0.0,,0,27.99,0,0.0
10008145,NWT altard state cow print crop tank,Altar'd State,Top,S,27.99,8.0,71.4,0,27.99,0,0.0
10003449,NWT Diane Gilman Bluejeans,Diane Gilman,Jeans/Pants,16,27.99,8.0,71.4,0,27.99,0,0.0
10008228,OdilleYellow Black Skirt,,Skirt,0,27.99,7.99,71.5,0,27.99,0,0.0
10003785,Pilcro Striped Pants,Pilcro,Jeans/Pants,31,27.99,0.0,,0,27.99,0,0.0
10003910,Sasson Black Slip Dress,Sasson,Dress,L,27.99,0.0,,0,27.99,0,0.0
10007470,She's Cool Red Blue Strapless Dress,She's Cool,Dress,XL,27.99,0.0,,0,27.99,0,0.0
10005519,Sheer Orange Snakeskin LS,Unknown,Top,L,27.99,0.0,,0,27.99,0,0.0
10006872,SincerelyJules WhiCrewSweater,Sincerely Jules,Sweater/Cardigan,M,27.99,0.0,,0,27.99,0,0.0
10007743,Trixxi BlkPolkaDotDress,Trixxi,Dress,M,27.99,0.0,,0,27.99,0,0.0
10004562,VS Black Lingerie 2 Piece Sequin Set,Victoriaxs Secret,Set,XXS,27.99,0.0,,0,27.99,0,0.0
10007772,XXZ Black Red Dot SL Dress,Xxz,Dress,S,27.99,0.0,,0,27.99,0,0.0
10006229,yellow floral design blouse medium,Loft,Top,,27.99,0.0,,0,27.99,0,0.0
10004962,Pink Orange Skirt White Flowers Skirt,Unknown,Skirt,8,28.99,0.0,,0,27.63482,0,0.0
10005399,lilisidonio bls red,Lili Sidonio,Top,XS,27.99,0.0,,0,27.06281,0,0.0
10007447,Alexandria Barlett Black Colorful Capris,Alexandria Bartlett,Other,8,26.99,0.0,,0,26.99,0,0.0
10000078,Cable X GaugeSweater_An,Cable X Gauge,Sweater/Cardigan,,15.99,0.0,,1,26.99,2,0.0
10004805,Casual Corner Red Skirt Pattern,Casual Corner,Skirt,12,26.99,0.0,,0,26.99,0,0.0
10005366,Christian Siriano Floral Black Top Real,Christian Siriano,Top,S,26.99,0.0,,0,26.99,0,0.0
10005558,Eclipse Pink Black White Striped Romper,Eclipse,Romper/Jumpsuit,M,26.99,0.0,,0,26.99,0,0.0
10004896,Essence BlPatternedSkirtWRuffle,Essence,Skirt,M,26.99,0.0,,0,26.99,0,0.0
10008187,Fantastic F Blush LS Dress,Fantastic Fawn,Dress,M,26.99,6.0,77.8,0,26.99,0,0.0
10006768,Free People Tunic White,Free People,Other,L,26.99,0.0,,0,26.99,0,0.0
10006275,GAP White Lace Top,Gap,Top,L,26.99,0.0,,0,26.99,0,0.0
10007086,Gray Floral Sparkly Hat,Unknown,Accessories,,26.99,0.0,,0,26.99,0,0.0
10005896,Griffen Blue Cashmere Sweater,Griffen,Sweater/Cardigan,M,29.99,0.0,,0,26.99,0,0.0
10005375,HyFve Black Top,Hyfve,Top,M,26.99,0.0,,0,26.99,0,0.0
10005632,Kiwi Black White Striped Dress,Kiwi & Punch,Dress,XL,26.99,0.0,,0,26.99,0,0.0
10003408,L.S. Dunes Tee Shirt Beige,L.S. Dunes,Top,S,26.99,0.0,,0,26.99,0,0.0
10007301,Levi's White Shorts,Levi Strauss & Co,Shorts,30,26.99,0.0,,0,26.99,0,0.0
10006035,Mexx GrnLeafyTop,Mexx,Other,S,26.99,0.0,,0,26.99,0,0.0
10003866,Nicfazy Green Yellow Dress,Nicfazy,Dress,XL,26.99,0.0,,0,26.99,0,0.0
10006459,Paper Crane White Pattern Crop Top,Paper Crane,Top,M,26.99,0.0,,0,26.99,0,0.0
10007263,Paris Atelier SS blouse Pink,,Top,6,26.99,0.0,,0,26.99,0,0.0
10003420,Petra Fashions Camisole Orange,Petra Fashions,Top,M,26.99,0.0,,0,26.99,0,0.0
10006908,ThadiaSoli DenimFlowerSkirt,Thadia Sodi,Skirt,13,26.99,0.0,,0,26.99,0,0.0
10006420,Travelers FlowerMulticolShirt,Travelers,Top,1,26.99,0.0,,0,26.99,0,0.0
10004919,Unity RedMulticolDress,Unity World Wear,Dress,M,26.99,0.0,,0,26.99,0,0.0
10002543,JO COBodysuit_An,Jo Co,Top,,10.99,0.0,,0,26.98,0,0.0
10008332,SincerelyJules GreenlaceDress,Sincerely Jules,Dress,XS,27.99,0.0,,0,26.87902,0,0.0
10008195,Maeve Apple Tee,Maeve,Top,S,27.99,6.0,78.6,0,26.38064,0,0.0
10003754,Democracy Faded Purple Jeans,Democracy,Jeans/Pants,8,27.99,0.0,,0,26.20652,0,0.0
10008238,AUW Blue Camisole,,Top,L,26.0,6.5,75.0,0,26.0,0,0.0
10008031,Nanette Lepore Brown Blouse 10,,Top,,26.0,6.5,75.0,0,26.0,0,0.0
10004609,A Beautiful Soul Blush & Black Dress,A Beautiful Soul,Dress,XL,25.99,0.0,,0,25.99,0,0.0
10006431,abercrombie and fitch black croptop,Abercrombie & Fitch,Top,L,25.99,0.0,,0,25.99,0,0.0
10006258,Aeda Tan Flower Cardigan,Aeda,Sweater/Cardigan,S,25.99,0.0,,0,25.99,0,0.0
10004322,AeroSoles BrwnBuckleHeel,Aerosoles,Shoes,7.5,25.99,0.0,,0,25.99,0,0.0
10006713,Allison T Brown Buttondown SL Dress,Allison Taylor,Dress,L,25.99,0.0,,0,25.99,0,0.0
10006761,Altar'd State Black Denim Shorts Romper,Altar'd State,Shorts,S,25.99,0.0,,0,25.99,0,0.0
10005706,Altar'd State Orange Polka Dot Skirt,Altar'd State,Skirt,S,25.99,0.0,,0,25.99,0,0.0
10007112,Altar'd State Pink Floral SS Ruffle Dress,Altar'd State,Dress,S,25.99,0.0,,0,25.99,0,0.0
10005369,and Andrea Off White Top Real,and Andrea,Top,XXL,25.99,0.0,,0,25.99,0,0.0
10005473,Angie BlkPurpFloralHalter,Angie,Top,S,25.99,0.0,,0,25.99,0,0.0
10007114,Ann Taylor White SL Long Dress,Ann Taylor,Dress,6,25.99,0.0,,0,25.99,0,0.0
10007195,Banana Republic Black Dress,,Dress,0,25.99,0.0,,0,25.99,0,0.0
10004087,Betsy Johnson Burgundy Crochet Dress,Betsey Johnson,Dress,M,25.99,0.0,,0,25.99,0,0.0
10005476,billa bong bls pnk sp,Billabong,Top,,25.99,0.0,,0,25.99,0,0.0
10005965,Black & White Knit Cover Up,Unknown,Sweater/Cardigan,M,25.99,0.0,,0,25.99,0,0.0
10007807,black and tan design blouse,Coldwater Creek,Top,14,25.99,0.0,,0,25.99,0,0.0
10006422,Black belt with silver,,Accessories,,25.99,0.0,,-1,25.99,-1,0.0
10004856,Blk&WhiLaceSkirt,Unknown,Skirt,S,25.99,0.0,,0,25.99,0,0.0
10007773,Blu Pepper Yellow Orange Two Piece Set,Blu Pepper,Set,L,25.99,0.0,,0,25.99,0,0.0
10007222,Blue Floral SL Dress,Band of the Free,Dress,XS,25.99,0.0,,0,25.99,0,0.0
10005471,BR BlkFloralKnotDress,Banana Republic,Dress,2,25.99,0.0,,0,25.99,0,0.0
10006370,Brass Metal Belt with Blue,Unknown,Top,,25.99,0.0,,0,25.99,0,0.0
10006150,ButterflyNecklace,Unknown,Accessories,,25.99,0.0,,0,25.99,0,0.0
10006692,Canyon River Army Green Overalls,Canyon River Blues,Top,M,25.99,0.0,,0,25.99,0,0.0
10005757,CharlotteR GreyBttnDwnShirt,Charlotte Russe,Top,L,25.99,0.0,,0,25.99,0,0.0
10007385,Chicos SilverStringNecklace,Chico's,Accessories,,25.99,0.0,,0,25.99,0,0.0
10004776,Coldwater Creek Black Floral Velvet Skirt,Coldwater Creek,Skirt,XL,25.99,0.0,,0,25.99,0,0.0
10003513,Coldwater Creek Pants Orange,Coldwater Creek,Jeans/Pants,6,25.99,0.0,,0,25.99,0,0.0
10007135,Comsic Aura Black Lace Kimono,Cosmic Aura,Other,M,25.99,0.0,,0,25.99,0,0.0
10002529,DialogueCoat_Ar,Dialogue,Jacket/Coat,,25.99,0.0,,0,25.99,0,0.0
10005450,DolceVita CreamHeelBoot,Dolce Vita,Shoes,7.5,25.99,0.0,,0,25.99,0,0.0
10005506,Earl Jean Jean Jacket,Earl Jean,Jeans/Pants,S,25.99,0.0,,0,25.99,0,0.0
10004011,Ellcont Floral Dress Vintage,Ellcont,Dress,,25.99,0.0,,0,25.99,0,0.0
10005190,Gracia Black Fishnet Top,Gracia,Top,M,25.99,0.0,,0,25.99,0,0.0
10004121,Grey Kiss Tee,Recycled Karma,Top,S,25.99,0.0,,0,25.99,0,0.0
10003691,HannaGracie Grey Layered Skirt,Hanna Gracie,Skirt,S,25.99,0.0,,0,25.99,0,0.0
10005755,Heart Soul Light Pink & Black Blouse,Heart Soul,Top,S,25.99,0.0,,0,25.99,0,0.0
10000771,HollisterJeans,Hollister,Jeans/Pants,6,25.99,0.0,,0,25.99,0,0.0
10005030,J.Crew Wrap Blouse Grn,J.Crew,Top,M,25.99,0.0,,0,25.99,0,0.0
10006792,Jaipur GrnBlkPrintFlareBlouse,Jaipur,Top,M,25.99,0.0,,0,25.99,0,0.0
10005219,Jessica Simpson,Jessica Simpson,Top,,25.99,0.0,,0,25.99,0,0.0
10005234,JM Collection Green Shirt,JM Collection,Top,2,25.99,0.0,,0,25.99,0,0.0
10005083,Johnny Was Shoulder Bag,Johnny Was,Accessories,,25.99,0.0,,0,25.99,0,0.0
10002942,JoieSS Top_Pe,Joie,Top,,25.99,0.0,,0,25.99,0,0.0
10004775,JS Signature Black Cut Layer Skirt,JS Signature,Skirt,8,25.99,0.0,,0,25.99,0,0.0
10006775,Karlie Pink Dress,Karlie,Dress,XL,25.99,0.0,,0,25.99,0,0.0
10007357,Kenzie Black SL Dress,Kenzie,Dress,S,25.99,0.0,,0,25.99,0,0.0
10008380,kimchi blue white blouse,Kimchi Blue,Top,M,25.99,10.99,57.7,0,25.99,0,0.0
10006779,Ktoo Pink Skirt,K Too,Skirt,,25.99,0.0,,0,25.99,0,0.0
10003571,Lace Red Rose Corset,Lavish,Set,L,25.99,0.0,,0,25.99,0,0.0
10004070,LauraAshley Gld Kitten,Laura Ashley,Other,7.5,25.99,0.0,,0,25.99,0,0.0
10005905,Life Stride Black Riding Boots,Life Stride,Shoes,11,25.99,0.0,,0,25.99,0,0.0
10006838,Linda Anderson black sundress,Linda Anderson,Dress,L,25.99,0.0,,0,25.99,0,0.0
10006264,Loft Black Dress,Loft,Dress,L,25.99,0.0,,0,25.99,0,0.0
10007627,Love Tree Faux Fur Hoodie Vest M,,Top,,25.99,6.5,75.0,0,25.99,0,0.0
10002697,Love TreeJacket_St,Love Tree,Jacket/Coat,,25.99,0.0,,0,25.99,0,0.0
10004353,Loveriche Brown Skirt,Loveriche,Skirt,S,25.99,0.0,,0,25.99,0,0.0
10005817,macaron dressshrt denim grn,Macaron,Dress,S,25.99,0.0,,0,25.99,0,0.0
10004788,Macrame Bag,Unknown,Accessories,,25.99,0.0,,0,25.99,0,0.0
10005431,Madison Knit Cover Red,Madison,Sweater/Cardigan,L,25.99,0.0,,0,25.99,0,0.0
10005207,Marks & Spencer Beige Top Sleevelesee,Marks & Spencer,Top,M,25.99,0.0,,0,25.99,0,0.0
10006143,MaxStudio FloralruffleDress,Max Studio,Dress,M,25.99,0.0,,0,25.99,0,0.0
10005262,Miss Sixty Tube Top Black Green Velvet,Miss Sixty,Top,S,25.99,0.0,,0,25.99,0,0.0
10005540,Missguided White Halter Romper Blue Emb,Missguided,Romper/Jumpsuit,6,25.99,0.0,,1,25.99,1,0.0
10006708,Mlle Gabrielle White Orange Floral Dress,Mlle Gabrielle,Dress,18,25.99,0.0,,0,25.99,0,0.0
10004982,Moon X Madi Pink Smiley Face Sweater,Moon X Madison,Sweater/Cardigan,M,25.99,0.0,,0,25.99,0,0.0
10004107,Nautica Blk Loafer,Nautica,Shoes,7,25.99,0.0,,0,25.99,0,0.0
10006017,NicoleM MulticolBlouse,Nicole Miller,Top,S,25.99,0.0,,0,25.99,0,0.0
10005157,NikeTeam Vols TrackJacket Orng,Nike,Jacket/Coat,M,25.99,0.0,,0,25.99,0,0.0
10004687,nocona belt leather graphic,Nocona,Accessories,,25.99,0.0,,0,25.99,0,0.0
10007203,NWT PrettyLittle Thing Skirt,,Skirt,8,25.99,0.0,,0,25.99,0,0.0
10007265,NWT Ryu Skirt Brown,,Skirt,S,25.99,0.0,,0,25.99,0,0.0
10004433,PepperMayoNWT Jean Halter,Peppermayo NWT,Jeans/Pants,M,25.99,0.0,,0,25.99,0,0.0
10005422,PerUna MulticolBttnDwn,Per una,Other,10,25.99,0.0,,0,25.99,0,0.0
10007057,Pink Kigi Platform Sandals,Pink Kigi,Top,7,25.99,0.0,,0,25.99,0,0.0
10004922,PLL WhiteShellBlouse,Pretty Little Thing,Top,8,25.99,0.0,,0,25.99,0,0.0
10003681,polo pullover grey,Polo by Ralph Lauren,Sweater/Cardigan,M,25.99,0.0,,0,25.99,0,0.0
10003685,Princess Polly Blk Leather Pant,Princess Polly,Jeans/Pants,4,25.99,0.0,,0,25.99,0,0.0
10007359,Schutz Black Woven Flats,Schutz,Shoes,9.5,28.99,0.0,,0,25.99,0,0.0
10007572,Silence&Noise Multi-Color Tube Top S,,Top,,25.99,0.0,,0,25.99,0,0.0
10006233,smiley tshirt medium,Newbury Kustom,Top,,25.99,0.0,,0,25.99,0,0.0
10005484,sonoma hat blk,Sonoma,Accessories,,25.99,0.0,,0,25.99,0,0.0
10006732,Stella & Dot Gold Dangle Necklace,Stella & Dot,Accessories,,25.99,0.0,,0,25.99,0,0.0
10006730,Stella & Dot Silver Stretch Bracelet,Stella & Dot,Accessories,,25.99,0.0,,0,25.99,0,0.0
10000066,TahariSweater_Ga,Tahari,Sweater/Cardigan,,25.99,0.0,,0,25.99,0,0.0
10005078,Talbots Scallop Pant Rd&Wht,Talbots,Jeans/Pants,6,25.99,0.0,,0,25.99,0,0.0
10003720,TheSak Blk Deena Flap Bag,The Sak,Accessories,,25.99,0.0,,0,25.99,0,0.0
10004770,Timeson NWT White Pink Floral QS,Timeson,Other,,25.99,0.0,,0,25.99,0,0.0
10004555,Town & Country VINTAGE Red Purse,Town & Country,Accessories,,25.99,0.0,,0,25.99,0,0.0
10006316,Turquoise Wrap Skirt,Good Yarn,Skirt,L,25.99,0.0,,0,25.99,0,0.0
10004871,TwoPieceMultiColSequinSet,Unknown,Top,S,25.99,0.0,,0,25.99,0,0.0
10003703,U.a. Fringe Top,U.A.,Top,S,25.99,0.0,,0,25.99,0,0.0
10005379,unknown skt set teal org,Unknown,Set,S,25.99,0.0,,0,25.99,0,0.0
10005342,unkown dress red,Unknown,Dress,M,25.99,0.0,,0,25.99,0,0.0
10004177,Urban Outfitters Black Floral Dress,Urban Outfitters,Dress,XS,25.99,0.0,,0,25.99,0,0.0
10007637,V Italia Colorful Sandals,V Italia,Top,8.5,25.99,0.0,,0,25.99,0,0.0
10006395,Vanzetti Brown Suede Studded Belt,Vanzetti,Accessories,,25.99,0.0,,0,25.99,0,0.0
10007454,Victoria Secret purple tanktop,Victoriaxs Secret,Top,XL,25.99,0.0,,0,25.99,0,0.0
10005056,VINTAGE 2 Piece Karin Brw Gr Polka Dot,Karin Stevens,Other,XL,25.99,0.0,,0,25.99,0,0.0
10005857,vintage coach purse green,Coach,Accessories,,25.99,0.0,,0,25.99,0,0.0
10006289,VINTAGE Maverick Jean Blazer,Maverick,Jeans/Pants,M,25.99,0.0,,0,25.99,0,0.0
10007140,WHBM Corset Black Floral,Whbm,Set,6,25.99,0.0,,0,25.99,0,0.0
10006719,WHBM Shiny Zebra Print Shirt,White House Black Market,Top,M,25.99,0.0,,0,25.99,0,0.0
10003717,Wrap Around Tan Skirt,Unknown,Skirt,M,25.99,0.0,,0,25.99,0,0.0
10005261,XOXO Black Off Shoulder LS w Grommets,Xoxo,Top,M,25.99,0.0,,0,25.99,0,0.0
10004573,Zara White Dress,Zara,Dress,L,25.99,0.0,,0,25.99,0,0.0
10005060,Zara Baby Tee Maroon,Zara,Top,M,25.99,0.0,,0,25.99,0,0.0
10000062,ZaraSweater_Cu,Zara,Sweater/Cardigan,,25.99,0.0,,0,25.99,0,0.0
10005141,Zara SqrNck Crop Camel,Zara,Other,L,12.99,0.0,,0,25.98,0,0.0
10007178,Miami Burgundy Dress,,Dress,XS,26.99,0.0,,0,25.46169,0,0.0
10006184,long sleeve pink striped dress shirt small,Unknown,Dress,,25.99,0.0,,0,25.36808,0,0.0
10005489,urban shear top blk rose,Urban Outfitters,Top,XS,25.99,0.0,,0,25.09975,0,0.0
10008035,NWT M Rena Black Dress M,,Dress,,25.0,6.25,75.0,0,25.0,0,0.0
10006372,Red Beaded Purse,Unknown,Accessories,,25.0,0.0,,0,25.0,0,0.0
10001098,Wu-TangTee Shirt_La,Wu-Tang,Top,,25.0,0.0,,0,25.0,0,0.0
10005996,10003884,,Other,,24.99,0.0,,-1,24.99,-1,0.0
10005629,Abercrombie & F Black White Floral LS,Abercrombie & Fitch,Top,L,24.99,0.0,,0,24.99,0,0.0
10005967,Abercrombie & F Blue Crop Cardigan,Abercrombie & Fitch,Sweater/Cardigan,XS,24.99,0.0,,0,24.99,0,0.0
10007190,Altard State Dress Brown,,Dress,L,24.99,0.0,,0,24.99,0,0.0
10005147,AmericanEagle Knit Sweater Pnk&Orng,American Eagle,Sweater/Cardigan,M,24.99,0.0,,0,24.99,0,0.0
10006878,AmericanEagle BlackCorsetTop,American Eagle,Set,M,24.99,0.0,,0,24.99,0,0.0
10008470,Ann Taylor Yellow White Top S,,Top,,24.99,8.0,68.0,0,24.99,0,0.0
10004870,AnnTaylor Red&WhiFloralSkirt,Ann Taylor,Skirt,4,24.99,0.0,,0,24.99,0,0.0
10006267,Anthropologie Black Balloon Pants,Anthropologie,Jeans/Pants,M,24.99,0.0,,0,24.99,0,0.0
10006945,Antonio Melani White Tank Top,,Top,S,24.99,0.0,,0,24.99,0,0.0
10003933,Apt 9 Brown Cami,Apt 9 Essentials,Top,L,24.99,0.0,,0,24.99,0,0.0
10004692,arden b swtr grn,Arden B,Sweater/Cardigan,M,24.99,0.0,,0,24.99,0,0.0
10006940,ArizJeanCo StuddedJeanSkirt,Arizona Jean Co,Skirt,5,24.99,0.0,,0,24.99,0,0.0
10006512,ASISBCBG Beige Embroid Buttondown,BCBG Maxazria,Other,S,24.99,0.0,,0,24.99,0,0.0
10007336,Asos Design White Dress,Asos Design,Dress,2,24.99,0.0,,0,24.99,0,0.0
10003804,Athleta Navy Pants,Athleta,Jeans/Pants,4,24.99,0.0,,0,24.99,0,0.0
10004996,Audrey Talbott Purple Watercolor LS,Audrey Talbott,Top,,24.99,0.0,,0,24.99,0,0.0
10004824,August Silk Black Sheer Colorful Flower,August Silk,Other,M,24.99,0.0,,0,24.99,0,0.0
10003895,Ayla Blk Cropped Shirt,Ayla,Top,M,24.99,0.0,,1,24.99,1,0.0
10005029,Bailey44 Sheer Blouse Blk,Bailey 44,Top,S,24.99,0.0,,0,24.99,0,0.0
10004630,Banana R Cream & Brown Dress,Banana Republic,Dress,4,24.99,0.0,,0,24.99,0,0.0
10002622,Banana RepublicLS Top_Ag,Banana Republic,Top,,24.99,0.0,,0,24.99,0,0.0
10008574,BananaRep BlkDress,Banana Republic,Dress,0,24.99,8.0,68.0,0,24.99,0,0.0
10008576,BananaRep BlkLaceDress,Banana Republic,Dress,0,24.99,8.0,68.0,0,24.99,0,0.0
10003953,Beige Sequin Shorts,,Shorts,8,24.99,0.0,,0,24.99,0,0.0
10003534,BGBCMaxazria Sweater Brown,BCBG Maxazria,Sweater/Cardigan,XS,24.99,0.0,,0,24.99,0,0.0
10003080,Black Leather w gold bullet stud belt_Un,Unknown,Accessories,,24.99,0.0,,0,24.99,0,0.0
10006208,black ribbed blouse,Clockhouse,Top,XS,24.99,0.0,,0,24.99,0,0.0
10006557,Black Seethrough Top,Unknown,Top,S,24.99,0.0,,0,24.99,0,0.0
10005194,BlankNYC Tan Suede Zip Up Jacket,Blank NYC,Jacket/Coat,,24.99,0.0,,0,24.99,0,0.0
10005559,Blue Knit LS Cardigan,Unknown,Sweater/Cardigan,M,24.99,0.0,,0,24.99,0,0.0
10003385,BNDI Sweater Brown,Bndi,Sweater/Cardigan,M,24.99,0.0,,0,24.99,0,0.0
10007284,Bracelet metal,,Accessories,,24.99,0.0,,-1,24.99,-1,0.0
10006435,brandolino floral jacket 10p,Brandolino,Jacket/Coat,,24.99,0.0,,0,24.99,0,0.0
10008339,BrynWalker BrwnBttnDwn,Bryn Walker,Other,S,24.99,0.0,,0,24.99,0,0.0
10003849,Cache Gray Pants Tan Stitch,Cache,Jeans/Pants,0,24.99,0.0,,0,24.99,0,0.0
10006911,CalStyle GrnTanSkirt,Cal Style,Skirt,L,24.99,0.0,,0,24.99,0,0.0
10007868,Calvin K Gray Silk Tank,Calvin Klein,Top,XS,24.99,0.0,,0,24.99,0,0.0
10004623,Calvin Klein Black Dress,Calvin Klein,Dress,12,24.99,0.0,,0,24.99,0,0.0
10005548,Cara Santana Black Velvet Blazer,Cara Santana X Nine West,Jacket/Coat,L,24.99,0.0,,0,24.99,0,0.0
10005634,Chelsea Red Floral SS Top,Chelsea X Theodore,Top,1,24.99,0.0,,0,24.99,0,0.0
10006010,Chicos BluePatternCard,Chico's,Other,3,24.99,0.0,,0,24.99,0,0.0
10004782,Cinema Pink Lace Tulle Lingerie,Cinema Etoile,Other,M,24.99,0.0,,0,24.99,0,0.0
10003648,Coach PinkPurse,Coach,Accessories,,24.99,0.0,,0,24.99,0,0.0
10004954,Coin Brown Patchwork Shiny SL Top,Coin,Top,L,24.99,0.0,,0,24.99,0,0.0
10004474,ColesceC Blk&Wh,Colesce Couture,Other,S,24.99,0.0,,0,24.99,0,0.0
10008314,CreamCircleHatSet,Unknown,Set,,24.99,0.0,,0,24.99,0,0.0
10003631,cynthia rowley pant navy,Cynthia Rowley,Jeans/Pants,6,24.99,0.0,,0,24.99,0,0.0
10008001,Dana B Black Silk Skirt,Dana Buchman,Skirt,M,24.99,0.0,,0,24.99,0,0.0
10005099,Deletta Green Ruffle Top,Deletta,Top,S,24.99,0.0,,0,24.99,0,0.0
10007541,Dressy Chosen Vintage LS Blouse,,Dress,,24.99,0.0,,0,24.99,0,0.0
10006612,Easel Beige Floral Kimono Top,Easel,Top,L,24.99,0.0,,0,24.99,0,0.0
10005828,EM Mustard Yellow Top,Em,Top,S,24.99,0.0,,0,24.99,0,0.0
10008336,EmmaJames PinkFloralSkirt,Emma James,Skirt,L,24.99,0.0,,0,24.99,0,0.0
10002351,EtceteraVest_Wa,Etcetera,Top,,24.99,0.0,,0,24.99,0,0.0
10005776,Exclusive MulticolLongSlve,Exclusive,Other,L,24.99,0.0,,0,24.99,0,0.0
10006074,express tank grn,Express,Top,S,24.99,0.0,,0,24.99,0,0.0
10007724,Finity Naturals Orange Silk Skirt,Finity Naturals,Skirt,4,24.99,0.0,,0,24.99,0,0.0
10006573,Floral Multicolor Buttondown Top,Unknown,Top,XXL,24.99,0.0,,0,24.99,0,0.0
10003698,Foiled Mini Skirt,Unknown,Skirt,S,24.99,0.0,,0,24.99,0,0.0
10005969,FP Movement Purple Sweatshirt,fp Movement,Top,S,24.99,0.0,,0,24.99,0,0.0
10008428,Free People Intimately Romper Blue M,,Romper/Jumpsuit,,24.99,6.25,75.0,0,24.99,0,0.0
10007642,Gap Black Button Up SL Top,Gap,Top,M,24.99,0.0,,0,24.99,0,0.0
10004464,GraceK BlkBlouse,Grace Karin,Top,S,24.99,0.0,,0,24.99,0,0.0
10004446,Green Khaki Jogger,Banana Republic,Other,M,24.99,0.0,,0,24.99,0,0.0
10007599,Green w Copper Leaf Bag,,Accessories,,24.99,0.0,,0,24.99,0,0.0
10005953,Guess Jeans Green Tank,Guess Jeans,Jeans/Pants,S,24.99,0.0,,0,24.99,0,0.0
10004339,Harve B & W Jacket,Harve Benard,Jacket/Coat,12,24.99,0.0,,0,24.99,0,0.0
10002408,In BloomCamisole_Je,In Bloom,Top,,24.99,0.0,,0,24.99,0,0.0
10008290,Intuitions EmbroidedVest,Intuitions,Top,6,24.99,0.0,,0,24.99,0,0.0
10006763,J Crew Pink Red Floral Dress,J Crew,Dress,12,24.99,0.0,,0,24.99,0,0.0
10007436,J. Jill Blue White Pants,,Jeans/Pants,M,24.99,0.0,,0,24.99,0,0.0
10004406,JCrew BlackFlats,J Crew,Shoes,7,24.99,0.0,,0,24.99,0,0.0
10005762,Jcrew Blk&WhiSkirt,J Crew,Skirt,8,24.99,0.0,,0,24.99,0,0.0
10008334,JonesNY BlackBttnDwnDress,Jones New York,Dress,10,24.99,0.0,,0,24.99,0,0.0
10005200,Juicy C White SS Dress,Juicy Couture,Dress,4,24.99,0.0,,0,24.99,0,0.0
10006930,Kensie WhitelaceDress,Kensie,Dress,10,24.99,0.0,,0,24.99,0,0.0
10005237,Kimchi Blue Pink Lace Top,Kimchi Blue,Top,L,24.99,0.0,,0,24.99,0,0.0
10005467,KimRogers BrwnPolkaDotDress,Kim Rogers,Dress,6,24.99,0.0,,0,24.99,0,0.0
10004917,Kori MulticolBlouse,Kori America,Top,S,24.99,0.0,,0,24.99,0,0.0
10003913,La Sensa Ylw&Gry Halter,La Sensa,Top,L,24.99,0.0,,0,24.99,0,0.0
10005244,Lands End Cardigan Sweater Gray,Lands End,Sweater/Cardigan,M,24.99,0.0,,0,24.99,0,0.0
10001106,Led Zeppelin Tee,Led Zeppelin,Top,,24.99,0.0,,0,24.99,0,0.0
10005150,Lily White Floral Top Brwn&Pnk,Lily White,Top,S,24.99,0.0,,0,24.99,0,0.0
10007710,Liz C Pale Yellow Vest & Skirt Set,Liz Claiborne,Skirt,6,24.99,0.0,,0,24.99,0,0.0
10006268,Liz Claiborne Black Denim Dress,Liz Claiborne,Dress,8,24.99,0.0,,0,24.99,0,0.0
10008112,Loft knit tanktop,Loft,Sweater/Cardigan,M,24.99,0.0,,0,24.99,0,0.0
10008204,Loft White Cherry LS Blouse S,,Top,,24.99,6.0,76.0,0,24.99,0,0.0
10007740,Loft MulticolPatternSkirt,Loft,Skirt,0,24.99,0.0,,0,24.99,0,0.0
10000155,Lucky BrandSS Top_Za,Lucky Brand,Top,,1.0,0.0,,0,24.99,0,0.0
10004223,Lulus White Ruffle Two Piece Set,Lulus,Set,M,24.99,0.0,,0,24.99,0,0.0
10005458,Lulus BlueFloralBlouse,Lulus,Top,S,24.99,0.0,,0,24.99,0,0.0
10008345,Lulus CreamLaceBttnDress,Lulus,Dress,S,24.99,0.0,,0,24.99,0,0.0
10004800,Lush Dark Blue Satin Top,Lush,Top,M,24.99,0.0,,0,24.99,0,0.0
10005331,LushNWT Navy&RedBlouse,Lush,Top,S,24.99,0.0,,0,24.99,0,0.0
10007464,Maggy London Blue & White SS Dress,Maggy London,Dress,2,24.99,0.0,,0,24.99,0,0.0
10005595,Maison Yellow & White Blouse,Maison d' Amelie,Top,S,24.99,0.0,,0,24.99,0,0.0
10004537,Mariella B Sheer Longsleeve Duo,Mariella Burani,Other,S,24.99,0.0,,0,24.99,0,0.0
10005470,MilkXH LemonBttnDwnTop,Milk X Honey,Other,XL,24.99,0.0,,0,24.99,0,0.0
10008079,Mondessa RedFlowerlouse,Mondessa,Top,S,24.99,0.0,,0,24.99,0,0.0
10008464,Monteau Green Beige Jumpsuit S,,Romper/Jumpsuit,,24.99,8.0,68.0,0,24.99,0,0.0
10007613,Monteau White Lace Shorts,,Shorts,L,27.99,0.0,,0,24.99,0,0.0
10008566,MulicolStripSweater,Unknown,Sweater/Cardigan,M,24.99,8.0,68.0,0,24.99,0,0.0
10004255,Multi-Patterned Sheer Fitted Dress,Bluebell,Dress,2,24.99,0.0,,0,24.99,0,0.0
10006842,Nautica white blouse,Nautica,Top,M,24.99,0.0,,0,24.99,0,0.0
10006410,NellieParton CreamTop,Nellie Parton,Other,M,24.99,0.0,,0,24.99,0,0.0
10003034,Nic ZoeCardigan_Za,Nic Zoe,Sweater/Cardigan,,24.99,0.0,,0,24.99,0,0.0
10007123,Nine West Yellow Jacket,Nine West,Jacket/Coat,4,24.99,0.0,,0,24.99,0,0.0
10005252,Nubile Jean Lightwash Miniskirt,Nubile Jeans,Skirt,XL,24.99,0.0,,0,24.99,0,0.0
10004041,ODM Premium GoodsTee Shirt_Odm,ODM Premium Goods,Top,,24.99,0.0,,0,24.99,0,0.0
10005657,One Secret Beige w Stripe Panel,One Secret,Other,L,24.99,0.0,,0,24.99,0,0.0
10006359,PamelaStewart BlkstrapTop,Pamela Stewart,Other,L,24.99,0.0,,0,24.99,0,0.0
10006759,Peter Carol Yellow Sweater,Peter Carol,Sweater/Cardigan,L,24.99,0.0,,0,24.99,0,0.0
10006265,Philosophy Dress Black and White P,Philosophy,Dress,S,24.99,0.0,,0,24.99,0,0.0
10007709,Pink Lily Jean Skirt Embro,Pink Lily,Skirt,S,24.99,0.0,,0,24.99,0,0.0
10006525,Pink Orange Striped Multicolor SS,Unknown,Top,XL,24.99,0.0,,0,24.99,0,0.0
10006044,Pinque MustardCardigan,Pinque,Sweater/Cardigan,M,24.99,0.0,,0,24.99,0,0.0
10005265,Pretty Little Thing Black Skirt Tassle,Pretty Little Thing,Skirt,M,24.99,0.0,,0,24.99,0,0.0
10005785,PrettyLittleThing TanLaceDress,Pretty Little Thing,Dress,4,24.99,0.0,,0,24.99,0,0.0
10006337,Primark Pink SL Blouse,Primark,Top,8,24.99,0.0,,0,24.99,0,0.0
10006600,Real Comfort Brown Jacket,Real Comfort,Jacket/Coat,8,24.99,0.0,,0,24.99,0,0.0
10006411,RefugeDenim LightDenimVest,Refuge Denim,Jeans/Pants,M,24.99,0.0,,0,24.99,0,0.0
10008310,RickieFreeman GrnPurpFlowerDress,Rickie Freeman,Dress,,24.99,0.0,,0,24.99,0,0.0
10005393,rue21 b tank red,Rue 21,Top,M,24.99,0.0,,0,24.99,0,0.0
10004761,Serengeti White Crochet Shirt,Serengeti,Top,M,24.99,0.0,,1,24.99,1,0.0
10004721,Sid & Sandy Peach Plaid LS,Sid X Sandy,Top,XXXL,24.99,0.0,,0,24.99,0,0.0
10005800,silver and blue bracelet,Unknown,Accessories,,24.99,0.0,,0,24.99,0,0.0
10006123,Silver&StoneBracelet,Unknown,Accessories,,24.99,0.0,,0,24.99,0,0.0
10002572,Skims NWTSS Top_Ry,Skims NWT,Top,,24.99,0.0,,0,24.99,0,0.0
10006655,Solitaire white maxi skirt,Solitaire,Skirt,M,24.99,0.0,,0,24.99,0,0.0
10004924,StJohnsB JeanSkort,St Johns Bay,Jeans/Pants,10,24.99,0.0,,0,24.99,0,0.0
10004729,Stradivarius Pale Pink LS,Stradivarius,Top,M,24.99,0.0,,1,24.99,1,0.0
10006932,Stylus WhilaceFlwrDressCover Size,Stylus,Dress,,24.99,0.0,,0,24.99,0,0.0
10005928,Tahari Black SS Top w Pink Flowers,Tahari,Top,S,24.99,0.0,,0,24.99,0,0.0
10003864,Talbots Dark Blue Collared Sleeveless,T by Talbots,Top,XL,24.99,0.0,,0,24.99,0,0.0
10007730,Talbots Yellow Suit Set,Talbots,Set,4,24.99,0.0,,0,24.99,0,0.0
10005403,TCR MulticolTankTop,The Collection Royal,Top,S,24.99,0.0,,0,24.99,0,0.0
10006505,Texture & Thread Olive Green SL Top,Texture & Thread,Top,M,24.99,0.0,,0,24.99,0,0.0
10007786,The Limited Beige SL Dress,The Limited,Dress,2,24.99,0.0,,0,24.99,0,0.0
10005601,THML Black & Orange Blouse,Thml,Top,S,24.99,0.0,,0,24.99,0,0.0
10005371,Unknown Gray White Blk Marbled Top,Unknown,Top,S,24.99,0.0,,1,24.99,1,0.0
10004647,Unknown Tan and Red Sheer Dress,Unknown,Dress,M,24.99,0.0,,0,24.99,0,0.0
10004885,unknown top plad,Unknown,Top,XL,24.99,0.0,,0,24.99,0,0.0
10005849,Venezia Brown Tank,Venezia Jeans,Top,14,24.99,0.0,,0,24.99,0,0.0
10006116,Vici Red&PnkFloralDress,Vici,Dress,M,24.99,0.0,,0,24.99,0,0.0
10006302,VINTAGE First Glance Red LS,First Glance,Top,9,24.99,0.0,,0,24.99,0,0.0
10007275,Vintage Goth Dress,,Dress,4,24.99,0.0,,0,24.99,0,0.0
10005049,WHBM Polka Top Bl&Blk,White House Black Market,Top,M,24.99,0.0,,0,24.99,0,0.0
10003716,Willi Smith Chunky Lace Skirt,Willi Smith,Skirt,S,24.99,0.0,,0,24.99,0,0.0
10005528,Yang Pao Pao Black Pants w Birds,Yang Pao Pao,Jeans/Pants,M,24.99,0.0,,0,24.99,0,0.0
10005883,Zara Hot Pink Sweater,Zara,Sweater/Cardigan,S,24.99,0.0,,0,24.99,0,0.0
10007028,Zara Sleeveless Bodysuit Blk & Blue,Zara,Top,M,24.99,0.0,,0,24.99,0,0.0
10005868,Zara White Black Stripe Crop Top,Zara,Top,M,24.99,0.0,,0,24.99,0,0.0
10005161,Zara Tie Top Blk,Zara,Top,XS,24.99,0.0,,0,24.99,0,0.0
10005441,Zara Wrap Dress Pnk,Zara,Dress,L,24.99,0.0,,1,24.99,1,0.0
10007292,Lulu's Gold Dress,,Dress,S,25.99,0.0,,0,24.85961,0,0.0
10005488,sadie&sage bls beige,Sadie & Sage,Top,M,25.99,0.0,,0,24.66803,0,0.0
10007102,Stella Dot White Cabochon Pendant Necklace,Stella & Dot,Accessories,,25.99,0.0,,0,24.66803,0,0.0
10007803,pink snakeskin jegging,Urban Outfitters,Other,0,24.99,0.0,,0,24.57349,0,0.0
10003796,Jen 7 Straight Black Jeans,Jen 7,Jeans/Pants,4,25.99,0.0,,0,24.51831,0,0.0
10008224,Vintage Carol Chase LS Blouse 10,,Top,,24.99,9.99,60.0,0,24.39201,0,0.0
10006133,AnnTaylor BlkBttnDwnDress,Ann Taylor,Dress,8,25.99,0.0,,0,24.33395,0,0.0
10008021,Casa Lee Beige Black Skull Vest 1,Casa Lee,Top,S,25.0,6.25,75.0,0,24.14366,0,0.0
10008022,Casa Lee Beige Black Skull Vest 2,Casa Lee,Top,S,25.0,6.25,75.0,0,24.14366,0,0.0
10007606,D&Y Black Corduroy Hat,,Accessories,,24.99,0.0,,0,24.00329,0,0.0
10007959,Tennessee Orange Shawl,,Top,,24.0,6.0,75.0,0,24.0,0,0.0
10007505,Adiva Vintage LS Blouse,,Top,S,23.99,0.0,,0,23.99,0,0.0
10005189,AFRM Black Sheer Floral SS,Afrm,Top,XS,23.99,0.0,,0,23.99,0,0.0
10006433,alfred dunner green knit blouse,Alfred Dunner,Sweater/Cardigan,L,23.99,0.0,,0,23.99,0,0.0
10005021,Altar'd State Black Sheer LS Embroid,Altar'd State,Top,M,23.99,0.0,,0,23.99,0,0.0
10006288,Ann Taylor Baby Pink Tank,Ann Taylor,Top,L,23.99,0.0,,0,23.99,0,0.0
10006621,Ann Taylor Black & White Skirt,,Skirt,8,23.99,0.0,,0,23.99,0,0.0
10006263,Anthropologie Gray Crop Top w Tie Back,Anthropologie,Top,M,23.99,0.0,,0,23.99,0,0.0
10007215,Banana Republic Black SL Dress,Banana Republic,Dress,6,23.99,0.0,,0,23.99,0,0.0
10004280,BananaRepublic Blk Coat,Banana Republic,Jacket/Coat,M,23.99,0.0,,0,23.99,0,0.0
10003377,BGBGMaxazria Beige Bodysuit,BCBG Maxazria,Top,S,23.99,0.0,,0,23.99,0,0.0
10006652,Billabong white dress,Billabong,Dress,M,23.99,0.0,,0,23.99,0,0.0
10006886,Billabong YellowFlowerSkirt,Billabong,Skirt,M,23.99,0.0,,0,23.99,0,0.0
10007810,black and white strip pant,LA Gypsy,Jeans/Pants,XL,23.99,0.0,,0,23.99,0,0.0
10003909,Blashe Muave Leotard,Blashe,Other,L,23.99,0.0,,0,23.99,0,0.0
10007210,Do & Be Brown & Green Tank,,Top,M,23.99,0.0,,0,23.99,0,0.0
10007668,Dressbarn Black Sleeveless Top S,,Dress,,23.99,12.0,50.0,0,23.99,0,0.0
10007492,Easel Grey LS Top,,Top,L,23.99,0.0,,0,23.99,0,0.0
10004059,Frankie&Johnny Mhgny Purse,Frankie X Johnny,Accessories,,23.99,0.0,,0,23.99,0,0.0
10007360,Free People Blue Skirt,Free People,Skirt,6,23.99,0.0,,0,23.99,0,0.0
10004028,Harley DavidsonTank Top_HD,Harley Davidson,Top,,23.99,0.0,,0,23.99,0,0.0
10004823,I.N. Black Floral SL Dress Glitter,I.N. San Francisco,Dress,M,23.99,0.0,,0,23.99,0,0.0
10007083,Ilaria Sartori Black Gold Sandals,Ilaria,Top,7.5,23.99,0.0,,0,23.99,0,0.0
10007180,J. Crew Top Beige,,Top,M,23.99,0.0,,0,23.99,0,0.0
10005133,Loft Black Floral Dress,Loft,Dress,8,23.99,0.0,,0,23.99,0,0.0
10007374,Lulus PinkHalterBodysuit,Lulus,Top,S,23.99,0.0,,0,23.99,0,0.0
10006702,Maggy London Green SL Dress,Maggy London,Dress,10,23.99,0.0,,0,23.99,0,0.0
10007762,MissDorby BlkWhiPadJacket,Miss Dorby,Jacket/Coat,14,23.99,0.0,,0,23.99,0,0.0
10004807,Mudd Cheetah Brown Skirt,Mudd,Skirt,11,23.99,0.0,,0,23.99,0,0.0
10007641,Nine West Pink Yellow Tie Up Wedges,Nine West,Other,9,23.99,0.0,,0,23.99,0,0.0
10006516,Parkhurst Silver Sequin Vest,Parkhurst,Top,L,23.99,0.0,,0,23.99,0,0.0
10007145,Pink Chic Vintage T Shirt,,Top,S,23.99,16.0,33.3,24,23.99,24,384.0
10007148,Pink Chic Vintage T Shirt,,Top,XL,23.99,16.0,33.3,24,23.99,24,384.0
10005259,Tahari Satin Gold SL Top Black Ruffle,Tahari,Top,S,23.99,0.0,,0,23.99,0,0.0
10007679,Voila Black SL Jumpsuit,Voila,Romper/Jumpsuit,S,23.99,0.0,,0,23.99,0,0.0
10003835,WallFlower LightWash Jacket,Wallflower Vintage Collection,Jacket/Coat,S,23.99,0.0,,0,23.99,0,0.0
10006155,WWDDDollyTshirt,Unknown,Top,M,23.99,0.0,,0,23.99,0,0.0
10007152,Yellow Chic Vintage T Shirt,,Top,L,23.99,16.0,33.3,24,23.99,24,384.0
10007150,Yellow Chic Vintage T Shirt,,Top,S,23.99,16.0,33.3,24,23.99,24,384.0
10007153,Yellow Chic Vintage T Shirt,,Top,XL,23.99,16.0,33.3,24,23.99,24,384.0
10007781,Zara White LS Lace Top,Zara,Top,M,23.99,0.0,,0,23.99,0,0.0
10004374,Zara PinkSweater,Zara,Sweater/Cardigan,M,23.99,0.0,,0,23.99,0,0.0
10007827,Kenneth Cole Brown Boots,,Shoes,8,24.99,11.2,55.2,0,23.82181,0,0.0
10006890,EriXAll HotpinkruffleTop,Eri X All,Other,6,24.99,0.0,,0,23.42747,0,0.0
10004634,Max Studio Black Dress,Max Studio,Dress,S,24.99,0.0,,0,23.39767,0,0.0
10006575,Freemarket White Floral Top,Freemarket,Top,S,23.99,0.0,,0,23.19531,0,0.0
10003226,Alexis Bittar Gold Colored Enamel Ring,Alexis Bitlar,Accessories,,24.99,0.0,,0,23.16057,0,0.0
10005820,Patrons of Peace Top Floral Beige and Pink,Patrons of Peace,Top,XS,24.99,0.0,,0,23.11481,0,0.0
10007965,BCBGMax Black Grey SS Top,,Top,,23.0,6.75,70.7,0,23.0,0,0.0
10007545,Comfort Orange Heels,,Top,8,23.0,0.0,,0,23.0,0,0.0
10008011,Foxblood Black Sheer SS Dress,Foxblood,Dress,XS,23.0,5.75,75.0,0,23.0,0,0.0
10007555,H&M Orange Sweater,,Sweater/Cardigan,M,23.0,5.75,75.0,0,23.0,0,0.0
10007549,Maggie Lawrence Black Grey Vest S,,Top,,23.0,0.0,,0,23.0,0,0.0
10008005,Style U Bright Pink Tube Top,Style U,Top,L,23.0,5.75,75.0,0,23.0,0,0.0
10007213,10007212,,Other,,22.99,0.0,,-1,22.99,-1,0.0
10007071,Adrianna Papell Gold Heels,,Top,7.5,22.99,0.0,,0,22.99,0,0.0
10004909,Alfani Blue&BlkDress,Alfani,Dress,XXL,22.99,0.0,,0,22.99,0,0.0
10005110,Alma Mater Orange & White Chevron,Alma-Mater Collection,Other,M,22.99,0.0,,0,22.99,0,0.0
10005792,AltardState StripeBttnSkirt,Altar'd State,Skirt,S,22.99,0.0,,0,22.99,0,0.0
10004858,AltarXdS LightBrwnSkirt,Altar'd State,Skirt,XS,22.99,0.0,,0,22.99,0,0.0
10006128,AmberNecklace,Unknown,Accessories,,22.99,0.0,,0,22.99,0,0.0
10005929,Ann Taylor Brown SS Cover Up,Ann Taylor,Top,2,22.99,0.0,,0,22.99,0,0.0
10007381,BananaR ChainGemNecklace,Banana Republic,Accessories,,22.99,0.0,,0,22.99,0,0.0
10006087,BananaR PinkTankTop,Banana Republic,Top,S,22.99,0.0,,0,22.99,0,0.0
10005503,BCBG Tan Crochet SL Peplum Top,BCBG Maxazria,Top,S,22.99,0.0,,0,22.99,0,0.0
10005412,Bebe BlkBlouse,Bebe,Top,S,22.99,0.0,,0,22.99,0,0.0
10005437,BKE Boutique Knit Shawl Wht,BKE Boutique,Sweater/Cardigan,M,22.99,0.0,,0,22.99,0,0.0
10003637,BluPe BlkLaceSlvzlessTop,Blu Pepper,Top,M,22.99,0.0,,0,22.99,0,0.0
10006045,BluPepper BrwnPolkaDCard,Blu Pepper,Other,S,22.99,0.0,,0,22.99,0,0.0
10006380,Brown Leather Belt,Unknown,Accessories,,22.99,0.0,,0,22.99,0,0.0
10005711,Cabi Jean Skirt,Cabi,Skirt,4,22.99,0.0,,0,22.99,0,0.0
10001173,CabiLS Top_Vi,Cabi,Top,,22.99,0.0,,0,22.99,0,0.0
10005658,Calvin Klein Black SL Top,Calvin Klein,Top,L,22.99,0.0,,0,22.99,0,0.0
10006394,Calvin Klein Gold Studded Belt,Calvin Klein,Accessories,,22.99,0.0,,0,22.99,0,0.0
10005101,Ceres Green Ruffle Tie Around SS Blouse,Ceres,Top,M,22.99,0.0,,0,22.99,0,0.0
10007590,Chaps Sleeveless Vest Black L,,Top,,22.99,0.0,,0,22.99,0,0.0
10007082,Chinese Laundry Brown Mules,Chinese Laundry,Other,9,22.99,0.0,,0,22.99,0,0.0
10004261,Chinese Laundry Red Pumps,Chinese Laundry,Shoes,1,22.99,0.0,,0,22.99,0,0.0
10006927,ClothXStone WhiteSlvlessBttnDwn,Cloth X Stone,Top,M,22.99,0.0,,0,22.99,0,0.0
10007677,Coldwater Creek Purple Cardigan 10,,Sweater/Cardigan,,22.99,5.75,75.0,0,22.99,0,0.0
10005326,Cosmo PinkMeshTop,Cosmo,Other,M,22.99,0.0,,0,22.99,0,0.0
10007397,CreamRuffleHalterTop,Unknown,Top,XS,22.99,0.0,,0,22.99,0,0.0
10005162,DKNY Embellished Floral Top Blk,Dkny,Top,XL,22.99,0.0,,0,22.99,0,0.0
10007159,Ekouaer Grey Sweater Shorts,,Shorts,L,22.99,0.0,,0,22.99,0,0.0
10007011,Express Bleus Sage Green Sweatervest,Express Bleus,Sweater/Cardigan,L,22.99,0.0,,0,22.99,0,0.0
10006662,Free People Lilac Dress,Free People,Dress,S,22.99,0.0,,0,22.99,0,0.0
10007283,Free People Yellow LS Top,,Top,XS,22.99,0.0,,0,22.99,0,0.0
10006404,FreePeople PinkTanktop,Free People,Top,XS,22.99,0.0,,0,22.99,0,0.0
10005292,Gibson BlackTop,Gibson,Other,S,22.99,0.0,,0,22.99,0,0.0
10006339,Gypsies & Moondust Red Blue Stripe Top,Gypsies & Moondust,Top,M,22.99,0.0,,0,22.99,0,0.0
10004034,Harley DavidsonTee Shirt_hdac,Harley Davidson,Top,,22.99,0.0,,0,22.99,0,0.0
10004037,Harley DavidsonTee Shirt_Hdaf,Harley Davidson,Top,,22.99,0.0,,0,22.99,0,0.0
10007918,Hem & Thread Cheetah Tank,Hem & Thread,Top,L,22.99,0.0,,0,22.99,0,0.0
10003312,Hooters Tank,Hooters,Top,,22.99,0.0,,0,22.99,0,0.0
10007260,Indulge Dress Black White,,Dress,M,22.99,0.0,,0,22.99,0,0.0
10006892,Indulge BlackBBDollTop,Indulge in Style,Other,XL,22.99,0.0,,0,22.99,0,0.0
10005935,Iris Pink Satin Embroidered Jacket,Iris Los Angeles,Jacket/Coat,L,22.99,0.0,,0,22.99,0,0.0
10003411,J Crew Top White,J Crew,Top,6,22.99,0.0,,0,22.99,0,0.0
10006643,J. Gee yellow floral dress,J. Gee,Dress,S,22.99,0.0,,0,22.99,0,0.0
10007125,Jason Maxwell Green Floral Hoodie,Jason Maxwell,Other,XL,22.99,0.0,,0,22.99,0,0.0
10004012,Johnny Cash Tee,Cash,Top,,22.99,0.0,,0,22.99,0,0.0
10003983,Juicy Couture 2 Piece Baby Pink Velvet,Juicy Couture,Other,M,22.99,0.0,,0,22.99,0,0.0
10006279,Just G Shorts Jumper,Just G,Shorts,2,22.99,0.0,,0,22.99,0,0.0
10005430,Just Polly Swirl Tee Multicolor,Just Polly,Top,XL,22.99,0.0,,0,22.99,0,0.0
10008063,KennethC GreyPurse,Kenneth Cole,Accessories,,22.99,0.0,,0,22.99,0,0.0
10006043,LaMode MulticolSwtrVest,La Mode,Sweater/Cardigan,XL,22.99,0.0,,0,22.99,0,0.0
10004767,Land's End Pink Zip Up Jacket,Lands End,Jacket/Coat,XL,22.99,0.0,,0,22.99,0,0.0
10005827,Lauren Conrad Black Uni Top,Lauren Conrad,Top,M,22.99,0.0,,0,22.99,0,0.0
10005210,Limited Black Skirt,The Limited,Skirt,2,22.99,0.0,,0,22.99,0,0.0
10006533,Liz C Red SS Buttondown,Liz Claiborne,Top,S,22.99,0.0,,0,22.99,0,0.0
10006310,London Times Teal Pink Dress,London Times,Dress,6,22.99,0.0,,0,22.99,0,0.0
10006055,Mable BrntOrangeTop,Mable,Other,S,22.99,0.0,,0,22.99,0,0.0
10007227,Madewell Yellow Dress,,Dress,6,22.99,0.0,,0,22.99,0,0.0
10004532,Maurizio Floral Long Clutch,Maurizio Taiuti,Accessories,,22.99,0.0,,0,22.99,0,0.0
10006325,Mele e Pere,,Other,,22.99,0.0,,-1,22.99,-1,0.0
10006571,Mellowday White & Blue Top,Melloday,Top,XL,22.99,0.0,,0,22.99,0,0.0
10007885,Mysteree white blouse,,Top,,22.99,0.0,,-1,22.99,-1,0.0
10007072,Naya Makani Wedge,Naya,Other,11,22.99,0.0,,0,22.99,0,0.0
10004227,New York & Co Black White Sheer Shawl,New York X Company,Other,L,22.99,0.0,,0,22.99,0,0.0
10006102,NineWest PnkTieDress,Nine West,Dress,S,22.99,0.0,,0,22.99,0,0.0
10006054,olivaceous GrnCamotieShirt,Olivaceous,Top,S,22.99,0.0,,0,22.99,0,0.0
10004877,one step tank teal,One Step,Top,46,22.99,0.0,,0,22.99,0,0.0
10004790,Pearl Beach Visor,Unknown,Other,,22.99,0.0,,0,22.99,0,0.0
10003727,pink sweatshirt burgundy,Pink,Top,XS,22.99,0.0,,0,22.99,0,0.0
10006889,PositiveAtt BlackCheetaBttnDwn,Positive Attitude,Other,12,22.99,0.0,,0,22.99,0,0.0
10006280,Rebellion Again Floral Top,Rebellion Again,Top,S,22.99,0.0,,0,22.99,0,0.0
10006178,red skirt,J Crew,Skirt,2,22.99,0.0,,0,22.99,0,0.0
10006747,Red Velvet Lace Tank with Cross,Unknown,Top,M,22.99,0.0,,0,22.99,0,0.0
10005276,Rima Multi Color Pattern Coverup,Rima Beachworld,Other,S,22.99,0.0,,0,22.99,0,0.0
10006857,signature white dress shirt,Signature by Larry Levine,Dress,L,22.99,0.0,,0,22.99,0,0.0
10007091,Sofft Elsa Blue Sandals Size,Sofft,Top,,22.99,0.0,,0,22.99,0,0.0
10006698,Southwest Burgundy Patterned Skirt,Southwest Indian Foundation,Skirt,XL,22.99,0.0,,0,22.99,0,0.0
10000004,St Johns BaySweater_Un,St Johns Bay,Sweater/Cardigan,,1.0,8.0,-700.0,0,22.99,2,0.0
10007346,Stella Dot Gold Multi Color Necklace,Stella & Dot,Accessories,,22.99,0.0,,-1,22.99,-1,0.0
10005899,Sweater,,Sweater/Cardigan,,22.99,0.0,,-1,22.99,-1,0.0
10007566,Sweet Storm Multi-Color Dress M,,Dress,,22.99,0.0,,0,22.99,0,0.0
10005440,SweetPea Sheer Floral Top,Sweet Pea,Top,L,22.99,0.0,,0,22.99,0,0.0
10008554,Tahari MulticolTop,Tahari,Other,L,22.99,0.0,,0,22.99,0,0.0
10006048,Talbots brwnbttnshirt,Talbots,Top,M,22.99,0.0,,0,22.99,0,0.0
10002174,TalbotsLS Top_Hy,Talbots,Top,,22.99,0.0,,0,22.99,0,0.0
10005463,TanFloralPullOver,Unknown,Sweater/Cardigan,L,22.99,0.0,,0,22.99,0,0.0
10004958,Tezenis Blue Brown Lace Pattern Tank,Tezenis,Top,S,22.99,0.0,,0,22.99,0,0.0
10007108,The Sak Hot Pink Bag,The Sak,Accessories,,22.99,0.0,,0,22.99,0,0.0
10005999,TheLimited WhiCardigan,The Limited,Sweater/Cardigan,XS,22.99,0.0,,0,22.99,0,0.0
10005330,ThrEightyTwo BlueBlouse,Three Eighty Two,Top,S,22.99,0.0,,0,22.99,0,0.0
10006385,Tommy Bahama Silver Belt,Tommy Bahama,Accessories,XS,22.99,0.0,,0,22.99,0,0.0
10004324,TommyH BlkFloralDress,Tommy Hilfiger,Dress,2,22.99,0.0,,0,22.99,0,0.0
10004927,Tribal BrownSkirt,Tribal,Skirt,14,22.99,0.0,,0,22.99,0,0.0
10006665,Tribe Azure Purple Flowly Romper,Tribe Azure,Romper/Jumpsuit,S,22.99,0.0,,0,22.99,0,0.0
10005149,UJA Collar Shirt Grey,Uja,Top,M,22.99,0.0,,0,22.99,0,0.0
10008395,Unknown Green Dress,,Dress,6,22.99,5.75,75.0,0,22.99,0,0.0
10005845,Urban O Green Purple Sheer Tank,Urban Outfitters,Top,M,22.99,0.0,,0,22.99,0,0.0
10005514,Urban Outfitters Multi Color SL Dress,Urban Outfitters,Dress,M,22.99,0.0,,0,22.99,0,0.0
10004869,VanillaStar BlackMiniSkirt,Vanilla Star,Skirt,25,22.99,0.0,,0,22.99,0,0.0
10005697,VINTAGE Black Blouse Gold Leaf,Unknown,Top,L,22.99,0.0,,0,22.99,0,0.0
10007113,VINTAGE Black SL Dress with White Flowers,Unknown,Dress,S,22.99,0.0,,0,22.99,0,0.0
10003743,VINTAGE unknown dress prp floral,Unknown,Dress,S,22.99,0.0,,0,22.99,0,0.0
10004855,VintageCrossR RedStripedShirt,CrossRoads,Top,XL,22.99,0.0,,0,22.99,0,0.0
10008188,WHBM Burgundy Design SL Top,White House Black Market,Top,S,22.99,6.0,73.9,0,22.99,0,0.0
10006050,WHBM Blk&whiKnit,White House Black Market,Sweater/Cardigan,M,22.99,0.0,,0,22.99,0,0.0
10006157,WHBM BlkcinchTop,White House Black Market,Other,L,25.99,0.0,,0,22.99,0,0.0
10006922,WhiteLaceSkort,Unknown,Other,S,22.99,0.0,,0,22.99,0,0.0
10004443,Wide Leg Cropped Jean,Banana Republic,Jeans/Pants,10,22.99,0.0,,0,22.99,0,0.0
10007908,Wild Fable Jean Colorful Skirt,Wild Fable,Skirt,4,22.99,0.0,,0,22.99,0,0.0
10004887,wonderly skrt flr,Wonderly,Skirt,S,22.99,0.0,,0,22.99,0,0.0
10004429,Woven Heart Shawl Black and Floral,Unknown,Other,,22.99,0.0,,0,22.99,0,0.0
10005300,YaYa FloralBlouse,Ya Ya X Co,Top,S,22.99,0.0,,0,22.99,0,0.0
10007201,Zara Basic White Top,,Top,XS,22.99,0.0,,0,22.99,0,0.0
10007092,Zara Blue Flats,Zara,Shoes,11,22.99,0.0,,0,22.99,0,0.0
10007241,Zara Light Blue Dress,,Dress,XS,22.99,0.0,,0,22.99,0,0.0
10003788,Zara Tr Black Plaid ShortSleeve,Zara Trafaluc,Shorts,S,22.99,0.0,,0,22.99,0,0.0
10005285,Zara pink&BlTop,Zara,Other,M,22.99,0.0,,0,22.99,0,0.0
10006960,LIV Los Angeles White Seethrough LS,LIV Los Angeles,Top,2,23.99,0.0,,0,22.86855,0,0.0
10007995,White & Clear Stone Necklace,,Accessories,,22.99,10.95,52.4,0,22.22844,0,0.0
10007974,Vince Camuto SS Top Pink L,,Top,,22.0,5.5,75.0,0,22.0,0,0.0
10007204,1. State Leopard Print Dress,,Dress,,21.99,0.0,,0,21.99,0,0.0
10006357,AbercmxFitch BrwnBowTop,Abercrombie & Fitch,Other,M,21.99,0.0,,0,21.99,0,0.0
10008152,altard state floral skort,Altar'd State,Other,M,21.99,8.0,63.6,0,21.99,0,0.0
10004935,AnnTaylor Pink&WhiLaceTop,Ann Taylor,Other,10,21.99,0.0,,0,21.99,0,0.0
10002759,Bar IIICardigan_Zi,Bar III,Sweater/Cardigan,,21.99,0.0,,0,21.99,0,0.0
10005076,BCBGeneration Knit Top Prp&Wht,BCBGeneration,Sweater/Cardigan,XL,21.99,0.0,,0,21.99,0,0.0
10005286,BishopY PinkSleevlessBlouse,Bishop X Young,Top,S,21.99,0.0,,0,21.99,0,0.0
10008346,BlackSkirt,Unknown,Skirt,M,21.99,0.0,,0,21.99,0,0.0
10006327,Born Beige Knit Slip Ons,Born,Sweater/Cardigan,9,21.99,0.0,,0,21.99,0,0.0
10004169,Briggs NY Floral Skirt Black,Briggs New York,Skirt,,21.99,0.0,,0,21.99,0,0.0
10006555,Brown Blue Crochet Purse,Unknown,Accessories,,21.99,0.0,,0,21.99,0,0.0
10007875,Cabi,,Other,,21.99,0.0,,-1,21.99,-1,0.0
10003863,Charlotte Russe Green Faux Satin Jogger,Charlotte Russe,Top,M,21.99,0.0,,0,21.99,0,0.0
10007303,Christopher Blue White Pants,Christopher Blue,Jeans/Pants,4,21.99,0.0,,0,21.99,0,0.0
10004839,De Mi Loov Cherry Tank,De Mi Loov,Top,M,21.99,0.0,,0,21.99,0,0.0
10003806,Domain Blue Jeans,Domaine,Jeans/Pants,5,21.99,0.0,,0,21.99,0,0.0
10004905,dreamers skrt ylw,Built by Dreamers,Skirt,M,21.99,0.0,,0,21.99,0,0.0
10003372,Elliot Lauren Pants Blue & White,Elliott Lauren,Jeans/Pants,8,21.99,0.0,,0,21.99,0,0.0
10004008,Evan-Picone,Evan-Picone,Other,,21.99,0.0,,1,21.99,1,0.0
10005541,Forever 21 Blue Satin Skirt,Forever 21,Skirt,S,21.99,0.0,,0,21.99,0,0.0
10007285,FP One Cami Dress,,Dress,XS,21.99,0.0,,0,21.99,0,0.0
10005408,FrancoS BllLoafer,Franco Sarto,Shoes,9,21.99,0.0,,0,21.99,0,0.0
10007767,GoodChoice PinkFlowerShoe,Good Choice,Shoes,9.5,21.99,0.0,,0,21.99,0,0.0
10008343,GradeXG WhiBlouse,Grade X Gather,Top,M,21.99,0.0,,0,21.99,0,0.0
10006367,H PinklaceTop,H by bordeaux,Other,S,21.99,0.0,,0,21.99,0,0.0
10005926,Intimissimi Black Cami w Lace,Intimissimi,Top,S,21.99,0.0,,0,21.99,0,0.0
10008008,J & X Black Beaded Peacock Scarf,J & X,Accessories,,24.99,0.0,,0,21.99,0,0.0
10007530,Japna Sleeveless Blouse Pink M,,Top,,21.99,0.0,,0,21.99,0,0.0
10005170,JonesNY Jean Vest,Jones New York,Jeans/Pants,S,21.99,0.0,,0,21.99,0,0.0
10005871,Kimchi Blue Floral Halter Dress,Kimchi Blue,Dress,S,21.99,0.0,,0,21.99,0,0.0
10007844,Leather Strap Medallion Necklace,,Accessories,,21.99,14.0,36.3,0,21.99,0,0.0
10006099,LiseC BluelaceCami,Lise Charmel,Top,XS,21.99,0.0,,0,21.99,0,0.0
10006680,Loft Blue Floral Skirt,Loft,Skirt,S,21.99,0.0,,0,21.99,0,0.0
10008186,Love on Yellow Blue Skirt,Love On A Hanger,Skirt,5,21.99,6.0,72.7,0,21.99,0,0.0
10006291,Lush Hot Pink Halter Dress,Lush,Dress,M,21.99,0.0,,0,21.99,0,0.0
10004425,MintQuarterButton,Armani Exchange,Other,XXS,21.99,0.0,,0,21.99,0,0.0
10008118,nanette lepore knit skirt,Nanette Lepore,Skirt,M,21.99,0.0,,0,21.99,0,0.0
10005045,New'm Floral Top,New'm,Top,S,21.99,0.0,,0,21.99,0,0.0
10004317,NineWest BlkAniPrintHeels,Nine West,Top,7.5,21.99,0.0,,0,21.99,0,0.0
10006041,Ninewest PinkTwistTop,Nine West,Other,M,21.99,0.0,,0,21.99,0,0.0
10000043,PleaseLS Top_Lo,Please,Top,,1.0,0.0,,0,21.99,1,0.0
10006113,Plenty Blue&BlkFlowerDress,Plenty,Dress,6,24.99,0.0,,0,21.99,0,0.0
10006741,Raisin' Hell Beige BBall Cap,Unknown,Other,,21.99,0.0,,0,21.99,0,0.0
10004590,Rolling S Tshirt,The Rolling Stones,Top,L,21.99,0.0,,0,21.99,0,0.0
10005889,Ronni Nicole Green Cardigan,Ronni Nicole,Sweater/Cardigan,1,21.99,0.0,,0,21.99,0,0.0
10005810,Saks shirt red,,Top,,21.99,0.0,,-1,21.99,-1,0.0
10005062,SavannaJane Floral Top Prpl,Savanna Jane,Top,L,21.99,0.0,,0,21.99,0,0.0
10003934,Sears Yellow Intimate Slip,Sears,Other,M,21.99,0.0,,0,21.99,0,0.0
10006953,She & Sky White Crop Top,She & Sky,Top,S,21.99,0.0,,0,21.99,0,0.0
10004414,Sheer Maroon,The Limited,Other,S,21.99,0.0,,0,21.99,0,0.0
10007953,Silver necklace Lt Blue Stone,,Accessories,,21.99,12.99,40.9,0,21.99,0,0.0
10007956,Silver w Blue Accent Necklace,,Accessories,,21.99,10.95,50.2,0,21.99,0,0.0
10007906,Sincerely Jules NWT Jean Top,Sincerely Jules NWT,Jeans/Pants,L,21.99,0.0,,0,21.99,0,0.0
10006812,Skies are Blue,Skies are Blue,Other,,21.99,0.0,,0,21.99,0,0.0
10005358,skies are blue jumper red,Skies are Blue,Other,M,21.99,0.0,,0,21.99,0,0.0
10004933,Soffe Blk&WhiStripeUTTop,Soffe,Other,M,21.99,0.0,,0,21.99,0,0.0
10006457,Soho Girls Hot Pink Lace Back Top,Soho Girl's,Top,,21.99,0.0,,0,21.99,0,0.0
10004467,SteveM TanBuckleFlat,Steve Madden,Shoes,6.5,21.99,0.0,,0,21.99,0,0.0
10007717,Talbots Beige Floral Skirt,Talbots,Skirt,2,21.99,0.0,,0,21.99,0,0.0
10007723,Talbots Light Beige Floral Skirt,Talbots,Skirt,4,21.99,0.0,,0,21.99,0,0.0
10006957,Talbots Silk SL Top,Talbots,Top,8,21.99,0.0,,0,21.99,0,0.0
10005287,TheLimited BlackLowbackTop,The Limited,Other,M,21.99,0.0,,0,21.99,0,0.0
10003903,TheOutfit White Floral Top,The Outfit,Top,S,21.99,0.0,,0,21.99,0,0.0
10007631,Threads 91 Vols Windbreaker S,,Top,,21.99,0.0,,0,21.99,0,0.0
10005290,UltraPink Blk&WhiTop,Ultra Pink,Other,S,21.99,0.0,,0,21.99,0,0.0
10007712,Venue Crochet SS Top Cardigan,Venue,Sweater/Cardigan,S,21.99,0.0,,0,21.99,0,0.0
10006181,vintage purple patterned pants small,Unknown,Jeans/Pants,,21.99,0.0,,0,21.99,0,0.0
10004504,WhBmNWT Multicolor Skirt,White House Black Market,Skirt,4,21.99,0.0,,0,21.99,0,0.0
10004662,WildH BlkLaceBdySuit,Wild Honey,Other,L,21.99,0.0,,0,21.99,0,0.0
10006980,Zara White Collared SS Dress,Zara,Dress,S,21.99,0.0,,0,21.99,0,0.0
10006576,Blue Purse Silver Hardware,Unknown,Accessories,,21.95,0.0,,0,21.95,0,0.0
10007907,X2 Jean Skirt,X2,Skirt,6,22.99,0.0,,0,21.9153,0,0.0
10007736,GigioUSA GrnBttnDownBlouse,Gigio USA,Top,M,26.99,0.0,,0,21.592,0,0.0
10006341,Pink Blouse W Ruffles,Unknown,Top,S,22.99,0.0,,0,21.55253,0,0.0
10007232,Beli Fama Dress Size,,Dress,,22.99,0.0,,0,21.51572,0,0.0
10006943,UrbanOut MulticolSTripeShirt,Urban Outfitters,Top,S,21.99,0.0,,0,21.26156,0,0.0
10007752,MarilynM FlamingoDress,Marilyn Monroe,Dress,M,21.99,0.0,,0,21.23676,0,0.0
10001107,Coca ColaTee Shirt_Le,Coca Cola,Top,,21.99,0.0,,0,21.09588,0,0.0
10007984,Aeropostale Brown Belt with Beige Stitch,Aeropostale,Accessories,,20.99,0.0,,0,20.99,0,0.0
10006918,ArizonaJeanCo JeanSkirt,Arizona Jean Co,Skirt,3,20.99,0.0,,0,20.99,0,0.0
10007372,BlackScrunchBag,Unknown,Accessories,,20.99,0.0,,0,20.99,0,0.0
10006979,J Crew Pink SS Blouse,J Crew,Top,12,20.99,0.0,,0,20.99,0,0.0
10005547,J Jill Biege LS Cardigan,J Jill,Sweater/Cardigan,XS,20.99,0.0,,0,20.99,0,0.0
10007532,Moda Int Burgundy LS Top XS,,Top,,20.99,0.0,,0,20.99,0,0.0
10007064,Naturalizer Lime Green Mules,Naturalizer,Other,8.5,20.99,0.0,,0,20.99,0,0.0
10008340,Patagonia YellowShorts,Patagonia,Shorts,M,20.99,0.0,,0,20.99,0,0.0
10004132,PinkFloyd Baby Tee,Unknown,Top,S,20.99,0.0,,0,20.99,0,0.0
10007193,Tahari Tan Dress,,Dress,S,24.99,0.0,,0,20.99,0,0.0
10004123,ZION Gry Marley Tee,Zion Rootswear,Top,XS,20.99,0.0,,0,20.99,0,0.0
10004968,Nirvana Band Tshirt,Nirvana,Top,S,21.99,0.0,,0,20.72563,0,0.0
10004032,Harley DavidsonTank Top_Hdaa,Harley Davidson,Top,,21.99,0.0,,0,20.33992,0,0.0
10006036,RiverIsland LeafBeadShirt,River Island,Top,10,22.99,0.0,,0,20.18566,0,0.0
10007970,Andrea Jovine Black Fish Dress 6,,Dress,,20.0,5.0,75.0,0,20.0,0,0.0
10007559,Boft Broke Hearts Sweater White L,,Sweater/Cardigan,,23.0,5.75,75.0,0,20.0,0,0.0
10003154,Pink Plastic Purse,Unknown,Accessories,,20.0,0.0,,0,20.0,0,0.0
10008016,Style U White Tube Top,Style U,Top,M,23.0,5.75,75.0,0,20.0,0,0.0
10006249,VINTAGE Revlon Gold Compact 1960s,Revlon,Other,,20.0,0.0,,0,20.0,0,0.0
10009798,Adora Tie Top Black,Adora,Top,M,19.99,0.0,,0,19.99,0,0.0
10004378,AlexMarie BlkHeeledFlats,Alex Marie,Shoes,9,19.99,0.0,,0,19.99,0,0.0
10005597,Altar'd State Lace SL Blouse,Altar'd State,Top,M,19.99,0.0,,0,19.99,0,0.0
10008153,Altar'd State Pink Cherry Tank Top,Altar'd State,Top,S,19.99,6.0,70.0,0,19.99,0,0.0
10008508,Altard State Brown Skort S,,Other,,19.99,5.3,73.5,0,19.99,0,0.0
10007279,Altard State Overalls White,,Top,L,19.99,0.0,,0,19.99,0,0.0
10006937,AmericanEagle RedWhiSkirt,American Eagle,Skirt,M,19.99,0.0,,0,19.99,0,0.0
10007453,Ann Taylor Red Purse,Ann Taylor,Accessories,,19.99,0.0,,0,19.99,0,0.0
10006673,Arizona Jean Overalls,Arizona,Jeans/Pants,L,19.99,0.0,,0,19.99,0,0.0
10007915,BCBG Black & White SL Top,BCBG Maxazria,Top,S,19.99,0.0,,0,19.99,0,0.0
10004021,BDG Pink Cords,Bog,Other,4,19.99,0.0,,0,19.99,0,0.0
10006623,Bisou Denin Top,,Top,16,19.99,0.0,,0,19.99,0,0.0
10006212,black tank with shoulder ruffles small,Ann Taylor,Top,,19.99,0.0,,0,19.99,0,0.0
10008446,Chelsea & Violet Red Shorts M,,Shorts,,19.99,7.0,65.0,0,19.99,0,0.0
10003013,Cotton EmporiumCardigan_Lu,Cotton Emporium,Sweater/Cardigan,,19.99,0.0,,0,19.99,0,0.0
10004055,Cream Lace Scarf OS,Unknown,Accessories,,19.99,0.0,,0,19.99,0,0.0
10003382,Designers Original Sleeveless Top Black,Designers Original,Top,L,19.99,0.0,,0,19.99,0,0.0
10003300,Distressed Hat_Un,Dkny,Top,,19.99,0.0,,0,19.99,0,0.0
10007516,DKNY jacket,,Jacket/Coat,,19.99,0.0,,0,19.99,0,0.0
10007929,DR 2 Pink Patterned SS Top,Dr 2,Top,S,19.99,0.0,,0,19.99,0,0.0
10003936,Dusty Pink Intimate Slip,,Other,M,19.99,0.0,,0,19.99,0,0.0
10006873,GAP WhiDotBttnDown,Gap,Other,S,19.99,0.0,,0,19.99,0,0.0
10008158,George Brown Floral Skirt,George,Skirt,4,19.99,8.0,60.0,0,19.99,0,0.0
10004372,Glam GreySweater,Glam,Sweater/Cardigan,S,19.99,0.0,,0,19.99,0,0.0
10007952,Green Stone Earings,,Accessories,,19.99,0.0,,0,19.99,0,0.0
10006996,Green Tan Satin SL Top,Unknown,Top,M,19.99,0.0,,0,19.99,0,0.0
10006205,green texture design tanktop medium,Paper Crane,Top,,19.99,0.0,,0,19.99,0,0.0
10006206,green with white flowers blouse small,Sadie & Sage,Top,,19.99,0.0,,0,19.99,0,0.0
10006228,grey tennessee vols tshirt medium,Champion,Top,,19.99,0.0,,0,19.99,0,0.0
10006700,Harley Davidson Blue Tshirt White LS,Harley Davidson,Top,L,19.99,0.0,,0,19.99,0,0.0
10004039,Harley DavidsonTee Shirt_Hdah,Harley Davidson,Top,,19.99,0.0,,0,19.99,0,0.0
10003562,Hawaiian Punch Tee Shirt,Hawaiian Punch,Top,,19.99,0.0,,0,19.99,0,0.0
10007874,Hengsheng Jean Jacket M,,Jeans/Pants,,19.99,0.0,,0,19.99,0,0.0
10007020,INC Blue SL Top,Inc,Top,M,19.99,0.0,,0,19.99,0,0.0
10007787,Itsu Green Floral Skirt,Itsu,Skirt,8,19.99,0.0,,0,19.99,0,0.0
10006868,JackWills JeanShort,Jack Wills,Shorts,6,19.99,0.0,,0,19.99,0,0.0
10004978,Jaclyn Smith Black Dressy Tank w Metal Cuff,Jaclyn Smithxs Studio,Dress,L,19.99,0.0,,0,19.99,0,0.0
10003858,JCrew Purp Floral Long Sleeve,J Crew,Other,M,19.99,0.0,,0,19.99,0,0.0
10004117,KateLord Prp StripeShrt,Kate Lord,Shorts,M,19.99,0.0,,0,19.99,0,0.0
10008062,KennethC BrownPurse,Kenneth Cole,Accessories,,19.99,0.0,,0,19.99,0,0.0
10003378,La Castellana Pink Camisole,La Castellana,Top,S,19.99,0.0,,0,19.99,0,0.0
10006994,Le Lis Black SL Silver Fringe Top,Le Lis,Top,S,19.99,0.0,,0,19.99,0,0.0
10007840,Lia Sophia Necklace,,Accessories,,19.99,12.0,40.0,0,19.99,0,0.0
10006689,Light Wash Jean Vest,Unknown,Jeans/Pants,XL,19.99,0.0,,0,19.99,0,0.0
10003294,Loft Green Front Pocket Skirt,Loft,Skirt,,19.99,0.0,,0,19.99,0,0.0
10005886,LRL Green LS,Lauren Ralph Lauren,Top,XL,19.99,0.0,,0,19.99,0,0.0
10006896,MichelleNicole BrownJewelShirt,Michelle Nicole,Top,S,19.99,0.0,,0,19.99,0,0.0
10004283,Moth Amber Knit Sweater,Moth,Sweater/Cardigan,S,19.99,0.0,,0,19.99,0,0.0
10008433,Multicolor Bead Earrings,,Accessories,,19.99,8.0,60.0,0,19.99,0,0.0
10006699,Muse Valley Sheer Baby Pink Dress,Muse Valley,Dress,L,19.99,0.0,,0,19.99,0,0.0
10007571,My Michelle Multi-Color Skirt M,,Skirt,,19.99,0.0,,0,19.99,0,0.0
10007278,Nasty Girl Silver Top,,Top,10,19.99,0.0,,0,19.99,0,0.0
10006489,Nike Knoxville Tshirt,Nike,Top,XXL,19.99,0.0,,0,19.99,0,0.0
10008306,NineWest BluedenimHeels,Nine West,Jeans/Pants,8,19.99,0.0,,0,19.99,0,0.0
10007632,NWT Rip Curl Red Top,,Top,S,19.99,0.0,,0,19.99,0,0.0
10003800,Paper Crane Green White Crop Top,Paper Crane,Top,M,19.99,0.0,,0,19.99,0,0.0
10005557,Pashina Green Silk Scarf,Pashmina,Accessories,,19.99,0.0,,0,19.99,0,0.0
10000166,Peace of Cloth,Peace of Cloth,Other,,1.0,0.0,,0,19.99,1,0.0
10006975,Perceptions White Knit Throw,Perceptions,Sweater/Cardigan,1,19.99,0.0,,0,19.99,0,0.0
10005572,Peyton Primrase Gray Cardgian,Peyton Primrase,Other,XL,19.99,0.0,,0,19.99,0,0.0
10007916,Posty Co Black Tour Tshirt,Posty Co,Top,2,19.99,0.0,,0,19.99,0,0.0
10006881,redbrownVelvetLaceTankTop,Unknown,Top,S,19.99,0.0,,0,19.99,0,0.0
10006876,RedMidiPoofySkirt,Unknown,Skirt,M,19.99,0.0,,0,19.99,0,0.0
10008172,Reformed B & W Floral Skirt,Reformed,Skirt,6,19.99,8.0,60.0,0,19.99,0,0.0
10006220,ribbed purple middle scrunk croptop small,Altar'd State,Top,,19.99,0.0,,0,19.99,0,0.0
10006970,St Johns Bay White SS Top,St Johns Bay,Top,S,19.99,0.0,,0,19.99,0,0.0
10005938,Steve Madden Pink Floral LS Top,Steve Madden,Top,L,19.99,0.0,,0,19.99,0,0.0
10005002,Susie Collection Black Bellsleeve,Susie Collection,Top,L,19.99,0.0,,1,19.99,1,0.0
10007446,The Sak Green Satchel,,Other,,19.99,0.0,,0,19.99,0,0.0
10006856,The territory ahead white dress shirt,The Territory Ahead,Dress,M,19.99,0.0,,0,19.99,0,0.0
10003393,Trillium Slip Dress Black,Trillium,Dress,6,19.99,0.0,,0,19.99,0,0.0
10007430,Turks & Caicos White Cover Up Pants S,,Jeans/Pants,,19.99,0.0,,0,19.99,0,0.0
10003391,Unknown Slip Dress Light Blue S,Unknown,Dress,,19.99,0.0,,0,19.99,0,0.0
10006564,Urban Behavior Multicolor Sheer Tank,Urban Behavior,Top,S,19.99,0.0,,0,19.99,0,0.0
10006218,silk black tank small,Tahari,Top,,19.99,0.0,,0,19.32782,0,0.0
10007930,Luxology Beige Pink SL Long Dress,Luxology,Dress,L,19.99,0.0,,0,19.05554,0,0.0
10007043,Nine West Green Flats,,Shoes,8,19.99,0.0,,0,19.05554,0,0.0
10007552,A Father's Love Orange Skirt,,Skirt,S,19.0,4.75,75.0,0,19.0,0,0.0
10007556,Blue Canyon SS Top,,Top,L,19.0,4.75,75.0,0,19.0,0,0.0
10007973,Boden Green LS Top 10,,Top,,19.0,4.75,75.0,0,19.0,0,0.0
10008046,Kristin D White LS Buttondown,Kristin Davis,Top,L,19.0,4.75,75.0,0,19.0,0,0.0
10007880,Madewell Blue Skirt,,Skirt,0,19.0,4.75,75.0,0,19.0,0,0.0
10007550,Papaya Dress Multi-Color,,Dress,M,19.0,4.75,75.0,0,19.0,0,0.0
10007562,Wild Fable White Dress,,Dress,S,19.0,4.75,75.0,0,19.0,0,0.0
10008024,XCVI Green SL Top,Xcvi,Top,XS,19.0,4.75,75.0,0,19.0,0,0.0
10008085,10002312,,Other,,18.99,0.0,,-1,18.99,-1,0.0
10006446,Agenda Orange & White SL Top,Agenda,Top,M,18.99,0.0,,0,18.99,0,0.0
10007202,Altard State Green Top,,Top,S,18.99,0.0,,0,18.99,0,0.0
10005418,AnnTLoft Yellow&GrnTop,Ann Taylor LOFT,Other,M,18.99,0.0,,0,18.99,0,0.0
10007126,Apollo Jeans Sleeveless Denim Jacket,Apollo,Jeans/Pants,S,18.99,0.0,,0,18.99,0,0.0
10005472,Apt9 GrnSPotBttnDwn,Apt 9,Other,2,18.99,0.0,,0,18.99,0,0.0
10005495,Banana Republic Blue Striped Dress,Banana Republic,Dress,00,18.99,0.0,,0,18.99,0,0.0
10004364,Black Cardigan,Unknown,Sweater/Cardigan,M,18.99,0.0,,0,18.99,0,0.0
10004534,Black Jean Mini Dress with Metal Button,,Dress,M,18.99,0.0,,0,18.99,0,0.0
10007452,Black Pleather Purse Silver Hardware,Unknown,Accessories,,18.99,0.0,,0,18.99,0,0.0
10007342,Brighton Silver Necklace,Brighton,Accessories,,18.99,0.0,,0,18.99,0,0.0
10006376,Brown Leather Belt Brass Buckle,Unknown,Top,,18.99,0.0,,0,18.99,0,0.0
10005117,By Together Gray Velvet Tank Lace Trim,By Together,Top,L,18.99,0.0,,0,18.99,0,0.0
10005774,ByTogether Blk&WhiSkirt,By Together,Skirt,S,18.99,0.0,,0,18.99,0,0.0
10004835,Cable & G Green Cheetah Print SL,Cable X Gauge,Other,S,18.99,0.0,,0,18.99,0,0.0
10006538,Cable & Gauge Black SL Lace Top,Cable X Gauge,Top,XL,18.99,0.0,,0,18.99,0,0.0
10005018,Cable Gauge Tan SL Embroider,Cable X Gauge,Other,S,18.99,0.0,,0,18.99,0,0.0
10006047,CalvinK PinkTop,Calvin Klein,Other,XL,18.99,0.0,,0,18.99,0,0.0
10005178,CharlotteRusse Halter Top Prple&Gry,Charlotte Russe,Top,S,18.99,0.0,,0,18.99,0,0.0
10006340,Chico's Dark Blue Top,Chico's,Top,S,18.99,0.0,,0,18.99,0,0.0
10005278,Cider Black LS Tie Front,Cider,Top,S,18.99,0.0,,0,18.99,0,0.0
10003689,Coca Cola White Tee,Coca Cola,Top,M,18.99,0.0,,0,18.99,0,0.0
10005856,croftandbarrow purse multicolor,Croft X Barrow,Accessories,,18.99,0.0,,0,18.99,0,0.0
10005103,Daisy Fuentes Brown Buckle Capri,Daisy Fuentes,Other,8,18.99,0.0,,0,18.99,0,0.0
10005748,Daytrip Red Lace Tshirt,Daytrip,Top,S,18.99,0.0,,0,18.99,0,0.0
10003672,delicates nght gwn pink,Delicates,Other,S,18.99,0.0,,0,18.99,0,0.0
10007738,Divided RedPolkaDotDress,Divided,Dress,2,18.99,0.0,,0,18.99,0,0.0
10006608,Dress Forum Lemon Wrap Dress,Dress Forum,Dress,M,18.99,0.0,,0,18.99,0,0.0
10007243,Entro Black Skirt,,Skirt,L,18.99,0.0,,0,18.99,0,0.0
10007287,Entro Burnt Orange Skirt,,Skirt,L,18.99,0.0,,0,18.99,0,0.0
10007448,Express Pale Pink SL Top Tie Front,Express,Top,M,18.99,0.0,,0,18.99,0,0.0
10008140,eyeshadow creme lace vest,Eyeshadow,Top,S,18.99,8.0,57.9,0,18.99,0,0.0
10005166,Forever21 Aztec Skirt Blk&Pnk,Forever21,Skirt,S,18.99,0.0,,0,18.99,0,0.0
10007358,Franco Sarto Tan Leather Slip Ons,Franco Sarto,Other,10,18.99,0.0,,0,18.99,0,0.0
10006563,Free People Black Tank Emb,Free People,Top,M,18.99,0.0,,0,18.99,0,0.0
10005908,Haeof Black Long Skirt,Haeof,Skirt,S,18.99,0.0,,0,18.99,0,0.0
10005788,Halogen BlkLaceTanktop,Halogen,Top,M,18.99,0.0,,0,18.99,0,0.0
10005123,Hollister Camo Pants,Hollister,Jeans/Pants,29,18.99,0.0,,0,18.99,0,0.0
10005642,J Crew Red Scallop Tank,J Crew,Top,2,18.99,0.0,,0,18.99,0,0.0
10006914,JCrew NavyWhiPlkaDotShorts,JCrew,Shorts,10,18.99,0.0,,0,18.99,0,0.0
10006727,Jeuvre Snakeskin & Floral Dress,Jeuvre,Dress,XS,18.99,0.0,,0,18.99,0,0.0
10007319,Levi's Cut Off Shorts 501,Levi Strauss & Co,Shorts,,18.99,0.0,,0,18.99,0,0.0
10004660,LineaD WhtLaceDress,Linea Donatella,Dress,S,18.99,0.0,,0,18.99,0,0.0
10006260,Loft Black Cardigan,Loft,Sweater/Cardigan,S,18.99,0.0,,0,18.99,0,0.0
10008250,Loft Sleeveless Blue White Top M,,Top,,18.99,6.0,68.4,0,18.99,0,0.0
10004523,LRL Black Purse Gold Zipper,Lauren Ralph Lauren,Accessories,,18.99,0.0,,0,18.99,0,0.0
10005175,M&M Strplss Dress Grn&Blk,M&M,Dress,XL,18.99,0.0,,0,18.99,0,0.0
10005789,MelroseXMar BlackLaceTop,Melrose X Market,Other,L,18.99,0.0,,0,18.99,0,0.0
10005502,Miss Cocoa Salmon Halter Top Metal,Miss Cocoa,Top,M,18.99,0.0,,0,18.99,0,0.0
10007753,MorganT FloralMeshIntDress,Morgan Taylor Intimates,Dress,,18.99,0.0,,0,18.99,0,0.0
10007343,Nakamol Stone Wrap Bracelet,Nakamol,Accessories,,18.99,0.0,,0,18.99,0,0.0
10007721,Nautica Off White Pinstripe Vest Top,Nautica,Top,4,18.99,0.0,,0,18.99,0,0.0
10004765,Nine West Black Flower Bucket Hat,Nine West,Accessories,,18.99,0.0,,0,18.99,0,0.0
10006259,No Boundaries Green Flower Cardigan,No Boundaries,Sweater/Cardigan,M,18.99,0.0,,0,18.99,0,0.0
10005977,NVGTN Black LS Top,Nvgtn,Top,M,18.99,0.0,,0,18.99,0,0.0
10006683,Ocean Drive Light Green & White Dress,Ocean Drive,Dress,S,18.99,0.0,,0,18.99,0,0.0
10005339,OutfitJPR MulticolStripeTank,Outfit JPR,Top,S,18.99,0.0,,0,18.99,0,0.0
10007100,Oz Red Leather Purse,Oz,Accessories,,18.99,0.0,,0,18.99,0,0.0
10007366,Promod PnkPurpLaceShirt,Promod,Top,S,18.99,0.0,,0,18.99,0,0.0
10007497,Qinsen Brown Bodysuit,,Top,S,18.99,0.0,,0,18.99,0,0.0
10007130,Rafaelle Turquoise Skirt,Rafaella,Skirt,L,18.99,0.0,,0,18.99,0,0.0
10007413,Red Boho Crochet Knitted Petite Bag,,Sweater/Cardigan,,18.99,0.0,,0,18.99,0,0.0
10006379,Red Colorful Striped Belt,Unknown,Accessories,,18.99,0.0,,0,18.99,0,0.0
10005881,Relativity Pink & Brown Cardigan,Relativity,Sweater/Cardigan,S,18.99,0.0,,0,18.99,0,0.0
10007282,Reoria SS Top Pink,,Top,L,18.99,0.0,,0,18.99,0,0.0
10006884,SiennaSky OraPinkFloralTop,Sienna Sky,Other,S,18.99,0.0,,0,18.99,0,0.0
10008383,Sim & Sam floral blouse,Sim & Sam,Top,S,18.99,8.99,52.7,0,18.99,0,0.0
10005954,St Johns Bay Brown & White SS,St Johns Bay,Top,L,18.99,0.0,,0,18.99,0,0.0
10003607,Sugar Moon Swe Beige Floral,Sugar Moon,Other,S,18.99,0.0,,0,18.99,0,0.0
10007503,Sunday in Brooklyn Blue White Top XS,,Top,,18.99,0.0,,0,18.99,0,0.0
10006570,Tahari Arthur Blue Green SL Top,Tahari Arthur S Levine,Top,L,18.99,0.0,,0,18.99,0,0.0
10007238,Talbot's Green Hat,,Accessories,,18.99,0.0,,0,18.99,0,0.0
10003985,Tan Purse,,Accessories,,18.99,0.0,,0,18.99,0,0.0
10006219,textured white brallette top small,Zara,Top,,18.99,0.0,,0,18.99,0,0.0
10003690,THML Cream Sweater,Thml,Sweater/Cardigan,XS,18.99,0.0,,1,18.99,1,0.0
10008537,TicToc PinkWhiCorset,Tic Toc,Set,M,18.99,0.0,,0,18.99,0,0.0
10006162,TwoPiecePinkSet,Unknown,Set,S,18.99,0.0,,0,18.99,0,0.0
10006811,Unknown Blaack Sleeveless Top,Unknown,Top,XL,18.99,0.0,,0,18.99,0,0.0
10005811,unknown belt pnk&brwn,Unknown,Accessories,,18.99,0.0,,0,18.99,0,0.0
10001200,Victoriaxs SecretSlip_Ta,Victoriaxs Secret,Other,,18.99,0.0,,0,18.99,0,0.0
10004080,VINTAGE Lady O Red Striped Shortsleeve,Lady O,Shorts,L,18.99,0.0,,0,18.99,0,0.0
10007375,VintageFlowerNecklace,Unknown,Accessories,,18.99,0.0,,0,18.99,0,0.0
10006148,VintageSarahCovNecklace,Sarah Coventry,Accessories,,18.99,0.0,,0,18.99,0,0.0
10006127,VintageSears WhiRuffleBtnDwn,Sears,Other,8,18.99,0.0,,0,18.99,0,0.0
10007143,WHBM White Dress,Whbm,Dress,6,18.99,0.0,,0,18.99,0,0.0
10005032,WHBM Ruched Blouse Prpl,White House Black Market,Top,S,18.99,0.0,,0,18.99,0,0.0
10005039,White Jean Mini w Metal Button,Unknown,Jeans/Pants,L,18.99,0.0,,0,18.99,0,0.0
10007065,White Mountain Slip on Sandals Gold,White Mountain,Top,9,18.99,0.0,,0,18.99,0,0.0
10004672,windsor bodysuit blk,Windsor,Top,M,18.99,0.0,,0,18.99,0,0.0
10006790,Wrangler JeanFlowerShorts,Wrangler,Shorts,4,18.99,0.0,,0,18.99,0,0.0
10006388,WW Black Snakeskin Belt,Ww,Accessories,2,18.99,0.0,,0,18.99,0,0.0
10005288,ZacXRachel GreenLaceTop,Zac X Rachel,Other,2,18.99,0.0,,0,18.99,0,0.0
10007400,Zara YllwFloralCutoutDress,Zara NWT,Dress,M,18.99,0.0,,0,18.99,0,0.0
10006720,Lou & Grey Multicolor Striped Top,Lou X Grey by Loft,Top,M,19.99,0.0,,0,18.84062,0,0.0
10007940,Green Flower Necklace Choker,Unknown,Accessories,,19.99,0.0,,0,18.7081,0,0.0
10003616,talbots sweater multi purp sp,Talbots,Sweater/Cardigan,,25.99,0.0,,0,18.193,0,0.0
10003413,Shadowline Slip Dress Black,Shadowline,Dress,M,18.99,0.0,,0,18.11051,0,0.0
10008285,FP Blue Floral Sheer Blouse,Free People,Top,XS,18.0,4.5,75.0,0,18.0,0,0.0
10008284,Lulus Satin Off White Top,Lulus,Top,S,18.0,4.5,75.0,0,18.0,0,0.0
10005584,The Limited Off White Tank Blouse,The Limited,Top,XL,18.0,0.0,,0,18.0,0,0.0
10007473,A New Day Black SL Dress,A New Day,Dress,L,17.99,0.0,,0,17.99,0,0.0
10006972,Ann Taylor White LS,Ann Taylor,Top,S,17.99,0.0,,0,17.99,0,0.0
10005071,AnnTaylor LeafPrint Top Grn,Ann Taylor,Top,M,17.99,0.0,,0,17.99,0,0.0
10002418,BCBGenerationSkirt_En,BCBGeneration,Skirt,,17.99,0.0,,0,17.99,0,0.0
10006232,black ribbed tanktop,JCrew,Top,XXS,17.99,0.0,,0,17.99,0,0.0
10006221,black short sleeve dress blouse large,Belle,Dress,,17.99,0.0,,0,17.99,0,0.0
10006685,BOG Black Floral Crop Top,Bog,Top,,17.99,0.0,,0,17.99,0,0.0
10003242,Brown & Silver Bracelet,Unknown,Accessories,,17.99,0.0,,0,17.99,0,0.0
10007987,Brown Leather Belt Red Blue Studs,Unknown,Accessories,,17.99,0.0,,0,17.99,0,0.0
10008249,Brown Tote Bag M,,Accessories,L,17.99,4.25,76.4,0,17.99,0,0.0
10006378,Calvin Klein Black Studded Belt,Calvin Klein,Accessories,,17.99,0.0,,0,17.99,0,0.0
10008481,Cider SS Top,,Top,S,17.99,4.99,72.3,0,17.99,0,0.0
10004792,Gap Black Leather Brass Belt,Gap,Top,M,17.99,0.0,,0,17.99,0,0.0
10006875,GianiBini TanCropTankTop,Giani Bini,Top,M,17.99,0.0,,0,17.99,0,0.0
10008351,HarloweXG RedBlkLaceTop,Harlowe X Graham,Other,M,17.99,0.0,,0,17.99,0,0.0
10005654,Lily Brown SS Top,Lily White,Top,L,17.99,0.0,,0,17.99,0,0.0
10008379,mimi chica floral tanktop,Mimi Chica,Top,M,17.99,8.99,50.0,0,17.99,0,0.0
10005508,MTV Branded White Tshirt,Mtv,Top,S,17.99,0.0,,0,17.99,0,0.0
10006508,New Directions NWT B & W Tank,New Directions,Top,M,17.99,0.0,,0,17.99,0,0.0
10007104,NWT H&M Peach Top,H&M,Top,S,17.99,0.0,,0,17.99,0,0.0
10007134,Pac Sun Rhinestone Denim Top,Pac Sun,Jeans/Pants,S,17.99,0.0,,0,17.99,0,0.0
10006299,Philosophy Blue & Pink Tank,Philosophy,Top,M,17.99,0.0,,0,17.99,0,0.0
10007565,Pimatee Rascal Flatts T-Shirt XL,,Top,,17.99,0.0,,0,17.99,0,0.0
10006238,pink tanktop medium,Adrienne Vittadin,Top,,17.99,0.0,,0,17.99,0,0.0
10003248,Red & White Necklace,Unknown,Accessories,,17.99,0.0,,0,17.99,0,0.0
10003246,Silver Metal Black Leather Bracelet,Unknown,Accessories,,17.99,0.0,,0,17.99,0,0.0
10007733,SincerelyJules WhiCropCoverHoodie,Sincerely Jules,Other,L,17.99,0.0,,0,17.99,0,0.0
10006899,TNVolsTshirt,Unknown,Top,L,17.99,0.0,,0,17.99,0,0.0
10007592,Unknown Black Top,,Top,M,17.99,0.0,,0,17.99,0,0.0
10003419,Unknown White Camisole,Unknown,Top,M,17.99,0.0,,0,17.99,0,0.0
10003421,Unknown White Slip Dress,Unknown,Dress,S,17.99,0.0,,0,17.99,0,0.0
10008227,Zara Green Dress,,Dress,S,17.99,5.0,72.2,0,17.99,0,0.0
10008017,Paani Luv Blue Floral Skirt,Paani Luv,Skirt,S,19.0,4.75,75.0,0,17.78158,0,0.0
10005850,Rachel Zoe Pattern Cinched Sheer Top,Rachel Zoe,Top,XS,18.99,0.0,,0,17.77998,0,0.0
10004757,Bobbi Brooks Gray Knit SS,Bobbi Brooks,Sweater/Cardigan,L,24.99,0.0,,0,17.493,0,0.0
10005382,charlotte russe tank grn,Charlotte Russe,Top,XS,18.99,0.0,,0,17.20857,0,0.0
10007941,Brown Dangle Earrings,Unknown,Accessories,,17.99,0.0,,0,17.20755,0,0.0
10007551,The Limited Yellow Sleeveless XS,,Top,,17.0,4.25,75.0,0,17.0,0,0.0
10003474,Adonna Slip Dress Black,Adonna,Dress,S,16.99,0.0,,0,16.99,0,0.0
10006973,Allegra White Blouse Bodysuit,Allegra K,Top,XS,16.99,0.0,,0,16.99,0,0.0
10005783,Anthropologie PinkLaceTop,Anthropologie,Other,S,16.99,0.0,,0,16.99,0,0.0
10005639,Banana Republic Orange Button SL,Banana Republic,Other,XS,16.99,0.0,,0,16.99,0,0.0
10007079,Blowfish Brown Sandals,,Top,7.5,16.99,0.0,,0,16.99,0,0.0
10006393,Brown & White Belt,Unknown,Accessories,,16.99,0.0,,0,16.99,0,0.0
10007339,Chicos Vintage Necklace,Chicos,Accessories,,16.99,0.0,,0,16.99,0,0.0
10006322,Flora White Robe,Flora,Other,S,16.99,0.0,,0,16.99,0,0.0
10006465,Gray Tennessee Tshirt,Unknown,Top,L,16.99,0.0,,0,16.99,0,0.0
10004876,JBD skrt denim,Jbd,Skirt,M,16.99,0.0,,0,16.99,0,0.0
10006156,LaneBryant NashvilleTshirt,Lane Bryant,Top,22,16.99,0.0,,0,16.99,0,0.0
10006106,LaurenC BlkShortSlveTop,Lauren Conrad,Shorts,M,16.99,0.0,,0,16.99,0,0.0
10008461,Loft Black White Top M,,Top,,16.99,6.0,64.7,0,16.99,0,0.0
10003935,Lorraine Intimate Dress,Lorraine,Dress,M,16.99,0.0,,0,16.99,0,0.0
10007378,MotherofPearlRing,Unknown,Accessories,,16.99,0.0,,0,16.99,0,0.0
10006541,Old Navy Blue & Pink SL Top,Old Navy,Top,S,16.99,0.0,,0,16.99,0,0.0
10007674,Sashu Brown Shoes,,Shoes,9,16.99,0.0,,0,16.99,0,0.0
10004950,stjohnsbay sht rd strip 1x,St Johns Bay,Other,,16.99,0.0,,0,16.99,0,0.0
10006726,The Limited Floral Dress,The Limited,Dress,8,16.99,0.0,,0,16.99,0,0.0
10006507,Under Armor Camo Baseball Hat,Under Armor,Accessories,,16.99,0.0,,0,16.99,0,0.0
10003379,Unknown Camisole Light Blue M,Unknown,Top,,16.99,0.0,,0,16.99,0,0.0
10005859,unknown belt multicolor leather,Unknown,Accessories,,16.99,0.0,,0,16.99,0,0.0
10007792,Westbound White Knit Poncho One Size,Westbound,Sweater/Cardigan,,16.99,0.0,,0,16.99,0,0.0
10005044,WHBM Slvlss Trtlnck Bl&Blk,White House Black Market,Top,S,16.99,0.0,,0,16.99,0,0.0
10008350,XtraOrd GreenHalterTop,Xtraordinary,Top,M,16.99,0.0,,0,16.99,0,0.0
10003417,Slenderella Slip Dress Black,Slenderella,Dress,M,17.99,0.0,,0,16.64008,0,0.0
10004989,Billabong Burgundy Fuzzy Sweater,Billabong,Sweater/Cardigan,M,22.99,0.0,,0,16.093,0,0.0
10005058,Cable Top Pink,Unknown,Top,M,16.99,0.0,,0,16.01311,0,0.0
10007557,Altard State White Sweater,,Sweater/Cardigan,M,16.0,4.0,75.0,0,16.0,0,0.0
10006675,BDG Jean Skirt,Bdg,Skirt,S,16.0,0.0,,0,16.0,0,0.0
10007560,Emory Park Grey Dress,,Dress,L,16.0,4.0,75.0,0,16.0,0,0.0
10006676,Garage Jean Skort,Garage,Jeans/Pants,S,16.0,0.0,,0,16.0,0,0.0
10005447,Abercrombie&Finch Floral Top,Abercrombie & Fitch,Top,XXS,15.99,0.0,,0,15.99,0,0.0
10005605,Adiva Pale Pink & White Tank,Adiva,Top,XL,15.99,0.0,,0,15.99,0,0.0
10004501,Akira Tan Banded Skirt,Akira,Skirt,S,15.99,0.0,,0,15.99,0,0.0
10004730,Ali & Christ Gray SS,Ali X Chris,Top,M,15.99,0.0,,0,15.99,0,0.0
10005199,Allison B SL Dress Multicolor Texture,Allison Brittney,Dress,S,15.99,0.0,,0,15.99,0,0.0
10004842,Altarxd State Orange Pink FL Crop Top,Altar'd State,Top,S,15.99,0.0,,0,15.99,0,0.0
10005171,AmericanEagle Ruche Crop Multicolor,American Eagle Outfitters,Other,S,15.99,0.0,,0,15.99,0,0.0
10007087,August Animal Print Hat,August,Accessories,,15.99,0.0,,0,15.99,0,0.0
10006574,Banana Rep Emerald Green SL Top,Banana Republic,Top,M,15.99,0.0,,0,15.99,0,0.0
10002219,Banana RepublicTank Top_Ec,Banana Republic,Top,,15.99,0.0,,0,15.99,0,0.0
10005744,BCBG Yellow Skirt,BCBGeneration,Skirt,2,15.99,0.0,,0,15.99,0,0.0
10007229,Be Smart Dress Black Red,,Dress,8,15.99,0.0,,0,15.99,0,0.0
10003597,BlackLoopTieBelt,Unknown,Accessories,,15.99,0.0,,0,15.99,0,0.0
10007216,Blue Blush Brown Strapless Dress,Blue Blush,Dress,M,15.99,0.0,,0,15.99,0,0.0
10003738,blue blush blouse floral,Blue Blush,Top,M,15.99,0.0,,0,15.99,0,0.0
10004233,Blue Pink Beaded Baseball Cap,Olive & Qique,Other,,15.99,0.0,,0,15.99,0,0.0
10007892,Bluebracelet blue,Unknown,Accessories,,15.99,0.0,,0,15.99,0,0.0
10005180,BlueSteel Multipttrn Crop,Bluesteel,Top,M,18.99,0.0,,0,15.99,0,0.0
10005154,BodyCentral Sheer Top Camel,Body Central,Top,M,15.99,0.0,,0,15.99,0,0.0
10003704,Braided Leather Belt,Unknown,Accessories,,15.99,0.0,,0,15.99,0,0.0
10006371,Brown Belt with Gold Beads,Unknown,Accessories,,15.99,0.0,,0,15.99,0,0.0
10006383,Brown Fringe Belt,Unknown,Accessories,,15.99,0.0,,0,15.99,0,0.0
10004566,Brown Waist Belt Double Loop,,Accessories,,15.99,0.0,,0,15.99,0,0.0
10005653,Caroline Hill Beige Tank w Fringe,Caroline Hill,Top,L,15.99,0.0,,0,15.99,0,0.0
10006381,Chico's Black Belt,Chico's,Accessories,,15.99,0.0,,0,15.99,0,0.0
10007344,Chicos Flower Sprakley Bracelet,Chicos,Accessories,,15.99,0.0,,0,15.99,0,0.0
10007207,Chloe & Katie Yellow Skirt,Chloe & Katie,Skirt,L,15.99,0.0,,0,15.99,0,0.0
10004115,Comfort Blue Acid Wash Tee,Comfort Colors,Top,M,15.99,0.0,,0,15.99,0,0.0
10005320,Commense GreenWrapTop,Commense NWT,Other,S,15.99,0.0,,0,15.99,0,0.0
10004786,D & Y Multicolor Hat,D & Y,Accessories,,15.99,0.0,,0,15.99,0,0.0
10006589,Dark Blue Buttondown Seethrough,Unknown,Other,XS,15.99,0.0,,0,15.99,0,0.0
10007414,David&Young BeadedBeachHat,David & Young,Accessories,,15.99,0.0,,0,15.99,0,0.0
10000949,DieselJeans_Al,Diesel,Jeans/Pants,,1.0,0.0,,0,15.99,0,0.0
10005708,Divided Red Gray LS,Divided,Top,8,15.99,0.0,,0,15.99,0,0.0
10006599,Elite Belt Silver Checkered,Elite,Accessories,,15.99,0.0,,0,15.99,0,0.0
10005272,Express Orange Pink Floral SL Tank,Express,Top,L,15.99,0.0,,0,15.99,0,0.0
10004899,Express BlkFloralTop,Express,Top,XS,15.99,0.0,,0,15.99,0,0.0
10004095,Express LaceCami Lilac,Express,Top,XL,15.99,0.0,,0,15.99,0,0.0
10002499,ExpressTank Top_Ju,Express,Top,,15.99,0.0,,0,15.99,0,0.0
10005907,FP Beach Black Mini Skirt,FP Beach,Skirt,M,15.99,0.0,,0,15.99,0,0.0
10006111,Frenchi Blk&WhiSheerlayerTop,Frenchi,Other,S,15.99,0.0,,0,15.99,0,0.0
10007822,Gap White Lace Top XS,,Top,,15.99,0.0,,0,15.99,0,0.0
10007069,GC White Beige Sandals,,Top,6.5,15.99,0.0,,0,15.99,0,0.0
10006254,Gianni Bini Red Shoes,Giani Bini,Shoes,11,15.99,0.0,,0,15.99,0,0.0
10004219,Gold White Necklace,Unknown,Accessories,,15.99,0.0,,0,15.99,0,0.0
10004791,Green Leather Belt,Unknown,Accessories,,15.99,0.0,,0,15.99,0,0.0
10004900,GreyCrochetTankTop,Unknown,Top,S,15.99,0.0,,0,15.99,0,0.0
10007406,Hand Painted Owl Pin VINTAGE,Unknown,Other,,15.99,0.0,,0,15.99,0,0.0
10006115,Her PnkFlareSleeveBttnDwn,Her,Other,S,15.99,0.0,,0,15.99,0,0.0
10005098,Highway Jeans Jean Vest,Highway Jeans,Jeans/Pants,M,15.99,0.0,,0,15.99,0,0.0
10007484,Hudson Gray LS Top,,Top,M,15.99,0.0,,0,15.99,0,0.0
10004503,Hydraulic Jean Skirt,Hydraulic,Skirt,14,15.99,0.0,,0,15.99,0,0.0
10005494,Hypnotik Blue Gray Circle Dress,Hypnotik,Dress,S,15.99,0.0,,0,15.99,0,0.0
10007052,Inc Silver Heels,Inc,Top,10,15.99,0.0,,0,15.99,0,0.0
10003912,InnerMost Ppl Slip,Inner Most,Other,S,15.99,0.0,,0,15.99,0,0.0
10005606,Izod Pink & White Collared SL Tank,Izod,Top,M,15.99,0.0,,0,15.99,0,0.0
10002722,JapnaCrop Top_Ho,Japna,Top,,15.99,0.0,,0,15.99,0,0.0
10006900,LAHearts GrnBlueHalterTop,LA Hearts,Top,M,15.99,0.0,,0,15.99,0,0.0
10005619,Loft Dark Blue Tank w White Stars,Loft,Top,M,15.99,0.0,,0,15.99,0,0.0
10006823,Loft Off White Pattern Shorts,Loft,Shorts,8,15.99,0.0,,0,15.99,0,0.0
10002204,Love Fire Bodysuit Black,Love Fire,Top,,15.99,0.0,,0,15.99,0,0.0
10004894,lovetreedenim top dnm,Love Tree,Jeans/Pants,S,15.99,0.0,,0,15.99,0,0.0
10005064,LuckyBrand PinkFloyd Tee Yllw,Lucky Brand,Top,S,15.99,0.0,,0,15.99,0,0.0
10007089,Margo Paige Clear Purse,Margo Paige,Accessories,,15.99,0.0,,0,15.99,0,0.0
10004065,Margo Paige Fringe Crossbody,Marco Paige,Top,,15.99,0.0,,0,15.99,0,0.0
10008381,MNG white and blue floral blouse,Mng,Top,4,15.99,7.99,50.0,0,15.99,0,0.0
10004085,Mountain Graphic Tshirt,,Top,S,15.99,0.0,,0,15.99,0,0.0
10007356,naked zebra navy blouse,Naked Zebra,Top,S,15.99,0.0,,0,15.99,0,0.0
10005206,Navy Bucket Hat Unknown,Unknown,Accessories,,15.99,0.0,,1,15.99,1,0.0
10004074,Nine Yllw Flower HndBag,Nine West,Accessories,,15.99,0.0,,0,15.99,0,0.0
10004689,nocona belt fur,Nocona,Accessories,,15.99,0.0,,0,15.99,0,0.0
10007186,Old Navy Brown Dress,,Dress,M,15.99,0.0,,0,15.99,0,0.0
10004864,OldNavy OrangeTankTop,Old Navy,Top,M,15.99,0.0,,0,15.99,0,0.0
10005687,Otto Baseball Hat,Otto,Accessories,,15.99,0.0,,0,15.99,0,0.0
10006879,Papaya DrawStringShirt,Papaya,Top,M,15.99,0.0,,0,15.99,0,0.0
10003733,papaya sweater wht,Papaya,Sweater/Cardigan,M,15.99,0.0,,0,15.99,0,0.0
10005061,Patterned Top Wht&Orng,Unknown,Top,XS,15.99,0.0,,0,15.99,0,0.0
10007601,Pink Butterfly Hat,,Accessories,,15.99,0.0,,0,15.99,0,0.0
10002672,PS LATee Shirt_Ex,Ps La,Top,,15.99,0.0,,0,15.99,0,0.0
10005621,R & K Black SS Cover Up,R & K Originals,Top,M,15.99,0.0,,0,15.99,0,0.0
10006323,Ralph Lauren Pink Red Polo,Ralph Lauren,Other,L,15.99,0.0,,0,15.99,0,0.0
10004828,Red Oak Tennessee Tshirt,Red Oak,Top,XL,15.99,0.0,,0,15.99,0,0.0
10005664,Russel Tennessee Orange Shirt,Russel,Top,L,15.99,0.0,,0,15.99,0,0.0
10002566,Sag HarborSweatshirt_Cr,Sag Harbor,Top,,15.99,0.0,,0,15.99,0,0.0
10004953,Sincerely Jules Orange SL Crop Top,Sincerely Jules,Top,S,15.99,0.0,,0,15.99,0,0.0
10007142,Socialite White Cami Top,Socialite,Top,S,15.99,0.0,,0,15.99,0,0.0
10007512,Sonoma Brown SS Top,,Top,M,15.99,0.0,,0,15.99,0,0.0
10007934,Sonoma RWB Woven Purse,Sonoma,Accessories,,18.99,0.0,,0,15.99,0,0.0
10004585,St Johns Bay Orange Butterfly Shortsleeve,St Johns Bay,Shorts,S,15.99,0.0,,0,15.99,0,0.0
10005985,Sweaty Betty Pink Sweatshirt,Sweaty Betty,Top,XS,15.99,0.0,,0,15.99,0,0.0
10005643,Tahari Purple Satin Top,Tahari,Top,L,15.99,0.0,,0,15.99,0,0.0
10003595,TheSak Grn&BlueBag,The Sak,Accessories,,15.99,0.0,,0,15.99,0,0.0
10003712,Twine Braided Belt,Unknown,Accessories,,15.99,0.0,,0,15.99,0,0.0
10005552,UGG Neck Warmer,Ugg,Other,,15.99,0.0,,0,15.99,0,0.0
10005793,UniThread BlackOverall,Universal Thread,Other,6,15.99,0.0,,0,15.99,0,0.0
10006320,Unknown Knit Vest w Flowers,Unknown,Sweater/Cardigan,M,15.99,0.0,,0,15.99,0,0.0
10005247,Unknown Red Top,Unknown,Top,S,15.99,0.0,,0,15.99,0,0.0
10005860,unknown belt silver metal,Unknown,Accessories,,15.99,0.0,,0,15.99,0,0.0
10006071,unknown tank blk,Unknown,Top,M,15.99,0.0,,0,15.99,0,0.0
10003674,vanity fair ngt gwn cream,Vanity Fair,Other,38,15.99,0.0,,0,15.99,0,0.0
10004650,VictoriaS BlkcroppedTop,Victoriaxs Secret,Other,M,15.99,0.0,,0,15.99,0,0.0
10005053,VINTAGE Hot Pink Beaded Purse,Unknown,Accessories,,15.99,0.0,,0,15.99,0,0.0
10005129,VINTAGE Studio 1940 Satin Pink Buttondown,Studio 1940,Other,M,15.99,0.0,,0,15.99,0,0.0
10002744,Wallflower Vintage Collection swtr bei blk,Wallflower Vintage Collection,Sweater/Cardigan,M,15.99,0.0,,0,15.99,0,0.0
10005847,White Embroidered Tank w Tassel,Unknown,Top,S,15.99,0.0,,0,15.99,0,0.0
10006565,White Multicolor Embroidered Top,Unknown,Top,M,15.99,0.0,,0,15.99,0,0.0
10006347,WovenBowBasketBag,Unknown,Accessories,,15.99,0.0,,0,15.99,0,0.0
10008237,Zen Danskin Top Pant Set S,,Jeans/Pants,,18.0,4.5,75.0,0,15.80434,0,0.0
10003079,Brown Grommet Belt_Un,Unknown,Accessories,,15.0,0.0,,0,15.0,0,0.0
10003073,Esprit White and Tan belt_Un,Unknown,Accessories,,15.0,0.0,,0,15.0,0,0.0
10003081,Unknown Belt,Unknown,Accessories,,15.0,0.0,,0,15.0,0,0.0
10008356,8byYook BlueTieTop,8 by Yook,Other,40,14.99,0.0,,0,14.99,0,0.0
10004819,Arizona Pink Lace SS Skirt,Arizona,Skirt,M,14.99,0.0,,0,14.99,0,0.0
10004827,Banana Republic Black SL Crop Top,Banana Republic,Top,6,14.99,0.0,,0,14.99,0,0.0
10005228,Banana Republic Green Sleeveless Top,Banana Republic,Top,S,14.99,0.0,,0,14.99,0,0.0
10005526,Black & Green Floral Skirt,Unknown,Skirt,M,14.99,0.0,,0,14.99,0,0.0
10006283,Black Crop Top Spaghetti Strap,Unknown,Top,L,14.99,0.0,,0,14.99,0,0.0
10005192,Black Tank,Unknown,Top,M,14.99,0.0,,0,14.99,0,0.0
10006587,Black Velvet Hat,Unknown,Accessories,,14.99,0.0,,0,14.99,0,0.0
10005153,Blush Pattern Top Brwn&Crm,Blush,Top,S,14.99,0.0,,0,14.99,0,0.0
10008352,BrwnxGreyCroppedVest,Unknown,Top,M,14.99,0.0,,0,14.99,0,0.0
10008322,CarolinaB RedWhiteShorts,Carolina Blues,Shorts,10,14.99,0.0,,0,14.99,0,0.0
10008245,Christina Black White Sleeveless L,,Top,,14.99,6.0,60.0,0,14.99,0,0.0
10002327,Coca ColaTee Shirt_Pr,Coca Cola,Top,,14.99,0.0,,0,14.99,0,0.0
10005861,D&Y hat plad,D&Y,Accessories,,14.99,0.0,,0,14.99,0,0.0
10004295,DerekHeart GreenKnitTank,Derek Heart,Sweater/Cardigan,S,14.99,0.0,,0,14.99,0,0.0
10008389,Divided Black Top,,Top,4,14.99,3.75,75.0,0,14.99,0,0.0
10006959,Divided White Blouse,Divided,Top,8,14.99,0.0,,0,14.99,0,0.0
10007029,Eunina White Shorts,Eunina,Shorts,S,14.99,0.0,,0,14.99,0,0.0
10004733,Express DS Blue Dress SS Shirt,Express Design Studio,Dress,S,14.99,0.0,,0,14.99,0,0.0
10006588,Express Yellow Bodysuit,Express,Top,XS,14.99,0.0,,0,14.99,0,0.0
10006161,Express WhiLaceCami,Express,Top,M,14.99,0.0,,0,14.99,0,0.0
10007106,Generation Kiss Denim Top,Generation Kiss,Jeans/Pants,L,14.99,0.0,,0,14.99,0,0.0
10004589,Guns & Roses Graphic T,Guns N Roses,Other,L,14.99,0.0,,0,14.99,0,0.0
10005274,H & M Black Crop Top SL White Embroidery,H X M,Top,S,14.99,0.0,,0,14.99,0,0.0
10005667,Heart Soul Blue Black Top,Heart Soul,Top,L,14.99,0.0,,0,14.99,0,0.0
10008637,Japna Blue White SS Top S,,Top,,14.99,3.75,75.0,0,14.99,0,0.0
10005771,JJxs WhiLayeredBlouse,JJXs Fairyland,Top,L,14.99,0.0,,0,14.99,0,0.0
10006641,Known Supply Green SS Shirt,Known Supply,Top,S,14.99,0.0,,0,14.99,0,0.0
10006624,Life is Good Pink Adjustable,,Accessories,,14.99,0.0,,0,14.99,0,0.0
10004766,Loft Colorful Sheer SS,Loft,Top,L,14.99,0.0,,0,14.99,0,0.0
10003610,lucky brand tank blue,Lucky Brand,Top,S,14.99,0.0,,0,14.99,0,0.0
10002378,Lucky BrandTee Shirt_DI,Lucky Brand,Top,,14.99,0.0,,0,14.99,0,0.0
10007420,LushBlkSheermulticolTop,Lush,Other,S,14.99,0.0,,0,14.99,0,0.0
10005242,Mariokart Tee Shirt,Mariokart,Top,XL,14.99,0.0,,0,14.99,0,0.0
10007765,Merit BrownBag,Merit,Accessories,,14.99,0.0,,0,14.99,0,0.0
10005579,"Metropolitan Multi Color Red, Blk",Metropolitan,Other,,14.99,0.0,,0,14.99,0,0.0
10004816,Moa Moa Red Crop Top,Moa Moa,Top,M,14.99,0.0,,0,14.99,0,0.0
10008638,Newbury Kuston Pink SS Top M,,Top,,14.99,3.75,75.0,0,14.99,0,0.0
10006382,Next Brown Belt,Next,Accessories,,14.99,0.0,,0,14.99,0,0.0
10006666,Old Navy SL Jean Jumper,Old Navy,Jeans/Pants,S,14.99,0.0,,0,14.99,0,0.0
10007440,Orange Necklace,,Accessories,,14.99,0.0,,0,14.99,0,0.0
10007604,Pink & White SL Romper,Unknown,Romper/Jumpsuit,S,14.99,0.0,,0,14.99,0,0.0
10007368,PinkFloyd Tshirt,Pink Floyd,Top,M,14.99,0.0,,0,14.99,0,0.0
10008324,Saywhat BlackCorset,Say What,Set,L,14.99,0.0,,0,14.99,0,0.0
10007711,Talbots White Button Up Top,Talbots,Top,6,14.99,0.0,,0,14.99,0,0.0
10005340,Tryst Blk&BlueTankTop,Tryst,Top,S,14.99,0.0,,0,14.99,0,0.0
10003375,Unknown White Camisole,Unknown,Top,M,14.99,0.0,,0,14.99,0,0.0
10005858,unknown belt dark leather,Unknown,Accessories,,14.99,0.0,,0,14.99,0,0.0
10005813,unknown belt leather,Unknown,Accessories,,14.99,0.0,,0,14.99,0,0.0
10004511,UrbanOutfitters Grn Skirt,Urban Outfitters,Skirt,L,14.99,0.0,,0,14.99,0,0.0
10006965,White SL Ruffle Neck Top,Unknown,Top,M,14.99,0.0,,0,14.99,0,0.0
10007305,Old Navy Beige High Rise Pants,Old Navy,Jeans/Pants,6,15.99,0.0,,0,14.96461,0,0.0
10003003,PGA TourSS Top_Iz,PGA Tour,Top,,15.99,0.0,,0,14.81943,0,0.0
10008025,Hurley Leopard Shorts,Hurley,Shorts,,17.0,4.25,75.0,0,14.45,0,0.0
10007972,Le Chateau Leopard Boustier M,,Accessories,,15.0,3.75,75.0,0,14.40774,0,0.0
10008252,Unknown Purple SS Top M,,Top,,14.99,4.0,73.3,0,14.29794,0,0.0
10008337,Abercrombie GryTanHalterTop,Abercrombie & Fitch,Top,M,14.99,0.0,,0,14.0715,0,0.0
10008292,HelloFranki Blue&WhiTop,Hello Franki,Other,L,14.99,0.0,,0,14.0715,0,0.0
10008221,Moda Intl Black Halter,,Top,,14.0,3.5,75.0,0,14.0,0,0.0
10007170,Skirt,,Skirt,,14.0,0.0,,-1,14.0,-1,0.0
10002877,ExpressSweater_Im,Express,Sweater/Cardigan,,19.99,0.0,,0,13.993,0,0.0
10000074,Moon X MadisonSweater_Dr,Moon X Madison,Sweater/Cardigan,,19.99,0.0,,0,13.993,0,0.0
10005900,10005204,,Other,,13.99,0.0,,-1,13.99,-1,0.0
10004377,Ambrose LeatherAnkleBoots,Ambrose,Shoes,8,13.99,0.0,,0,13.99,0,0.0
10007982,Beaded Brown Waist Belt,Unknown,Accessories,,13.99,0.0,,0,13.99,0,0.0
10005091,Beige Twist Top Nvy,Beige,Top,L,13.99,0.0,,0,13.99,0,0.0
10006108,BlkSheerTshirt,Unknown,Top,L,13.99,0.0,,0,13.99,0,0.0
10006888,DerekHeart MulticolTieCropTop,Derek Heart,Top,S,13.99,0.0,,0,13.99,0,0.0
10006486,Karen A White LS Lace,Karen Alexander,Top,6,37.99,0.0,,0,13.99,0,0.0
10007986,Liz C Black Leather Belt,Liz Claiborne,Accessories,M,13.99,0.0,,0,13.99,0,0.0
10003152,Moda Lyle Fringe Purse,Moda,Accessories,,13.99,0.0,,0,13.99,0,0.0
10006523,National Coll Gray Vols Tshirt,National Collegian,Top,S,13.99,0.0,,0,13.99,0,0.0
10004832,Neon Yellow See-through tshirt,Unknown,Top,L,13.99,0.0,,0,13.99,0,0.0
10005096,Old Navy Floral Top Pnk&Orng,Old Navy,Top,M,13.99,0.0,,0,13.99,0,0.0
10006040,PinkCropTop,Unknown,Top,M,13.99,0.0,,0,13.99,0,0.0
10004833,Port & Co Orange TN Fitted Tshirt,Port & Co,Top,S,13.99,0.0,,0,13.99,0,0.0
10008164,Red Halter Bra,Unknown,Top,S,13.99,6.0,57.1,0,13.99,0,0.0
10008303,Runway WhiteShawl,Runway,Other,S,13.99,0.0,,0,13.99,0,0.0
10004613,Sophie Max Black Shortsleeve Dress,Sophie Max,Dress,S,13.99,0.0,,0,13.99,0,0.0
10005084,White Crow Knot Back RdOrng,White Crow,Other,M,13.99,0.0,,0,13.99,0,0.0
10006968,Zara Basic Cream Off Shoulder Top,Zara Basic,Top,XS,13.99,0.0,,0,13.99,0,0.0
10004882,express jckt dnm,Express,Jeans/Pants,S,14.99,0.0,,0,13.86519,0,0.0
10004516,Clear Studded Bag,,Accessories,,13.5,0.0,,0,13.5,0,0.0
10004564,Dark Brown Waist Belt Silver Circle Lock,,Accessories,,13.5,0.0,,0,13.5,0,0.0
10006559,Kasper Black SL Top,Kasper Knits,Top,M,13.99,0.0,,0,13.09858,0,0.0
10007957,Unknown Lt Grey LS Top M,,Top,,13.0,6.5,50.0,0,13.0,0,0.0
10005308,Abercrombie Floral Tube Top,Abercrombie & Fitch,Top,XS,12.99,0.0,,1,12.99,1,0.0
10002161,AC DCTee Shirt_Ne,AC/DC,Top,,12.99,0.0,,0,12.99,0,0.0
10005215,Altar'd State Tank Black,Altar'd State,Top,S,12.99,0.0,,0,12.99,0,0.0
10007928,Ande Black Purse Gold Hardware,Ande,Accessories,,12.99,0.0,,0,12.99,0,0.0
10005702,Atamet Black Fringe Vest,Atamet,Top,XL,12.99,0.0,,0,12.99,0,0.0
10005226,Banana Republic Snake Print Tank Brown,,Top,XS,12.99,0.0,,0,12.99,0,0.0
10007325,Biviar Black Hat,Biviar,Accessories,,12.99,0.0,,0,12.99,0,0.0
10003752,Black Belt Stitch Design,,Accessories,,12.99,0.0,,0,12.99,0,0.0
10008666,Black lace coverall OSFM,,Other,,12.99,3.0,76.9,0,12.99,0,0.0
10007983,Black Leather Belt with Brown Design,Unknown,Accessories,,12.99,0.0,,0,12.99,0,0.0
10006207,black with floral design tanktop medium,Unknown,Top,,12.99,0.0,,0,12.99,0,0.0
10005094,BlackTape Strappy Tank Pink,Black Tank,Top,M,12.99,0.0,,0,12.99,0,0.0
10006187,blue and white long sleeve croptop medium,Shade Shore,Top,,12.99,0.0,,0,12.99,0,0.0
10004818,Blue Jasmine Blue Crop Top,Blue Jasmine,Top,S,12.99,0.0,,0,12.99,0,0.0
10004066,BR Orange Belt,Banana Republic,Accessories,M,12.99,0.0,,0,12.99,0,0.0
10006636,Bracelet,,Accessories,,12.99,0.0,,-1,12.99,-1,0.0
10006151,BrassBracelettrio,Unknown,Top,,12.99,0.0,,0,12.99,0,0.0
10007985,Brown Cutout Design Leather Belt,Unknown,Accessories,,12.99,0.0,,0,12.99,0,0.0
10006839,C&C red and white crochet dress,C&C california,Dress,S,12.99,0.0,,0,12.99,0,0.0
10007417,CoPremium JeanStitchShorts,1 co Premium,Shorts,9,12.99,0.0,,0,12.99,0,0.0
10004220,Cross Necklace,,Top,,12.99,0.0,,0,12.99,0,0.0
10005319,CttnCandyLA AniPrintTop,Cotton Candy LA,Other,S,12.99,0.0,,0,12.99,0,0.0
10005188,Dazy Blue Sheer LS W Tie Front,Dazy,Top,L,12.99,0.0,,0,12.99,0,0.0
10006704,Express Beige & Lace Cami,Express,Top,L,12.99,0.0,,0,12.99,0,0.0
10003404,Fox Brand Belt Black,Fox,Accessories,,12.99,0.0,,0,12.99,0,0.0
10006597,Gold Circle Design Necklace,Unknown,Accessories,,12.99,0.0,,0,12.99,0,0.0
10005666,Hunt Club Beige,Hunt Club,Other,10,12.99,0.0,,0,12.99,0,0.0
10008645,HYFVE Yellow Top,,Top,M,12.99,3.25,75.0,0,12.99,0,0.0
10006703,Max Studio Blue & White Lace Cami,Max Studio,Top,L,12.99,0.0,,0,12.99,0,0.0
10005699,Mossimo Orange Multicolor Skirt,Mossimo,Skirt,XS,12.99,0.0,,0,12.99,0,0.0
10008129,multi colored shortsleeve blouse,Unknown,Shorts,M,12.99,3.5,73.1,0,12.99,0,0.0
10008304,NanetteL CreamLaceTop,Nanette Lepore,Other,M,12.99,0.0,,0,12.99,0,0.0
10006841,Offline croped workout top,Aerie Offline,Top,M,12.99,0.0,,0,12.99,0,0.0
10006287,Old Navy White Floral Wrap Top,Old Navy,Top,S,12.99,0.0,,0,12.99,0,0.0
10008307,OldCountyRoad RedStripeBag,Old County Road,Accessories,,12.99,0.0,,0,12.99,0,0.0
10004822,Orange Vote T Tshirt,Unknown,Top,M,12.99,0.0,,0,12.99,0,0.0
10005273,Rachel Zoe Orange Satin Tank,Rachel Zoe,Top,M,12.99,0.0,,0,12.99,0,0.0
10005224,Rumwe Brown Tank W Pink Butterflies,Rumwe,Top,S,12.99,0.0,,0,12.99,0,0.0
10007442,Signals Mulit-Color Pants,,Jeans/Pants,L,12.99,0.0,,0,12.99,0,0.0
10003714,Silver Circlet Waistbelt,,Accessories,,12.99,0.0,,0,12.99,0,0.0
10007383,SilverGemNecklace,Unknown,Accessories,,12.99,0.0,,0,12.99,0,0.0
10004552,Small Leather Purse Long Strap Gold Lock,,Accessories,,12.99,0.0,,0,12.99,0,0.0
10007341,String Gold Necklace,Unknown,Accessories,,12.99,0.0,,0,12.99,0,0.0
10005301,TheLimited OffWhiShirt,The Limited,Top,M,12.99,0.0,,0,12.99,0,0.0
10007438,Unknown Black White Dress,,Dress,XL,12.99,0.0,,0,12.99,0,0.0
10005348,unknown bls blk,Unknown,Top,M,12.99,0.0,,0,12.99,0,0.0
10005198,Urban Romantics White Crop Top,Urban Romantics,Top,L,12.99,0.0,,0,12.99,0,0.0
10004875,urbn crp tp rd sp,Urban Outfitters,Other,,12.99,0.0,,0,12.99,0,0.0
10006317,UT Shorts Orange,Champion,Shorts,L,12.99,0.0,,0,12.99,0,0.0
10004898,UTKtshirt,Unknown,Top,M,12.99,0.0,,0,12.99,0,0.0
10006442,vera bradley fabric belt,Vera Bradley,Accessories,,12.99,0.0,,0,12.99,0,0.0
10006149,WHBMSilverBracelet,White House Black Market,Accessories,,12.99,0.0,,0,12.99,0,0.0
10004780,Windsor Green Crop Top,Windsor,Top,M,15.99,0.0,,0,12.99,0,0.0
10005100,Zara Cream SL Bodysuit,Zara,Top,S,12.99,0.0,,0,12.99,0,0.0
10005087,Zara Ruche Crop Cream,Zara,Other,XS,12.99,0.0,,0,12.99,0,0.0
10006360,Zara WhiWomanShirt,Zara,Top,S,12.99,0.0,,0,12.99,0,0.0
10008287,Black Crop Top,Unknown,Top,XS,12.0,3.0,75.0,0,12.0,0,0.0
10007548,Cisos Design Brown Sleeveless 8,,Top,,12.0,0.0,,0,12.0,0,0.0
10004412,BlackStuddedBelt,Unknown,Accessories,,11.99,0.0,,0,11.99,0,0.0
10003964,H&M Ruffle Bodysuit Blk,H&M,Top,M,11.99,0.0,,0,11.99,0,0.0
10008625,HYFVE Green Halter Top L,,Top,,11.99,3.0,75.0,0,11.99,0,0.0
10006705,Light Blue Cotton Vest w Buttons,Unknown,Top,XL,11.99,0.0,,0,11.99,0,0.0
10005003,Live in the Moment Beige SL Crop Top,Live in the Moment,Top,S,11.99,0.0,,0,11.99,0,0.0
10008341,MelroseM TanStripeShorts,Melrose X Market,Shorts,M,11.99,0.0,,0,11.99,0,0.0
10008338,Patagonia PinkShorts,Patagonia,Shorts,M,11.99,0.0,,0,11.99,0,0.0
10007605,Suuksess Camisole Pink,,Top,S,11.99,0.0,,0,11.99,0,0.0
10006468,Tennessee Orange Gradient Tshirt,Unknown,Top,XS,11.99,0.0,,0,11.99,0,0.0
10002883,The Rolling StonesTee Shirt_Ch,The Rolling Stones,Top,,11.99,0.0,,0,11.99,0,0.0
10008323,WildFable OrangeHalterTop,Wild Fable,Top,XS,11.99,0.0,,0,11.99,0,0.0
10005796,10003992,,Other,,12.99,0.0,,-1,11.77143,-1,0.0
10005107,Absolutely Tie Dye Crop Top,Absolutely Love it,Top,L,10.99,0.0,,0,10.99,0,0.0
10005709,Christopher & Banks Beige Tank,Christopher & Banks,Top,L,10.99,0.0,,0,10.99,0,0.0
10004829,Def Leopard Tiger One Shoulder Crop Top,Def Leopard,Top,S,10.99,0.0,,0,10.99,0,0.0
10007396,DeltaPW Underdog,Delta Pro Weight,Other,M,10.99,0.0,,0,10.99,0,0.0
10005309,Eloise Black Tank,Eloise,Top,M,10.99,0.0,,0,10.99,0,0.0
10007681,Haute Monde Pink Tulle Skirt,Haute Monde,Skirt,L,10.99,0.0,,0,10.99,0,0.0
10006389,Large Brown Braided Belt,Unknown,Accessories,S,10.99,0.0,,0,10.99,0,0.0
10007070,Liz Claiborne Brown Flats,Liz Claiborne,Shoes,8.5,10.99,0.0,,0,10.99,0,0.0
10008601,MulticolStripeCropTop,Unknown,Top,L,10.99,8.0,27.2,0,10.99,0,0.0
10005481,unknown hat brgndy,Unknown,Accessories,,10.99,0.0,,0,10.99,0,0.0
10008092,vintage white halter top,Unknown,Top,S,10.99,0.0,,0,10.99,0,0.0
10006152,VintageYellowenamel,Unknown,Other,,10.99,0.0,,0,10.99,0,0.0
10006315,Wild Fable Orange Crop Top,Wild Fable,Top,XS,10.99,0.0,,0,10.99,0,0.0
10008605,SilverGoldBracelet,Unknown,Accessories,,10.99,8.0,27.2,0,10.31659,0,0.0
10004565,Tony Lama Leather Brown Stitch Belt,Tony Lama,Accessories,,10.0,0.0,,0,10.0,0,0.0
10004411,Ariat MulticolBelt,Ariat,Accessories,M,9.99,0.0,,0,9.99,0,0.0
10004413,BlkFauxLeatherBelt,Unknown,Accessories,,9.99,0.0,,0,9.99,0,0.0
10004409,CreamBondedLeatherBelt,Unknown,Accessories,XL,9.99,0.0,,0,9.99,0,0.0
10008348,DogScarf,Unknown,Accessories,,9.99,0.0,,0,9.99,0,0.0
10004391,FYEO BlkChainMiniBag,For Your Ease Only Inc,Accessories,,9.99,0.0,,0,9.99,0,0.0
10003709,Pink Snakeskin Belt,,Accessories,,9.99,0.0,,0,9.99,0,0.0
10008589,REdTOP,Unknown,Other,M,9.99,0.0,,0,9.99,0,0.0
10006244,SJB Active White Gray Tank,SJB Active,Top,S,9.99,0.0,,0,9.99,0,0.0
10003705,Crm & Bronze Belt,Unknown,Accessories,S,9.99,0.0,,0,8.991,0,0.0
10006186,beige ribbed tanktop large,Aura,Top,XL,8.99,0.0,,0,8.99,0,0.0
10006581,Gold Bronze Necklace,Unknown,Accessories,,8.99,0.0,,0,8.99,0,0.0
10007088,Pink Furry Purse French Bee,French Bee,Accessories,,8.99,0.0,,0,8.99,0,0.0
10003990,White Flower Ring 1,,Accessories,,8.99,0.0,,0,8.99,0,0.0
10003991,White Flower Ring 2,,Accessories,,8.99,0.0,,0,8.99,0,0.0
10006585,Wild Fable Red Orange Crop Top,Wild Fable,Top,S,8.99,0.0,,0,8.99,0,0.0
10005255,Wild Honey Black Pleather Crop Top,Wild Honey,Top,M,8.99,0.0,,0,8.99,0,0.0
10008594,OneClothing BlkWhiTiedye,One Clothing,Other,L,8.99,8.0,11.0,0,8.68206,0,0.0
10007407,Turquoise Color Silver Ring,Unknown,Accessories,,8.99,0.0,,0,8.51674,0,0.0
10003994,Orange Drop Earrings,,Accessories,,8.5,0.0,,0,8.5,0,0.0
10003993,Pink Trio Flower Earrings,,Accessories,,8.5,0.0,,0,8.5,0,0.0
10005587,Rose Pink Half Circle Earrings,Unknown,Accessories,,8.5,0.0,,0,8.5,0,0.0
10003996,Wood Flower Earrings,,Accessories,,8.5,0.0,,0,8.5,0,0.0
10007376,FlowerGemEarrings,Unknown,Accessories,,9.99,0.0,,0,7.992,0,0.0
10005310,Harding-Lane Kids Pink Cherry BBall Hat,Harding-Lane,Accessories,,7.99,0.0,,0,7.99,0,0.0
10004234,Pink Baseball Cap,Unknown,Other,,7.99,0.0,,0,7.99,0,0.0
10007093,Unknown Tan Hat,Unknown,Accessories,,7.99,0.0,,0,7.99,0,0.0
10008316,JacquelineF BrownCrossBag,Jacqueline Ferrar,Top,,7.99,0.0,,0,7.50042,0,0.0
10007408,Avon Vintage Rose Ring,Avon,Accessories,,6.99,0.0,,0,6.99,0,0.0
10006626,bottlecap jelly black belt,Unknown,Accessories,,6.99,0.0,,0,6.99,0,0.0
10003711,Camel Thin Waistbelt,Unknown,Accessories,,5.99,0.0,,0,5.99,0,0.0
10006627,mudd leather belt,Mudd,Accessories,S,5.99,0.0,,0,5.99,0,0.0
10004872,&merci blouse brgndy,&Merci,Top,M,28.99,0.0,,1,0.0,1,0.0
10004993,1 State Pink LS Sheer Pattern,1. State,Top,M,27.99,0.0,,1,0.0,1,0.0
10005795,10003259,,Other,,12.99,0.0,,0,0.0,0,0.0
10005798,10003277,,Other,,24.99,0.0,,0,0.0,0,0.0
10003830,1822 Denim Blk Jean,1822 Denim,Jeans/Pants,10,23.99,0.0,,1,0.0,1,0.0
10007377,1950sCaroAuroraBrac&earrSET,Unknown,Set,,55.99,0.0,,1,0.0,1,0.0
10005144,21Saints Ruche Blouse Blk,21 Saints,Top,M,21.99,0.0,,1,0.0,1,0.0
10008678,2pc Sophia Pajama Set L,,Set,,20.99,7.0,66.7,1,0.0,1,7.0
10005181,2to-Ky SquarePattern Top Prpl&Bl,2to-Ky,Top,L,24.99,0.0,,1,0.0,1,0.0
10004617,3 Suiesses Red Spaghetti Strap Dress,3 Suiesses Collection,Dress,L,35.99,0.0,,1,0.0,1,0.0
10003876,32 D Purple Puffer Jacket,32 Degrees,Jacket/Coat,M,34.99,0.0,,1,0.0,1,0.0
10004213,41 Hawthorm Purple Polka Dot SL,41 Hawthorn,Other,S,21.99,0.0,,1,0.0,1,0.0
10006423,514 slim straight dark jean,Levi Strauss & Co,Jeans/Pants,,21.99,0.0,,1,0.0,1,0.0
10004336,7 FAM Black Jeans,7 For All Mankind,Jeans/Pants,28,19.99,0.0,,1,0.0,1,0.0
10003794,7 FAMK Skinny Jeans,7 For All Mankind,Jeans/Pants,27,36.99,0.0,,1,0.0,1,0.0
10005698,7 For all Mankind Black Skirt,7 For All Mankind,Skirt,32,28.99,0.0,,1,0.0,1,0.0
10006987,7 For all Mankind Blue Ombre SL Top,7 For All Mankind,Top,M,17.99,0.0,,1,0.0,1,0.0
10003524,7 for All Mankind Jacket Pink,7 For All Mankind,Jacket/Coat,XS,31.99,0.0,,1,0.0,1,0.0
10007510,7 for Mankind Brown Leather Jacket S,,Jacket/Coat,,54.99,24.99,54.6,1,0.0,1,24.99
10005712,7th Avenue B & W Checkered Skirt,7th Avenue Design,Skirt,12,21.99,0.0,,1,0.0,1,0.0
10007582,7th Avenue Bright Red Shorts,7th Avenue Design,Shorts,12,17.99,0.0,,1,0.0,1,0.0
10006607,89th & Madi Yellow LS Design Top,89th & Madison,Top,M,24.99,0.0,,1,0.0,1,0.0
10004684,89th & madison swtr gry,89th & Madison,Sweater/Cardigan,M,25.99,0.0,,1,0.0,1,0.0
10005195,A Byer Pink Floral Ruffle SL Top,A. Byer,Top,S,18.99,0.0,,1,0.0,1,0.0
10004616,A New Day Black & White Dress,A New Day,Dress,M,24.99,0.0,,1,0.0,1,0.0
10003937,A New Day Black Slip NWT,A New Day,Other,M,31.99,0.0,,1,0.0,1,0.0
10007267,A New Day Black Top,,Top,XS,15.99,0.0,,1,0.0,1,0.0
10007660,A New Day Kelsey Rhinestone Slides 8,,Top,,29.99,12.0,60.0,1,0.0,1,12.0
10006539,A New Day Purple Tank,A New Day,Top,M,21.99,0.0,,1,0.0,1,0.0
10002227,A New DayTank Top_Ra,A New Day,Top,,1.0,0.0,,0,0.0,1,0.0
10002354,A New DayTank Top_Ra,A New Day,Top,,14.99,0.0,,1,0.0,0,0.0
10002989,A New DayTank Top_Ra,A New Day,Top,,10.99,0.0,,0,0.0,0,0.0
10008618,A'gaci Floral Halter Top M,,Top,,12.99,3.25,75.0,1,0.0,1,3.25
10006974,A'nye Ligne White LS,A'nye Ligne,Top,L,42.99,0.0,,1,0.0,1,0.0
10008211,A.N.A. Purple Sleeveless Top M,,Top,,18.99,6.0,68.4,1,0.0,1,6.0
10008584,AbeltLabel WhiGreenDress,Abel the Label,Dress,XS,42.99,8.0,81.4,1,0.0,1,8.0
10006005,Abercombie BluGrnSwter,Abercrombie & Fitch,Other,XS,24.99,0.0,,1,0.0,1,0.0
10007791,Abercrombie & F Beige Satin Crop Top,Abercrombie & Fitch,Top,M,23.99,0.0,,1,0.0,1,0.0
10007475,Abercrombie & F Black SL Dress,Abercrombie & Fitch,Dress,M,33.99,0.0,,1,0.0,1,0.0
10005691,Abercrombie & F Brown Faded Jeans,Abercrombie & Fitch,Jeans/Pants,14,39.99,0.0,,1,0.0,1,0.0
10005571,Abercrombie & F Gray Cardigan,Abercrombie & Fitch,Sweater/Cardigan,XL,23.99,0.0,,1,0.0,1,0.0
10005974,Abercrombie & F NWT Black Satin Tank,Abercrombie & Fitch,Top,XL,26.99,0.0,,1,0.0,1,0.0
10006674,Abercrombie & F Pale Pink Satin Dress,Abercrombie & Fitch,Dress,S,16.0,0.0,,1,0.0,1,0.0
10005937,Abercrombie & F Tan Satin Bodysuit,Abercrombie & Fitch,Top,XL,39.99,0.0,,1,0.0,1,0.0
10006290,Abercrombie & F White Crop Top,Abercrombie & Fitch,Top,S,22.99,0.0,,1,0.0,1,0.0
10008208,Abercrombie & Fitch Floral Top M,,Top,,34.99,6.0,82.9,1,0.0,1,6.0
10005225,Abercrombie & Fitch Tank Bodysuit Pink,Abercrombie & Fitch,Top,L,14.99,0.0,,1,0.0,1,0.0
10005118,Abercrombie Green Blue LS Flannel,Abercrombie & Fitch,Top,L,24.99,0.0,,1,0.0,1,0.0
10002000,Abercrombie X FitchSkirt_H,Abercrombie & Fitch,Skirt,,29.99,0.0,,0,0.0,0,0.0
10002338,Abercrombie X FitchSkirt_H,Abercrombie & Fitch,Skirt,,24.99,0.0,,1,0.0,0,0.0
10007333,Abercrombie Yellow SS Top,Abercrombie & Fitch,Top,S,13.99,0.0,,1,0.0,1,0.0
10006351,AbercrombieXF FloralCropTop,Abercrombie & Fitch,Top,M,22.99,0.0,,1,0.0,1,0.0
10005781,Abollria FloralBlouse,Abollria,Top,M,23.99,0.0,,1,0.0,1,0.0
10008382,about a girl teal floral tanktop,About a girl,Top,M,17.99,8.99,50.0,1,0.0,1,8.99
10003191,ABSOLIUTELY Sweater,ABSOLIUTELY,Sweater/Cardigan,,26.99,0.0,,1,0.0,1,0.0
10006988,Acacia Orange Zip Up Hoodie,Acacia,Other,M,27.99,0.0,,1,0.0,1,0.0
10001104,ACDC Sleeveless Tee,AC/DC,Top,,19.99,0.0,,1,0.0,1,0.0
10004878,acommonthread bls ptrn,A Common Thread,Top,M,22.99,0.0,,1,0.0,1,0.0
10005372,Active USA Green Floral Wrap Top,Active USA,Top,,23.99,0.0,,1,0.0,1,0.0
10005834,Addie Top Black Multi Color,Addie,Top,,32.99,0.0,,1,0.0,1,0.0
10007416,AdelynRae MulticolStripeDress,Adelyn Rae,Dress,XS,22.99,0.0,,1,0.0,1,0.0
10007444,Adidas Black Shorts,,Shorts,6,12.99,0.0,,1,0.0,1,0.0
10006456,Adidas Tennessee Orange Tshirt,Adidas,Top,2,19.99,0.0,,1,0.0,1,0.0
10008251,Adiva Brown SS Top L,,Top,,18.99,6.0,68.4,1,0.0,1,6.0
10003406,Adonna Slip Dress Black,Adonna,Dress,M,24.99,0.0,,1,0.0,1,0.0
10005655,Adriana P Black SL Top,Adrianna Papell,Top,L,24.99,0.0,,1,0.0,1,0.0
10008229,Adrianna Papell Brown Blazer 6,,Jacket/Coat,,35.0,8.75,75.0,1,0.0,1,8.75
10008226,Adrianna Papell Burgundy Dress 6,,Dress,,47.99,15.0,68.7,1,0.0,1,15.0
10008277,Adrianna Papell Yellow Crochet Dress 8,,Dress,,27.99,8.0,71.4,1,0.0,1,8.0
10003042,Adrianna PapellDress_Az,Adrianna Papell,Dress,,31.99,0.0,,1,0.0,1,0.0
10006004,AdriannaP PnkPearlSwter,Adrianna Papell,Top,XL,28.99,0.0,,1,0.0,1,0.0
10000058,Adrienne VittadiniSweater_J,Adrienne Vittadini,Sweater/Cardigan,,25.99,0.0,,1,0.0,1,0.0
10000123,Adrienne VittadiniSweater_J,Adrienne Vittadini,Sweater/Cardigan,,1.0,0.0,,0,0.0,0,0.0
10000351,Adrienne VittadiniSweater_J,Adrienne Vittadini,Sweater/Cardigan,,1.0,0.0,,0,0.0,0,0.0
10000432,Adrienne VittadiniSweater_J,Adrienne Vittadini,Sweater/Cardigan,,1.0,0.0,,0,0.0,0,0.0
10000539,Adrienne VittadiniSweater_J,Adrienne Vittadini,Sweater/Cardigan,,1.0,0.0,,0,0.0,0,0.0
10000848,Adrienne VittadiniSweater_J,Adrienne Vittadini,Sweater/Cardigan,,1.0,0.0,,0,0.0,0,0.0
10001004,Adrienne VittadiniSweater_J,Adrienne Vittadini,Sweater/Cardigan,,1.0,0.0,,0,0.0,0,0.0
10002095,Adrienne VittadiniSweater_J,Adrienne Vittadini,Sweater/Cardigan,,1.0,0.0,,0,0.0,0,0.0
10002141,Adrienne VittadiniSweater_J,Adrienne Vittadini,Sweater/Cardigan,,1.0,0.0,,0,0.0,0,0.0
10002746,Adrienne VittadiniSweater_J,Adrienne Vittadini,Sweater/Cardigan,,24.99,0.0,,0,0.0,0,0.0
10003001,Adrienne VittadiniSweater_J,Adrienne Vittadini,Sweater/Cardigan,,14.99,0.0,,0,0.0,0,0.0
10003024,Adrienne VittadiniSweater_J,Adrienne Vittadini,Sweater/Cardigan,,18.99,0.0,,0,0.0,0,0.0
10002809,Adrienne VittadinVest_Al,Adrienne Vittadin,Top,,29.99,0.0,,1,0.0,1,0.0
10004314,AdrienneV Blk&NavyPant,Adrienne Vittadini,Jeans/Pants,6,25.99,0.0,,1,0.0,1,0.0
10008624,Aerie Halter Top,,Top,S,8.99,2.25,75.0,1,0.0,1,2.25
10008586,Aerie BurgBralette,Aerie,Other,L,14.99,8.0,46.6,1,0.0,1,8.0
10008439,Aeropostale Tie-Dye Top S,,Top,,15.99,4.0,75.0,1,0.0,1,4.0
10004379,Aerosoles GreyBuckledHeels,Aerosoles,Top,9,27.99,0.0,,1,0.0,1,0.0
10007706,AFRM White Floral Skirt,Afrm,Skirt,29,44.99,0.0,,1,0.0,1,0.0
10004631,AGB Black Dress,Agb,Dress,6,25.99,0.0,,1,0.0,1,0.0
10005814,AK swtr pnk,Anne Klein,Sweater/Cardigan,XL,26.99,0.0,,1,0.0,1,0.0
10008394,Akemi & Kim Floral Skirt XL,,Skirt,,35.99,9.0,75.0,1,0.0,1,9.0
10003798,Akemi Black Embroider Tank,Akemi X Kin,Top,XS,33.99,0.0,,1,0.0,1,0.0
10007214,Akira Pink Velvet Crop Top,Akira,Top,XL,15.99,0.0,,1,0.0,1,0.0
10007871,Alberto Black Sequin Tank,Alberto Makali,Top,M,18.99,0.0,,1,0.0,1,0.0
10004351,AlbM Tan Button down,Alberto Makali,Other,M,35.99,0.0,,1,0.0,1,0.0
10003559,Aldo Yellowjacket ankle boots 1,Aldo,Jacket/Coat,7,34.99,14.0,60.0,1,0.0,1,0.0
10008613,Alex & Ani Tree of Life Bangle,,Other,,10.99,5.99,45.5,1,0.0,1,5.99
10006562,Alex Evenings Black Blue Shimmer Tank,Alex Evenings,Top,2,14.99,0.0,,1,0.0,1,0.0
10004061,Alex Evenings PnkSequin Coat,Alex Evenings,Jacket/Coat,L,28.99,0.0,,1,0.0,1,0.0
10008424,Alex Marie Black Sequin Pants 12,,Jeans/Pants,,35.99,9.0,75.0,1,0.0,1,9.0
10009803,Alex Marie Black Pink w Floral Embroid,Alex Marie,Other,14,89.99,0.0,,1,0.0,1,0.0
10005464,AlexEvenings GreyTieBlouse,Alex Evenings,Top,S,25.99,0.0,,1,0.0,1,0.0
10008792,AlexXAni SSilverRing,Alex x Ani Alexander,Top,7.5,30.0,8.0,73.3,1,0.0,1,8.0
10004357,Alfani Black Trouser,Alfani,Jeans/Pants,18,21.99,0.0,,1,0.0,1,0.0
10005425,alfani tank prp pm,Alfani,Top,,18.99,0.0,,1,0.0,1,0.0
10004760,Alfred Dunner Beige Beaded SS,Alfred Dunner,Top,XL,28.99,0.0,,1,0.0,1,0.0
10005531,Ali & Chris Black LS Sheer Tie Front,Ali X Chris,Top,M,24.99,0.0,,1,0.0,1,0.0
10005600,Alia Pink & White Buttondown SS,Alia Petite,Top,14,15.99,0.0,,1,0.0,1,0.0
10004862,AliceM Pink&BlkFloralShirt,Alice Moon,Top,S,25.99,0.0,,1,0.0,1,0.0
10004236,All in Favor Dark Blue Sweater,All in Favor,Sweater/Cardigan,M,24.99,0.0,,1,0.0,1,0.0
10008511,All in Motion Orange Shorts M,,Shorts,,18.99,10.95,42.3,1,0.0,1,10.95
10005805,allie&rob swtr tan 1x,Allie & Rob,Sweater/Cardigan,,28.99,0.0,,1,0.0,1,0.0
10004994,Allison D Blue QS,Allison Dailey,Other,M,19.99,0.0,,1,0.0,1,0.0
10008276,Allison Daley Black Vest,,Top,,22.0,5.5,75.0,1,0.0,1,5.5
10007859,Allison Joy Red Print Dress S,,Dress,,22.99,0.0,,1,0.0,1,0.0
10003826,AllisonDaley Multicolor Sweater,Allison Dailey,Sweater/Cardigan,M,32.99,0.0,,1,0.0,1,0.0
10003974,AllisonJoy Grey Sequin Blouse,Allison Joy,Top,XS,24.99,0.0,,2,0.0,2,0.0
10004023,Alloy Plum Ruffle Pant,Alloy Apparel,Jeans/Pants,XXL,27.99,0.0,,1,0.0,1,0.0
10004657,AllSaints BlkSweater,All Saints,Sweater/Cardigan,XS,29.99,0.0,,1,0.0,1,0.0
10007603,Alo Black Bodysuit M,,Top,,32.99,0.0,,1,0.0,1,0.0
10003623,alpine pant prp,Alpine,Jeans/Pants,M,34.99,0.0,,1,0.0,1,0.0
10005005,Altar'd State Blue & Orange Flw LS Dress,Altar'd State,Dress,L,38.99,0.0,,1,0.0,1,0.0
10005016,Altar'd State Beige Crop Sweater,Altar'd State,Sweater/Cardigan,M,39.99,0.0,,1,0.0,1,0.0
10006605,Altar'd State Black Textured Tank,Altar'd State,Top,L,16.99,0.0,,1,0.0,1,0.0
10005120,Altar'd State Blue Floral Romper,Altar'd State,Romper/Jumpsuit,M,18.99,0.0,,1,0.0,1,0.0
10005254,Altar'd State Blush Sweater,Altar'd State,Sweater/Cardigan,S,24.99,0.0,,1,0.0,1,0.0
10005260,Altar'd State Burgundy & Gold SL Dress,Altar'd State,Dress,S,28.99,0.0,,1,0.0,1,0.0
10007021,Altar'd State Burgundy Fringe Skirt,Altar'd State,Skirt,M,39.99,0.0,,1,0.0,1,0.0
10006556,Altar'd State Burnt Orange Skirt,Altar'd State,Skirt,M,23.99,0.0,,1,0.0,1,0.0
10006593,Altar'd State NWT Linen Crop Top,Altar'd State,Top,S,18.99,0.0,,1,0.0,1,0.0
10005717,Altar'd State Peachy Pink Skirt,Altar'd State,Skirt,S,27.99,0.0,,1,0.0,1,0.0
10008635,Altar'd State Purple SS Top S,,Top,,11.99,3.0,75.0,1,0.0,1,3.0
10005961,Altar'd State Purple Sweater,Altar'd State,Sweater/Cardigan,XS,22.99,0.0,,1,0.0,1,0.0
10005952,Altar'd State Red LS,Altar'd State,Top,XS,23.99,0.0,,1,0.0,1,0.0
10008236,Altar'd State White Pink LS Top S,,Top,,15.0,3.75,75.0,1,0.0,1,3.75
10003608,altar'd state pant grey flr,Altar'd State,Jeans/Pants,S,28.99,0.0,,1,0.0,1,0.0
10007212,Altard Black Skirt,Altar'd State,Skirt,,22.99,0.0,,1,0.0,1,0.0
10008683,Altard State black white pants S,,Jeans/Pants,,24.99,8.0,68.0,1,0.0,1,8.0
10008466,Altard State Blue Dress S,,Dress,,25.99,8.0,69.2,1,0.0,1,8.0
10006840,Altard State blue lace dress,Altar'd State,Dress,L,18.99,0.0,,1,0.0,1,0.0
10008798,Altard State Dusty Rose Dress S,,Dress,,29.99,7.5,75.0,1,0.0,1,7.5
10008445,Altard State Floral Dress S,,Dress,,26.99,14.99,44.5,1,0.0,1,14.99
10008138,altard state fuzzy croped sweater vest,Altar'd State,Sweater/Cardigan,M,28.99,8.0,72.4,1,0.0,1,8.0
10008468,Altard State Pink Dress L,,Dress,,27.99,9.0,67.8,1,0.0,1,9.0
10007542,Altard State Red Floral Dress S,,Dress,,18.99,0.0,,1,0.0,1,0.0
10003659,altard state pant blk,Altar'd State,Jeans/Pants,S,34.99,0.0,,1,0.0,1,0.0
10006024,AltardS Whi&BluTop,Altar'd State,Other,S,25.99,0.0,,1,0.0,1,0.0
10004943,AltardS WhiZipUpSleeveless,Altar'd State,Top,M,22.99,0.0,,1,0.0,1,0.0
10006129,AltardSt MulticolFloralCropTop,Altar'd State,Top,S,22.99,0.0,,1,0.0,1,0.0
10005183,AltardState Pattern Crop Brn&Prpl,Altar'd State,Other,M,16.99,0.0,,1,0.0,1,0.0
10005047,AltardState Slvlss Top Peach,Altar'd State,Top,L,27.99,0.0,,1,0.0,1,0.0
10006114,Altardstate MulticolFloralDress,Altar'd State,Dress,S,28.99,0.0,,1,0.0,1,0.0
10002225,Altarxd StateDress_H,Altar'd State,Dress,,18.99,0.0,,1,0.0,1,0.0
10002463,Altarxd StateDress_H,Altar'd State,Dress,,21.99,0.0,,0,0.0,0,0.0
10002797,Altarxd StateDress_H,Altar'd State,Dress,,21.99,0.0,,0,0.0,0,0.0
10002951,Altarxd StateDress_H,Altar'd State,Dress,,26.99,0.0,,0,0.0,0,0.0
10002834,Altarxd StateShirt_Cr,Altar'd State,Top,,32.99,0.0,,1,0.0,1,0.0
10000105,Altarxd StateSweater_A,Altar'd State,Sweater/Cardigan,,27.99,0.0,,1,0.0,1,0.0
10004656,AltarxdS BeigeSweater,Altar'd State,Sweater/Cardigan,XL,28.99,0.0,,1,0.0,1,0.0
10004742,AlterdState Orange Blouse,Altar'd State,Top,S,26.99,0.0,,1,0.0,1,0.0
10007012,Alya Mint Green Fuzzy Sweater,Alya,Sweater/Cardigan,L,26.99,0.0,,1,0.0,1,0.0
10007741,AlynPa OneSlvMulticolDress,Alyn Paige,Dress,7,27.99,0.0,,1,0.0,1,0.0
10007585,Amanda Smith LS Blouse Green,,Top,S,19.99,0.0,,1,0.0,1,0.0
10006613,Amang Blue White Sheer SS Top,Amang NY,Top,M,18.99,0.0,,1,0.0,1,0.0
10006544,Amarsi Black SL Vest,Amarsi,Top,L,34.99,0.0,,1,0.0,1,0.0
10005367,Ambience Apparel Floral Sleeveless Tank,Ambience Apparel,Top,L,24.99,0.0,,1,0.0,1,0.0
10005615,Ameri Leather Brown Bag,Ameri Leather,Accessories,,55.0,0.0,,1,0.0,1,0.0
10005134,American E Dusty Blue Striped Off Shoulder,American Eagle Outfitters,Other,S,21.99,0.0,,1,0.0,1,0.0
10008651,American Eagle White Tank Top XS,,Top,,13.99,3.5,75.0,1,0.0,1,3.5
10005779,Amethyst CapriJean,Amethyst,Jeans/Pants,14,22.99,0.0,,1,0.0,1,0.0
10008770,Ana Sui Red & Black Bag,Ana Sui,Accessories,,25.99,6.5,75.0,1,0.0,1,6.5
10004736,Analogy Detitier Green Multicolor,Analogy Detiter,Other,S,24.99,0.0,,1,0.0,1,0.0
10008526,Andree White Frayed Top S,,Top,,21.99,13.15,40.2,1,0.0,1,13.15
10007975,Andres White Dress L,,Dress,,15.0,3.75,75.0,1,0.0,1,3.75
10005419,ANewDay WhiSequinDress,A New Day,Dress,M,21.99,0.0,,1,0.0,1,0.0
10007856,Angel Biba Floral Print Dress M,,Dress,,26.99,0.0,,1,0.0,1,0.0
10008160,Angels Never Die White Pants,Angels Never Die,Jeans/Pants,29,27.99,8.0,71.4,1,0.0,1,8.0
10003625,angels jean brw 18w,Angels,Jeans/Pants,,35.99,0.0,,1,0.0,1,0.0
10004097,AnGi ShortSleeve Tan,An. Gi,Shorts,S,25.99,0.0,,1,0.0,1,0.0
10005140,Angie Embellished Plaid Flannel Brn,Angie,Other,S,25.99,0.0,,1,0.0,1,0.0
10003390,Ann Klein Cardigan Pink,Anne Klein,Sweater/Cardigan,S,29.99,0.0,,1,0.0,1,0.0
10006305,Ann M White Floral Buttondown,Ann Mashburn,Other,M,38.99,0.0,,1,0.0,1,0.0
10004849,Ann May Black Silk Tank,Ann May,Top,XL,15.99,0.0,,1,0.0,1,0.0
10004359,Ann Taylor Black Blouse,Ann Taylor,Top,XS,24.99,0.0,,1,0.0,1,0.0
10003773,Ann Taylor Black Pants,Ann Taylor LOFT,Jeans/Pants,8,21.99,0.0,,1,0.0,1,0.0
10007001,Ann Taylor Black Skirt,Ann Taylor,Skirt,4,22.99,0.0,,1,0.0,1,0.0
10004649,Ann Taylor Black Sleeveless Shirt,Ann Taylor,Top,M,32.99,0.0,,1,0.0,1,0.0
10005585,Ann Taylor Black SS Top,Ann Taylor,Top,XL,24.99,0.0,,1,0.0,1,0.0
10003396,Ann Taylor Blazer Black,Ann Taylor,Jacket/Coat,8,38.99,0.0,,1,0.0,1,0.0
10005583,Ann Taylor Blue SS Top,Ann Taylor,Top,XS,16.99,0.0,,1,0.0,1,0.0
10008401,Ann Taylor Blue Striped Top 10,,Top,,19.99,5.0,75.0,1,0.0,1,5.0
10006614,Ann Taylor Blush Pink Cardigan,Ann Taylor,Sweater/Cardigan,M,25.99,0.0,,1,0.0,1,0.0
10007323,Ann Taylor Cami Top,Ann Taylor,Top,L,15.99,0.0,,1,0.0,1,0.0
10007580,Ann Taylor Dark Blue Shorts,Ann Taylor,Shorts,12,18.99,0.0,,1,0.0,1,0.0
10003774,Ann Taylor Long Sleeve Burgundy,Ann Taylor,Other,M,31.99,0.0,,1,0.0,1,0.0
10008517,Ann Taylor Nude Camisole M,,Top,,16.99,10.95,35.6,1,0.0,1,10.95
10000324,Ann Taylor NWTBlazer_Ca,Ann Taylor NWT,Jacket/Coat,,1.0,0.0,,0,0.0,1,0.0
10000341,Ann Taylor NWTBlazer_Ca,Ann Taylor NWT,Jacket/Coat,,1.0,0.0,,0,0.0,0,0.0
10001882,Ann Taylor NWTBlazer_Ca,Ann Taylor NWT,Jacket/Coat,,1.0,0.0,,0,0.0,0,0.0
10002692,Ann Taylor NWTBlazer_Ca,Ann Taylor NWT,Jacket/Coat,,34.99,0.0,,1,0.0,0,0.0
10005501,Ann Taylor Orange & Pink SL Top,Ann Taylor,Top,S,25.99,0.0,,1,0.0,1,0.0
10004100,Ann Taylor Pants Herringbone,Ann Taylor,Jeans/Pants,,21.99,0.0,,1,0.0,1,0.0
10003770,Ann Taylor Purple Ombre Cardigan,Ann Taylor LOFT,Sweater/Cardigan,S,22.99,0.0,,1,0.0,1,0.0
10005610,Ann Taylor Purple Ruffle Tank,Ann Taylor LOFT,Top,L,18.99,0.0,,1,0.0,1,0.0
10006534,Ann Taylor Purple SS Top,Ann Taylor,Top,XL,23.99,0.0,,1,0.0,1,0.0
10008652,Ann Taylor Purple Top XL,,Top,,17.99,4.5,75.0,1,0.0,1,4.5
10003501,Ann Taylor Skirt Black & White,Ann Taylor,Skirt,6,24.99,12.0,52.0,1,0.0,1,12.0
10008519,Ann Taylor Sleeveless Top XS,,Top,,18.99,10.95,42.3,1,0.0,1,10.95
10008377,ann taylor white floral skirt,Ann Taylor,Skirt,6,26.99,10.99,59.3,1,0.0,1,10.99
10008032,Ann Taylor Yellow Sleeveless M,,Top,,29.0,7.25,75.0,1,0.0,1,7.25
10005804,ann taylor blouse creme,Ann Taylor,Top,M,25.99,0.0,,1,0.0,1,0.0
10003615,ann taylor pant green,Ann Taylor,Jeans/Pants,4,24.99,0.0,,1,0.0,1,0.0
10004675,ann taylor swetter blu grn,Ann Taylor,Other,S,25.99,0.0,,1,0.0,1,0.0
10000402,Ann TaylorLS Top_Al,Ann Taylor,Top,,1.0,0.0,,0,0.0,1,0.0
10000696,Ann TaylorLS Top_Al,Ann Taylor,Top,,1.0,0.0,,0,0.0,0,0.0
10000951,Ann TaylorLS Top_Al,Ann Taylor,Top,,1.0,0.0,,0,0.0,0,0.0
10001145,Ann TaylorLS Top_Al,Ann Taylor,Top,,1.0,0.0,,0,0.0,0,0.0
10001153,Ann TaylorLS Top_Al,Ann Taylor,Top,,1.0,0.0,,0,0.0,0,0.0
10001298,Ann TaylorLS Top_Al,Ann Taylor,Top,,1.0,0.0,,0,0.0,0,0.0
10001459,Ann TaylorLS Top_Al,Ann Taylor,Top,,1.0,0.0,,0,0.0,0,0.0
10002139,Ann TaylorLS Top_Al,Ann Taylor,Top,,1.0,0.0,,0,0.0,0,0.0
10002334,Ann TaylorLS Top_Al,Ann Taylor,Top,,24.99,0.0,,0,0.0,0,0.0
10002790,Ann TaylorLS Top_Al,Ann Taylor,Top,,9.99,0.0,,0,0.0,0,0.0
10002938,Ann TaylorLS Top_Al,Ann Taylor,Top,,25.99,0.0,,1,0.0,0,0.0
10004019,Ann TaylorPants_Ay,Ann Taylor,Jeans/Pants,,29.99,0.0,,1,0.0,1,0.0
10001483,Ann TaylorSkirt_Ex,Ann Taylor,Skirt,,1.0,0.0,,0,0.0,0,0.0
10001714,Ann TaylorSkirt_Ex,Ann Taylor,Skirt,,1.0,0.0,,0,0.0,0,0.0
10001720,Ann TaylorSkirt_Ex,Ann Taylor,Skirt,,1.0,0.0,,0,0.0,0,0.0
10001723,Ann TaylorSkirt_Ex,Ann Taylor,Skirt,,1.0,0.0,,0,0.0,0,0.0
10002723,Ann TaylorSS Top_Ja,Ann Taylor,Top,,24.99,0.0,,1,0.0,1,0.0
10000098,Ann TaylorSweater_Am,Ann Taylor,Sweater/Cardigan,,24.99,0.0,,1,0.0,1,0.0
10008013,Anna Sui Black Detail Skirt,Anna Sui,Skirt,8,33.0,8.25,75.0,1,0.0,1,8.25
10003968,Anna-Kaci Blk Sequin Top,Anna-Kaci,Top,XL,24.99,0.0,,1,0.0,1,0.0
10004618,Anne Klein Black Sleeveless Dress,Anne Klein,Dress,12,24.99,0.0,,1,0.0,1,0.0
10005257,Anne Klein Fushia Floral Sheer Cardigan,Anne Klein,Sweater/Cardigan,6,22.99,0.0,,1,0.0,1,0.0
10007591,Anne Klein multi-color blazer 6,,Jacket/Coat,,34.99,0.0,,1,0.0,1,0.0
10006849,Anne Klein white dress shirt,Anne Klein,Dress,L,18.99,0.0,,1,0.0,1,0.0
10001187,Anne KleinCardigan_Ga,Anne Klein,Sweater/Cardigan,,1.0,0.0,,0,0.0,0,0.0
10004603,AnneKlein BlkSparkleDress,Anne Klein,Dress,10,24.99,0.0,,1,0.0,1,0.0
10007415,AnneKlein MulticolDress,Anne Klein,Dress,4,21.99,0.0,,1,0.0,1,0.0
10007399,AnneKlein WhiruffleSlvlssShirt,Anne Klein,Top,14,22.99,0.0,,1,0.0,1,0.0
10004368,AnnT BlkAnimalBlouse,Ann Taylor,Top,S,24.99,0.0,,1,0.0,1,0.0
10004354,AnnTaylor Black Animal Print Skirt,Ann Taylor,Skirt,2,19.99,0.0,,1,0.0,1,0.0
10005055,AnnTaylor Slvless Top Pink,Ann Taylor,Top,M,20.99,0.0,,1,0.0,1,0.0
10008358,AnnTaylor BrwnFloralTop,Ann Taylor,Other,14,22.99,0.0,,1,0.0,1,0.0
10005302,AnnTaylor PinkSleevlessTop,Ann Taylor,Top,S,10.99,0.0,,1,0.0,1,0.0
10006122,AnnTaylor PnkPurpSkirt,Ann Taylor,Skirt,8,22.99,0.0,,1,0.0,1,0.0
10006107,AnnTaylor RedTop,Ann Taylor,Other,M,15.99,0.0,,1,0.0,1,0.0
10007754,AnnTaylorP BlkDottedSkirt,Ann Taylor Petites,Skirt,8,29.99,0.0,,1,0.0,1,0.0
10004367,AnnTLoft GreyTop,Ann Taylor LOFT,Other,XS,21.99,0.0,,1,0.0,1,0.0
10007708,Anthro Off White Crochet Skirt,Anthropologie,Skirt,10,59.99,0.0,,1,0.0,1,0.0
10005591,Anthro White SS Top w Yellow Ruffle,Anthropologie,Top,S,15.99,0.0,,1,0.0,1,0.0
10005105,Anthropologie Black Textured Tank,Anthropologie,Top,M,15.99,0.0,,1,0.0,1,0.0
10007658,Anthropologie M Albright Turquoise 7.5,,Other,,53.99,25.0,53.7,1,0.0,1,25.0
10003510,Anthropologie Pants Brown,Anthropologie,Jeans/Pants,0,24.99,0.0,,1,0.0,1,0.0
10005025,Anthropologie SL NWT Colorful Striped Dress,Anthropologie,Dress,S,79.99,0.0,,1,0.0,1,0.0
10007525,Anthropologie Yellow SS Blouse L,,Top,,34.99,0.0,,1,0.0,1,0.0
10005344,anthropologie tank blu,Anthropologie,Top,M,24.99,0.0,,1,0.0,1,0.0
10006069,anthropologie tank red,Anthropologie,Top,2,18.99,0.0,,1,0.0,1,0.0
10006330,Antropologie Burgundy Embroidered LS,Anthropologie,Top,L,28.99,0.0,,1,0.0,1,0.0
10007607,Apperloth Black Feux Leather Shorts L,,Shorts,,17.99,0.0,,1,0.0,1,0.0
10008682,Appraisal Houndstooth Jacket L,,Jacket/Coat,,31.99,8.5,73.4,1,0.0,1,8.5
10007392,AprilCornell BlkSheerSlvlssShirt,April Cornell,Top,M,28.99,0.0,,1,0.0,1,0.0
10006344,Apt 9 Black Tank,Apt 9,Top,S,16.99,0.0,,1,0.0,1,0.0
10008653,Apt. 9 Black Blue Dress XL,,Dress,,17.99,4.5,75.0,1,0.0,1,17.99
10007168,Apt. 9 SS Blouse Black,,Top,S,14.99,0.0,,1,0.0,1,0.0
10004948,Apt9 BrwnFloralBlouse,Apt 9,Top,S,19.99,0.0,,1,0.0,1,0.0
10006901,Apt9 FloralTopandTank,Apt 9,Top,L,24.99,0.0,,1,0.0,1,0.0
10006338,Aqua Blue Black Top,Aqua,Top,XS,22.99,0.0,,1,0.0,1,0.0
10004316,Aquatalia AshBoots,Aquatalia,Shoes,9,59.99,0.0,,1,0.0,1,0.0
10003442,Arden B Bluejeans,Arden B,Jeans/Pants,0,22.99,0.0,,1,0.0,1,0.0
10008583,ArdenB PinkLaceCami,Arden B,Top,M,18.99,8.0,57.9,1,0.0,1,8.0
10008728,Ariya Jeans Capri's 12,,Jeans/Pants,,18.99,4.5,76.3,1,0.0,1,4.5
10006916,AriyaJeans BlackStitchShorts,Ariya Jeans,Shorts,9,25.99,0.0,,1,0.0,1,0.0
10008485,Ark & Co Pink Skirt M,,Skirt,,18.99,10.9,42.6,1,0.0,1,10.9
10008547,ArkXCo PinkFlowerDress,ark X Co,Dress,M,32.99,0.0,,1,0.0,1,0.0
10004598,Armani NWT Purple Gray Dress,Armani Exchange NWT,Dress,L,45.99,0.0,,1,0.0,1,0.0
10005493,Art Class Yellow Black Striped SL Dress,Art Class,Dress,,15.99,0.0,,1,0.0,1,0.0
10003398,Artemis Slip Dress Brown,Artemis,Dress,S,24.99,0.0,,1,0.0,1,0.0
10005988,Artka Blue & White Plaid Skirt,Artka,Skirt,S,32.99,0.0,,1,0.0,1,0.0
10008756,Aryeh Brown Fringe Dress M,,Dress,,25.0,6.25,75.0,1,0.0,1,6.25
10008769,Aryeh Navy LS Top XL,,Top,,25.0,6.25,75.0,1,0.0,1,6.25
10007971,Aryeh Pink Green Dress L,,Dress,,25.0,6.25,75.0,1,0.0,1,6.25
10007978,Aryeh Sleeveless Top Blue XL,,Top,,17.0,4.25,75.0,1,0.0,1,4.25
10008171,Aryeh White Floral Pants NWT,Aryeh,Jeans/Pants,S,34.99,8.0,77.1,1,0.0,1,8.0
10008291,Aryeh MulticolDiamDress,Aryeh,Dress,M,18.99,0.0,,1,0.0,1,0.0
10005104,AS IS Bed of Roses Black Heart Cherry Tank,Bed of Roses,Top,L,15.99,0.0,,1,0.0,1,0.0
10005823,AS IS Missguided Gold Pants,Missguided,Jeans/Pants,2,15.99,0.0,,1,0.0,1,0.0
10004793,AS IS Ralph Lauren Booties,Lauren Ralph Lauren,Shoes,9.5,35.99,0.0,,1,0.0,1,0.0
10007768,AS IS Vintage Pink Dress w Scarf,,Dress,10,299.99,245.0,18.3,1,0.0,1,245.0
10003957,As U Wish Sequin one Shoulder Dress,As U Wish,Dress,M,26.99,0.0,,1,0.0,1,0.0
10007309,As-is Vintage Sailor Top,Unknown,Top,S,23.99,0.0,,1,0.0,1,0.0
10008579,ASISSuprDwn SequinOneslDress,SuperDown,Dress,S,22.99,8.0,65.2,1,0.0,1,8.0
10004505,Asos Blk Skirt,Asos Design,Skirt,6,29.99,0.0,,1,0.0,1,0.0
10007610,Asos Denim Black Overall,,Jeans/Pants,8,34.99,0.0,,1,0.0,1,0.0
10007756,Asos PurpPatternedShorts,Asos Design,Shorts,XS,19.99,0.0,,1,0.0,1,0.0
10006095,ASOS StripedTubeTop,Asos Design,Top,L,8.99,0.0,,1,0.0,1,0.0
10007271,ASTR Beige LS Top,,Top,M,22.99,0.0,,1,0.0,1,0.0
10005277,Athleta Black Tank,Athleta,Top,S,13.99,0.0,,1,0.0,1,0.0
10004752,Athleta Black Tee,Athleta,Top,L,15.99,0.0,,1,0.0,1,0.0
10003692,Athleta Lavender Pullover,Athleta,Sweater/Cardigan,XS,35.99,0.0,,1,0.0,1,0.0
10004124,Athleta Orng TieDye Tee,Athleta,Top,S,22.99,0.0,,1,0.0,1,0.0
10008697,Athleta Savannah Black Dress L,,Dress,,38.99,8.5,78.2,1,0.0,1,8.5
10005187,Athleta Athletic Longsleeve Pnk,Athleta,Other,M,25.99,0.0,,1,0.0,1,0.0
10006158,Athleta BleCrewneck,Athleta,Other,XXS,22.99,0.0,,1,0.0,1,0.0
10004923,Athleta BlueSkirt,Athleta,Skirt,M,26.99,0.0,,1,0.0,1,0.0
10003684,Athleta Pink WrapSweatshirt,Athleta,Top,S,25.99,0.0,,1,0.0,1,0.0
10003730,athleta sweatshirt prp sp,Athleta,Top,,35.99,0.0,,1,0.0,1,0.0
10005329,ATLoft BrwnStripeCrdign,Ann Taylor LOFT,Sweater/Cardigan,XS,24.99,0.0,,1,0.0,1,0.0
10005732,Attention Multicolor Skirt,Attention,Skirt,6,32.99,0.0,,1,0.0,1,0.0
10006745,Atticus Light Green Black Heart Cap,Atticus,Other,,22.99,0.0,,1,0.0,1,0.0
10004539,Attyre Navy Blue Skirt,Attyre NY,Skirt,12,18.99,0.0,,1,0.0,1,0.0
10007050,Audrey Brook Pink Flats,Audrey Brook,Shoes,9,15.99,0.0,,1,0.0,1,0.0
10008503,August Max Vintage Silk Tank 12,,Top,,23.99,6.99,70.9,1,0.0,1,6.99
10007678,Austin Hill Plaid Skirt,,Skirt,10,22.99,5.75,75.0,1,0.0,1,5.75
10003469,Ava & Viv Cardigan Beige,Ava & Viv,Sweater/Cardigan,XL,18.99,0.0,,1,0.0,1,0.0
10005635,Ava James Orange Blouse,Ava James,Top,XXL,12.99,0.0,,1,0.0,1,0.0
10004951,ava&viv jkt plad 2x,Ava & Viv,Jacket/Coat,,35.99,0.0,,1,0.0,1,0.0
10007698,AvaXGrace BlkWhiFloralDress,Ava & Grace,Dress,L,18.99,0.0,,1,0.0,1,0.0
10008408,Avenue Beige Brown Red Blouse,Avenue,Top,22,16.99,4.25,75.0,1,0.0,1,4.25
10003451,Avenue Jeans Denim Vest,Avenue Jeans,Jeans/Pants,18,27.99,14.0,50.0,1,0.0,1,14.0
10004986,Avery Sheer Horse Print Shirt,Avery,Top,L,17.99,0.0,,1,0.0,1,0.0
10007833,Avid Love Pink Lingerie Top,Avid Love,Top,M,22.99,0.0,,1,0.0,1,0.0
10008631,Avidlove LS Black Top,,Top,XL,10.99,2.75,75.0,1,0.0,1,2.75
10003973,AW Bridal Floral Dress,AW Bridal,Dress,20,59.99,0.0,,1,0.0,1,0.0
10004162,Axcess Beige Bow Blazer,Axcess,Jacket/Coat,M,23.99,0.0,,1,0.0,1,0.0
10006511,Axcess Black Skirt Stich Emb,Axcess,Skirt,14,25.99,0.0,,1,0.0,1,0.0
10004891,axcess skrt blk lace,Axcess,Skirt,10,24.99,0.0,,1,0.0,1,0.0
10005542,Axyeh Red Beige LS Dress,Axyeh,Dress,M,29.99,0.0,,1,0.0,1,0.0
10004060,B. Darlin Tn&Blk Lace Dress,B. Darlin,Dress,4,28.99,0.0,,1,0.0,1,0.0
10003961,B.P. Gold Sequin Skirt,B.P.,Skirt,XS,35.99,0.0,,1,0.0,1,0.0
10007041,Badgley Mischka Golf Flats,Badgley Mischka,Shoes,7,74.99,0.0,,1,0.0,1,0.0
10006722,Bae City Black Jeggings,Bae City,Other,1,16.99,0.0,,1,0.0,1,0.0
10002872,Bagatelle CollectionBlazer_Ex,Bagatelle Collection,Jacket/Coat,,24.99,0.0,,1,0.0,1,0.0
10003850,Bagatelle Pink Black Multi Jacket,Bagatelle Collection,Jacket/Coat,M,31.99,0.0,,1,0.0,1,0.0
10005765,Bagatelle BlkLthrpant,Bagatelle Collection,Jeans/Pants,XL,29.99,0.0,,1,0.0,1,0.0
10005998,BaileyBlue BlueBlouse,Bailey Blue,Top,M,24.99,0.0,,1,0.0,1,0.0
10008360,BaileyRose GreenFlowerPants,Bailey Rose,Jeans/Pants,M,26.99,0.0,,1,0.0,1,0.0
10004486,Balenciaga PinkPurse,Balenciaga,Accessories,,1250.0,0.0,,1,0.0,1,0.0
10004938,BambooT Grn&PinkSkirt?,Bamboo Traders,Skirt,L,25.99,0.0,,1,0.0,1,0.0
10000839,Banana Boat NWTDress_Ho,Banana Boat NWT,Dress,,1.0,0.0,,0,0.0,1,0.0
10001063,Banana Boat NWTDress_Ho,Banana Boat NWT,Dress,,24.99,0.0,,0,0.0,0,0.0
10001930,Banana Boat NWTDress_Ho,Banana Boat NWT,Dress,,1.0,0.0,,0,0.0,0,0.0
10002153,Banana Boat NWTDress_Ho,Banana Boat NWT,Dress,,1.0,0.0,,0,0.0,0,0.0
10002709,Banana Boat NWTDress_Ho,Banana Boat NWT,Dress,,29.99,0.0,,0,0.0,0,0.0
10002957,Banana Boat NWTDress_Ho,Banana Boat NWT,Dress,,35.99,0.0,,1,0.0,0,0.0
10003767,Banana NWT Lace Sleeveless,Banana Republic NWT,Top,XS,29.99,0.0,,1,0.0,1,0.0
10003813,Banana Pink Floral Sleeveless,Banana Republic,Top,XS,31.99,0.0,,1,0.0,1,0.0
10004633,Banana R Black Mini White Polka Dot,Banana Republic,Other,4,24.99,0.0,,1,0.0,1,0.0
10005015,Banana R Black Seethrough LS,Banana Republic,Top,M,34.99,0.0,,1,0.0,1,0.0
10006721,Banana R Yellow & White Top,Banana Republic,Top,8,28.99,0.0,,1,0.0,1,0.0
10007364,Banana Rep Army Green Shorts,Banana Republic,Shorts,00,22.99,0.0,,1,0.0,1,0.0
10003870,Banana Rep Brown Knit Poncho,Banana Republic,Sweater/Cardigan,XS,27.99,0.0,,1,0.0,1,0.0
10005882,Banana Rep Hot Pink Cardigan,Banana Republic,Sweater/Cardigan,L,32.99,0.0,,1,0.0,1,0.0
10007225,Banana Rep NWT Black LS Dress,Banana Republic NWT,Dress,S,45.99,0.0,,1,0.0,1,0.0
10006560,Banana Rep NWT Cream Tank,Banana Republic NWT,Top,M,24.99,0.0,,1,0.0,1,0.0
10006537,Banana Rep Purple Black White Top,Banana Republic,Top,M,21.99,0.0,,1,0.0,1,0.0
10005922,Banana Republic Beige Hoodie,Banana Republic,Other,XS,21.99,0.0,,1,0.0,1,0.0
10005512,Banana Republic Beige Knit Sweater,Banana Republic,Sweater/Cardigan,S,19.99,0.0,,1,0.0,1,0.0
10005267,Banana Republic Black Sheer Tank,Banana Republic,Top,XS,15.99,0.0,,1,0.0,1,0.0
10005311,Banana Republic Black Tank,Banana Republic,Top,XS,12.99,0.0,,1,0.0,1,0.0
10004608,Banana Republic Blue Dress Beige Flower,Banana Republic,Dress,18,39.99,0.0,,1,0.0,1,0.0
10005568,Banana Republic filpucci Off-white Sweater,Banana Republic,Sweater/Cardigan,S,27.99,0.0,,1,0.0,1,0.0
10004825,Banana Republic Fuchsia Tank SL,Banana Republic,Top,L,14.99,0.0,,1,0.0,1,0.0
10006591,Banana Republic Green Design Top,Banana Republic,Top,M,14.99,0.0,,1,0.0,1,0.0
10003395,Banana Republic Jacket Red,Banana Republic,Jacket/Coat,XS,29.99,0.0,,1,0.0,1,0.0
10008525,Banana Republic Orange Tank XS,,Top,,23.99,13.15,45.2,1,0.0,1,13.15
10003547,Banana Republic Pants Black,Banana Republic,Jeans/Pants,M,33.99,0.0,,1,0.0,1,0.0
10003516,Banana Republic Pants Green,Banana Republic,Jeans/Pants,4,27.99,0.0,,1,0.0,1,0.0
10003402,Banana Republic Pants Grey,Banana Republic,Jeans/Pants,0,24.99,0.0,,1,0.0,1,0.0
10005852,Banana Republic Pink & Brown Tank,Banana Republic,Top,XL,22.99,0.0,,1,0.0,1,0.0
10007646,Banana Republic Pink SL Top,Banana Republic,Top,XS,23.99,0.0,,1,0.0,1,0.0
10008374,Banana Republic pink sleeveless blouse,Banana Republic,Top,XXS,18.99,8.99,52.7,1,0.0,1,8.99
10006717,Banana Republic Red Dress,Banana Republic,Dress,XXL,22.99,0.0,,1,0.0,1,0.0
10005982,Banana Republic Red Tank w Sequin,Banana Republic,Top,M,24.99,0.0,,1,0.0,1,0.0
10008115,banana republic velvet tanktop,Banana Republic,Top,S,23.99,0.0,,1,0.0,1,0.0
10006948,Banana Republic White Tank Top,,Top,8,28.99,0.0,,1,0.0,1,0.0
10005385,banana republic skt blk,Banana Republic,Other,12,22.99,0.0,,1,0.0,1,0.0
10000156,Banana RepublicLSTop,Banana Republic,Top,,1.0,0.0,,0,0.0,1,0.0
10001703,Banana RepublicLSTop,Banana Republic,Top,,1.0,0.0,,0,0.0,0,0.0
10002493,Banana RepublicLSTop,Banana Republic,Top,,18.99,0.0,,0,0.0,0,0.0
10002981,Banana RepublicLSTop,Banana Republic,Top,,45.99,0.0,,1,0.0,0,0.0
10001775,Banana RepublicPants_Ho,Banana Republic,Jeans/Pants,,24.99,0.0,,1,0.0,1,0.0
10002591,Banana RepublicPants_Ho,Banana Republic,Jeans/Pants,,19.99,0.0,,0,0.0,0,0.0
10002545,Banana RepublicSleeveless Top_Ja,Banana Republic,Top,,19.99,0.0,,1,0.0,1,0.0
10002968,Banana RepublicSleeveless Top_Ja,Banana Republic,Top,,19.99,0.0,,0,0.0,0,0.0
10000096,Banana RepublicSweater_El,Banana Republic,Sweater/Cardigan,,29.99,0.0,,1,0.0,1,0.0
10001600,Banana RepublicSweater_El,Banana Republic,Sweater/Cardigan,,1.0,0.0,,0,0.0,0,0.0
10005449,BananaR BlkStrapDress,Banana Republic,Dress,10,24.99,0.0,,1,0.0,1,0.0
10006007,BananaR CrmCardigan,Banana Republic,Sweater/Cardigan,S,24.99,0.0,,1,0.0,1,0.0
10006025,BananaR TanCardigan,Banana Republic,Sweater/Cardigan,S,22.99,0.0,,1,0.0,1,0.0
10008320,BananaRep PinkcoverShirt,Banana Republic,Top,M,21.99,0.0,,1,0.0,1,0.0
10006902,BananaRep PinktiedyeShirt,Banana Republic,Top,XS,21.99,0.0,,1,0.0,1,0.0
10004498,BananaRepublic Blk Lace Skirt,Banana Republic,Skirt,8,27.99,0.0,,1,0.0,1,0.0
10008206,Band of Gypsies Cover Pink Green M,,Other,L,15.99,6.0,62.5,1,0.0,1,6.0
10005363,band of gypsies tank blk flw,Band Of Gypsies,Top,S,25.99,0.0,,1,0.0,1,0.0
10004903,bandolino skrt flr 12p,Bandolino,Skirt,,24.99,0.0,,1,0.0,1,0.0
10003345,Banjul Black and Rhinestone Dress,Banjul,Dress,,45.99,0.0,,1,0.0,1,0.0
10004743,BanRep Bl&Wht Blouse,Banana Republic,Top,XS,16.99,0.0,,1,0.0,1,0.0
10004739,BanRep Blk&Wht Jckt,Banana Republic,Other,L,24.99,0.0,,1,0.0,1,0.0
10007652,Bar ||| LS Lace Seethrough Top,Bar III,Top,S,20.99,0.0,,1,0.0,1,0.0
10005663,Barbie Back Tshirt,Barbie,Top,S,19.99,0.0,,1,0.0,1,0.0
10005317,Barbour Purpvest,Barbour,Top,6,32.99,0.0,,1,0.0,1,0.0
10008261,Bardot Black Sleeveless Top S,,Top,,33.99,8.0,76.5,1,0.0,1,8.0
10008497,Bass Pink Leather Bow Loafers 8.5,,Top,,23.99,8.3,65.4,1,0.0,1,8.3
10005113,Bay Island Billy Joel Tshirt,Bay Island,Top,M,21.99,0.0,,1,0.0,1,0.0
10003857,BB Linen Beige Sleeveless,Brooks Brothers,Top,L,39.99,0.0,,1,0.0,1,0.0
10008064,BBColl SilverJumpsuit,B B Collection,Romper/Jumpsuit,6,28.99,0.0,,1,0.0,1,0.0
10007251,BCBG Black Leather Jacket M,,Jacket/Coat,,129.99,0.0,,1,0.0,1,0.0
10008023,BCBG Black Seethrough LS,BCBG Maxazria,Top,L,25.0,6.25,75.0,1,0.0,1,6.25
10006648,BCBG Maxazria maxi dress,BCBG Maxazria,Dress,M,23.99,0.0,,1,0.0,1,0.0
10008456,BCBG Maxazria White Cardigan S,,Sweater/Cardigan,,31.99,15.0,53.1,1,0.0,1,15.0
10007463,BCBG Pink Silk Dress,BCBG Maxazria,Dress,6,28.99,0.0,,1,0.0,1,0.0
10003952,BCBG Shiny Black Sleeveless Shirt,BCBGeneration,Top,M,25.99,0.0,,1,0.0,1,0.0
10007266,BCBG SS Blouse Green,,Top,XS,25.99,0.0,,1,0.0,1,0.0
10005492,BCBG Tan & Beige SL Dress,BCBG Maxazria,Dress,2,32.99,0.0,,1,0.0,1,0.0
10004089,BCBG Tan Fur Coat,BCBGeneration,Jacket/Coat,L,125.0,0.0,,1,0.0,1,0.0
10007508,BCBG White Black Pants M,,Jeans/Pants,,44.99,0.0,,1,0.0,1,0.0
10004456,BCBG BlkCardigan,BCBG Maxazria,Sweater/Cardigan,M,24.99,0.0,,1,0.0,1,0.0
10006361,BCBG FloralTieBodySuit,BCBG generations,Top,XS,24.99,0.0,,1,0.0,1,0.0
10008650,BCBGeneration Peach Top S,,Top,,18.99,4.75,75.0,1,0.0,1,4.75
10007477,BCBGMax Grey Dress,,Dress,8,74.99,0.0,,1,0.0,1,0.0
10008319,BCBGMax BlkBlueSkirt,BCBG Maxazria,Skirt,M,44.99,0.0,,1,0.0,1,0.0
10005483,BDG hat creme,Bdg,Accessories,,25.99,0.0,,2,0.0,2,0.0
10003882,Be Bop Capri Pants,Be Bop,Jeans/Pants,9,17.99,0.0,,1,0.0,1,0.0
10007014,Be Inspired Zip Up Hoodie Black & Pink PL,Be Inspired,Other,,15.99,0.0,,1,0.0,1,0.0
10004342,Beatles Blk LongSleeve,Unknown,Other,M,25.99,0.0,,1,0.0,1,0.0
10005095,Beautees Sheer Cover Pnk&Yllw,Beautees,Top,M,12.99,0.0,,1,0.0,1,0.0
10003948,Bebe Black Lace Zipper Dress,Bebe,Dress,M,69.99,0.0,,1,0.0,1,0.0
10005241,Bebe Black Top,Bebe,Top,S,22.99,0.0,,1,0.0,1,0.0
10003778,Bechamel Black Embroider,Bechamel,Other,XL,18.99,0.0,,1,0.0,1,0.0
10007764,Bechamel BrownWovenBag,Bechamel,Accessories,,75.0,0.0,,1,0.0,1,0.0
10006448,Beige Cardigan,Unknown,Sweater/Cardigan,XL,24.99,0.0,,1,0.0,1,0.0
10005553,Beige Cardigan w Trim,Unknown,Sweater/Cardigan,M,34.99,0.0,,1,0.0,1,0.0
10008723,Beige Crochet Fringe Vest L,,Top,,29.99,6.5,78.3,1,0.0,1,6.5
10007801,beige layered skirt,Judith March,Skirt,L,29.99,0.0,,1,0.0,1,0.0
10004967,Beige Shiny Detail Dress Pants,Unknown,Dress,8,19.99,0.0,,1,0.0,1,0.0
10006224,beige tanktop medium,Prana,Top,,27.99,0.0,,1,0.0,1,0.0
10004444,Bejeweled Jean,Christine Alexander,Jeans/Pants,12,28.99,0.0,,1,0.0,1,0.0
10006500,Beldini Grey Cardigan,,Sweater/Cardigan,L,21.99,0.0,,1,0.0,1,0.0
10005574,Beliza Purple Shimmer Blazer,Beliza,Jacket/Coat,S,32.99,0.0,,1,0.0,1,0.0
10007036,Bella Barnett Hot Pink Dress,Bella Barnett,Dress,S,25.99,0.0,,1,0.0,1,0.0
10003837,Bella D Muave Blouse,Bella D,Top,M,19.99,0.0,,1,0.0,1,0.0
10004341,BellaCanvas Teal Tank,Bella Canvas,Top,M,11.99,0.0,,1,0.0,1,0.0
10005978,Belldini Gray Cardigan,Belldini,Sweater/Cardigan,XL,28.99,0.0,,1,0.0,1,0.0
10007714,Belldini Orange SL Top,Belldini,Top,M,18.99,0.0,,1,0.0,1,0.0
10007183,Belldini SS Top Red,,Top,S,19.99,0.0,,1,0.0,1,0.0
10004884,bellesky bls flr,Belle Sky,Top,XL,23.99,0.0,,1,0.0,1,0.0
10006240,Belt,,Accessories,,15.0,0.0,,0,0.0,0,0.0
10007015,Benneton Black Pants,Benneton,Jeans/Pants,10,32.99,0.0,,1,0.0,1,0.0
10006135,BenSH MulticolStripeBttnDwn,Ben Sherman,Top,XS,18.99,0.0,,1,0.0,1,0.0
10008329,Bernardo Blk&WhiSkirt,Bernardo,Skirt,10,24.99,0.0,,1,0.0,1,0.0
10006989,Bershka Cream Jacket,Bershka,Jacket/Coat,XS,28.99,0.0,,1,0.0,1,0.0
10004867,Bershka PinkCorsetTop,Bershka,Set,M,18.99,0.0,,1,0.0,1,0.0
10003360,Betsey Johnson White Beaded 1,Betsey Johnson,Other,8,34.99,14.99,57.2,1,0.0,1,14.99
10004949,betseys boutique shop bls grn flw,Betsey Boutique Shop,Top,M,19.99,0.0,,1,0.0,1,0.0
10008362,BetsyL GrnAniprintJacket,Betsy Lauren,Jacket/Coat,16,24.99,0.0,,1,0.0,1,0.0
10006991,Better Together Green Strechy Shorts,Better Together,Shorts,L,23.99,0.0,,1,0.0,1,0.0
10008253,Better Together Sage Green Top L,,Top,,22.99,6.0,73.9,1,0.0,1,6.0
10006506,Biaggini Blue & White Skirt,Biaggini,Skirt,40,34.99,0.0,,1,0.0,1,0.0
10002002,BiagginiSkirt_3,Biaggini,Skirt,,45.99,0.0,,1,0.0,1,0.0
10008162,Billabong Coral Pants,Billabong,Jeans/Pants,31,28.99,8.0,72.4,1,0.0,1,8.0
10007669,Birch Hill Black Jacket S,,Jacket/Coat,,27.99,12.0,57.1,1,0.0,1,12.0
10003946,Bishop Metallic Rose Longsleeve Dress,Bishop X Young,Dress,M,42.99,0.0,,1,0.0,1,0.0
10008411,Bisou Bisou Blue Skirt L,,Skirt,,19.99,5.0,75.0,1,0.0,1,5.0
10007467,Bisou Bisou Purple Red SL Dress,Bisou Bisou,Dress,8,29.99,0.0,,1,0.0,1,0.0
10005427,bisou bisou dress blk,Bisou Bisou,Dress,6,35.99,0.0,,1,0.0,1,0.0
10004810,Bisou Pink Brown Dressy Tank,Bisou Bisou,Dress,16,32.99,0.0,,1,0.0,1,0.0
10004929,Bisou BlkBeadedBlouse,Bisou Bisou,Top,M,27.99,0.0,,1,0.0,1,0.0
10005414,bisuo MulticolHalter,Bisou Bisou,Top,S,24.99,0.0,,1,0.0,1,0.0
10005073,Bizz Slvlss Top Grey,Bizz,Top,S,17.99,0.0,,1,0.0,1,0.0
10003358,Bjorndal Black Shoes,Bjorndal,Shoes,10,19.99,9.99,50.0,1,0.0,1,9.99
10006635,BKE Belt,Bke,Accessories,S,42.99,0.0,,1,0.0,1,0.0
10004779,BL Paul Smith Sequin White Dress NWT,Black Label Paul Smith,Dress,10,32.99,0.0,,1,0.0,1,0.0
10006752,Black & Beige Lingerie Tank,Unknown,Top,XXL,35.99,0.0,,1,0.0,1,0.0
10007933,Black & Gold Knot Necklace,Unknown,Accessories,,17.99,0.0,,1,0.0,1,0.0
10006758,Black & Gold Lingerie Dress,Unknown,Dress,L,25.99,0.0,,1,0.0,1,0.0
10007254,Black & Gold sequin pants,,Jeans/Pants,M,24.99,0.0,,1,0.0,1,0.0
10005520,Black & White Pattern Sheer LS Turtleneck,Unknown,Top,S,22.99,0.0,,1,0.0,1,0.0
10006222,black adnw hite ribbed tee medium,Charlotte Russe,Top,,18.99,0.0,,1,0.0,1,0.0
10006235,black and navy dressy blouse,White House Black Market,Dress,XS,27.99,0.0,,1,0.0,1,0.0
10006211,black and white floral tank medium,White House Black Market,Top,,21.99,0.0,,1,0.0,1,0.0
10006217,black and white floral tank,Whbm,Top,XS,26.99,0.0,,1,0.0,1,0.0
10006239,black and white plaid tanktop,White House Black Market,Top,4,23.99,0.0,,1,0.0,1,0.0
10006215,black and white strip body suit small,Prime Cut,Other,,14.99,0.0,,1,0.0,1,0.0
10006214,black and white stripe off the shoulder,Karen Millen,Other,12,19.99,0.0,,1,0.0,1,0.0
10007988,Black Belt w Silver Buckle & Studs,Unknown,Accessories,,17.99,0.0,,1,0.0,1,0.0
10004164,Black Bodysuit w Rhinestones,Unknown,Top,S,18.99,0.0,,1,0.0,1,0.0
10004960,Black Chiffon Tank,Unknown,Top,M,24.99,0.0,,1,0.0,1,0.0
10006830,Black coach purse,Coach,Accessories,,245.0,0.0,,1,0.0,1,0.0
10008177,Black Colorful Floral Underskirt,Unknown,Skirt,S,21.99,5.5,75.0,1,0.0,1,5.5
10007269,Black Dress,,Dress,S,23.99,0.0,,1,0.0,1,0.0
10004340,Black Faux Leather Jacket,Black Rivet,Jacket/Coat,S,27.99,0.0,,1,0.0,1,0.0
10005743,Black Flower SS Coverup,Unknown,Top,L,27.99,0.0,,1,0.0,1,0.0
10006193,black knit dress medium,Desigual,Dress,,59.99,0.0,,1,0.0,1,0.0
10007811,black lace dress,Step In Style,Dress,M,28.99,0.0,,1,0.0,1,0.0
10004483,Black Lace Dress,White House Black Market,Dress,XS,25.99,0.0,,1,0.0,1,0.0
10005870,Black Lace Seethrough Blouse,Unknown,Top,M,32.99,0.0,,1,0.0,1,0.0
10006748,Black Lace Top Cover Up,Unknown,Top,XXL,29.99,0.0,,1,0.0,1,0.0
10006390,Black Leather Belt,Unknown,Accessories,44,17.99,0.0,,1,0.0,1,0.0
10006482,Black LS Lace Top,Unknown,Top,M,27.99,0.0,,1,0.0,1,0.0
10004802,Black LS Shirt Bedazzle,Unknown,Top,M,25.99,0.0,,1,0.0,1,0.0
10008210,Black Mesh Top,,Top,M,13.99,6.0,57.1,1,0.0,1,6.0
10008202,Black P Blue Peacock Feather Top,Black Poppy,Top,L,18.99,6.0,68.4,1,0.0,1,6.0
10005624,Black Red White SL Top,Unknown,Top,M,13.99,0.0,,1,0.0,1,0.0
10007340,Black Rhinestone Multi Strand,Unknown,Other,,16.99,0.0,,1,0.0,1,0.0
10004796,Black Ruffle Dress,Unknown,Dress,M,35.99,0.0,,1,0.0,1,0.0
10007618,Black Sequin Dress,,Dress,12,23.99,0.0,,1,0.0,1,0.0
10006204,black sequin skirt,Love On A Hanger,Skirt,3,22.99,0.0,,1,0.0,1,0.0
10007806,black silver lined dress,Why,Dress,L,28.99,0.0,,1,0.0,1,0.0
10008176,Black Skirt Blue Flowers,Unknown,Skirt,14,21.99,8.0,63.6,1,0.0,1,8.0
10003332,Black Skirt w Beaded Flower,Joe Benbasset,Skirt,,25.99,0.0,,1,0.0,1,0.0
10007788,Black SL Rose Ruffle Dress,Unknown,Dress,M,27.99,0.0,,1,0.0,1,0.0
10003583,Black Stitch Wide-Leg Pant,Elexenses,Jeans/Pants,10,35.99,0.0,,1,0.0,1,0.0
10003627,black tag jean blk 32x32,Black Tag,Jeans/Pants,,25.99,0.0,,1,0.0,1,0.0
10006210,black tanktop small,Allison Joy,Top,,21.99,0.0,,1,0.0,1,0.0
10006377,Black Velvet Belt with Jewels,Unknown,Top,2,17.99,0.0,,1,0.0,1,0.0
10004979,Black White Tie Back QS,Unknown,Other,M,19.99,0.0,,1,0.0,1,0.0
10007994,Black Yellow Silver Necklace,,Accessories,,24.99,13.1,47.6,1,0.0,1,13.1
10008590,BlackBeadFurrBag,Unknown,Accessories,,32.99,8.0,75.8,1,0.0,1,8.0
10004913,BlackBoot,Unknown,Shoes,7.5,25.99,0.0,,1,0.0,1,0.0
10008354,BlackCrochetCover,Unknown,Other,,17.99,0.0,,1,0.0,1,0.0
10008313,BlackCrossBag,Unknown,Top,,7.99,0.0,,1,0.0,1,0.0
10007133,Blackheart Denim Shorts (M),Blackheart,Shorts,13,18.99,0.0,,1,0.0,1,0.0
10007766,BlackItalianLeatherBag,Unknown,Accessories,,75.0,0.0,,1,0.0,1,0.0
10008591,BlackLaceCoverUpDress,Unknown,Dress,M,15.99,8.0,50.0,1,0.0,1,8.0
10006904,BlackRuffleSkort,Unknown,Other,XL,19.99,0.0,,1,0.0,1,0.0
10004451,BlackZipUp,Unknown,Other,S,27.99,0.0,,1,0.0,1,0.0
10006898,BlackZipupJacket,Unknown,Jacket/Coat,M,24.99,0.0,,1,0.0,1,0.0
10009805,Blank NYC Overalls Green,Blank NYC,Top,2,21.99,0.0,,1,0.0,1,0.0
10007527,BlankNYC Beige Jacket,,Jacket/Coat,M,44.99,0.0,,1,0.0,1,0.0
10004128,Blk Jeweled Mickey Tee,Unknown,Top,4,17.99,0.0,,1,0.0,1,0.0
10006000,Blk&WhiPatternDress,Unknown,Dress,M,35.99,0.0,,1,0.0,1,0.0
10003699,Blk&White Floral Top,Unknown,Top,L,25.99,0.0,,1,0.0,1,0.0
10004250,Blk Wht Spotted Ruffle Skirt,Unknown,Skirt,S,15.99,0.0,,1,0.0,1,0.0
10006350,BlkChainBag,Unknown,Accessories,,25.99,0.0,,1,0.0,1,0.0
10005770,BlkDottedtieTop,Unknown,Other,M,22.99,0.0,,1,0.0,1,0.0
10004934,BlkFloralTop,Unknown,Other,L,14.99,0.0,,1,0.0,1,0.0
10005453,BlkMulticolStripeTankTop,Unknown,Top,M,15.99,0.0,,1,0.0,1,0.0
10005119,Blu Pepper Black LS Pink Floral,Blu Pepper,Top,L,25.99,0.0,,1,0.0,1,0.0
10003470,Blu Pepper Cardigan Green,Blu Pepper,Sweater/Cardigan,L,29.99,0.0,,1,0.0,1,0.0
10003466,Blu Pepper Cardigan Green,Blu Pepper,Sweater/Cardigan,XL,29.99,0.0,,1,0.0,1,0.0
10003569,Blu&Blk Polka Pant NWT,Loft NWT,Jeans/Pants,4,24.99,0.0,,1,0.0,1,0.0
10004256,Blue Athleisure Jacket,Athleta,Jacket/Coat,S,25.99,0.0,,1,0.0,1,0.0
10006816,Blue Blush Red Dress,Blue Blush,Dress,M,18.99,0.0,,1,0.0,1,0.0
10007890,Blue bracelet,,Accessories,,15.99,0.0,,0,0.0,0,0.0
10004759,Blue Green Black Groovy Sleeveless,Unknown,Top,M,15.99,0.0,,1,0.0,1,0.0
10004145,Blue Green Knit Scarf,Unknown,Sweater/Cardigan,,11.99,0.0,,1,0.0,1,0.0
10006168,blue offthe shoulder blouse,Timing,Top,M,23.99,0.0,,1,0.0,1,0.0
10006180,blue patterned dress,Desigual NWT,Dress,XXL,67.99,0.0,,1,0.0,1,0.0
10005662,Blue Rain NWT Gray Skirt,Blue Rain NWT,Skirt,S,19.99,0.0,,1,0.0,1,0.0
10005631,Blue Rain Off Shoulder Striped Top,Blue Rain,Top,L,25.99,0.0,,1,0.0,1,0.0
10006651,blue rain pink dress,Blue Rain NWT,Dress,L,24.99,0.0,,1,0.0,1,0.0
10005604,Blue Rain Pink Pattern Halter Tank,Blue Rain,Top,S,22.99,0.0,,1,0.0,1,0.0
10007365,Blue Shorts,Unknown,Shorts,S,15.99,0.0,,1,0.0,1,0.0
10004449,Blue Straight Leg Pants,Unknown,Jeans/Pants,8,32.99,0.0,,0,0.0,0,0.0
10005609,Blue Tank Reversible,Unknown,Top,M,21.99,0.0,,1,0.0,1,0.0
10005218,Blue Tassel Pink Shirt,Blue Tassel,Top,S,14.99,0.0,,1,0.0,1,0.0
10004130,Blue Tiedye Tee,Unknown,Top,M,16.99,0.0,,1,0.0,1,0.0
10005417,Blue&WhiDress,Unknown,Dress,M,25.99,0.0,,1,0.0,1,0.0
10008071,Blue&YellowSweatrTank,Unknown,Top,M,25.99,0.0,,1,0.0,1,0.0
10008733,Blue Black Lace Undergarment M,,Other,,29.99,8.7,71.0,1,0.0,1,8.7
10008636,Bluebird Sleeveless Top Grey S,,Top,,17.99,4.5,75.0,1,0.0,1,4.5
10007393,BlueGoldGemDressSet,Unknown,Dress,M,22.99,0.0,,1,0.0,1,0.0
10008259,Blueh Ciel Pink Beige Top L,,Top,,21.99,6.0,72.7,1,0.0,1,6.0
10006783,BlueSFA WhiNavyRedTop,Blue Saks Fifth Avenue,Other,S,22.99,0.0,,1,0.0,1,0.0
10006827,Bluetique OrangeSlvlessTop,BlueTique,Top,S,21.99,0.0,,1,0.0,1,0.0
10006803,BlueTique OrangeTankTop,BlueTique,Top,S,21.99,0.0,,1,0.0,1,0.0
10007690,Blush Green Cargo Pants NWT,Blush,Jeans/Pants,M,39.99,0.0,,1,0.0,1,0.0
10006985,Blush Jumpsuit Heart Btns As-Is,Unknown,Romper/Jumpsuit,S,24.99,0.0,,1,0.0,1,0.0
10004753,Blush Orange & White Floral Shawl,Blush,Other,M,27.99,0.0,,1,0.0,1,0.0
10003929,Blush Slip Dress,Unknown,Dress,M,24.99,0.0,,1,0.0,1,0.0
10005048,Blush Floral Crop Prpl,Blush,Other,L,24.99,0.0,,1,0.0,1,0.0
10007480,BOA Black Leather Pants,,Jeans/Pants,M,55.99,0.0,,1,0.0,1,0.0
10008672,Bob Mackie Lavender SS Blouse L,,Top,,12.99,3.25,75.0,1,0.0,1,3.25
10008477,Bob Mackie Leopard Top,,Top,10,19.99,8.0,60.0,1,0.0,1,8.0
10006499,Bobbie Brooks Romper Pink,,Romper/Jumpsuit,M,22.99,0.0,,1,0.0,1,0.0
10004198,BOC Black Slip on Shoes,Boc,Shoes,8,39.99,0.0,,1,0.0,1,0.0
10007639,BOC Black Strappy Wedges,Boc,Other,9,28.99,0.0,,1,0.0,1,0.0
10004404,BOC Blk&TanBoots,Boc,Shoes,7,54.99,0.0,,1,0.0,1,0.0
10004507,Boden Blue Multicolor Skirt,Boden,Skirt,2,25.99,0.0,,1,0.0,1,0.0
10005221,Boden Floral Black Top,Boden,Top,2,27.99,0.0,,1,0.0,1,0.0
10006059,boden bls pnk,Boden,Top,18,25.99,0.0,,1,0.0,1,0.0
10004607,Boden JeanDress,Boden,Dress,8,29.99,0.0,,1,0.0,1,0.0
10004702,boden swtr pnk,Boden,Sweater/Cardigan,L,39.99,0.0,,1,0.0,1,0.0
10005346,boden tank blk,Boden,Top,2,12.99,0.0,,1,0.0,1,0.0
10007334,Body Central Blk Top,Body Central,Top,M,15.99,0.0,,1,0.0,1,0.0
10008175,Body Jewels Red Lingerie Top,Body Jewels,Top,M,23.99,6.0,75.0,1,0.0,1,6.0
10007507,BOG Collective Black Top,,Top,L,22.99,0.0,,1,0.0,1,0.0
10006639,Boldrini Orange Leather Bag w Hyde,Boldrini Selleria,Accessories,,250.0,0.0,,1,0.0,1,0.0
10007280,Bombay & Paisley Pink Dress,,Dress,M,24.99,0.0,,1,0.0,1,0.0
10003963,Bongo Grey Sequin Top,Bongo,Top,L,19.99,0.0,,1,0.0,1,0.0
10006981,Boohoo NWT White Crop Top,Boohoo NWT,Top,6,12.99,0.0,,1,0.0,1,0.0
10007944,Boom Boom Black Skirt Zipper,Boom Boom,Skirt,S,19.99,0.0,,1,0.0,1,0.0
10007895,Born Black Patent Leather 10,,Other,,28.99,10.5,63.8,1,0.0,1,10.5
10007075,Born White Sandals,Born,Top,8,22.99,0.0,,1,0.0,1,0.0
10007757,BostonProper GoldSequinPant,Boston Proper,Jeans/Pants,M,27.99,0.0,,1,0.0,1,0.0
10004014,BP.,Bp.,Other,,19.99,0.0,,1,0.0,1,0.0
10004285,BP Striped Cream Sweater,Bp.,Sweater/Cardigan,S,27.99,0.0,,1,0.0,1,0.0
10002419,BPTank Top_BC,Bp,Top,,12.99,0.0,,1,0.0,1,0.0
10003860,BR NWT Brown Faux Leather Pants,Banana Republic NWT,Jeans/Pants,12,52.99,0.0,,1,0.0,1,0.0
10007889,Bracelet\silver,,Accessories,,55.0,0.0,,0,0.0,0,0.0
10007841,Brass & Onyx Bracelet,,Top,,22.99,14.0,39.1,1,0.0,1,14.0
10008721,Breckenridge Lemonade Cardigan L,,Sweater/Cardigan,,25.99,8.5,67.3,1,0.0,1,8.5
10008658,Briggs Pink Floral Skirt,Briggs New York,Skirt,8,17.99,4.5,75.0,1,0.0,1,4.5
10002634,Brittany Black Beige ShortSleeve,Brittany Black,Shorts,XL,14.99,0.0,,1,0.0,1,0.0
10007661,Brittany Black Brown Sweater,,Sweater/Cardigan,M,23.99,0.0,,1,0.0,1,0.0
10005012,Brittany Purple LS Top,Brittany Black,Top,XL,19.99,0.0,,1,0.0,1,0.0
10008559,BrntOrangeLaceBodysuit,Unknown,Top,S,18.99,8.0,57.9,1,0.0,1,8.0
10005270,Bronks Brothers Pale Pink Buttondown,Bronks Brothers,Other,10,24.99,0.0,,1,0.0,1,0.0
10006735,Bronze Bracelet,Unknown,Accessories,,22.99,0.0,,1,0.0,1,0.0
10004724,Brooks Bro Pink LS Buttondown,Brooks Brothers,Top,L,25.99,0.0,,1,0.0,1,0.0
10007893,Brooks Brothers Black Heels 8.5,,Top,,39.99,25.0,37.5,1,0.0,1,25.0
10003512,Brooks Brothers Pants Black,Brooks Brothers,Jeans/Pants,10,26.99,0.0,,1,0.0,1,0.0
10002678,Brooks BrothersBlazer,Brooks Brothers,Jacket/Coat,,49.99,0.0,,1,0.0,1,0.0
10006118,BrooksB MultiColPocketDress,Brooks Brothers,Dress,2,34.99,0.0,,1,0.0,1,0.0
10004794,Brown & Black Skull Sweater,Unknown,Sweater/Cardigan,XL,25.99,0.0,,1,0.0,1,0.0
10006374,Brown Belt with Jeweled Buckle,Unknown,Accessories,,16.99,0.0,,1,0.0,1,0.0
10006391,Brown Braid Knit Belt,Unknown,Sweater/Cardigan,,13.99,0.0,,1,0.0,1,0.0
10006384,Brown Braided Belt,Unknown,Accessories,,8.99,0.0,,1,0.0,1,0.0
10007156,Brown Chic Vintage T Shirt,,Top,M,23.99,16.0,33.3,25,0.0,25,400.0
10007155,Brown Chic Vintage T Shirt,,Top,S,23.99,16.0,33.3,25,0.0,25,400.0
10007158,Brown Chic Vintage T Shirt,,Top,XL,23.99,16.0,33.3,25,0.0,25,400.0
10007154,Brown Chic Vintage T Shirt,,Top,XS,23.99,16.0,33.3,25,0.0,25,400.0
10006738,Brown Choker w Bedazzled Pendant,Unknown,Other,,22.99,0.0,,1,0.0,1,0.0
10006245,Brown Floral Skirt,Unknown,Skirt,6,19.99,0.0,,1,0.0,1,0.0
10006736,Brown Leather Bedazzled Belt,Unknown,Accessories,,45.99,0.0,,1,0.0,1,0.0
10006392,Brown Leather Belt Design,Unknown,Accessories,,17.99,0.0,,1,0.0,1,0.0
10005561,Brown Leaves Sheer Turtleneck,Unknown,Other,M,28.99,0.0,,1,0.0,1,0.0
10007878,Brown Light Trench Coat S,,Jacket/Coat,,26.0,6.5,75.0,1,0.0,1,6.5
10006582,Brown Tassel Beaded Necklace,Unknown,Top,,8.99,0.0,,1,0.0,1,0.0
10006778,Bruce Lee Hat,Bruce Lee,Accessories,,25.99,0.0,,1,0.0,1,0.0
10004423,BrushedTwillPant Tan,Jones New York,Jeans/Pants,12,28.99,0.0,,1,0.0,1,0.0
10006318,Brwn Gry Pink Wrap Dress,Good Yarn,Dress,L,25.99,0.0,,1,0.0,1,0.0
10004470,Brwn&BlueDress,Unknown,Dress,S,22.99,0.0,,1,0.0,1,0.0
10004853,BrwnFloralStitchSkirt,Unknown,Skirt,9,22.99,0.0,,1,0.0,1,0.0
10008326,BrwnLeafScarf,Unknown,Accessories,,14.99,0.0,,1,0.0,1,0.0
10004518,Brz&Gld Chunky Necklace,Unknown,Accessories,,18.99,0.0,,1,0.0,1,0.0
10007845,Bubble Necklace,,Accessories,,21.99,12.0,45.4,1,0.0,1,12.0
10006667,Buckle Belt Off White with Gem Buckle,Buckle,Accessories,L,35.99,0.0,,1,0.0,1,0.0
10004437,Buckle Black Jeans,Buckle Black,Jeans/Pants,4,28.99,0.0,,1,0.0,1,0.0
10003496,Buffalo David Bitton Pants Brown,David Bitton,Jeans/Pants,14,28.99,0.0,,1,0.0,1,0.0
10003649,Bugatti Reddetailedboots,Bugatti,Shoes,9.5,39.99,0.0,,1,0.0,1,0.0
10006917,BullHead JeanShorts,Bullhead,Shorts,7,22.99,0.0,,1,0.0,1,0.0
10005752,Burgundy Cold Shoulder Top,Unknown,Top,M,18.99,0.0,,1,0.0,1,0.0
10004984,Burgundy Floral Corduroy LS Buttondown,Unknown,Top,L,19.99,0.0,,1,0.0,1,0.0
10003945,Burgundy Velvet Red Collar Dress,,Dress,M,44.99,0.0,,1,0.0,1,0.0
10006141,BurntOrangeTop,Unknown,Other,XL,18.99,0.0,,1,0.0,1,0.0
10008376,Buttans tubetop,Buttans,Top,S,18.99,7.99,57.9,1,0.0,1,7.99
10008254,Butterfly Dropout Purple Top XL,,Top,,13.0,3.25,75.0,1,0.0,1,3.25
10007419,BVLCARI PinkPouch,Bvlcari,Other,,22.99,0.0,,1,0.0,1,0.0
10005894,by JJ Gray Cardigan,by JJ,Sweater/Cardigan,XL,39.99,0.0,,1,0.0,1,0.0
10005622,Byer Red Cold Shoulder Shirt,Byer California,Top,M,13.99,0.0,,1,0.0,1,0.0
10008617,Byron Lars Black Dress,,Dress,M,258.99,24.99,90.4,1,0.0,1,24.99
10006546,C & E NWT Black One Shoulder Top,C & E,Top,M,24.99,0.0,,1,0.0,1,0.0
10008412,C by One Silver Blazer M,,Jacket/Coat,,36.99,9.25,75.0,1,0.0,1,9.25
10005562,C Gray Pattern Knit Top,C C,Sweater/Cardigan,XL,28.99,0.0,,1,0.0,1,0.0
10004925,C&B BrownFloralSkirt,Christopher & Banks,Skirt,12,22.99,0.0,,1,0.0,1,0.0
10005646,Cabi Black & Pink LS Top,Cabi,Top,M,24.99,0.0,,1,0.0,1,0.0
10004502,Cabi Blk Pttrn Skirt,Cabi,Skirt,L,22.99,0.0,,1,0.0,1,0.0
10006603,Cabi Magenta SL Top,Cabi,Top,S,21.99,0.0,,1,0.0,1,0.0
10005266,Cabi Mint Gray Black Pattern SL Sheer Top,Cabi,Top,M,15.99,0.0,,1,0.0,1,0.0
10005594,Cabi Orange Chiffon SL Top,Cabi,Top,S,15.99,0.0,,1,0.0,1,0.0
10008506,Cabi Red Sleeveless Top XS,,Top,,18.99,5.3,72.1,1,0.0,1,5.3
10006455,Cabi Yellow Sheer SL Top,Cabi,Top,XL,17.99,0.0,,1,0.0,1,0.0
10005279,Cabi GreyMulticolTop,Cabi,Other,L,22.99,0.0,,1,0.0,1,0.0
10008565,Cabi WhiteLaceShirt,Cabi,Top,M,25.99,13.0,50.0,1,0.0,1,13.0
10002398,CabiCoat_Go,Cabi,Jacket/Coat,,31.99,0.0,,1,0.0,1,0.0
10001439,CabiLS Top_Vi,Cabi,Top,,1.0,0.0,,0,0.0,0,0.0
10008676,Cabin Creek Red Zebra Shirt L,,Top,,19.99,6.5,67.5,1,0.0,1,6.5
10003465,Cable & Gauge Cardigan Pink,Cable X Gauge,Sweater/Cardigan,XL,24.99,0.0,,1,0.0,1,0.0
10004265,Cable & Gauge Velvet Dk Green Top,Cable X Gauge,Top,1,35.99,0.0,,1,0.0,1,0.0
10000081,Cable X GaugeSweater_An,Cable X Gauge,Sweater/Cardigan,,24.99,0.0,,1,0.0,0,0.0
10000099,Cable X GaugeSweater_An,Cable X Gauge,Sweater/Cardigan,,26.99,0.0,,0,0.0,0,0.0
10000559,Cable X GaugeSweater_An,Cable X Gauge,Sweater/Cardigan,,1.0,0.0,,0,0.0,0,0.0
10000878,Cable X GaugeSweater_An,Cable X Gauge,Sweater/Cardigan,,1.0,0.0,,0,0.0,0,0.0
10001118,Cable X GaugeSweater_An,Cable X Gauge,Sweater/Cardigan,,1.0,0.0,,0,0.0,0,0.0
10001780,Cable X GaugeSweater_An,Cable X Gauge,Sweater/Cardigan,,1.0,0.0,,0,0.0,0,0.0
10001785,Cable X GaugeSweater_An,Cable X Gauge,Sweater/Cardigan,,1.0,0.0,,0,0.0,0,0.0
10002102,Cable X GaugeSweater_An,Cable X Gauge,Sweater/Cardigan,,1.0,0.0,,0,0.0,0,0.0
10002483,Cable X GaugeSweater_An,Cable X Gauge,Sweater/Cardigan,,21.99,0.0,,0,0.0,0,0.0
10003693,Calia Patterned Sweater,Calia,Sweater/Cardigan,M,25.99,0.0,,1,0.0,1,0.0
10006797,Calia PurpleSweater,Calia,Sweater/Cardigan,XS,23.99,0.0,,1,0.0,1,0.0
10004666,Calis GreyLongsleeve,Calia,Other,S,22.99,0.0,,1,0.0,1,0.0
10004639,Calvin K Beige Dress,Calvin Klein,Dress,4,21.99,0.0,,1,0.0,1,0.0
10007363,Calvin K Black Cardigan Lace Sleeve,Calvin Klein,Sweater/Cardigan,S,24.99,0.0,,1,0.0,1,0.0
10007685,Calvin K Black Puffer Vest,Calvin Klein,Jacket/Coat,XL,23.99,0.0,,1,0.0,1,0.0
10003758,Calvin Klein Beige Cardigan,Calvin Klein Jeans,Sweater/Cardigan,XL,32.99,0.0,,1,0.0,1,0.0
10003686,Calvin Klein Blk Sequin Top,Calvin Klein,Top,M,25.99,0.0,,1,0.0,1,0.0
10008729,Calvin Klein Denim Romper 8,,Jeans/Pants,,39.99,8.7,78.2,1,0.0,1,8.7
10004196,Calvin Klein Jumpsuit,Calvin Klein,Romper/Jumpsuit,,29.99,0.0,,1,0.0,1,0.0
10005970,Calvin Klein Light Pink Sweater,Calvin Klein Jeans,Sweater/Cardigan,M,32.99,0.0,,1,0.0,1,0.0
10007006,Calvin Klein Turquoise Hoodie,Calvin Klein,Other,XL,25.99,0.0,,1,0.0,1,0.0
10006956,Calvin Klein White Pants,Calvin Klein,Jeans/Pants,M,33.99,0.0,,1,0.0,1,0.0
10004279,Calvin Klein Light Blue Distressed Hoodie,Calvin Klein,Top,L,24.99,0.0,,1,0.0,1,0.0
10004705,calvin klein swtr blk,Calvin Klein,Sweater/Cardigan,L,24.99,0.0,,1,0.0,1,0.0
10003195,Calvin KleinCalvin Klein Black w Diamonds Pants,Calvin Klein,Jeans/Pants,,35.0,0.0,,1,0.0,1,0.0
10000428,Calvin KleinPants_ca,Calvin Klein,Jeans/Pants,,1.0,0.0,,0,0.0,1,0.0
10000877,Calvin KleinPants_ca,Calvin Klein,Jeans/Pants,,1.0,0.0,,0,0.0,0,0.0
10001569,Calvin KleinPants_ca,Calvin Klein,Jeans/Pants,,1.0,0.0,,0,0.0,0,0.0
10001710,Calvin KleinPants_ca,Calvin Klein,Jeans/Pants,,1.0,0.0,,0,0.0,0,0.0
10002335,Calvin KleinPants_ca,Calvin Klein,Jeans/Pants,,39.99,0.0,,0,0.0,0,0.0
10002369,Calvin KleinPants_ca,Calvin Klein,Jeans/Pants,,24.99,0.0,,0,0.0,0,0.0
10002590,Calvin KleinPants_ca,Calvin Klein,Jeans/Pants,,24.99,0.0,,1,0.0,0,0.0
10002801,Calvin KleinSleeveless Top_Za,Calvin Klein,Top,,24.99,0.0,,2,0.0,2,0.0
10003585,CalvinK Blk&OrngSweater,Calvin Klein,Sweater/Cardigan,L,23.99,0.0,,1,0.0,1,0.0
10007697,CalvinK PinkJacket,Calvin Klein Jeans,Jacket/Coat,S,29.99,0.0,,1,0.0,1,0.0
10003907,CalvinKlein Jean Skirt,Calvin Klein,Skirt,6,21.99,0.0,,1,0.0,1,0.0
10004258,Camel Silk Cashmere Sweater,Banana Republic,Sweater/Cardigan,XS,24.99,0.0,,1,0.0,1,0.0
10004477,Camel Slacks,Unknown,Other,18,22.99,0.0,,1,0.0,1,0.0
10003423,Camelot Camisole White,Camelot,Top,L,15.99,0.0,,1,0.0,1,0.0
10003987,Camille Black Longsleeve Red Zipper,Camille,Top,L,28.99,0.0,,1,0.0,1,0.0
10005530,Can't Miss Black Ruffle Tank,Can'T Miss,Top,L,18.99,0.0,,1,0.0,1,0.0
10005236,Candalite Petite Pink Dress PM,Candalite Petite,Dress,,22.99,0.0,,1,0.0,1,0.0
10006586,Candie's Black Blazer,Candiexs,Jacket/Coat,M,21.99,0.0,,1,0.0,1,0.0
10008452,Candie's Girl Black Skirt XL,,Skirt,,26.99,10.95,59.4,1,0.0,1,10.95
10006706,Candie's Lilac Halter Dress,Candiexs,Dress,S,24.99,0.0,,1,0.0,1,0.0
10004190,Canyon Road Tan Skirt w Stitch Detail,Canyon Road,Skirt,3,21.99,0.0,,1,0.0,1,0.0
10006510,Cappagallo Pink Butterfly Pants,Cappagallo,Jeans/Pants,12,14.99,0.0,,1,0.0,1,0.0
10005413,Caramela Blksequintop,Caramela,Other,S,25.99,0.0,,1,0.0,1,0.0
10005688,Carbon Black Leggings,Carbon,Jeans/Pants,XXL,19.99,0.0,,1,0.0,1,0.0
10004728,Carhart Purp x Yellow Plaid SS,Carhartt,Top,XL,19.99,0.0,,1,0.0,1,0.0
10003978,Carlisle Black Skirt White Details,Carlisle,Skirt,4,24.99,0.0,,1,0.0,1,0.0
10005713,Carole Little Pink Skirt,Carole Little,Skirt,4,25.99,0.0,,1,0.0,1,0.0
10003468,Carolina Belle Sleeveless Top Brown,Carolina Belle,Top,S,18.99,0.0,,1,0.0,1,0.0
10002700,Carolina BelleJacket_Ba,Carolina Belle,Jacket/Coat,,32.99,0.0,,0,0.0,0,0.0
10002769,Carolina BelleJacket_Ba,Carolina Belle,Jacket/Coat,,1.0,0.0,,0,0.0,0,0.0
10002874,Carolina BelleJacket_Ba,Carolina Belle,Jacket/Coat,,24.99,0.0,,0,0.0,0,0.0
10002019,CarvenSkirt_Ri,Carven,Skirt,,35.99,0.0,,1,0.0,1,0.0
10007049,Caslon Pink Strappy Boots,Caslon,Shoes,9,32.99,0.0,,1,0.0,1,0.0
10008501,Castaways YL Tennessee NC Bball T,,Top,,11.99,4.99,58.4,1,0.0,1,4.99
10004311,Caston Blk&WhSkirt,Caston,Skirt,14,25.99,0.0,,1,0.0,1,0.0
10006536,Casual Corner Black SL White Lining,Casual Corner,Other,L,19.99,0.0,,1,0.0,1,0.0
10008732,Catherine's Blue White Dress 4X,,Dress,,27.99,10.95,60.9,1,0.0,1,10.95
10008691,Catherine's Sleeveless Top Pink 4X,,Top,,19.99,6.0,70.0,1,0.0,1,6.0
10005009,Cato Brown Tinsel Cardigan,Cato,Sweater/Cardigan,L,22.99,0.0,,1,0.0,1,0.0
10007680,Cato Orange Knit Cardigan,Cato,Sweater/Cardigan,XL,21.99,0.0,,1,0.0,1,0.0
10008420,Cato Red Skirt,,Skirt,S,35.99,9.0,75.0,1,0.0,1,9.0
10008272,Cato Sleeveless Top M,,Top,,15.0,3.75,75.0,1,0.0,1,3.75
10008655,Cato Yellow Dress,,Dress,M,11.99,3.0,75.0,1,0.0,1,3.0
10005169,Cato Multipattern Top Brwn,Cato,Top,XL,25.99,0.0,,1,0.0,1,0.0
10003622,cato boot animal print,Cato,Shoes,6,35.99,0.0,,1,0.0,1,0.0
10006934,Cato JeanDetailSkirt,Cato,Skirt,14,25.99,0.0,,1,0.0,1,0.0
10005401,Cato SilverTop,Cato,Other,18,25.99,0.0,,1,0.0,1,0.0
10006515,Cattiva Black Ruffle Off Shoulder Top,Cattiva New York,Top,XL,44.99,0.0,,1,0.0,1,0.0
10008120,CautTTW WhiFlowerTank,Caution to the Wind,Top,S,17.99,0.0,,1,0.0,1,0.0
10008487,CeCe Paisley off shoulder top XL,,Top,,18.99,7.6,60.0,1,0.0,1,7.6
10004746,CeCe Pink Sheer Top,Cece,Top,S,24.99,0.0,,1,0.0,1,0.0
10008622,Cece Sleeveless Top,,Top,M,15.99,4.0,75.0,1,0.0,1,4.0
10000008,CeceSweater_La,Cece,Sweater/Cardigan,,1.0,8.0,-700.0,0,0.0,1,0.0
10000055,CeceSweater_La,Cece,Sweater/Cardigan,,1.0,0.0,,0,0.0,0,0.0
10000102,CeceSweater_La,Cece,Sweater/Cardigan,,27.99,0.0,,0,0.0,0,0.0
10000492,CeceSweater_La,Cece,Sweater/Cardigan,,1.0,0.0,,0,0.0,0,0.0
10000537,CeceSweater_La,Cece,Sweater/Cardigan,,1.0,0.0,,0,0.0,0,0.0
10000579,CeceSweater_La,Cece,Sweater/Cardigan,,1.0,0.0,,0,0.0,0,0.0
10000759,CeceSweater_La,Cece,Sweater/Cardigan,,1.0,0.0,,0,0.0,0,0.0
10000982,CeceSweater_La,Cece,Sweater/Cardigan,,1.0,0.0,,0,0.0,0,0.0
10001353,CeceSweater_La,Cece,Sweater/Cardigan,,1.0,0.0,,0,0.0,0,0.0
10001510,CeceSweater_La,Cece,Sweater/Cardigan,,1.0,0.0,,0,0.0,0,0.0
10001619,CeceSweater_La,Cece,Sweater/Cardigan,,1.0,0.0,,0,0.0,0,0.0
10002093,CeceSweater_La,Cece,Sweater/Cardigan,,1.0,0.0,,0,0.0,0,0.0
10002682,CeceSweater_La,Cece,Sweater/Cardigan,,32.99,0.0,,0,0.0,0,0.0
10002734,CeceSweater_La,Cece,Sweater/Cardigan,,25.99,0.0,,0,0.0,0,0.0
10002818,CeceSweater_La,Cece,Sweater/Cardigan,,19.99,0.0,,1,0.0,0,0.0
10006257,Celebrity Pink Black Cardigan,Celebrity Pink,Sweater/Cardigan,L,21.99,0.0,,1,0.0,1,0.0
10008134,central falls teal and white skirt,Central Falls,Skirt,8,34.99,14.0,60.0,1,0.0,1,14.0
10004514,Cezanne Silver Clutch,,Accessories,,15.99,0.0,,1,0.0,1,0.0
10002736,ChadwicksBlazer_J,Chadwicks,Jacket/Coat,,35.99,0.0,,1,0.0,1,0.0
10006266,Chalet Green Coat,Chalet,Jacket/Coat,M,25.99,0.0,,1,0.0,1,0.0
10005626,Chaps Black & White Jacket,Chaps,Jacket/Coat,L,22.99,0.0,,1,0.0,1,0.0
10003839,Chaps Bllk&Wht Sweater Vest,Chaps,Sweater/Cardigan,M,29.99,0.0,,1,0.0,1,0.0
10005515,Chaps Polka Dot Black Dress,Chaps,Dress,L,22.99,0.0,,1,0.0,1,0.0
10004415,Chaps SheerPurple,Chaps,Other,S,21.99,0.0,,1,0.0,1,0.0
10003675,chaps skirt blk,Chaps,Skirt,10,18.99,0.0,,1,0.0,1,0.0
10004326,Chaps WhMulticolButtnDwn,Chaps,Other,M,24.99,0.0,,1,0.0,1,0.0
10006504,Chapter One White Pants,Chapter One,Jeans/Pants,10,24.99,0.0,,1,0.0,1,0.0
10004079,Charles River Zipper Jacket,Charles River,Jacket/Coat,L,29.99,0.0,,1,0.0,1,0.0
10003570,Charlotte Blk Pant,Charolette Russe,Jeans/Pants,10,24.99,0.0,,1,0.0,1,0.0
10007860,Charlotte R Floral One Shoulder Dress,Charlotte Russe,Dress,S,21.99,0.0,,1,0.0,1,0.0
10005524,Charlotte Russe Black Floral Strapless Dress,Charlotte Russe,Dress,XL,28.99,0.0,,1,0.0,1,0.0
10007587,Charlotte Russe Grey Hoodie M,,Top,,14.99,0.0,,1,0.0,1,0.0
10005555,Charlotte Russe Pink Sweater,Charlotte Russe,Sweater/Cardigan,XL,21.99,0.0,,1,0.0,1,0.0
10006484,Charlotte Russe Yellow Dress,Charlotte Russe,Dress,M,29.99,0.0,,1,0.0,1,0.0
10004352,CharlotteR Black Skirt,Charlotte Russe,Skirt,M,11.99,0.0,,1,0.0,1,0.0
10006082,charlotterusse tank whtshear,Charlotte Russe,Top,M,21.99,0.0,,1,0.0,1,0.0
10006789,CharmianStmWrkBustier,Charmian,Other,M,65.99,0.0,,1,0.0,1,0.0
10003976,Charming Charlie Silver Metallic Purse,Charming Charlie,Accessories,,15.99,0.0,,1,0.0,1,0.0
10008581,CharR MaroonLaceBdySuit,Charlotte Russe,Other,S,18.99,8.0,57.9,1,0.0,1,8.0
10008521,Charter Club Black Ribbed Tank L,,Top,,18.99,10.95,42.3,1,0.0,1,10.95
10005315,Chase CowTshirt,Chase New Design,Top,2,13.99,0.0,,1,0.0,1,0.0
10004273,Chaser Muave ACDC Pullover,Chaser,Sweater/Cardigan,L,45.0,0.0,,1,0.0,1,0.0
10008000,Chatoyant Black Strechy Pants,Chatoyant,Jeans/Pants,2,24.99,0.0,,1,0.0,1,0.0
10008034,Chatoyant Blue Stretch Pants M,,Jeans/Pants,,25.0,6.25,75.0,1,0.0,1,6.25
10008318,CheetaScarf,Unknown,Accessories,,9.99,0.0,,1,0.0,1,0.0
10003529,Chelsea & Theodore Sweater Brown,Chelsea X Theodore,Sweater/Cardigan,XS,25.99,0.0,,1,0.0,1,0.0
10004184,Chelsea Crew Black Loafers,Chelsea Crew,Top,6,27.99,0.0,,1,0.0,1,0.0
10008014,Chelsea Violet Green LS,Chelsea Violet,Top,M,25.0,6.25,75.0,1,0.0,1,6.25
10004369,Chelsea&Theo GreySweater,Chelsea X Theodore,Sweater/Cardigan,S,26.99,0.0,,1,0.0,1,0.0
10004854,ChelseaV BluePatternedSkirt,Chelsea Violet,Skirt,M,25.99,0.0,,1,0.0,1,0.0
10006100,ChelseaxT MulticolsheerDress,Chelsea X Theodore,Dress,S,28.99,0.0,,1,0.0,1,0.0
10008333,ChettaB GreenBttnBeltDress,Chetta B,Dress,14,39.99,0.0,,1,0.0,1,0.0
10005933,Chico's Black Sequin SL Tank,Chico's,Top,2,28.99,0.0,,1,0.0,1,0.0
10008722,Chico's Black Skirt S,,Skirt,,34.99,8.5,75.7,1,0.0,1,8.5
10007793,Chico's Burgundy LS Top,Chico's,Top,XL,23.99,0.0,,1,0.0,1,0.0
10008516,Chico's Pink Tank Top 3,,Top,,15.99,10.95,31.5,1,0.0,1,10.95
10004360,Chico's Tan&Gold Blazer,Chico's,Jacket/Coat,0,49.99,0.0,,1,0.0,1,0.0
10005269,Chico's White Cardigan,Chico's,Sweater/Cardigan,3,25.99,0.0,,1,0.0,1,0.0
10007770,Chico's White Jeans,Chico's,Jeans/Pants,6,29.99,0.0,,1,0.0,1,0.0
10003588,Chico's AniPrintPant,Chico's,Jeans/Pants,,25.99,0.0,,1,0.0,1,0.0
10004262,Chicos Blue Faux Suede Jacket,Chicoxs,Jacket/Coat,4,39.99,0.0,,1,0.0,1,0.0
10007321,Chicos Gold Puffer Vest,,Jacket/Coat,2,32.99,0.0,,1,0.0,1,0.0
10004137,Chicos Grn Jacket,Chicos,Jacket/Coat,M,35.99,0.0,,1,0.0,1,0.0
10003795,Chicos Jeans,So Slimming by Chicos,Jeans/Pants,2,30.99,0.0,,1,0.0,1,0.0
10006312,Chicos Orange Cheetah LS,Chico's,Top,8,24.99,0.0,,1,0.0,1,0.0
10004050,Chicos So Slimming Pant,Chicoxs,Jeans/Pants,,24.99,0.0,,1,0.0,1,0.0
10009802,Chicos White Pants,Chico's,Jeans/Pants,4,25.99,0.0,,1,0.0,1,0.0
10006824,Chicos White Orng Sweater,Chicos,Sweater/Cardigan,0,25.99,0.0,,1,0.0,1,0.0
10005446,Chicos Bttn Dwn Blue,Chicos,Other,2,24.99,0.0,,1,0.0,1,0.0
10005151,Chicos Jeweled Shawl Nvy&Slvr,Chicos,Other,S,22.99,0.0,,1,0.0,1,0.0
10007388,Chicos BlackSheerPatternCardigan,Chicos,Sweater/Cardigan,XL,32.99,0.0,,1,0.0,1,0.0
10007691,Chicos EmbroidPants,Chico's,Jeans/Pants,44,29.99,0.0,,1,0.0,1,0.0
10006805,Chicos MulticolFloralSweater,Chicos,Sweater/Cardigan,0,19.99,0.0,,1,0.0,1,0.0
10004719,chicos swt drk blu,Chicos,Other,2,22.99,0.0,,1,0.0,1,0.0
10004717,chicos swtr blu,Chicos,Sweater/Cardigan,3,22.99,0.0,,1,0.0,1,0.0
10005806,chicos swtr neutral one size,Chicos,Sweater/Cardigan,,28.99,0.0,,1,0.0,1,0.0
10002693,ChicosJacket,Chicoxs,Jacket/Coat,,32.99,0.0,,1,0.0,1,0.0
10002146,ChicoxsCoat,Chicoxs,Jacket/Coat,,37.99,0.0,,1,0.0,1,0.0
10002767,ChicoxsJacket,Chicoxs,Jacket/Coat,,29.99,0.0,,1,0.0,1,0.0
10007046,Chinese Laundry Pink Heels,Chinese Laundry,Top,6.5,22.99,0.0,,1,0.0,1,0.0
10003542,Chloe Pants Black,Chloe,Jeans/Pants,L,69.99,45.0,35.7,1,0.0,1,45.0
10003438,Chloe Suede Brown Marcie,Chloe,Other,,1350.0,0.0,,1,0.0,1,0.0
10000201,ChloePants_St,Chloe,Jeans/Pants,,1.0,10.0,-900.0,0,0.0,2,0.0
10000774,ChloePants_St,Chloe,Jeans/Pants,,1.0,0.0,,0,0.0,0,0.0
10000863,ChloePants_St,Chloe,Jeans/Pants,,1.0,0.0,,0,0.0,0,0.0
10001926,ChloePants_St,Chloe,Jeans/Pants,,1.0,0.0,,0,0.0,0,0.0
10002580,ChloePants_St,Chloe,Jeans/Pants,,24.99,0.0,,1,0.0,0,0.0
10002999,ChloePants_St,Chloe,Jeans/Pants,,28.99,0.0,,1,0.0,0,0.0
10004463,Chocolate BlkPants,Chocolate USA,Jeans/Pants,S,25.99,0.0,,1,0.0,1,0.0
10007370,ChristianS GoldTassleFlats,Christian Siriano,Top,9,12.99,0.0,,1,0.0,1,0.0
10003545,Christopher & Banks Jacket Blue & White,Christopher & Banks,Jacket/Coat,,29.99,0.0,,1,0.0,1,0.0
10008205,Christopher Banks Purple Skorts 10,,Other,,31.99,6.0,81.2,1,0.0,1,6.0
10002522,Christopher X BanksCoat_D,Christopher X Banks,Jacket/Coat,,35.99,0.0,,1,0.0,1,0.0
10007367,Christopher&B RedBttnSwtr,Christopher & Banks,Sweater/Cardigan,S,24.99,0.0,,1,0.0,1,0.0
10007081,Chuhuan Brown Ballet Flats,Chuhuan,Shoes,9,15.99,0.0,,1,0.0,1,0.0
10007315,CIO Yellow Purse,Cio,Accessories,,45.99,0.0,,1,0.0,1,0.0
10008539,Circle G Beige Emb Cowgirl Boots,Circle G,Shoes,8,89.99,0.0,,1,0.0,1,0.0
10004410,CircleBuckleBrwnBelt,Unknown,Accessories,,10.99,0.0,,1,0.0,1,0.0
10003205,Circuit G Pink Boots,Circle G,Shoes,,45.99,0.0,,1,0.0,1,0.0
10001792,Citizens of Humanity,Citizens of Humanity,Other,,1.0,0.0,,0,0.0,1,0.0
10001795,Citizens of Humanity,Citizens of Humanity,Other,,1.0,0.0,,0,0.0,0,0.0
10002194,Citizens of Humanity,Citizens of Humanity,Other,,28.99,0.0,,1,0.0,0,0.0
10005233,City Triangles Blue Dress,City Triangles,Dress,L,32.99,8.0,75.8,1,0.0,1,0.0
10006109,CityTriangles FloralDress,City Triangles,Dress,L,28.99,0.0,,1,0.0,1,0.0
10008558,Claire BrwnStripeBlouse,Claire,Top,11,24.99,8.0,68.0,1,0.0,1,8.0
10003457,Clara J. Long Sleeve Top Black & Green,Clara J,Top,XL,29.99,0.0,,1,0.0,1,0.0
10003357,Clarks Beige Shoes,Clarks,Shoes,,21.99,9.99,54.6,1,0.0,1,9.99
10008654,Classic Peach Dress XL,,Dress,,14.99,3.75,75.0,1,0.0,1,3.75
10007867,Classiques Black Pattern SL Dress,Classiques,Dress,6,24.99,0.0,,1,0.0,1,0.0
10003639,Classiques Blk&TanCardigan,Classiques,Sweater/Cardigan,S,24.99,0.0,,1,0.0,1,0.0
10007495,Claude Brown Brown Capri's,,Other,8,22.99,0.0,,1,0.0,1,0.0
10004387,ClaudiePierlot SpottedBrwnPant,Claudie Pierlot,Jeans/Pants,36,35.99,0.0,,1,0.0,1,0.0
10007496,Closed Brown Cargo Pants,,Jeans/Pants,S,29.99,0.0,,1,0.0,1,0.0
10000908,Cloth X StoneLS Top_On,Cloth X Stone,Top,,1.0,0.0,,0,0.0,1,0.0
10002882,Cloth X StoneLS Top_On,Cloth X Stone,Top,,34.99,0.0,,1,0.0,0,0.0
10008233,Club Monaco LS Top Pink XS,,Top,,25.99,6.5,75.0,1,0.0,1,6.5
10006026,ClubM PeachLongsleeve,Club Monaco,Other,M,28.99,0.0,,1,0.0,1,0.0
10004112,Coach Blk Jackson Heel,Coach,Shoes,9,59.99,0.0,,1,0.0,1,0.0
10004529,Coach Dark Tan Leather Purse Duo Pocket,Coach,Accessories,,425.0,0.0,,1,0.0,1,0.0
10003433,Coach Flower Shopper Bag,Coach,Accessories,,550.0,0.0,,1,0.0,1,0.0
10008780,Coach Fuchsia Mauve Purse,Coach,Accessories,,165.0,0.0,,1,0.0,1,0.0
10003429,Coach Hampton Satchel Barbie Pink,Coach,Other,,45.99,0.0,,1,0.0,1,0.0
10005580,Coach Hamptons Straw Floral Bag,Coach,Accessories,,185.0,0.0,,1,0.0,1,0.0
10008737,Coach Lavender Turnlock Bag,,Accessories,,145.0,110.0,24.1,1,0.0,1,110.0
10004520,Coach Leatherware Bag,Coach,Accessories,,275.0,0.0,,1,0.0,1,0.0
10007095,Coach Legacy Bag Tan,Coach,Accessories,,450.0,0.0,,1,0.0,1,0.0
10008738,Coach Legacy Tan Leather Hobo Bag,,Accessories,,145.0,120.0,17.2,1,0.0,1,120.0
10006598,Coach Luna Pink Bag,Coach,Accessories,,200.0,0.0,,1,0.0,1,0.0
10003435,Coach Madison Bronze Pebbled Satchel Shoulder Bag,Coach,Accessories,,150.0,0.0,,1,0.0,1,0.0
10007597,Coach Pink EUC Wallet Clutch,,Accessories,,149.99,0.0,,1,0.0,1,0.0
10007499,Coach Pink Leather Shoulder Purse,,Accessories,,215.0,170.0,20.9,1,0.0,1,170.0
10008777,Coach Pink Sequin Bag,Coach,Accessories,,150.0,37.5,75.0,1,0.0,1,37.5
10008474,Coach Purple Leather Soho NS Tote,,Accessories,,125.0,90.0,28.0,1,0.0,1,90.0
10008779,Coach Tan Brown Leather Purse,Coach,Accessories,,150.0,0.0,,1,0.0,1,0.0
10008534,Coach Vintage Soho Pink Stud Bag,,Accessories,,550.0,250.0,54.5,1,0.0,1,250.0
10008778,Coach Yellow Tan Handbag,Coach,Accessories,,175.0,43.75,75.0,1,0.0,1,43.75
10008580,Coach lightPinkPurse,Coach,Accessories,,324.99,3.99,98.8,1,0.0,1,3.99
10006436,Coach PinkFlowerBag,Coach,Accessories,,125.0,0.0,,1,0.0,1,0.0
10003040,CoachPurse_Co,Coach,Accessories,,399.0,0.0,,1,0.0,1,0.0
10005544,Coast Strapless White Gold Satin Dress,Coast,Dress,12,32.99,0.0,,1,0.0,1,0.0
10001105,Coca Cola Red Tee,Coca Cola,Top,,21.99,0.0,,1,0.0,1,0.0
10002162,Coca Cola Red Tee,Coca Cola,Top,,29.99,0.0,,0,0.0,0,0.0
10007776,coco & jaimeson Orange Dress,Coco & Jaimeson,Dress,S,21.99,0.0,,1,0.0,1,0.0
10003182,Coco Bianco Top,Coco Bianco,Top,,39.99,0.0,,1,0.0,1,0.0
10008199,Cocomo Orange Pink SL Top,Cocomo,Top,1,27.99,6.0,78.6,1,0.0,1,6.0
10004812,Cocomo Teal Brown SL Shirt,Cocomo,Top,M,15.99,0.0,,1,0.0,1,0.0
10008472,CodexMode Paisley Dress M,,Dress,,29.99,8.0,73.3,1,0.0,1,8.0
10008280,Coin 1804 Brown Sleeveless Coverall,,Top,,22.0,5.5,75.0,1,0.0,1,5.5
10004416,ColdShoulder Blk,Banana Republic,Other,L,25.99,0.0,,1,0.0,1,0.0
10007684,Coldwater C Beige Tank,Coldwater Creek,Top,L,8.99,0.0,,1,0.0,1,0.0
10007683,Coldwater C Black Tank w Lace Trim,Coldwater Creek,Top,L,12.99,0.0,,1,0.0,1,0.0
10006483,Coldwater Creek Coral Blazer,Coldwater Creek,Jacket/Coat,L,21.99,0.0,,1,0.0,1,0.0
10003412,Coldwater Creek Jacket Copper,Coldwater Creek,Jacket/Coat,6,27.99,0.0,,1,0.0,1,0.0
10006466,Coldwater Creek Orange & White Blouse,Coldwater Creek,Top,XL,29.99,0.0,,1,0.0,1,0.0
10005816,coldwater creek bouse floral p12,Coldwater Creek,Other,,28.99,0.0,,1,0.0,1,0.0
10003614,coldwater creek pant beige,Coldwater Creek,Jeans/Pants,14,26.99,0.0,,1,0.0,1,0.0
10005758,ColdwaterC BlkPant,Coldwater Creek,Jeans/Pants,XL,32.99,0.0,,1,0.0,1,0.0
10006142,ColdwaterC PinkTankTop,Coldwater Creek,Top,XL,13.99,0.0,,1,0.0,1,0.0
10004709,coldwatercreek swtr creme 1X,Coldwater Creek,Sweater/Cardigan,,27.99,0.0,,1,0.0,1,0.0
10005803,coldwatercreek swtr gry,Coldwater Creek,Sweater/Cardigan,S,32.99,0.0,,1,0.0,1,0.0
10003635,ColdWCr BrwnPant,Coldwater Creek,Jeans/Pants,18,28.99,0.0,,1,0.0,1,0.0
10004937,ColdWCreek MulticolCardigan,Coldwater Creek,Sweater/Cardigan,L,22.99,0.0,,1,0.0,1,0.0
10007699,ColdwCreek PurpLaceTank,Coldwater Creek,Top,XL,12.99,0.0,,1,0.0,1,0.0
10004110,ColeHaan Tan AnkleBoot,Cole Haan,Shoes,8,39.99,0.0,,1,0.0,1,0.0
10004912,ColeHaan BlackFlat,Cole Haan,Shoes,7.5,29.99,0.0,,1,0.0,1,0.0
10005355,collectif tank rd plad 3xl,Collectif,Top,,24.99,0.0,,1,0.0,1,0.0
10008219,Collection Royale Boho Shoulder Bag,,Accessories,,36.99,8.99,75.7,1,0.0,1,8.99
10005132,Collective Concepts Sheer LS White Flw,Collective Concepts,Top,S,18.99,0.0,,1,0.0,1,0.0
10005598,Colleen L Burgundy Fuzzy Tank,Colleen Lopez,Top,S,19.99,0.0,,1,0.0,1,0.0
10007644,Colleen Lopez Black Knit Poncho,Colleen Lopez,Sweater/Cardigan,XS,0.0,0.0,,1,0.0,1,0.0
10007804,colorful skirt,Melly M,Skirt,2,23.99,0.0,,1,0.0,1,0.0
10008281,Colour Works Bronze LS Blouse XL,,Top,,25.0,6.25,75.0,1,0.0,1,6.25
10006716,Colsie White Cherry Tank,Colsie,Top,XL,22.99,0.0,,1,0.0,1,0.0
10006550,Columbia Beige SL Collared,Columbia,Other,L,27.99,0.0,,1,0.0,1,0.0
10004266,Columbia Black Jacket,Columbia,Jacket/Coat,L,39.99,0.0,,1,0.0,1,0.0
10004138,Columbia Grn&Bwn Fleece,Columbia,Other,S,19.99,0.0,,1,0.0,1,0.0
10003852,Columbia Pale Pink Hoodie,Columbia,Other,L,27.99,0.0,,1,0.0,1,0.0
10004171,Columbia Pink Jacket,Columbia,Jacket/Coat,M,41.99,0.0,,1,0.0,1,0.0
10004143,Columbia Pnk&Prp Fleece,Columbia,Other,L,17.99,0.0,,1,0.0,1,0.0
10004599,Columbia Red Pattern Dress,Columbia,Dress,L,19.99,0.0,,1,0.0,1,0.0
10007401,Columbia GrnCapri,Columbia,Other,14,18.99,0.0,,1,0.0,1,0.0
10003737,columbia sweatshirt prp,Columbia,Top,M,26.99,0.0,,1,0.0,1,0.0
10002201,ColumbiaVest,Columbia,Top,,22.99,0.0,,1,0.0,1,0.0
10003751,Commando Black Faux Leather Leggings,Commando,Jeans/Pants,M,35.99,0.0,,1,0.0,1,0.0
10000076,CommenceSweater_BK,Commence,Sweater/Cardigan,,22.99,0.0,,1,0.0,1,0.0
10006298,Connected Apparel Purple Dress,Connected Apparel,Dress,10,24.99,0.0,,1,0.0,1,0.0
10002934,Connected ApparelDress_Ry,Connected Apparel,Dress,,25.99,0.0,,1,0.0,1,0.0
10008669,Converse AS Black Zip-Up Jacket,,Jacket/Coat,,20.99,5.25,75.0,1,0.0,1,5.25
10007054,Converse Pink Chuck Taylor,Converse,Other,7,75.99,0.0,,1,0.0,1,0.0
10007317,Cool It Cowboy Hat,Unknown,Accessories,,12.99,0.0,,1,0.0,1,0.0
10004217,Copper Multi-Layer Necklace,Unknown,Accessories,,18.99,0.0,,1,0.0,1,0.0
10008344,CopperLey WhiteDress,Copper Key,Dress,S,17.99,0.0,,1,0.0,1,0.0
10006226,coral cropped blouse small,Chloe'S Closet,Top,,24.99,0.0,,1,0.0,1,0.0
10004421,CorsetDress Blk,Urban Outfitters,Dress,S,32.99,0.0,,1,0.0,1,0.0
10000617,CortefielLS Top_Ma,Cortefiel,Top,,21.99,0.0,,1,0.0,1,0.0
10001069,CortefielLS Top_Ma,Cortefiel,Top,,22.99,0.0,,0,0.0,0,0.0
10001285,CortefielLS Top_Ma,Cortefiel,Top,,1.0,0.0,,0,0.0,0,0.0
10001350,CortefielLS Top_Ma,Cortefiel,Top,,1.0,0.0,,0,0.0,0,0.0
10001423,CortefielLS Top_Ma,Cortefiel,Top,,1.0,0.0,,0,0.0,0,0.0
10001432,CortefielLS Top_Ma,Cortefiel,Top,,1.0,0.0,,0,0.0,0,0.0
10001505,CortefielLS Top_Ma,Cortefiel,Top,,1.0,0.0,,0,0.0,0,0.0
10001580,CortefielLS Top_Ma,Cortefiel,Top,,1.0,0.0,,0,0.0,0,0.0
10001968,CortefielLS Top_Ma,Cortefiel,Top,,1.0,0.0,,0,0.0,0,0.0
10007873,Cos Offwhite Sheer Dress,Cos,Dress,M,22.99,0.0,,1,0.0,1,0.0
10004206,Cotton Candy Black Faux Fur Coat,Cotton Candy LA,Jacket/Coat,S,59.99,0.0,,1,0.0,1,0.0
10007173,Cotton Candy LA Black Dress,Cotton Candy LA,Dress,S,27.99,0.0,,1,0.0,1,0.0
10006787,CottonEmp PinkCardigan,Cotton Emporium,Sweater/Cardigan,S,32.99,0.0,,1,0.0,1,0.0
10002885,Courtenay VintageJacket,Courtenay Vintage,Jacket/Coat,,35.99,0.0,,1,0.0,1,0.0
10002987,Courtenay VintageJacket,Courtenay Vintage,Jacket/Coat,,39.99,0.0,,0,0.0,0,0.0
10006124,CourtenayS GrnBttnDwnVest,Courtenay Stretch,Top,L,18.99,0.0,,1,0.0,1,0.0
10008279,Coverall Black Grey OSFM,,Other,,20.0,5.0,75.0,1,0.0,1,5.0
10004462,Covington TanfloralBlazer,Covington,Jacket/Coat,22,34.99,0.0,,1,0.0,1,0.0
10005146,CPOProvisions Flannel Grn&Peach,CPO Provisions,Other,S,25.99,0.0,,1,0.0,1,0.0
10003757,CR Army Green Zip Up Vest,Cynthia Rowley,Top,M,32.99,0.0,,1,0.0,1,0.0
10003759,CR Black Skirt,Charlotte Russe,Skirt,L,14.99,0.0,,1,0.0,1,0.0
10008135,crea multicolored skirt,Crea,Skirt,36,29.99,14.0,53.3,1,0.0,1,14.0
10003702,Cream Bubble Dress,Cooper X Eila,Dress,S,35.99,0.0,,1,0.0,1,0.0
10004440,Cream Camo Pant,Democracy,Jeans/Pants,16,29.99,0.0,,1,0.0,1,0.0
10003917,Cream Lace Top,Unknown,Top,L,15.99,0.0,,1,0.0,1,0.0
10008403,Creative Apparel UT Tie-Dyed T L,,Other,,19.99,5.0,75.0,1,0.0,1,5.0
10006191,creme denim skirt,Stefanel,Skirt,40,59.99,0.0,,1,0.0,1,0.0
10002671,CristinaJacket_J,Cristina,Jacket/Coat,,35.99,0.0,,0,0.0,0,0.0
10003967,Crm&Gld Hard Knit Dress,Joeoy,Dress,L,28.99,0.0,,1,0.0,1,0.0
10004722,Croft & Barrow Pink Plaid LS,Croft X Barrow,Top,XL,24.99,0.0,,1,0.0,1,0.0
10008512,Croft & Barrow Pink SS Top M,,Top,,19.99,12.2,39.0,1,0.0,1,12.2
10003660,croft & barrow jacket blk,Croft X Barrow,Jacket/Coat,L,50.0,0.0,,1,0.0,1,0.0
10006419,CroftxBarrow Blk&RedSkirt,Croft X Barrow,Skirt,6,24.99,0.0,,1,0.0,1,0.0
10006173,cropped brown sweater,Persaman,Sweater/Cardigan,M,44.99,0.0,,1,0.0,1,0.0
10007966,Crown & Ivy Pink SS Top M,,Top,,17.0,4.25,75.0,1,0.0,1,4.25
10006521,Crown & Ivy Red Plaid LS Top,Crown X Ivy,Top,L,23.99,0.0,,1,0.0,1,0.0
10004489,Crown&Ivy OrangePuffVest,Crown X Ivy,Top,XS,24.99,0.0,,1,0.0,1,0.0
10005761,CrystalSky BlkJumpSuit,Crystal Sky,Romper/Jumpsuit,S,24.99,0.0,,1,0.0,1,0.0
10000379,Culture Vintage NWTSkirt_Ma,Culture Vintage NWT,Skirt,,1.0,0.0,,0,0.0,1,0.0
10001207,Culture Vintage NWTSkirt_Ma,Culture Vintage NWT,Skirt,,1.0,0.0,,0,0.0,0,0.0
10001475,Culture Vintage NWTSkirt_Ma,Culture Vintage NWT,Skirt,,1.0,0.0,,0,0.0,0,0.0
10001715,Culture Vintage NWTSkirt_Ma,Culture Vintage NWT,Skirt,,1.0,0.0,,0,0.0,0,0.0
10001816,Culture Vintage NWTSkirt_Ma,Culture Vintage NWT,Skirt,,1.0,0.0,,0,0.0,0,0.0
10002173,Culture Vintage NWTSkirt_Ma,Culture Vintage NWT,Skirt,,15.99,0.0,,0,0.0,0,0.0
10003008,Culture Vintage NWTSkirt_Ma,Culture Vintage NWT,Skirt,,25.99,0.0,,1,0.0,0,0.0
10006140,CultureVint WhiZipSkirt,Culture Vintage NWT,Skirt,2,35.99,0.0,,1,0.0,1,0.0
10000061,CupcakeSweater_W5,Cupcake,Sweater/Cardigan,,25.99,0.0,,1,0.0,1,0.0
10005065,Cupio Texture Tunic Pink,Cupio,Other,M,34.99,0.0,,1,0.0,1,0.0
10007206,Cupshe Orange Skirt,Cupshe,Skirt,XL,16.99,0.0,,1,0.0,1,0.0
10006159,Cupshe PinkSKirt,Cupshe,Skirt,S,26.99,0.0,,1,0.0,1,0.0
10004263,Current Air Cord Jacket Blue,Current Air,Jacket/Coat,L,39.99,0.0,,1,0.0,1,0.0
10004346,Cutter&Buck Crl Collar Tank,Cutter X Buck,Top,S,19.99,0.0,,1,0.0,1,0.0
10003901,CutterXBuck Grn Jacket,Cutter X Buck,Jacket/Coat,XS,35.99,0.0,,1,0.0,1,0.0
10007362,Cynthia R SL Peach Dress,Cynthia Rowley,Dress,S,22.99,0.0,,1,0.0,1,0.0
10007163,Cynthia Steffe Skirt Red,,Skirt,2,24.99,0.0,,1,0.0,1,0.0
10003638,CynthiaR BluePatternPant,Cynthia Rowley,Jeans/Pants,8,24.99,0.0,,1,0.0,1,0.0
10004750,Cyrus Beige Cardigan,Cyrus,Sweater/Cardigan,M,18.99,0.0,,1,0.0,1,0.0
10003763,Cyrus Dark Blue Knit Sweater,Cyrus,Sweater/Cardigan,XL,18.99,0.0,,1,0.0,1,0.0
10006154,Cyrus BrntOraneCover,Cyrus,Other,M,26.99,0.0,,1,0.0,1,0.0
10005121,D Couture Blue Sheer Puff Sleeve,D Couture,Other,M,26.99,0.0,,1,0.0,1,0.0
10003786,D Jeans Brown Pants,D Jeans,Jeans/Pants,8,22.99,0.0,,1,0.0,1,0.0
10004676,D X Co cami animal prnt,D X Co,Top,S,24.99,0.0,,1,0.0,1,0.0
10004047,D.Jeans Bl&Wht Printed Pant,D.Jeans,Jeans/Pants,22,24.99,0.0,,1,0.0,1,0.0
10006912,DakotaDan PinkCamoHat,Dakota Dan,Accessories,,19.99,0.0,,1,0.0,1,0.0
10004201,Dalia Collection Plum Coat,Dalia,Jacket/Coat,8,45.99,0.0,,1,0.0,1,0.0
10001777,DaliaPants_Gr,Dalia,Jeans/Pants,,22.99,0.0,,1,0.0,1,0.0
10003775,Dana B Black Sleeveless,Dana Buchman,Top,M,21.99,0.0,,1,0.0,1,0.0
10004063,Dana Buchman Blk TrnchCoat,Dana Buchman,Jacket/Coat,S,28.99,0.0,,1,0.0,1,0.0
10003765,Dana Buchman Red and Black Sleeveless,Dana Buchman,Top,S,20.99,0.0,,1,0.0,1,0.0
10006023,DanaB BlkLeafsheertop,Dana Buchman,Other,M,25.99,0.0,,1,0.0,1,0.0
10004363,DanaB Grn&BlkBlouse,Dana Buchman,Top,S,15.99,0.0,,1,0.0,1,0.0
10006938,DanaBuchman MulticolTop,Dana Buchman,Other,L,22.99,0.0,,1,0.0,1,0.0
10004904,dandy skrt pnk,Randim,Skirt,6,25.99,0.0,,1,0.0,1,0.0
10005659,Daniel Rainn Blush Pink Top,Danielrainn,Top,L,19.99,0.0,,1,0.0,1,0.0
10005006,DanielRainn Orange SL White FL,Danielrainn,Other,S,21.99,0.0,,1,0.0,1,0.0
10004347,Danskin Prp Athleisure,Danskin,Other,L,17.99,0.0,,1,0.0,1,0.0
10004669,Danskin Pinkzipup,Danskin,Other,L,18.99,0.0,,1,0.0,1,0.0
10004398,Dansko BlackClog,Dansko,Other,41,32.99,0.0,,1,0.0,1,0.0
10007805,dark blue long sleeve blouse,Coldwater Creek,Top,L,25.99,0.0,,1,0.0,1,0.0
10007931,Dark Blue Suede Slip In Boots,Unknown,Shoes,7,33.99,0.0,,1,0.0,1,0.0
10006467,Dark Gray TN Vols Tshirt,Unknown,Top,L,14.99,0.0,,1,0.0,1,0.0
10008372,Darling floral jean jacket,Darling,Jeans/Pants,M,32.99,10.99,66.7,1,0.0,1,10.99
10003696,Dash Blk Jeggings,Dash,Other,M,24.99,0.0,,1,0.0,1,0.0
10003041,Dave & JohnnyDress_Dy,Dave & Johnny,Dress,,50.0,0.0,,1,0.0,1,0.0
10007523,David Bowie Black T-Shirt,,Top,XL,29.99,0.0,,1,0.0,1,0.0
10000881,David BowieTee Shirt_To,David Bowie,Top,,25.99,0.0,,1,0.0,1,0.0
10008664,DavidLove Green Lace Coverall,,Other,,11.99,4.0,66.6,1,0.0,1,4.0
10004999,Dazy Blue Sheer LS,Dazy,Top,L,19.99,0.0,,1,0.0,1,0.0
10006402,Dazy CrmCroppedPolo,Dazy,Other,L,9.99,0.0,,1,0.0,1,0.0
10003488,DB Jacket Black,Db,Jacket/Coat,S,33.99,0.0,,1,0.0,1,0.0
10006012,DCCJunior WhimulticolBttnDwn,DCC Junior,Other,L,32.99,0.0,,1,0.0,1,0.0
10007837,Decorative Necklace,,Accessories,,9.99,3.3,67.0,1,0.0,1,3.3
10006746,Deep Red Fuzzy Hat,Unknown,Accessories,,32.99,0.0,,1,0.0,1,0.0
10005513,Deep Self NWT Green Dress,Deep Self,Dress,XL,49.99,0.0,,1,0.0,1,0.0
10004333,Deletta Lace Green Top,Deletta,Top,,39.99,0.0,,1,0.0,1,0.0
10007010,Delia's Red Floral Strapless Romper,Deliaxs,Romper/Jumpsuit,M,20.99,0.0,,1,0.0,1,0.0
10001758,Democracy,Democracy,Other,,29.99,0.0,,1,0.0,1,0.0
10008268,Democracy Ab Tech Pink Pants 16,,Jeans/Pants,,37.99,10.0,73.7,1,0.0,1,10.0
10005536,Democracy Blue Squared LS Top,Democracy,Top,M,19.99,0.0,,1,0.0,1,0.0
10000874,Democracy Camo Jeans,Democracy,Jeans/Pants,,31.99,0.0,,1,0.0,1,0.0
10009799,Democracy Denim Blue Jeans,Democracy,Jeans/Pants,20,27.99,0.0,,1,0.0,1,0.0
10003777,Democracy Grayish Zipper Pants,Democracy,Jeans/Pants,2,33.99,0.0,,1,0.0,1,0.0
10003072,Democracy Jeans,Unknown,Jeans/Pants,,17.99,0.0,,1,0.0,1,0.0
10005683,Democracy Pants Black,,Jeans/Pants,12,29.99,0.0,,1,0.0,1,0.0
10004947,Democracy GreenPant,Democracy,Jeans/Pants,8,34.99,0.0,,1,0.0,1,0.0
10004455,Democracy TanCardigan,Democracy,Sweater/Cardigan,S,24.99,0.0,,1,0.0,1,0.0
10000915,DemocracyPants,Democracy,Jeans/Pants,,1.0,0.0,,0,0.0,0,0.0
10001461,DemocracyPants,Democracy,Jeans/Pants,,1.0,0.0,,0,0.0,0,0.0
10001543,DemocracyPants,Democracy,Jeans/Pants,,1.0,0.0,,0,0.0,0,0.0
10002448,DemocracyPants,Democracy,Jeans/Pants,,1.0,0.0,,0,0.0,0,0.0
10002550,DemocracyPants,Democracy,Jeans/Pants,,1.0,0.0,,0,0.0,0,0.0
10002724,DemocracyPants,Democracy,Jeans/Pants,,45.99,0.0,,0,0.0,0,0.0
10004841,Denim & C Black Button Down Vest SL,Denim & Co,Jeans/Pants,XXL,32.99,0.0,,1,0.0,1,0.0
10004077,Dennis Basso Black Trenchcoat,Dennis Basso,Jacket/Coat,L,39.99,0.0,,1,0.0,1,0.0
10003848,Dennis Wht Fur Vest,Dennis Basso,Top,XL,49.99,0.0,,1,0.0,1,0.0
10003925,Dentelle White Slip,Dentelle,Other,M,29.99,0.0,,1,0.0,1,0.0
10005895,Derek Heart Brown Light Sweater,Derek Heart,Sweater/Cardigan,M,26.99,0.0,,1,0.0,1,0.0
10000063,Derek HeartSweater_Za,Derek Heart,Sweater/Cardigan,,17.99,0.0,,0,0.0,1,0.0
10000136,Derek HeartSweater_Za,Derek Heart,Sweater/Cardigan,,1.0,0.0,,0,0.0,0,0.0
10000630,Derek HeartSweater_Za,Derek Heart,Sweater/Cardigan,,1.0,0.0,,0,0.0,0,0.0
10000846,Derek HeartSweater_Za,Derek Heart,Sweater/Cardigan,,1.0,0.0,,0,0.0,0,0.0
10001282,Derek HeartSweater_Za,Derek Heart,Sweater/Cardigan,,1.0,0.0,,0,0.0,0,0.0
10001344,Derek HeartSweater_Za,Derek Heart,Sweater/Cardigan,,1.0,0.0,,0,0.0,0,0.0
10001535,Derek HeartSweater_Za,Derek Heart,Sweater/Cardigan,,1.0,0.0,,0,0.0,0,0.0
10001599,Derek HeartSweater_Za,Derek Heart,Sweater/Cardigan,,1.0,0.0,,0,0.0,0,0.0
10001822,Derek HeartSweater_Za,Derek Heart,Sweater/Cardigan,,1.0,0.0,,0,0.0,0,0.0
10002033,Derek HeartSweater_Za,Derek Heart,Sweater/Cardigan,,1.0,0.0,,0,0.0,0,0.0
10002368,Derek HeartSweater_Za,Derek Heart,Sweater/Cardigan,,24.99,0.0,,0,0.0,0,0.0
10002560,Derek HeartSweater_Za,Derek Heart,Sweater/Cardigan,,1.0,0.0,,0,0.0,0,0.0
10002869,Derek HeartSweater_Za,Derek Heart,Sweater/Cardigan,,40.0,0.0,,0,0.0,0,0.0
10002924,Derek HeartSweater_Za,Derek Heart,Sweater/Cardigan,,1.0,0.0,,0,0.0,0,0.0
10003012,Derek HeartSweater_Za,Derek Heart,Sweater/Cardigan,,18.99,0.0,,1,0.0,0,0.0
10004002,Design HIstory Cashmere Sweater,Design History,Sweater/Cardigan,,32.99,0.0,,1,0.0,1,0.0
10006406,Designal MulticolCrossDress,Designal,Dress,42,38.99,0.0,,1,0.0,1,0.0
10006326,Desigual Black Beaded Dress,Desigual,Dress,46,32.99,0.0,,1,0.0,1,0.0
10005944,Desigual Black Embroidered Skirt,Desigual,Skirt,46,45.99,0.0,,1,0.0,1,0.0
10006438,desigual black jacket,Desigual,Jacket/Coat,44,175.0,0.0,,1,0.0,1,0.0
10005911,Desigual Black Long Beaded Dress,Desigual,Dress,42,79.99,0.0,,1,0.0,1,0.0
10006631,desigual black moonstone margot mini purse,Desigual NWT,Accessories,,199.99,0.0,,1,0.0,1,0.0
10005916,Desigual Black Sheer Colorful Skirt,Desigual,Skirt,L,55.99,0.0,,1,0.0,1,0.0
10006439,desigual black tanktop,Desigual,Top,XL,32.99,0.0,,1,0.0,1,0.0
10006769,Desigual Blue Black Coat,Desigual,Jacket/Coat,S,95.99,0.0,,1,0.0,1,0.0
10006297,Desigual Brown Pattern Dress,Desigual,Dress,XXL,32.99,0.0,,1,0.0,1,0.0
10006551,Desigual Burgundy & Beige Coat,Desigual,Jacket/Coat,36,200.0,0.0,,1,0.0,1,0.0
10007943,Desigual Colorful Patchwork Black Jacket,Desigual NWT,Jacket/Coat,,209.99,0.0,,1,0.0,1,0.0
10007903,Desigual Colorful Skirt,,Skirt,S,39.99,0.0,,1,0.0,1,0.0
10005912,Desigual Colorful SL Dress,Desigual,Dress,36,28.99,0.0,,1,0.0,1,0.0
10006281,Desigual Gray Floral Dress,Desigual,Dress,8,69.99,0.0,,1,0.0,1,0.0
10006594,Desigual Jean Jacket Knit Sleeves,Desigual,Jeans/Pants,38,65.99,0.0,,1,0.0,1,0.0
10007901,Desigual Multi-Color Dress M,,Dress,,42.99,0.0,,1,0.0,1,0.0
10007947,Desigual Multi-Color Dress,,Dress,M,79.99,0.0,,1,0.0,1,0.0
10006441,desigual pink leather jacket,Desigual,Jacket/Coat,42,95.99,0.0,,0,0.0,0,0.0
10005948,Desigual Pink Sweater NWT,Desigual,Sweater/Cardigan,L,64.99,0.0,,1,0.0,1,0.0
10007904,Desigual Red Black Skirt,Desigual,Skirt,XL,54.99,0.0,,1,0.0,1,0.0
10004593,Desigual Red Dress,Desigual,Dress,L,35.99,0.0,,1,0.0,1,0.0
10007939,Desigual Red Dress,,Dress,S,43.99,0.0,,1,0.0,1,0.0
10007902,Desigual Skirt,,Skirt,M,33.99,0.0,,1,0.0,1,0.0
10006300,Desigual White Pink Blue Dress,Desigual,Dress,40,34.99,0.0,,1,0.0,1,0.0
10006413,Desigual BlueFloralDress,Desigual,Dress,L,28.99,0.0,,1,0.0,1,0.0
10006052,Desigual ombrePnkDress,Desigual,Dress,40,35.99,0.0,,1,0.0,1,0.0
10007596,DesigualNWT MulticolJacket US4,Desigual NWT,Jacket/Coat,38,250.0,0.0,,1,0.0,1,0.0
10008734,DFA NYC White Purp Skorts 8,,Other,,21.99,6.5,70.4,1,0.0,1,6.5
10007244,DG2 Diane Gilman Grey Pants,,Jeans/Pants,6,22.99,0.0,,1,0.0,1,0.0
10007693,DG2 GreenGemPant,Dg2,Jeans/Pants,16,33.99,0.0,,1,0.0,1,0.0
10004172,Diane Vonfurstenberg Lace Skirt Black,Diane Vonfurstenberg,Skirt,4,45.99,0.0,,1,0.0,1,0.0
10005616,Dickies Pink Yellow Plaid SS Buttondown,Dickies,Top,L,21.99,0.0,,1,0.0,1,0.0
10001606,DieselJeans_Al,Diesel,Jeans/Pants,,1.0,0.0,,0,0.0,0,0.0
10001811,DieselJeans_Al,Diesel,Jeans/Pants,,1.0,0.0,,0,0.0,0,0.0
10002156,DieselJeans_Al,Diesel,Jeans/Pants,,15.99,0.0,,0,0.0,0,0.0
10000333,DieselSkirt_un,Diesel,Skirt,,1.0,0.0,,0,0.0,1,0.0
10000316,DieselSkirt_un,Diesel,Skirt,,1.0,0.0,,0,0.0,0,0.0
10000364,DieselSkirt_un,Diesel,Skirt,,1.0,0.0,,0,0.0,0,0.0
10000385,DieselSkirt_un,Diesel,Skirt,,1.0,0.0,,0,0.0,0,0.0
10000997,DieselSkirt_un,Diesel,Skirt,,1.0,0.0,,0,0.0,0,0.0
10001406,DieselSkirt_un,Diesel,Skirt,,1.0,0.0,,0,0.0,0,0.0
10001695,DieselSkirt_un,Diesel,Skirt,,1.0,0.0,,0,0.0,0,0.0
10002008,DieselSkirt_un,Diesel,Skirt,,31.99,0.0,,1,0.0,0,0.0
10002041,DieselSkirt_un,Diesel,Skirt,,1.0,0.0,,0,0.0,0,0.0
10002394,DieselSkirt_un,Diesel,Skirt,,25.99,0.0,,0,0.0,0,0.0
10002805,DieselSkirt_un,Diesel,Skirt,,22.99,0.0,,0,0.0,0,0.0
10008527,Dirty Laundry Y2K Pink Clogs 7.5,,Other,,39.99,16.7,58.2,1,0.0,1,16.7
10005543,Disney Gray Minnie Mouse Tshirt,Disney,Top,S,24.99,0.0,,1,0.0,1,0.0
10003409,Disney Minnie Mouse Tank Top Black,Disney,Top,S,24.99,0.0,,1,0.0,1,0.0
10005509,Disney Princess Black Tshirt,Disney,Top,S,31.99,0.0,,1,0.0,1,0.0
10006978,Divided Beige Strechy Shorts,Divided,Shorts,S,23.99,0.0,,1,0.0,1,0.0
10002337,Divided Bodysuit,H X M,Top,,16.99,0.0,,1,0.0,1,0.0
10003633,divided pant cream,Divided,Jeans/Pants,16,26.99,0.0,,1,0.0,1,0.0
10004083,Dizzy Black Puffer Vest,Dizzy Lizzie,Jacket/Coat,M,29.99,0.0,,1,0.0,1,0.0
10005240,DJ Jaz Black Dress,DJ Jaz,Dress,8,38.99,0.0,,1,0.0,1,0.0
10005790,DKNY PinkTankTop,Dkny,Top,L,15.99,0.0,,1,0.0,1,0.0
10003035,Doe X RaeDress_Dx,Doe X Rae,Dress,,32.99,0.0,,1,0.0,1,0.0
10004748,Doe&Rae Wht&Blk Blouse,Doe X Rae,Top,S,17.99,0.0,,1,0.0,1,0.0
10007389,Dokotoo BlkWhiStripedetailShirt,Dokotoo,Top,L,26.99,0.0,,1,0.0,1,0.0
10005223,Dolan LS Green Top,Dolan,Top,XS,24.99,0.0,,1,0.0,1,0.0
10008774,Dolce C Black Faux Leather Shorts,Dolce Cabo,Shorts,XL,25.0,6.25,75.0,1,0.0,1,6.25
10007040,Dolce Vita Brown Fringe Peep Toe Boots,Dolce Vita,Shoes,8,29.99,0.0,,1,0.0,1,0.0
10008039,DolceCabo Brown Pants M,,Jeans/Pants,,26.0,6.5,75.0,1,0.0,1,6.5
10003146,Dollywood Tee,Dooney & Burke,Top,,85.0,0.0,,1,0.0,1,0.0
10004588,Dollywood Tshirt,Anvil by Gildan,Top,L,16.99,0.0,,1,0.0,1,0.0
10007899,Donald J Pilner Cork Wedge Shoes 11,,Shoes,,36.99,0.0,,1,0.0,1,0.0
10006860,DoncasterC WhiCardigan,Doncaster Collection,Sweater/Cardigan,XS,29.99,0.0,,1,0.0,1,0.0
10003046,Donna KaranBodysuit,Donna Karan,Top,,24.99,0.0,,1,0.0,1,0.0
10004428,Donna S Black Faux Fur Leather Fringe,Donna Salyers,Accessories,XS,90.0,0.0,,2,0.0,2,0.0
10005581,Dooney & Bourke Pebble Grain Top Zip Satchel,Dooney & Burke,Top,,115.0,0.0,,1,0.0,1,0.0
10003221,Dooney Burke Samba Brwn,Dr Martens,Other,,55.99,0.0,,1,0.0,1,0.0
10008556,DooneyXB PinkWhiPurse,Dooney & Burke,Accessories,,85.99,0.0,,1,0.0,1,0.0
10008111,dordor fur vest,Dor Dor,Top,L,35.99,0.0,,1,0.0,1,0.0
10005245,Dorothy Perkins Gold Shiny LS Top,Dorothy Perkins,Top,14,22.99,0.0,,1,0.0,1,0.0
10005368,Dorothy Perkins Purple Tank Top,Dorothy Perkins,Top,4,22.99,0.0,,1,0.0,1,0.0
10008541,DorsetRex5ThAveBag,Dorset,Set,,65.99,0.0,,1,0.0,1,0.0
10006920,DoXBe WhiteTieSkirt,Do X Be,Skirt,M,30.99,0.0,,1,0.0,1,0.0
10006742,DPC Army Green Hat with Flower,Doreman Pacific Co.,Accessories,,32.99,0.0,,1,0.0,1,0.0
10007519,Drake's LS Blouse Blue,,Top,8,28.99,0.0,,1,0.0,1,0.0
10006540,Draper J NWT Orange Blouse,Draper James NWT,Top,XS,36.99,0.0,,1,0.0,1,0.0
10007745,DraperJames PinkSkirt,Draper James NWT,Skirt,XL,39.99,0.0,,1,0.0,1,0.0
10005507,Dream Out Loud Blue Sheer Floral LS,Dream Out Loud,Top,M,28.99,0.0,,1,0.0,1,0.0
10000073,Dreamers by DebutSweater_Wh,Dreamers by Debut,Sweater/Cardigan,,32.99,0.0,,1,0.0,1,0.0
10000119,Dreamers by DebutSweater_Wh,Dreamers by Debut,Sweater/Cardigan,,1.0,0.0,,0,0.0,0,0.0
10000293,Dreamers by DebutSweater_Wh,Dreamers by Debut,Sweater/Cardigan,,1.0,0.0,,0,0.0,0,0.0
10000634,Dreamers by DebutSweater_Wh,Dreamers by Debut,Sweater/Cardigan,,1.0,0.0,,0,0.0,0,0.0
10001848,Dreamers by DebutSweater_Wh,Dreamers by Debut,Sweater/Cardigan,,1.0,0.0,,0,0.0,0,0.0
10003861,Dressbarn Black Sheer Longsleeve,Dressbarn,Dress,18,20.99,0.0,,1,0.0,1,0.0
10006478,Dressbarn Gray Swirl Design Top,Dressbarn,Dress,L,34.99,0.0,,1,0.0,1,0.0
10006567,Dressbarn NWT Pink Black Sparkle Top,Dressbarn NWT,Dress,XL,32.99,0.0,,1,0.0,1,0.0
10004450,DressBarn BrwnFlowyBlouse,Dressbarn,Dress,L,19.99,0.0,,1,0.0,1,0.0
10004321,Dromedaris BrwnCutoutShoes,Dromedaris,Shoes,10,36.99,0.0,,1,0.0,1,0.0
10007524,Ducati Monster Catz Yellow T Shirt,,Top,,22.99,0.0,,1,0.0,1,0.0
10003982,Dusty Pink Scarf,,Accessories,,20.0,0.0,,1,0.0,1,0.0
10006861,Dylan WhiRuffleBttnDwn,Dylan,Other,M,31.99,0.0,,1,0.0,1,0.0
10003586,Eagel Pink PrplSweater,Eagel LA,Sweater/Cardigan,1,25.99,0.0,,1,0.0,1,0.0
10006935,EarlJean JeanSkirt,Earl Jean,Skirt,M,22.99,0.0,,1,0.0,1,0.0
10006657,EartchBound bandana design tanktop,EarthBound,Top,L,18.99,0.0,,1,0.0,1,0.0
10007062,Earth Blue Slide Ons Heels,Earth,Top,6.5,19.99,0.0,,1,0.0,1,0.0
10005024,Easel Gray Buttondown Cardigan,Easel,Sweater/Cardigan,L,21.99,0.0,,1,0.0,1,0.0
10007999,Easel Green Flare Pants,Easel,Jeans/Pants,S,24.99,0.0,,1,0.0,1,0.0
10007858,Easel Pink Floral Dress S,,Dress,,28.99,0.0,,1,0.0,1,0.0
10008671,East 5th Pink Top,,Top,XL,17.99,4.5,75.0,1,0.0,1,4.5
10002218,Ecko UnitedTank Top_Za,Ecko United,Top,,15.99,0.0,,1,0.0,1,0.0
10002229,Ecko UnitedTank Top_Za,Ecko United,Top,,1.0,0.0,,0,0.0,0,0.0
10002259,Ecko UnitedTank Top_Za,Ecko United,Top,,1.0,0.0,,0,0.0,0,0.0
10002976,Ecko UnitedTank Top_Za,Ecko United,Top,,25.99,0.0,,0,0.0,0,0.0
10008213,Eclipse Black Leather Skirt S,,Skirt,M,37.99,8.0,78.9,1,0.0,1,8.0
10007578,Eddie B Green Shorts,Eddie Bauer,Shorts,4,24.99,0.0,,1,0.0,1,0.0
10004071,Eddie Bauer Blk Trench,Eddie Bauer,Jacket/Coat,S,35.99,0.0,,1,0.0,1,0.0
10003283,Eddie Bauer Cardigan,Eddie Bauer,Sweater/Cardigan,,24.99,0.0,,1,0.0,1,0.0
10007785,Eddie Bauer Cream Floral SS Dress,Eddie Bauer,Dress,6,29.99,0.0,,1,0.0,1,0.0
10003749,Eddie Bauer Pale Green Pants,Eddie Bauer,Jeans/Pants,4,34.99,0.0,,1,0.0,1,0.0
10006642,Eddie Bauer White Blue Striped Top,Eddie Bauer,Top,XL,22.99,0.0,,1,0.0,1,0.0
10004679,eddie bauer cardigan beige,Eddie Bauer,Sweater/Cardigan,S,24.99,0.0,,1,0.0,1,0.0
10004458,Eddieb PurpleButtonDwn,Eddie Bauer,Other,L,17.99,0.0,,1,0.0,1,0.0
10006063,eddiebauer swtshrt prp,Eddie Bauer,Shorts,M,21.99,0.0,,1,0.0,1,0.0
10005336,EdHardy PinkDetailShoe,Ed Hardy,Top,10,35.99,0.0,,1,0.0,1,0.0
10007253,Edikted Pink Skirt,,Skirt,M,18.99,0.0,,1,0.0,1,0.0
10008545,Edikted PinkMiniskirt,Edikted,Skirt,S,22.99,0.0,,1,0.0,1,0.0
10005306,Eight Sixty Blue & White Pattern Tank,Eight Sixty,Top,M,15.99,0.0,,1,0.0,1,0.0
10008331,EileenFisher OrangeSwtrSet,Eileen Fisher,Sweater/Cardigan,M,24.99,0.0,,1,0.0,1,0.0
10004648,Elan Black Dress,Elan,Dress,M,29.99,0.0,,1,0.0,1,0.0
10007353,Elan grey blouse,Elan,Top,S,16.99,0.0,,1,0.0,1,0.0
10000095,ElanSweater_Fr,Elan,Sweater/Cardigan,,24.99,0.0,,1,0.0,1,0.0
10000565,ElanSweater_Fr,Elan,Sweater/Cardigan,,1.0,0.0,,0,0.0,0,0.0
10002491,ElanSweater_Fr,Elan,Sweater/Cardigan,,19.99,0.0,,0,0.0,0,0.0
10002540,ElanSweater_Fr,Elan,Sweater/Cardigan,,1.0,0.0,,0,0.0,0,0.0
10003731,element sweatshirt blk,Element,Top,M,25.99,0.0,,1,0.0,1,0.0
10008151,elevenses grey knit skirt,Elevenses,Skirt,S,32.99,17.0,48.5,1,0.0,1,17.0
10006251,Elgin American Gold Powder 1950s Compact,Elgin American,Other,,24.99,0.0,,1,0.0,1,0.0
10008478,Elie Tahari Pink Jacket,,Jacket/Coat,XS,59.99,22.0,63.3,1,0.0,1,22.0
10006825,Eliie Tahari Red Sleeveless Top,Ellie Tahari,Top,M,24.99,6.25,75.0,1,0.0,1,0.0
10006800,EliTahari RedChainTanktop,Eli Tahari,Top,S,28.99,0.0,,1,0.0,1,0.0
10006387,Elite Colorful Gold Belt,Elite,Accessories,,18.99,0.0,,1,0.0,1,0.0
10003947,Eliza Black Tulle Dress,Eliza J,Dress,14,49.99,0.0,,1,0.0,1,0.0
10005725,Eliza J Blue Green Dress,Eliza J,Dress,10,45.99,0.0,,1,0.0,1,0.0
10004225,Eliza J Multicolor Halter Neck Gold,Eliza J,Top,10,34.99,0.0,,1,0.0,1,0.0
10006549,Ella Moss Green & Purple Tank,Ella Moss,Top,S,34.99,0.0,,1,0.0,1,0.0
10006709,Elle Baby Pink & Black SL Dress,Elle,Dress,16,25.99,0.0,,1,0.0,1,0.0
10008260,Elle Blue Sleeveless Top XL,,Top,,21.99,6.0,72.7,1,0.0,1,6.0
10003523,Elle Cardigan Pink,Elle,Sweater/Cardigan,M,21.99,0.0,,1,0.0,1,0.0
10006013,EllenTracy Pnk&YllwTop,Ellen Tracy,Other,S,25.99,0.0,,1,0.0,1,0.0
10007734,EllenTracy SlvlessTurtleneck,Ellen Tracy,Top,M,31.99,0.0,,1,0.0,1,0.0
10002319,Ellie KaiDress_Te,Ellie Kai,Dress,,39.99,0.0,,1,0.0,1,0.0
10008569,Ellie Tahari Dress Multi Color,Ellie Tahari,Dress,2,42.99,8.0,81.4,1,0.0,1,8.0
10005444,Ellie Tahari Blouse Pnk,Ellie Tahari,Top,M,22.99,0.0,,1,0.0,1,0.0
10000664,ElodieSkirt_De,Elodie,Skirt,,1.0,0.0,,0,0.0,1,0.0
10001997,ElodieSkirt_De,Elodie,Skirt,,39.99,0.0,,1,0.0,0,0.0
10000037,Elora by GFDress_Co,Elora by GF,Dress,,1.0,0.0,,0,0.0,1,0.0
10001097,Elora by GFDress_Co,Elora by GF,Dress,,1.0,0.0,,0,0.0,0,0.0
10001226,Elora by GFDress_Co,Elora by GF,Dress,,1.0,0.0,,0,0.0,0,0.0
10001674,Elora by GFDress_Co,Elora by GF,Dress,,1.0,0.0,,0,0.0,0,0.0
10002135,Elora by GFDress_Co,Elora by GF,Dress,,1.0,0.0,,0,0.0,0,0.0
10002186,Elora by GFDress_Co,Elora by GF,Dress,,25.99,0.0,,0,0.0,0,0.0
10002729,Elora by GFDress_Co,Elora by GF,Dress,,27.99,0.0,,0,0.0,0,0.0
10002849,Elora by GFDress_Co,Elora by GF,Dress,,12.99,0.0,,0,0.0,0,0.0
10002935,Elora by GFDress_Co,Elora by GF,Dress,,45.99,0.0,,1,0.0,0,0.0
10002970,Elora by GFDress_Co,Elora by GF,Dress,,22.99,0.0,,0,0.0,0,0.0
10008357,Embrase GreenBlouse,Embrace Los Angeles,Top,M,21.99,0.0,,1,0.0,1,0.0
10004431,Embroidered Pink ZIp-Up,Ashley,Other,M,21.99,0.0,,1,0.0,1,0.0
10005647,Emerald Pink Floral Sheer Top,Emerald,Top,XXL,21.99,0.0,,1,0.0,1,0.0
10008230,Emily Daniels LS Multi Color XL,,Top,,23.0,5.75,75.0,1,0.0,1,5.75
10006334,Emma & Michele Green Linen Dress,Emma & Michele,Dress,M,22.99,0.0,,1,0.0,1,0.0
10003392,Emma James Tank Top Gold,Emma James,Top,14,21.99,0.0,,1,0.0,1,0.0
10004016,Emma JamesLS Top_Em,Emma James,Top,,16.99,0.0,,1,0.0,1,0.0
10003606,EmmaJames VintageFloralBlouse,Emma James,Top,,23.99,0.0,,1,0.0,1,0.0
10005246,Emory Park White Crop Top,Emory Park,Top,S,18.99,0.0,,1,0.0,1,0.0
10006851,emory park white croped blouse,Emory Park,Top,S,19.99,0.0,,1,0.0,1,0.0
10003479,Emporio Cueros Jacket Beige,Emporio Cueros,Jacket/Coat,XL,59.99,0.0,,1,0.0,1,0.0
10007160,En Saison Dress Brown,,Dress,S,39.99,24.0,40.0,1,0.0,1,24.0
10005754,Endless Rose Shiny Pink Skirt,Endless Rose,Skirt,S,25.99,0.0,,1,0.0,1,0.0
10004644,Enfocus Black Dress,Enfocus Studio,Dress,8,29.99,0.0,,1,0.0,1,0.0
10005145,EnFocus RoseDress Rd&Blk,Enfocus Studio,Dress,4,22.99,0.0,,1,0.0,1,0.0
10008761,Entro Beige Dress,,Dress,M,25.0,6.25,75.0,1,0.0,1,6.25
10003843,Entro Teal Checkered Top,Entro,Top,L,20.99,0.0,,1,0.0,1,0.0
10004865,Entro WhiteBlouse,Entro,Top,L,24.99,0.0,,1,0.0,1,0.0
10008493,Envy Me Sequin Skirt L,,Skirt,,17.99,5.5,69.4,1,0.0,1,5.5
10007066,Enzo Angiolini Tan Loafers,Enzo Angiolini,Shoes,9,25.99,0.0,,1,0.0,1,0.0
10008004,Epoch Hat,Epoch,Accessories,XL,24.99,0.0,,1,0.0,1,0.0
10007960,Eri Ali Black multi-color skirt S,,Skirt,,25.0,6.25,75.0,1,0.0,1,6.25
10007949,Erin London Brown Blazer M,,Jacket/Coat,,28.99,0.0,,1,0.0,1,0.0
10008434,Esley Black Dress M,,Dress,,23.99,6.0,75.0,1,0.0,1,6.0
10008182,Esley Yellow Beige Colorful Skirt,Esley,Skirt,S,19.99,6.0,70.0,1,0.0,1,6.0
10008406,Espirit black coat,Espirit,Jacket/Coat,S,46.99,11.75,75.0,1,0.0,1,11.75
10007331,Espirit Black Jacket,Espirit,Jacket/Coat,S,24.99,0.0,,1,0.0,1,0.0
10007458,Espirit Pale Pink Spagetti Strap Dress,Espirit,Dress,6,37.99,0.0,,1,0.0,1,0.0
10004615,Esprit VINTAGE Brown Leopard,Esprit,Other,6,32.99,0.0,,0,0.0,0,0.0
10003176,Est 1946 Cardigan Sweater,Est 1946,Sweater/Cardigan,,21.99,0.0,,1,0.0,1,0.0
10004671,established 1962 blouse prpl design,Established 1962,Top,XL,24.99,0.0,,1,0.0,1,0.0
10005313,Etam BrwnBttnJacket,Etam,Jacket/Coat,38,35.99,0.0,,1,0.0,1,0.0
10008184,ETC Blue Orange Wool Skirt,Etcetera,Skirt,2,23.99,6.0,75.0,1,0.0,1,6.0
10005112,Etc Pink Orange Design Skirt,Etcetera,Skirt,6,22.99,0.0,,1,0.0,1,0.0
10006656,Etcetera chain design skirt,Etcetera,Skirt,0,14.99,0.0,,1,0.0,1,0.0
10007670,Etcetera Grey Sequin Sweater S,,Sweater/Cardigan,,28.99,7.0,75.9,1,0.0,1,7.0
10006620,Etcetera Leopard Print Skirt,,Skirt,6,27.99,0.0,,1,0.0,1,0.0
10003544,Etcetera Skirt Beige Multi-Color,Etcetera,Skirt,10,36.99,0.0,,1,0.0,1,0.0
10006919,Etcetera WhiTanstitchSkirt,Etcetera,Skirt,4,29.99,0.0,,1,0.0,1,0.0
10007728,Ethereal Fuzzy Vest w Drape,Ethereal,Top,S,24.99,0.0,,1,0.0,1,0.0
10008214,European Black Leather Boots 6,,Shoes,,39.99,12.99,67.5,1,0.0,1,12.99
10004738,Evan Picone Blk Jckt,Evan Picone,Other,6,34.99,0.0,,1,0.0,1,0.0
10007702,EvanPicone BlackDress,Evan-Picone,Dress,4,31.99,0.0,,1,0.0,1,0.0
10004264,Evereve Pink Cream Tan Patternd Sweater,Evereve,Sweater/Cardigan,S,32.99,0.0,,1,0.0,1,0.0
10007784,Evereve Red LS Top,Evereve,Top,XS,14.99,0.0,,1,0.0,1,0.0
10001095,Evereve Top,Evereve,Top,,22.99,0.0,,1,0.0,1,0.0
10006678,Everly Pink Green SL Dress,Everly,Dress,S,31.99,0.0,,1,0.0,1,0.0
10003567,Everly Tank Top Leopard Print,Everly,Top,S,19.99,0.0,,1,0.0,1,0.0
10008454,Express Black Dress,,Dress,XS,24.99,7.5,70.0,1,0.0,1,7.5
10004222,Express Black Jumpsuit,Express,Romper/Jumpsuit,0,25.99,0.0,,1,0.0,1,0.0
10006284,Express Black Lace Crop Top,Express,Top,L,19.99,0.0,,1,0.0,1,0.0
10007501,Express Black Light Cardigan XS,,Sweater/Cardigan,,21.99,0.0,,1,0.0,1,0.0
10008496,Express Black Sequin Skirt XS,,Skirt,,19.99,8.3,58.5,1,0.0,1,8.3
10006992,Express Black Sheer SS Top,Express,Top,S,16.99,0.0,,1,0.0,1,0.0
10006247,Express Black SL Romper,Express,Romper/Jumpsuit,8,39.99,0.0,,1,0.0,1,0.0
10005936,Express Black Tank Polka Dot,Express,Top,S,28.99,0.0,,1,0.0,1,0.0
10004777,Express Black White Pattern Pants,Express Design Studio,Jeans/Pants,8,22.99,0.0,,1,0.0,1,0.0
10006602,Express Blue & White Polka Dot SL Top,Express,Top,L,22.99,0.0,,1,0.0,1,0.0
10005867,Express Blush Pink Black Striped Tank,Express,Top,S,18.99,0.0,,1,0.0,1,0.0
10003975,Express Mrn Floral Sheer Leotard,Express,Top,XS,30.99,0.0,,1,0.0,1,0.0
10004749,Express Orange Pants,Express,Jeans/Pants,16,27.99,0.0,,1,0.0,1,0.0
10007924,Express Pale Pink Chiffon Skirt,Express,Skirt,8,28.99,0.0,,1,0.0,1,0.0
10005866,Express Pink Tank Lace Detail,Express,Top,M,15.99,0.0,,1,0.0,1,0.0
10006561,Express Pink White Off Shoulder,Express,Top,M,23.99,0.0,,1,0.0,1,0.0
10004496,Express Pnk MiniSkirt,Express,Skirt,6,17.99,0.0,,1,0.0,1,0.0
10001084,Express Turtleneck Sweater,Express,Sweater/Cardigan,,19.99,0.0,,1,0.0,1,0.0
10008551,Express BlkCutoutBlouse,Express,Top,M,22.99,0.0,,1,0.0,1,0.0
10003630,express blouse prp floral,Express,Top,S,18.99,0.0,,1,0.0,1,0.0
10006915,Express JeanMidiSkirts,Express,Skirt,4,26.99,0.0,,1,0.0,1,0.0
10007705,Express MulticolStripeJumpsuit,Express,Romper/Jumpsuit,XS,22.99,0.0,,1,0.0,1,0.0
10004301,Express PinkFloralTunic,Express,Top,M,32.99,0.0,,1,0.0,1,0.0
10005780,Express PnkFloralTop,Express,Top,M,18.99,0.0,,1,0.0,1,0.0
10003742,express skirt blk,Express,Skirt,6,18.99,0.0,,1,0.0,1,0.0
10006121,Express TieCropTop,Express,Top,L,14.99,0.0,,1,0.0,1,0.0
10006866,Express WhiteBlouse,Express,Top,M,25.99,0.0,,1,0.0,1,0.0
10008570,Express WhiteDress,Express,Dress,XS,22.99,8.0,65.2,1,0.0,1,8.0
10004787,Expressions NYC Black Chain Small Purse,Expressions NYC,Top,,18.99,0.0,,1,0.0,1,0.0
10006925,ExpressionsPlus CreamCoverUp,Expressions Plus,Top,27,24.99,0.0,,1,0.0,1,0.0
10002618,ExpressJacket,Express,Jacket/Coat,,19.99,0.0,,1,0.0,1,0.0
10002718,ExpressJacket,Express,Jacket/Coat,,45.99,0.0,,0,0.0,0,0.0
10002770,ExpressJcket,Express,Top,,23.99,0.0,,1,0.0,1,0.0
10005307,Eyeshadow Gray Tank,Eyeshadow,Top,L,12.99,0.0,,1,0.0,1,0.0
10005031,Eyeshadow Floral Shawl Trqse,Eye Shadow,Other,S,25.99,0.0,,1,0.0,1,0.0
10005179,F.Fashion Sequin Tank Prpl&Blk,F. Fashion,Top,S,19.99,0.0,,1,0.0,1,0.0
10007445,Fabindia Black Capri's,,Other,L,16.99,0.0,,1,0.0,1,0.0
10007491,Fabletics Grey Waffle Hoodie,,Other,S,28.99,0.0,,1,0.0,1,0.0
10007746,Fabrik GrnBacklessDress,Fabrik,Dress,L,23.99,0.0,,1,0.0,1,0.0
10004851,Fabulous Furs Donna Salyers M Brown Faux Fur,Donna Salyers,Other,,135.0,0.0,,1,0.0,1,0.0
10007533,Faded Glory Denim Jacket,,Jeans/Pants,M,17.99,0.0,,1,0.0,1,0.0
10008384,faith and joy tea blouse,Faith And Joy,Top,L,22.99,10.99,52.2,1,0.0,1,10.99
10005877,Faith of Zoe Teal Sweater,Faith of Zoe,Sweater/Cardigan,L,24.99,0.0,,1,0.0,1,0.0
10007235,Faith Passion Blue Floral Dress,,Dress,8,26.99,0.0,,1,0.0,1,0.0
10005730,Falls Creek Gray Jean Skirt,Falls Creek,Skirt,6,18.99,0.0,,1,0.0,1,0.0
10006241,fancy belt,,Accessories,,12.99,0.0,,0,0.0,0,0.0
10007968,Fang Blue White Camisole M,,Top,,15.0,3.75,75.0,1,0.0,1,3.75
10008165,Fang SL Beige Black Top,Fang,Top,M,14.99,6.0,60.0,1,0.0,1,6.0
10000775,fatesweater_le,Fate,Sweater/Cardigan,,1.0,0.0,,0,0.0,0,0.0
10001895,fatesweater_le,Fate,Sweater/Cardigan,,1.0,0.0,,0,0.0,0,0.0
10002014,fatesweater_le,Fate,Sweater/Cardigan,,32.99,0.0,,0,0.0,0,0.0
10008684,FC Jeanswear Denim Jacket M,,Jeans/Pants,,24.99,8.0,68.0,1,0.0,1,8.0
10004626,Fei Pink & White Dress,Fei,Dress,4,15.99,0.0,,1,0.0,1,0.0
10007314,Fendi BrwnSunglasses,Fendi,Top,,150.99,0.0,,1,0.0,1,0.0
10004521,Fendissime Saddlebag,Fendissime,Top,,32.99,0.0,,1,0.0,1,0.0
10008797,Fever London Floral Print,,Other,8,32.99,8.25,75.0,1,0.0,1,8.25
10004713,fever swtr gry,Fever,Sweater/Cardigan,XL,24.99,0.0,,1,0.0,1,0.0
10005231,Fiestar Silver Dress,Fiestar,Dress,M,32.99,0.0,,1,0.0,1,0.0
10005726,Fig & Flower Orange Top,Fig X Flower,Top,L,27.99,0.0,,1,0.0,1,0.0
10004328,Fig&Flowr PinkMulticolBlouse,Fig X Flower,Top,XL,34.99,0.0,,1,0.0,1,0.0
10006134,FigxFlower YllwBttnDwnBlouse,Fig X Flower,Top,M,21.99,0.0,,1,0.0,1,0.0
10008564,FinalTouch RedBlouse,Final Touch,Top,M,25.99,13.0,50.0,1,0.0,1,13.0
10006163,FinalTouch RedLongslveDress,Final Touch,Dress,S,24.99,0.0,,1,0.0,1,0.0
10006793,Fiorlini BlkGreyCollarTop,Fiorlini,Other,M,16.99,0.0,,1,0.0,1,0.0
10005394,fiorlini bls red,Fiorlini,Top,M,25.99,0.0,,1,0.0,1,0.0
10008248,Fire LA Blue Purple Skirt M,,Skirt,,21.99,6.0,72.7,1,0.0,1,6.0
10007099,Fitz and the Tantrums Black Baseball Hat,Fitz and the Tantrums,Accessories,,12.99,0.0,,1,0.0,1,0.0
10008768,Fizz Orange White Check Skirt S,,Skirt,,25.0,6.25,75.0,2,0.0,2,12.5
10004025,FlirtatiousPants_Fli,Flirtatious,Jeans/Pants,,22.99,0.0,,1,0.0,1,0.0
10004550,Floral Clam Bag,Unknown,Accessories,,12.99,0.0,,1,0.0,1,0.0
10004484,Floral Coat Wht&Blk,Talbots,Jacket/Coat,XXL,33.99,0.0,,1,0.0,1,0.0
10005432,Floral Midi Skirt Brwn&Pnk,Unknown,Skirt,L,25.99,0.0,,1,0.0,1,0.0
10006195,floral pink tanktop medium,Hippie Rose,Top,,18.99,0.0,,1,0.0,1,0.0
10005434,Floral Shawl Blk&Wht,Unknown,Other,XL,28.99,0.0,,3,0.0,3,0.0
10008212,Floral Sheer Open Cardigan L,,Sweater/Cardigan,,20.99,6.0,71.4,1,0.0,1,6.0
10006190,floral skirt,Loft,Skirt,10,34.99,0.0,,1,0.0,1,0.0
10006363,FloralWrapSkirt,Unknown,Skirt,M,15.99,0.0,,1,0.0,1,0.0
10008611,Flower Charm Bracelet,,Accessories,,10.99,5.0,54.5,1,0.0,1,5.0
10007774,Flutterbye Blue Red Skirt,Flutterbye,Skirt,L,17.99,0.0,,1,0.0,1,0.0
10008217,Flying Tomato Beige Blue Dress 8,,Dress,,25.0,6.25,75.0,1,0.0,1,6.25
10007969,Flying Tomato Multi-Color Dress L,,Dress,,25.0,6.25,75.0,1,0.0,1,6.25
10005630,Flying Tomato White Floral LS,Flying Tomato,Top,L,22.99,0.0,,1,0.0,1,0.0
10007481,For Her Black Skirt,,Skirt,XXL,44.99,0.0,,1,0.0,1,0.0
10007422,ForallMankind LightdenimSkirt,7 For All Mankind,Skirt,26,18.99,0.0,,1,0.0,1,0.0
10007247,Fore sleeveless Tank Top,,Top,M,23.99,0.0,,1,0.0,1,0.0
10007273,Fore Top Multi-Color,,Top,L,23.99,0.0,,1,0.0,1,0.0
10008701,Forever 21 Black Dress S,,Dress,,18.99,6.5,65.8,1,0.0,1,6.5
10006686,Forever 21 Black Seethrough Dress,Forever 21,Dress,M,25.99,0.0,,1,0.0,1,0.0
10004970,Forever 21 Gray Knit Light Longsleeve,Forever 21,Sweater/Cardigan,M,17.99,0.0,,1,0.0,1,0.0
10006687,Forever 21 Jean Skirt,Forever 21,Skirt,L,22.99,0.0,,1,0.0,1,0.0
10006977,Forever 21 Multicolor Romper,Forever 21,Romper/Jumpsuit,S,17.99,0.0,,1,0.0,1,0.0
10004756,Forever 21 Sequin Skirt,Forever 21,Skirt,S,14.99,0.0,,1,0.0,1,0.0
10005433,Forever Sheer Top Grn&Brwn,Forever,Top,M,25.99,0.0,,1,0.0,1,0.0
10007354,Forever21 shear longsleeve blouse,Forever 21,Top,XS,15.99,0.0,,1,0.0,1,0.0
10008687,Fossil Hobo Multicolor Bag,,Top,,150.0,125.0,16.7,1,0.0,1,125.0
10004920,Fossil PinkDotBlouse,Fossil,Top,S,24.99,0.0,,1,0.0,1,0.0
10008742,Foxblood Black Dress 4X,,Dress,,39.0,9.75,75.0,1,0.0,1,9.75
10008743,Foxblood Black Dress XXL,,Dress,,39.0,9.75,75.0,1,0.0,1,9.75
10008751,Foxblood Black LS Blouse L,,Top,,25.0,6.25,75.0,1,0.0,1,6.25
10008752,Foxblood Black LS Blouse XXL,,Top,,25.0,6.25,75.0,1,0.0,1,6.25
10004235,FP Silver Sequin Long Sleeve,Free People,Other,M,35.99,0.0,,1,0.0,1,0.0
10005294,Frame Whi OrangeTankTop,Frame,Top,S,12.99,0.0,,1,0.0,1,0.0
10004642,Francesca Black Lace Dress,Francesca's,Dress,M,29.99,0.0,,1,0.0,1,0.0
10008712,Francesca's Blue Rain Black Dress XS,,Dress,,32.99,8.5,74.2,1,0.0,1,8.5
10008562,Francescas PinkSweater,Francesca's,Sweater/Cardigan,S,24.99,8.0,68.0,1,0.0,1,8.0
10007937,Franco Sarto Shoes,,Shoes,8.5,29.99,18.5,38.3,1,0.0,1,18.5
10007045,Franco Sarto White Loafers,Franco Sarto,Shoes,8.5,24.99,0.0,,1,0.0,1,0.0
10004914,Franco BlackBoot,Franco Sarto,Shoes,9.5,27.99,0.0,,1,0.0,1,0.0
10007689,Frank Eileen White Cotton Pants,Frank & Eileen,Jeans/Pants,8,74.99,0.0,,1,0.0,1,0.0
10007682,Fred David Black & White Dress,Fred David,Dress,2,25.99,0.0,,1,0.0,1,0.0
10008398,Fred David Red Skirt XL,,Skirt,,19.99,5.0,75.0,1,0.0,1,5.0
10006749,Frederick's Pink Corset Black Detail,Frederick's of Hollywood,Set,38,47.99,0.0,,1,0.0,1,0.0
10008040,Free for Love Corsette L,,Set,,15.0,3.75,75.0,1,0.0,1,3.75
10007998,Free People Black Faux Shiny Pants,Free People,Jeans/Pants,10,35.99,0.0,,1,0.0,1,0.0
10008036,Free People Black Top XS,,Top,,19.0,4.75,75.0,1,0.0,1,4.75
10007554,Free People Burgundy Cardigan L,,Sweater/Cardigan,,20.0,5.0,75.0,1,0.0,1,5.0
10005517,Free People Orange Gold SL Dress,Free People,Dress,10,35.99,0.0,,1,0.0,1,0.0
10003506,Free People Overalls Blue Jeans,Free People,Jeans/Pants,4,41.99,0.0,,1,0.0,1,0.0
10003483,Free People Shag Vest Black & White,Free People,Top,S,52.99,0.0,,1,0.0,1,0.0
10006986,Free People Snakeskin Skirt,Free People,Skirt,4,24.99,0.0,,1,0.0,1,0.0
10004150,Free People Top Floral Black & White,Free People,Top,S,24.99,0.0,,1,0.0,1,0.0
10008762,Free People White LS Top M,,Top,,25.0,6.25,75.0,1,0.0,1,6.25
10004879,free people bls ptrn,Free People,Top,L,26.99,0.0,,1,0.0,1,0.0
10004680,free people swter strip grn wht,Free People,Other,S,22.99,0.0,,1,0.0,1,0.0
10003415,Freebird Tank Top Green,Freebird,Top,L,18.99,0.0,,1,0.0,1,0.0
10006058,freebird boot wht leather,Freebird,Shoes,7,199.99,0.0,,1,0.0,1,0.0
10005069,FreePeople Shoulder Top Orng,Free People,Top,S,24.99,0.0,,1,0.0,1,0.0
10006067,freepeople bls blk sp,Free People,Top,,22.99,0.0,,1,0.0,1,0.0
10006117,FreePeople Whi&BlkDress,Free People,Dress,S,28.99,0.0,,1,0.0,1,0.0
10008592,FreePeople WhiSingeTop,Free People,Other,L,25.99,8.0,69.2,1,0.0,1,8.0
10004624,French C Black Dress,French Connection,Dress,4,24.99,0.0,,1,0.0,1,0.0
10007775,French Closet White Shorts,The French Closet,Shorts,M,19.99,0.0,,1,0.0,1,0.0
10006463,French Conn Orange Kisses Dress,French Connection,Dress,8,37.99,0.0,,1,0.0,1,0.0
10003362,French Connection Brown Heals,French Connection,Top,8,39.99,7.99,80.0,1,0.0,1,7.99
10004848,French Toast Black School Skirt,French Toast,Skirt,18,18.99,0.0,,1,0.0,1,0.0
10008375,Frenchi floral skirt,Frenchi,Skirt,XL,24.99,8.99,64.0,1,0.0,1,8.99
10008619,Freshwear Brown Halter Top M,,Top,L,8.99,2.25,75.0,1,0.0,1,2.25
10003320,"FRH Green Heels with White Polka Dots,",Fhr,Top,8,29.99,0.0,,2,0.0,2,0.0
10008735,Fruit of Loom Vols LS T-Shirt XL,,Top,,28.99,6.5,77.6,1,0.0,1,6.5
10004880,fruitoftheloom tshrt org,Fruit Of The Loom,Shorts,XL,13.99,0.0,,1,0.0,1,0.0
10007659,Frye Dahlia Rivet Leather Shoes 7,,Shoes,,64.99,0.0,,1,0.0,1,0.0
10004244,Frye Embroidered Boot 1,Frye,Shoes,5,65.0,0.0,,1,0.0,1,0.0
10006794,Fun2Fun YellowFloralShirt,Fun2Fun,Top,L,17.99,0.0,,1,0.0,1,0.0
10006829,Fun2Fun YellowFlowerShirt,Fun2Fun,Top,L,17.99,0.0,,1,0.0,1,0.0
10008067,Funky BlueDress,Funky,Dress,S,35.99,0.0,,1,0.0,1,0.0
10003198,Fur Vest Jacket,Unknown,Jacket/Coat,,29.99,0.0,,1,0.0,1,0.0
10007553,G by Giuliana Grey Coat,,Jacket/Coat,L,30.0,7.5,75.0,1,0.0,1,7.5
10008125,GabrieleK kettomyheartSet,Gabriele Knecht,Set,S,34.99,0.0,,1,0.0,1,0.0
10008126,GabrieleK KidsGreenBeeSet,Gabriele Knecht,Set,S,34.99,0.0,,1,0.0,1,0.0
10005955,Gaby Burgundy SS w Hood,Gaby,Top,M,26.99,0.0,,1,0.0,1,0.0
10003889,Gaiam Athleisure Pnk,Gaiam,Other,S,19.99,0.0,,1,0.0,1,0.0
10004932,Gantos TanAniPrintTop,Gantos,Other,8,31.99,0.0,,1,0.0,1,0.0
10005623,Gap Black Tee,Gap,Top,M,9.99,0.0,,1,0.0,1,0.0
10006429,GAP camo tshirt,Gap,Top,M,15.99,0.0,,1,0.0,1,0.0
10006282,Gap Dark Blue Stripe Top,Gap,Top,XS,14.99,0.0,,1,0.0,1,0.0
10006460,GAP Light Brown Cardigan,Gap,Sweater/Cardigan,L,25.99,0.0,,1,0.0,1,0.0
10007796,gap pink girlfriend khaki pant,Gap,Jeans/Pants,4,19.99,0.0,,1,0.0,1,0.0
10006819,GAP Red Shorts,Gap,Shorts,12,10.99,0.0,,1,0.0,1,0.0
10003533,GAP Sweater Pink,Gap,Sweater/Cardigan,L,19.99,0.0,,1,0.0,1,0.0
10005040,Gap Embrdrd Blouse Wht&Blk,Gap,Top,XS,20.99,0.0,,1,0.0,1,0.0
10006906,GAP MulticolStripeShort,Gap,Shorts,14,21.99,0.0,,1,0.0,1,0.0
10006022,GAP PnkLongsleeve,Gap,Other,XS,18.99,0.0,,1,0.0,1,0.0
10004294,Gap Raspberry Sweater,Gap,Sweater/Cardigan,L,25.99,0.0,,1,0.0,1,0.0
10006923,GAP WhiteBttnDwnSkirt,Gap,Skirt,16,19.99,0.0,,1,0.0,1,0.0
10002701,GAPJacket_Di,Gap,Jacket/Coat,,28.99,0.0,,1,0.0,1,0.0
10001339,GAPSweater_Su,Gap,Sweater/Cardigan,,17.99,0.0,,1,0.0,1,0.0
10003792,Garage Gray Longsleeve,Garage,Other,XS,22.99,0.0,,1,0.0,1,0.0
10008271,Garnet Hill Black Sweater S,,Sweater/Cardigan,,34.99,8.0,77.1,1,0.0,1,8.0
10005892,Gaslon Orange Cardigan,Gaslon,Sweater/Cardigan,M,34.99,0.0,,1,0.0,1,0.0
10004988,Gaze Baby Pink Tie Front LS,Gaze,Top,L,21.99,0.0,,1,0.0,1,0.0
10006661,GB Hot Pink Floral Wrap Dress,Gb,Dress,M,22.99,0.0,,1,0.0,1,0.0
10006637,Gemstone Hide Belt with Crosses,Wholesay by Atlas,Top,,35.99,0.0,,1,0.0,1,0.0
10007946,Gene Meyer Beige Skirt,,Skirt,6,24.99,0.0,,1,0.0,1,0.0
10004916,GenLeather BrwnLeatherJacket,Genuine Leather,Jacket/Coat,5,25.99,0.0,,1,0.0,1,0.0
10007119,Geoffrey Beene White & Black Floral Skirt,Geoffrey Beene,Skirt,10,24.99,0.0,,1,0.0,1,0.0
10004528,Georciou Studio Black Sequin Clutch,Georciou Studio,Accessories,,18.99,0.0,,1,0.0,1,0.0
10003522,George LS Top Black & White,George,Top,M,17.99,0.0,,1,0.0,1,0.0
10004707,george swtr floral,George,Sweater/Cardigan,XL,29.99,0.0,,1,0.0,1,0.0
10004058,Geox Blk Wedge Heel,Geox,Shoes,7.5,23.99,0.0,,1,0.0,1,0.0
10004820,Gerry Reversible Gray Vest w Hood,Gerry,Top,XL,25.99,0.0,,1,0.0,1,0.0
10004973,Giani Bini Green Puffy Skirt,Giani Bini,Skirt,S,37.99,0.0,,1,0.0,1,0.0
10005429,GianiBini Lace Dress Blk&Crm,Giani Bini,Dress,XS,42.99,0.0,,1,0.0,1,0.0
10002063,Gianni Bini NWT Dress Taupe,Gianni Bini NWT,Dress,12,55.0,0.0,,1,0.0,1,0.0
10004051,GianniBini Jeweled Heel,Gianni Bini,Shoes,7.5,22.99,0.0,,1,0.0,1,0.0
10005209,Gibson Look Sleeveless Floral Top,Gibson,Top,S,22.99,0.0,,1,0.0,1,0.0
10003467,Gibson LS Top Blue,Gibson,Top,S,19.99,0.0,,1,0.0,1,0.0
10004042,GildanTee Shirt_Gil,Gildan,Top,,19.99,0.0,,1,0.0,1,0.0
10005707,Gilla Multicolor Crop Top,Gilla,Top,L,24.99,0.0,,1,0.0,1,0.0
10008419,Gilli Maxi Skirt Blue,,Skirt,L,38.99,9.75,75.0,1,0.0,1,9.75
10004846,Gilli Rose Gold Zebra Silky Tank,Gilli,Top,L,25.99,0.0,,1,0.0,1,0.0
10002396,GilliganOMalley Slip,Gilligan X OxMalley,Other,,15.99,0.0,,1,0.0,1,0.0
10003768,Gina Kahiki Pants,gina Tricot,Jeans/Pants,38,29.99,0.0,,1,0.0,1,0.0
10003437,Giorgio Brato Studded Black Handbag,Girgio Brato,Accessories,,450.0,0.0,,1,0.0,1,0.0
10005689,Giorgio St Angelo Wool Pants,Giorgio Saint Angelo,Jeans/Pants,14,39.99,0.0,,1,0.0,1,0.0
10005102,Glam Hot Pink Crop Top,Glam,Top,M,18.99,0.0,,1,0.0,1,0.0
10008473,Glitter Belt,,Accessories,,11.99,3.99,66.7,1,0.0,1,3.99
10008169,Globus Blue SS Top,Globus,Top,M,26.99,8.0,70.4,1,0.0,1,8.0
10006867,GloriaVand TanLongShorts,Gloria Vanderbalt,Shorts,10,20.99,0.0,,1,0.0,1,0.0
10003267,Gold & Silver Necklace,Unknown,Accessories,,24.99,0.0,,1,0.0,1,0.0
10003972,Gold Sequin Collar Top,Grace Karin,Top,S,22.99,0.0,,1,0.0,1,0.0
10006740,Gold Wire Metal Purse,Unknown,Accessories,,45.99,0.0,,1,0.0,1,0.0
10006119,Golftini NavyWhitrimSkirt,Golftini,Skirt,10,27.99,0.0,,1,0.0,1,0.0
10006319,Good Yarn Wrap Skirt Red,Good Yarn,Skirt,L,25.99,0.0,,1,0.0,1,0.0
10008157,goodclothes Black Floral Skirt,Goodclothes,Skirt,XL,34.99,8.0,77.1,1,0.0,1,8.0
10005480,goodclothes swtr pnk,Goodclothes,Sweater/Cardigan,L,25.99,0.0,,1,0.0,1,0.0
10005590,Gorgeous Blue Lace Top Polka Dot,Gorgeous,Top,S,15.99,0.0,,1,0.0,1,0.0
10005582,Gorgeous Blue Lace Top,Gorgeous,Top,S,15.99,0.0,,1,0.0,1,0.0
10005570,Grace Karin Beige Cardigan,Grace Karin,Sweater/Cardigan,XXL,29.99,0.0,,1,0.0,1,0.0
10005939,Grace Karin Pink Cardigan,Grace Karin,Sweater/Cardigan,L,16.99,0.0,,1,0.0,1,0.0
10006669,grace pink skirt,Grace,Skirt,6,29.99,0.0,,1,0.0,1,0.0
10005551,Gradual Camo Athletic Skirt,Gradual,Skirt,L,22.99,0.0,,1,0.0,1,0.0
10003156,Grateful Dead Tee,Cha Sor,Top,,26.99,0.0,,1,0.0,1,0.0
10004586,Grateful Dead Tie Dye Graphic Tee,Grateful Dead,Top,M,29.99,0.0,,1,0.0,1,0.0
10007727,Gray Jean Vest,Unknown,Jeans/Pants,M,30.99,0.0,,1,0.0,1,0.0
10004531,Gray Jewelstone Necklace Silver,,Top,,15.99,0.0,,1,0.0,1,0.0
10003999,Gray Metal Black Flower Necklace,,Accessories,,18.99,0.0,,1,0.0,1,0.0
10003572,Gray Suede Jacket,Blank NYC,Jacket/Coat,S,99.99,0.0,,1,0.0,1,0.0
10004803,Green & Pink Sports Jacket,Unknown,Jacket/Coat,XL,24.99,0.0,,1,0.0,1,0.0
10004843,Green E Black Tank,Green Envelope,Top,XXL,18.99,0.0,,1,0.0,1,0.0
10005651,Green Envelope Green LS,Green Envelope,Top,L,19.99,0.0,,1,0.0,1,0.0
10008727,Green Envelope LA Blue Top L,,Top,,24.99,6.5,74.0,1,0.0,1,6.5
10003582,Green Jeggings,D.Jeans,Other,8,24.99,0.0,,1,0.0,1,0.0
10004253,Green Knit Sweater,Unknown,Sweater/Cardigan,L,21.99,0.0,,1,0.0,1,0.0
10007932,Green Necklace,Unknown,Accessories,,23.99,0.0,,1,0.0,1,0.0
10007996,Green Peas Necklace,,Accessories,,21.99,10.95,50.2,1,0.0,1,10.95
10008192,Green Pink Embroided Top,Unknown,Top,L,27.99,6.0,78.6,1,0.0,1,6.0
10004990,Green Quarter Zip,Unknown,Other,M,18.99,0.0,,1,0.0,1,0.0
10006375,Green Studded Belt,Unknown,Accessories,,18.99,0.0,,1,0.0,1,0.0
10005539,Green Tank w Feather,Unknown,Top,M,25.99,0.0,,1,0.0,1,0.0
10006696,Green Tea Gray Fuzzy Zip Up,Green Tea,Other,XL,28.99,0.0,,1,0.0,1,0.0
10006837,Green wallflower dress,Wallflower Vintage Collection,Dress,M,18.99,0.0,,1,0.0,1,0.0
10007942,Green Yellow Orange Necklace,Unknown,Accessories,,19.99,0.0,,1,0.0,1,0.0
10008127,GreenStripeCrochetPoncho,Unknown,Other,,34.99,0.0,,1,0.0,1,0.0
10005455,GretchenS Grn&PinkBlouse,Gretchen Scott,Top,L,32.99,0.0,,1,0.0,1,0.0
10008573,GretchenS TanFlowerDress,Gretchen Scott,Dress,XS,39.99,8.0,80.0,1,0.0,1,8.0
10007237,Grey Adora Hat,,Accessories,,28.99,0.0,,1,0.0,1,0.0
10006216,grey and pink blouse,Banana Republic,Top,XS,18.99,0.0,,1,0.0,1,0.0
10004269,Grey Button-Up Sweater,Coldwater Creek,Sweater/Cardigan,XL,25.99,0.0,,1,0.0,1,0.0
10004242,Grey Multi-Color Sweater,Aldomartins,Sweater/Cardigan,,75.99,0.0,,1,0.0,1,0.0
10004129,Grey Skull Tank,Chasor,Top,M,19.99,0.0,,1,0.0,1,0.0
10001072,GreylinDress_Ak,Greylin,Dress,,29.99,0.0,,1,0.0,1,0.0
10006031,GreyLongSleeve,Unknown,Other,M,12.99,0.0,,1,0.0,1,0.0
10004427,GreyMetallicQtrButton,Pilcro,Other,M,28.99,0.0,,1,0.0,1,0.0
10008593,GrnAnimalPrSheerTop,Unknown,Other,S,28.99,8.0,72.4,1,0.0,1,8.0
10005232,Guess Black Dress,Guess,Dress,M,25.99,0.0,,1,0.0,1,0.0
10004054,Guess Blk Buckle Boot,Guess,Top,6.5,25.99,0.0,,1,0.0,1,0.0
10003477,Guess Dress Black,Guess,Dress,12,31.99,0.0,,1,0.0,1,0.0
10007922,Guess Jean Skirt,,Skirt,27,32.99,0.0,,1,0.0,1,0.0
10006634,guess leather belt with metal studs,Guess,Top,,42.99,0.0,,1,0.0,1,0.0
10008568,Guess Magenta Dress,,Dress,XS,32.99,8.0,75.8,1,0.0,1,8.0
10007022,Guess Red High Neck Dress,Guess,Dress,4,38.99,0.0,,1,0.0,1,0.0
10003476,Guess Wool Jacket Black,Guess,Jacket/Coat,L,59.99,0.0,,1,0.0,1,0.0
10004407,Guess Blk&GoldHeels,Guess,Top,9,24.99,0.0,,1,0.0,1,0.0
10008603,Guess SilverDress,Guess Jeans,Dress,7,45.99,8.0,82.6,1,0.0,1,8.0
10005345,guess tank blu,Guess,Top,M,15.99,0.0,,1,0.0,1,0.0
10006073,guess tank pnk sp,Guess,Top,,18.99,0.0,,1,0.0,1,0.0
10005884,H & M Beige Cardigan,H X M,Sweater/Cardigan,L,16.99,0.0,,1,0.0,1,0.0
10006610,H & M Black Jean Skirt,H&M,Skirt,4,18.99,0.0,,1,0.0,1,0.0
10004804,H & M Black Satin SS Tank,Hxm,Top,L,25.99,0.0,,1,0.0,1,0.0
10007647,H & M Dark Green Gold Top,Hxm,Top,XL,18.99,0.0,,1,0.0,1,0.0
10005533,H & M Purple Bugundy Skirt,H X M,Skirt,8,16.99,0.0,,1,0.0,1,0.0
10007577,H & M Red Crochet Shorts,H X M,Shorts,L,9.99,0.0,,1,0.0,1,0.0
10006572,H&M Beige LS Open Back Top,H&M,Top,S,24.99,0.0,,1,0.0,1,0.0
10008616,H&M Black SS Top S,,Top,,25.99,6.5,75.0,1,0.0,1,6.5
10008703,H&M Black White Sleeveless Top S,,Top,,15.99,4.25,73.4,1,0.0,1,4.25
10007194,H&M Dress Black,,Dress,8,24.99,0.0,,1,0.0,1,0.0
10008467,H&M Green & White Top,,Top,8,24.99,8.0,68.0,1,0.0,1,8.0
10006110,H&M CrmCropTop,H&M,Top,S,15.99,0.0,,1,0.0,1,0.0
10003589,H&M PatternPant,H X M,Jeans/Pants,10,25.99,0.0,,1,0.0,1,0.0
10008680,Habitat Green LS Blouse L,,Top,,32.99,8.0,75.8,1,0.0,1,8.0
10007739,HaliBob MulticolBlouse,Hali Bob,Top,M,33.99,0.0,,1,0.0,1,0.0
10003319,Halogen Pink & Black Embroidered Skirt,Halogen,Skirt,,25.99,0.0,,1,0.0,1,0.0
10007169,Halogen Sleeveless Blouse,,Top,M,18.99,0.0,,1,0.0,1,0.0
10004638,Halston NWT Brown Dress,Halston NWT,Dress,M,295.0,0.0,,1,0.0,1,0.0
10008147,halter white floral blouse,Unknown,Top,S,23.99,8.0,66.7,1,0.0,1,8.0
10008070,HamptonCourtKnits GreyPurpTank,Hampton Court Knits,Sweater/Cardigan,M,25.99,0.0,,1,0.0,1,0.0
10002863,Hanes (collector item)Tee Shirt_Za,Hanes (collector item),Top,,21.99,0.0,,0,0.0,0,0.0
10008450,Hanes Tennessee Grey Orange T S,,Top,,21.99,6.4,70.9,1,0.0,1,6.4
10007824,Hanky Panky Pink Lace,,Other,M,33.99,24.0,29.4,1,0.0,1,24.0
10008719,Hannah Brown Beige Cardigan S,,Sweater/Cardigan,,22.99,6.25,72.8,1,0.0,1,6.25
10004591,Harey D Black Tank,Harley Davidson,Top,XXL,26.99,0.0,,1,0.0,1,0.0
10005586,Harley Davidson Black Leather Hat,Harley Davidson,Accessories,,74.99,0.0,,1,0.0,1,0.0
10008639,Harley Davidson Grey T-Shirt XXL,,Top,,24.99,6.25,75.0,1,0.0,1,6.25
10007136,Harley Davidson Tank Top,Harley Davidson,Top,L,25.99,0.0,,1,0.0,1,0.0
10003729,harley davidson shirt beige,Harley Davidson,Top,XL,25.99,0.0,,1,0.0,1,0.0
10004031,Harley DavidsonJacket_HDJ,Harley Davidson,Jacket/Coat,,32.99,0.0,,1,0.0,1,0.0
10004035,Harley DavidsonTee Shirt_Hdae,Harley Davidson,Top,,22.99,0.0,,1,0.0,1,0.0
10004040,Harley DavidsonTee Shirt_Hdba,Harley Davidson,Top,,20.99,0.0,,1,0.0,1,0.0
10003834,HarleyDavidson Cropped Sweatshirt,Harley Davidson,Top,L,37.99,0.0,,1,0.0,1,0.0
10008216,Harold's Beige Skirt,,Skirt,8,24.0,6.0,75.0,1,0.0,1,6.0
10006016,HarperHer YllwBttndwn,Harper Heritage,Other,M,28.99,0.0,,1,0.0,1,0.0
10006509,Harve B NWT Light Pink Buttondown,Harve Benard,Other,XL,24.99,0.0,,1,0.0,1,0.0
10003386,Harve Bernard Sweater Blue,Harve Benard,Sweater/Cardigan,XL,34.99,0.0,,1,0.0,1,0.0
10006518,Haute Hippie Gray Sequin Skirt,Haute Hippie,Skirt,XS,39.99,0.0,,1,0.0,1,0.0
10005203,Have Black & White Striped Romper w Bow,Have,Romper/Jumpsuit,L,22.99,0.0,,1,0.0,1,0.0
10006276,Haven + Blair Mint Green Top LS,Haven + Blair,Top,S,29.99,0.0,,1,0.0,1,0.0
10006782,HavenBlair LemonBlouse,Haven + Blair,Top,M,28.99,0.0,,1,0.0,1,0.0
10007462,Hazel Brown Green SS Dress,Hazel,Dress,M,23.99,0.0,,1,0.0,1,0.0
10006718,Hazel M Pink Cherry Sheer SS,Hazel Moon,Top,L,28.99,0.0,,1,0.0,1,0.0
10008121,HC PurpleCrochetShirt,Hand Crocheted,Top,M,29.99,0.0,,1,0.0,1,0.0
10007428,Heart Ring,,Accessories,,15.99,0.0,,1,0.0,1,0.0
10008802,Heart Soul Multi-Color Dress L,,Dress,,27.99,7.0,75.0,1,0.0,1,7.0
10008166,Heart Soul Red Green SL Top,Heart Soul,Top,L,23.99,8.0,66.7,1,0.0,1,8.0
10005511,Heifer Black Tshirt,Unknown,Top,S,14.99,0.0,,1,0.0,1,0.0
10007451,Helix Black Zip Up Jacket,Helix,Jacket/Coat,S,27.99,0.0,,1,0.0,1,0.0
10004980,Hello Franki Cream Blue Flannel,Hello Franki,Other,L,21.99,0.0,,1,0.0,1,0.0
10003776,Helmut Army Green Pants,Helmut,Jeans/Pants,28,53.99,0.0,,1,0.0,1,0.0
10006650,Helmut Lang NWT red fuzzy skirt,Helmut Lang NWT,Skirt,M,85.99,0.0,,1,0.0,1,0.0
10006762,Hengsheng Jean Jacket,Hengsheng,Jeans/Pants,M,15.99,0.0,,1,0.0,1,0.0
10005352,hers & mine bls blk,Hers & Mine,Top,S,18.99,0.0,,0,0.0,0,0.0
10003814,Hidden Black Button Up Jacket,Hidden,Jacket/Coat,M,36.99,0.0,,1,0.0,1,0.0
10006414,HighSecret BlkMulticolJacket,High Secret,Jacket/Coat,L,95.0,0.0,,1,0.0,1,0.0
10007005,Hilary Radley Green V Neck Sweater,Hilary Radley,Sweater/Cardigan,,25.99,0.0,,1,0.0,1,0.0
10002371,Hint of MintLS Top_P,Hint of Mint,Top,,22.99,0.0,,1,0.0,1,0.0
10007612,Hippie Rose 2-pc top shorts,,Shorts,S,21.99,0.0,,1,0.0,1,0.0
10005409,HoldingHorses BlkReddetailHeel,Holding Horses,Shoes,9,35.99,0.0,,1,0.0,1,0.0
10008300,HOLDINGITEM,Unknown,Other,,5.0,0.0,,25,0.0,25,0.0
10007019,Hollister Jeans Light Dark Blue,Hollister,Jeans/Pants,4,24.99,0.0,,1,0.0,1,0.0
10003518,Hollister Pants Black & White,Hollister,Jeans/Pants,M,21.99,0.0,,1,0.0,1,0.0
10008044,Hollister Red Floral Skirt,Hollister,Skirt,L,17.0,4.25,75.0,1,0.0,1,4.25
10008633,Hollister SS Top Blue,,Top,XS,17.99,4.5,75.0,1,0.0,1,4.5
10007564,Holloway Burgundy Rain Jacket,Holloway,Jacket/Coat,S,27.99,0.0,,1,0.0,1,0.0
10008656,Honey Peach Green Sleeveless Dress S,,Dress,,27.99,7.0,75.0,1,0.0,1,7.0
10007921,Honey Punch Blue Lace Bodysuit,Honey Punch,Top,S,19.99,0.0,,1,0.0,1,0.0
10004007,Honey Punch Cardigan,Honey Punch,Sweater/Cardigan,,28.99,0.0,,1,0.0,1,0.0
10006723,Hot Pink One Shoulder Crop Top,Unknown,Top,XS,17.99,0.0,,1,0.0,1,0.0
10004801,Hot Tees SL Pink Graphic,Hot Tees,Top,L,15.99,0.0,,1,0.0,1,0.0
10006804,HotKiss PinkDrawSTringPant,Hot Kiss,Jeans/Pants,S,18.99,0.0,,1,0.0,1,0.0
10005951,House of Harlow Green & White Crop Top,House of Harlow 1960,Top,S,22.99,0.0,,1,0.0,1,0.0
10003565,House of Harlow Tank Top Beige,House of Harlow,Top,M,24.99,0.0,,1,0.0,1,0.0
10007528,How Very Loved Red Floral Dress L,,Dress,,27.99,0.0,,1,0.0,1,0.0
10004907,HSTrask BlackBoot,H S Trask,Shoes,8,21.99,0.0,,1,0.0,1,0.0
10006822,Hudson Green Shorts,Hudson,Shorts,29,12.99,0.0,,1,0.0,1,0.0
10003602,Hudson BlackPant,Hudson,Jeans/Pants,8,32.99,0.0,,1,0.0,1,0.0
10006349,Hudson BlkShort,Hudson,Shorts,XS,16.99,0.0,,1,0.0,1,0.0
10006415,HummingBird PinkWrapBodySuit,Humming Bird,Top,L,27.99,0.0,,1,0.0,1,0.0
10003887,Hurley Pink Pullover,Hurley,Sweater/Cardigan,M,19.99,0.0,,1,0.0,1,0.0
10008283,Hyfve White Skirt,Hyfve,Skirt,S,22.0,5.5,75.0,1,0.0,1,5.5
10005791,HYFVE LilaccinchTop,Hyfve,Other,S,15.99,0.0,,1,0.0,1,0.0
10007456,I.C.E pink jacket,I.C.E.,Jacket/Coat,4,27.99,0.0,,1,0.0,1,0.0
10006756,I.N Purple Floral Satin Tank,I.N. San Francisco,Top,L,42.99,0.0,,1,0.0,1,0.0
10003868,ICE Purp Pink Longsleeve Dress,Ice,Dress,S,24.99,0.0,,1,0.0,1,0.0
10008015,IISLI Black Tank w Details,Iisli,Top,M,26.0,6.5,75.0,1,0.0,1,6.5
10008161,Iman Red Pants,Iman,Jeans/Pants,L,25.99,8.0,69.2,1,0.0,1,8.0
10005650,Impeccable Pig Red & Black LS Top,The Impeccable Pig,Top,L,24.99,0.0,,1,0.0,1,0.0
10008715,Impressions Leaf Dress S,,Dress,,39.99,8.5,78.7,1,0.0,1,8.5
10002403,In BloomCamisole,In Bloom,Top,,19.99,0.0,,0,0.0,1,0.0
10002410,In BloomCamisole,In Bloom,Top,,24.99,0.0,,1,0.0,0,0.0
10003329,In Cashmere Wool Pearl Black Scarf,In,Accessories,,35.99,0.0,,1,0.0,1,0.0
10007735,Ina BlueSlvlssFlowerTop,Ina,Top,M,27.99,0.0,,1,0.0,1,0.0
10006543,INC Black & Rose SL Top,Inc,Top,L,14.99,0.0,,1,0.0,1,0.0
10005636,INC Black & White Polka Dot Top,Inc,Top,XL,21.99,0.0,,1,0.0,1,0.0
10007441,INC Black Jacket,,Jacket/Coat,L,31.99,0.0,,1,0.0,1,0.0
10003356,INC Bronze Heels,Inc,Top,10,19.99,8.0,60.0,1,0.0,1,8.0
10008030,INC Coat,,Jacket/Coat,M,33.0,8.25,75.0,1,0.0,1,8.25
10004741,INC Leopard Blk&Beige Top,Inc,Top,S,18.99,0.0,,1,0.0,1,0.0
10003399,INC LS Top Black,Inc,Top,L,23.99,0.0,,1,0.0,1,0.0
10004747,INC Navy Floral Top,Inc,Top,S,25.99,0.0,,1,0.0,1,0.0
10004361,INC Orange&Red Floral Blouse,Inc,Top,,28.99,0.0,,1,0.0,1,0.0
10006520,INC Pink Pattern Top,Inc,Top,L,23.99,0.0,,1,0.0,1,0.0
10008203,Inc Purple Camisole M,,Top,,16.99,6.0,64.7,1,0.0,1,6.0
10005648,INC Red Pink Black LS Top,Inc,Top,XL,21.99,0.0,,1,0.0,1,0.0
10005066,INC Floral Slvlss Top Blue,Inc,Top,S,21.99,0.0,,1,0.0,1,0.0
10005082,INC Sequin Top Rose Gold,Inc,Top,S,22.99,0.0,,2,0.0,2,0.0
10006033,INC Blk&lime multicolTop,Inc,Other,6,18.99,0.0,,1,0.0,1,0.0
10006882,INC BlkWhiFlowerTop,Inc,Other,L,24.99,0.0,,1,0.0,1,0.0
10006136,INC BluMulticolBttndwn,Inc,Other,S,22.99,0.0,,1,0.0,1,0.0
10004472,INC BrwnsLongSleeve,Inc,Other,M,23.99,0.0,,1,0.0,1,0.0
10004457,INC MulticolButtonDown,Inc,Other,S,18.99,0.0,,1,0.0,1,0.0
10007747,INC PinkGreyDress,Inc,Dress,XS,31.99,0.0,,1,0.0,1,0.0
10004712,INC swtr grn,Inc,Sweater/Cardigan,XL,21.99,0.0,,1,0.0,1,0.0
10008448,India faux Pearl Necklace,,Accessories,,21.99,12.5,43.2,1,0.0,1,12.5
10007044,Indigo by Clarks Pink Sandals,Clarks,Top,8.5,19.99,0.0,,1,0.0,1,0.0
10005846,Ines de la White LS Buttondown,Ines De La Fressange,Top,XS,42.99,0.0,,1,0.0,1,0.0
10007097,Inge Sport Orange Summer Bag,Inge Sport,Accessories,,24.99,0.0,,1,0.0,1,0.0
10006084,innocence tank blk,Innocence,Top,10,22.99,0.0,,1,0.0,1,0.0
10006093,IntFreeP Pnk&NavyDress,Intimately,Dress,XS,25.99,0.0,,1,0.0,1,0.0
10006995,Intimately by FP Lilac SL Blouse,Free People,Top,M,29.99,0.0,,1,0.0,1,0.0
10005013,Intimately FB Red Swoop Neck LS,Intimately,Top,S,31.99,0.0,,1,0.0,1,0.0
10003918,IntimateMoods Pnk Slip,Intimate Moods,Other,S,19.99,0.0,,1,0.0,1,0.0
10004290,Investments Tan Tweed Pant,Investments,Jeans/Pants,14,32.99,0.0,,1,0.0,1,0.0
10007056,Ipanema Brown Shoes,Ipanema,Shoes,8,12.99,0.0,,1,0.0,1,0.0
10004092,IRE Black Open Back Top,Ire,Top,M,22.99,0.0,,1,0.0,1,0.0
10005751,Iris Black Tank,Iris Los Angeles,Top,S,22.99,0.0,,1,0.0,1,0.0
10007692,Iris PinkTieShirt,Iris,Top,XL,8.99,0.0,,1,0.0,1,0.0
10007205,Isaac Mizrahi Black Skirt,,Skirt,10,24.99,0.0,,1,0.0,1,0.0
10007295,Isabel Blue Jean Overalls,Isabel,Jeans/Pants,6,22.99,0.0,,1,0.0,1,0.0
10004957,Isabella D Black Skirt,Isabella DeMarco,Skirt,8,24.99,0.0,,1,0.0,1,0.0
10008355,IslandPlanet MulticolTubeTop,Island Planet,Top,XS,9.99,0.0,,1,0.0,1,0.0
10004612,Isle Blue Beige Dress,Isle,Dress,S,22.99,0.0,,1,0.0,1,0.0
10004769,It's Our Time Gray Knit Sweater,It's Our Time,Sweater/Cardigan,M,22.99,0.0,,1,0.0,1,0.0
10007090,Ivanka Trump Beige Heels,Ivanka Trump,Top,10,32.99,0.0,,1,0.0,1,0.0
10004694,ivanka trump swtr pnk,Ivanka Trump,Sweater/Cardigan,M,27.99,0.0,,1,0.0,1,0.0
10007297,Ivy Jane Pink Green Floral SS Top,Ivy Jane,Top,S,35.99,0.0,,1,0.0,1,0.0
10005298,IvyRidge Blue&WhiLongSL,Ivy Ridge,Other,L,24.99,0.0,,1,0.0,1,0.0
10004892,izbyer bls flr,Izbyer,Top,S,22.99,0.0,,1,0.0,1,0.0
10007835,Izod Blue Polka Dot Slip,Izod,Other,M,25.99,0.0,,1,0.0,1,0.0
10004965,Izod Pink Tennis Skirt w Buckle,Izod,Skirt,4,25.99,0.0,,1,0.0,1,0.0
10005522,Izod Purple Skirt White Stitching,Izod,Skirt,16,18.99,0.0,,1,0.0,1,0.0
10007979,J Crew Beige Skirt,,Skirt,10,24.0,6.0,75.0,1,0.0,1,6.0
10008170,J Crew Black SL Top,J Crew,Top,XS,26.99,8.0,70.4,1,0.0,1,8.0
10008720,J Crew Blue Dress,,Dress,4,25.99,8.25,68.3,1,0.0,1,8.25
10008714,J Crew Chambray Tank 6,,Top,,25.99,7.5,71.1,1,0.0,1,7.5
10007967,J Crew Green Beige Skirt 10,,Skirt,,24.0,6.0,75.0,1,0.0,1,6.0
10004731,J Crew Honeycomb Gray LS,J Crew,Top,M,22.99,0.0,,1,0.0,1,0.0
10005373,J Crew Navy Lace Top,J Crew,Top,8,23.99,0.0,,1,0.0,1,0.0
10005565,J Crew Off White Sweater,J Crew,Sweater/Cardigan,XS,29.99,0.0,,1,0.0,1,0.0
10007997,J Crew Pale Nude Silk Top,J Crew,Top,8,29.0,7.25,75.0,1,0.0,1,0.0
10004758,J Crew Pale Peach SS Shirt,J Crew,Top,6,22.99,0.0,,1,0.0,1,0.0
10005879,J Crew Pink & White Cardigan,J Crew,Sweater/Cardigan,XL,29.99,0.0,,1,0.0,1,0.0
10007007,J Crew Pink and Blue Striped Skirt,J Crew,Skirt,0,25.99,0.0,,1,0.0,1,0.0
10008033,J Crew Pink Blouse 10,,Top,,29.0,7.25,75.0,1,0.0,1,7.25
10005844,J Crew Pink Knit Tank,JCrew,Sweater/Cardigan,L,24.99,0.0,,1,0.0,1,0.0
10007866,J Crew Pink Satin Skirt,J Crew,Skirt,6,24.99,0.0,,1,0.0,1,0.0
10007818,J Crew Pink Sequin Top S,,Top,,87.99,64.99,26.1,1,0.0,1,64.99
10004116,J Crew Plaid Button Down Blue Pink,J Crew,Other,S,22.99,0.0,,1,0.0,1,0.0
10005115,J Crew Purple LS Striped Top,J Crew,Top,XS,24.99,0.0,,1,0.0,1,0.0
10007177,J Crew Red Dress,,Dress,XXS,54.99,0.0,,1,0.0,1,0.0
10006535,J Crew Teal SL Top,J Crew,Top,2,26.99,0.0,,1,0.0,1,0.0
10008708,J Crew Toothpick Colorful 29,,Other,,32.99,8.5,74.2,1,0.0,1,8.5
10003807,J Crew White Pants,J Crew,Jeans/Pants,29,36.99,0.0,,1,0.0,1,0.0
10007115,J Crew White Skirt,J Crew,Skirt,27,18.99,0.0,,1,0.0,1,0.0
10007820,J Crew White Black Sequin Top S,,Top,,54.99,35.0,36.4,1,0.0,1,35.0
10003664,j crew button down navy strip slim,J Crew,Other,,24.99,0.0,,1,0.0,1,0.0
10002952,J CrewLS Button Down_Sa,J Crew,Top,,29.99,0.0,,1,0.0,1,0.0
10001166,J CrewLS Flannel_De,J Crew,Top,,25.99,0.0,,1,0.0,1,0.0
10002738,J CrewLS Top_89,J Crew,Top,,17.99,0.0,,1,0.0,1,0.0
10000540,J CrewSkirt_vi,J Crew,Skirt,,1.0,0.0,,0,0.0,0,0.0
10002347,J CrewSkirt_vi,J Crew,Skirt,,30.99,0.0,,0,0.0,0,0.0
10002363,J CrewSkirt_vi,J Crew,Skirt,,29.99,0.0,,0,0.0,0,0.0
10002807,J CrewSleeveless Top_Au,J Crew,Top,,18.99,0.0,,1,0.0,1,0.0
10008702,J Gee Black Midi Skirt XL,,Skirt,,24.99,8.0,68.0,1,0.0,1,8.0
10004735,J Jill Floral LS,J Jill,Top,XS,21.99,0.0,,1,0.0,1,0.0
10007645,J Jill Pink Sweater,J Jill,Sweater/Cardigan,L,29.99,0.0,,1,0.0,1,0.0
10002074,J JillCoat,J Jill,Jacket/Coat,,31.99,0.0,,1,0.0,1,0.0
10002930,J JillCoverall_Br,J Jill,Other,,25.99,0.0,,1,0.0,1,0.0
10002745,J JillLS Top_Wa,J Jill,Top,,16.99,0.0,,1,0.0,1,0.0
10006462,J McLaughlin Blue & White Skirt,J McLaughlin,Skirt,6,36.99,0.0,,1,0.0,1,0.0
10003473,J. Crew Cardigan Black & White,J Crew,Sweater/Cardigan,M,32.99,0.0,,1,0.0,1,0.0
10004991,J. Crew Pink Silky LS Pattern Tie Front,J.Crew,Top,S,25.99,0.0,,1,0.0,1,0.0
10006947,J. Crew White LS Blouse,,Top,XXS,22.99,0.0,,1,0.0,1,0.0
10007198,J. Jill Black Floral Dress,,Dress,S,26.99,0.0,,1,0.0,1,0.0
10005017,J. JIll Beige Long Cardigan,J.Jill,Sweater/Cardigan,XS,29.99,0.0,,1,0.0,1,0.0
10007291,J. Jill Peach Dress,,Dress,M,24.99,0.0,,1,0.0,1,0.0
10008042,J. Welly Pink Jeans,J Welly,Jeans/Pants,M,16.0,4.0,75.0,1,0.0,1,4.0
10005143,J.Crew Lace Blouse Blk,J.Crew,Top,S,21.99,0.0,,1,0.0,1,0.0
10005086,J.Crew Texture Tank Cream,J.Crew,Top,S,15.99,0.0,,1,0.0,1,0.0
10003683,J.Crew Blk&Wt Checker,J.Crew,Other,M,24.99,0.0,,1,0.0,1,0.0
10005079,J.CrewNWT Gnghm Shoulder Top Rd&Wht,J.Crew NWT,Top,M,31.99,0.0,,1,0.0,1,0.0
10004969,J.Jill Blue Long Cardigan,J.Jill,Sweater/Cardigan,1,34.99,0.0,,1,0.0,1,0.0
10004272,J.Jill Navy Kit Sweater,J.Jill,Sweater/Cardigan,XS,23.99,0.0,,1,0.0,1,0.0
10008718,JA Black Vols Hoodie M,,Top,,23.99,7.5,68.7,1,0.0,1,7.5
10008709,JA Volunteers LS T-Shirt XL,,Top,,21.99,5.25,76.1,1,0.0,1,5.25
10004745,Jade Bl&Wht Top,Jade,Top,S,26.99,0.0,,1,0.0,1,0.0
10008498,Jade Pink LS Cardigan S,,Sweater/Cardigan,,21.99,8.3,62.3,1,0.0,1,8.3
10004881,JAmerica tshrt org,JAmerica,Shorts,M,13.99,0.0,,1,0.0,1,0.0
10007650,Jane & D Black & Gold Sheer LS,Jane & Delancy,Top,L,27.99,0.0,,1,0.0,1,0.0
10008198,Jane A Pink Skirt,Jane Ashley,Skirt,2,16.99,6.0,64.7,1,0.0,1,6.0
10003188,Jane&Delancy Tie Die SwtShirt,Jane & Delancy,Top,,24.99,0.0,,1,0.0,1,0.0
10004135,JaneDelancy TieDye Pull,Jane & Delancy,Other,L,20.99,0.0,,1,0.0,1,0.0
10008626,Japna Blue White Halter Top S,,Top,,11.99,3.0,75.0,1,0.0,1,3.0
10008371,Japna checkered tanktop,Japna,Top,M,19.99,8.99,55.0,1,0.0,1,8.99
10005784,Japna PnkFloralDetailTop,Japna,Other,L,17.99,0.0,,1,0.0,1,0.0
10004643,Jax Black Dress,Jax,Dress,4,19.99,0.0,,1,0.0,1,0.0
10004292,JBrand Blk Wax Jean,J Brand,Jeans/Pants,3,45.99,0.0,,1,0.0,1,0.0
10007976,JC JO Purple Stretch Pants XL,,Jeans/Pants,,24.0,6.0,75.0,1,0.0,1,6.0
10004508,JCrew OrngxWht Skirt,J Crew,Skirt,0,27.99,0.0,,1,0.0,1,0.0
10008286,JCrew White Long Skirt,JCrew,Skirt,S,18.0,4.5,75.0,1,0.0,1,4.5
10008550,JCrew BlkMultiColTop,JCrew,Other,8,22.99,0.0,,1,0.0,1,0.0
10006037,Jcrew BlueLongsleeve,J Crew,Other,XL,21.99,0.0,,1,0.0,1,0.0
10004382,JCrew GrnButtonSweater,J Crew,Sweater/Cardigan,L,22.99,0.0,,1,0.0,1,0.0
10008571,Jcrew MulticolDress,JCrew,Dress,4,32.99,8.0,75.8,1,0.0,1,8.0
10008588,Jcrew MulticolFloralTop,JCrew,Other,2,12.99,8.0,38.4,1,0.0,1,8.0
10005295,JCrew PinkruffleTankTop,JCrew,Top,XS,12.99,0.0,,1,0.0,1,0.0
10005297,JCrew PinkTankTop,JCrew,Top,M,12.99,0.0,,1,0.0,1,0.0
10006160,JCrew PinkTanktop,JCrew,Top,S,14.99,0.0,,1,0.0,1,0.0
10004471,JCrew Purple&WhButtonDown,J Crew,Other,S,29.99,0.0,,1,0.0,1,0.0
10004325,JCrew PurpMulticolButtnDwn,J Crew,Other,4,22.99,0.0,,1,0.0,1,0.0
10006098,JCrew PurpruffleTank,JCrew,Top,XS,13.99,0.0,,1,0.0,1,0.0
10005347,jcrew vest pnk,JCrew,Top,XXS,28.99,0.0,,1,0.0,1,0.0
10006942,Jcrew WhiBlkStitchShirt,JCrew,Top,XS,19.99,0.0,,1,0.0,1,0.0
10005072,JCrewNWT Scallop Tank Bl&Wht,JCrew,Top,M,22.99,0.0,,1,0.0,1,0.0
10005333,JealTom GrnMulticolTop,Jealous Tomato,Other,S,19.99,0.0,,1,0.0,1,0.0
10004251,Jean Midi-Pencil Skirt,Bisou Bisou,Skirt,,35.99,0.0,,1,0.0,1,0.0
10006682,Jeanne Pierre Orange SL Top,Jeanne Pierre,Jeans/Pants,L,17.99,0.0,,1,0.0,1,0.0
10005426,jeanne pierre swtr wht,Jeanne Pierre,Jeans/Pants,S,28.99,0.0,,1,0.0,1,0.0
10007831,Jennifer L 2 Piece Satin Sleepwear,Jennifer Lopez,Other,XL,24.99,0.0,,1,0.0,1,0.0
10008247,Jenny Jen Blue Lace Camisole S,,Top,,18.99,4.0,78.9,1,0.0,1,4.0
10003697,Jessica H Blk Sweater,Jessica Howard,Sweater/Cardigan,S,16.99,0.0,,1,0.0,1,0.0
10005756,Jessica H Dark Blue Cover Up,Jessica Howard,Top,S,22.99,0.0,,1,0.0,1,0.0
10007602,Jessica Simpson Multi-Color Heels 9,,Top,,17.99,0.0,,1,0.0,1,0.0
10006671,Jessica SImpson purple striped skirt,Jessica Simpson,Skirt,L,23.99,0.0,,1,0.0,1,0.0
10002409,JezebelCamisole,Jezebel,Top,,24.99,0.0,,0,0.0,0,0.0
10002494,JezebelCamisole,Jezebel,Top,,22.99,0.0,,1,0.0,0,0.0
10008068,JF BlueShoe,John Fluevog,Shoes,6.5,44.99,0.0,,1,0.0,1,0.0
10006418,JforJustify FloralChainBttnDwn,J For Justify,Other,M,26.99,0.0,,1,0.0,1,0.0
10004465,JGalt BlueJean,J Galt,Jeans/Pants,M,23.99,0.0,,1,0.0,1,0.0
10007431,JH Collectible LS Shirt,,Top,18,29.99,0.0,,1,0.0,1,0.0
10005613,Jint Black SS Shirt w Buttons,Jint,Top,M,15.99,0.0,,1,0.0,1,0.0
10003384,JJ Basics Vest Brown,JJ Basics,Top,M,25.99,0.0,,1,0.0,1,0.0
10004386,JJBasics PinkSweater,JJ Basics,Sweater/Cardigan,M,18.99,0.0,,1,0.0,1,0.0
10003636,JJill GreyCardigan,J Jill,Sweater/Cardigan,XL,22.99,0.0,,1,0.0,1,0.0
10004654,JJill RedCardigan,J Jill,Sweater/Cardigan,S,21.99,0.0,,1,0.0,1,0.0
10005282,JJill YellowLongSleeve,J Jill,Other,XL,26.99,0.0,,1,0.0,1,0.0
10004583,Jkara BllBeadedTop,Jkara,Other,L,22.99,0.0,,1,0.0,1,0.0
10006034,JKLA BrwnflorallayerTop,JKLA California,Other,M,25.99,0.0,,1,0.0,1,0.0
10004774,JM Collection Black Knit Sweater,JM Collection,Sweater/Cardigan,M,26.99,0.0,,1,0.0,1,0.0
10005909,JM Collection Pink Sheer Top,JM Collection,Top,L,35.99,0.0,,1,0.0,1,0.0
10004329,JM LightBlue$GrnSweater,JM Collection,Sweater/Cardigan,XL,23.99,0.0,,1,0.0,1,0.0
10002875,JO COBodysuit_An,Jo Co,Top,,15.99,0.0,,0,0.0,0,0.0
10005703,Jodi K White Floral Satin Crop Top,Jodi Kristopher,Top,1,18.99,0.0,,1,0.0,1,0.0
10008435,Johnny Was Green Trench Midi L,,Jacket/Coat,,99.99,25.0,75.0,1,0.0,1,25.0
10007961,Johnny Was SS Blouse Purple XL,,Top,,24.0,6.0,75.0,1,0.0,1,6.0
10008327,JohnnyM BlkHalterDress,Johnny Martin,Dress,M,23.99,0.0,,1,0.0,1,0.0
10007084,Johnston & Murphy Gold Flats,Johnston X Murphy,Shoes,6.5,28.99,0.0,,1,0.0,1,0.0
10006032,JohnstonXM OrangeShirt,Johnston X Murphy,Top,M,34.99,0.0,,1,0.0,1,0.0
10005293,Joie BabyPinkBlouse,Joie,Top,S,22.99,0.0,,1,0.0,1,0.0
10006354,Joie PinkFloralTop,Joie,Other,S,24.99,0.0,,1,0.0,1,0.0
10006485,Jolie & Joy Green Crop Top,Jolie & Joy,Top,XL,21.99,0.0,,1,0.0,1,0.0
10008763,Jolt Black Pants,,Jeans/Pants,4,22.0,5.5,75.0,1,0.0,1,5.5
10008093,Jonathan Logan green sweater dress,Jonathan Logan,Dress,7,39.99,0.0,,1,0.0,1,0.0
10007515,Jones New York Grey LS Top S,,Top,,19.99,0.0,,1,0.0,1,0.0
10007013,Jones New York Red Multi Color Hoodie Sweater,Jones New York,Sweater/Cardigan,2,28.99,0.0,,1,0.0,1,0.0
10008679,Jones NY Black Jacket XL,,Jacket/Coat,,21.99,8.0,63.6,1,0.0,1,8.0
10004785,Jones NY Leather Jacket,Jones New York,Jacket/Coat,1,45.99,0.0,,1,0.0,1,0.0
10005649,Jones Studio Purple Red Floral LS,Jones Studio,Top,XL,21.99,0.0,,1,0.0,1,0.0
10003601,Jones BrwnFurrTrimCoat,Jones New York,Jacket/Coat,S,35.99,0.0,,1,0.0,1,0.0
10004604,JonesNY Blk&TanFloralDress,Jones New York,Dress,8,29.99,0.0,,1,0.0,1,0.0
10005775,JonesNY BlkTieTop,Jones New York,Other,M,24.99,0.0,,1,0.0,1,0.0
10006088,JonesNY Grn&PnkBttnDwn,Jones New York,Other,XL,22.99,0.0,,1,0.0,1,0.0
10007390,JonesNYNWT WhiSlipDress,Jones New York NWT,Dress,M,29.99,0.0,,1,0.0,1,0.0
10006780,Jordache Butterfly Jeans As-Is,Jordache,Jeans/Pants,,32.99,0.0,,1,0.0,1,0.0
10006476,Joseph A Pink Blue Sweater,Joseph A.,Sweater/Cardigan,S,17.99,0.0,,1,0.0,1,0.0
10003718,Joseph A. MulticolorSweater,Unknown,Sweater/Cardigan,M,25.99,0.0,,1,0.0,1,0.0
10005875,Joseph Black & White Leopard Cardigan,Joseph A.,Sweater/Cardigan,S,24.99,0.0,,1,0.0,1,0.0
10007991,Joseph R Silver Metallic Jacket,Joseph Ribhoff,Jacket/Coat,10,36.99,0.0,,1,0.0,1,0.0
10005945,Josephine Chaus Pink Cardigan,Josephine Chaus,Sweater/Cardigan,XL,23.99,0.0,,1,0.0,1,0.0
10008489,Jou Jou Bronze LS Top L,,Top,,25.99,8.5,67.3,1,0.0,1,8.5
10004057,JouJou Calico Fur Vest,JouJou,Top,2,27.99,0.0,,1,0.0,1,0.0
10004492,JouJou LimeGrnJacket,JouJou,Jacket/Coat,M,33.99,0.0,,1,0.0,1,0.0
10006039,JPR MulticolCardigan,John Paul Richard,Sweater/Cardigan,XL,25.99,0.0,,1,0.0,1,0.0
10006335,JR Nites NWT Black Tank Sequin,JR Nites,Top,14,25.99,0.0,,1,0.0,1,0.0
10004663,JrTheme Brwn Jewel Dress,Jr. Theme,Dress,L,250.0,0.0,,1,0.0,1,0.0
10007649,JS Collection Blue Floral LS Top,JS Collection,Top,14,49.99,0.0,,1,0.0,1,0.0
10007588,JS Collection Black Dress,,Dress,14,33.99,0.0,,1,0.0,1,0.0
10007716,Judith Hart Green SS Top,Judith Hart,Top,8,22.99,0.0,,1,0.0,1,0.0
10005250,Juicy Couture White Hoodie,Juicy Couture,Other,S,22.99,0.0,,1,0.0,1,0.0
10006400,JuicyC BlkGemBlouse,Juicy Couture,Top,S,32.99,0.0,,1,0.0,1,0.0
10006085,JuicyC MulticolFloralTop,Juicy Couture,Other,L,24.99,0.0,,1,0.0,1,0.0
10004762,Jules & Leo Pink Pants,Jules X Leopold,Jeans/Pants,L,24.99,0.0,,1,0.0,1,0.0
10005681,Jules & Leopold Black and Grey Pants,,Jeans/Pants,,29.99,0.0,,1,0.0,1,0.0
10003288,Jules & Leopold Floral Pants,Jules X Leopold,Jeans/Pants,,18.99,0.0,,1,0.0,1,0.0
10004622,Julian T Blue & Pink Dress,Julian Taylor,Dress,16,35.99,0.0,,1,0.0,1,0.0
10005280,JulianT MulticolTop,Julian Taylor,Other,16,24.99,0.0,,1,0.0,1,0.0
10007816,Juliet Dunn London Blue Dress 2,,Dress,,209.99,177.0,15.7,1,0.0,1,177.0
10005986,Jun & Ivy Blue & White Crop Top,Jun X Ivy,Top,XS,22.99,0.0,,1,0.0,1,0.0
10003514,Just West Pants Blue,Just West,Jeans/Pants,M,25.99,0.0,,1,0.0,1,0.0
10003352,JustFab Blue Boots 1,JustFab,Shoes,8,23.99,0.0,,1,0.0,1,0.0
10007579,Justice Blue Jean Shorts,Justice,Shorts,S,17.99,0.0,,1,0.0,1,0.0
10007304,Justice White Shorts,Justice,Shorts,0,14.99,0.0,,1,0.0,1,0.0
10006905,Justice WhiteShort,Justice,Shorts,14,12.99,0.0,,1,0.0,1,0.0
10000605,Justify Burgundy Jacket,Justify,Jacket/Coat,,25.99,0.0,,1,0.0,1,0.0
10008366,Justin pink and brown leather boot,Justin Boots,Shoes,,125.99,90.45,28.2,1,0.0,1,90.45
10008295,JustinBoots BrownStitchBoots,Justin Boots,Shoes,8.5,70.0,0.0,,1,0.0,1,0.0
10004895,K&K BlueRuffleSkirt,Kendall X Kylie,Skirt,L,15.99,0.0,,1,0.0,1,0.0
10007782,Kaari Blue Burnt Orange Pants,Kaari blue,Jeans/Pants,14,23.99,0.0,,1,0.0,1,0.0
10007819,Kachel Black Dress,,Dress,4,134.99,111.0,17.8,1,0.0,1,111.0
10004086,Kadence White Fur Vest,Kadence,Top,M,45.0,0.0,,1,0.0,1,0.0
10007703,Kaileigh BlkFloralDress,Kaileigh,Dress,S,29.99,0.0,,1,0.0,1,0.0
10005376,Karen Kane Black Lace Top,Karen Kane,Top,S,25.99,0.0,,1,0.0,1,0.0
10008388,Karen Kane Multi-Color Top XL,,Top,,25.99,6.5,75.0,1,0.0,1,6.5
10004710,karen kane swtr floral 1X,Karen Kane,Sweater/Cardigan,,24.99,0.0,,1,0.0,1,0.0
10005987,Karen Scott Jean Skirt,Karen Scott,Skirt,8,27.99,0.0,,1,0.0,1,0.0
10007535,Karen Scott Red Sweatshirt,,Top,S,19.99,0.0,,1,0.0,1,0.0
10002610,Karen ScottSweater_Em,Karen Scott,Sweater/Cardigan,,21.99,0.0,,1,0.0,1,0.0
10004473,KarenK MulticolBlouse,Karen Kane,Top,L,27.99,0.0,,1,0.0,1,0.0
10003647,KarenM GreyButtonDown,Karen Millen,Other,6,15.99,0.0,,1,0.0,1,0.0
10008077,Karl L Black Purse NWT,Karl Lagerfeld,Accessories,,115.0,0.0,,1,0.0,1,0.0
10005669,Kasper Black & White SL Tank,Kasper,Top,12,28.99,0.0,,1,0.0,1,0.0
10007629,Kasper Red Jacket,,Jacket/Coat,14,23.99,6.0,75.0,1,0.0,1,6.0
10006924,Kasper WhiteTieTop,Kasper,Other,M,28.99,0.0,,1,0.0,1,0.0
10005034,Kate KasinNWT Sheer Shirt Nvy,Kate Kasin,Top,XL,22.99,0.0,,1,0.0,1,0.0
10008711,Kate Park Pink Capri's L,,Other,,23.99,6.25,73.9,1,0.0,1,6.25
10008795,Kate Spade B W Leather Crossbody,,Top,,59.99,30.0,50.0,1,0.0,1,30.0
10007308,Kate Spade Basket Floral Purse,Kate Spade,Accessories,,55.99,0.0,,1,0.0,1,0.0
10005321,KateHill Grey&PurpZipup,Kate Hill,Other,L,35.99,0.0,,1,0.0,1,0.0
10007293,Kenar Black Skirt,,Skirt,6,22.99,0.0,,1,0.0,1,0.0
10008189,Kenar Black SL Top,Kenar,Top,S,15.99,6.0,62.5,1,0.0,1,6.0
10007576,Kenar Blue Red Shorts,Kenar,Shorts,6,18.99,0.0,,1,0.0,1,0.0
10007172,Kendall & Kylie Blue Satin Crop Top,Kendall X Kylie,Top,S,20.99,0.0,,1,0.0,1,0.0
10001212,Kendall X KylieJeans_Lu,Kendall X Kylie,Jeans/Pants,,1.0,0.0,,0,0.0,1,0.0
10001791,Kendall X KylieJeans_Lu,Kendall X Kylie,Jeans/Pants,,1.0,0.0,,0,0.0,0,0.0
10001855,Kendall X KylieJeans_Lu,Kendall X Kylie,Jeans/Pants,,1.0,0.0,,0,0.0,0,0.0
10002577,Kendall X KylieJeans_Lu,Kendall X Kylie,Jeans/Pants,,25.99,0.0,,1,0.0,0,0.0
10003017,Kendall X KylieJeans_Lu,Kendall X Kylie,Jeans/Pants,,29.99,0.0,,0,0.0,0,0.0
10004278,KendallXKylie Brown Suede Coat,Kendall X Kylie,Jacket/Coat,M,49.99,0.0,,1,0.0,1,0.0
10003896,KendalxKylie Blk Crop Top,Kendall X Kylie,Top,S,28.99,0.0,,1,0.0,1,0.0
10008786,KendraS BowNecklace,Kendra Scott,Accessories,,25.0,8.0,68.0,1,0.0,1,8.0
10008790,KendraS CircleNecklace,Kendra Scott,Accessories,,40.0,8.0,80.0,1,0.0,1,8.0
10008787,KendraS DiamFlowerNecklace,Kendra Scott,Accessories,,50.0,8.0,84.0,1,0.0,1,8.0
10008785,KendraS GoldBracelet,Kendra Scott,Accessories,,35.0,8.0,77.1,1,0.0,1,8.0
10008784,KendraScottFlowerEarrings,Kendra Scott,Accessories,,50.0,8.0,84.0,1,0.0,1,8.0
10007074,Kenneth Cole Blk Sandals,Kenneth Cole,Top,9.5,14.99,0.0,,1,0.0,1,0.0
10004009,Kensie Orange Jeans,Kensie,Jeans/Pants,,21.99,0.0,,1,0.0,1,0.0
10007224,Kenzie Green Colorful SL Dress,Kenzie,Dress,M,25.99,0.0,,1,0.0,1,0.0
10007794,Keren Hart Hot Pink LS Knit Cardigan,Keren Hart,Sweater/Cardigan,XL,27.99,0.0,,1,0.0,1,0.0
10004439,Khaki Pant,Joes,Jeans/Pants,12,29.99,0.0,,1,0.0,1,0.0
10004447,Khaki Straight Leg,Levi Strauss & Co,Other,6,24.99,0.0,,1,0.0,1,0.0
10008124,KidsCrochetFlowerShirt,Bobbi Brooks,Top,S,27.99,0.0,,1,0.0,1,0.0
10008123,KidsKnitStrawBSkirt,Unknown,Skirt,S,24.99,0.0,,1,0.0,1,0.0
10008122,KidsKnitSweater,Unknown,Sweater/Cardigan,S,24.99,0.0,,1,0.0,1,0.0
10007199,Kilo Brava Pink Dress,,Dress,XL,21.99,0.0,,1,0.0,1,0.0
10008244,Kim R Red Tank w Embroidered,Kim Rogers,Top,L,16.0,4.0,75.0,1,0.0,1,4.0
10008731,Kim Rogers Brown Pants,,Jeans/Pants,12,18.99,4.5,76.3,1,0.0,1,4.5
10004981,Kim Rogers Red Pink Orange Dot DressNWT,Kim Rogers,Dress,8,41.99,0.0,,1,0.0,1,0.0
10005989,"Kim Rogers Red, White Blue Skirt",Kim Rogers,Skirt,12,26.99,0.0,,1,0.0,1,0.0
10008698,Kim Rogers Red Beige Skirt L,,Skirt,,23.99,7.5,68.7,1,0.0,1,7.5
10008141,kimchi blue red lace tank M-L,Kimchi Blue,Top,,24.99,8.0,68.0,1,0.0,1,8.0
10004373,KimchiBlue GreySweater,Kimchi Blue,Sweater/Cardigan,S,24.99,0.0,,1,0.0,1,0.0
10007517,Kimcine Multi-Color Pants,,Jeans/Pants,M,30.99,0.0,,1,0.0,1,0.0
10005299,Kirundo RustBubbleTop,Kirundo,Other,L,22.99,0.0,,1,0.0,1,0.0
10006076,kittenish bodysuit blk,Kittenish,Top,S,15.99,0.0,,1,0.0,1,0.0
10007469,KLD Black SL Dress,Kld,Dress,L,24.99,0.0,,1,0.0,1,0.0
10006225,knit pink blouse small,Heart N Crush,Sweater/Cardigan,,15.99,0.0,,1,0.0,1,0.0
10006194,knit pink see through tank medium,Body Central,Sweater/Cardigan,,24.99,0.0,,1,0.0,1,0.0
10008367,Knit tote bag with circular handles,Unknown,Sweater/Cardigan,,17.99,6.99,61.1,1,0.0,1,6.99
10008080,Knit70 TanDress,Knit 70,Dress,,39.99,0.0,,1,0.0,1,0.0
10004096,KnitShawl Navy,Unknown,Sweater/Cardigan,M,27.99,0.0,,1,0.0,1,0.0
10005361,kora konig tank,Kora Konig,Top,S,18.99,0.0,,1,0.0,1,0.0
10004001,Koral Orange Hoodie,Koral,Other,,28.99,0.0,,1,0.0,1,0.0
10005457,Koret BlkVelvetVest,Koret,Top,S,28.99,0.0,,1,0.0,1,0.0
10004226,Kori Blue Floral LS Dress,Kori America,Dress,L,27.99,0.0,,1,0.0,1,0.0
10008759,Kori Multi-Color Dress S,,Dress,,24.0,6.0,75.0,1,0.0,1,6.0
10004305,KrazyLarry KhakiAnimalPrintLeggings,Krazy Larry,Jeans/Pants,6,23.99,0.0,,1,0.0,1,0.0
10006333,Krisa Black Floral Tank,Krisa,Top,XS,22.99,0.0,,1,0.0,1,0.0
10006081,krush drsshrt ombre,Krush,Shorts,M,39.99,0.0,,1,0.0,1,0.0
10005566,KUT Black Jeans,Kut,Jeans/Pants,10,20.99,0.0,,1,0.0,1,0.0
10004771,KUT Black Pants NWT,Kut Nwt,Jeans/Pants,8,45.99,0.0,,1,0.0,1,0.0
10004744,KUT Blk Multicolor LngSLve,Kut,Other,S,19.99,0.0,,1,0.0,1,0.0
10003829,Kut Blk Skinny Pant,Kut,Jeans/Pants,6,32.99,0.0,,1,0.0,1,0.0
10003781,KUT Burgundy Corduroy Pants,Kut,Jeans/Pants,2,25.99,0.0,,1,0.0,1,0.0
10003500,Kut from the Cloth Pants Brown,Kut,Jeans/Pants,4,27.99,0.0,,1,0.0,1,0.0
10006993,KUT Jean Shorts,Kut,Shorts,6,21.99,0.0,,1,0.0,1,0.0
10004178,Kut NWT Tan Pants,Kut Nwt,Jeans/Pants,2,35.99,0.0,,1,0.0,1,0.0
10004798,KUT Red Floral Chiffon SL,Kut,Other,XXL,24.99,0.0,,1,0.0,1,0.0
10004371,Kut BlackSpeckledButtonDown,Kut,Other,L,23.99,0.0,,1,0.0,1,0.0
10006784,Kut MulticolSheerTop,Kut,Top,S,34.99,0.0,,1,0.0,1,0.0
10006926,Kut WhiteShorts,Kut,Shorts,8,22.99,0.0,,1,0.0,1,0.0
10006104,Kut YllwBttnDwn,Kut,Other,M,25.99,0.0,,1,0.0,1,0.0
10001747,KutPants_Me,Kut,Jeans/Pants,,1.0,0.0,,0,0.0,0,0.0
10002339,KutPants_Me,Kut,Jeans/Pants,,39.99,0.0,,0,0.0,0,0.0
10002612,KutPants_Me,Kut,Jeans/Pants,,19.99,0.0,,1,0.0,0,0.0
10004452,KuYue BrwnTrouser,Ku Yue,Jeans/Pants,XL,18.99,0.0,,1,0.0,1,0.0
10002413,KymarSlvlss Slip,Kymar,Top,,15.99,0.0,,1,0.0,1,0.0
10007242,L'Agence Copper Pants M,,Jeans/Pants,,32.99,0.0,,1,0.0,1,0.0
10007048,L'Artiste Black Sandals,L'Artiste,Top,6.5,29.99,0.0,,1,0.0,1,0.0
10008378,LA Hearts black floral tanktop,LA Hearts,Top,S,13.99,7.99,42.9,1,0.0,1,7.99
10008627,LA Hearts Purple Top,,Top,S,9.99,2.5,75.0,1,0.0,1,2.5
10007355,LA lille navy blouse 24L,LA lille,Top,,22.99,0.0,,1,0.0,1,0.0
10008621,La Peche SS Top,,Top,M,17.99,4.5,75.0,1,0.0,1,4.5
10006672,Lafayette 148 khaki pant,Lafayette 148,Jeans/Pants,M,34.99,0.0,,1,0.0,1,0.0
10005715,Lafayette Brown Skirt w Embroid,Lafayette 148,Skirt,14,28.99,0.0,,1,0.0,1,0.0
10006791,LAL AnimalPrintJacket,Lal,Jacket/Coat,S,45.99,0.0,,1,0.0,1,0.0
10005212,Lands End Gray Jacket,Lands End,Jacket/Coat,S,32.99,0.0,,1,0.0,1,0.0
10005617,Lands End Red & White Pattern Buttondown,Lands End,Other,10,18.99,0.0,,1,0.0,1,0.0
10005354,lands end drs shrt prp dsgn,Lands End,Shorts,16,22.99,0.0,,1,0.0,1,0.0
10005353,lands end pnts red 12p,Lands End,Other,,22.99,0.0,,1,0.0,1,0.0
10004310,LandsEnd BurntPinkPant,Lands End,Jeans/Pants,16,27.99,0.0,,1,0.0,1,0.0
10004668,LandsEnd Pinkzipup,Lands End,Other,2,27.99,0.0,,1,0.0,1,0.0
10005714,Lane Bryant Black Metallic Skirt,Lane Bryant,Skirt,16,32.99,0.0,,1,0.0,1,0.0
10004094,Lane Bryant Black Sequin Sleeveless,Lane Bryant,Top,XXL,24.99,0.0,,1,0.0,1,0.0
10007004,Lane Bryant Blk Cardigan,Lane Bryant,Sweater/Cardigan,22,25.99,0.0,,1,0.0,1,0.0
10004355,Lane Bryant Jeans,Lane Bryant,Jeans/Pants,16,32.99,0.0,,1,0.0,1,0.0
10005564,Lane Bryant Red Sequin Tank,Lane Bryant,Top,14,24.99,0.0,,1,0.0,1,0.0
10008173,Lane Bryant Red SL Thin Vest,Lane Bryant,Top,S,23.99,6.0,75.0,1,0.0,1,6.0
10005465,LaneB GrnFloralTop,Lane Bryant,Other,28,25.99,0.0,,1,0.0,1,0.0
10005766,LaneBryant GrnPant,Lane Bryant NWT,Jeans/Pants,14,26.99,0.0,,1,0.0,1,0.0
10003888,LaneNWT Pink Cowboy Boots,Lane,Shoes,8,175.0,0.0,,1,0.0,1,0.0
10004093,Lanz VINTAGE Yellow Dress,Lanz Vintage,Dress,M,140.0,0.0,,1,0.0,1,0.0
10008296,Laredo BrwnBlkStitchBoots,Laredo,Shoes,9,70.0,0.0,,1,0.0,1,0.0
10004517,Large Gld&Blk Necklace,Unknown,Accessories,,18.99,0.0,,1,0.0,1,0.0
10004491,Lark&Grey BrownJemJacket,Lark X Grey,Jacket/Coat,S,22.99,0.0,,1,0.0,1,0.0
10002703,Larry LevineBlazer,Larry Levine,Jacket/Coat,,29.99,0.0,,1,0.0,1,0.0
10007855,Laundry Black Print Dress 12,,Dress,,39.99,0.0,,1,0.0,1,0.0
10004629,Laundry Black Strap Dress,Laundry,Dress,4,29.99,0.0,,1,0.0,1,0.0
10007217,Laundry Pink & Green SL Dress,Laundry by Shelli Segal,Dress,6,39.99,0.0,,1,0.0,1,0.0
10005925,Laundry Striped Gray Hoodie Cardigan,Laundry by Shelli Segal,Sweater/Cardigan,XL,32.99,0.0,,1,0.0,1,0.0
10003951,Laundry White Gold Dress,Laundry by Design NWT,Dress,2,149.99,0.0,,1,0.0,1,0.0
10005665,Laura Ashley Purple SL Top,Laura Ashley,Top,XL,24.99,0.0,,1,0.0,1,0.0
10003403,Laura Ashley LS Top Black & White,Laura Ashley,Top,S,26.99,0.0,,1,0.0,1,0.0
10004975,Laura Scott Black SL Mock Neck,Laura Scott,Other,20,17.99,0.0,,1,0.0,1,0.0
10004708,laura scott swtr beige,Laura Scott,Sweater/Cardigan,XL,21.99,0.0,,1,0.0,1,0.0
10002677,Laura ScottCover All_Si,Laura Scott,Other,,24.99,0.0,,1,0.0,1,0.0
10002673,Laura ScottCoverall_PS,Laura Scott,Other,,24.99,0.0,,1,0.0,1,0.0
10006368,LauraAshley BlkShirt,Laura Ashley,Top,11,25.99,0.0,,1,0.0,1,0.0
10003394,Lauren Conrad Jacket Brown,Lauren Conrad,Jacket/Coat,S,35.99,0.0,,1,0.0,1,0.0
10007318,Lauren Green Jeans,Ralph Lauren,Jeans/Pants,6,28.99,0.0,,1,0.0,1,0.0
10002681,Lauren JamesJacket_Ta,Lauren James,Jacket/Coat,,39.99,0.0,,1,0.0,1,0.0
10004732,Lauren Jeans LS Buttondown,Lauren Ralph Lauren,Jeans/Pants,M,28.99,0.0,,1,0.0,1,0.0
10008688,Lauren Ralph Lauren Faux Fur Vest XXL,,Top,,36.99,8.0,78.4,1,0.0,1,8.0
10008713,Lauren Ralph Lauren Green T-Shirt L,,Top,,22.99,7.5,67.4,1,0.0,1,7.5
10008235,Lauren Ralph Lauren White Shorts 10,,Shorts,,26.0,6.5,75.0,1,0.0,1,6.5
10003644,LaurJeanCo BrwnSweater,Lauren Jeans Company,Jeans/Pants,M,24.99,0.0,,1,0.0,1,0.0
10004441,Lavender Cargo,Soho Blue,Other,XS,29.99,0.0,,1,0.0,1,0.0
10004362,Lavender Field Purple Blouse,Lavender Field,Top,M,18.99,0.0,,1,0.0,1,0.0
10007621,LaVigna Brown Cashmere Jacket M,,Jacket/Coat,,85.99,21.5,75.0,1,0.0,1,21.5
10006774,Laxman Collection Rainbow Hoodie,Laxman Collection,Other,M,32.99,0.0,,1,0.0,1,0.0
10008007,Le Lis Black Knit Dress,Le Lis,Dress,M,26.0,6.5,75.0,1,0.0,1,0.0
10006743,Leader Pink Butterfly Bedazzled Hat,Leader,Accessories,,28.99,0.0,,1,0.0,1,0.0
10006625,leather metal studded belt,Unknown,Accessories,,45.99,0.0,,1,0.0,1,0.0
10003845,Lei Low Rise Jean,Lei,Jeans/Pants,12,20.99,0.0,,1,0.0,1,0.0
10005351,leith bls blu flws,Leith,Top,S,15.99,0.0,,1,0.0,1,0.0
10007165,Lela Rose Dress Beige,,Dress,M,55.99,0.0,,1,0.0,1,0.0
10008647,LeLis Grey White SS Top M,,Top,,15.99,4.0,75.0,1,0.0,1,4.0
10005694,Lena Gabrielle Black Design Leggings,Lena Gabrielle,Jeans/Pants,8,19.99,0.0,,1,0.0,1,0.0
10003831,Lena Gabrielle Floral Leggings,Lena Gabrielle,Jeans/Pants,10,42.99,0.0,,1,0.0,1,0.0
10003471,Leo & Nicole Cardigan Grey,Leo & Nicole,Sweater/Cardigan,XXL,26.99,0.0,,1,0.0,1,0.0
10008661,Les Serein SS Top Bluegreen XL,,Top,,17.99,4.5,75.0,1,0.0,1,4.5
10000149,Letty & Me,Letty & Me,Other,,1.0,0.0,,0,0.0,0,0.0
10000286,Letty & Me,Letty & Me,Other,,1.0,0.0,,0,0.0,0,0.0
10000323,Letty & Me,Letty & Me,Other,,1.0,0.0,,0,0.0,0,0.0
10000842,Letty & Me,Letty & Me,Other,,1.0,0.0,,0,0.0,0,0.0
10002013,Letty & Me,Letty & Me,Other,,35.99,0.0,,0,0.0,0,0.0
10003161,Letty & Me Cardigan,Letty & Me,Sweater/Cardigan,,18.99,0.0,,1,0.0,1,0.0
10004783,Level 99 Army Green Button Up Pants NWT,Level 99,Jeans/Pants,27,32.99,0.0,,1,0.0,1,0.0
10000168,Levi Strauss X CoJeans_Ba,Levi Strauss & Co,Jeans/Pants,,1.0,0.0,,0,0.0,1,0.0
10000661,Levi Strauss X CoJeans_Ba,Levi Strauss & Co,Jeans/Pants,,1.0,0.0,,0,0.0,0,0.0
10000840,Levi Strauss X CoJeans_Ba,Levi Strauss & Co,Jeans/Pants,,1.0,0.0,,0,0.0,0,0.0
10001372,Levi Strauss X CoJeans_Ba,Levi Strauss & Co,Jeans/Pants,,1.0,0.0,,0,0.0,0,0.0
10001854,Levi Strauss X CoJeans_Ba,Levi Strauss & Co,Jeans/Pants,,1.0,0.0,,0,0.0,0,0.0
10002185,Levi Strauss X CoJeans_Ba,Levi Strauss & Co,Jeans/Pants,,15.99,0.0,,1,0.0,0,0.0
10002583,Levi Strauss X CoJeans_Ba,Levi Strauss & Co,Jeans/Pants,,29.99,0.0,,0,0.0,0,0.0
10007876,Levi's 314 stretch black S,,Other,,19.0,4.75,75.0,1,0.0,1,4.75
10007877,Levi's 314 Stretch Jeans S,,Jeans/Pants,,19.0,4.75,75.0,1,0.0,1,4.75
10007493,Levi's Beige Pants,,Jeans/Pants,8,19.99,0.0,,1,0.0,1,0.0
10007909,Levi's Jean Skirt VINTAGE,Levi Strauss & Co,Skirt,3,28.99,0.0,,1,0.0,1,0.0
10003511,Levi's Jeans Pink,Levi Strauss & Co,Jeans/Pants,XL,24.99,0.0,,1,0.0,1,0.0
10001565,Levis Black Jeans,Levixs,Jeans/Pants,,26.99,0.0,,1,0.0,1,0.0
10007332,Levis Cut Off Black Shorts W,Levi Strauss & Co,Shorts,29,26.99,0.0,,1,0.0,1,0.0
10005172,Levis Jeans Pnk,Levi Strauss & Co,Jeans/Pants,6,22.99,0.0,,1,0.0,1,0.0
10005036,Levis Slm Strght Jeans,Levi Strauss & Co,Jeans/Pants,2,28.99,0.0,,1,0.0,1,0.0
10003618,levis jean navy strips 4-6,Levixs,Jeans/Pants,,32.99,0.0,,1,0.0,1,0.0
10002171,levixsJeans_Me,Levixs,Jeans/Pants,,18.99,0.0,,1,0.0,1,0.0
10004619,Liangcai Black & Yellow Dress,Liangcai,Dress,XL,31.99,0.0,,1,0.0,1,0.0
10004320,LifeStride BrwnAnklBoots,Life Stride,Shoes,9,27.99,0.0,,1,0.0,1,0.0
10004448,Light Wash Straight Leg,Abercrombie & Fitch,Other,16,38.99,0.0,,1,0.0,1,0.0
10004420,LightWashJeans,Kut,Jeans/Pants,20,31.99,0.0,,1,0.0,1,0.0
10003874,Like an Angel Pink Multi Color Pants,Like an Angel,Jeans/Pants,M,23.99,0.0,,1,0.0,1,0.0
10005735,Lili Sidonio Pink Floral Skirt,Lili Sidonio,Skirt,XS,24.99,0.0,,1,0.0,1,0.0
10007654,Lilly Pulitzer White Dress XS,,Dress,,65.99,34.0,48.5,1,0.0,1,34.0
10006112,LillyP LightBluCardigan,Lilly Pulitzer,Sweater/Cardigan,S,28.99,0.0,,1,0.0,1,0.0
10006079,lillypulitzer bls pnk,Lilly Pulitzer,Top,XL,24.99,0.0,,1,0.0,1,0.0
10008667,Lily Bleu Yellow SS Top,,Top,,11.99,3.0,75.0,1,0.0,1,3.0
10006853,Lily white NWT shear white long sleeve blouse,Lily White,Top,XL,24.99,0.0,,1,0.0,1,0.0
10004998,Limited Navy Blue Green Pattern LS,The Limited,Top,XS,24.99,0.0,,1,0.0,1,0.0
10004577,Limited Shiny Shortsleeve,The Limited,Shorts,S,22.99,0.0,,1,0.0,1,0.0
10005759,Limited BlkSequintop,The Limited,Other,12,21.99,0.0,,1,0.0,1,0.0
10006407,Limited BlkSheerBttnDwn,The Limited,Other,M,21.99,0.0,,1,0.0,1,0.0
10005197,Linden Hill Red Buttondown LS,Linden Hill,Top,XL,22.99,0.0,,1,0.0,1,0.0
10008423,Linea Donatella Blue Camisole XL,,Top,,19.99,5.0,75.0,1,0.0,1,5.0
10005067,Linen BttnDwn Teal,Unknown,Other,L,24.99,0.0,,1,0.0,1,0.0
10007750,Lisette BrwnGreyPant,Lisette,Jeans/Pants,10,29.99,0.0,,1,0.0,1,0.0
10007101,Little Caesars Hat Orange,Little Caesars,Accessories,,14.99,0.0,,1,0.0,1,0.0
10005556,LIV White Sweater w Sequins,LIV Milano,Sweater/Cardigan,M,26.99,0.0,,1,0.0,1,0.0
10004821,Live To Be Spoiled Red Striped Crop Top,Live To Be Spoiled,Top,XL,14.99,0.0,,1,0.0,1,0.0
10005692,Liverpool Gray Dress Pants,Liverpool,Dress,12,34.99,0.0,,1,0.0,1,0.0
10003498,Liverpool Jeans Black,Liverpool,Jeans/Pants,6,27.99,0.0,,1,0.0,1,0.0
10003612,liverpool pant beige,Liverpool,Jeans/Pants,6,28.99,0.0,,1,0.0,1,0.0
10006887,LiverpoolLA BlueLongsleeveTop,Liverpool LA,Other,XS,19.99,0.0,,1,0.0,1,0.0
10004487,LiverpoolLA PinkButtonDown,Liverpool LA,Other,M,24.99,0.0,,1,0.0,1,0.0
10006529,Liz & Me Hot Pink Buttondown,Liz & Me,Other,XXL,24.99,0.0,,1,0.0,1,0.0
10008644,Liz & Sara Blue Bodysuit XL,,Top,,18.99,4.75,75.0,1,0.0,1,4.75
10005661,Liz C Pink Floral Blouse,Liz Claiborne,Top,XL,24.99,0.0,,1,0.0,1,0.0
10003508,Liz Claiborne Pants Beige,Liz Claiborne,Jeans/Pants,,29.99,0.0,,1,0.0,1,0.0
10007060,Liz Claiborne Red Sling FLats,Liz Claiborne,Shoes,8.5,14.99,0.0,,1,0.0,1,0.0
10006949,Liz Claiborne White Capri's,,Other,14,22.99,0.0,,1,0.0,1,0.0
10003725,liz claiborne blouse floral pxl,Liz Claiborne,Top,,15.99,0.0,,1,0.0,1,0.0
10000176,Liz ClaibornePants,Liz Claiborne,Jeans/Pants,,1.0,0.0,,0,0.0,1,0.0
10000612,Liz ClaibornePants,Liz Claiborne,Jeans/Pants,,1.0,0.0,,0,0.0,0,0.0
10002532,Liz ClaibornePants,Liz Claiborne,Jeans/Pants,,24.99,0.0,,0,0.0,0,0.0
10002589,Liz ClaibornePants,Liz Claiborne,Jeans/Pants,,24.99,0.0,,1,0.0,0,0.0
10008315,LizClaiborne FlowerScarf,Liz Claiborne,Accessories,,14.99,0.0,,1,0.0,1,0.0
10005384,lizwear bls prp,Liz Claiborne,Top,XL,22.99,0.0,,1,0.0,1,0.0
10003855,LJC Khaki Pants,Lauren Jeans Company,Jeans/Pants,4,33.99,0.0,,1,0.0,1,0.0
10006796,LJC PinkCorduroy,Lauren Jeans Company,Other,XL,28.99,0.0,,1,0.0,1,0.0
10004142,LLBean Pnk Puff Vest,LLBean,Top,M,25.99,0.0,,1,0.0,1,0.0
10008215,Loft Beige Green Skirt 2P,,Skirt,,23.0,5.5,76.1,1,0.0,1,5.5
10006522,Loft Beige White Flw Shirt,Loft,Top,L,29.99,0.0,,1,0.0,1,0.0
10007129,Loft Black & Wht Shorts,Loft,Shorts,XL,13.99,0.0,,1,0.0,1,0.0
10006955,Loft Black Sequin Tank,Loft,Top,L,25.99,0.0,,1,0.0,1,0.0
10008436,Loft Black Sleeveless Top XS,,Top,,20.99,5.25,75.0,1,0.0,1,5.25
10004350,Loft Blk&Wh Plaid Top,Loft,Top,S,24.99,0.0,,1,0.0,1,0.0
10005593,Loft Blue Blouse,Loft,Top,S,15.99,0.0,,1,0.0,1,0.0
10008392,Loft Blue Striped Pants 4,,Jeans/Pants,,27.99,7.0,75.0,1,0.0,1,7.0
10008397,Loft Blue White Pants 2P,,Jeans/Pants,,19.99,5.0,75.0,1,0.0,1,5.0
10007008,Loft Blush Floral SL Top,Loft,Top,S,19.99,0.0,,1,0.0,1,0.0
10005563,Loft Gray Light Cardigan,Loft,Sweater/Cardigan,M,22.99,0.0,,1,0.0,1,0.0
10005975,Loft Gray Satin Tank w Design,Loft,Top,M,26.99,0.0,,1,0.0,1,0.0
10004183,Loft Gray Skirt,Ann Taylor LOFT,Skirt,4,28.99,0.0,,1,0.0,1,0.0
10005652,Loft Gray SL Top,Loft,Top,L,15.99,0.0,,1,0.0,1,0.0
10005537,Loft Gray Sweater w Floral Underlayer,Loft,Sweater/Cardigan,S,23.99,0.0,,1,0.0,1,0.0
10007018,Loft Green Army Jacket,Loft,Jacket/Coat,XS,24.99,0.0,,1,0.0,1,0.0
10007795,Loft Green Corduroy Pants,Loft,Jeans/Pants,10,34.99,0.0,,1,0.0,1,0.0
10005671,Loft Green Pink Top,Loft,Top,L,24.99,0.0,,1,0.0,1,0.0
10006611,Loft Green Suede Skirt,Loft,Skirt,14,18.99,0.0,,1,0.0,1,0.0
10003464,Loft Houndstooth Pants Red & Black,Loft,Jeans/Pants,XXL,35.99,0.0,,1,0.0,1,0.0
10004152,Loft Long Sleeve Blk&Brwn Top,Loft,Top,S,18.99,0.0,,1,0.0,1,0.0
10004974,Loft LS Black Dress with Colors,Loft,Dress,M,35.99,0.0,,1,0.0,1,0.0
10005599,Loft Magenta Pattern SS Top,Loft,Top,XL,26.99,0.0,,1,0.0,1,0.0
10004334,Loft Navy Blue Floral Shortsleeve,Loft,Shorts,L,18.99,0.0,,1,0.0,1,0.0
10005549,Loft Off White Cardigan w Ruffles,Ann Taylor LOFT,Sweater/Cardigan,S,24.99,0.0,,1,0.0,1,0.0
10005685,Loft Pants Black & White,,Jeans/Pants,10,19.99,0.0,,1,0.0,1,0.0
10004755,Loft Pink Capri Pants,Loft,Jeans/Pants,8,22.99,0.0,,1,0.0,1,0.0
10006532,Loft Pink Pattern SL Top,Loft,Top,M,19.99,0.0,,1,0.0,1,0.0
10007608,Loft Pink Short,,Shorts,XS,25.99,0.0,,1,0.0,1,0.0
10008475,Loft Pink Sleeveless Top 6,,Top,,17.99,6.0,66.6,1,0.0,1,6.0
10008681,Loft Pink Sleeveless Top M,,Top,,17.99,4.5,75.0,1,0.0,1,4.5
10006714,Loft Red Patterned Skirt,Loft,Skirt,XS,29.99,0.0,,1,0.0,1,0.0
10007449,Loft SL Animal Print Top,Loft,Top,S,29.99,0.0,,1,0.0,1,0.0
10008641,Loft Sleeveless Top,,Top,S,15.99,4.0,75.0,1,0.0,1,4.0
10007583,Loft Tan Shorts,Loft,Shorts,8,14.99,0.0,,1,0.0,1,0.0
10006767,Loft Tan Skirt,Loft,Skirt,10,22.99,0.0,,1,0.0,1,0.0
10003387,Loft Tank Top Brown,Loft,Top,M,39.99,0.0,,1,0.0,1,0.0
10005554,Loft White Knit Cardigan,Loft,Sweater/Cardigan,XS,23.99,0.0,,1,0.0,1,0.0
10007306,Loft White Skirt w Buttons,Loft,Skirt,6,23.99,0.0,,1,0.0,1,0.0
10005888,Loft White Wrap Sweater,Loft,Sweater/Cardigan,XL,34.99,0.0,,1,0.0,1,0.0
10005093,Loft Floral Slvlss Top Grn,Loft,Top,M,15.99,0.0,,1,0.0,1,0.0
10005092,Loft Scallop Tank Teal,Loft,Top,M,13.99,0.0,,1,0.0,1,0.0
10005070,Loft Slvss Top Purple,Loft,Top,XS,24.99,0.0,,1,0.0,1,0.0
10003641,Loft BlueFloralTop,Loft,Other,XS,15.99,0.0,,1,0.0,1,0.0
10005291,Loft GreyFloral,Loft,Other,S,18.99,0.0,,1,0.0,1,0.0
10004655,Loft GreySweater,Loft,Sweater/Cardigan,S,24.99,0.0,,1,0.0,1,0.0
10005778,Loft LaceShirt,Loft,Top,S,25.99,0.0,,1,0.0,1,0.0
10004300,Loft Pink Sweater,Loft,Sweater/Cardigan,XS,21.99,0.0,,1,0.0,1,0.0
10006802,Loft PinkButtnDwnBlouse,Loft,Top,XS,31.99,0.0,,1,0.0,1,0.0
10005316,Loft PinkCardigan,Loft,Sweater/Cardigan,XS,22.99,0.0,,1,0.0,1,0.0
10006086,Loft PinkFloralShorts,Loft,Shorts,8,14.99,0.0,,1,0.0,1,0.0
10006015,Loft PnkCardigan,Loft,Sweater/Cardigan,XS,24.99,0.0,,1,0.0,1,0.0
10006091,Loft PnkFloralTop,Loft,Other,M,18.99,0.0,,1,0.0,1,0.0
10006006,Loft PurpCardigan,Loft,Sweater/Cardigan,XL,24.99,0.0,,1,0.0,1,0.0
10006894,Loft RedfloralTop,Loft,Other,XS,19.99,0.0,,1,0.0,1,0.0
10005801,loft swter prp,Loft,Other,M,28.99,0.0,,1,0.0,1,0.0
10005807,loft swtr grn,Loft,Sweater/Cardigan,L,24.99,0.0,,1,0.0,1,0.0
10005395,loft tank red,Loft,Top,M,6.99,0.0,,1,0.0,1,0.0
10005283,Loft YellowleafTop,Loft,Other,S,18.99,0.0,,1,0.0,1,0.0
10002961,LoftSleeveless Top_Ce,Loft,Top,,19.99,0.0,,1,0.0,1,0.0
10000887,LoftSweater_Do,Loft,Sweater/Cardigan,,19.99,0.0,,1,0.0,1,0.0
10002220,LoftTank Top_Ba,Loft,Top,,15.99,0.0,,1,0.0,1,0.0
10002242,LoftTank Top_Ba,Loft,Top,,1.0,0.0,,0,0.0,0,0.0
10002245,LoftTank Top_Ba,Loft,Top,,1.0,0.0,,0,0.0,0,0.0
10002288,LoftTank Top_Ba,Loft,Top,,1.0,0.0,,0,0.0,0,0.0
10002179,LoftTee Shirt_Mi,Loft,Top,,14.99,0.0,,1,0.0,1,0.0
10007352,Lohla sport checkered navy skirt,Lohla,Skirt,0,15.99,0.0,,1,0.0,1,0.0
10003416,LOL Vintage Super Gal Tee Shirt Grey,LOL Vintage,Top,S,28.99,0.0,,1,0.0,1,0.0
10008442,Lola Green Dress,,Dress,M,64.99,16.25,75.0,1,0.0,1,16.25
10003668,london times dress pink,London Times,Dress,4,32.99,0.0,,1,0.0,1,0.0
10006893,LondonFog LilacTranchCoat,London Fog,Jacket/Coat,M,59.99,0.0,,1,0.0,1,0.0
10007809,longsleeve purple blouse,Coldwater Creek,Top,14,21.99,0.0,,1,0.0,1,0.0
10006237,longsleeve silk teal blouse,Banana Republic,Top,XS,39.99,0.0,,1,0.0,1,0.0
10005421,Looks GrnFloralBttnDwn,Looks,Other,XL,32.99,0.0,,1,0.0,1,0.0
10007423,Lord & Taylor Copper Heal's,,Other,10,29.99,0.0,,1,0.0,1,0.0
10007192,Los Angeles Atelier Black Dress,,Dress,6,25.99,0.0,,1,0.0,1,0.0
10007910,Lost & Wander Beige Overall Dress,Lost & Wander,Dress,L,27.99,0.0,,1,0.0,1,0.0
10003801,Lottie Moss Yellow Crop Top,Lottie Moss,Top,M,14.99,0.0,,1,0.0,1,0.0
10005041,Loudmouth Multi-Pattern Skirt,Loudmouth Ladies,Skirt,6,30.99,0.0,,1,0.0,1,0.0
10005451,LouiseEtCie SilverpointShoe,Louise Et Cie,Shoes,8.5,25.99,0.0,,1,0.0,1,0.0
10006870,LouXGrey CreamCardigan,Lou X Grey,Sweater/Cardigan,S,27.99,0.0,,1,0.0,1,0.0
10006355,LouxGrey CrmAsymmJacket,Lou X Grey by Loft,Jacket/Coat,XL,35.99,0.0,,1,0.0,1,0.0
10005202,Love 21 Purple Pink Patterned Skirt,Love21,Skirt,S,15.99,0.0,,1,0.0,1,0.0
10008668,Love Blossom Blue Sleeveless Top M,,Top,,13.99,4.0,71.4,1,0.0,1,4.0
10005920,Love Change Purple Sweater,Love Change,Sweater/Cardigan,S,25.99,0.0,,1,0.0,1,0.0
10000127,Love ChangeSweater,Love Change,Sweater/Cardigan,,1.0,0.0,,0,0.0,1,0.0
10002496,Love ChangeSweater,Love Change,Sweater/Cardigan,,29.99,0.0,,1,0.0,0,0.0
10004078,Love Culture Button Jacket,Love Culture,Jacket/Coat,S,26.99,0.0,,1,0.0,1,0.0
10002177,Love JBodysuit_St,Love J,Top,,25.99,0.0,,1,0.0,1,0.0
10008258,Love on a hanger Embroidered Cami L,,Top,,22.99,6.0,73.9,1,0.0,1,6.0
10007274,Love Tree Black Top,,Top,M,16.99,0.0,,1,0.0,1,0.0
10008700,Love Tree Camo Vest,,Top,S,18.99,6.5,65.8,1,0.0,1,6.5
10005750,Loverocks Sheer Floral Top,Loverocks,Top,S,24.99,0.0,,1,0.0,1,0.0
10007349,Lovesick jean short,LOVEsick,Shorts,5,28.99,0.0,,1,0.0,1,0.0
10005949,LRL Beige Button LS,Lauren Ralph Lauren,Top,S,24.99,0.0,,1,0.0,1,0.0
10005950,LRL Brown Floral Cardigan,Lauren Ralph Lauren,Sweater/Cardigan,L,23.99,0.0,,1,0.0,1,0.0
10005705,LRL Gold Skirt,Lauren Ralph Lauren,Skirt,8,55.0,0.0,,1,0.0,1,0.0
10004976,LRL Hot Pink SL Dress,Lauren Ralph Lauren,Dress,6,49.99,0.0,,1,0.0,1,0.0
10008223,LRL Lauren Jeans Green,,Jeans/Pants,6,35.99,8.99,75.0,1,0.0,1,8.99
10008159,LRL Orange Colorful Skirt,Lauren Ralph Lauren,Skirt,M,39.99,8.0,80.0,1,0.0,1,8.0
10004594,LRL Red & Blue Dress,Lauren Ralph Lauren,Dress,10,29.99,0.0,,1,0.0,1,0.0
10003808,LRL VINTAGE Blue Pants,Lauren Jeans Company,Jeans/Pants,4,39.99,0.0,,1,0.0,1,0.0
10008765,LTX Orange LS Top XL,,Top,,25.0,6.25,75.0,1,0.0,1,6.25
10008764,LTX Orange LS Top XXL,,Top,,25.0,6.25,75.0,1,0.0,1,6.25
10005673,Lucky Blue Jeans,Lucky Brand,Jeans/Pants,10,32.99,0.0,,1,0.0,1,0.0
10003359,Lucky Brand Burgundy Boots,Lucky Brand,Shoes,8,24.99,14.99,40.0,1,0.0,1,14.99
10007051,Lucky Brand Heel Sandals Tan,Lucky,Top,10,15.99,0.0,,1,0.0,1,0.0
10004175,Lucky Brand Shoes,Lucky Brand,Shoes,8,35.99,0.0,,1,0.0,1,0.0
10003822,Lucky Brand Tan & Black Sweater,Lucky Brand,Sweater/Cardigan,S,34.99,0.0,,1,0.0,1,0.0
10004677,lucky brand swter gry,Lucky Brand,Other,S,29.99,0.0,,1,0.0,1,0.0
10002751,Lucky BrandLS Top_Ke,Lucky Brand,Top,,26.99,0.0,,1,0.0,1,0.0
10007433,Lucky Brands Camo Pants,,Jeans/Pants,6,19.99,0.0,,1,0.0,1,0.0
10000890,Lucky BrandSS Top_Za,Lucky Brand,Top,,1.0,0.0,,0,0.0,0,0.0
10001136,Lucky BrandSS Top_Za,Lucky Brand,Top,,1.0,0.0,,0,0.0,0,0.0
10001337,Lucky BrandSS Top_Za,Lucky Brand,Top,,1.0,0.0,,0,0.0,0,0.0
10001810,Lucky BrandSS Top_Za,Lucky Brand,Top,,1.0,0.0,,0,0.0,0,0.0
10001837,Lucky BrandSS Top_Za,Lucky Brand,Top,,1.0,0.0,,0,0.0,0,0.0
10001908,Lucky BrandSS Top_Za,Lucky Brand,Top,,1.0,0.0,,0,0.0,0,0.0
10002082,Lucky BrandSS Top_Za,Lucky Brand,Top,,1.0,0.0,,0,0.0,0,0.0
10002332,Lucky BrandSS Top_Za,Lucky Brand,Top,,24.99,0.0,,0,0.0,0,0.0
10002525,Lucky BrandSS Top_Za,Lucky Brand,Top,,24.99,0.0,,0,0.0,0,0.0
10002028,Lucky BrandSweater_Ge,Lucky Brand,Sweater/Cardigan,,24.99,0.0,,1,0.0,1,0.0
10007518,Lucky Legend Red Pants,,Jeans/Pants,M,31.99,0.0,,1,0.0,1,0.0
10004466,LuckyB BlueJeans,Lucky Brand,Jeans/Pants,8,22.99,0.0,,1,0.0,1,0.0
10005328,LuckyB RedWhiBlShirt,Lucky Brand,Top,XS,22.99,0.0,,1,0.0,1,0.0
10005057,LuckyBrand FluerDeLis Shirt Blk&Wht,Lucky Brand,Top,S,16.99,0.0,,1,0.0,1,0.0
10005777,LuckyBrand Blk&TanBlouse,Lucky Brand,Top,L,27.99,0.0,,1,0.0,1,0.0
10006806,LuckyBrand GreySweater,Lucky Brand,Sweater/Cardigan,L,25.99,0.0,,1,0.0,1,0.0
10006138,LuckyBrand PnkRedLongSlve,Lucky Brand,Other,XS,22.99,0.0,,1,0.0,1,0.0
10005404,LuckyBrand RedbttnBlouse,Lucky Brand,Top,XL,18.99,0.0,,1,0.0,1,0.0
10006801,LuckyBrand USAlongsleeve,Lucky Brand,Other,S,23.99,0.0,,1,0.0,1,0.0
10004576,Lucy in the Sky Black Sequin Mini Dress,Lucy in the Sky,Dress,M,20.99,0.0,,1,0.0,1,0.0
10004337,Luii Black Fashion Trenchcoat,Luii,Jacket/Coat,M,49.99,0.0,,1,0.0,1,0.0
10006461,LulaRoe Orange Floral Shawl,LulaRoe,Other,L,49.99,0.0,,1,0.0,1,0.0
10006342,Lulus Black Floral Bodysuit,Lulus,Top,L,25.99,0.0,,1,0.0,1,0.0
10007221,Lulus Blue SL Dress,Lulus,Dress,M,18.99,0.0,,1,0.0,1,0.0
10006997,Lulus Blue White Detail Skirt,Lulus,Skirt,XL,18.99,0.0,,1,0.0,1,0.0
10008507,Lulus Floral Smock Crop Top M,,Top,,18.99,5.3,72.1,1,0.0,1,5.3
10006083,lulus crptop blk,Lulus,Other,S,12.99,0.0,,1,0.0,1,0.0
10004595,Lush Black Chiffon Dress,Lush,Dress,M,25.99,0.0,,1,0.0,1,0.0
10004459,Lush BlkBlouse,Lush,Top,M,18.99,0.0,,1,0.0,1,0.0
10008575,Lush BlkDress,Lush,Dress,XS,22.99,8.0,65.2,1,0.0,1,8.0
10004931,Lush MulticolDress,Lush,Dress,S,24.99,0.0,,1,0.0,1,0.0
10002857,LushLS Top_Ro,Lush,Top,,35.99,0.0,,0,0.0,0,0.0
10007662,Luxe LS Blouse Green S,,Top,,17.99,7.0,61.1,1,0.0,1,7.0
10005842,Luxe Pink Floral Tank,Luxe,Top,S,15.99,0.0,,1,0.0,1,0.0
10008191,Lyn Burcher Clay Orange Top,Lyn Burcher,Top,L,27.99,6.0,78.6,1,0.0,1,6.0
10003784,M Jeans Dusty Pink Pants,M Jeans,Jeans/Pants,10,24.99,0.0,,1,0.0,1,0.0
10008657,M USA Black Top Lace Detail,M Usa,Top,L,21.99,5.5,75.0,1,0.0,1,5.5
10007600,Maariyah Green White Halter Top XS,,Top,,14.99,0.0,,1,0.0,1,0.0
10005135,Mable Purple LS Crop Top,Mable,Top,S,15.99,0.0,,1,0.0,1,0.0
10006166,Mable SilverSparkleSkirt,Mable,Skirt,S,28.99,0.0,,1,0.0,1,0.0
10008312,Mac & Jac Green Blazer,Mac & Jac,Jacket/Coat,XL,45.0,11.25,75.0,1,0.0,1,11.25
10008528,Madden Girl Flower Cork 7.5,,Other,,37.99,27.25,28.3,1,0.0,1,27.25
10002658,Madden NYCTank Top_Su,Madden NYC,Top,,21.99,0.0,,1,0.0,1,0.0
10003599,MaddenGirl SilverBag,Madden Girl,Accessories,,18.99,0.0,,1,0.0,1,0.0
10005864,Madewell Black Buttondown Cardigan,Madewell,Sweater/Cardigan,L,32.99,0.0,,1,0.0,1,0.0
10003517,Madewell Bluejeans,Madewell,Jeans/Pants,L,32.99,0.0,,1,0.0,1,0.0
10007630,Madewell Green Bodysuit,,Top,S,29.99,0.0,,1,0.0,1,0.0
10006990,Madewell Jean Skirt,Madewell,Skirt,26,29.99,0.0,,1,0.0,1,0.0
10003789,Madewell Long Sleeve Black,Madewell,Other,S,31.99,0.0,,1,0.0,1,0.0
10007482,Madewell Pink WindbreakerSize M,,Other,,32.99,0.0,,1,0.0,1,0.0
10005222,Madewell Tank Top Light Green,Madwell,Top,S,12.99,0.0,,1,0.0,1,0.0
10005037,Madewell Jeans Grey,Madewell,Jeans/Pants,0,25.99,0.0,,1,0.0,1,0.0
10005035,Madewell Sknny Jeans,Madewell,Jeans/Pants,0,24.99,0.0,,1,0.0,1,0.0
10006028,Madewell DenimTop,Madewell,Jeans/Pants,XS,24.99,0.0,,1,0.0,1,0.0
10003587,Madewell PinkPant,Madewell,Jeans/Pants,8,27.99,0.0,,1,0.0,1,0.0
10004941,Madewell WhiteDress,Madewell,Dress,12,32.99,0.0,,1,0.0,1,0.0
10003015,MadewellButton Down_Fr,Madewell,Other,,24.99,0.0,,1,0.0,1,0.0
10000429,MadewellJeans,Madewell,Jeans/Pants,,1.0,0.0,,0,0.0,1,0.0
10001189,MadewellJeans,Madewell,Jeans/Pants,,1.0,0.0,,0,0.0,0,0.0
10001209,MadewellJeans,Madewell,Jeans/Pants,,1.0,0.0,,0,0.0,0,0.0
10002586,MadewellJeans,Madewell,Jeans/Pants,,25.99,0.0,,1,0.0,0,0.0
10001414,MadewellJeans_Vi,Madewell,Jeans/Pants,,1.0,0.0,,0,0.0,1,0.0
10003007,MadewellJeans_Vi,Madewell,Jeans/Pants,,32.99,0.0,,1,0.0,0,0.0
10007925,Madison & Berk Beige Velvet Crop Top,Madison & Berkeley,Top,S,24.99,0.0,,1,0.0,1,0.0
10008179,Madison Red Pattern SS Top,Madison,Top,L,31.99,6.0,81.2,1,0.0,1,6.0
10003828,Madwell Straight Leg Jean,Madwell,Jeans/Pants,4,29.99,0.0,,1,0.0,1,0.0
10006933,Madwell WhiCroptop,Madewell,Top,M,24.99,0.0,,1,0.0,1,0.0
10008148,maeve black lace skirt,Maeve,Skirt,2,33.99,8.0,76.5,1,0.0,1,8.0
10005128,Maeve Brown Orange Stitch LS Dress,Maeve,Dress,S,24.99,0.0,,1,0.0,1,0.0
10005155,Maeve Sheer Floral Top Multicolor,Maeve,Top,XS,24.99,0.0,,1,0.0,1,0.0
10003715,Magenta Fur-Lined Coat,Unknown,Jacket/Coat,S,26.99,0.0,,1,0.0,1,0.0
10007546,Main Strip Black Skirt,,Skirt,M,20.0,0.0,,1,0.0,1,0.0
10008305,MainEvents BrownSliponShoe,Main Events,Shoes,7,35.99,0.0,,1,0.0,1,0.0
10008505,Maison d Amelie Floral Satin Pants M,,Jeans/Pants,,33.99,8.3,75.6,1,0.0,1,8.3
10005505,Maison Jules Red Sweater w Hearts,Maison Jules,Sweater/Cardigan,S,25.99,0.0,,1,0.0,1,0.0
10003679,maison jules jkt blk,Maison Jules,Jacket/Coat,S,25.99,0.0,,1,0.0,1,0.0
10005130,Majorelle Black & Floral Sheer LS Crop Top,Majorelle,Top,XL,21.99,0.0,,1,0.0,1,0.0
10003873,Man Nat Teal Embroidered Longsleeve Dress,Man Nat,Dress,M,25.99,0.0,,1,0.0,1,0.0
10007391,Maner OmbreSequinSkirt,Maner,Skirt,S,22.99,0.0,,1,0.0,1,0.0
10008775,Mangosteen Black TN Tshirt,Mangosteen,Top,XL,15.0,3.75,75.0,1,0.0,1,3.75
10006928,Maniju WhiteDress,Maniju,Dress,S,27.99,0.0,,1,0.0,1,0.0
10007403,MantanaW Wrislet,Mantana West,Other,,15.99,0.0,,1,0.0,1,0.0
10008726,Marc Andrews Burgundy LS Top M,,Top,,20.99,4.5,78.6,1,0.0,1,4.5
10008415,Marc New York Green Vest Jacket M,,Jacket/Coat,,44.99,11.25,75.0,1,0.0,1,11.25
10003823,Marc NY Burgundy Pleather Skirt,Marc New York,Skirt,L,35.99,0.0,,1,0.0,1,0.0
10007245,Marciano Pink Blazer,,Jacket/Coat,4,28.99,0.0,,1,0.0,1,0.0
10007209,Mardini Black Leather Vest,Mardini,Top,L,39.99,0.0,,1,0.0,1,0.0
10007655,Margon Italy Top,,Top,L,69.99,0.0,,1,0.0,1,0.0
10004646,Maria Bonita Dress,Maria Bonita,Dress,M,31.99,0.0,,1,0.0,1,0.0
10003666,maria jose navarro blouse blk,Maria Jose Navarro,Top,S,35.99,0.0,,1,0.0,1,0.0
10008642,Maria Pinto Purple Bustier M,,Other,,75.99,19.0,75.0,1,0.0,1,19.0
10003687,Marie Oliver Ppl Patterned Blouse,Marie Oliver,Top,M,32.99,0.0,,1,0.0,1,0.0
10008240,Marilyn Monroe Pink Camisole L,,Top,,19.99,6.0,70.0,1,0.0,1,6.0
10002630,Marilyn MonroeTank Top_Gr,Marilyn Monroe,Top,,15.99,0.0,,1,0.0,1,0.0
10008542,Markay PinkBag,Markay,Accessories,,45.99,0.0,,1,0.0,1,0.0
10004005,Marled,Marled,Other,,21.99,0.0,,1,0.0,1,0.0
10008146,marled green knit blouse,Marled,Sweater/Cardigan,S,19.99,8.0,60.0,1,0.0,1,8.0
10004020,MarlowePants_My,Marlowe,Jeans/Pants,,75.99,0.0,,1,0.0,1,0.0
10004239,Maroon Long Sleeve Crop,Kimchi Blue,Other,,21.99,0.0,,1,0.0,1,0.0
10003306,Marques Almeda Black Top,Marques Almeda,Top,,75.99,0.0,,1,0.0,1,0.0
10005550,Marvel Black Tshirt,Marvel,Top,L,19.99,0.0,,1,0.0,1,0.0
10003661,massimo fabbro pant plad,Massimo Fabbro,Jeans/Pants,4,26.99,0.0,,1,0.0,1,0.0
10004082,Massini Black Leather Block Jacket,Massini,Jacket/Coat,L,32.99,0.0,,1,0.0,1,0.0
10007990,Matilda Jane Blue Green LS Dress,Matilda Jane,Dress,S,24.99,0.0,,1,0.0,1,0.0
10007828,Matilda June White Top M,,Top,,59.99,41.2,31.3,1,0.0,1,41.2
10007666,Maurice's Black Sparkly Top S,,Top,,23.99,12.0,50.0,1,0.0,1,12.0
10005201,Maurices American Guitar White Tshirt,Maurices,Top,S,12.99,0.0,,1,0.0,1,0.0
10007277,Maurices Multi-Color Top,,Top,L,18.99,0.0,,1,0.0,1,0.0
10007255,Maurices SS Top Pink,,Top,S,21.99,0.0,,1,0.0,1,0.0
10004281,Maurices Floral Embroidered Sweater,Maurices,Sweater/Cardigan,M,21.99,0.0,,1,0.0,1,0.0
10005391,maurices tshrt gry,Maurices,Shorts,XL,13.99,0.0,,1,0.0,1,0.0
10007369,Mavinelle BrnPatternSheerDress,Mavinelle,Dress,M,38.99,0.0,,1,0.0,1,0.0
10005497,Max Studio Black Satin Jumpsuit,Max Studio Specialty Products,Romper/Jumpsuit,XS,28.99,0.0,,1,0.0,1,0.0
10008495,Max Studio Black Sequin Lace Top XXL,,Top,,17.99,4.99,72.3,1,0.0,1,4.99
10007461,Max Studio Black SS Dress,Max Studio,Dress,S,31.99,0.0,,1,0.0,1,0.0
10006451,Max Studio Brown & White Top,Max Studio,Top,M,24.99,0.0,,1,0.0,1,0.0
10005839,Max Studio Dark Blue Floral SL Top,Max Studio,Top,S,24.99,0.0,,1,0.0,1,0.0
10006834,max studio pink tanktop,Max Studio,Top,S,18.99,0.0,,1,0.0,1,0.0
10008399,Max Studio Purple Dress S,,Dress,,33.99,8.5,75.0,1,0.0,1,8.5
10007017,Max Studio Suede Tan Pants,Max Studio,Jeans/Pants,L,22.99,0.0,,1,0.0,1,0.0
10005760,MaxStudio BlkDetailedSkirt,Max Studio,Skirt,XS,24.99,0.0,,1,0.0,1,0.0
10004861,MaxXCo BrwnMetalicSkirt,Max X Co,Skirt,12,32.99,0.0,,1,0.0,1,0.0
10007589,Maze Collection Black Pants,,Jeans/Pants,M,26.99,0.0,,1,0.0,1,0.0
10008084,McDowell VNTAGE Rhnstne Hat,Shellie McDowell,Accessories,,250.0,80.0,68.0,1,0.0,1,80.0
10007511,Meadow Rue Pink SS Top M,,Top,,23.99,0.0,,1,0.0,1,0.0
10003875,Melody Gray Intimate Skirt,Melody,Skirt,L,22.99,0.0,,1,0.0,1,0.0
10004966,Merc Black Floral Pattern Skirt,Mercantile by JCrew,Skirt,6,25.99,0.0,,1,0.0,1,0.0
10004911,Merrell BrownClogShoe,Merrell,Shoes,11,29.99,0.0,,1,0.0,1,0.0
10006596,Metal Chain Necklace,Unknown,Accessories,,12.99,0.0,,1,0.0,1,0.0
10006737,Metal Scales Belt Buckle with Rhinestones,Unknown,Accessories,,42.99,0.0,,1,0.0,1,0.0
10004388,MeToo BlackShoes,Me Too,Shoes,9,29.99,0.0,,1,0.0,1,0.0
10005670,Metropolitan Multi Color Top One Size,Metropolitan,Top,,14.99,0.0,,1,0.0,1,0.0
10006417,MFL GreenZipUp,Made For Life,Other,M,18.99,0.0,,1,0.0,1,0.0
10004611,Mi Ami Burgundy Velvet Dress,Mi Ami,Dress,XL,18.99,0.0,,1,0.0,1,0.0
10004229,Michael Kors Black Leather Heel Silver Toe,Michael Kors,Shoes,9,65.0,0.0,,1,0.0,1,0.0
10005645,Michael Kors Black LS Top,Michael Kors,Top,M,29.99,0.0,,1,0.0,1,0.0
10006646,michael kors blue textured short dress,Michael Kors,Dress,6,25.99,0.0,,1,0.0,1,0.0
10008257,Michael Kors Brown Crossbody Purse,,Top,,64.99,28.0,56.9,1,0.0,1,28.0
10005942,Michael Kors Tan Medium Bag w Tassel,Michael Kors,Top,,85.99,0.0,,1,0.0,1,0.0
10003629,michael kors blouse prp,Michael Kors,Top,4,25.99,0.0,,1,0.0,1,0.0
10006897,MichaelKors RedWhiStripeTop,Michael Kors,Other,L,21.99,0.0,,1,0.0,1,0.0
10005027,MichaelStars Thermal Grey,Michael Stars,Top,M,28.99,0.0,,1,0.0,1,0.0
10004033,"MIckey, IncTee Shirt_MM","MIckey, Inc",Top,,23.99,0.0,,1,0.0,1,0.0
10004426,MidiDress Blk,Ann Taylor,Dress,4,31.99,0.0,,1,0.0,1,0.0
10004419,MidiDress MultiColor,Intropia,Dress,XS,28.99,0.0,,1,0.0,1,0.0
10007233,Midnight Doll Floral Top,,Top,L,18.99,0.0,,1,0.0,1,0.0
10008799,Midnight Doll Orante White Floral L,,Other,,19.99,5.0,75.0,1,0.0,1,5.0
10008686,Midnight Sky Blue Blouse L,,Top,,14.99,4.5,70.0,1,0.0,1,4.5
10005763,Midnight Blk&WhiTop,Midnight,Other,L,15.99,0.0,,1,0.0,1,0.0
10005516,Migsuided Black Dress Sheer Puff Sleeves,Misguided,Dress,4,18.99,0.0,,1,0.0,1,0.0
10006285,Milena Nicole Black SL Top,Milena Nicole,Top,M,29.99,0.0,,1,0.0,1,0.0
10007223,Mimi Chica Green Floral SL Dress,Mimi Chica,Dress,XS,18.99,0.0,,1,0.0,1,0.0
10003499,Mine Pants Black,Mine,Jeans/Pants,M,22.99,0.0,,1,0.0,1,0.0
10000304,Mine Tank Top Yellow,Mine,Top,,15.99,0.0,,1,0.0,1,0.0
10000430,Mine Tank Top Yellow,Mine,Top,,1.0,0.0,,0,0.0,0,0.0
10008587,Mine BlkShrTop,Mine,Shorts,M,12.99,8.0,38.4,1,0.0,1,8.0
10006356,Mine Blue&YllwTop,Mine,Other,S,14.99,0.0,,1,0.0,1,0.0
10008491,Minimalist Tan Collarless Jacket L,,Jacket/Coat,,49.99,8.5,83.0,1,0.0,1,8.5
10008648,Minkpink Pink Sleeveless Top XS,,Top,,24.99,6.25,75.0,1,0.0,1,6.25
10005873,MINS Brown Knit SS,Mins,Sweater/Cardigan,M,35.99,0.0,,1,0.0,1,0.0
10006690,Mint Green Lingerie Top,Unknown,Top,M,19.99,0.0,,1,0.0,1,0.0
10006647,mint julep yellow floral maxi dress 3x,Mint Julep,Dress,,18.99,0.0,,1,0.0,1,0.0
10005874,Misia Blue and White SS w Hoodie,Misia,Top,3,28.99,0.0,,1,0.0,1,0.0
10005921,Misia Red Light Hoodie,Misia,Other,S,25.99,0.0,,1,0.0,1,0.0
10002006,Miss CaptainSkirt_Cl,Miss Captain,Skirt,,32.99,0.0,,1,0.0,1,0.0
10008144,miss me long jean skirt,Miss Me,Skirt,31,28.99,8.0,72.4,1,0.0,1,8.0
10008459,Miss Me Yellow Pants M,,Jeans/Pants,,27.99,5.5,80.4,1,0.0,1,5.5
10007234,Miss Sixty Green Dress,,Dress,M,75.99,0.0,,1,0.0,1,0.0
10005445,Missguided Satin Crop Blk,Missguided,Top,12,15.99,0.0,,1,0.0,1,0.0
10003678,missguided blouse blk,Missguided,Top,8,25.99,0.0,,1,0.0,1,0.0
10006910,MissMe JeweledJeanSkirt,Miss Me,Skirt,27,27.99,0.0,,1,0.0,1,0.0
10008222,Missoni Black Gold Knit Skirt M,,Skirt,L,65.99,16.0,75.8,1,0.0,1,16.0
10008740,Missoni Brown Dress,,Dress,M,40.0,10.0,75.0,1,0.0,1,10.0
10008075,MissRita OrangeDress,Miss Rita,Dress,S,35.99,0.0,,1,0.0,1,0.0
10007347,Mixed Metal Cuff Bracelet,Unknown,Accessories,,13.99,0.0,,1,0.0,1,0.0
10004215,Mixed Metal Necklace,,Accessories,,12.99,0.0,,1,0.0,1,0.0
10008150,moa moa pink lace corset top,Moa Moa,Top,XL,19.99,8.0,60.0,1,0.0,1,8.0
10007479,Mod Ref White Jacket,,Jacket/Coat,L,46.99,0.0,,1,0.0,1,0.0
10007573,Moda Int. LS Top,,Top,XS,31.99,0.0,,1,0.0,1,0.0
10008695,Moda Intl Black Dress XS,,Dress,,24.99,8.0,68.0,1,0.0,1,8.0
10005876,Modern Citizen Brown Cardigan,Modern Citizen,Sweater/Cardigan,XL,32.99,0.0,,1,0.0,1,0.0
10007272,Molly Bracken Top Blue,,Top,S,25.99,0.0,,1,0.0,1,0.0
10005106,Molly G Gray Velvet Crop Top,Molly Green,Top,S,6.99,0.0,,1,0.0,1,0.0
10003954,Molly Green Pink Mint Sequin Dress NWT,Molly Green,Dress,L,41.99,0.0,,1,0.0,1,0.0
10003401,Molly Green Pants Pink,Molly Green,Jeans/Pants,S,32.99,0.0,,1,0.0,1,0.0
10008458,Molly Green Pink White Shorts S,,Shorts,,19.99,12.9,35.5,1,0.0,1,12.9
10008544,MollyB MulticolFloralTop,Molly Bracken,Other,M,27.99,0.0,,1,0.0,1,0.0
10006921,MollyB WhiteFlwrPoofySkirt,Molly Bracken,Skirt,S,29.99,0.0,,1,0.0,1,0.0
10007537,Mondetta Grey Fleece,,Other,M,22.99,0.0,,1,0.0,1,0.0
10008136,monteau black sleeveless blouse,Monteau,Top,L,21.99,8.0,63.6,1,0.0,1,8.0
10007228,Monteau Dress Beige,,Dress,S,28.99,0.0,,1,0.0,1,0.0
10005668,Monteau Dusty Pink Lace Top,Monteau,Top,L,19.99,0.0,,1,0.0,1,0.0
10004267,Monteau LA Pink Slip Dress,Monteau Los Angeles,Dress,S,25.99,0.0,,1,0.0,1,0.0
10008663,Monteau Purple SS Top L,,Top,,11.99,3.0,75.0,1,0.0,1,3.0
10004840,Monteau Red SS Tie Front Shirt,Monteau Los Angeles,Top,XL,24.99,0.0,,1,0.0,1,0.0
10008289,Monteau Blue&WhiCroptop,Monteau,Top,S,14.99,0.0,,1,0.0,1,0.0
10006885,Monteau RedpolkadotTop,Monteau,Other,S,18.99,0.0,,1,0.0,1,0.0
10008552,Monteau WhilaceTop,Monteau,Other,M,25.99,0.0,,1,0.0,1,0.0
10007067,Montego Bay Club Espadrille,Montego Bay Club,Other,8,22.99,0.0,,1,0.0,1,0.0
10007078,Montego Bay Club Sandals,,Top,7,22.99,0.0,,1,0.0,1,0.0
10007897,Montego Bay Shoes 7.5,,Shoes,,19.99,9.25,53.7,1,0.0,1,9.25
10003463,Moon Collection Dress Brown,Moon Collection,Dress,S,33.99,0.0,,1,0.0,1,0.0
10005753,Moon Collection White Skirt,Moon Collection,Skirt,S,24.99,0.0,,1,0.0,1,0.0
10002134,Moon X MadisonSweater_Dr,Moon X Madison,Sweater/Cardigan,,1.0,0.0,,0,0.0,0,0.0
10008694,Moonlight Bay Blue Black Sweater L,,Sweater/Cardigan,,28.99,8.5,70.7,1,0.0,1,8.5
10005710,Moschino VINTAGE Rare Blue Yellow Skirt,Moschino,Skirt,8,150.0,0.0,,1,0.0,1,0.0
10001470,MoschinoSkirt_Wi,Moschino,Skirt,,1.0,0.0,,0,0.0,1,0.0
10002569,MoschinoSkirt_Wi,Moschino,Skirt,,19.99,0.0,,1,0.0,0,0.0
10007032,Motel Pink Tank Top,Motel,Top,L,22.99,0.0,,1,0.0,1,0.0
10005872,Motel Sunset Pants,Motel,Jeans/Pants,S,29.99,0.0,,1,0.0,1,0.0
10006014,Moth PnkGreaySweater,Moth,Sweater/Cardigan,M,26.99,0.0,,1,0.0,1,0.0
10008675,Motto Orange Pleated Jacket L,,Jacket/Coat,,32.99,8.25,75.0,1,0.0,1,8.25
10007830,Moulinette Soeurs Dress 4,,Dress,,62.99,41.5,34.1,1,0.0,1,41.5
10007181,Moulinette Soeurs Dress Violet,,Dress,6,59.99,0.0,,1,0.0,1,0.0
10004114,MountainH Blk Althleisure,Mountain Hardware,Other,M,24.99,0.0,,1,0.0,1,0.0
10003932,Movie Star VINTAGE Pink Nightgown,Movie Star,Dress,M,36.99,0.0,,1,0.0,1,0.0
10005314,MSK MulticolFloralDress,Msk,Dress,M,24.99,0.0,,1,0.0,1,0.0
10001115,MSKMSK Sporty Dress,Msk,Dress,,18.99,0.0,,1,0.0,1,0.0
10005411,MTC BlktieCover,More To Come,Other,L,24.99,0.0,,1,0.0,1,0.0
10006472,Mudd Sheer Blue Pink Tank,Mudd,Top,M,19.99,0.0,,1,0.0,1,0.0
10004706,mudd swtr blk,Mudd,Sweater/Cardigan,XL,21.99,0.0,,1,0.0,1,0.0
10003815,Multi Color Sheer Tie Front Short Sleeve,,Shorts,XL,16.99,0.0,,1,0.0,1,0.0
10004241,Multi-Color Cardigan,Aldomartins,Sweater/Cardigan,M,150.0,0.0,,1,0.0,1,0.0
10007567,Multi-Color Halter Top,,Top,M,17.99,0.0,,1,0.0,1,0.0
10007427,Multi-Color Ring,,Accessories,,24.99,0.0,,1,0.0,1,0.0
10004257,Multi-Pattern Maroon Pullover,Under Armor,Sweater/Cardigan,,12.99,0.0,,1,0.0,1,0.0
10007954,Multi-stone Necklace,,Accessories,,17.99,8.75,51.4,1,0.0,1,8.75
10007421,MulticolFloralShirt,Unknown,Top,M,15.99,0.0,,1,0.0,1,0.0
10008347,MulticolFlowerearrings,Unknown,Accessories,,9.99,0.0,,1,0.0,1,0.0
10004944,MulticolHalter,Unknown,Top,M,21.99,0.0,,1,0.0,1,0.0
10006176,multicolored dress,Desigual,Dress,46,44.99,0.0,,1,0.0,1,0.0
10006120,Multiples Grn&Whi&OrangeJacket,Multiples,Jacket/Coat,M,32.99,0.0,,1,0.0,1,0.0
10007771,Mumu Satin Muted Brown Dress,Show me your Mumu,Dress,L,64.99,0.0,,1,0.0,1,0.0
10004601,Muse PinkDress,Muse,Dress,10,24.99,0.0,,1,0.0,1,0.0
10008066,MushroomBrwnTankTop,Unknown,Top,M,25.99,0.0,,1,0.0,1,0.0
10003885,Mustard Yellow Lace Bra,,Other,,14.99,0.0,,1,0.0,1,0.0
10005678,Mystree Pants Black & Grey,,Jeans/Pants,L,28.99,0.0,,1,0.0,1,0.0
10004194,Naf Naf Copper Shimmer Skirt,NafNaf,Skirt,10,32.99,0.0,,1,0.0,1,0.0
10005614,Nanette Hot Pink Lace Blouse,Nanette Lepore,Top,M,26.99,0.0,,1,0.0,1,0.0
10008012,Nanette L Black Fringe Skirt,Nanette Lepore,Skirt,8,29.0,7.25,75.0,1,0.0,1,0.0
10008155,Nanette L Blue Red Striped Skirt,Nanette Lepore,Skirt,8,26.99,6.75,75.0,1,0.0,1,6.75
10008438,Nanette Lepore Black Top L,,Top,,22.99,5.75,75.0,1,0.0,1,5.75
10008256,Nanette Lepore Brown Sleeveless Top 8,,Top,,23.99,8.0,66.7,1,0.0,1,8.0
10008750,Nanette Lepore Purple Dress M,,Dress,,60.0,15.0,75.0,1,0.0,1,15.0
10007058,Nanette Lepore Suede Mules Pink,Nanette Lepore,Other,9.5,14.99,0.0,,1,0.0,1,0.0
10003626,nanette lepore pant plad,Nanette Lepore,Jeans/Pants,M,22.99,0.0,,1,0.0,1,0.0
10006362,NanetteL RedDotSheerDress,Nanette Lepore,Dress,10,14.99,0.0,,1,0.0,1,0.0
10005186,NanetteLepore Midi Dress Grn,Nanette Lepore,Dress,10,24.99,0.0,,1,0.0,1,0.0
10004313,NaraCamicie BlkLaceBlouse,Nara Camicie,Top,S,45.99,0.0,,1,0.0,1,0.0
10005142,NASCAR OTW Earnheart QrtrZip Prpl,Over the Wall,Other,S,22.99,0.0,,1,0.0,1,0.0
10004345,Nashvlle GrnHotYoga Tank,Comfort Colors,Top,S,17.99,0.0,,1,0.0,1,0.0
10008386,Nation Green Sleeveless Top M,,Top,,32.99,8.25,75.0,1,0.0,1,8.25
10005569,Natural Refl Beige Crossfront Sweater,Natural Reflections,Sweater/Cardigan,XXL,21.99,0.0,,1,0.0,1,0.0
10004109,Naturalizer Blk KittenHeel,Naturalizer,Shoes,7,21.99,0.0,,1,0.0,1,0.0
10008311,NaturalLife SheerFlowerShirt,Natural Life,Top,XL,24.99,0.0,,1,0.0,1,0.0
10004319,NaughtyMonk RedFlats,Naughty Monkey,Shoes,10,34.99,0.0,,1,0.0,1,0.0
10005993,Nautica Black & White Striped SS,Nautica,Top,L,24.99,0.0,,1,0.0,1,0.0
10004048,NauticaSS Top_Nav,Nautica,Top,,19.99,0.0,,1,0.0,1,0.0
10007521,Navy Blue LS Blouse,,Top,S,29.99,0.0,,1,0.0,1,0.0
10008393,ND Intimates Pink Nightgown XL,,Dress,,24.99,6.25,75.0,1,0.0,1,6.25
10008196,Neesh Orange Cropped Sweater,Neesh,Sweater/Cardigan,M,26.99,6.0,77.8,1,0.0,1,6.0
10008510,New Directions Black Sleeveless Top M,,Top,,19.99,13.15,34.2,1,0.0,1,13.15
10006568,New Directions Blue Green Top,New Directions,Top,XL,18.99,0.0,,1,0.0,1,0.0
10008660,New Directions Sleeveless Top L,,Top,,21.99,5.5,75.0,1,0.0,1,5.5
10004704,new directions swtr pnk,New Directions,Sweater/Cardigan,L,12.99,0.0,,1,0.0,1,0.0
10005992,New Fantasy Patterned Lemon SL Top,New Fantasy,Top,L,28.99,0.0,,1,0.0,1,0.0
10005727,New In Pink Skirt,New In,Skirt,S,21.99,0.0,,1,0.0,1,0.0
10004955,New In Sage Green Skirt,New In,Skirt,M,18.99,0.0,,1,0.0,1,0.0
10008264,New Look Sleeveless Top 16,,Top,,18.99,6.0,68.4,1,0.0,1,6.0
10007760,New with tags pink coach purse,Coach,Accessories,,315.0,0.0,,1,0.0,1,0.0
10006469,New York & Co Blue Green Top,New York X Company,Top,S,19.99,0.0,,1,0.0,1,0.0
10007526,New York Laundry Green Hoodie S,,Other,,26.99,0.0,,1,0.0,1,0.0
10005164,NewDirect Multipattern Top,New Direct,Top,XL,18.99,0.0,,1,0.0,1,0.0
10007665,Newport News Pink Crochet Top L,,Top,,27.99,12.0,57.1,1,0.0,1,12.0
10008309,NewportNews FloralSkirt,Newport News,Skirt,12,39.99,0.0,,1,0.0,1,0.0
10003713,NewYork Grey Sequin Shawl,New York X Company,Other,S,27.99,0.0,,1,0.0,1,0.0
10005208,Next Black Sheer Top,Next,Top,12,24.99,0.0,,1,0.0,1,0.0
10005085,Next Exclusive Sheer Top Rd&Wht,Next Exclusive,Top,S,12.99,0.0,,1,0.0,1,0.0
10007166,Next Tall WindbreakerBlack,,Other,10,24.99,0.0,,1,0.0,1,0.0
10003899,NFL Tn Titans Tee,NFL Team Apparel,Top,M,20.99,0.0,,1,0.0,1,0.0
10007643,Nic & Zoe Black SL Top,Nic X Zoe,Top,M,39.99,0.0,,1,0.0,1,0.0
10005946,Nic & Zoe Red Sweater,Nic X Zoe,Sweater/Cardigan,S,44.99,0.0,,1,0.0,1,0.0
10004365,Nic&Zoe MulticolorBlouse,Nic X Zoe,Top,M,21.99,0.0,,1,0.0,1,0.0
10002762,Nick X MoJacket_SB,Nick X Mo,Jacket/Coat,,35.99,0.0,,1,0.0,1,0.0
10005341,nicola bls prp spkls,Nicola,Top,S,22.99,0.0,,1,0.0,1,0.0
10006027,Nicola Multicolbttndwn,Nicola,Other,1,24.99,0.0,,1,0.0,1,0.0
10004768,Nicole Brown Blue Colorful Sleevless,Nicole Miller,Top,L,18.99,0.0,,1,0.0,1,0.0
10007826,Nicole Miller Blue Brown 6,,Other,,195.99,50.0,74.5,1,0.0,1,171.0
10005672,Nicole Miller Colorful Silk Tank,Nicole Miller,Top,S,14.99,0.0,,1,0.0,1,0.0
10003958,Nicole Miller Sequin Jumpsuit,Nicole Miller,Romper/Jumpsuit,L,29.99,0.0,,1,0.0,1,0.0
10004836,Nicole Miller SL Colorful Silk Tank,Nicole Miller,Top,S,14.99,0.0,,2,0.0,2,0.0
10001110,Nicole Miller Tan Cardigan,Nicole Miller,Sweater/Cardigan,,19.99,0.0,,1,0.0,1,0.0
10005840,Nie & Zoe Red SS Knit Top,Nie & Zoe,Sweater/Cardigan,S,20.99,0.0,,1,0.0,1,0.0
10007504,Nike Grey Pink Sweatshirt,,Top,XL,19.99,0.0,,1,0.0,1,0.0
10008391,Nike Orange Tenn. Sweatshirt L,,Top,,29.99,7.5,75.0,1,0.0,1,7.5
10008400,Nike VFL Orange T-Shirt L,,Top,,18.99,4.75,75.0,1,0.0,1,4.75
10008009,NikiBiki Black Bodycon Dress 1 One Size,NikiBiki,Dress,,18.99,4.75,75.0,1,0.0,1,0.0
10008010,NikiBiki Black Bodycon Dress 2 One Size,NikiBiki,Dress,,18.99,4.75,75.0,1,0.0,1,0.0
10008018,NikiBiki Leopard Dress 1 One Size,NikiBiki,Dress,,19.0,4.75,75.0,1,0.0,1,4.75
10008020,NikiBiki Leopard Dress 2 One Size,NikiBiki,Dress,,19.0,4.75,75.0,1,0.0,1,4.75
10002887,Nina DrakeBlazer_X,Nina Drake,Jacket/Coat,,29.99,0.0,,1,0.0,1,0.0
10008269,Nine & Company Brown Sweater M,,Sweater/Cardigan,,18.99,6.0,68.4,1,0.0,1,6.0
10006569,Nine West B & W Blue SL Top,Nine West,Top,XXL,14.99,0.0,,1,0.0,1,0.0
10004610,Nine West Black Dress,Nine West,Dress,14,24.99,0.0,,1,0.0,1,0.0
10007361,Nine West Brown Strappy Heel,Nine West,Shoes,7,22.99,0.0,,1,0.0,1,0.0
10003756,Nine West Dark Blue Ruffle Sleeveless,Nine West,Top,,21.99,0.0,,1,0.0,1,0.0
10004482,Nine West Floral Dress,Nine West,Dress,XXL,29.99,0.0,,1,0.0,1,0.0
10006818,Nine West Jean Shorts,Nine West,Shorts,8,18.99,0.0,,1,0.0,1,0.0
10006373,Nine West Leather Belt,Nine West,Accessories,L,19.99,0.0,,1,0.0,1,0.0
10007920,Nine West Orange & Pink Dress,Nine West,Dress,L,29.99,0.0,,1,0.0,1,0.0
10007520,Nine West Red LS Blouse,,Top,S,18.99,0.0,,1,0.0,1,0.0
10006628,nine west short brown leather boots,Nine West,Shorts,,18.99,0.0,,1,0.0,1,0.0
10007980,Nine West Silver Shoes 5,,Shoes,,38.99,0.0,,1,0.0,1,0.0
10003747,Nine West Silver Wallet,Nine West,Accessories,,12.99,0.0,,1,0.0,1,0.0
10002684,Nine WestJacket_W5,Nine West,Jacket/Coat,,35.99,0.0,,1,0.0,1,0.0
10008407,Ninety Brown Orange LS Top,Ninety,Top,XL,24.99,6.25,75.0,1,0.0,1,6.25
10004276,NineWest Pink Multi-Pattern Jacket,Nine West,Jacket/Coat,XL,23.99,0.0,,1,0.0,1,0.0
10005398,ninewest tank red,Nine West,Top,XL,17.99,0.0,,1,0.0,1,0.0
10005538,Ninexis Tan Bodysuit LS,Ninexis,Top,XL,22.99,0.0,,1,0.0,1,0.0
10000100,NKN NekaneSweater_YF,NKN Nekane,Sweater/Cardigan,,19.99,0.0,,1,0.0,1,0.0
10005416,NLW FloralSleevlessJumper,Nlw,Top,M,24.99,0.0,,1,0.0,1,0.0
10005136,No Boundaries Gray Jean Crop Top,No Boundaries,Jeans/Pants,L,13.99,0.0,,1,0.0,1,0.0
10004850,No Boundaries White Crop Top Pink FL,No Boundaries,Top,11,14.99,0.0,,1,0.0,1,0.0
10008361,Noa RedGemTop,Noa,Other,L,41.99,0.0,,1,0.0,1,0.0
10003779,Nocona Tan Cowgirl Boots,Nocona Boots,Shoes,9,54.99,0.0,,1,0.0,1,0.0
10008707,North End Red White Top S,,Top,,24.99,6.5,74.0,1,0.0,1,6.5
10007509,North Face Orange Fleece M,,Other,,23.99,0.0,,1,0.0,1,0.0
10005139,Northeast Flannel BttnDwn Bl&Wht,Northeast Outfitters,Other,M,18.99,0.0,,1,0.0,1,0.0
10007538,Norton Studio Pink LS Top,,Top,XXL,26.99,0.0,,1,0.0,1,0.0
10003454,Not Your Daughter's Jeans Bluejeans,Not Your Daughters Jeans,Jeans/Pants,6,28.99,0.0,,1,0.0,1,0.0
10005289,Notations BlkFloralTop,Notations,Other,XL,21.99,0.0,,1,0.0,1,0.0
10005390,notations tank blk wht,Notations,Top,XL,22.99,0.0,,1,0.0,1,0.0
10008417,Nouveaux Yellow Asian Skirt 12,,Skirt,,24.99,6.25,75.0,1,0.0,1,6.25
10006785,Novica BlkBeadedCardigan,Novica,Sweater/Cardigan,S,44.99,0.0,,1,0.0,1,0.0
10005424,NR GrnSet,Natural Reflections,Set,L,28.99,0.0,,1,0.0,1,0.0
10007424,NWOT Franco Sarto Shoes,,Shoes,8,45.99,0.0,,1,0.0,1,0.0
10007264,NWOT Free People Dress,,Dress,M,25.99,0.0,,1,0.0,1,0.0
10007434,NWOT Naturalizer Brown Shoes 6.5,,Shoes,,49.99,0.0,,1,0.0,1,0.0
10008767,NWOT Timing Orange Top Real XS,,Top,,12.0,3.0,75.0,1,0.0,1,3.0
10007625,NWT 80 Park LS Black Top L,,Top,,22.99,5.75,75.0,1,0.0,1,5.75
10007288,NWT Adelyn Rae Top Beige,,Top,M,32.99,0.0,,1,0.0,1,0.0
10007620,NWT Adrianna Papell Gold LS Top XL,,Top,,24.99,6.25,75.0,1,0.0,1,6.25
10008460,NWT Alden Adair Yellow Floral S,,Other,,79.99,32.0,60.0,1,0.0,1,32.0
10007103,NWT Altar'd State Pink Fringe Top,Altar'd State,Top,XS,15.99,0.0,,1,0.0,1,0.0
10006496,NWT AmerDarling Pink Leather Shoulder Bag,,Accessories,,260.0,231.07,11.1,1,0.0,1,231.07
10005388,NWT ann taylor bls prp,Ann Taylor,Top,L,22.99,0.0,,1,0.0,1,0.0
10006781,NWT Anthropologie Reformation Top,Reformation,Top,L,75.99,0.0,,1,0.0,1,0.0
10007615,NWT Ardashian Black Skirt,,Skirt,L,24.99,0.0,,1,0.0,1,0.0
10007823,NWT Caballero Top,,Top,M,134.99,111.25,17.6,1,0.0,1,111.25
10007622,NWT Calvin Klein Black Dress,,Dress,8,24.99,6.25,75.0,1,0.0,1,6.25
10007258,NWT Ciebon Multi-Color Dress,,Dress,L,75.99,0.0,,1,0.0,1,0.0
10007842,NWT Coach Leather May Tote,,Accessories,,299.99,256.68,14.4,1,0.0,1,256.68
10004701,NWT coach 1964 suede fringe tan,Coach,Accessories,,325.0,0.0,,1,0.0,1,0.0
10007105,NWT Cozy Rozy Black Floral Cami,Cozy Rozy,Top,M,15.99,0.0,,1,0.0,1,0.0
10008659,NWT Democracy Pink SS Top XL,,Top,,21.99,5.5,75.0,1,0.0,1,5.5
10006272,NWT Desigual Jacket,Desigual NWT,Jacket/Coat,8,250.0,0.0,,1,0.0,1,0.0
10008416,NWT DO + BE floral skirt S,,Skirt,,27.99,7.0,75.0,1,0.0,1,7.0
10005475,NWT draper james bls prp,Draper James,Top,L,32.99,0.0,,1,0.0,1,0.0
10006622,NWT Eliza J Dress Black & White,,Dress,12,44.99,0.0,,1,0.0,1,0.0
10007616,NWT EnFocus Studio Dress 12,,Dress,,23.99,0.0,,1,0.0,1,0.0
10007635,NWT Espresso Gold Grey Dress L,,Dress,,21.99,0.0,,1,0.0,1,0.0
10008471,NWT FarmRio LS Top XS,,Top,,109.99,40.0,63.6,1,0.0,1,40.0
10008037,NWT Flax Black Pants,,Jeans/Pants,M,25.0,6.25,75.0,1,0.0,1,6.25
10008746,NWT Foxblood Black Dress L,,Dress,,39.0,9.75,75.0,1,0.0,1,9.75
10008744,NWT Foxblood Black Dress XL,,Dress,,39.0,9.75,75.0,1,0.0,1,9.75
10008749,NWT Foxblood Shawl OSFM,,Other,,25.0,6.25,75.0,2,0.0,2,12.5
10003566,NWT Free People LS Top Black,Free People NWT,Top,XS,33.99,0.0,,1,0.0,1,0.0
10007574,NWT Free People Mulberry Pants M,,Jeans/Pants,,38.99,0.0,,1,0.0,1,0.0
10007624,NWT Hearts & Hips Black Dress L,,Dress,,18.99,4.75,75.0,1,0.0,1,4.75
10007617,NWT Jane Delancey LS Top Brown M,,Top,,23.99,0.0,,1,0.0,1,0.0
10007039,NWT JCrew Pink & White Dress,JCrew,Dress,XS,36.99,0.0,,1,0.0,1,0.0
10008239,NWT Liliana Beige Sequin Blouse M,,Top,,25.99,10.9,58.1,1,0.0,1,10.9
10007900,NWT Liz Claiborne Brown Hat,,Accessories,,24.99,10.9,56.4,1,0.0,1,10.9
10008453,NWT Loft Orange Shorts 8,,Shorts,,28.99,15.0,48.3,1,0.0,1,15.0
10008499,NWT M McDowell Orange Dress L,,Dress,,31.99,17.25,46.1,1,0.0,1,17.25
10007276,NWT Maje Black Top,,Top,S,22.99,0.0,,1,0.0,1,0.0
10007633,NWT Nanette Lepore Black Dress 0,,Dress,,44.99,0.0,,1,0.0,1,0.0
10007623,NWT Nina Leonard Black Dress,,Dress,L,23.0,5.75,75.0,1,0.0,1,5.75
10007663,NWT Once Again Black Design Top L,,Top,,39.99,16.0,60.0,1,0.0,1,16.0
10003531,NWT Onyx LS Top Red,Onyx,Top,XL,34.99,0.0,,1,0.0,1,0.0
10007439,NWT Philomenia Petti Cardigan M,,Sweater/Cardigan,,25.99,0.0,,1,0.0,1,0.0
10008029,NWT Pink Shear Long Cardigan OSFA,,Sweater/Cardigan,,27.0,6.75,75.0,1,0.0,1,6.75
10005746,NWT Rock & Republic Black Top,Rock & Republic,Top,S,24.99,0.0,,1,0.0,1,0.0
10003546,NWT Rolla's Pants Beige,Rollaxs NWT,Jeans/Pants,32,69.99,24.0,65.7,1,0.0,1,24.0
10007852,NWT Saks Fifth Ave White Dress M,,Dress,,44.99,0.0,,1,0.0,1,0.0
10008427,NWT Simply Blessed Top L,,Top,,29.99,7.5,75.0,1,0.0,1,7.5
10007249,NWT Sincerely Ours Multi-Color Tank Top S,,Top,,24.99,0.0,,1,0.0,1,0.0
10008747,NWT Spy Zone Ex Red Floral S,,Other,,19.0,4.75,75.0,1,0.0,1,4.75
10007248,NWT Strut & Bolt Multi-Color Skorts L,,Other,,26.99,0.0,,1,0.0,1,0.0
10003450,NWT Talbot's Pants Red & White,Talbots,Jeans/Pants,18,32.99,0.0,,1,0.0,1,0.0
10004062,NWT Taupe Shawl,R&M Richards,Other,XL,28.99,0.0,,1,0.0,1,27.99
10007038,NWT The Bee Peace Tee Shirt,The Bee,Top,S,22.99,0.0,,1,0.0,1,0.0
10007626,NWT Tiana B Black Dress L,,Dress,,15.99,4.0,75.0,1,0.0,1,4.0
10008766,NWT Timing Orange Top Real S,,Top,,12.0,3.0,75.0,1,0.0,1,3.0
10008369,NWT Undiz crochet croptop,Undiz,Top,S,15.99,5.99,62.5,1,0.0,1,5.99
10007139,NWT WHBM Sequin Corset Black,Whbm,Set,12,35.99,0.0,,1,0.0,1,0.0
10007141,NWT White Zara Halter Top,Zara NWT,Top,XS,18.99,0.0,,1,0.0,1,0.0
10007656,NWT Wisck Black Sequin Top L,,Top,,89.99,0.0,,1,0.0,1,0.0
10003493,NWT Zara Pants Grey,Zara NWT,Jeans/Pants,L,36.99,0.0,,1,0.0,1,0.0
10005460,NWTAureum Grn&WhDress,Aureum NWT,Dress,L,45.99,0.0,,1,0.0,1,0.0
10007700,NWTChicos PinkPant,Chicos,Jeans/Pants,0,39.99,0.0,,1,0.0,1,0.0
10006001,NWTellamoss MulticolBlouse,Ella Moss,Top,XS,26.99,0.0,,1,0.0,1,0.0
10007694,NWTMarieGray YellowPant,Marie Gray,Jeans/Pants,8,99.99,0.0,,1,0.0,1,0.0
10008538,NWTNylonAp SparkleSkirt,Nylon Apparel NWT,Skirt,XL,32.99,0.0,,1,0.0,1,0.0
10008540,NWTPinkFloralTote,Unknown,Accessories,,15.99,0.0,,1,0.0,1,0.0
10006164,NWTPLT PinkCorset,PrettyLittleThings NWT,Set,16,22.99,0.0,,1,0.0,1,0.0
10008081,NWTRamyB Navy Dress,Ramy Brook NWT,Dress,L,89.99,0.0,,1,0.0,1,0.0
10005532,NY & Co Beige Buttondown Ruffle,New York X Company,Other,M,19.99,0.0,,1,0.0,1,0.0
10005608,NY & Co Blue Gradient SL Top,New York X Company,Top,M,25.99,0.0,,1,0.0,1,0.0
10005628,NY & Co Brown Silver Satin Top,New York X Company,Top,L,24.99,0.0,,1,0.0,1,0.0
10005602,NY & Co Pink White Design Tank,New York X Company,Top,S,15.99,0.0,,1,0.0,1,0.0
10007648,NY & Co Silver Sheer Top,New York X Company,Top,L,29.99,0.0,,1,0.0,1,0.0
10006653,NY & CO. colorful maxi dress,NY & Co,Dress,M,24.99,0.0,,1,0.0,1,0.0
10004497,NY&Com BgFloral Skirt,New York X Company,Skirt,8,25.99,0.0,,1,0.0,1,0.0
10003890,NYC Blk NSYNC Crop Hoodie,Blank NYC,Other,M,29.99,0.0,,1,0.0,1,0.0
10005213,NYC Blush Blue Lace Top,NYC Blush,Top,2,22.99,0.0,,1,0.0,1,0.0
10005589,NYDJ Beige Tank,Nydj,Top,S,15.99,0.0,,1,0.0,1,0.0
10000419,NYDJ Jeans,Not Your Daughters Jeans,Jeans/Pants,,1.0,0.0,,0,0.0,1,0.0
10000853,NYDJ Jeans,Not Your Daughters Jeans,Jeans/Pants,,1.0,0.0,,0,0.0,0,0.0
10002193,NYDJ Jeans,Not Your Daughters Jeans,Jeans/Pants,,35.99,0.0,,1,0.0,0,0.0
10003447,NYDJ Pants Brown,Nydj,Jeans/Pants,14,22.99,0.0,,1,0.0,1,0.0
10004697,NYDJ swtr brgndy,Nydj,Sweater/Cardigan,L,24.99,0.0,,1,0.0,1,0.0
10004064,Nygard Foil Jacket,Nygard,Jacket/Coat,M,25.99,0.0,,1,0.0,1,0.0
10006358,Nygard BlklaceWhiTop,Nygard,Other,12,22.99,0.0,,1,0.0,1,0.0
10008563,NYXCo GrnLeafShirt,New York X Company,Top,M,24.99,13.0,48.0,1,0.0,1,13.0
10003836,NYxCompany Purple Coat,New York X Company,Jacket/Coat,M,39.99,0.0,,1,0.0,1,0.0
10005787,NYXCompany GreenLayerTop,New York X Company,Other,S,15.99,0.0,,1,0.0,1,0.0
10006715,O'Neill Floral Stretch Pants,OxNeill,Jeans/Pants,M,25.99,0.0,,1,0.0,1,0.0
10006971,Oak & Trellis White Romper,Oak X Trellis,Romper/Jumpsuit,S,19.99,0.0,,1,0.0,1,0.0
10005560,Oasis Blue Tank w Flowers,Oasis,Top,12,22.99,0.0,,1,0.0,1,0.0
10007742,OC BlkOneSlvfloralDress,OC by OC,Dress,4,27.99,0.0,,1,0.0,1,0.0
10008113,Odille long green skirt,Odille,Skirt,0,34.99,0.0,,1,0.0,1,0.0
10005268,Off Shoulder Checkered Sheer Floral LS,Unknown,Top,M,22.99,0.0,,1,0.0,1,0.0
10004971,Offwhite Purple Bedazzle Cardigan,Unknown,Sweater/Cardigan,L,21.99,0.0,,1,0.0,1,0.0
10003771,Oktober VINTAGE Red & White Plaid,Oktoberzanber,Other,M,29.99,0.0,,1,0.0,1,0.0
10008437,Old Navy Blue Floral Top M,,Top,,14.99,3.75,75.0,1,0.0,1,3.75
10008706,Old Navy Boyfriend Shorts 0,,Shorts,,15.99,5.25,67.2,1,0.0,1,5.25
10006386,Old Navy Brown Sequin Belt,Old Navy,Accessories,L,14.99,0.0,,1,0.0,1,0.0
10005719,Old Navy Brown Skirt,Old Navy,Skirt,16,24.99,0.0,,1,0.0,1,0.0
10007938,Old Navy White Stretch Pants 12,,Jeans/Pants,,22.99,0.0,,1,0.0,1,0.0
10007707,Old Navy Yellow SL Dress,Old Navy,Dress,M,32.99,0.0,,1,0.0,1,0.0
10004052,Old West Pink Glitter Boot,Old West,Shoes,8,50.0,0.0,,1,0.0,1,0.0
10006399,OldNavy BlueStripeTop,Old Navy,Other,M,12.99,0.0,,1,0.0,1,0.0
10005111,Olive Hill Pink Green Sheer QS Shirt,Olive Hill,Top,S,16.99,0.0,,1,0.0,1,0.0
10004940,OliviaxMartin PinkStitchBlouse,Olivia & Martin,Top,S,16.99,0.0,,1,0.0,1,0.0
10003732,omniwick crew blk,Omniwick,Other,M,24.99,0.0,,1,0.0,1,0.0
10008518,One Floral Pants,,Jeans/Pants,XS,24.99,10.95,56.2,1,0.0,1,10.95
10008131,one pink sleeveless blouse,One,Top,L,21.99,12.0,45.4,1,0.0,1,12.0
10008620,One September Blue Sleeveless Top M,,Top,,18.99,4.5,76.3,1,0.0,1,4.5
10008149,one step up red lace night gown,One Step Up,Dress,L,19.99,8.0,60.0,1,0.0,1,8.0
10006604,One World Beige Bedazzled Top,One World,Top,XL,22.99,0.0,,1,0.0,1,0.0
10007472,One World Pink Multicolor SL Dress,One World,Dress,M,26.99,0.0,,1,0.0,1,0.0
10007687,Oneleven Biege Pants,Oneleven,Jeans/Pants,L,27.99,0.0,,1,0.0,1,0.0
10008404,only pink lace blouse,For Your Ease Only Inc,Top,XS,13.99,5.99,57.2,1,0.0,1,5.99
10006165,OnlyHearts GreenTankTop,Only Hearts,Top,M,12.99,0.0,,1,0.0,1,0.0
10008163,Onzie Flare Leggings,Onzie,Jeans/Pants,M,25.99,6.5,75.0,1,0.0,1,6.5
10003670,ophelia roe pant bwn,Ophelia Roe,Jeans/Pants,14,25.99,0.0,,1,0.0,1,0.0
10003581,Orange High-Top Converse,Converse,Top,6,25.99,0.0,,1,0.0,1,0.0
10007673,Orange Michel Jacket Sleeve Design,Michel,Jacket/Coat,M,32.99,0.0,,1,0.0,1,0.0
10005983,Orange Ruffle Blouse,Unknown,Top,S,28.99,0.0,,1,0.0,1,0.0
10004838,Orange SL Beaded Tank,Unknown,Top,M,17.99,0.0,,1,0.0,1,0.0
10006236,orange tennessee vols tshirt medium,Russel,Top,,17.99,0.0,,1,0.0,1,0.0
10004837,Orange Watercolor SL Tank,Unknown,Top,XS,18.99,0.0,,1,0.0,1,0.0
10006097,OrangeBralette,Unknown,Other,S,12.99,0.0,,1,0.0,1,0.0
10003959,Origami Shortsleeve Sequin Shirt,Origami,Shorts,S,44.99,0.0,,1,0.0,1,0.0
10000330,OrigamiDress_An,Origami,Dress,,1.0,0.0,,0,0.0,1,0.0
10000360,OrigamiDress_An,Origami,Dress,,1.0,0.0,,0,0.0,0,0.0
10000892,OrigamiDress_An,Origami,Dress,,1.0,0.0,,0,0.0,0,0.0
10000896,OrigamiDress_An,Origami,Dress,,1.0,0.0,,0,0.0,0,0.0
10000920,OrigamiDress_An,Origami,Dress,,1.0,0.0,,0,0.0,0,0.0
10001117,OrigamiDress_An,Origami,Dress,,1.0,0.0,,0,0.0,0,0.0
10001375,OrigamiDress_An,Origami,Dress,,1.0,0.0,,0,0.0,0,0.0
10001971,OrigamiDress_An,Origami,Dress,,1.0,0.0,,0,0.0,0,0.0
10002044,OrigamiDress_An,Origami,Dress,,1.0,0.0,,0,0.0,0,0.0
10002395,OrigamiDress_An,Origami,Dress,,29.99,0.0,,0,0.0,0,0.0
10002428,OrigamiDress_An,Origami,Dress,,1.0,0.0,,0,0.0,0,0.0
10002706,OrigamiDress_An,Origami,Dress,,24.99,0.0,,0,0.0,0,0.0
10002950,OrigamiDress_An,Origami,Dress,,23.99,0.0,,1,0.0,0,0.0
10007870,Oriole Mill Gray LS,the Oriole Mill,Top,L,25.99,0.0,,1,0.0,1,0.0
10006854,orsay white tanktop,Orsay,Top,M,24.99,0.0,,1,0.0,1,0.0
10004723,Orvis Orange Plaid LS,Orvis,Top,L,24.99,0.0,,1,0.0,1,0.0
10003663,orvis buttondown plad,Orvis,Other,XS,24.99,0.0,,1,0.0,1,0.0
10006684,OSC VINTAGE Floral Vest,Osc,Top,M,44.99,0.0,,1,0.0,1,0.0
10008267,Outback Red Green Skirt 8,,Skirt,,23.0,5.75,75.0,1,0.0,1,5.75
10006348,OXOXO BlackHrtCharmBag,Oxoxo,Accessories,,29.99,0.0,,1,0.0,1,0.0
10002456,OYROSY Jumpsuit w Fringe,Oyrosy NWT,Romper/Jumpsuit,,59.99,0.0,,1,0.0,1,0.0
10004499,P&S Blk Jean MidiSkirt,P&S,Skirt,L,39.99,0.0,,1,0.0,1,0.0
10005695,Pacsun White Jeans,Pacsun,Jeans/Pants,29,29.99,0.0,,1,0.0,1,0.0
10005679,Paige Black Pants,,Jeans/Pants,S,25.99,0.0,,1,0.0,1,0.0
10003448,Paige Bluejeans,Paige,Jeans/Pants,S,23.99,0.0,,1,0.0,1,0.0
10003548,Paige Mayslie Coated Pants Black,Paige,Jeans/Pants,M,89.99,0.0,,1,0.0,1,0.0
10007851,Paige Novella Black Overalls,,Top,S,69.99,0.0,,1,0.0,1,0.0
10008266,Paige Small Bluejeans,,Jeans/Pants,,23.99,9.0,62.5,1,0.0,1,9.0
10002587,PaigeJeans_Ju,Paige,Jeans/Pants,,25.99,0.0,,1,0.0,1,0.0
10002584,PaigePants_Ci,Paige,Jeans/Pants,,25.99,0.0,,1,0.0,1,0.0
10008255,Palm White Sleeveless Top 14,,Top,,21.99,6.0,72.7,1,0.0,1,6.0
10007053,Paloma Red Shoes,Paloma,Shoes,11.5,24.99,0.0,,1,0.0,1,0.0
10008789,Pandora CirchollowEarrings,Pandora,Accessories,,30.0,8.0,73.3,1,0.0,1,8.0
10008793,Pandora PrincessRing,Pandora,Top,,35.0,8.0,77.1,1,0.0,1,8.0
10008788,PandoraCircleEarrings,Pandora,Accessories,,30.0,8.0,73.3,1,0.0,1,8.0
10005959,Papaya Gray Light Hoodie,Papaya,Other,M,14.99,0.0,,1,0.0,1,0.0
10008370,Paper crane floral crop tank,Paper Crane,Top,S,18.99,7.99,57.9,1,0.0,1,7.99
10005443,PaperCrane Floral Crop Blk,Paper Crane,Other,XS,18.99,0.0,,1,0.0,1,0.0
10004469,PaperD&C GrnKhakiPant,Paper Denim & Cloth,Jeans/Pants,34,23.99,0.0,,1,0.0,1,0.0
10006278,Paperwhite Floral White Top,Paperwhite,Top,12,25.99,0.0,,1,0.0,1,0.0
10002323,PapillonLS Top_Ve,Papillon,Top,,18.99,0.0,,1,0.0,1,0.0
10005026,Parallel Skies Blush Pink SS,Parallel Skies,Top,S,18.99,0.0,,1,0.0,1,0.0
10006491,Parisian Coral Silk Blazer,Parisian,Jacket/Coat,,26.99,0.0,,1,0.0,1,0.0
10004043,ParkerLS Top_Par,Parker,Top,,21.99,0.0,,1,0.0,1,0.0
10003782,Passport Baby Pink Plaid,Passport,Top,6,19.99,0.0,,1,0.0,1,0.0
10007536,Passport Denim Jacket Size,,Jeans/Pants,,24.99,0.0,,1,0.0,1,0.0
10007500,Patagonia Orange T-Shirt,,Top,XS,28.99,0.0,,1,0.0,1,0.0
10008335,Patagonia BlackShorts,Patagonia,Shorts,M,11.99,0.0,,1,0.0,1,0.0
10005343,patagonia drs sht prp plad,Patagonia,Other,6,26.99,0.0,,1,0.0,1,0.0
10003430,Patricia Nash Floral Garden Map Purse,Patricia Nash,Accessories,,120.0,0.0,,1,0.0,1,0.0
10004557,Patricia Nash House Scene Design Brown Handle,Patricia Nash,Other,,50.0,0.0,,0,0.0,0,0.0
10005980,Patrons of Peace Floral Crop Top,Patrons of Peace,Top,S,13.99,0.0,,1,0.0,1,0.0
10007640,Paul Green Lace Up Heel,Paul Green,Shoes,7,49.99,0.0,,1,0.0,1,0.0
10001624,Peace of Cloth,Peace of Cloth,Other,,1.0,0.0,,0,0.0,0,0.0
10002192,Peace of Cloth,Peace of Cloth,Other,,24.99,0.0,,1,0.0,0,0.0
10002390,Peace of Cloth,Peace of Cloth,Other,,19.99,0.0,,0,0.0,0,0.0
10002788,Peace of Cloth,Peace of Cloth,Other,,19.99,0.0,,0,0.0,0,0.0
10003515,Peace of Cloth Pants Black,Peace of Cloth,Jeans/Pants,S,31.99,0.0,,1,0.0,1,0.0
10003955,Peach Love Purp Shiny Dress,Peach Love,Dress,S,48.99,0.0,,1,0.0,1,0.0
10006409,PeachLove PinkFloralBlouse,Peach Love,Top,L,22.99,0.0,,1,0.0,1,0.0
10004218,Peacock Pendant,Unknown,Other,,10.99,0.0,,1,0.0,1,0.0
10004778,Pear Culture Black Dress,Pear Culture,Dress,3,25.99,0.0,,2,0.0,2,0.0
10007568,Pearle 88 Pink Dress XS,,Dress,,27.99,0.0,,1,0.0,1,0.0
10008502,Peck & Peck Pink V-Neck LS,,Top,,13.99,5.99,57.2,1,0.0,1,5.99
10008513,Peck & Peck Sleeveless Top L,,Top,,19.99,13.25,33.7,1,0.0,1,13.25
10006353,PeckxPeck Grn&BlBlouse,Peck X Peck,Top,XL,25.99,0.0,,1,0.0,1,0.0
10006694,People Like Frank Gray Blazer,People Like Frank,Jacket/Coat,14,42.99,0.0,,1,0.0,1,0.0
10004575,Peppermint Velvet Longsleeve Dress,Peppermint,Dress,S,18.99,0.0,,1,0.0,1,0.0
10007948,Per Se Beige Top,,Top,2,28.99,0.0,,1,0.0,1,0.0
10006963,Per Se Offwhite Black Grommet LS Top,Per Se,Top,6,34.99,0.0,,1,0.0,1,0.0
10004716,perceptions swtr blk 1X,Perceptions,Sweater/Cardigan,,18.99,0.0,,1,0.0,1,0.0
10006304,Persaman Black & Gray Lace Skirt,Persaman,Skirt,12,32.99,0.0,,1,0.0,1,0.0
10006308,Persaman Black Jean Jacket,Persaman,Jeans/Pants,L,35.99,0.0,,1,0.0,1,0.0
10006309,Persaman Black LS Beaded Cardigan,Persaman,Sweater/Cardigan,L,45.99,0.0,,1,0.0,1,0.0
10006493,Persaman Black Pink Skirt,Persaman,Skirt,16,47.99,0.0,,1,0.0,1,0.0
10006295,Persaman Brown Beaded Skirt,Persaman,Skirt,8,35.99,0.0,,1,0.0,1,0.0
10005943,Persaman Pink Design Skirt,Persaman,Skirt,8,45.99,0.0,,1,0.0,1,0.0
10005914,Persaman Pink Embroidered Skirt,Persaman,Skirt,12,38.99,0.0,,1,0.0,1,0.0
10006408,Persaman GreyGrn&BluedetailDress,Persaman,Dress,L,28.99,0.0,,1,0.0,1,0.0
10006064,persaman purse red leather,Persaman,Accessories,,55.99,0.0,,1,0.0,1,0.0
10005956,Perseption Concept Gray SL Vest,Perseption Concept,Top,L,19.99,0.0,,1,0.0,1,0.0
10003304,Peter Som Striped Blk Skirt,Peter Som,Skirt,,45.99,0.0,,1,0.0,1,0.0
10008330,PeterNd BlackDresswBelt,Peter Nygard,Dress,16,37.99,0.0,,1,0.0,1,0.0
10005958,Petticoat Alley Black Multicolor Top,Petticoat Alley,Jacket/Coat,M,27.99,0.0,,1,0.0,1,0.0
10005637,Philosophy Orange Collared Top,Philosophy,Top,XL,25.99,0.0,,1,0.0,1,0.0
10004125,Philosophy Star Tee,Philosophy,Top,L,20.99,0.0,,1,0.0,1,0.0
10003530,Philosophy Sweater Black Multi Color,Philosophy,Sweater/Cardigan,S,23.99,0.0,,1,0.0,1,0.0
10004191,Philosophy White Pants,Philosophy,Jeans/Pants,L,25.99,0.0,,1,0.0,1,0.0
10005038,Philosophy Sheer Blouse Wht&blk,Philosophy,Top,L,19.99,0.0,,1,0.0,1,0.0
10005381,philosophy bls pnk,Philosophy,Top,S,28.99,0.0,,1,0.0,1,0.0
10007815,PiaMia Shoes,,Shoes,7.5,29.99,16.0,46.6,1,0.0,1,16.0
10003750,Piano Pink and Brown Ruffle Sleeveless,Piano,Top,M,21.99,0.0,,1,0.0,1,0.0
10007398,Picadilly BlkWhiPatternShirt,Picadilly,Top,XS,24.99,0.0,,1,0.0,1,0.0
10003349,Pikolinos Black Leather Boots,Pikolinos,Shoes,,79.99,0.0,,1,0.0,1,0.0
10004399,Pikolinos BuckleAnkleBoots,Pikolinos,Shoes,37,49.99,0.0,,1,0.0,1,0.0
10004348,Pilcro ColdShldr Yllw Tee,Pilcro,Top,S,21.99,0.0,,1,0.0,1,0.0
10008218,Pine Needles Sleeveless Card M,,Top,,27.0,6.75,75.0,1,0.0,1,6.75
10004560,Pineharsh Black Slip Dress,Pineharsh Lingerie,Dress,34,18.99,0.0,,1,0.0,1,0.0
10004547,Pink and Brown Dress Sequin,,Dress,15,55.0,0.0,,1,0.0,1,0.0
10004249,Pink Chain Waistbelt,Unknown,Accessories,,15.99,0.0,,1,0.0,1,0.0
10007147,Pink Chic Vintage T Shirt,,Top,L,23.99,16.0,33.3,25,0.0,25,400.0
10007144,Pink Chic Vintage T Shirt,,Top,XS,23.99,16.0,33.3,25,0.0,25,400.0
10005809,pink clover swtr beige,Pink Clover,Sweater/Cardigan,L,22.99,0.0,,1,0.0,1,0.0
10008193,Pink Cotton Tank,Unknown,Top,M,15.99,6.0,62.5,1,0.0,1,6.0
10002865,Pink FloydTee Shirt_Al,Pink Floyd,Top,,29.99,0.0,,1,0.0,1,0.0
10008365,pink leather boots,Unknown,Shoes,7,90.99,67.58,25.7,1,0.0,1,67.58
10007544,Pink Lily Brown Dress,,Dress,M,25.99,0.0,,1,0.0,1,0.0
10008263,Pink Lily Brown White Sleeveless Top XXL,,Top,,21.99,8.0,63.6,1,0.0,1,8.0
10008463,Pink Lily Flower Dress,,Dress,L,26.99,8.0,70.4,1,0.0,1,8.0
10006707,Pink Lily Orange Knit Dress,Pink Lily,Dress,L,24.99,0.0,,1,0.0,1,0.0
10004245,Pink Multi-Pattern Heel,Shi,Shoes,9,35.99,0.0,,1,0.0,1,0.0
10008197,Pink Multicolor Floral Sheer Tank,Unknown,Top,S,14.99,6.0,60.0,1,0.0,1,6.0
10006558,Pink Multicolor Tank,Loft,Top,00,14.99,0.0,,1,0.0,1,0.0
10004268,Pink Plaid Skirt,Draper James NWT,Skirt,L,29.99,0.0,,1,0.0,1,0.0
10005891,Pink Puff Cardigan w Blk Detail,Unknown,Sweater/Cardigan,XL,34.99,0.0,,1,0.0,1,0.0
10005534,Pink Republic Gray Sweater,Pink Republic,Sweater/Cardigan,S,18.99,0.0,,1,0.0,1,0.0
10005271,Pink Republic Navy Blue Red Pattern Tank,Pink Republic,Top,S,13.99,0.0,,1,0.0,1,0.0
10004271,Pink Rhinestone Skirt NWT,Nylon Apparel NWT,Skirt,M,49.99,0.0,,1,0.0,1,0.0
10005964,Pink Rose Mustard Sweater,Pink Rose,Sweater/Cardigan,M,16.99,0.0,,1,0.0,1,0.0
10004678,pink rose swter pnk,Pink Rose,Other,S,16.99,0.0,,1,0.0,1,0.0
10006998,Pink Ruched Top,Unknown,Top,S,14.99,0.0,,1,0.0,1,0.0
10006230,pink shear blouse large,The Limited,Top,,25.99,0.0,,1,0.0,1,0.0
10006663,Pink SL Dress,Unknown,Dress,M,22.99,0.0,,1,0.0,1,0.0
10007502,Pink Sweater,,Sweater/Cardigan,S,19.99,0.0,,1,0.0,1,0.0
10008486,Pink w Lemon Coverall OSFM,,Other,,14.99,5.3,64.6,1,0.0,1,5.3
10003694,Pink Wild West Tee,Unknown,Top,M,15.99,0.0,,1,0.0,1,0.0
10003594,Pink&Whi,Unknown,Other,M,45.99,0.0,,1,0.0,1,0.0
10008783,PinkbuckleCoachPurse,Coach,Accessories,,284.99,8.0,97.2,1,0.0,1,8.0
10004906,PinkFloralSkirt,Unknown,Skirt,XXL,28.99,0.0,,1,0.0,1,0.0
10008349,PinkLaceSlipDress,Unknown,Dress,,23.99,0.0,,1,0.0,1,0.0
10007744,PinkLily BlkWhitrimSET,Pink Lily,Set,S,26.99,0.0,,1,0.0,1,0.0
10008325,PinkNightGown,Unknown,Dress,M,21.99,0.0,,1,0.0,1,0.0
10003642,PinkRepublic Pink&Blktop,Pink Republic,Other,L,15.99,0.0,,1,0.0,1,0.0
10006345,PinkSilkTop,Unknown,Other,M,17.99,0.0,,1,0.0,1,0.0
10003020,PinkSweatshirt_Bl,Pink,Top,,26.99,0.0,,1,0.0,1,0.0
10008610,PinkWrapBracelet,Unknown,Accessories,,10.99,8.0,27.2,1,0.0,1,8.0
10001076,Pistola Burgundy Pants,Pistola,Jeans/Pants,,26.99,0.0,,1,0.0,2,0.0
10001544,Pistola Burgundy Pants,Pistola,Jeans/Pants,,1.0,0.0,,0,0.0,0,0.0
10001821,Pistola Burgundy Pants,Pistola,Jeans/Pants,,1.0,0.0,,0,0.0,0,0.0
10002575,Pistola Burgundy Pants,Pistola,Jeans/Pants,,27.99,0.0,,1,0.0,0,0.0
10005577,PixleyMulticolor Green Orange Sleeveless Top,Pixley,Top,S,14.99,0.0,,1,0.0,1,0.0
10007246,PJ Salvage Grey Tank Top,,Top,S,9.99,0.0,,1,0.0,1,0.0
10008078,Plain Jane Red Gold LS Dress,Plain Jane,Dress,5,25.99,0.0,,1,0.0,1,0.0
10003564,Please LS Top Black,Please,Top,M,37.99,0.0,,1,0.0,1,0.0
10000274,PleaseLS Top_Lo,Please,Top,,1.0,0.0,,0,0.0,0,0.0
10000667,PleaseLS Top_Lo,Please,Top,,1.0,0.0,,0,0.0,0,0.0
10000735,PleaseLS Top_Lo,Please,Top,,1.0,0.0,,0,0.0,0,0.0
10000983,PleaseLS Top_Lo,Please,Top,,1.0,0.0,,0,0.0,0,0.0
10001144,PleaseLS Top_Lo,Please,Top,,1.0,0.0,,0,0.0,0,0.0
10001271,PleaseLS Top_Lo,Please,Top,,1.0,0.0,,0,0.0,0,0.0
10001294,PleaseLS Top_Lo,Please,Top,,1.0,0.0,,0,0.0,0,0.0
10001435,PleaseLS Top_Lo,Please,Top,,1.0,0.0,,0,0.0,0,0.0
10001458,PleaseLS Top_Lo,Please,Top,,1.0,0.0,,0,0.0,0,0.0
10001788,PleaseLS Top_Lo,Please,Top,,1.0,0.0,,0,0.0,0,0.0
10002169,PleaseLS Top_Lo,Please,Top,,21.99,0.0,,0,0.0,0,0.0
10002661,PleaseLS Top_Lo,Please,Top,,21.99,0.0,,0,0.0,0,0.0
10002789,PleaseLS Top_Lo,Please,Top,,15.99,0.0,,0,0.0,0,0.0
10002880,PleaseLS Top_Lo,Please,Top,,13.99,0.0,,0,0.0,0,0.0
10002926,PleaseLS Top_Lo,Please,Top,,1.0,0.0,,0,0.0,0,0.0
10002962,PleaseLS Top_Lo,Please,Top,,21.99,0.0,,1,0.0,0,0.0
10002321,PleioneSS Top_Sk,Pleione,Top,,22.99,0.0,,1,0.0,1,0.0
10007208,Plenty Orange Floral Skirt,Plenty by Tracy Reese,Skirt,S,44.99,0.0,,1,0.0,1,0.0
10007865,Plenty Purple Dress,Plenty by Tracy Reese,Dress,6,44.99,0.0,,1,0.0,1,0.0
10004795,PLT MultiColor Asymmetrical Pants,Pretty Little Thing,Jeans/Pants,12,24.99,0.0,,1,0.0,1,0.0
10005156,PLT Sheer Twist Top Teal,Pretty Little Thing,Top,M,18.99,0.0,,1,0.0,1,0.0
10005764,PLT Pink&WhiTop,Pretty Little Thing,Other,6,10.99,0.0,,1,0.0,1,0.0
10006517,Plush Bottoms Jeans,Plush Bottoms,Jeans/Pants,4,17.99,0.0,,1,0.0,1,0.0
10006346,Pnk&BrwnTssleBag HandcraftedGenLthr,Unknown,Top,,75.0,0.0,,1,0.0,1,0.0
10003842,Pnk Prp Button Down,Ann Taylor,Other,L,21.99,0.0,,1,0.0,1,0.0
10008353,Poetry AnimalPrintTop,Poetry,Other,L,14.99,0.0,,1,0.0,1,0.0
10003536,POL Sweatshirt Grey,Pol,Top,M,22.99,0.0,,1,0.0,1,0.0
10007098,Polo Denim Skirt,Polo Ralph Lauren,Skirt,4,19.99,0.0,,1,0.0,1,0.0
10006799,Polo BlkQuarterZip,Polo by Ralph Lauren,Other,L,26.99,0.0,,1,0.0,1,0.0
10005337,PoloRL PinkzipupJacket,Polo by Ralph Lauren,Jacket/Coat,XL,150.0,0.0,,1,0.0,1,0.0
10004231,Pom Pom Red Beanie,Kyi Kyi Canada,Other,,12.99,0.0,,1,0.0,1,0.0
10004230,Pom Pom White Beanie,Kyi Kyi Canada,Other,,12.99,0.0,,1,0.0,1,0.0
10006021,Poof BlkhighneckTop,Poof,Other,M,24.99,0.0,,1,0.0,1,0.0
10004076,Poppy Jones Gray Studded Small Purse,Poppy Jones,Accessories,,8.99,0.0,,1,0.0,1,0.0
10002349,PopsiCamisole,Popsi,Top,,14.99,0.0,,1,0.0,1,0.0
10006595,Port Authority Red Bball Cap Bedazzeled Heart,Port Authority,Other,,27.99,0.0,,1,0.0,1,0.0
10003803,Possible F21 Black Pants,Forever 21,Jeans/Pants,4,20.99,0.0,,1,0.0,1,0.0
10007326,Prabal Gurung Rainbow Skirt,Prabal Gurung,Skirt,4,27.99,0.0,,1,0.0,1,0.0
10003297,Prada Fur Trim Dress,Prada,Dress,,250.0,0.0,,1,0.0,1,0.0
10007958,Prairie Underground Grey Pants S,,Jeans/Pants,,16.0,4.0,75.0,1,0.0,1,4.0
10004641,Pretty Little Thing Orange Colorful Dress,Pretty Little Thing,Dress,8,24.99,0.0,,1,0.0,1,0.0
10006954,Pretty Little Thing White Bodysuit,Pretty Little Thing,Top,0,17.99,0.0,,1,0.0,1,0.0
10005829,Pretty Little Things Multi Color Dress,Pretty Little Thing,Dress,8,25.99,0.0,,1,0.0,1,0.0
10002222,PrettyLittleThingsBodysuit_Ur,PrettyLittleThings,Top,,12.99,0.0,,1,0.0,1,0.0
10005731,Primark Orange Skirt,Primark,Skirt,12,22.99,0.0,,1,0.0,1,0.0
10005906,Princess Polly NWT Pink Lace Dress,Princess Polly NWT,Dress,8,21.99,0.0,,1,0.0,1,0.0
10006967,Princess Polly NWT White SL Crop Top,Princess Polly NWT,Top,4,25.99,0.0,,1,0.0,1,0.0
10003695,Princess Polly Patterned Pants,Princess Polly,Jeans/Pants,6,22.99,0.0,,1,0.0,1,0.0
10008632,Princess Polly Peach Halter Top 6,,Top,,17.99,4.5,75.0,1,0.0,1,4.5
10005383,princess polly tank beige,Princess Polly,Top,S,10.99,0.0,,1,0.0,1,0.0
10006066,princesspolly crptop wht,Princess Polly,Top,10,18.99,0.0,,1,0.0,1,0.0
10003810,Principle Jeans,Principle,Jeans/Pants,28,31.99,0.0,,1,0.0,1,0.0
10004389,Proxy BrwnSnakeShoe,Proxy,Shoes,8.5,39.99,0.0,,2,0.0,2,0.0
10005869,Purple Blue Yellow Tank,Unknown,Top,M,15.99,0.0,,1,0.0,1,0.0
10006473,Purple Floral Velcro Tube Top,Unknown,Top,L,32.99,0.0,,1,0.0,1,0.0
10007993,Purple Stone Necklace,,Accessories,,25.99,13.1,49.6,1,0.0,1,13.1
10006883,PurpleBeadedTop,Unknown,Other,L,12.99,0.0,,1,0.0,1,0.0
10003422,Queens Way & Fashion Slip Dress Orange,Queens Way & Fashion,Dress,L,24.99,0.0,,1,0.0,1,0.0
10006821,Quepasa White Shorts,Que Pasa,Shorts,6,10.99,0.0,,1,0.0,1,0.0
10000398,Quince NWTPants_Li,Quince NWT,Jeans/Pants,,1.0,0.0,,0,0.0,1,0.0
10002582,Quince NWTPants_Li,Quince NWT,Jeans/Pants,,27.99,0.0,,1,0.0,0,0.0
10002628,Quince NWTPants_Li,Quince NWT,Jeans/Pants,,22.99,0.0,,0,0.0,0,0.0
10006046,QXA Whi&PnkTop,Q X A Los Angeles,Other,S,19.99,0.0,,1,0.0,1,0.0
10002798,R X M RichardsLS Top_Sk,R X M Richards,Top,,15.99,0.0,,1,0.0,1,0.0
10007030,R&M Richards Gray Tank Top,R&M Richards,Top,16,22.99,0.0,,1,0.0,1,0.0
10008190,Rachel R Pink SL Dress,Rachel Roy,Dress,S,24.99,6.0,76.0,1,0.0,1,6.0
10005504,Rachel Zoe NWT Teal Orange Satin LS,Rachel Zoe NWT,Top,L,26.99,0.0,,1,0.0,1,0.0
10007720,Rafaella Black SL Top,Rafaella,Top,S,18.99,0.0,,1,0.0,1,0.0
10007435,Rafaella Black White Capris,,Other,14,24.99,0.0,,1,0.0,1,0.0
10009801,Rafaella Faux Leather Jacket Black,Rafaella,Jacket/Coat,12,32.99,0.0,,1,0.0,1,0.0
10006445,Rafaella Green White SL Top,Rafaella,Top,S,29.99,0.0,,1,0.0,1,0.0
10007185,Rafaella Studio SS Top Red,,Top,M,15.99,0.0,,1,0.0,1,0.0
10003741,rafaella skirt blk,Rafaella,Skirt,10,26.99,0.0,,1,0.0,1,0.0
10005264,Rag & Bone Gray Jean Skirt,Rag X Bone,Skirt,29,32.99,0.0,,1,0.0,1,0.0
10007850,Rag & Bone White Pants S,,Jeans/Pants,,29.99,0.0,,1,0.0,1,0.0
10006962,Rag & Bone White SL Collared Top,Rag X Bone,Top,S,39.99,0.0,,1,0.0,1,0.0
10005930,Rag Black White Fuzzy Dress,Rag,Dress,M,32.99,0.0,,1,0.0,1,0.0
10003753,Rag x Bone Brown Pleather Leggings,Rag X Bone,Jeans/Pants,6,32.99,0.0,,1,0.0,1,0.0
10003783,Rag X Bone Red Plaid,Rag X Bone,Other,M,23.99,0.0,,1,0.0,1,0.0
10006831,Rainbow fuzzy UGG slippers,Ugg,Other,8,69.99,0.0,,1,0.0,1,0.0
10007981,Rainbow Thread Belt,Unknown,Accessories,L,18.99,0.0,,1,0.0,1,0.0
10007023,Ralph Lauren Pink Yellow Floral SL,Ralph Lauren,Other,10,35.99,0.0,,1,0.0,1,0.0
10006950,Ralph Lauren White Skirt,,Skirt,12,31.99,0.0,,1,0.0,1,0.0
10003027,Ralph LaurenSweatshirt_Ur,Ralph Lauren,Top,,19.99,0.0,,1,0.0,1,0.0
10004385,RalphL CrmBttnDownSwtr,Polo Ralph Lauren,Sweater/Cardigan,XS,45.99,0.0,,1,0.0,1,0.0
10006092,RalphL MulticolPttrnBtnDwn,Lauren Ralph Lauren,Other,,24.99,0.0,,1,0.0,1,0.0
10006089,RalphL Navy&RedBttnDwn,Lauren Ralph Lauren,Other,XS,22.99,0.0,,1,0.0,1,0.0
10004277,RalphLauren Purple Deep Neck,Lauren Ralph Lauren,Other,M,15.99,0.0,,1,0.0,1,0.0
10004119,Ramones Brwn Tee,1234,Top,S,25.99,0.0,,1,0.0,1,0.0
10003339,Ramy Brook NWT Red Pants,Ramy Brook,Jeans/Pants,,99.0,0.0,,1,0.0,1,0.0
10008082,RamyB NavyDress,Ramy Brook NWT,Dress,M,89.99,0.0,,1,0.0,1,0.0
10006929,Ranelle GreenFloralDress,Ranelle,Dress,8,29.99,0.0,,1,0.0,1,0.0
10004275,Rawgear Black Cropped Pullover,Rawgear,Sweater/Cardigan,M,32.99,0.0,,1,0.0,1,0.0
10003971,Rd&Blk Jeweled Skirt,Wow Couture,Skirt,M,30.99,0.0,,1,0.0,1,0.0
10007310,Rebecca Minkoff Black Stars Purse,Rebecca Minkoff,Accessories,,49.99,0.0,,1,0.0,1,0.0
10008649,Rebelious Dreamer Violet SS Top M,,Top,,12.99,4.25,67.3,1,0.0,1,4.25
10006177,red and black patterned dress,Desigual,Dress,M,39.99,0.0,,1,0.0,1,0.0
10004167,Red Camel Sleeveless Cardigan Sweater Tan,Red Camel,Sweater/Cardigan,XL,19.99,0.0,,1,0.0,1,0.0
10007951,Red Camisole,,Top,M,26.99,0.0,,1,0.0,1,0.0
10007857,Red Dress w Buckle,,Dress,S,25.99,0.0,,1,0.0,1,0.0
10008724,Red Lace Tube Top M,,Top,,19.99,4.25,78.7,1,0.0,1,4.25
10007992,Red Seethrough SL Poncho,Unknown,Other,M,22.99,0.0,,1,0.0,1,0.0
10003877,Reebok Pink Jacket,Reebok,Jacket/Coat,M,24.99,0.0,,1,0.0,1,0.0
10006760,Reebok Rain Coat Off White,Reebok,Jacket/Coat,S,29.99,0.0,,1,0.0,1,0.0
10006693,Refuge Blush Shorts,Refuge,Shorts,2,24.99,0.0,,1,0.0,1,0.0
10007609,Refuge Denim Bluejean Overalls XL,,Jeans/Pants,,29.99,0.0,,1,0.0,1,0.0
10007575,Refuge Jean Shorts,Refuge,Shorts,12,19.99,0.0,,1,0.0,1,0.0
10006075,reiss tank pnk,Reiss,Top,M,24.99,0.0,,1,0.0,1,0.0
10007883,Reitman's Black Check Skirt,,Skirt,4,17.0,4.25,75.0,1,0.0,1,4.25
10005523,Reitmans Black Stretchy Tie Pants,Reitmans,Jeans/Pants,M,21.99,0.0,,1,0.0,1,0.0
10007256,Relativity Jeans,,Jeans/Pants,10,25.99,0.0,,1,0.0,1,0.0
10005256,Renaissance Angel SL Dress,Unknown,Dress,M,15.99,0.0,,1,0.0,1,0.0
10007418,Reneec MulticolTop,ReneeC,Other,M,15.99,0.0,,1,0.0,1,0.0
10005499,Reo Red Off Shoulder Top Black Trim,Reo,Top,L,26.99,0.0,,1,0.0,1,0.0
10008402,Retro Stage Pink Romper S,,Romper/Jumpsuit,,23.99,6.0,75.0,1,0.0,1,6.0
10006130,RetroMTVTee,Mtv,Top,XL,25.99,0.0,,1,0.0,1,0.0
10006654,reversible sundress,Unknown,Dress,XXL,24.99,0.0,,1,0.0,1,0.0
10005312,ReversNWT PinkOrangeJacket,Unknown,Jacket/Coat,M,28.99,0.0,,1,0.0,1,0.0
10008530,Revlon Vintage Compact Mirror,Revlon,Other,,52.99,0.0,,1,0.0,1,0.0
10004246,Rhinestone Heel,Steve Madden,Shoes,10,25.99,0.0,,1,0.0,1,0.0
10004247,Rhinestone Square-Toe Heel,Betsey Johnson,Shoes,8,35.99,0.0,,1,0.0,1,0.0
10008342,Rhythm WhiBlueFloralTop,Rhythm,Other,XS,17.99,0.0,,1,0.0,1,0.0
10004209,Richard Beige Knit Shortsleeve,Richard Kristall,Shorts,S,21.99,0.0,,1,0.0,1,0.0
10005627,Ricki'sd Purple Black Satin SS Top,Ricki's,Top,12,24.99,0.0,,1,0.0,1,0.0
10008241,Ridgecut Green Pants L,,Jeans/Pants,,23.99,6.0,75.0,1,0.0,1,6.0
10003554,River Island Faux Leather Pants Black,River Island,Jeans/Pants,M,34.99,0.0,,1,0.0,1,0.0
10005263,River Island Pink Triangle Shimmer Skirt,River Island,Skirt,12,24.99,0.0,,1,0.0,1,0.0
10004232,RK Tri Pink Color Beanie,Rk,Other,,10.99,0.0,,1,0.0,1,0.0
10005994,Robbie Bee Pink SS Cardigan,Robbie Bee,Sweater/Cardigan,M,32.99,0.0,,1,0.0,1,0.0
10008072,RobbieR GreenFlowerDress,Robbie Rivers,Dress,,32.99,0.0,,1,0.0,1,0.0
10003555,Rock & Republic Bluejeans,Rock & Republic,Jeans/Pants,S,39.99,0.0,,1,0.0,1,0.0
10000217,Rock X Republic,Rock X Republic,Other,,1.0,0.0,,0,0.0,1,0.0
10001585,Rock X Republic,Rock X Republic,Other,,1.0,0.0,,0,0.0,0,0.0
10001798,Rock X Republic,Rock X Republic,Other,,1.0,0.0,,0,0.0,0,0.0
10001815,Rock X Republic,Rock X Republic,Other,,1.0,0.0,,0,0.0,0,0.0
10002581,Rock X Republic,Rock X Republic,Other,,27.99,0.0,,1,0.0,0,0.0
10002813,Rodd X GunnJacket_un,Rodd X Gunn,Jacket/Coat,,39.99,0.0,,1,0.0,1,0.0
10005510,Rolling Stones Black Tshirt Pink Graphic,The Rolling Stones,Top,S,14.99,0.0,,1,0.0,1,0.0
10003520,Rolling Stones Tee Shirt Black & Red,The Rolling Stones,Top,M,24.99,0.0,,1,0.0,1,0.0
10004714,romeo juliet swtr burgendy,Romeo X Juliet,Sweater/Cardigan,XL,29.99,0.0,,1,0.0,1,0.0
10003865,Romeo X Juliet Red Multi Design Dress,Romeo X Juliet,Dress,M,31.99,0.0,,1,0.0,1,0.0
10004098,RomeoXJuliet Cardigan Whi&Blk,Romeo X Juliet,Sweater/Cardigan,L,22.99,0.0,,1,0.0,1,0.0
10006895,Romwe WaveCroppedTshirt,Romwe,Top,S,18.99,0.0,,1,0.0,1,0.0
10006020,RonnieS Blk&WhiCardigan,Ronnie Salloway,Sweater/Cardigan,S,32.99,0.0,,1,0.0,1,0.0
10006369,Rose Gold Belt,Unknown,Accessories,,16.99,0.0,,1,0.0,1,0.0
10004567,Rose Gold Belt Rhinestones,,Accessories,,12.99,0.0,,1,0.0,1,0.0
10003321,Rouge Black Loafers with Crystal Accents 1,Rouge,Shoes,8,21.99,0.0,,1,0.0,1,0.0
10008595,RoXRy StripedTankTop,Roan x Ryan,Top,S,15.99,8.0,50.0,1,0.0,1,8.0
10007561,Roxy Green Top,,Top,L,11.0,2.75,75.0,1,0.0,1,2.75
10008699,Roz & Ali Black Sleeveless Top XL,,Top,,19.99,6.5,67.5,1,0.0,1,6.5
10004597,Roz & Ali Blue Black Dress,Roz X Ali,Dress,L,24.99,0.0,,1,0.0,1,0.0
10008414,Roz & Ali Burgundy Sweater M,,Sweater/Cardigan,,27.99,7.0,75.0,1,0.0,1,7.0
10003748,Roz X Ali Black Green Skirt,Roz X Ali,Skirt,1,24.99,0.0,,1,0.0,1,0.0
10005454,RozAli AniPrintBttnDown,Roz X Ali,Other,2,26.99,0.0,,1,0.0,1,0.0
10006798,RozXali BlackZipperJacket,Roz X Ali,Jacket/Coat,M,28.99,0.0,,1,0.0,1,0.0
10007653,Ruby Rd Black & Gold Knit LS,Ruby Rd,Sweater/Cardigan,M,24.99,0.0,,1,0.0,1,0.0
10007664,Ruby Rd White LS Blouse 16,,Top,,23.99,6.0,75.0,1,0.0,1,6.0
10002401,Ruby RdSweater_Gi,Ruby Rd,Sweater/Cardigan,,25.99,0.0,,1,0.0,1,0.0
10006874,RubyRd BlkCoverBttnDown,Ruby Rd,Other,14,18.99,0.0,,1,0.0,1,0.0
10007294,Rue 21 Boustier Black,,Other,XL,10.99,0.0,,1,0.0,1,0.0
10008043,Rue 21 Pink Floral Pants,Rue 21,Jeans/Pants,5,25.0,6.25,75.0,1,0.0,1,6.25
10008717,Rue 21 Pink Brown Dress M,,Dress,,18.99,6.25,67.1,1,0.0,1,6.25
10005459,Rue21 LacePulloverShirt,Rue 21,Sweater/Cardigan,XL,24.99,0.0,,1,0.0,1,0.0
10008772,Rus Tee Gray & Orange TN Tshirt,Rus Tee,Top,,15.0,3.75,75.0,1,0.0,1,3.75
10008451,Russell Orange UT T=Shirt M,,Top,,18.99,6.4,66.3,1,0.0,1,6.4
10008771,RusTee Cream & Orange TN Sweatshirt,Rus Tee,Top,,25.0,6.25,75.0,3,0.0,3,18.75
10004817,RXB Red Black Sheer Tank,Rxb,Top,L,15.99,0.0,,1,0.0,1,0.0
10007268,Ryu Skirt Cream,,Skirt,M,28.99,0.0,,1,0.0,1,0.0
10008006,Ryu Tan & Teal SL Dress,Ryu,Dress,S,26.0,6.5,75.0,1,0.0,1,0.0
10008578,Ryu BrwnWhiFeatherDress,Ryu,Dress,M,32.99,8.0,75.8,1,0.0,1,8.0
10004698,Ryu swtr gry wht,Ryu,Sweater/Cardigan,L,28.99,0.0,,1,0.0,1,0.0
10006724,S.C. Society Orange Floral Blouse,S.C. Society,Top,L,17.99,0.0,,1,0.0,1,0.0
10008410,Sadie & Sage Blush Overall Dress,Sadie & Sage,Dress,S,21.99,5.5,75.0,1,0.0,1,5.5
10007003,Sag Harbor Purple Skirt,Sag Harbor,Skirt,18,25.99,0.0,,1,0.0,1,0.0
10004711,sag harbor swtr gry,Sag Harbor,Sweater/Cardigan,XL,22.99,0.0,,1,0.0,1,0.0
10004683,sag harbor swtr pnk,Sag Harbor,Sweater/Cardigan,M,24.99,0.0,,1,0.0,1,0.0
10005176,SageHarbor Velvet BttnDwn Blk,Sage Harbor,Other,XL,25.99,0.0,,3,0.0,3,0.0
10005477,sagharbor swtr prp 1x,Sag Harbor,Sweater/Cardigan,,25.99,0.0,,1,0.0,1,0.0
10009807,Sagp Pargo Black Skirt w Beading,Sago Pargo,Skirt,L,32.99,0.0,,1,0.0,1,0.0
10007009,Sak 5th Ave Button Down Red,Saks 5Th Ave,Other,,29.99,0.0,,1,0.0,1,0.0
10006029,Saks BlkstudTop,Saks 5Th Ave,Other,S,45.99,0.0,,1,0.0,1,0.0
10008317,Saldirini GreenFlowerScarf,Saldirini,Accessories,,14.99,0.0,,1,0.0,1,0.0
10007077,Sam Edelman Laurs Lug Loafer,Sam Edelman,Shoes,8.5,45.99,0.0,,1,0.0,1,0.0
10008520,Sami & Jo Green Sleeveless Top L,,Top,,18.99,10.95,42.3,1,0.0,1,10.95
10008242,Sami & Jo Yellow SS Sequin Top,Sami & Jo,Top,L,25.0,6.25,75.0,1,0.0,1,6.25
10008440,Sanctuary Black Pants,,Jeans/Pants,M,22.99,5.75,75.0,1,0.0,1,5.75
10005684,Sanctuary Pants Black & Burgundy,,Jeans/Pants,10,21.99,0.0,,1,0.0,1,0.0
10003552,Sanctuary Pants Black Plaid,Sanctuary,Jeans/Pants,XL,44.99,0.0,,1,0.0,1,0.0
10007270,Sanctuary Pink Sleeveless Top,,Top,L,18.99,0.0,,1,0.0,1,0.0
10004192,Sanctuary Red One Shoulder Top,Sanctuary,Top,S,27.99,0.0,,1,0.0,1,0.0
10003495,Sanctuary Sweater Grey,Sanctuary,Sweater/Cardigan,M,32.99,0.0,,1,0.0,1,0.0
10007322,Sanctuary Tan Shorts,Sanctuary,Shorts,28,23.99,0.0,,1,0.0,1,0.0
10007426,Sanctuary White Pants,,Jeans/Pants,M,28.99,0.0,,1,0.0,1,0.0
10005080,Sanctuary Multicolor Blouse,Sanctuary,Top,M,15.99,0.0,,1,0.0,1,0.0
10005462,Sanctuary BlkCirccutoutTop,Sanctuary,Other,S,16.99,0.0,,1,0.0,1,0.0
10005296,Sanctuary MustardBlouse,Sanctuary,Top,M,15.99,0.0,,1,0.0,1,0.0
10002420,SanctuaryLS Top_BP,Sanctuary,Top,,22.99,0.0,,1,0.0,1,0.0
10002574,SanctuaryVest_Is,Sanctuary,Top,,29.99,0.0,,1,0.0,1,0.0
10007919,Sandy & Sid Cold Shoulder Top Red Multi,Sid X Sandy,Top,XL,23.99,0.0,,1,0.0,1,0.0
10004632,Sangria Black Red White Dress,Sangria,Dress,6,27.99,0.0,,1,0.0,1,0.0
10008209,Sans Souci Black Gold Top S,,Top,,23.99,6.0,75.0,1,0.0,1,6.0
10008748,Santiki Black Leaf Dress M,,Dress,,22.0,5.5,75.0,1,0.0,1,5.5
10007977,Santiki Green Pants L,,Jeans/Pants,,17.0,4.25,75.0,1,0.0,1,4.25
10007329,Sarah Kuenyefu Crop Jack,Sarah Kuenyefu,Other,S,45.99,0.0,,1,0.0,1,0.0
10005405,Sas RedFlat,Sas,Shoes,9,25.99,0.0,,1,0.0,1,0.0
10004417,SatinJacket Pink,Cato,Jacket/Coat,20,24.99,0.0,,1,0.0,1,0.0
10005927,Say What Black Tank Top w Detail,Say What,Top,L,21.99,0.0,,1,0.0,1,0.0
10003755,Sayane Plaid Black & White Pants,Sayane,Jeans/Pants,14,29.99,0.0,,1,0.0,1,0.0
10004600,SB MaroonDress,Sb,Dress,10,34.99,0.0,,1,0.0,1,0.0
10005322,SBJActive RedTankTop,SJB Active,Top,S,5.99,0.0,,1,0.0,1,0.0
10006848,Scully white sundress,Scully,Dress,L,64.99,0.0,,1,0.0,1,0.0
10006009,Sea Blk&WhifloralTop,Sea,Other,6,65.99,0.0,,1,0.0,1,0.0
10008076,Seal of the Sutro Tan Leather Shoes,Seal of the Sutro San Francisco,Shoes,6,22.0,5.5,75.0,1,0.0,1,5.5
10006833,Seductive Wear black cami,Cinema Etoile,Top,L,24.99,0.0,,1,0.0,1,0.0
10004036,Select TTee Shirt_Ste,Select T,Top,,19.99,0.0,,1,0.0,1,0.0
10008282,Self Contrast Pink Blouse,Self Contrast,Top,XS,25.0,6.25,75.0,1,0.0,1,6.25
10008178,Self Esteem Pink Velvet SS Top,Self Esteem,Top,M,18.99,6.0,68.4,1,0.0,1,6.0
10006234,sequined shoulder blouse,BCBG Maxazria,Top,XS,26.99,0.0,,1,0.0,1,0.0
10008273,Serengeti Black Red Dress L,,Dress,,25.0,6.25,75.0,1,0.0,1,6.25
10003351,Seven Dials White Boots 1,Seven Dials,Top,7,19.99,0.0,,1,0.0,1,0.0
10006103,SevierSkirts WhiteSkirt,Sevier Skirts,Skirt,M,24.99,0.0,,1,0.0,1,0.0
10007884,Sezane Green Top,,Top,M,25.0,6.25,75.0,1,0.0,1,6.25
10004536,Shadowline Black Slip Dress,Shadowline,Dress,M,18.99,0.0,,1,0.0,1,0.0
10003410,Shadowline Slip Dress White,Shadowline,Dress,M,17.99,0.0,,1,0.0,1,0.0
10008754,Shannon Passero Faux Black Pants M,,Jeans/Pants,,25.0,6.25,75.0,1,0.0,1,6.25
10008755,Shannon Passero Faux Black Pants S,,Jeans/Pants,,25.0,6.25,75.0,1,0.0,1,6.25
10008753,Shannon Passero Faux Black Pants XS,,Jeans/Pants,,25.0,6.25,75.0,1,0.0,1,6.25
10003879,Shapermint Black Tank Shapewear,Shapermint,Top,2,29.99,0.0,,1,0.0,1,0.0
10004784,She & Sky Brown Pleather Skirt,She & Sky,Skirt,L,24.99,0.0,,1,0.0,1,0.0
10006835,shear brown tanktop,Unknown,Top,L,32.99,0.0,,1,0.0,1,0.0
10006200,shear red long sleeve blouse medium,Unknown,Top,,31.99,0.0,,1,0.0,1,0.0
10007798,shear velvet black body suit 2x,Jolie & Joy,Other,,25.99,0.0,,1,0.0,1,0.0
10006488,Sheer Cream Slip,Unknown,Other,S,22.99,0.0,,1,0.0,1,0.0
10007779,Sheer Dress Blk&Pnk,Zara,Dress,XS,18.99,0.0,,1,0.0,1,0.0
10007335,Shein Furry Orange Jacket,Shein,Jacket/Coat,S,35.99,0.0,,1,0.0,1,0.0
10004893,shein skrt blk,Shein,Skirt,L,23.99,0.0,,1,0.0,1,0.0
10006815,Shera Black SS Top,Shera,Top,M,32.99,0.0,,1,0.0,1,0.0
10008572,SherriHill GemFeatherDress,Sherri Hill,Dress,2,55.99,20.0,64.3,1,0.0,1,20.0
10005466,SherriHill PinkGemFeatherDress,Sherri Hill,Dress,2,55.99,0.0,,1,0.0,1,0.0
10009804,Shiloh Jeans w Stitching Blue Long,Shiloh,Jeans/Pants,8,19.99,0.0,,1,0.0,1,0.0
10003617,shinestar pant blk 1x,Shinestar,Jeans/Pants,,25.99,0.0,,1,0.0,1,0.0
10005972,Shyanne Brown Cowgirl Boots,Shyanne,Shoes,7.5,145.99,0.0,,1,0.0,1,0.0
10008294,Shyanne FloralBoots,Shyanne,Shoes,9,150.0,0.0,,1,0.0,1,0.0
10003576,Side Stripe Green Trouser,Pure NWT,Jeans/Pants,4,45.99,0.0,,1,0.0,1,0.0
10007923,Sienna Sky White SL Blouse w Flowers,Sienna Sky,Top,M,17.99,0.0,,1,0.0,1,0.0
10008602,SiennaSky PinkRuffleTop,Sienna Sky,Other,L,14.99,8.0,46.6,1,0.0,1,8.0
10007429,Signals Multi-Color Pants,,Jeans/Pants,XL,12.99,0.0,,1,0.0,1,0.0
10005498,Signature Pink & Orange Pattern Dress,Signature by Robbie Bee,Dress,8,24.99,0.0,,1,0.0,1,0.0
10007563,Sigrid Olsen Off White Pants,Sigrid Olsen,Jeans/Pants,8,32.99,0.0,,1,0.0,1,0.0
10007514,Sigrid Olsen Red Pants,,Jeans/Pants,8,18.99,0.0,,1,0.0,1,0.0
10000879,Sigrid OlsenSweater_Mi,Sigrid Olsen,Sweater/Cardigan,,26.99,0.0,,1,0.0,1,0.0
10007749,SigridOlsen PinkFloralDress,Sigrid Olsen,Dress,12,21.99,0.0,,1,0.0,1,0.0
10008628,Silence & Noise Burgundy Top L,,Top,,15.99,4.0,75.0,1,0.0,1,4.0
10005011,Silk & Salt Emerald Green Hoodie,Silk X Salt,Other,XL,38.99,0.0,,1,0.0,1,0.0
10007814,silk black shortsleeve jacket,Whats Hot,Shorts,XL,24.99,0.0,,1,0.0,1,0.0
10006202,silk purple body suit,Express,Other,XL,21.99,0.0,,1,0.0,1,0.0
10003232,Silve & Black Necklace,Unknown,Accessories,,24.99,0.0,,1,0.0,1,0.0
10003234,Silver & Black Faux Pearl Necklace,Unknown,Accessories,,24.99,0.0,,1,0.0,1,0.0
10003244,Silver & Copper Necklace,Unknown,Accessories,,17.99,0.0,,1,0.0,1,0.0
10007936,Silver & Gold Hoop Necklace,Unknown,Accessories,,19.99,0.0,,1,0.0,1,0.0
10003274,Silver and Black Long Lariat Necklace,Whbm,Accessories,,17.99,0.0,,1,0.0,1,0.0
10007935,Silver Choker Necklace,Unknown,Accessories,,22.99,0.0,,1,0.0,1,0.0
10007955,Silver Decorative Necklace,,Accessories,,21.99,10.95,50.2,1,0.0,1,10.95
10003719,Silver Handbag,Xhilaration,Accessories,,5.99,0.0,,1,0.0,1,0.0
10006554,Silver Metal Mini Purse,Unknown,Accessories,,26.99,0.0,,1,0.0,1,0.0
10007348,Silver Plated Braceket w Eye Shape,Unknown,Accessories,,13.99,0.0,,1,0.0,1,0.0
10008794,Silver ring w stones,,Accessories,10,50.0,12.5,75.0,1,0.0,1,12.5
10006660,Silver Scales Belt w Silver Bedazzled Buckle,Unknown,Accessories,,42.99,0.0,,1,0.0,1,0.0
10008612,Silver w stone Bracelet,,Accessories,,12.99,5.99,53.9,1,0.0,1,5.99
10008604,SilverGemBracelet,Unknown,Accessories,,22.99,8.0,65.2,1,0.0,1,8.0
10008662,Simple Fun SS Top Brown L,,Top,,11.99,3.0,75.0,1,0.0,1,3.0
10007713,Simply Vera Soft Brown Knit Cardigan,Simply Vera,Sweater/Cardigan,S,22.99,0.0,,1,0.0,1,0.0
10005438,SimplyVera FauxFur Vest Grey,Simply Vera,Top,XL,32.99,0.0,,1,0.0,1,0.0
10004987,Sincerely Jules Blush Rose Sweater,Sincerely Jules,Sweater/Cardigan,M,21.99,0.0,,1,0.0,1,0.0
10005392,sinequanone drs shrt red strip,Sinequanone,Shorts,S,34.99,0.0,,1,0.0,1,0.0
10007821,Single Floral Dress,,Dress,M,64.99,42.0,35.4,1,0.0,1,42.0
10005074,Sioni Cold Shoulder Tank Blk,Sioni,Top,S,17.99,0.0,,1,0.0,1,0.0
10008710,Sis Sis Pink LS Blouse M,,Top,,19.99,6.25,68.7,1,0.0,1,6.25
10008577,Sisley GreyDress,Sisley,Dress,M,35.99,8.0,77.8,1,0.0,1,8.0
10004584,Skinnygirl Green Sleeveless,Skinnygirl,Top,M,12.99,0.0,,1,0.0,1,0.0
10008133,skirtin around pink chain skirt,Skirtin Around,Skirt,10,31.99,16.0,50.0,1,0.0,1,16.0
10004845,SKY Black Silver Sparkly SL Tank,Sky Plus,Top,XXL,21.99,0.0,,1,0.0,1,0.0
10007476,SL Fashions Blue SL Dress NWT,SL Fashions,Dress,14,38.99,0.0,,1,0.0,1,0.0
10008674,SL Fashions Pink White Dress 6,,Dress,,31.99,8.0,75.0,1,0.0,1,8.0
10006329,SLB White Sheer Ruffle Top,Slb,Top,M,15.99,0.0,,1,0.0,1,0.0
10005387,SLB pnts blk,Slb,Other,10,28.99,0.0,,1,0.0,1,0.0
10008773,Sleevey Wonders White Lace LS,Sleevey Wonders,Top,S,15.0,3.75,75.0,1,0.0,1,3.75
10008413,Slinky Brand Blue Sheer Cardigan XL,,Sweater/Cardigan,,23.99,6.0,75.0,1,0.0,1,6.0
10007459,SLNY Black Floral SL Dress,Slny,Dress,14,19.99,0.0,,1,0.0,1,0.0
10003841,SLNY Blk&Gld Dress,Slny,Dress,XL,28.99,0.0,,1,0.0,1,0.0
10000407,SLNYDress_Ba,Slny,Dress,,1.0,0.0,,0,0.0,1,0.0
10000450,SLNYDress_Ba,Slny,Dress,,1.0,0.0,,0,0.0,0,0.0
10000650,SLNYDress_Ba,Slny,Dress,,1.0,0.0,,0,0.0,0,0.0
10000832,SLNYDress_Ba,Slny,Dress,,1.0,0.0,,0,0.0,0,0.0
10000833,SLNYDress_Ba,Slny,Dress,,1.0,0.0,,0,0.0,0,0.0
10000837,SLNYDress_Ba,Slny,Dress,,1.0,0.0,,0,0.0,0,0.0
10000906,SLNYDress_Ba,Slny,Dress,,1.0,0.0,,0,0.0,0,0.0
10001263,SLNYDress_Ba,Slny,Dress,,1.0,0.0,,0,0.0,0,0.0
10001306,SLNYDress_Ba,Slny,Dress,,1.0,0.0,,0,0.0,0,0.0
10001386,SLNYDress_Ba,Slny,Dress,,1.0,0.0,,0,0.0,0,0.0
10001583,SLNYDress_Ba,Slny,Dress,,1.0,0.0,,0,0.0,0,0.0
10001611,SLNYDress_Ba,Slny,Dress,,1.0,0.0,,0,0.0,0,0.0
10001959,SLNYDress_Ba,Slny,Dress,,1.0,0.0,,0,0.0,0,0.0
10001967,SLNYDress_Ba,Slny,Dress,,1.0,0.0,,0,0.0,0,0.0
10002183,SLNYDress_Ba,Slny,Dress,,32.99,0.0,,0,0.0,0,0.0
10002345,SLNYDress_Ba,Slny,Dress,,17.99,0.0,,1,0.0,0,0.0
10002732,SLNYDress_Ba,Slny,Dress,,24.99,0.0,,0,0.0,0,0.0
10005148,SMYM Shldr Bodysuit Orng,Show me your Mumu,Top,M,18.99,0.0,,1,0.0,1,0.0
10005633,SO Blue Jean LS Lace Up Top,So,Jeans/Pants,S,19.99,0.0,,1,0.0,1,0.0
10006701,SO Brown Corduroy Blazer,So,Jacket/Coat,M,19.99,0.0,,1,0.0,1,0.0
10003373,So Cozy Sweatshirt Pink,So Cozy,Top,M,20.99,0.0,,1,0.0,1,0.0
10008142,so high rise knit brown skirt,So Good For Life,Skirt,L,16.99,8.0,52.9,1,0.0,1,8.0
10004985,SO Pink Blue Flannel LS,So,Top,L,17.99,0.0,,1,0.0,1,0.0
10005406,Sofft BllHeel,Sofft,Shoes,6,25.99,0.0,,1,0.0,1,0.0
10007024,Soft Surroundings Pink SL Top,Soft Surroundings,Top,L,24.99,0.0,,1,0.0,1,0.0
10004945,SoftSurr GreySweater,Soft Surroundings,Sweater/Cardigan,S,34.99,0.0,,1,0.0,1,0.0
10003560,Softt Brown Boots 1,Softt,Shoes,8,43.99,18.0,59.1,1,0.0,1,0.0
10007688,Soho Apparel Red Pants Gold Buttons,Soho Apparel,Jeans/Pants,M,29.99,0.0,,1,0.0,1,0.0
10004318,SoleSoc AshKneeHighBoots,Sole Society,Shoes,8.5,35.99,0.0,,1,0.0,1,0.0
10008500,Solitaire Floral Lace SS Top S,,Top,,24.99,6.3,74.8,1,0.0,1,6.3
10008278,Solitaire Red SS Blouse M,,Top,,22.0,4.5,79.5,1,0.0,1,4.5
10006795,Solitaire CreamFloralPocketJacket,Solitaire,Jacket/Coat,M,22.99,0.0,,1,0.0,1,0.0
10006828,Solitaire CreamFlowerPocketJack,Solitaire,Other,M,22.99,0.0,,1,0.0,1,0.0
10004468,SOliver BlueJeans,S Oliver,Jeans/Pants,6,20.99,0.0,,1,0.0,1,0.0
10007722,Solo Modo Yellow Dress,Solo Moda,Dress,S,22.99,0.0,,1,0.0,1,0.0
10007758,Soma FlowerMartiniSlip,Soma,Other,S,23.99,0.0,,1,0.0,1,0.0
10007411,SomethingSpecial Newsboyhat,Something Special,Accessories,,15.99,0.0,,1,0.0,1,0.0
10004460,SONG Bluejeans,Song,Jeans/Pants,15,18.99,0.0,,1,0.0,1,0.0
10002159,SonomaTee Shirt_Ca,Sonoma,Top,,12.99,0.0,,1,0.0,1,0.0
10007016,Spanx Black Tank,Spanx,Top,S,29.99,0.0,,1,0.0,1,0.0
10006984,Spanx White Jeans,Spanx,Jeans/Pants,S,41.99,0.0,,1,0.0,1,0.0
10005334,Spanx GreyoneShoulderTop,Spanx,Other,1,28.99,0.0,,1,0.0,1,0.0
10006189,sparkly white tie top small,Peppermayo,Top,,26.99,0.0,,1,0.0,1,0.0
10006444,Speechless Brown Orange SL Top,Speechless,Top,L,17.99,0.0,,1,0.0,1,0.0
10005109,Speechless Yellow Floral Skirt,Speechless,Skirt,3,25.99,0.0,,1,0.0,1,0.0
10004181,Speed Control Paisley Dress Black & White,Speed Control,Dress,2,24.99,0.0,,1,0.0,1,0.0
10006430,spencer jeremy black and white blouse,Spencer Jeremy,Top,M,32.99,0.0,,1,0.0,1,0.0
10006592,Spense Earthy Floral SL Top,Spense,Top,S,15.99,0.0,,1,0.0,1,0.0
10005116,Splendid Gray Plaid Flannel LS,Splendid,Top,S,22.99,0.0,,1,0.0,1,0.0
10004126,Spyder Camo Leggings,Spyder,Jeans/Pants,S,17.99,0.0,,1,0.0,1,0.0
10004131,Spyder LgtBl Athleisure Jckt,Spyder,Other,S,24.99,0.0,,1,0.0,1,0.0
10007494,St John's Bay Green Tank Top,,Top,S,18.99,0.0,,1,0.0,1,0.0
10008523,St John's Bay Purple Tank M,,Top,,19.99,10.95,45.2,1,0.0,1,10.95
10005567,St Johns Bay Beige Sweater w Buttons,St Johns Bay,Sweater/Cardigan,L,26.99,0.0,,1,0.0,1,0.0
10000029,St Johns BaySweater_Un,St Johns Bay,Sweater/Cardigan,,1.0,0.0,,0,0.0,0,0.0
10000039,St Johns BaySweater_Un,St Johns Bay,Sweater/Cardigan,,1.0,0.0,,0,0.0,0,0.0
10000071,St Johns BaySweater_Un,St Johns Bay,Sweater/Cardigan,,27.99,0.0,,0,0.0,0,0.0
10000092,St Johns BaySweater_Un,St Johns Bay,Sweater/Cardigan,,16.99,0.0,,0,0.0,0,0.0
10000131,St Johns BaySweater_Un,St Johns Bay,Sweater/Cardigan,,1.0,0.0,,0,0.0,0,0.0
10000140,St Johns BaySweater_Un,St Johns Bay,Sweater/Cardigan,,1.0,0.0,,0,0.0,0,0.0
10000153,St Johns BaySweater_Un,St Johns Bay,Sweater/Cardigan,,1.0,0.0,,0,0.0,0,0.0
10000178,St Johns BaySweater_Un,St Johns Bay,Sweater/Cardigan,,1.0,0.0,,0,0.0,0,0.0
10000232,St Johns BaySweater_Un,St Johns Bay,Sweater/Cardigan,,1.0,0.0,,0,0.0,0,0.0
10000374,St Johns BaySweater_Un,St Johns Bay,Sweater/Cardigan,,1.0,0.0,,0,0.0,0,0.0
10000378,St Johns BaySweater_Un,St Johns Bay,Sweater/Cardigan,,1.0,0.0,,0,0.0,0,0.0
10000443,St Johns BaySweater_Un,St Johns Bay,Sweater/Cardigan,,1.0,0.0,,0,0.0,0,0.0
10000474,St Johns BaySweater_Un,St Johns Bay,Sweater/Cardigan,,1.0,0.0,,0,0.0,0,0.0
10000478,St Johns BaySweater_Un,St Johns Bay,Sweater/Cardigan,,1.0,0.0,,0,0.0,0,0.0
10000495,St Johns BaySweater_Un,St Johns Bay,Sweater/Cardigan,,1.0,0.0,,0,0.0,0,0.0
10000524,St Johns BaySweater_Un,St Johns Bay,Sweater/Cardigan,,1.0,0.0,,0,0.0,0,0.0
10000704,St Johns BaySweater_Un,St Johns Bay,Sweater/Cardigan,,1.0,0.0,,0,0.0,0,0.0
10000766,St Johns BaySweater_Un,St Johns Bay,Sweater/Cardigan,,1.0,0.0,,0,0.0,0,0.0
10001013,St Johns BaySweater_Un,St Johns Bay,Sweater/Cardigan,,1.0,0.0,,0,0.0,0,0.0
10001129,St Johns BaySweater_Un,St Johns Bay,Sweater/Cardigan,,1.0,0.0,,0,0.0,0,0.0
10001135,St Johns BaySweater_Un,St Johns Bay,Sweater/Cardigan,,1.0,0.0,,0,0.0,0,0.0
10001292,St Johns BaySweater_Un,St Johns Bay,Sweater/Cardigan,,1.0,0.0,,0,0.0,0,0.0
10001557,St Johns BaySweater_Un,St Johns Bay,Sweater/Cardigan,,1.0,0.0,,0,0.0,0,0.0
10001579,St Johns BaySweater_Un,St Johns Bay,Sweater/Cardigan,,1.0,0.0,,0,0.0,0,0.0
10001893,St Johns BaySweater_Un,St Johns Bay,Sweater/Cardigan,,1.0,0.0,,0,0.0,0,0.0
10002025,St Johns BaySweater_Un,St Johns Bay,Sweater/Cardigan,,21.99,0.0,,1,0.0,0,0.0
10002036,St Johns BaySweater_Un,St Johns Bay,Sweater/Cardigan,,1.0,0.0,,0,0.0,0,0.0
10002415,St Johns BaySweater_Un,St Johns Bay,Sweater/Cardigan,,39.99,0.0,,0,0.0,0,0.0
10002514,St Johns BaySweater_Un,St Johns Bay,Sweater/Cardigan,,24.99,0.0,,0,0.0,0,0.0
10002613,St Johns BaySweater_Un,St Johns Bay,Sweater/Cardigan,,25.99,0.0,,0,0.0,0,0.0
10002616,St Johns BaySweater_Un,St Johns Bay,Sweater/Cardigan,,15.99,0.0,,1,0.0,0,0.0
10002643,St Johns BaySweater_Un,St Johns Bay,Sweater/Cardigan,,22.99,0.0,,0,0.0,0,0.0
10004726,St. John's Blue & Yellow line Plaid LS,St Johns Bay,Top,XXL,21.99,0.0,,1,0.0,1,0.0
10003634,st. johns bay pant brw,St. Johns Bay,Jeans/Pants,12,28.99,0.0,,1,0.0,1,0.0
10004309,Staccato RedLongsleeve,Staccato,Other,M,22.99,0.0,,1,0.0,1,0.0
10006632,staring at stars grey crop top,Staring At Stars,Top,L,22.99,0.0,,1,0.0,1,0.0
10005745,Stars Above Pink Satin Slip Dress,Stars Above,Dress,S,15.99,0.0,,1,0.0,1,0.0
10007531,Steel & Jelly LS Blouse Blue White L,,Top,,24.99,0.0,,1,0.0,1,0.0
10007281,Stella & Dot Pearl & Spike Bracelet,,Accessories,,39.99,0.0,,1,0.0,1,0.0
10006728,Stella & Dot Pink Silver Bracelet,Stella & Dot,Accessories,,15.99,0.0,,1,0.0,1,0.0
10006734,Stella & Dot Silver Bracelet,Stella & Dot,Accessories,,22.99,0.0,,1,0.0,1,0.0
10006731,Stella & Dot Silver Chain Necklace,Stella & Dot,Accessories,,32.99,0.0,,1,0.0,1,0.0
10006733,Stella & Dot Silver Stud Earrings,Stella & Dot,Accessories,,18.99,0.0,,1,0.0,1,0.0
10007380,StellaXDot GoldGemNecklaces,Stella & Dot,Accessories,,24.99,0.0,,1,0.0,1,0.0
10008002,Stetson Plaid Colorful Hat,Stetson,Accessories,L,25.99,0.0,,1,0.0,1,0.0
10008003,Stetson Plaid Colorful Hat,Stetson,Accessories,M,25.99,0.0,,1,0.0,1,0.0
10007302,Steve M NWT Black LS Top Burgundy Rose,Steve Madden,Top,S,32.99,0.0,,1,0.0,1,0.0
10007543,Steve Madden Beige Clogs,Steve Madden,Other,9.5,28.99,0.0,,1,0.0,1,0.0
10003354,Steve Madden Brown Boots,Steve Madden,Shoes,10,24.99,14.99,40.0,2,0.0,2,29.98
10008796,Steve Madden Paisley Dress,,Dress,,39.99,10.0,75.0,1,0.0,1,10.0
10007073,Steve Madden Rhinestone Sandals,Steve Madden,Top,8.5,12.99,0.0,,1,0.0,1,0.0
10007896,Steve Madden Snakeskin shoes 8,,Shoes,,27.99,6.3,77.5,1,0.0,1,6.3
10004018,Steve X BarryPants_Sx,Steve X Barry,Jeans/Pants,,23.99,0.0,,1,0.0,1,0.0
10004049,SteveMadden Org&Gld Pumps,Steve Madden,Shoes,9.5,28.99,0.0,,1,0.0,1,0.0
10008665,Steven by S Madden Studded Suede 7.5,,Other,,27.99,7.0,75.0,1,0.0,1,7.0
10006144,StJohnsBay PnkBttnDwnShirt,St Johns Bay,Top,XL,24.99,0.0,,1,0.0,1,0.0
10006042,StJohnsBay SlvlessBttnDwn,St Johns Bay,Top,L,24.99,0.0,,1,0.0,1,0.0
10006105,StJohnsBay TieShortSlveCardigan,St Johns Bay,Shorts,L,25.99,0.0,,1,0.0,1,0.0
10006865,StJohnsBay WhiLongShorts,St Johns Bay,Shorts,8,27.99,0.0,,1,0.0,1,0.0
10006243,Store Credit Buyback*,,Other,,0.0,0.0,,0,0.0,0,0.0
10007231,Storia Brown Floral Dress,,Dress,M,45.99,0.0,,1,0.0,1,0.0
10005217,Storia Burnt Orange Stripe Wrap Dress,Storia,Dress,XL,25.99,0.0,,1,0.0,1,0.0
10004442,Straight Leg Jean,Lucky Brand,Jeans/Pants,10,28.99,0.0,,1,0.0,1,0.0
10004592,Stranded Pink & Black Shirt,Stranded,Top,XXL,12.99,0.0,,1,0.0,1,0.0
10006424,strapless floral guess dress,Guess,Dress,6,25.99,0.0,,1,0.0,1,0.0
10002010,Street OneSkirt_Te,Street One,Skirt,,25.99,0.0,,1,0.0,1,0.0
10004509,StreetOne BlkWht PatternSkirt,Street One,Skirt,L,31.99,0.0,,1,0.0,1,0.0
10008469,Streetwear Society Blue Top S,,Top,,17.99,6.0,66.6,1,0.0,1,6.0
10007675,Strictly Comfort Black Shoes,,Shoes,9,15.99,0.0,,1,0.0,1,0.0
10004140,Striped Bkk&Wht Dress,Maurices,Dress,3,27.99,0.0,,1,0.0,1,0.0
10003322,Stuart Weitzman Silver Loafers with Gold Accent 1,Stuart Weitzman,Shoes,6,24.99,0.0,,1,0.0,1,0.0
10007529,Studio 1 Black Dress,,Dress,8,27.99,0.0,,1,0.0,1,0.0
10008685,Studio 1 Faux Suede Jacket 8,,Jacket/Coat,,17.99,6.0,66.6,1,0.0,1,6.0
10005729,Studio 1940 Red Black Tank,Studio 1940,Top,24,25.99,0.0,,1,0.0,1,0.0
10007593,Studio C Pink Blouse,,Top,10,21.99,0.0,,1,0.0,1,0.0
10002176,Studio CSS Top_Is,Studio C,Top,,19.99,0.0,,1,0.0,1,0.0
10007259,Studio Dress Brown,,Dress,10,32.99,0.0,,1,0.0,1,0.0
10005704,Studio Y Black Tank Studs,Studio Y,Top,M,21.99,0.0,,1,0.0,1,0.0
10007715,Studio Y Orange Wrap Top,Studio Y,Top,S,15.99,0.0,,1,0.0,1,0.0
10004942,Studio19 Pink&WhiBlouse,Studio 19,Top,M,24.99,0.0,,1,0.0,1,0.0
10004312,StudioEase BlackFloralDress,Studio Ease,Dress,8,32.99,0.0,,1,0.0,1,0.0
10003853,Style Rack Mustard Yellow Skirt,Style Rack,Skirt,S,22.99,0.0,,1,0.0,1,0.0
10004430,StyleStalkerStitchDressNWT Blue,Stylestalker,Dress,XS,99.99,0.0,,1,0.0,1,0.0
10004208,Sue P Blue Striped Sweater,Sue P Knits,Sweater/Cardigan,S,49.99,0.0,,1,0.0,1,0.0
10007825,Sue Wong Dress,,Dress,2,84.99,61.0,28.2,1,0.0,1,61.0
10007239,Suewong Mulit-Color Dress,,Dress,8,65.99,0.0,,1,0.0,1,0.0
10003561,SugarTorch Boots Black 1,Sugar,Shoes,7,38.99,20.0,48.7,1,0.0,1,20.0
10007320,Sun & Shadow Tan Tank Top,Sun & Shadow,Top,L,16.99,0.0,,1,0.0,1,0.0
10007286,Sundance Black Skirt,,Skirt,L,21.99,0.0,,1,0.0,1,0.0
10005786,SunnyLeigh BlkRuffleTop,Sunny Leigh,Other,S,28.99,0.0,,1,0.0,1,0.0
10006936,Sunnyleigh MulticolorTop,Sunny Leigh,Other,XS,24.99,0.0,,1,0.0,1,0.0
10004764,Supplies Army Green Capris w Tie String,Supplies,Accessories,18,25.99,0.0,,1,0.0,1,0.0
10007450,Susan G Green Floral LS,Susan Graver,Top,S,27.99,0.0,,1,0.0,1,0.0
10004673,susan graver vest prp,Susan Graver,Top,L,32.99,0.0,,1,0.0,1,0.0
10002748,Susan GraverCardigan_Fe,Susan Graver,Sweater/Cardigan,,16.99,0.0,,1,0.0,1,0.0
10005924,Susan Lawence Brown LS Top Lace,Susan Lawrence,Top,L,27.99,0.0,,1,0.0,1,0.0
10006845,Susana Monaco white dress,Susana Monaco,Dress,S,33.99,0.0,,1,0.0,1,0.0
10005452,SusanG Pinkfloralblouse,Susan Graver,Top,XL,25.99,0.0,,1,0.0,1,0.0
10007539,Suzanne Betro Grey Dress,,Dress,XL,29.99,0.0,,1,0.0,1,0.0
10008524,SW3 Bespoke Lace Sleeveless Top XS,,Top,,27.99,10.95,60.9,1,0.0,1,10.95
10007443,Sweet Pea Blouse,,Top,XS,25.99,0.0,,1,0.0,1,0.0
10008038,Sweet Pea Blue Grey Dress,,Dress,M,25.0,6.25,75.0,1,0.0,1,6.25
10008514,Sweet Soul Y2K Baby Doll Top L,,Top,,32.99,13.15,60.1,1,0.0,1,13.15
10004293,SweetMagnoliaNWT Camel Button-Down Dress,Sweet Magnolia,Dress,2,35.99,0.0,,1,0.0,1,0.0
10004338,T & S Brownish Shacket,Thread & Supply,Other,M,24.99,0.0,,1,0.0,1,0.0
10008041,T Party Black Pants M,,Jeans/Pants,,25.0,6.25,75.0,1,0.0,1,6.25
10006545,T Tahari Black Faux Leather Top,TTahari,Top,M,19.99,0.0,,1,0.0,1,0.0
10004961,TA Colle VINTAGE Orange Floral Dress,TA Collection,Dress,S,24.99,0.0,,1,0.0,1,0.0
10004493,TaglioVivo BlackS.SoffiettoBag,Taglio Vivo,Accessories,,285.0,0.0,,1,0.0,1,0.0
10008634,Tahari Sleeveless Top,,Top,M,17.99,4.25,76.4,0,0.0,0,0.0
10008643,Tahari White Tank Top M,,Top,,12.99,3.25,75.0,1,0.0,1,3.25
10008549,Tahari PrplGreenTop,Tahari,Other,6,22.99,0.0,,1,0.0,1,0.0
10000564,TahariSweater_Ga,Tahari,Sweater/Cardigan,,1.0,0.0,,0,0.0,0,0.0
10004153,Talbot Navy Crochet Long Sleeve NWT,RSVP by Talbots,Other,M,69.99,0.0,,1,0.0,1,0.0
10008730,Talbot's Navy Print Skirt 6,,Skirt,,23.99,6.5,72.9,1,0.0,1,6.5
10003557,Talbot's Pants Cream,Talbot's,Jeans/Pants,10,33.99,0.0,,1,0.0,1,0.0
10003556,Talbot's Skirt Black & White,Talbots,Skirt,10,31.99,0.0,,1,0.0,1,0.0
10007719,Talbots Beige Silk SS Top,Talbots,Top,6,22.99,0.0,,1,0.0,1,0.0
10006590,Talbots Black & White Checkered Skirt,Talbots,Skirt,12,24.99,0.0,,1,0.0,1,0.0
10004995,Talbots Black & White Flannel Button Down,Talbots,Other,M,26.99,0.0,,1,0.0,1,0.0
10004228,Talbots Black LS Pink Floral Dress,Talbots,Dress,16,25.99,0.0,,1,0.0,1,0.0
10005618,Talbots Black Tank,Talbots,Top,14,15.99,0.0,,1,0.0,1,0.0
10007725,Talbots Black Tropical Pants,Talbots,Jeans/Pants,4,24.99,0.0,,1,0.0,1,0.0
10005991,Talbots Blue & White Embroidered Top,Talbots,Top,S,32.99,0.0,,1,0.0,1,0.0
10007034,Talbots Brown Floral Skrt,Talbots,Skirt,10,24.99,0.0,,1,0.0,1,0.0
10007000,Talbots Brown Pants,Talbots,Jeans/Pants,12,26.99,0.0,,1,0.0,1,0.0
10004103,"Talbots Checkered Button Down , Green",Talbots,Other,S,25.99,0.0,,1,0.0,1,0.0
10006470,Talbots Colorful Flower Shorts,Talbots,Shorts,6,16.99,0.0,,1,0.0,1,0.0
10007729,Talbots Lavender & W Plaid Buttondown,Talbots,Other,6,22.99,0.0,,1,0.0,1,0.0
10004478,Talbots Maroon Slacks,Talbots,Other,18,23.99,0.0,,1,0.0,1,0.0
10005243,Talbots Navy Polka Dot LS Top,Talbots,Top,M,22.99,0.0,,1,0.0,1,0.0
10005990,Talbots Off White Sweater,Talbots,Sweater/Cardigan,S,35.99,0.0,,1,0.0,1,0.0
10005686,Talbots Pants Pink,,Jeans/Pants,12,24.99,0.0,,1,0.0,1,0.0
10006524,Talbots Pink SS Blouse,Talbots,Top,XL,19.99,0.0,,1,0.0,1,0.0
10005214,Talbots Pink Sweater,Talbots,Sweater/Cardigan,S,24.99,0.0,,1,0.0,1,0.0
10008457,Talbots Pink Blue Pants 2,,Jeans/Pants,,28.99,13.0,55.2,1,0.0,1,13.0
10005108,Talbots Red Brown Floral SL Top,Talbots,Top,6,14.99,0.0,,1,0.0,1,0.0
10005001,Talbots Red Paisley QS Blue Tassel,Talbots,Top,M,26.99,0.0,,1,0.0,1,0.0
10009800,Talbots Red White Blue Skirt,Talbots,Skirt,18,19.99,0.0,,1,0.0,1,0.0
10006844,Talbots white palm tree dress 8p,Talbots,Dress,,23.99,0.0,,1,0.0,1,0.0
10007311,Talbots Brwn&YllwSunglasses,Talbots,Top,,15.99,0.0,,1,0.0,1,0.0
10006352,Talbots Grn&BlkTop,Talbots,Other,S,24.99,0.0,,1,0.0,1,0.0
10006941,Talbots MulticolFloralBttnDwn,Talbots,Other,12,22.99,0.0,,1,0.0,1,0.0
10004665,Talbots MultiColFloralSkirt,Talbot's,Skirt,18,25.99,0.0,,1,0.0,1,0.0
10005767,Talbots OffWhiPant,Talbot's,Jeans/Pants,12,24.99,0.0,,1,0.0,1,0.0
10006944,Talbots PinkGreenSkirt,Talbots,Skirt,8,24.99,0.0,,1,0.0,1,0.0
10004873,talbots skrt blk,Talbot's,Skirt,16,25.99,0.0,,1,0.0,1,0.0
10004718,talbots swtr drk blu,Talbots,Sweater/Cardigan,XXL,24.99,0.0,,1,0.0,1,0.0
10004715,talbots swtr pnk,Talbot's,Sweater/Cardigan,XL,25.99,0.0,,1,0.0,1,0.0
10005802,talbots swtrblk&wht,Talbots,Sweater/Cardigan,XL,32.99,0.0,,1,0.0,1,0.0
10006862,Talbots WhiSleevlssTop,Talbots,Top,14,24.99,0.0,,1,0.0,1,0.0
10001199,TalbotsDress_Ev,Talbots,Dress,,32.99,0.0,,1,0.0,1,0.0
10001227,TalbotsDress_Ev,Talbots,Dress,,1.0,0.0,,0,0.0,0,0.0
10002761,TalbotsDress_Ev,Talbots,Dress,,34.99,0.0,,0,0.0,0,0.0
10002828,TalbotsLS Tee Shirt_Ex,Talbots,Top,,19.99,0.0,,1,0.0,1,0.0
10000049,TalbotsLS Top_Ba,Talbots,Top,,1.0,0.0,,0,0.0,0,0.0
10000297,TalbotsLS Top_Ba,Talbots,Top,,1.0,0.0,,0,0.0,0,0.0
10000529,TalbotsLS Top_Ba,Talbots,Top,,1.0,0.0,,0,0.0,0,0.0
10001222,TalbotsLS Top_Ba,Talbots,Top,,1.0,0.0,,0,0.0,0,0.0
10001498,TalbotsLS Top_Ba,Talbots,Top,,1.0,0.0,,0,0.0,0,0.0
10001617,TalbotsLS Top_Ba,Talbots,Top,,1.0,0.0,,0,0.0,0,0.0
10004144,TalbotsNWT FauxLthr Skirt,Talbots,Skirt,12,30.99,0.0,,1,0.0,1,0.0
10000221,TalbotsPants_Pa,Talbots,Jeans/Pants,,1.0,0.0,,0,0.0,3,0.0
10001446,TalbotsPants_Pa,Talbots,Jeans/Pants,,1.0,0.0,,0,0.0,0,0.0
10002092,TalbotsPants_Pa,Talbots,Jeans/Pants,,1.0,0.0,,0,0.0,0,0.0
10002578,TalbotsPants_Pa,Talbots,Jeans/Pants,,25.99,0.0,,0,0.0,0,0.0
10002579,TalbotsPants_Pa,Talbots,Jeans/Pants,,19.99,0.0,,1,0.0,0,0.0
10002585,TalbotsPants_Pa,Talbots,Jeans/Pants,,25.99,0.0,,1,0.0,0,0.0
10002588,TalbotsPants_Pa,Talbots,Jeans/Pants,,24.99,0.0,,1,0.0,0,0.0
10004396,TallLacedBrownBoots,Unknown,Shoes,40,19.99,0.0,,1,0.0,1,0.0
10006366,TamaraH PinkTassleBlouse,Tamara H,Top,XS,24.99,0.0,,1,0.0,1,0.0
10007808,tan knit tanktop,Bodin Kits,Sweater/Cardigan,S,25.99,0.0,,1,0.0,1,0.0
10003337,Tan Vintage Floral Skirt,Unknown,Skirt,,35.99,0.0,,1,0.0,1,0.0
10003739,tang zing rui button down brw,Tang Zing Rui,Other,L,23.99,0.0,,1,0.0,1,0.0
10003492,Tangerine Light Athletic Jacket Purple,Tangerine,Jacket/Coat,L,29.99,0.0,,1,0.0,1,0.0
10004099,TanJay BeadedSweaterVest Blk,Tan Jay,Sweater/Cardigan,XL,24.99,0.0,,1,0.0,1,0.0
10006246,Tash & Sophie Dark Blue LS Dress,Tash & Sophie,Dress,XL,38.99,0.0,,1,0.0,1,0.0
10006531,Taylor & S Beige Tank,Taylor & Sage,Top,XS,17.99,0.0,,1,0.0,1,0.0
10004134,Taylor Blk Spotted BttnDwn,Taylor Investments,Other,L,30.99,0.0,,1,0.0,1,0.0
10006786,TaylorSwiftErasTshirt,Unknown,Top,M,22.99,0.0,,1,0.0,1,0.0
10006852,Tecrew NWT white tank,Tecrew,Top,M,18.99,0.0,,1,0.0,1,0.0
10004574,Ted Baker Bright Pink 3 4 Shirt,Ted Baker London,Top,0,49.99,0.0,,1,0.0,1,0.0
10004075,Ted Baker Dusty Rose Handbag,Ted Baker,Accessories,,85.99,0.0,,1,0.0,1,0.0
10002009,Ted BakerSkirt_Re,Ted Baker,Skirt,,59.99,0.0,,1,0.0,1,0.0
10006061,tedbaker shrt blk,Ted Baker,Shorts,2,29.99,0.0,,1,0.0,1,0.0
10002318,Tee FuryTee Shirt_SJ,Tee Fury,Top,,12.99,0.0,,1,0.0,1,0.0
10003478,Teenbell Cardigan Pink,Teenbell,Sweater/Cardigan,S,27.99,0.0,,1,0.0,1,0.0
10007962,Tempo Paris White Blue Pants L,,Jeans/Pants,,25.0,6.25,75.0,1,0.0,1,6.25
10006227,tennessee vols tshirt,Blue 84,Top,XL,17.99,0.0,,1,0.0,1,0.0
10003472,Terra & Sky Sweater Blue,Terra & Sky,Sweater/Cardigan,14,24.99,0.0,,1,0.0,1,0.0
10007466,Tete Shiny Brass Spag Strap Dress,Tete a Tete,Dress,L,49.99,0.0,,1,0.0,1,0.0
10006223,textured beige crop top large,J For Justify,Top,,29.99,0.0,,1,0.0,1,0.0
10004481,Textured Terracotta Pull,Loveappella,Other,,26.99,0.0,,1,0.0,1,0.0
10003056,The Absolute Legging,The Absolute Legging,Jeans/Pants,,23.99,0.0,,1,0.0,1,0.0
10007033,The Limited Blk Top Sleeveless,,Top,M,19.99,0.0,,1,0.0,1,0.0
10006396,The Limited Colorful Braided Belt,The Limited,Accessories,,16.99,0.0,,1,0.0,1,0.0
10005848,The Limited Hot Pink Tank,The Limited,Top,XS,24.99,0.0,,1,0.0,1,0.0
10003481,The Limited Pants Olive Green,The Limited,Jeans/Pants,6,19.99,0.0,,1,0.0,1,0.0
10004997,The Limited Peach Sprinkle Sweater,The Limited,Sweater/Cardigan,M,27.99,0.0,,1,0.0,1,0.0
10008167,The Limited Pink SS Floral Top,The Limited,Top,L,19.99,8.0,60.0,1,0.0,1,8.0
10004847,The Limited Red Pattern Silky Tank,The Limited,Top,M,15.99,0.0,,1,0.0,1,0.0
10007558,The Limited Sleeveless Top Blue M,,Top,,16.0,4.0,75.0,1,0.0,1,4.0
10002786,The LimitedJacket,The Limited,Jacket/Coat,,23.99,0.0,,1,0.0,1,0.0
10004844,The North Face Blue Hoodie,The North Face,Other,L,15.99,0.0,,1,0.0,1,0.0
10005196,The North Face Blue Tshirt,The North Face,Top,M,22.99,0.0,,1,0.0,1,0.0
10004556,The Sak Black Fringe Purse Metal Hardware,The Sak,Accessories,,75.0,0.0,,1,0.0,1,0.0
10006877,TheInnShop MulticolStripeShirt,The Inn Shop,Top,32,19.99,0.0,,1,0.0,1,0.0
10005059,TheLimited Ruffle Blouse Prpl,The Limited,Top,S,24.99,0.0,,1,0.0,1,0.0
10004476,TheLimited Pink&WhButtonDown,The Limited,Other,S,19.99,0.0,,1,0.0,1,0.0
10005768,TheLimited PnkMulticolTop,The Limited,Other,S,15.99,0.0,,1,0.0,1,0.0
10007755,TheLimited PurpSequinSkirt,The Limited,Skirt,8,27.99,0.0,,1,0.0,1,0.0
10003824,Theory Blk&Grey Midi Dress,Theory,Dress,8,32.99,0.0,,1,0.0,1,0.0
10007236,Theory Dress Grey,,Dress,8,39.99,0.0,,1,0.0,1,0.0
10003821,Theory Patterned Pants,Theory,Jeans/Pants,2,30.99,0.0,,1,0.0,1,0.0
10003628,theory pant blk,Theory,Jeans/Pants,10,34.99,0.0,,1,0.0,1,0.0
10008555,TheSak BlkSilverStitchBag,The Sak,Accessories,,26.99,0.0,,1,0.0,1,0.0
10006764,Think Tank Blk Wht Gry Prnt Dress Sz S,Think Tank,Dress,,27.99,0.0,,1,0.0,1,0.0
10003969,ThirtyThirty Floral Babydoll,Thirty Thirty,Other,L,17.99,0.0,,1,0.0,1,0.0
10006062,thirtythirty tank pnk,Thirty Thirty,Top,XS,24.99,0.0,,1,0.0,1,0.0
10007914,Thread & Supply Jean Skirt,Thread & Supply,Skirt,S,21.99,0.0,,1,0.0,1,0.0
10008117,three yellow sleeveless blouse,Three,Top,XL,25.99,0.0,,1,0.0,1,0.0
10004628,Through LA Blue & Orange Dress,Through Los Angeles,Dress,S,25.99,0.0,,1,0.0,1,0.0
10006710,Tiana B Pink Multicolor Dress,Tiana B.,Dress,10,26.99,0.0,,1,0.0,1,0.0
10007812,tie dye long cami 1X,Live 4 Truth,Top,,25.99,0.0,,1,0.0,1,0.0
10006213,tiedye cropped tank,Deletta,Top,XXS,23.99,0.0,,1,0.0,1,0.0
10003960,TipsyElves Blk Sequin Pant,Tipsy Elves NWT,Jeans/Pants,XL,29.99,0.0,,1,0.0,1,0.0
10004335,TNF Burgundy Active Sweatshirt,The North Face,Top,S,31.99,0.0,,1,0.0,1,0.0
10004122,TNF Gry Razorback,The North Face,Other,L,19.99,0.0,,1,0.0,1,0.0
10004118,TNF Layered Top,The North Face,Top,L,20.99,0.0,,1,0.0,1,0.0
10004146,TNF Pink Pullover,The North Face,Sweater/Cardigan,L,29.99,0.0,,1,0.0,1,0.0
10004252,TNF Pink ZipUp Jacket,The North Face,Jacket/Coat,,29.99,0.0,,1,0.0,1,0.0
10005338,TNF Pink&WhiTop,The North Face,Other,L,22.99,0.0,,1,0.0,1,0.0
10004773,Toby Keith Straw Hat,Toby Keith,Accessories,,32.99,0.0,,1,0.0,1,0.0
10003700,Tommy Bahama Checkered ButtonDown,Tommy Bahama,Other,M,26.99,0.0,,1,0.0,1,0.0
10005596,Tommy H Black SL Blouse,Tommy Hilfiger,Top,S,22.99,0.0,,1,0.0,1,0.0
10007175,Tommy Hil Black SL Lace Dress,Tommy Hilfiger,Dress,10,44.99,0.0,,1,0.0,1,0.0
10003475,Tommy Hilfiger Cardigan Black,Tommy Hilfiger,Sweater/Cardigan,L,25.99,0.0,,1,0.0,1,0.0
10008725,Tommy Hilfiger Pink Top XL,,Top,,15.99,4.25,73.4,1,0.0,1,4.25
10007117,Tommy Hilfiger White Shorts,Tommy Hilfiger,Shorts,12,24.99,0.0,,1,0.0,1,0.0
10005152,Tommy Hilfiger Sweatshirt Pnk,Tommy Hilfiger,Top,M,24.99,0.0,,1,0.0,1,0.0
10005400,TommyH RedStripeTshirt,Tommy Hilfiger,Top,L,14.99,0.0,,1,0.0,1,0.0
10007636,Toms Red White Blue Heels,Toms,Top,9.5,39.99,0.0,,1,0.0,1,0.0
10007478,Toni Morgan Blazer Red,,Jacket/Coat,L,28.99,0.0,,1,0.0,1,0.0
10005644,Topshop Black & White Dress,Topshop,Dress,8,23.99,0.0,,1,0.0,1,0.0
10005303,Topshop Black Crop Top Ruffle,Topshop,Top,4,22.99,0.0,,1,0.0,1,0.0
10005527,Torrid Black White Stitch Skirt,Torrid,Skirt,3,24.99,0.0,,1,0.0,1,0.0
10006754,Torrid Brown & Orange Sheer Cami,Torrid,Top,1,35.99,0.0,,1,0.0,1,0.0
10004579,Torrid Pink Velvet Sleeveless,Torrid,Top,00,15.99,0.0,,1,0.0,1,0.0
10005448,Torrid Sheer Floral Cover,Torrid,Other,XXL,24.99,0.0,,1,0.0,1,0.0
10007861,Tory Burch Yellow Colorful SL Dress,Tory Burch,Dress,10,69.99,0.0,,1,0.0,1,0.0
10003762,Touche Gray BW Sweater,Touche,Sweater/Cardigan,L,29.99,0.0,,1,0.0,1,0.0
10003624,trafaluc pant burgundy,Zara Trafaluc,Jeans/Pants,M,24.99,0.0,,1,0.0,1,0.0
10004193,Traffic People Silver Animal Print Top,Traffic People,Top,,35.99,0.0,,1,0.0,1,0.0
10007963,TraVida Black White Dress XL,,Dress,,22.0,5.5,75.0,1,0.0,1,5.5
10005022,Treasure Rock Gray Jewel Bodycon Dress,Treasure Rock,Dress,S,23.99,0.0,,1,0.0,1,0.0
10005007,Treasure Striped Dress SL,Treasure X Bond,Dress,XS,18.99,0.0,,1,0.0,1,0.0
10004069,Trendstep Ankle Boot,Trendstep,Shoes,8.5,60.0,0.0,,1,0.0,1,0.0
10005722,TRF Denim Skirt,TRF Denim Rules,Skirt,6,27.99,0.0,,1,0.0,1,0.0
10007432,Trina Turk Black Shorts,,Shorts,8,29.99,0.0,,1,0.0,1,0.0
10004580,Trina Turk Burgundy,Trina Turk NWT,Other,S,29.99,0.0,,2,0.0,2,0.0
10005676,Trina Turk Dress Orange,,Dress,4,109.99,0.0,,1,0.0,1,0.0
10007200,Trixxi Multi Color Dress,,Dress,L,21.99,0.0,,1,0.0,1,0.0
10003671,true religion bag blk,True Religion,Accessories,,12.99,0.0,,1,0.0,1,0.0
10007513,Truth by Republic Sweatshirt Blue S,,Top,,24.99,0.0,,1,0.0,1,0.0
10005518,Truth Multicolor Dress w Fun Sleeves,Truth,Dress,XL,25.99,0.0,,1,0.0,1,0.0
10002687,TruthJacket_Na,Truth,Jacket/Coat,,35.99,0.0,,1,0.0,1,0.0
10007460,TU10 Black & White SS Floral Dress,Tu 10,Dress,M,27.99,0.0,,1,0.0,1,0.0
10005397,tulip b skt dots,Tulip B,Other,L,25.99,0.0,,1,0.0,1,0.0
10007219,Tulle Pink Blue Black LS Dress,Tulle,Dress,M,24.99,0.0,,1,0.0,1,0.0
10003287,Tulle Zip Up Sweater,Tulle,Sweater/Cardigan,,26.99,0.0,,1,0.0,1,0.0
10008390,Twenty One Multi-Color Top M,,Top,,18.99,4.75,75.0,1,0.0,1,4.75
10007989,Two Piece Black Satin Tank & Shorts,Unknown,Shorts,L,25.99,0.0,,1,0.0,1,0.0
10006003,UCB BlkBttnDown,United Colors of Benetton,Other,M,32.99,0.0,,1,0.0,1,0.0
10004570,Ultra P Black & Gold Longsleeve,Ultra Pink,Other,L,22.99,0.0,,1,0.0,1,0.0
10005173,UltraFlirt Puff Sweater Pnk&Blk,Ultra Flirt,Sweater/Cardigan,S,24.99,0.0,,1,0.0,1,0.0
10007864,Umgee Orange & Tan Romper,Umgee,Romper/Jumpsuit,L,27.99,0.0,,1,0.0,1,0.0
10008246,Umgee Purple SS Blouse M,,Top,,16.0,4.0,75.0,1,0.0,1,4.0
10007581,Under Armor Blue Shorts,Under Armor,Shorts,12,24.99,0.0,,1,0.0,1,0.0
10006286,Under Armor Gray Tshirt Red Stars,Under Armor,Top,M,16.99,0.0,,1,0.0,1,0.0
10007425,Under Armor Jacket Black,,Jacket/Coat,XL,19.99,0.0,,1,0.0,1,0.0
10004670,under armor sweatsht gry lg,Under Armor,Other,,22.99,0.0,,1,0.0,1,0.0
10004133,UnderArmour Blue Capris,Under Armor,Other,10,25.99,0.0,,1,0.0,1,0.0
10008677,Unique Orange Sleeveless Top XL,,Top,,19.99,6.5,67.5,1,0.0,1,6.5
10005545,United States Sweaters Beige SS Cardigan,United States Sweaters,Sweater/Cardigan,L,15.99,0.0,,1,0.0,1,0.0
10002799,United States SweatersSweater_R,United States Sweaters,Sweater/Cardigan,,13.99,0.0,,1,0.0,1,0.0
10008183,Universal T Orange Pink Halter Top,Universal Thread,Top,M,13.99,6.0,57.1,1,0.0,1,6.0
10008705,Unknown Beige Black SS Sweater M,,Sweater/Cardigan,,18.99,4.5,76.3,1,0.0,1,4.5
10004176,Unknown Black & Gold Metallic Top,Unknown,Top,,15.99,0.0,,1,0.0,1,0.0
10008432,Unknown Black Butterfly Sheer Top XXL,,Top,,18.99,4.75,75.0,1,0.0,1,4.75
10008479,Unknown Black Dress W Sequin M,,Dress,,29.99,8.5,71.7,1,0.0,1,8.5
10005794,Unknown Black Gown,Unknown,Dress,8,50.0,0.0,,1,0.0,1,0.0
10008760,Unknown Black Lace Top M,,Top,,15.0,3.75,75.0,1,0.0,1,3.75
10008640,Unknown Black Pants,,Jeans/Pants,M,15.99,4.0,75.0,1,0.0,1,4.0
10008494,Unknown Black Skirt,,Skirt,L,18.99,5.3,72.1,1,0.0,1,5.3
10008758,Unknown Black White Dress S,,Dress,,22.0,6.0,72.7,1,0.0,1,6.0
10003458,Unknown Bodysuit Black,Unknown,Top,S,17.99,0.0,,1,0.0,1,0.0
10003414,Unknown Camisole Beige,Unknown,Top,S,17.99,0.0,,1,0.0,1,0.0
10003383,Unknown Camisole White,Unknown,Top,M,19.99,0.0,,2,0.0,2,0.0
10007035,Unknown Chinese Trad Top,Unknown,Top,L,24.99,0.0,,1,0.0,1,0.0
10008689,Unknown Faux Suede Vest XXL,,Top,,19.99,6.0,70.0,1,0.0,1,6.0
10005374,Unknown Floral Tank Top,Unknown,Top,M,24.99,0.0,,1,0.0,1,0.0
10003418,Unknown Grey Multi Color Dress,Unknown,Dress,M,23.99,0.0,,1,0.0,1,0.0
10003532,Unknown Jacket Green,Unknown,Jacket/Coat,L,28.99,0.0,,1,0.0,1,0.0
10007240,Unknown Multi-Color Tank Top,,Top,L,9.99,0.0,,1,0.0,1,0.0
10008693,Unknown Orange Sweater M,,Sweater/Cardigan,,23.99,7.0,70.8,1,0.0,1,7.0
10007964,Unknown Pink Cardigan M,,Sweater/Cardigan,,16.0,4.0,75.0,1,0.0,1,4.0
10008757,Unknown Purple Top S,,Top,,35.0,8.75,75.0,1,0.0,1,8.75
10007027,Unknown Red Floral Crop Tank,Unknown,Top,M,14.99,0.0,,1,0.0,1,0.0
10007405,Unknown Red Rose Purse,Unknown,Accessories,,10.99,0.0,,1,0.0,1,0.0
10003526,Unknown Skirt Black,Unknown,Skirt,L,26.99,0.0,,1,0.0,1,0.0
10005826,Unknown Sleeveless Blue Floral Top,Unknown,Top,M,22.99,0.0,,1,0.0,1,0.0
10008692,Unknown Turquoise Coverall XL,,Other,,19.99,6.0,70.0,1,0.0,1,6.0
10008028,Unknown Vintage Black Dress S,,Dress,M,56.0,14.0,75.0,1,0.0,1,14.0
10003376,Unknown White Camisole,Unknown,Top,L,14.99,0.0,,1,0.0,1,0.0
10008431,Unknown White Sleeveless Top S,,Top,M,19.99,5.0,75.0,1,0.0,1,5.0
10008646,Unknown White Top XS,,Top,,15.99,4.0,75.0,1,0.0,1,4.0
10008220,Unknown Yellow Boho Dress L,,Dress,,25.99,8.99,65.4,1,0.0,1,8.99
10006078,unknown.tank floral,Unknown,Top,M,18.99,0.0,,1,0.0,1,0.0
10006072,unknown bls shearblk,Unknown,Top,M,34.99,0.0,,1,0.0,1,0.0
10006068,unknown bls ylworg,Unknown,Top,S,21.99,0.0,,1,0.0,1,0.0
10006060,unknown dress shrt navy,Unknown,Dress,S,35.99,0.0,,1,0.0,1,0.0
10005482,unknown hat blk,Unknown,Accessories,,12.99,0.0,,1,0.0,1,0.0
10005486,unknown tank beige,Unknown,Top,M,22.99,0.0,,1,0.0,1,0.0
10005485,unknown tank floral,Unknown,Top,S,13.99,0.0,,1,0.0,1,0.0
10002024,unknownDress_BC,Unknown,Dress,,24.99,0.0,,0,0.0,1,0.0
10002049,unknownDress_BC,Unknown,Dress,,1.0,0.0,,0,0.0,0,0.0
10002918,unknownDress_BC,Unknown,Dress,,1.0,0.0,,0,0.0,0,0.0
10002993,unknownDress_BC,Unknown,Dress,,29.99,0.0,,1,0.0,0,0.0
10000765,unknowndress_To,Unknown,Dress,,18.99,0.0,,1,0.0,1,0.0
10001055,unknowndress_To,Unknown,Dress,,32.99,0.0,,0,0.0,0,0.0
10001689,unknowndress_To,Unknown,Dress,,1.0,0.0,,0,0.0,0,0.0
10002936,unknowndress_To,Unknown,Dress,,29.99,0.0,,0,0.0,0,0.0
10002561,unknownJacket_Si,Unknown,Jacket/Coat,,35.99,0.0,,1,0.0,1,0.0
10002794,unknownJacket_So,Unknown,Jacket/Coat,,24.99,0.0,,1,0.0,1,0.0
10000933,unknownLS Top,Unknown,Top,,1.0,0.0,,0,0.0,0,0.0
10001017,unknownLS Top,Unknown,Top,,1.0,0.0,,0,0.0,0,0.0
10001033,unknownLS Top,Unknown,Top,,1.0,0.0,,0,0.0,0,0.0
10001034,unknownLS Top,Unknown,Top,,1.0,0.0,,0,0.0,0,0.0
10001152,unknownLS Top,Unknown,Top,,1.0,0.0,,0,0.0,0,0.0
10001161,unknownLS Top,Unknown,Top,,1.0,0.0,,0,0.0,0,0.0
10001259,unknownLS Top,Unknown,Top,,1.0,0.0,,0,0.0,0,0.0
10001299,unknownLS Top,Unknown,Top,,1.0,0.0,,0,0.0,0,0.0
10001330,unknownLS Top,Unknown,Top,,1.0,0.0,,0,0.0,0,0.0
10001480,unknownLS Top,Unknown,Top,,1.0,0.0,,0,0.0,0,0.0
10001641,unknownLS Top,Unknown,Top,,1.0,0.0,,0,0.0,0,0.0
10001987,unknownLS Top,Unknown,Top,,1.0,0.0,,0,0.0,0,0.0
10001999,unknownLS Top,Unknown,Top,,29.99,0.0,,1,0.0,0,0.0
10002381,unknownLS Top,Unknown,Top,,1.0,0.0,,0,0.0,0,0.0
10002486,unknownLS Top,Unknown,Top,,13.99,0.0,,0,0.0,0,0.0
10002598,unknownLS Top,Unknown,Top,,15.99,0.0,,0,0.0,0,0.0
10002795,unknownLS Top,Unknown,Top,,19.99,0.0,,1,0.0,0,0.0
10002960,unknownLS Top,Unknown,Top,,24.99,0.0,,0,0.0,0,0.0
10004044,unknownLS Top_unn,Unknown,Top,,12.99,0.0,,1,0.0,1,0.0
10002004,unknownSkirt_12,Unknown,Skirt,,39.99,0.0,,1,0.0,1,0.0
10000728,unknownskirt_Ju,Unknown,Skirt,,1.0,0.0,,0,0.0,0,0.0
10001264,unknownskirt_Ju,Unknown,Skirt,,1.0,0.0,,0,0.0,0,0.0
10002389,unknownskirt_Ju,Unknown,Skirt,,21.99,0.0,,0,0.0,0,0.0
10002646,unknownSweater_Ji,Unknown,Sweater/Cardigan,,15.99,0.0,,1,0.0,1,0.0
10000177,unknownSweater_Li,Unknown,Sweater/Cardigan,,1.0,0.0,,0,0.0,0,0.0
10000732,unknownSweater_Li,Unknown,Sweater/Cardigan,,1.0,0.0,,0,0.0,0,0.0
10002625,unknownSweater_Li,Unknown,Sweater/Cardigan,,18.99,0.0,,0,0.0,0,0.0
10001748,unknownSweatshirt_Ke,Unknown,Top,,24.99,0.0,,1,0.0,1,0.0
10004017,unknownTank Top_Ux,Unknown,Top,,11.99,0.0,,1,0.0,1,0.0
10003078,unknownThick Black Belt_Un,Unknown,Accessories,,15.0,0.0,,1,0.0,1,0.0
10003230,unknownTurquoise & Silver Necklace,Unknown,Accessories,,24.99,0.0,,1,0.0,1,0.0
10007171,Urban Out Oranges Gray Skirt,Urban Outfitters,Skirt,L,27.99,0.0,,1,0.0,1,0.0
10007912,Urban Out Snakeskin Dress,Urban Outfitters,Dress,XS,23.99,0.0,,1,0.0,1,0.0
10006277,Urban Outfitters Black Floral Top,Urban Outfitters,Top,XS,23.99,0.0,,1,0.0,1,0.0
10005249,Urban Outfitters Bralette Light Blue,Urban Outfitters,Other,S,12.99,0.0,,1,0.0,1,0.0
10003461,Urban Outfitters Dress Tan,Urban Outfitters,Dress,M,27.99,0.0,,1,0.0,1,0.0
10007076,Urban Outfitters Tan Sandals,Urban Outfitters,Top,10,18.99,0.0,,1,0.0,1,0.0
10008387,Urban Outfitters White Top S,,Top,,21.99,5.5,75.0,1,0.0,1,5.5
10007547,Urban Outfitters Yellow Top M,,Top,,16.0,0.0,,1,0.0,1,0.0
10008614,US Polo Pink Pants,,Jeans/Pants,14,22.99,5.75,75.0,1,0.0,1,5.75
10003787,Uskees Jean Overalls,Uskees,Jeans/Pants,16,39.99,0.0,,1,0.0,1,0.0
10004147,V Fraas Pattern Scarf,V. Fraas,Accessories,,21.99,0.0,,1,0.0,1,0.0
10007769,Valentino Beige Purse with Gold Studs,Valentino,Accessories,,750.0,0.0,,1,0.0,1,0.0
10007761,Valentino tan purse,Valentino,Accessories,,645.0,0.0,,1,0.0,1,0.0
10007882,Valentino's Black White Pants S,,Jeans/Pants,,56.0,14.0,75.0,1,0.0,1,14.0
10007797,valerie stevens casual floral pant 12p,Valerie Stevens,Jeans/Pants,,39.99,0.0,,1,0.0,1,0.0
10007898,Vaneli Leopard Flats 8,,Shoes,,24.99,4.25,83.0,1,0.0,1,4.25
10004569,Vanity Burgundy Sleeveless Top Sequin,Vanity,Top,XL,19.99,0.0,,1,0.0,1,0.0
10003938,Vanity Fair Beige Slip,Vanity Fair,Other,M,29.99,0.0,,1,0.0,1,0.0
10004149,Vanity Fair Beige Slip Dress,Vanity Fair,Dress,L,30.99,0.0,,1,0.0,1,0.0
10007068,Vans Checkerboard Pink Shoes,,Shoes,7.5,28.99,0.0,,1,0.0,1,0.0
10007211,Venezia Jeans Gray,Venezia Jeans,Jeans/Pants,16,28.99,0.0,,1,0.0,1,0.0
10004029,Venezia JeansTee Shirt_Vnz,Venezia Jeans,Jeans/Pants,,19.99,0.0,,1,0.0,1,0.0
10008430,Venus Pink Faux Leather Jacket M,,Jacket/Coat,,28.99,7.25,75.0,1,0.0,1,7.25
10005137,Vera Bradley Yellow Pattern Case,Vera Bradley,Other,,12.99,0.0,,1,0.0,1,0.0
10005138,Vera Bradley Yellow Pattern Large Tote,Vera Bradley,Accessories,,35.99,0.0,,1,0.0,1,0.0
10003084,Vera Pelle 1985 Belt_Ve,Vera Pelle,Accessories,,17.99,0.0,,1,0.0,1,0.0
10008425,Vera Wang Black Stretch Pants 8,,Jeans/Pants,,23.99,6.0,75.0,1,0.0,1,6.0
10003640,VeraBradley MulticolorBag,Vera Bradley,Accessories,,31.99,0.0,,1,0.0,1,0.0
10002322,Vero ModaLS Top_Pl,Vero Moda,Top,,25.99,0.0,,1,0.0,1,0.0
10005843,Veronicam Orange & Purple Dress,Veronicam,Dress,M,35.99,0.0,,1,0.0,1,0.0
10007849,Versona Purple Pants,,Jeans/Pants,6,19.99,0.0,,1,0.0,1,0.0
10005349,vertical club skrt grn,Vertical Club,Skirt,S,25.99,0.0,,1,0.0,1,0.0
10004658,VerticeC BlkGemJacket,Vertice Couture,Jacket/Coat,L,45.99,0.0,,1,0.0,1,0.0
10002861,VertigoSweater_Ur,Vertigo,Sweater/Cardigan,,39.99,0.0,,1,0.0,1,0.0
10003956,Verty Sequin Sleeveless Shirt NWT,Verty,Top,S,29.99,0.0,,1,0.0,1,0.0
10006453,Verve Blues Pink Pants,Verve Blues,Jeans/Pants,12,23.99,0.0,,1,0.0,1,0.0
10004475,Vervet PinkRustPant,Vervet,Jeans/Pants,25,22.99,0.0,,1,0.0,1,0.0
10005573,Very J Orange SL Top,Very J,Top,L,21.99,0.0,,1,0.0,1,0.0
10005638,Via S White Tank,Via Signoria,Top,S,25.99,0.0,,1,0.0,1,0.0
10005229,Via Signoria Sleeveless White Top Real,Via Signoria,Top,XL,24.99,0.0,,1,0.0,1,0.0
10005468,VictorCosta BlueBlouse,Victor Costa,Top,S,25.99,0.0,,1,0.0,1,0.0
10007118,Victoria & Sophia White SS Dress w Flowers,Victoria & Sophia,Dress,S,22.99,0.0,,1,0.0,1,0.0
10007176,Victoria Beckham Mint Green LS Dress,Victoria Beckham,Dress,XL,49.99,0.0,,1,0.0,1,0.0
10008504,Victoria Secret Floral Lace Cami S,,Top,,19.99,6.3,68.5,1,0.0,1,6.3
10003832,Victoria Secret Sweater,Victoriaxs Secret,Sweater/Cardigan,S,19.99,0.0,,1,0.0,1,0.0
10002352,Victoria SecretCami,Victoriaxs Secret,Top,,15.99,0.0,,1,0.0,1,0.0
10002402,Victorias Secret,Victoriaxs Secret,Other,,24.99,0.0,,1,0.0,1,0.0
10007726,Victorious Jeans,Victorious,Jeans/Pants,38,28.99,0.0,,1,0.0,1,0.0
10007371,VinatageGoldTonedFilagreeChoker,,Other,,70.99,0.0,,1,0.0,1,0.0
10007863,Vince Black & Gold Leather Boots,Vince Camuto,Shoes,7,44.99,0.0,,1,0.0,1,0.0
10007872,Vince Black Sheer LS,Vince,Top,M,24.99,0.0,,1,0.0,1,0.0
10003791,Vince Black Skirt,Vince,Skirt,6,18.99,0.0,,1,0.0,1,0.0
10005131,Vince C Green Off Shoulder Dress,Vince Camuto,Dress,6,24.99,0.0,,1,0.0,1,0.0
10008174,Vince C Orange SL Top,Vince Camuto,Top,S,29.99,6.0,80.0,1,0.0,1,6.0
10005660,Vince C Red Sleevless,Vince Camuto,Top,L,15.99,0.0,,1,0.0,1,0.0
10003353,Vince Camuto Black Boots,Vince Camuto,Shoes,M,79.99,24.99,68.8,1,0.0,1,24.99
10003558,Vince Camuto Boots Pink 1,Vince Camuto,Shoes,7,64.99,12.99,80.0,1,0.0,1,12.99
10007619,Vince Camuto White Dress,,Dress,12,28.99,0.0,,1,0.0,1,0.0
10005360,vince camuto bls blu,Vince Camuto,Top,L,25.99,0.0,,2,0.0,2,0.0
10003619,vince camuto boots blk 6 1,Vince Camuto,Shoes,2,45.99,0.0,,1,0.0,1,0.0
10005640,Vince Multicolor SL Tank,Vince Camuto,Top,XS,12.99,0.0,,1,0.0,1,0.0
10004157,Vince Tan Heels,Vince Camuto,Top,6.5,33.99,0.0,,1,0.0,1,0.0
10004323,VinceCamuto Blk&RedBoots,Vince Camuto,Shoes,7,38.99,0.0,,1,0.0,1,0.0
10007220,Vineyard Vines Blue SS Dress,Vineyard Vines,Dress,16,39.99,0.0,,1,0.0,1,0.0
10006765,Vineyard Vines Pink Dress,Vineyard Vines,Dress,XXS,35.99,0.0,,1,0.0,1,0.0
10003667,vineyard vines button down clr plad,Vineyard Vines,Other,6,32.99,0.0,,1,0.0,1,0.0
10004939,VineyardV PlaidBttndwn,Vineyard Vines,Other,10,21.99,0.0,,1,0.0,1,0.0
10008492,Vint 70's Reversible Maxi Skirt M,,Skirt,,99.99,5.4,94.6,1,0.0,1,5.4
10007506,Vint Carolina Colours Brown Top M,,Top,,23.99,0.0,,1,0.0,1,0.0
10008465,Vint Gilligan&O'Malley Night M,,Other,,49.99,8.0,84.0,1,0.0,1,8.0
10008483,Vint Joan Curtis Red Dress 10,,Dress,,49.99,8.5,83.0,1,0.0,1,8.5
10008615,Vint Plenty Frock Beige Dress 2,,Dress,,65.99,16.5,75.0,1,0.0,1,16.5
10008482,Vint. 80's Pink Sequin Fringe Top M,,Top,,32.99,8.5,74.2,1,0.0,1,8.5
10008484,Vint. Morton Myles Pink Polka 6,,Other,,64.99,7.99,87.7,1,0.0,1,7.99
10005126,VINTAGE 2 Piece Set Black w Pink Flw,Premier International,Set,M,25.99,0.0,,1,0.0,1,0.0
10006248,VINTAGE 70s Pants,,Jeans/Pants,7,24.99,0.0,,1,0.0,1,0.0
10008462,Vintage Alyn Paige Blue Dress 10,,Dress,,49.99,13.0,74.0,1,0.0,1,13.0
10008143,vintage Bentley grey floral skirt,Bentley,Skirt,L,28.99,8.0,72.4,1,0.0,1,8.0
10008128,Vintage Berek Black Jacket S,,Jacket/Coat,,36.99,9.0,75.7,1,0.0,1,9.0
10006255,VINTAGE Betsey Johnson Purse Floral,Betsey Johnson,Accessories,,38.99,0.0,,1,0.0,1,0.0
10007813,vintage black and white jacket,Nardis,Jacket/Coat,S,24.99,0.0,,1,0.0,1,0.0
10007485,Vintage Blue 1 4 Zip LS Top,,Top,L,19.99,0.0,,1,0.0,1,0.0
10007671,VINTAGE Blue SL Dress,Unknown,Dress,14,90.0,0.0,,1,0.0,1,0.0
10004526,VINTAGE Blue Sleeveless Flw,,Top,XL,65.0,0.0,,1,0.0,1,0.0
10008096,vintage bown leather belt,Unknown,Accessories,,10.99,0.0,,1,0.0,1,0.0
10007540,Vintage Brown Floral Dress M,,Dress,,28.99,0.0,,1,0.0,1,0.0
10008091,vintage catalina sportswear tanktop,Catalina,Top,M,10.99,0.0,,1,0.0,1,0.0
10008181,VINTAGE Cheetah Underskirt,Unknown,Skirt,XS,31.99,8.0,75.0,1,0.0,1,8.0
10006497,Vintage Coach Pink Suede Baguette,,Accessories,,335.0,300.28,10.4,1,0.0,1,300.28
10007598,Vintage Coach SoHo Pink Optic,,Other,,424.99,0.0,,1,0.0,1,0.0
10003682,VINTAGE coach daphne purse lg,Coach,Accessories,,375.0,0.0,,1,0.0,1,0.0
10006197,vintage coral dress shirt small,Antilia Femme,Dress,,19.99,0.0,,1,0.0,1,0.0
10004544,VINTAGE Cream Dress w Flowers,,Dress,M,110.0,0.0,,1,0.0,1,0.0
10008531,Vintage Dorset Compact Mirror,Dorset,Set,,42.99,0.0,,1,0.0,1,0.0
10008104,vintage eedra purple sweater dress,Eedra,Dress,M,39.99,0.0,,1,0.0,1,0.0
10004545,VINTAGE Elan Pink Chiffon Sleeveless ONE SIZE,Elan,Top,,50.0,0.0,,1,0.0,1,0.0
10003723,VINTAGE endear barbizon ngt gwn white,Barbizon,Other,42,29.99,0.0,,1,0.0,1,0.0
10008099,vintage floral dress,Unknown,Dress,M,35.99,0.0,,1,0.0,1,0.0
10008102,vintage forenza flowy pant,Forenza,Jeans/Pants,10,33.99,0.0,,1,0.0,1,0.0
10008529,Vintage Gold Floral Compact Mirror,Unknown,Other,,64.99,0.0,,1,0.0,1,0.0
10006192,vintage green and plaid shirt medium,Just Arrived,Top,,15.99,0.0,,1,0.0,1,0.0
10008095,vintage green sweater dress,Unknown,Dress,XS,39.99,0.0,,1,0.0,1,0.0
10008103,vintage grey pant,Unknown,Jeans/Pants,XS,33.99,0.0,,1,0.0,1,0.0
10008098,vintage heather&tweed sweater,Heather&Tweed,Sweater/Cardigan,M,35.99,0.0,,1,0.0,1,0.0
10008447,Vintage Hem&Thread White Skirt S,,Skirt,,29.99,16.99,43.3,1,0.0,1,16.99
10006450,VINTAGE Ilyssa M Pink Yellow LS Chain,Ilyssa Maxx,Top,XL,34.99,0.0,,1,0.0,1,0.0
10008231,Vintage Impressions of Cal. Pink Top 12,,Top,,32.99,8.0,75.8,1,0.0,1,8.0
10008739,Vintage Italy Diffusion24 Gold S,,Other,,65.0,16.25,75.0,1,0.0,1,16.25
10005185,VINTAGE JaneAshley BttnDwn Pnk,Jane Ashley,Other,L,22.99,0.0,,1,0.0,1,0.0
10008094,vintage joyce bergendy sweater dress,Joyce,Dress,36,35.99,0.0,,1,0.0,1,0.0
10008089,vintage knit navy skirt,Unknown,Skirt,XS,29.99,0.0,,1,0.0,1,0.0
10008088,vintage knit sweater,Unknown,Sweater/Cardigan,S,22.99,0.0,,1,0.0,1,0.0
10008086,vintage knit tanktop,Unknown,Sweater/Cardigan,XS,28.99,0.0,,1,0.0,1,0.0
10006464,VINTAGE Lady Manh Black & W Paisley Top,Lady Manhattan,Top,10,27.99,0.0,,1,0.0,1,0.0
10002042,VINTAGE LadyB Sequin Skirt,Lady Bxs,Skirt,,35.99,0.0,,1,0.0,1,0.0
10008522,Vintage Lauren Rogers Satin Cami S,,Top,,29.99,21.9,27.0,1,0.0,1,21.9
10007164,Vintage Levi's Yellow Pants,,Jeans/Pants,S,59.99,0.0,,1,0.0,1,0.0
10006172,vintage long sleeve blouse,Unknown,Top,M,25.99,0.0,,1,0.0,1,0.0
10006169,vintage long sleeve purple blouse,Sears,Top,M,25.99,0.0,,1,0.0,1,0.0
10008532,Vintage Makeup Compact,Unknown,Other,,52.99,0.0,,1,0.0,1,0.0
10007096,Vintage Marino Orlandi Italian Leather Bag AS IS,Marino Orlandi,Accessories,,22.99,0.0,,0,0.0,0,0.0
10006498,Vintage Mitcom Porsche Jacket,,Jacket/Coat,XS,89.99,0.0,,1,0.0,1,0.0
10008800,Vintage Mod Floral Dress,,Dress,L,89.99,25.0,72.2,1,0.0,1,25.0
10007230,Vintage Multi-Color Dress,,Dress,L,85.99,0.0,,1,0.0,1,0.0
10003819,VINTAGE Multicolor Skirt,Zapa,Skirt,M,54.99,0.0,,1,0.0,1,0.0
10006175,vintage navy blouse,Belle,Top,14,25.99,0.0,,1,0.0,1,0.0
10006179,vintage navy skirt small,Unknown,Skirt,,22.99,0.0,,1,0.0,1,0.0
10008106,vintage navy sweater dress,Unknown,Dress,M,22.99,0.0,,1,0.0,1,0.0
10006447,VINTAGE Orange Multicolor LS,Unknown,Top,11,29.99,0.0,,1,0.0,1,0.0
10008109,vintage patchwork jumpsuit,Unknown,Romper/Jumpsuit,S,26.99,0.0,,1,0.0,1,0.0
10008110,vintage patchwork skirt s-m,Unknown,Skirt,,33.99,0.0,,1,0.0,1,0.0
10006477,VINTAGE Peach & White Wrap Skirt,Unknown,Skirt,4,27.99,0.0,,1,0.0,1,0.0
10008476,Vintage Pink Babydoll Nightgown M,,Dress,L,24.99,8.0,68.0,1,0.0,1,8.0
10006770,Vintage Pink Dress,Unknown,Dress,XS,115.0,0.0,,1,0.0,1,0.0
10007345,Vintage Pink Enamel Bangle Gold,Unknown,Other,,15.99,0.0,,1,0.0,1,0.0
10006171,vintage pink gown,Unknown,Dress,M,24.99,0.0,,1,0.0,1,0.0
10007307,VINTAGE Pink Lilac LS Dress,Unknown,Dress,S,135.0,0.0,,1,0.0,1,0.0
10006196,vintage pink shear robe small,Unknown,Other,,25.99,0.0,,1,0.0,1,0.0
10008108,vintage plaid pants,Unknown,Jeans/Pants,XS,12.99,0.0,,1,0.0,1,0.0
10007879,Vintage Polka Dot Dress S,,Dress,,66.0,16.5,75.0,1,0.0,1,16.5
10008097,vintage Private Label tan blouse,Private Label,Top,10,35.99,0.0,,1,0.0,1,0.0
10008101,vintage purple sweater,Unknown,Sweater/Cardigan,M,35.99,0.0,,1,0.0,1,0.0
10007409,Vintage Red Flower Ring,Unknown,Accessories,,10.99,0.0,,1,0.0,1,0.0
10008107,vintage red knit skirt,Unknown,Skirt,M,29.99,0.0,,1,0.0,1,0.0
10006183,vintage red night set small,Unknown,Set,,18.99,0.0,,1,0.0,1,0.0
10005696,VINTAGE Reversible Black Blue Top,Unknown,Top,M,24.99,0.0,,1,0.0,1,0.0
10006480,VINTAGE Rhoda Lee Blue Polka Dot Top,Rhoda Lee,Top,10,39.99,0.0,,1,0.0,1,0.0
10007410,Vintage Sarah Coventry Ring,Sarah Coventry,Accessories,,18.99,0.0,,1,0.0,1,0.0
10003924,VINTAGE Satin Intimate Pant,Hydons,Jeans/Pants,S,27.99,0.0,,1,0.0,1,0.0
10008180,VINTAGE Sheer Cheetah Print Skirt,Unknown,Skirt,S,31.99,8.0,75.0,1,0.0,1,8.0
10006490,VINTAGE Shirley Brown Owl T,Shirley Gadol,Other,S,59.99,0.0,,1,0.0,1,0.0
10006777,Vintage Striped Overalls,Unknown,Top,S,45.99,0.0,,1,0.0,1,0.0
10008060,Vintage Tea Towel Adjustable Skirt,Unknown,Skirt,M,29.0,7.25,75.0,1,0.0,1,7.25
10006481,VINTAGE Tess Brown Satin LS Top,Tess,Top,10,28.99,0.0,,1,0.0,1,0.0
10007586,Vintage Thai Pierced Filigree Metal Purse,,Accessories,,99.99,68.67,31.3,1,0.0,1,68.67
10004197,VINTAGE Unknown Top Bck Cream Purple,Unknown,Top,XL,41.99,0.0,,1,0.0,1,0.0
10008090,vintage westex leather brown skirt 11-12,Westex,Skirt,,36.99,0.0,,1,0.0,1,0.0
10006303,VINTAGE White Buttondown LS,Unknown,Top,10,24.99,0.0,,1,0.0,1,0.0
10006198,vintage yellow dress shirt,Evan Picone,Dress,12,25.99,0.0,,1,0.0,1,0.0
10006695,VINTAGE Yorkshire Knit Offwhite Sweater,Yorkshire Knitting,Sweater/Cardigan,XL,43.99,0.0,,1,0.0,1,0.0
10003669,VINTAGE eng ldry skirt grn,English Laundry,Skirt,M,31.99,0.0,,1,0.0,1,0.0
10006146,Vintage FloralBttnDwn,Unknown,Other,M,35.99,0.0,,1,0.0,1,0.0
10008047,Vintage40sTanSweater,Unknown,Sweater/Cardigan,S,34.99,0.0,,1,0.0,1,0.0
10008607,Vintage70sSnakeChainBracelet,Unknown,Top,,25.99,8.0,69.2,1,0.0,1,8.0
10008599,Vintage7Mad BlkWhiPantsuit,7 Madison,Jeans/Pants,XS,54.99,13.75,75.0,1,0.0,1,13.75
10004479,VintageA PlumFloralBlouse,Vintage America,Top,S,26.99,0.0,,1,0.0,1,0.0
10006126,VintageAileen WhiZipSweater,Aileen,Sweater/Cardigan,S,15.99,0.0,,1,0.0,1,0.0
10008791,VintageAvonNecklace,Avon,Accessories,,15.99,8.0,50.0,1,0.0,1,8.0
10008049,VintageBlackPantStripe,Unknown,Jeans/Pants,S,74.99,0.0,,1,0.0,1,0.0
10008606,VintageBlGrGemNecklace,Unknown,Accessories,,17.99,8.0,55.5,1,0.0,1,8.0
10008074,VintageBlueBttnDwnTop,Unknown,Other,M,32.99,0.0,,1,0.0,1,0.0
10008055,VintageClarks BlackLoafr,Clarks,Other,8,21.99,0.0,,1,0.0,1,0.0
10008782,VintageCoachPurse Brwn,Coach,Accessories,,204.99,8.0,96.1,1,0.0,1,8.0
10008058,VintageDesignHouse DottedDress,Design House,Dress,S,64.99,0.0,,1,0.0,1,0.0
10008608,VintageFlowerBangle,Unknown,Other,,9.99,8.0,19.9,1,0.0,1,8.0
10008364,VintageFredericks PinkBeadTop,Fredericks of Hollywood,Other,M,45.99,0.0,,1,0.0,1,0.0
10005284,VintageFredR MulticolTieTop,Fred Rothschild,Other,L,25.99,0.0,,1,0.0,1,0.0
10008051,VintageGayGibson BlueSuitSET,Gay Gibson,Set,S,54.99,0.0,,1,0.0,1,0.0
10007384,VintageGemGoldRing,Unknown,Accessories,,23.99,0.0,,1,0.0,1,0.0
10008597,VintageGennisknit OrTennisDress,Gennisknit,Dress,M,39.99,10.0,75.0,1,0.0,1,10.0
10008057,VintageGreenJacket,Unknown,Jacket/Coat,40,59.99,0.0,,1,0.0,1,0.0
10008598,VintageImpressions TaupeBlkBlouse,Impressions,Top,8,18.99,4.75,75.0,1,0.0,1,4.75
10006147,VintageLapisRing,Unknown,Accessories,,34.99,0.0,,1,0.0,1,0.0
10006125,VintageLileenP WhiPurpRedBttnDwn,Lileen Pennington,Other,34,25.99,0.0,,1,0.0,1,0.0
10007386,VintageLuciteNecklace,Unknown,Accessories,,18.99,0.0,,1,0.0,1,0.0
10008054,VintageMiramonte WhiteHeels,Miramonte,Top,7,44.99,0.0,,1,0.0,1,0.0
10008059,VintageMissHolly WhiBttnDwn,Miss Holly,Top,38,44.99,0.0,,1,0.0,1,0.0
10008056,VintageOrlon PinkSweatr,Orlon,Other,S,29.99,0.0,,1,0.0,1,0.0
10008048,VintagePatchDress,Unknown,Dress,10,74.99,0.0,,1,0.0,1,0.0
10006132,VintagePattys CrmLaceBlouse,Pattys of Texas,Top,M,35.99,0.0,,1,0.0,1,0.0
10007387,VintagePilomaPicassoBrwnLeathrBag,Paloma Picasso,Top,,29.99,0.0,,1,0.0,1,0.0
10008052,VintagePinkFlowerDress,Unknown,Dress,S,32.99,0.0,,1,0.0,1,0.0
10004661,VintagePrp-MulticolDress,Unknown,Dress,S,135.0,0.0,,1,0.0,1,0.0
10008561,VintageRebekah BlkLcaeTop,Rebekah,Other,M,25.99,8.0,69.2,1,0.0,1,8.0
10008596,VINTAGEShortSetCrmGrnPink,Unknown,Shorts,XS,74.99,18.75,75.0,1,0.0,1,18.75
10007379,VintageSilverPlatedSwirlNecklaces,Unknown,Accessories,,45.99,0.0,,1,0.0,1,0.0
10005769,VintageSimplyStyled BlueTop,Simply Styled,Other,S,25.99,0.0,,1,0.0,1,0.0
10006167,VintageVanityFair AniPrintmeshSkirt,Vanity Fair,Skirt,S,15.99,0.0,,1,0.0,1,0.0
10004664,VintageVictoriaS PinkSlip,Victoriaxs Secret,Other,M,39.99,0.0,,1,0.0,1,0.0
10008600,VintageWhiBlkBlouse,Unknown,Top,S,25.99,6.5,75.0,1,0.0,1,6.5
10006601,Violet & Claire Pink SL Top,Violet X Claire,Top,L,18.99,0.0,,1,0.0,1,0.0
10005611,Violet & Claire Red SL Tank,Violet X Claire,Top,XL,14.99,0.0,,1,0.0,1,0.0
10000255,Violet X ClaireLS Top_Wh,Violet X Claire,Top,,1.0,0.0,,0,0.0,1,0.0
10000266,Violet X ClaireLS Top_Wh,Violet X Claire,Top,,1.0,0.0,,0,0.0,0,0.0
10000345,Violet X ClaireLS Top_Wh,Violet X Claire,Top,,1.0,0.0,,0,0.0,0,0.0
10001160,Violet X ClaireLS Top_Wh,Violet X Claire,Top,,1.0,0.0,,0,0.0,0,0.0
10001214,Violet X ClaireLS Top_Wh,Violet X Claire,Top,,1.0,0.0,,0,0.0,0,0.0
10001262,Violet X ClaireLS Top_Wh,Violet X Claire,Top,,1.0,0.0,,0,0.0,0,0.0
10001437,Violet X ClaireLS Top_Wh,Violet X Claire,Top,,1.0,0.0,,0,0.0,0,0.0
10001608,Violet X ClaireLS Top_Wh,Violet X Claire,Top,,1.0,0.0,,0,0.0,0,0.0
10001708,Violet X ClaireLS Top_Wh,Violet X Claire,Top,,1.0,0.0,,0,0.0,0,0.0
10001953,Violet X ClaireLS Top_Wh,Violet X Claire,Top,,1.0,0.0,,0,0.0,0,0.0
10002607,Violet X ClaireLS Top_Wh,Violet X Claire,Top,,22.99,0.0,,1,0.0,0,0.0
10006049,VioletxC Blkdottedbttndwn,Violet X Claire,Other,L,32.99,0.0,,1,0.0,1,0.0
10007061,Vionic Pink Sandals,Vionic,Top,9,35.99,0.0,,1,0.0,1,0.0
10008421,VIP Jeans Khaki Pants M,,Jeans/Pants,,17.99,4.5,75.0,1,0.0,1,4.5
10006913,VIPJeans FlowrPatchJeanSkirt,VIP Jeans,Skirt,L,24.99,0.0,,1,0.0,1,0.0
10006744,Von Dutch Pink Velvet Cap,Von Dutch,Other,,32.99,0.0,,1,0.0,1,0.0
10006526,Voy Black Puff Sleeves Top,Voy,Top,L,29.99,0.0,,1,0.0,1,0.0
10007832,VS Pale Pink Lace Romper,Victoriaxs Secret,Romper/Jumpsuit,M,24.99,0.0,,1,0.0,1,0.0
10006753,VS Pink & Black Lace Lingerie Babydoll Top,Unknown,Top,M,42.99,0.0,,1,0.0,1,0.0
10004542,VS Pink Slip,Victoriaxs Secret,Other,M,38.99,0.0,,1,0.0,1,0.0
10007686,W5 Red LS Chiffon Top,W5,Top,M,18.99,0.0,,1,0.0,1,0.0
10008053,WaldenClassics MulticolDress,Walden Classics,Dress,10,49.99,0.0,,1,0.0,1,0.0
10007862,Wallis Black Butterfly Dress,Wallis,Dress,12,25.99,0.0,,1,0.0,1,0.0
10007138,Wax Jeans LA Denim Mini Skirt,Wax Jean,Skirt,L,16.99,0.0,,1,0.0,1,0.0
10002972,WayeDress_Wx,Waye,Dress,,32.99,0.0,,1,0.0,1,0.0
10005402,Wayf Blk&GrnFloralTop,Wayf,Other,M,22.99,0.0,,1,0.0,1,0.0
10004963,We The Free Jean Skirt Zipper,We The Free,Skirt,24,28.99,0.0,,1,0.0,1,0.0
10003484,We The Free Sweatshirt Grey,We The Free,Top,XS,23.99,0.0,,1,0.0,1,0.0
10008630,Wearever Beige Bodysuit M,,Top,,15.99,4.0,75.0,1,0.0,1,4.0
10005968,Wearing Your Heart Pink Sweater,Wearing Your Own Heart On Your Sleeve,Sweater/Cardigan,L,32.99,0.0,,1,0.0,1,0.0
10002604,Weerawat VintageSkirt_Ev,Weerawat Vintage,Skirt,,24.99,0.0,,1,0.0,1,0.0
10008396,Well Worn Burgundy Pants 6,,Jeans/Pants,,21.99,5.5,75.0,1,0.0,1,5.5
10008073,Wendy GreenSweatrDress,Wendy,Dress,S,32.99,0.0,,1,0.0,1,0.0
10008690,West Kei Green SS Top L,,Top,,19.99,6.0,70.0,1,0.0,1,6.0
10003797,Western Fashions Plaid Long Sleeve,Western Fashions,Other,,19.99,0.0,,1,0.0,1,0.0
10006939,WetSeal GrnZipup,Wet Seal,Other,L,27.99,0.0,,1,0.0,1,0.0
10007748,WhatsHot MulticolPolkaDotDress,Whats Hot,Dress,XL,24.99,0.0,,1,0.0,1,0.0
10005546,WHBM Beige Long Cardigan,White House Black Market,Sweater/Cardigan,M,27.99,0.0,,1,0.0,1,0.0
10005940,WHBM Black & Gray Cardigan,White House Black Market,Sweater/Cardigan,M,33.99,0.0,,1,0.0,1,0.0
10005592,WHBM Black & White Blouse SS,White House Black Market,Top,S,25.99,0.0,,1,0.0,1,0.0
10007569,WHBM Black Cardigan XS,,Sweater/Cardigan,,29.99,0.0,,1,0.0,1,0.0
10006566,WHBM Black Crop Top,White House Black Market,Top,M,0.0,0.0,,1,0.0,1,0.0
10008696,WHBM Black Dress,,Dress,14,24.99,8.0,68.0,1,0.0,1,8.0
10008673,WHBM Black Dress,,Dress,8,38.99,8.0,79.5,1,0.0,1,8.0
10007522,WHBM Black Fur Jacket,,Jacket/Coat,XS,49.99,0.0,,1,0.0,1,0.0
10004983,WHBM Black Ruffle SL Tie Neck,White House Black Market,Other,XL,18.99,0.0,,1,0.0,1,0.0
10007298,WHBM Black Sequin Pants,White House Black Market,Jeans/Pants,10,24.99,0.0,,1,0.0,1,0.0
10005693,WHBM Black Skinny Pants,White House Black Market,Jeans/Pants,4,24.99,0.0,,1,0.0,1,0.0
10004195,WHBM Black Studded Skirt,Whbm,Skirt,,27.99,0.0,,1,0.0,1,0.0
10006452,WHBM Black Top White Embroidery,White House Black Market,Top,XS,17.99,0.0,,1,0.0,1,0.0
10003859,WHBM Black Zipper Skinny Jeans NWT,White House Black Market,Jeans/Pants,8,52.99,0.0,,1,0.0,1,0.0
10006547,WHBM Blue Ruffle Tank,White House Black Market,Top,S,26.99,0.0,,1,0.0,1,0.0
10007854,WHBM Blue SL Dress,White House Black Market,Dress,M,28.99,0.0,,1,0.0,1,0.0
10005620,WHBM Brown Zebra SL Top,White House Black Market,Top,M,25.99,0.0,,1,0.0,1,0.0
10003812,WHBM Demin Legging,Whbm,Jeans/Pants,L,29.99,0.0,,1,0.0,1,0.0
10007137,WHBM Denim Shorts,Whbm,Shorts,4,15.99,0.0,,1,0.0,1,0.0
10006314,WHBM Floral Bodysuit Maroon,White House Black Market,Top,M,24.99,0.0,,1,0.0,1,0.0
10003856,WHBM Fuzzy Cardigan,White House Black Market,Sweater/Cardigan,M,33.99,0.0,,1,0.0,1,0.0
10007614,WHBM Gina Suede Flower Bootie 10,,Shoes,,54.99,0.0,,1,0.0,1,0.0
10005023,WHBM Gold & Black Polka Dot LS,White House Black Market,Top,2,31.99,0.0,,1,0.0,1,0.0
10008265,WHBM Green SS Top XXS,,Top,,18.99,6.0,68.4,1,0.0,1,6.0
10007490,WHBM Grey Sleeveless Shirt,,Top,M,18.99,0.0,,1,0.0,1,0.0
10004026,WHBM Jeans,White House Black Market,Jeans/Pants,,28.99,0.0,,1,0.0,1,0.0
10005496,WHBM Maroon LS Dress,White House Black Market,Dress,S,25.99,0.0,,1,0.0,1,0.0
10008168,WHBM Red Black Floral Tube Top,White House Black Market,Top,12,26.99,8.0,70.4,1,0.0,1,8.0
10005976,WHBM Red Purple LS,White House Black Market,Top,L,29.99,0.0,,1,0.0,1,0.0
10006606,WHBM Rose LS Top,White House Black Market,Top,S,24.99,0.0,,1,0.0,1,0.0
10006528,WHBM Silver Shiny Halter Top,White House Black Market,Top,S,24.99,0.0,,1,0.0,1,0.0
10008429,WHBM White Jean Jacket,,Jeans/Pants,4,35.99,9.0,75.0,1,0.0,1,9.0
10006952,WHBM White Pattern Shorts,,Shorts,0,24.99,0.0,,1,0.0,1,0.0
10004606,WHBM BlackDress,White House Black Market,Dress,10,26.99,0.0,,1,0.0,1,0.0
10004381,WHBM BlkSleevelessBlouse,Whbm,Top,XXS,25.99,0.0,,1,0.0,1,0.0
10007888,WHBM BlkWhiShort,White House Black Market,Shorts,12,19.99,0.0,,1,0.0,1,0.0
10003646,WHBM BurntredPant,White House Black Market,Jeans/Pants,4,24.99,0.0,,1,0.0,1,0.0
10006416,WHBM PinkFloralBlouse,White House Black Market,Top,M,24.99,0.0,,1,0.0,1,0.0
10006864,WHBM WhitezippocketShorts,White House Black Market,Shorts,8,21.99,0.0,,1,0.0,1,0.0
10003970,WHBMNWT Blk Beaded Top,White House Black Market,Top,L,54.99,0.0,,1,0.0,1,0.0
10008065,Whi&BrwnSET,Unknown,Set,S,32.99,0.0,,1,0.0,1,0.0
10006090,Whi&PurpBttnDwn,Unknown,Other,M,24.99,0.0,,1,0.0,1,0.0
10005575,Whispers Pink Slip,Whispers,Other,S,19.99,0.0,,1,0.0,1,0.0
10006397,White Braided Belt,Unknown,Accessories,,9.99,0.0,,1,0.0,1,0.0
10004088,White Feather Dress,,Dress,L,25.99,0.0,,1,0.0,1,0.0
10004254,White Frayed-Hem Jeans,Abercrombie & Fitch,Jeans/Pants,4,25.99,0.0,,1,0.0,1,0.0
10008801,White Fringe Skirt,,Skirt,L,29.99,7.75,74.2,1,0.0,1,7.75
10006644,white house black market black blouse medium,White House Black Market,Top,,22.99,0.0,,1,0.0,1,0.0
10002606,White House Black Market Blazer,White House Black Market,Jacket/Coat,,29.99,0.0,,1,0.0,1,0.0
10007182,White House Black Market Burgundy Blouse,,Top,XS,21.99,0.0,,1,0.0,1,0.0
10003543,White House Black Market Pants Black,White House Black Market,Jeans/Pants,4,28.99,0.0,,1,0.0,1,0.0
10003611,white house black market pant green,White House Black Market,Jeans/Pants,2,24.99,0.0,,1,0.0,1,0.0
10000087,White House Black MarketLS Top_Q,White House Black Market,Top,,25.99,0.0,,1,0.0,1,0.0
10001467,White House Black MarketSkirt_J,White House Black Market,Skirt,,1.0,0.0,,0,0.0,0,0.0
10001574,White House Black MarketSkirt_J,White House Black Market,Skirt,,1.0,0.0,,0,0.0,0,0.0
10002151,White House Black MarketSkirt_J,White House Black Market,Skirt,,1.0,0.0,,0,0.0,0,0.0
10002269,White House Black MarketSkirt_J,White House Black Market,Skirt,,1.0,0.0,,0,0.0,0,0.0
10002953,White House Black MarketSkirt_J,White House Black Market,Skirt,,27.99,0.0,,0,0.0,0,0.0
10000072,White House Black MarketSweater_Co,White House Black Market,Sweater/Cardigan,,27.99,0.0,,1,0.0,1,0.0
10000077,White House Black MarketSweater_Co,White House Black Market,Sweater/Cardigan,,25.99,0.0,,0,0.0,0,0.0
10000145,White House Black MarketSweater_Co,White House Black Market,Sweater/Cardigan,,1.0,0.0,,0,0.0,0,0.0
10000246,White House Black MarketSweater_Co,White House Black Market,Sweater/Cardigan,,1.0,0.0,,0,0.0,0,0.0
10000779,White House Black MarketSweater_Co,White House Black Market,Sweater/Cardigan,,1.0,0.0,,0,0.0,0,0.0
10000780,White House Black MarketSweater_Co,White House Black Market,Sweater/Cardigan,,1.0,0.0,,0,0.0,0,0.0
10000860,White House Black MarketSweater_Co,White House Black Market,Sweater/Cardigan,,1.0,0.0,,0,0.0,0,0.0
10000942,White House Black MarketSweater_Co,White House Black Market,Sweater/Cardigan,,1.0,0.0,,0,0.0,0,0.0
10002035,White House Black MarketSweater_Co,White House Black Market,Sweater/Cardigan,,1.0,0.0,,0,0.0,0,0.0
10002517,White House Black MarketSweater_Co,White House Black Market,Sweater/Cardigan,,22.99,0.0,,0,0.0,0,0.0
10002886,White House Black MarketSweater_Co,White House Black Market,Sweater/Cardigan,,35.99,0.0,,0,0.0,0,0.0
10003014,White House Black MarketSweater_Co,White House Black Market,Sweater/Cardigan,,22.99,0.0,,0,0.0,0,0.0
10003724,white house black mkt jacket lgtprp,White House Black Market,Jacket/Coat,10,32.99,0.0,,1,0.0,1,0.0
10005258,White LS Floral Collared Top,Unknown,Top,S,27.99,0.0,,1,0.0,1,0.0
10006969,White LS Seethrough Buttonup,Unknown,Top,S,19.99,0.0,,1,0.0,1,0.0
10007829,White LS Top,,Top,M,109.99,85.5,22.3,1,0.0,1,85.5
10005625,White Mark Orange Multi Color Sheer Top,White Mark,Top,XXL,21.99,0.0,,1,0.0,1,0.0
10004240,White Multi-Color Sweater,Aldomartins,Sweater/Cardigan,XL,65.0,0.0,,1,0.0,1,0.0
10006958,White Ruffle Skirt,Unknown,Skirt,XS,28.99,0.0,,1,0.0,1,0.0
10008776,White Sheer LS Crop Top Rucched,Unknown,Top,L,22.0,5.5,75.0,1,0.0,1,5.5
10008704,White Stag Black Sleeveless Top L,,Top,,17.99,4.5,75.0,1,0.0,1,4.5
10005028,White Stag Lace Blouse Multicolor,White Stag,Top,M,20.99,0.0,,1,0.0,1,0.0
10004304,White Stag VINTAGE Blue Flower SL,White Stag,Other,M,23.99,0.0,,1,0.0,1,0.0
10001101,White Tee Kiss,American Apparel,Top,,14.99,0.0,,1,0.0,1,0.0
10006209,white textured tank medium,Chaps,Top,,29.99,0.0,,1,0.0,1,0.0
10003926,White Tulle Slip,Unknown,Other,L,29.99,0.0,,1,0.0,1,0.0
10007905,White Woven Purse,Unknown,Accessories,,23.99,0.0,,1,0.0,1,0.0
10004358,Whitehouse Blue Blouse,White House Black Market,Top,M,29.99,0.0,,1,0.0,1,0.0
10006863,WhiteLaceTankTop,Unknown,Top,M,25.99,0.0,,1,0.0,1,0.0
10008582,WhiteSequinCutOutTop,Unknown,Other,M,8.99,8.0,11.0,1,0.0,1,8.0
10005855,whiting and davis purse wht,Whiting And Davis,Accessories,,45.99,0.0,,1,0.0,1,0.0
10005782,WhiXbrwnTop,Unknown,Other,S,23.99,0.0,,1,0.0,1,0.0
10003919,Wht Slip,Unknown,Other,L,24.99,0.0,,1,0.0,1,0.0
10006907,WIDI MulticolPlaidShorts,Wear it Declare it,Shorts,11,15.99,0.0,,1,0.0,1,0.0
10006808,Wild Fable Dress Purple Peach,Wild Fable,Dress,M,15.99,0.0,,1,0.0,1,0.0
10008553,Wild Fable PinkFlowerSkirt,Wild Fable,Skirt,12,18.99,0.0,,1,0.0,1,0.0
10004952,wildfox swtr wht,Wildfox,Sweater/Cardigan,S,34.99,0.0,,1,0.0,1,0.0
10004284,WildHoney Grey Multi-Color Sweater,Wild Honey,Sweater/Cardigan,M,24.99,0.0,,1,0.0,1,0.0
10007109,Willi Smith Black SL Dress White Design,Willi Smith,Dress,8,19.99,0.0,,1,0.0,1,0.0
10007783,Willow & Clay Black LS Floral Zip Up,Willow X Clay,Top,M,24.99,0.0,,1,0.0,1,0.0
10008716,Willow & Root Green Floral Top S,,Top,,23.99,7.5,68.7,1,0.0,1,7.5
10004946,Willow&Wind GreyMulticolSweater,Willow X Wind,Sweater/Cardigan,M,22.99,0.0,,2,0.0,2,0.0
10006139,WillowxClay Navy&RedCover,Willow X Clay,Other,S,26.99,0.0,,1,0.0,1,0.0
10007132,Windsor Black Skirt Rhinestone,Windsor,Skirt,S,14.99,0.0,,1,0.0,1,0.0
10006494,Windsor Dress Copper,Windsor,Dress,S,24.99,0.0,,1,0.0,1,0.0
10006401,Windsor BlackGemTop,Windsor,Other,M,12.99,0.0,,1,0.0,1,0.0
10004915,Windsor BlkFloralSkirt,Windsor,Skirt,4,22.99,0.0,,1,0.0,1,0.0
10000321,WindsorSkirt_Li,Windsor,Skirt,,1.0,0.0,,0,0.0,1,0.0
10000393,WindsorSkirt_Li,Windsor,Skirt,,1.0,0.0,,0,0.0,0,0.0
10001466,WindsorSkirt_Li,Windsor,Skirt,,1.0,0.0,,0,0.0,0,0.0
10002170,WindsorSkirt_Li,Windsor,Skirt,,21.99,0.0,,1,0.0,0,0.0
10003446,Wire Jean Co Borgata Pants Tan,Wire Jean Co,Jeans/Pants,,39.99,0.0,,1,0.0,1,0.0
10006503,Wire Metal Purse,Unknown,Accessories,,79.99,0.0,,1,0.0,1,0.0
10008234,Wishful Park Pink Camisole S,,Top,,9.99,4.99,50.1,1,0.0,1,4.99
10008185,Wishlist Brown SL Top,Wishlist,Top,S,21.99,6.0,72.7,1,0.0,1,6.0
10008274,Wishlist Grey Sleeveless Blouse S,,Top,,17.99,6.0,66.6,1,0.0,1,6.0
10008321,WishlistJeans Purpshorts,Wishlist Jeans,Shorts,M,14.99,0.0,,1,0.0,1,0.0
10005680,Wisteria Lane NWT Pants Black,,Jeans/Pants,M,31.99,0.0,,1,0.0,1,0.0
10007002,Wit and Wisdom Jeans Black,Wit X Wisdom,Jeans/Pants,16,28.99,0.0,,1,0.0,1,0.0
10002568,WitcheryLS Top_Xh,Witchery,Top,,21.99,0.0,,1,0.0,1,0.0
10004727,Woman Within Red & White Plaid SS,Woman Within,Top,XXL,25.99,0.0,,1,0.0,1,0.0
10003941,Wonder Maid Pale Pink Intimates,Wonder Maid,Other,S,19.99,0.0,,1,0.0,1,0.0
10006820,World Market Pink Pants,World Market,Jeans/Pants,S,24.99,0.0,,1,0.0,1,0.0
10007926,Worthington Bright Orange SL Top,Worthington,Top,XL,21.99,0.0,,1,0.0,1,0.0
10005656,Worthington Gray Satin Top,Worthington,Top,L,25.99,0.0,,1,0.0,1,0.0
10006817,Worthington Red Blouse,Worthington,Top,XL,26.99,0.0,,1,0.0,1,0.0
10008515,Worthington White Sleeveless Top L,,Top,,19.99,13.15,34.2,1,0.0,1,13.15
10003613,worthington pant blk,Worthington,Jeans/Pants,6,32.99,0.0,,1,0.0,1,0.0
10006619,Wrangler blue checkered jean shorts,,Shorts,16,14.99,0.0,,1,0.0,1,0.0
10006094,Wrapper YllwbowBlouse,Wrapper,Top,L,21.99,0.0,,1,0.0,1,0.0
10008567,WrapSkirtMultiwaytowear,Unknown,Skirt,M,28.99,8.0,72.4,1,0.0,1,8.0
10003805,WW Gray Jeans,Wit X Wisdom,Jeans/Pants,6,22.99,0.0,,1,0.0,1,0.0
10004453,WWW MustardBrwnBlouse,Who What Wear,Top,L,19.99,0.0,,1,0.0,1,0.0
10003645,WY BrwnFloralJacket,Wy,Jacket/Coat,6,28.99,0.0,,1,0.0,1,0.0
10007789,Xhilaration Mint Green Lace Skirt,Xhilaration,Skirt,XS,19.99,0.0,,1,0.0,1,0.0
10008275,Xhilaration White Dress M,,Dress,,24.99,8.0,68.0,1,0.0,1,8.0
10003502,Xhilerations Jacket Black,Xhilaration,Jacket/Coat,M,69.99,0.0,,1,0.0,1,0.0
10006813,Xiaoguozi Floral Dress,Xiaoguozi,Dress,M,24.99,0.0,,1,0.0,1,0.0
10007412,Xsetmar BlkNewsboyHat,XSetmar,Set,,15.99,0.0,,1,0.0,1,0.0
10008670,Y2K Red Mesh Lace Babydoll Top L,,Top,,27.99,7.0,75.0,1,0.0,1,7.0
10006501,Ya LA Cardigan Sweater Brown,,Sweater/Cardigan,L,21.99,0.0,,1,0.0,1,0.0
10008194,Yacun Brown Plaid Vest,Yacun,Top,2,22.99,6.0,73.9,1,0.0,1,6.0
10008359,Yasuko RedWhiPattShirt,Yasuko,Top,S,24.99,0.0,,1,0.0,1,0.0
10007085,Yee Haw Baseball Hat,Yee Haw,Accessories,,14.99,0.0,,1,0.0,1,0.0
10007151,Yellow Chic Vintage T Shirt,,Top,M,23.99,16.0,33.3,25,0.0,25,400.0
10007149,Yellow Chic Vintage T Shirt,,Top,XS,23.99,16.0,33.3,25,0.0,25,400.0
10008200,Yellow Floral Halter Top,Unknown,Top,XS,17.99,6.0,66.6,1,0.0,1,6.0
10008488,Yellow Floral Sleeveless Tank XL+,,Top,,10.99,6.3,42.7,1,0.0,1,6.3
10006633,yellow zara tanktop,Zara NWT,Top,M,18.99,0.0,,1,0.0,1,0.0
10008363,YellowFlowerCropTop,Unknown,Top,S,15.99,0.0,,1,0.0,1,0.0
10005772,YellowStone YellowstoneTshirt,YellowStone,Top,L,13.99,0.0,,1,0.0,1,0.0
10005962,YFB White Satin Tank,Yfb,Top,L,31.99,0.0,,1,0.0,1,0.0
10007218,Your 6th Senses Pink SL Dress,Your 6th Sense,Dress,L,26.99,0.0,,1,0.0,1,0.0
10005500,Z Supply NWT Black Tank,Z Supply NWT,Top,L,28.99,0.0,,1,0.0,1,0.0
10005603,Zac & Rachel Green Purple SL Tank,Zac X Rachel,Top,S,24.99,0.0,,1,0.0,1,0.0
10005677,Zac & Rachel Pants Light Blue NWT,,Jeans/Pants,12,27.99,0.0,,1,0.0,1,0.0
10004022,Zac&Rachel Rose Pant,Zac X Rachel,Jeans/Pants,22,26.99,0.0,,1,0.0,1,0.0
10005063,Zac&Rachel Ruffle Blouse Pink,Zac X Rachel,Top,L,19.99,0.0,,1,0.0,1,0.0
10008629,Zara Beige Sequin Halter Top M,,Top,,22.99,5.75,75.0,1,0.0,1,5.75
10004621,Zara Black Longsleeve White Flws Dress,Zara,Dress,XL,25.99,0.0,,1,0.0,1,0.0
10005923,Zara Black LS Cold Shoulder Top,Zara,Top,M,22.99,0.0,,1,0.0,1,0.0
10007927,Zara Black Off Shoulder Ruffle Top,Zara,Top,XS,27.99,0.0,,1,0.0,1,0.0
10005248,Zara Black SS Top,Zara,Top,L,14.99,0.0,,1,0.0,1,0.0
10007327,Zara Blk Bodysuit,Zara,Top,S,19.99,0.0,,1,0.0,1,0.0
10004725,Zara Blush Sheer LS,Zara,Top,M,21.99,0.0,,1,0.0,1,0.0
10003927,Zara Camel Cami,Unknown,Top,S,15.99,0.0,,1,0.0,1,0.0
10003486,Zara Cardigan Brown,Zara,Sweater/Cardigan,M,28.99,0.0,,1,0.0,1,0.0
10004090,Zara Copper Zipper Jacket,Zara Woman,Jacket/Coat,L,55.0,0.0,,1,0.0,1,0.0
10003507,Zara Cordaroy Pants White,Zara,Jeans/Pants,2,25.99,0.0,,1,0.0,1,0.0
10004106,Zara GoldChain Loafer,Zara Basic,Shoes,6.5,30.99,0.0,,1,0.0,1,0.0
10007111,Zara Green Multicolor LS Dress,Zara,Dress,XS,28.99,0.0,,1,0.0,1,0.0
10005836,Zara Green Sweater,Zara,Sweater/Cardigan,S,25.99,0.0,,1,0.0,1,0.0
10005014,Zara Hot Pink LS Crop Top,Zara,Top,M,17.99,0.0,,1,0.0,1,0.0
10006999,Zara Hot Pink Satin Top,Zara,Top,M,19.99,0.0,,1,0.0,1,0.0
10006527,Zara Muted Brown Collared Shirt,Zara,Top,L,17.99,0.0,,1,0.0,1,0.0
10007465,Zara NWT Black SL Dress,Zara NWT,Dress,M,22.99,0.0,,1,0.0,1,0.0
10007296,Zara NWT Black SL Top Fabric Swirl,Zara NWT,Top,S,22.99,0.0,,1,0.0,1,0.0
10005304,Zara NWT Black Waterproof Miniskirt,Zara NWT,Skirt,M,26.99,0.0,,1,0.0,1,0.0
10005973,Zara NWT Jean SS Top,Zara NWT,Jeans/Pants,L,31.99,0.0,,1,0.0,1,0.0
10007790,Zara Pale Pink SL Dress,Zara,Dress,S,34.99,0.0,,1,0.0,1,0.0
10007911,Zara Pink & White SL Dress,Zara,Dress,S,29.99,0.0,,1,0.0,1,0.0
10005718,Zara Red Blue Sequin Skirt,Zara Basic,Skirt,L,25.99,0.0,,1,0.0,1,0.0
10008137,zara ruffled cropped tank,Zara,Top,M,16.99,8.0,52.9,1,0.0,1,8.0
10005981,Zara Sage Green Wrap Sweater,Zara,Sweater/Cardigan,M,25.99,0.0,,1,0.0,1,0.0
10008426,Zara Trafaluct Red Skirt S,,Skirt,,26.99,6.25,76.8,1,0.0,1,6.25
10006951,Zara White Blouse,,Top,L,24.99,0.0,,1,0.0,1,0.0
10007611,Zara White Denim Jacket M,,Jeans/Pants,,38.99,0.0,,1,0.0,1,0.0
10007167,Zara White LS Blouse,,Top,S,24.99,0.0,,1,0.0,1,0.0
10006306,Zara White Pink Sheer LS,Zara,Top,M,24.99,0.0,,1,0.0,1,0.0
10005227,Zara White V Neck Top,Zara,Top,S,25.99,0.0,,1,0.0,1,0.0
10005378,Zara Woman Blue & White Stripped Top,Zara,Top,M,25.99,0.0,,1,0.0,1,0.0
10007395,Zara BlackLaceLongsleeve,Zara,Other,L,29.99,0.0,,1,0.0,1,0.0
10007887,Zara BlackSilkShort,Zara,Shorts,S,18.99,0.0,,1,0.0,1,0.0
10006070,zara crptop beige,Zara,Other,S,18.99,0.0,,1,0.0,1,0.0
10005389,zara dress red,Zara,Dress,XXL,24.99,0.0,,1,0.0,1,0.0
10007737,Zara FloralWhiMeshTop,Zara Basic,Other,M,31.99,0.0,,1,0.0,1,0.0
10006398,Zara GreenPatternTankTop,Zara,Top,L,22.99,0.0,,1,0.0,1,0.0
10006018,Zara GrnPurpTop,Zara,Other,S,24.99,0.0,,1,0.0,1,0.0
10006053,Zara OrangeLongSl,Zara,Other,L,22.99,0.0,,1,0.0,1,0.0
10004681,zara swtr blu,Zara,Sweater/Cardigan,S,27.99,0.0,,1,0.0,1,0.0
10004700,zara swtr gry,Zara,Sweater/Cardigan,L,19.99,0.0,,1,0.0,1,0.0
10006931,Zara WhiteDress,Zara,Dress,S,24.99,0.0,,1,0.0,1,0.0
10002695,ZaraButton Down_Ra,Zara,Other,,24.99,0.0,,1,0.0,1,0.0
10000889,ZaraLS Top_Ko,Zara,Top,,18.99,0.0,,1,0.0,1,0.0
10002473,ZaraSweater_Fo,Zara,Sweater/Cardigan,,19.99,0.0,,1,0.0,1,0.0
10004366,ZaraTraf Red&BlkBlouse,Zara Trafaluc,Top,S,22.99,0.0,,1,0.0,1,0.0
10004695,zazzies swtr prpl,Zazzies,Sweater/Cardigan,M,32.99,0.0,,1,0.0,1,0.0
10008139,zenana pink lace tanktop,Zenana,Top,XL,18.99,8.0,57.9,1,0.0,1,8.0
10008201,Zenana Pink SL Top,Zenana,Top,M,17.99,6.0,66.6,1,0.0,1,6.0
10006846,Zesica NWT white dress,Zesica,Dress,L,33.99,0.0,,1,0.0,1,0.0
10004734,Ziani C Black LS Pink Stripe,Ziani Couture,Top,M,24.99,0.0,,1,0.0,1,0.0
10005335,ZoeLiv USAtiedyeTop,Zoe X Liv,Other,L,13.99,0.0,,1,0.0,1,0.0
