date,hour,month,day_of_week,week_num,receipt_number,sku,details,brand_name,product_category,size,quantity,subtotal,sales_tax,total,retail_price,line_discount,has_discount,is_wednesday_deal
2026-06-25,13,6,Thursday,26,890,10007764,Bechamel/BrownWovenBag,Bechamel,Accessories,,1.0,75.0,6.9375,81.9375,75.0,0.0,False,False
2026-06-24,20,6,Wednesday,26,889,10009524,Laundry/PurpHalterJumpsuit/SizeL,Laundry by Shelli Segal,Romper/Jumpsuit,L,1.0,32.99,3.05158,36.04158,32.99,0.0,False,True
2026-06-24,20,6,Wednesday,26,889,10009043,Brown Lace Bodysuit L,,Top,,1.0,8.995,0.83204,9.82704,17.99,8.995,False,True
2026-06-24,20,6,Wednesday,26,889,10009155,Skinny Girl Black Tank Top L,,Top,,1.0,6.495,0.60079,7.09579,12.99,6.495,False,True
2026-06-24,20,6,Wednesday,26,889,10005631,Blue Rain Off Shoulder Striped Top / Size L,Blue Rain,Top,L,1.0,25.99,2.40408,28.39408,25.99,0.0,False,True
2026-06-24,20,6,Wednesday,26,889,10006737,Metal Scales Belt Buckle with Rhinestones,Unknown,Accessories,,1.0,42.99,3.97658,46.96658,42.99,0.0,False,True
2026-06-24,20,6,Wednesday,26,889,10009359,WHBM/BlueWhiStripeDress/Size12,White House Black Market,Dress,12,1.0,13.995,1.29454,15.28954,27.99,13.995,False,True
2026-06-24,19,6,Wednesday,26,888,10008715,Impressions Leaf Dress S,,Dress,,1.0,39.99,3.69908,43.68908,39.99,0.0,False,False
2026-06-24,19,6,Wednesday,26,887,10009152,H&M Pink Sleeveless Dress L,,Dress,,1.0,19.99,1.84908,21.83908,19.99,0.0,False,True
2026-06-24,19,6,Wednesday,26,887,10003969,ThirtyThirty Floral Babydoll/Size L,Thirty Thirty,Other,L,1.0,17.99,1.66408,19.65408,17.99,0.0,False,True
2026-06-24,19,6,Wednesday,26,887,10009345,BananaR/BlkTankTop/SizeL,Banana Republic,Top,L,1.0,5.995,0.55454,6.54954,11.99,5.995,False,True
2026-06-24,17,6,Wednesday,26,886,10008545,Edikted/PinkMiniskirt/SizeS,Edikted,Skirt,S,1.0,22.99,2.12658,25.11658,22.99,0.0,True,True
2026-06-24,17,6,Wednesday,26,886,10003458,Unknown Bodysuit Black Size S,Unknown,Top,S,1.0,8.995,0.83204,9.82704,17.99,8.995,True,True
2026-06-24,17,6,Wednesday,26,886,10008149,one step up red lace night gown/L,One Step Up,Dress,L,1.0,9.995,0.92454,10.91954,19.99,9.995,True,True
2026-06-24,17,6,Wednesday,26,886,10005575,Whispers Pink Slip / Size S,Whispers,Other,S,1.0,19.99,1.84908,21.83908,19.99,0.0,True,True
2026-06-24,17,6,Wednesday,26,886,10008821,CosaBella Peach Chemise M,,Other,,1.0,32.99,3.05158,36.04158,32.99,0.0,True,True
2026-06-24,17,6,Wednesday,26,886,10007835,Izod Blue Polka Dot Slip / Size M,Izod,Other,M,1.0,12.995,1.20204,14.19704,25.99,12.995,True,True
2026-06-24,17,6,Wednesday,26,886,10009392,Vintage Gilead White Lace Cami M,,Top,,1.0,11.995,1.10954,13.10454,23.99,11.995,True,True
2026-06-24,15,6,Wednesday,26,885,10007546,Main Strip Black Skirt Size M,,Skirt,M,1.0,20.0,1.85,21.85,20.0,0.0,False,False
2026-06-24,14,6,Wednesday,26,884,10004321,Dromedaris/BrwnCutoutShoes/Size10,Dromedaris,Shoes,10,1.0,36.99,3.42158,40.41158,36.99,0.0,False,True
2026-06-24,14,6,Wednesday,26,884,10009279,Akira B & W Corset Top / Size S,Akira,Top,S,1.0,9.5,0.87875,10.37875,19.0,9.5,False,True
2026-06-24,14,6,Wednesday,26,884,10002604,Weerawat VintageSkirt_Ev / Green / M / 14.07,Weerawat Vintage,Skirt,,1.0,24.99,2.31158,27.30158,24.99,0.0,False,True
2026-06-24,14,6,Wednesday,26,884,10007364,Banana Rep Army Green Shorts / Size 00,Banana Republic,Shorts,00,1.0,11.495,1.06329,12.55829,22.99,11.495,False,True
2026-06-24,14,6,Wednesday,26,884,10008458,Molly Green Pink/White Shorts S,,Shorts,,1.0,9.995,0.92454,10.91954,19.99,9.995,False,True
2026-06-24,14,6,Wednesday,26,884,10009021,Luciano Dante Green/White Top S,,Top,,1.0,10.995,1.01704,12.01204,21.99,10.995,False,True
2026-06-24,14,6,Wednesday,26,884,10003975,Express Mrn Floral Sheer Leotard/Size XS,Express,Top,XS,1.0,30.99,2.86658,33.85658,30.99,0.0,False,True
2026-06-24,14,6,Wednesday,26,884,10007690,Blush Green Cargo Pants NWT / Size M,Blush,Jeans/Pants,M,1.0,39.99,3.69908,43.68908,39.99,0.0,False,True
2026-06-24,14,6,Wednesday,26,884,10007506,Vint Carolina Colours Brown Top M,,Top,,1.0,23.99,2.21908,26.20908,23.99,0.0,False,True
2026-06-24,14,6,Wednesday,26,883,10008742,Foxblood Black Dress 4X,,Dress,,1.0,39.0,3.6075,42.6075,39.0,0.0,False,True
2026-06-24,14,6,Wednesday,26,883,10004619,Liangcai Black & Yellow Dress / Size XL,Liangcai,Dress,XL,1.0,15.995,1.47954,17.47454,31.99,15.995,False,True
2026-06-24,13,6,Wednesday,26,882,10008139,zenana pink lace tanktop/xl,Zenana,Top,XL,1.0,9.495,0.87829,10.37329,18.99,9.495,True,True
2026-06-24,13,6,Wednesday,26,882,10008657,M USA Black Top Lace Detail / Size L,M Usa,Top,L,1.0,10.995,1.01704,12.01204,21.99,10.995,True,True
2026-06-24,13,6,Wednesday,26,882,10008309,NewportNews/FloralSkirt/Size12,Newport News,Skirt,12,1.0,39.99,3.69908,43.68908,39.99,0.0,True,True
2026-06-24,13,6,Wednesday,26,882,10009594,Spense Gray Satin Ruffle SL Top / Size L,Spense,Top,L,1.0,21.99,2.03408,24.02408,21.99,0.0,True,True
2026-06-24,13,6,Wednesday,26,881,10008552,Monteau/WhilaceTop/SizeM,Monteau,Other,M,1.0,25.99,2.40408,28.39408,25.99,0.0,False,True
2026-06-24,13,6,Wednesday,26,881,10009189,Great Northwest Tan SS Top S,,Top,,1.0,7.495,0.69329,8.18829,14.99,7.495,False,True
2026-06-24,13,6,Wednesday,26,880,10007935,Silver Choker Necklace,Unknown,Accessories,,1.0,22.99,2.12658,25.11658,22.99,0.0,False,False
2026-06-24,13,6,Wednesday,26,880,10008305,MainEvents/BrownSliponShoe/Size7,Main Events,Shoes,7,1.0,35.99,3.32908,39.31908,35.99,0.0,False,False
2026-06-24,12,6,Wednesday,26,879,10009555,ChelseaNiles/BlkPinkDress/Size8,Chelsea Niles,Dress,8,1.0,25.99,2.40408,28.39408,25.99,0.0,False,False
2026-06-24,12,6,Wednesday,26,878,10008147,halter white floral blouse/S,Unknown,Top,S,1.0,23.99,2.21908,26.20908,23.99,0.0,False,True
2026-06-24,12,6,Wednesday,26,878,10005707,Gilla Multicolor Crop Top / Size L,Gilla,Top,L,1.0,24.99,2.31158,27.30158,24.99,0.0,False,True
2026-06-24,12,6,Wednesday,26,878,10005333,JealTom/GrnMulticolTop/SizeS,Jealous Tomato,Other,S,1.0,9.995,0.92454,10.91954,19.99,9.995,False,True
2026-06-21,17,6,Sunday,25,877,10009509,Doncaster/BrwnBeadedJacket/Size6,Doncaster Collection,Jacket/Coat,6,1.0,65.99,6.10408,72.09408,65.99,0.0,False,False
2026-06-21,17,6,Sunday,25,877,10009440,Desigual Colorful Green Coat 40,,Jacket/Coat,,1.0,200.0,18.5,218.5,200.0,0.0,False,False
2026-06-21,17,6,Sunday,25,876,10008423,Linea Donatella Blue Camisole XL,,Top,,1.0,19.99,1.84908,21.83908,19.99,0.0,False,False
2026-06-21,14,6,Sunday,25,875,10009166,Betsey Johnson Mint/Pink Dress 6,,Dress,,1.0,64.99,6.01158,71.00158,64.99,0.0,False,False
2026-06-21,14,6,Sunday,25,874,10003756,Nine West Dark Blue Ruffle Sleeveless,Nine West,Top,,1.0,21.99,2.03408,24.02408,21.99,0.0,False,False
2026-06-21,14,6,Sunday,25,873,10009478,Maurices Blue Satin Top L,,Top,,1.0,12.99,1.20158,14.19158,12.99,0.0,False,False
2026-06-21,13,6,Sunday,25,872,10009022,Cristina Love Multicolor Dress L,,Dress,,1.0,24.99,2.31158,27.30158,24.99,0.0,False,False
2026-06-21,12,6,Sunday,25,871,10004410,CircleBuckleBrwnBelt,Unknown,Accessories,,1.0,10.99,1.01658,12.00658,10.99,0.0,False,False
2026-06-21,12,6,Sunday,25,871,10009294,Falls Creek Raw Denim Jacket S,,Jeans/Pants,,1.0,18.99,1.75658,20.74658,18.99,0.0,False,False
2026-06-20,19,6,Saturday,25,870,10009266,Lena Orange Knit Dress M,,Dress,,1.0,18.99,1.75658,20.74658,18.99,0.0,False,False
2026-06-20,19,6,Saturday,25,870,10009519,OutFromUnder/PinkGrnRomper/SizeS,Out from under,Romper/Jumpsuit,S,1.0,15.99,1.47908,17.46908,15.99,0.0,False,False
2026-06-20,18,6,Saturday,25,869,10007249,NWT Sincerely Ours Multi-Color Tank Top  S,,Top,,1.0,24.99,2.31158,27.30158,24.99,0.0,False,False
2026-06-20,18,6,Saturday,25,868,10007353,Elan grey blouse/s,Elan,Top,S,1.0,16.99,1.57158,18.56158,16.99,0.0,False,False
2026-06-20,18,6,Saturday,25,868,10009081,indigo rising red tank/s,Indigo Rising,Top,S,1.0,16.99,1.57158,18.56158,16.99,0.0,False,False
2026-06-20,18,6,Saturday,25,868,10009142,White Sleeveless Top S,,Top,,1.0,11.99,1.10908,13.09908,11.99,0.0,False,False
2026-06-20,18,6,Saturday,25,868,10009513,MiiM/PinkBoots/Size7.5,Mi iM,Shoes,7.5,1.0,64.99,6.01158,71.00158,64.99,0.0,False,False
2026-06-20,18,6,Saturday,25,867,10009410,Inc Denim Lace-up Dress 2,,Dress,,1.0,26.99,2.49658,29.48658,26.99,0.0,False,False
2026-06-20,17,6,Saturday,25,866,10002865,Pink FloydTee Shirt_Al / Blue / XS / 15.38,Pink Floyd,Top,,1.0,29.99,2.77408,32.76408,29.99,0.0,True,False
2026-06-20,17,6,Saturday,25,865,10009139,Altard State Jean Skorts Size S,,Jeans/Pants,S,1.0,28.99,2.68158,31.67158,28.99,0.0,False,False
2026-06-20,17,6,Saturday,25,865,10008624,Aerie Halter Top Size S,,Top,S,1.0,8.99,0.83158,9.82158,8.99,0.0,False,False
2026-06-20,17,6,Saturday,25,865,10009374,American Eagle Orange Floral Shorts XS,,Shorts,,1.0,18.99,1.75658,20.74658,18.99,0.0,False,False
2026-06-20,17,6,Saturday,25,865,10009321,AnimalPrintHandBag,Unknown,Accessories,,1.0,15.0,1.3875,16.3875,15.0,0.0,False,False
2026-06-20,17,6,Saturday,25,865,10009103,BeDivine/GreenRuffleTop/SizeS,Be Divine,Other,S,1.0,18.99,1.75658,20.74658,18.99,0.0,False,False
2026-06-20,17,6,Saturday,25,865,10004872,&merci/blouse/brgndy/M,&Merci,Top,M,1.0,28.99,2.68158,31.67158,28.99,0.0,False,False
2026-06-20,16,6,Saturday,25,864,10009504,ECHO Red Satin Corset Top S,,Top,,1.0,22.99,2.12658,25.11658,22.99,0.0,False,False
2026-06-20,15,6,Saturday,25,863,10005413,Caramela/Blksequintop/SizeS,Caramela,Other,S,1.0,25.99,2.40408,28.39408,25.99,0.0,False,False
2026-06-20,15,6,Saturday,25,863,10000887,LoftSweater_Do / White / 14 / 5.48,Loft,Sweater/Cardigan,,1.0,19.99,1.84908,21.83908,19.99,0.0,False,False
2026-06-20,15,6,Saturday,25,863,10008565,Cabi/WhiteLaceShirt/SizeM,Cabi,Top,M,1.0,25.99,2.40408,28.39408,25.99,0.0,False,False
2026-06-20,15,6,Saturday,25,863,10008561,VintageRebekah/BlkLcaeTop/SizeM/L,Rebekah,Other,M,1.0,25.99,2.40408,28.39408,25.99,0.0,False,False
2026-06-20,14,6,Saturday,25,862,10009517,UrbanOutf/BlkSkirtwBlet/SizeS,Urban Outfitters,Skirt,S,1.0,21.99,2.03408,24.02408,21.99,0.0,True,False
2026-06-20,14,6,Saturday,25,862,10009518,Reformation/WhiMockneckTop/SizeS,Reformation,Other,S,1.0,9.99,0.92408,10.91408,9.99,0.0,True,False
2026-06-20,13,6,Saturday,25,861,10007155,Brown Chic Vintage T Shirt Size S,,Top,S,1.0,23.99,2.21908,26.20908,23.99,0.0,False,False
2026-06-20,12,6,Saturday,25,860,10006171,vintage pink gown/m,Unknown,Dress,M,1.0,24.99,2.31158,27.30158,24.99,0.0,True,False
2026-06-20,12,6,Saturday,25,859,10009512,WRXCactus/GreyCropJacket/SizeXS,WhiteRoom & Cactus,Jacket/Coat,XS,1.0,29.99,2.77408,32.76408,29.99,0.0,True,False
2026-06-20,12,6,Saturday,25,859,10003664,j crew/button down/navy strip/slim,J.Crew,Other,,1.0,24.99,2.31158,27.30158,24.99,0.0,True,False
2026-06-20,12,6,Saturday,25,858,10008812,Madden NYC Beige Skirt XL,,Skirt,,1.0,15.99,1.47908,17.46908,15.99,0.0,True,False
2026-06-20,12,6,Saturday,25,858,10008949,J Crew White Button-up Vest 12,,Top,,1.0,24.99,2.31158,27.30158,24.99,0.0,True,False
2026-06-19,18,6,Friday,25,857,10009126,Sag Harbor Brown SS Top L,,Top,,1.0,25.99,2.40408,28.39408,25.99,0.0,False,False
2026-06-19,18,6,Friday,25,857,10008514,Sweet Soul Y2K Baby Doll Top L,,Top,,1.0,32.99,3.05158,36.04158,32.99,0.0,False,False
2026-06-19,18,6,Friday,25,857,10007864,Umgee Orange & Tan Romper / Size L,Umgee,Romper/Jumpsuit,L,1.0,27.99,2.58908,30.57908,27.99,0.0,False,False
2026-06-19,18,6,Friday,25,857,10008828,Violet & Claire Peach SS Top L,,Top,,1.0,23.99,2.21908,26.20908,23.99,0.0,False,False
2026-06-19,18,6,Friday,25,856,10006358,Nygard/BlklaceWhiTop/Size12,Nygard,Other,12,1.0,22.99,2.12658,25.11658,22.99,0.0,False,False
2026-06-19,18,6,Friday,25,856,10009508,Intimately/YllwTop/SizeSP,Intimately,Other,S,1.0,17.99,1.66408,19.65408,17.99,0.0,False,False
2026-06-19,17,6,Friday,25,855,10007635,NWT Espresso Gold/Grey Dress L,,Dress,,1.0,21.99,2.03408,24.02408,21.99,0.0,False,False
2026-06-19,17,6,Friday,25,855,10004598,Armani NWT Purple Gray Dress / Size L,Armani Exchange,Dress,L,1.0,45.99,4.25408,50.24408,45.99,0.0,False,False
2026-06-19,17,6,Friday,25,855,10008333,ChettaB/GreenBttnBeltDress/Size14,Chetta B,Dress,14,1.0,39.99,3.69908,43.68908,39.99,0.0,False,False
2026-06-19,16,6,Friday,25,854,10003973,AW Bridal Floral Dress/Size 20,AW Bridal,Dress,20,1.0,59.99,5.54908,65.53908,59.99,0.0,False,False
2026-06-19,16,6,Friday,25,853,10009472,Vintage LaBelle 90's Blue Dress L,,Dress,,1.0,34.99,3.23658,38.22658,34.99,0.0,False,False
2026-06-19,15,6,Friday,25,852,10006540,Draper J NWT Orange Blouse / Size XS,Draper James,Top,XS,1.0,36.99,3.42158,40.41158,36.99,0.0,False,False
2026-06-19,14,6,Friday,25,851,10007576,Kenar Blue Red Shorts / Size 6,Kenar,Shorts,6,1.0,18.99,1.75658,20.74658,18.99,0.0,False,False
2026-06-19,14,6,Friday,25,850,10009481,Knight Orange Smokey T-Shirt M,,Top,,1.0,14.99,1.38658,16.37658,14.99,0.0,False,False
2026-06-19,14,6,Friday,25,850,10008825,Fanatics Vols Hoodie Size L,,Top,L,1.0,23.99,2.21908,26.20908,23.99,0.0,False,False
2026-06-19,13,6,Friday,25,849,10004239,Maroon Long Sleeve Crop,Kimchi Blue,Other,,1.0,21.99,2.03408,24.02408,21.99,0.0,False,False
2026-06-19,13,6,Friday,25,848,10009394,Gilli Magenta SS Top L,,Top,,1.0,13.95,1.29038,15.24038,13.95,0.0,False,False
2026-06-19,13,6,Friday,25,848,10008893,AMI Pink Leather Jacket L,,Jacket/Coat,,1.0,50.0,4.625,54.625,50.0,0.0,False,False
2026-06-19,13,6,Friday,25,848,10007270,Sanctuary Pink Sleeveless Top Size L,,Top,L,1.0,18.99,1.75658,20.74658,18.99,0.0,False,False
2026-06-19,13,6,Friday,25,847,10005989,"Kim Rogers Red, White Blue Skirt / Size 12",Kim Rogers,Skirt,12,1.0,26.99,2.49658,29.48658,26.99,0.0,False,False
2026-06-19,13,6,Friday,25,847,10008320,BananaRep/PinkcoverShirt/SizeM,Banana Republic,Top,M,1.0,21.99,2.03408,24.02408,21.99,0.0,False,False
2026-06-19,13,6,Friday,25,847,10004732,Lauren Jeans LS Buttondown / Size M,Lauren Ralph Lauren,Jeans/Pants,M,1.0,28.99,2.68158,31.67158,28.99,0.0,False,False
2026-06-19,13,6,Friday,25,847,10009239,Prospect Ave Green Sleeveless XL,,Top,,1.0,19.99,1.84908,21.83908,19.99,0.0,False,False
2026-06-19,13,6,Friday,25,846,10009323,SOLDSEPByJJ/BlkFlowPant/SizeL,by JJ,Jeans/Pants,L,1.0,22.0,2.035,24.035,22.0,0.0,False,False
2026-06-19,13,6,Friday,25,846,10009324,SOLDSEPByJJ/BlkFlowShirt/SizeL,by JJ,Top,L,1.0,24.0,2.22,26.22,24.0,0.0,False,False
2026-06-19,13,6,Friday,25,845,10007340,Black Rhinestone Multi Strand,Unknown,Other,,1.0,16.99,1.57158,18.56158,16.99,0.0,True,False
2026-06-19,12,6,Friday,25,844,10008295,JustinBoots/BrownStitchBoots/Size8.5,Justin Boots,Shoes,8.5,1.0,70.0,6.475,76.475,70.0,0.0,False,False
2026-06-19,12,6,Friday,25,843,10009495,Scully Charcoal Skirt Size M,,Skirt,M,1.0,42.99,3.97658,46.96658,42.99,0.0,True,False
2026-06-18,19,6,Thursday,25,842,10009010,Altard State Black Tank Top L,,Top,,1.0,20.99,1.94158,22.93158,20.99,0.0,False,False
2026-06-18,19,6,Thursday,25,842,10004955,New In Sage Green Skirt / Size M,New In,Skirt,M,1.0,18.99,1.75658,20.74658,18.99,0.0,False,False
2026-06-18,17,6,Thursday,25,841,10008616,H&M Black SS Top S,,Top,,1.0,25.99,2.40408,28.39408,25.99,0.0,False,False
2026-06-18,17,6,Thursday,25,841,10009146,Heirloom Ltd White SS Top S,,Top,,1.0,22.99,2.12658,25.11658,22.99,0.0,False,False
2026-06-18,16,6,Thursday,25,840,10008701,Forever 21 Black Dress S,,Dress,,1.0,18.99,1.75658,20.74658,18.99,0.0,False,False
2026-06-18,16,6,Thursday,25,839,10007315,CIO Yellow Purse,Cio,Accessories,,1.0,45.99,4.25408,50.24408,45.99,0.0,False,False
2026-06-18,15,6,Thursday,25,838,10004753,Blush Orange & White Floral Shawl / Size M,Blush,Other,M,1.0,27.99,2.58908,30.57908,27.99,0.0,False,False
2026-06-18,15,6,Thursday,25,837,10009052,Altard State Blue Ruffle Skirt S,,Skirt,,1.0,19.99,1.84908,21.83908,19.99,0.0,False,False
2026-06-18,15,6,Thursday,25,837,10009171,Sim & Sam Navy/White Dress S,,Dress,,1.0,18.99,1.75658,20.74658,18.99,0.0,False,False
2026-06-18,15,6,Thursday,25,837,10007228,Monteau Dress Beige Size S,,Dress,S,1.0,28.99,2.68158,31.67158,28.99,0.0,False,False
2026-06-18,15,6,Thursday,25,836,10008283,Hyfve White Skirt / Size S,Hyfve,Skirt,S,1.0,22.0,2.035,24.035,22.0,0.0,False,False
2026-06-18,12,6,Thursday,25,835,10009399,Mushkaby Siena Watercolor Top L,,Top,,1.0,18.99,1.75658,20.74658,18.99,0.0,False,False
2026-06-18,12,6,Thursday,25,834,10009441,Desigual Colorful Green Coat 46,,Jacket/Coat,,1.0,200.0,18.5,218.5,200.0,0.0,False,False
2026-06-17,17,6,Wednesday,25,833,10008555,TheSak/BlkSilverStitchBag,The Sak,Accessories,,1.0,26.99,2.49658,29.48658,26.99,0.0,False,False
2026-06-17,15,6,Wednesday,25,832,10004244,Frye Embroidered  Boot/Size 5 1/2,Frye,Shoes,5,1.0,65.0,6.0125,71.0125,65.0,0.0,False,False
2026-06-17,13,6,Wednesday,25,831,10007155,Brown Chic Vintage T Shirt Size S,,Top,S,1.0,23.99,2.21908,26.20908,23.99,0.0,False,False
2026-06-17,13,6,Wednesday,25,830,10008933,Black Chifon Dress Size M,,Dress,M,1.0,9.995,0.92454,10.91954,19.99,9.995,False,True
2026-06-17,13,6,Wednesday,25,830,10002581,Rock X Republic / Bluejeans / 10 / 13.96,Rock & Republic,Other,,1.0,27.99,2.58908,30.57908,27.99,0.0,False,True
2026-06-17,13,6,Wednesday,25,829,10009199,Black Sheer Butterfly Mesh Top S,,Top,,1.0,14.99,1.38658,16.37658,14.99,0.0,False,False
2026-06-17,12,6,Wednesday,25,828,10006625,leather metal studded belt,Unknown,Accessories,,1.0,45.99,4.25408,50.24408,45.99,0.0,False,True
2026-06-17,12,6,Wednesday,25,828,10004276,NineWest/ Pink Multi-Pattern Jacket/Size XL,Nine West,Jacket/Coat,XL,1.0,11.995,1.10954,13.10454,23.99,11.995,False,True
2026-06-17,12,6,Wednesday,25,827,10005604,Blue Rain Pink Pattern Halter Tank / SIze S,Blue Rain,Top,S,1.0,22.99,2.12658,25.11658,22.99,0.0,False,True
2026-06-17,12,6,Wednesday,25,827,10009179,Style & Co Cream Pearl Vest,,Top,,1.0,9.495,0.87829,10.37329,18.99,9.495,False,True
2026-06-17,11,6,Wednesday,25,826,10008667,Lily Bleu Yellow SS Top,,Top,,1.0,11.99,1.10908,13.09908,11.99,0.0,False,False
2026-06-14,17,6,Sunday,24,825,10009210,Eye Candy Y2K Red PaisleyTop L,,Other,,1.0,29.99,2.77408,32.76408,29.99,0.0,False,False
2026-06-14,17,6,Sunday,24,825,10008844,Unknown Burgundy Halter Top S,,Top,,1.0,17.99,1.66408,19.65408,17.99,0.0,False,False
2026-06-14,17,6,Sunday,24,824,10008311,NaturalLife/SheerFlowerShirt/SizeXL,Natural Life,Top,XL,1.0,24.99,2.31158,27.30158,24.99,0.0,False,False
2026-06-14,16,6,Sunday,24,823,10007150,Yellow Chic Vintage T Shirt Size S,,Top,S,1.0,23.99,2.21908,26.20908,23.99,0.0,False,False
2026-06-14,16,6,Sunday,24,822,10008584,AbeltLabel/WhiGreenDress/SizeXS,Abel the Label,Dress,XS,1.0,42.99,3.97658,46.96658,42.99,0.0,False,False
2026-06-14,13,6,Sunday,24,821,10009235,Max Studio Green SS Top S,,Top,,1.0,18.99,1.75658,20.74658,18.99,0.0,False,False
2026-06-14,12,6,Sunday,24,819,10007352,Lohla sport checkered navy skirt/0,Lohla,Skirt,0,1.0,15.99,1.47908,17.46908,15.99,0.0,False,False
2026-06-14,12,6,Sunday,24,819,10008410,Sadie & Sage Blush Overall Dress / Size S,Sadie & Sage,Dress,S,1.0,21.99,2.03408,24.02408,21.99,0.0,False,False
2026-06-14,12,6,Sunday,24,819,10007860,Charlotte R Floral One Shoulder Dress / Size S,Charlotte Russe,Dress,S,1.0,21.99,2.03408,24.02408,21.99,0.0,False,False
2026-06-14,12,6,Sunday,24,820,10008362,BetsyL/GrnAniprintJacket/Size16,Betsy Lauren,Jacket/Coat,16,1.0,24.99,2.31158,27.30158,24.99,0.0,False,False
2026-06-14,12,6,Sunday,24,818,10008912,Fashion Nova Brown Overalls XL,,Top,,1.0,34.99,3.23658,38.22658,34.99,0.0,False,False
2026-06-14,12,6,Sunday,24,818,10008486,Pink w Lemon Coverall OSFM,,Other,,1.0,14.99,1.38658,16.37658,14.99,0.0,False,False
2026-06-14,12,6,Sunday,24,817,10008236,Altar'd State White/Pink LS Top S,,Top,,1.0,15.0,1.3875,16.3875,15.0,0.0,False,False
2026-06-14,12,6,Sunday,24,817,10003463,Moon Collection Dress Brown Size S,Moon Collection,Dress,S,1.0,33.99,3.14408,37.13408,33.99,0.0,False,False
2026-06-14,12,6,Sunday,24,817,10009004,Calvin Klein Beige Dress Size 4,,Dress,4,1.0,23.99,2.21908,26.20908,23.99,0.0,False,False
2026-06-14,12,6,Sunday,24,817,10008399,Max Studio Purple Dress S,,Dress,,1.0,33.99,3.14408,37.13408,33.99,0.0,False,False
2026-06-13,19,6,Saturday,24,816,10007332,Levis Cut Off Black Shorts/ Size 29 W,Levi Strauss & Co,Shorts,29,1.0,26.99,2.49658,29.48658,26.99,0.0,False,False
2026-06-13,18,6,Saturday,24,815,10009277,Louis Vuitton Black Sunglasses Blue Box,Louis Vuitton,Top,,1.0,150.0,13.875,163.875,150.0,0.0,True,False
2026-06-13,18,6,Saturday,24,815,10007152,Yellow Chic Vintage T Shirt Size L,,Top,L,1.0,23.99,2.21908,26.20908,23.99,0.0,True,False
2026-06-13,18,6,Saturday,24,815,10006639,Boldrini Orange Leather Bag w Hyde,Boldrini Selleria,Accessories,,1.0,250.0,23.125,273.125,250.0,0.0,True,False
2026-06-13,18,6,Saturday,24,815,10007294,Rue 21 Boustier Black Size XL,,Other,XL,1.0,10.99,1.01658,12.00658,10.99,0.0,True,False
2026-06-13,18,6,Saturday,24,815,10008531,Vintage Dorset Compact Mirror,Dorset,Set,,1.0,42.99,3.97658,46.96658,42.99,0.0,True,False
2026-06-13,17,6,Saturday,24,814,10006894,Loft/RedfloralTop/SizeXS,Loft,Other,XS,1.0,19.99,1.84908,21.83908,19.99,0.0,True,False
2026-06-13,17,6,Saturday,24,813,10007588,JS Collection Black Dress Size 14,,Dress,14,1.0,33.99,3.14408,37.13408,33.99,0.0,True,False
2026-06-13,17,6,Saturday,24,813,10005916,Desigual Black Sheer Colorful Skirt / Size L,Desigual,Skirt,L,1.0,55.99,5.17908,61.16908,55.99,0.0,True,False
2026-06-13,17,6,Saturday,24,813,10008394,Akemi & Kim Floral Skirt XL,,Skirt,,1.0,35.99,3.32908,39.31908,35.99,0.0,True,False
2026-06-13,16,6,Saturday,24,812,10009364,10009363,,Other,,1.0,200.0,18.5,218.5,200.0,0.0,False,False
2026-06-13,16,6,Saturday,24,812,10003084,Vera Pelle 1985 Belt_Ve / Pink / Unknown / 21.40000000000001,Vera Pelle,Accessories,,1.0,17.99,1.66408,19.65408,17.99,0.0,False,False
2026-06-13,16,6,Saturday,24,812,10006660,Silver Scales Belt w Silver Bedazzled Buckle,Unknown,Accessories,,1.0,42.99,3.97658,46.96658,42.99,0.0,False,False
2026-06-13,16,6,Saturday,24,811,10008854,Marled Striped Tank Top Size M,,Top,M,1.0,18.99,1.75658,20.74658,18.99,0.0,False,False
2026-06-13,15,6,Saturday,24,810,10007932,Green Necklace,Unknown,Accessories,,1.0,23.99,2.21908,26.20908,23.99,0.0,False,False
2026-06-13,15,6,Saturday,24,810,10008367,Knit tote bag with circular handles,Unknown,Sweater/Cardigan,,1.0,17.99,1.66408,19.65408,17.99,0.0,False,False
2026-06-13,15,6,Saturday,24,809,10005496,WHBM Maroon LS Dress / Size S,White House Black Market,Dress,S,1.0,25.99,2.40408,28.39408,25.99,0.0,False,False
2026-06-13,14,6,Saturday,24,808,10008999,Karessah White Tank Detail Straps / Size M,Karessah,Top,M,1.0,23.99,2.21908,26.20908,23.99,0.0,False,False
2026-06-13,14,6,Saturday,24,807,10004748,Doe&Rae Wht&Blk Blouse/Size S,Doe & Rae,Top,S,1.0,17.99,1.66408,19.65408,17.99,0.0,False,False
2026-06-13,14,6,Saturday,24,807,10009272,NWT Karl Lagerfeld Paris White Shoulder,,Other,,1.0,125.99,11.65408,137.64408,125.99,0.0,False,False
2026-06-13,13,6,Saturday,24,806,10009289,Marled Brown Faux Leather Blazer / Size M,Marled,Jacket/Coat,M,1.0,25.0,2.3125,27.3125,25.0,0.0,False,False
2026-06-13,13,6,Saturday,24,806,10006266,Chalet Green Coat/Size M,Chalet,Jacket/Coat,M,1.0,25.99,2.40408,28.39408,25.99,0.0,False,False
2026-06-13,13,6,Saturday,24,806,10008767,NWOT Timing Orange Top Real XS,,Top,,1.0,12.0,1.11,13.11,12.0,0.0,False,False
2026-06-13,13,6,Saturday,24,806,10008706,Old Navy Boyfriend Shorts 0,,Shorts,,1.0,15.99,1.47908,17.46908,15.99,0.0,False,False
2026-06-13,12,6,Saturday,24,805,10003230,unknownTurquoise & Silver Necklace / Turquoise & Silver / OSFM / abc,Unknown,Accessories,,1.0,24.99,2.31158,27.30158,24.99,0.0,False,False
2026-06-13,12,6,Saturday,24,805,10005513,Deep Self NWT Green Dress / Size XL,Deep Self,Dress,XL,1.0,49.99,4.62408,54.61408,49.99,0.0,False,False
2026-06-13,12,6,Saturday,24,805,10005522,Izod Purple Skirt White Stitching / Size 16,Izod,Skirt,16,1.0,18.99,1.75658,20.74658,18.99,0.0,False,False
2026-06-13,12,6,Saturday,24,804,10007962,Tempo Paris White/Blue Pants L,,Jeans/Pants,,1.0,25.0,2.3125,27.3125,25.0,0.0,False,False
2026-06-13,12,6,Saturday,24,803,10003288,Jules & Leopold Floral Pants / Black Multi / L / abc,Jules & Leopold,Jeans/Pants,,1.0,18.99,1.75658,20.74658,18.99,0.0,False,False
2026-06-13,12,6,Saturday,24,802,10009005,U.S. Sweaters Beige Sleeveless M,,Sweater/Cardigan,,1.0,19.99,1.84908,21.83908,19.99,0.0,False,False
2026-06-13,12,6,Saturday,24,802,10005395,loft/tank/red/m,Loft,Top,M,1.0,6.99,0.64658,7.63658,6.99,0.0,False,False
2026-06-13,12,6,Saturday,24,801,10008013,Anna Sui Black Detail Skirt / Size 8,Anna Sui,Skirt,8,1.0,33.0,3.0525,36.0525,33.0,0.0,True,False
2026-06-13,12,6,Saturday,24,801,10008216,Harold's Beige Skirt Size 8,,Skirt,8,1.0,24.0,2.22,26.22,24.0,0.0,True,False
2026-06-13,11,6,Saturday,24,800,10008282,Self Contrast Pink Blouse / Size XS,Self Contrast,Top,XS,1.0,25.0,2.3125,27.3125,25.0,0.0,True,False
2026-06-13,11,6,Saturday,24,799,10006778,Bruce Lee Hat,Bruce Lee,Accessories,,1.0,25.99,2.40408,28.39408,25.99,0.0,True,False
2026-06-13,11,6,Saturday,24,798,10006590,Talbots Black & White Checkered Skirt / Size 12,Talbots,Skirt,12,1.0,24.99,2.31158,27.30158,24.99,0.0,False,False
2026-06-13,11,6,Saturday,24,797,10002630,Marilyn MonroeTank Top_Gr / Black / XXL / 14.2,Marilyn Monroe,Top,,1.0,15.99,1.47908,17.46908,15.99,0.0,False,False
2026-06-12,19,6,Friday,24,796,10008251,Adiva Brown SS Top L,,Top,,1.0,18.99,1.75658,20.74658,18.99,0.0,False,False
2026-06-12,18,6,Friday,24,795,10007236,Theory Dress Grey Size 8,,Dress,8,1.0,39.99,3.69908,43.68908,39.99,0.0,False,False
2026-06-12,18,6,Friday,24,795,10006249,VINTAGE Revlon Gold Compact 1960s,Revlon,Other,,1.0,20.0,1.85,21.85,20.0,0.0,False,False
2026-06-12,18,6,Friday,24,794,10003423,Camelot Camisole White Size L,Camelot,Top,L,1.0,15.99,1.47908,17.46908,15.99,0.0,False,False
2026-06-12,17,6,Friday,24,793,10007897,Montego Bay Shoes 7.5,,Shoes,,1.0,19.99,1.84908,21.83908,19.99,0.0,False,False
2026-06-12,17,6,Friday,24,792,10003729,harley davidson/shirt/beige/xl,Harley Davidson,Top,XL,1.0,25.99,2.40408,28.39408,25.99,0.0,False,False
2026-06-12,17,6,Friday,24,791,10006527,Zara Muted Brown Collared Shirt / Size L,Zara,Top,L,1.0,17.99,1.66408,19.65408,17.99,0.0,False,False
2026-06-12,17,6,Friday,24,791,10008900,Blue Whiskey Shirt Size M,,Top,M,1.0,16.99,1.57158,18.56158,16.99,0.0,False,False
2026-06-12,17,6,Friday,24,790,10008924,Qinsen Blue Tank Top S,,Top,,1.0,12.0,1.11,13.11,12.0,0.0,False,False
2026-06-12,17,6,Friday,24,790,10008327,JohnnyM/BlkHalterDress/SizeM,Johnny Martin,Dress,M,1.0,23.99,2.21908,26.20908,23.99,0.0,False,False
2026-06-12,17,6,Friday,24,790,10007115,J Crew White Skirt / Size 27,J.Crew,Skirt,27,1.0,18.99,1.75658,20.74658,18.99,0.0,False,False
2026-06-12,15,6,Friday,24,789,10008890,Xscape Black Tank Top S,,Top,,1.0,18.99,1.75658,20.74658,18.99,0.0,False,False
2026-06-12,15,6,Friday,24,789,10008030,INC Coat Size M,,Jacket/Coat,M,1.0,33.0,3.0525,36.0525,33.0,0.0,False,False
2026-06-12,15,6,Friday,24,788,10005336,EdHardy/PinkDetailShoe/Size10,Ed Hardy,Top,10,1.0,35.99,3.32908,39.31908,35.99,0.0,False,False
2026-06-12,14,6,Friday,24,787,10004031,Harley DavidsonJacket_HDJ / Black / M / abc,Harley Davidson,Jacket/Coat,,1.0,32.99,3.05158,36.04158,32.99,0.0,False,False
2026-06-12,13,6,Friday,24,786,10003959,Origami Shortsleeve Sequin Shirt / Size S,Origami,Shorts,S,1.0,44.99,4.16158,49.15158,44.99,0.0,True,False
2026-06-12,13,6,Friday,24,786,10006251,Elgin American Gold Powder 1950s Compact,Elgin American,Other,,1.0,24.99,2.31158,27.30158,24.99,0.0,True,False
2026-06-12,13,6,Friday,24,785,10003976,Charming Charlie Silver Metallic Purse,Charming Charlie,Accessories,,1.0,15.99,1.47908,17.46908,15.99,0.0,False,False
2026-06-11,17,6,Thursday,24,784,10009106,Talbots/BlkPuffVest/SizeM,Talbots,Top,M,1.0,25.99,2.40408,28.39408,25.99,0.0,False,False
2026-06-11,17,6,Thursday,24,783,10008695,Moda Intl Black Dress XS,,Dress,,1.0,24.99,2.31158,27.30158,24.99,0.0,False,False
2026-06-11,17,6,Thursday,24,783,10003402,Banana Republic Pants Grey Size 0,Banana Republic,Jeans/Pants,0,1.0,24.99,2.31158,27.30158,24.99,0.0,False,False
2026-06-11,17,6,Thursday,24,783,10003661,massimo fabbro/pant/plad/4,Massimo Fabbro,Jeans/Pants,4,1.0,26.99,2.49658,29.48658,26.99,0.0,False,False
2026-06-11,17,6,Thursday,24,783,10003792,Garage Gray Longsleeve / Size XS,Garage,Other,XS,1.0,22.99,2.12658,25.11658,22.99,0.0,False,False
2026-06-11,17,6,Thursday,24,783,10006488,Sheer Cream Slip / Size S,Unknown,Other,S,1.0,22.99,2.12658,25.11658,22.99,0.0,False,False
2026-06-11,17,6,Thursday,24,782,10003516,Banana Republic Pants Green Size 4,Banana Republic,Jeans/Pants,4,1.0,27.99,2.58908,30.57908,27.99,0.0,False,False
2026-06-11,17,6,Thursday,24,781,10009025,Reversable Wrap Skirt XL,,Skirt,,1.0,19.99,1.84908,21.83908,19.99,0.0,False,False
2026-06-11,17,6,Thursday,24,780,10008274,Wishlist Grey Sleeveless Blouse S,,Top,,1.0,17.99,1.66408,19.65408,17.99,0.0,False,False
2026-06-11,17,6,Thursday,24,780,10008749,NWT Foxblood Shawl OSFM,,Other,,1.0,25.0,2.3125,27.3125,25.0,0.0,False,False
2026-06-11,16,6,Thursday,24,779,10007884,Sezane Green Top Size M,,Top,M,1.0,25.0,2.3125,27.3125,25.0,0.0,True,False
2026-06-11,16,6,Thursday,24,779,10004492,JouJou/LimeGrnJacket/SizeM,JouJou,Jacket/Coat,M,1.0,33.99,3.14408,37.13408,33.99,0.0,True,False
2026-06-11,16,6,Thursday,24,779,10004360,Chico's Tan&Gold Blazer / Size 0,Chico's,Jacket/Coat,0,1.0,49.99,4.62408,54.61408,49.99,0.0,True,False
2026-06-11,16,6,Thursday,24,779,10004462,Covington/TanfloralBlazer/Size22,Covington,Jacket/Coat,22,1.0,34.99,3.23658,38.22658,34.99,0.0,True,False
2026-06-11,16,6,Thursday,24,779,10007900,NWT Liz Claiborne Brown Hat,,Accessories,,1.0,24.99,2.31158,27.30158,24.99,0.0,True,False
2026-06-11,16,6,Thursday,24,779,10006060,unknown/dress shrt/navy/s,Unknown,Dress,S,1.0,35.99,3.32908,39.31908,35.99,0.0,True,False
2026-06-11,16,6,Thursday,24,779,10004381,WHBM/BlkSleevelessBlouse/SizeXXS,White House Black Market,Top,XXS,1.0,25.99,2.40408,28.39408,25.99,0.0,True,False
2026-06-11,15,6,Thursday,24,778,10006374,Brown Belt with Jeweled Buckle,Unknown,Accessories,,1.0,16.99,1.57158,18.56158,16.99,0.0,False,False
2026-06-11,15,6,Thursday,24,777,10008296,Laredo/BrwnBlkStitchBoots/Size9,Laredo,Shoes,9,1.0,70.0,6.475,76.475,70.0,0.0,False,False
2026-06-11,14,6,Thursday,24,776,10004923,Athleta/BlueSkirt/SizeM,Athleta,Skirt,M,1.0,26.99,2.49658,29.48658,26.99,0.0,False,False
2026-06-11,12,6,Thursday,24,775,10007145,Pink Chic Vintage T Shirt Size S,,Top,S,1.0,23.99,2.21908,26.20908,23.99,0.0,False,False
2026-06-10,20,6,Wednesday,24,774,10008810,Karen Kane Brown SS Top M,,Top,,1.0,21.99,2.03408,24.02408,21.99,0.0,False,True
2026-06-10,20,6,Wednesday,24,774,10004569,Vanity Burgundy Sleeveless Top Sequin / Size XL,Vanity,Top,XL,1.0,9.995,0.92454,10.91954,19.99,9.995,False,True
2026-06-10,20,6,Wednesday,24,774,10007665,Newport News Pink Crochet Top L,,Top,,1.0,27.99,2.58908,30.57908,27.99,0.0,False,True
2026-06-10,20,6,Wednesday,24,774,10009012,Michele Michelle Red SS Top L,,Top,,1.0,8.495,0.78579,9.28079,16.99,8.495,False,True
2026-06-10,17,6,Wednesday,24,773,10007976,JC JO Purple Stretch Pants XL,,Jeans/Pants,,1.0,12.0,1.11,13.11,24.0,12.0,False,True
2026-06-10,17,6,Wednesday,24,773,10008683,Altard State black/white pants S,,Jeans/Pants,,1.0,24.99,2.31158,27.30158,24.99,0.0,False,True
2026-06-10,16,6,Wednesday,24,772,10006985,Blush Jumpsuit Heart Btns As-Is / Size S,Unknown,Romper/Jumpsuit,S,1.0,12.495,1.15579,13.65079,24.99,12.495,False,True
2026-06-10,16,6,Wednesday,24,772,10001072,GreylinDress_Ak / Black X White / XS / 6.4,Greylin,Dress,,1.0,29.99,2.77408,32.76408,29.99,0.0,False,True
2026-06-10,15,6,Wednesday,24,771,10005542,Axyeh Red Beige LS Dress / Size M,Axyeh,Dress,M,1.0,14.995,1.38704,16.38204,29.99,14.995,False,True
2026-06-10,15,6,Wednesday,24,771,10006644,white house black market black blouse medium,White House Black Market,Top,,1.0,4.598,0.42532,5.02332,22.99,18.392,False,True
2026-06-10,15,6,Wednesday,24,771,10004351,AlbM Tan Button down/ Size M,Alberto Makali,Other,M,1.0,7.198,0.66582,7.86382,35.99,28.792,False,True
2026-06-10,14,6,Wednesday,24,770,10009177,Gemstone White Mesh Ruffle Top L,,Top,,1.0,25.99,2.40408,28.39408,25.99,0.0,False,True
2026-06-10,14,6,Wednesday,24,770,10008743,Foxblood Black Dress XXL,,Dress,,1.0,39.0,3.6075,42.6075,39.0,0.0,False,True
2026-06-10,14,6,Wednesday,24,770,10007623,NWT Nina Leonard Black Dress Size L,,Dress,L,1.0,11.5,1.06375,12.56375,23.0,11.5,False,True
2026-06-10,14,6,Wednesday,24,770,10008913,Pink Striped Pleated Sleeveless Maxi M,,Top,,1.0,17.495,1.61829,19.11329,34.99,17.495,False,True
2026-06-10,14,6,Wednesday,24,769,10007650,Jane & D Black & Gold Sheer LS / Size L,Jane & Delancy,Top,L,1.0,20.9925,1.94181,22.93431,27.99,6.9975,False,True
2026-06-10,14,6,Wednesday,24,768,10009115,As-is Vint. Kooba Tan Leather Hobo,,Other,,1.0,39.99,3.69908,43.68908,39.99,0.0,False,True
2026-06-10,14,6,Wednesday,24,768,10002494,JezebelCamisole / Pink / M / 13.52,Jezebel,Top,,1.0,22.99,2.12658,25.11658,22.99,0.0,False,True
2026-06-10,14,6,Wednesday,24,768,10008635,Altar'd State Purple SS Top S,,Top,,1.0,5.995,0.55454,6.54954,11.99,5.995,False,True
2026-06-10,14,6,Wednesday,24,768,10008850,Hanes Harley Dragon Black T XL,,Other,,1.0,27.99,2.58908,30.57908,27.99,0.0,False,True
2026-06-10,14,6,Wednesday,24,768,10005750,Loverocks Sheer Floral Top / Size S,Loverocks,Top,S,1.0,12.495,1.15579,13.65079,24.99,12.495,False,True
2026-06-10,14,6,Wednesday,24,768,10004617,3 Suiesses Red Spaghetti Strap Dress / Size L,3 Suiesses Collection,Dress,L,1.0,17.995,1.66454,19.65954,35.99,17.995,False,True
2026-06-10,14,6,Wednesday,24,767,10004727,Woman Within Red & White Plaid SS / Size XXL,Woman Within,Top,XXL,1.0,25.99,2.40408,28.39408,25.99,0.0,False,True
2026-06-10,14,6,Wednesday,24,767,10008838,L'Pogee Multicolor Tank Size L,,Top,L,1.0,9.995,0.92454,10.91954,19.99,9.995,False,True
2026-06-10,14,6,Wednesday,24,766,10008829,GAP Pink Sleeveless Dress 10,,Dress,,1.0,12.495,1.15579,13.65079,24.99,12.495,False,True
2026-06-10,14,6,Wednesday,24,766,10007747,INC/PinkGreyDress/SizeXS,Inc,Dress,XS,1.0,31.99,2.95908,34.94908,31.99,0.0,False,True
2026-06-10,14,6,Wednesday,24,766,10006406,Designal/MulticolCrossDress/Size42,Designal,Dress,42,1.0,38.99,3.60658,42.59658,38.99,0.0,False,True
2026-06-10,14,6,Wednesday,24,766,10008939,Harold's B/W Strapless Dress 12,,Dress,,1.0,15.995,1.47954,17.47454,31.99,15.995,False,True
2026-06-10,14,6,Wednesday,24,765,10007434,NWOT Naturalizer Brown Shoes  6.5,,Shoes,,1.0,49.99,4.62408,54.61408,49.99,0.0,False,True
2026-06-10,14,6,Wednesday,24,765,10008335,Patagonia/BlackShorts/SizeM,Patagonia,Shorts,M,1.0,5.995,0.55454,6.54954,11.99,5.995,False,True
2026-06-10,13,6,Wednesday,24,764,10007237,Grey Adora Hat,,Accessories,,1.0,28.99,2.68158,31.67158,28.99,0.0,False,True
2026-06-10,13,6,Wednesday,24,764,10008077,Karl L Black Purse NWT,Karl Lagerfeld,Accessories,,1.0,115.0,10.6375,125.6375,115.0,0.0,False,True
2026-06-10,13,6,Wednesday,24,764,10008744,NWT Foxblood Black Dress XL,,Dress,,1.0,19.5,1.80375,21.30375,39.0,19.5,False,True
2026-06-10,13,6,Wednesday,24,764,10007251,BCBG Black Leather Jacket  M,,Jacket/Coat,,1.0,129.99,12.02408,142.01408,129.99,0.0,False,True
2026-06-10,13,6,Wednesday,24,764,10006004,AdriannaP/PnkPearlSwter/SizeXL,Adrianna Papell,Top,XL,1.0,14.495,1.34079,15.83579,28.99,14.495,False,True
2026-06-10,12,6,Wednesday,24,763,10009195,Gilli Beige SS Top M,,Top,,1.0,12.495,1.15579,13.65079,24.99,12.495,False,True
2026-06-10,12,6,Wednesday,24,763,10003501,Ann Taylor Skirt Black & White Size 6,Ann Taylor,Skirt,6,1.0,24.99,2.31158,27.30158,24.99,0.0,False,True
2026-06-07,16,6,Sunday,23,762,10008527,Dirty Laundry Y2K Pink Clogs 7.5,,Other,,1.0,39.99,3.69908,43.68908,39.99,0.0,False,False
2026-06-07,15,6,Sunday,23,761,10008864,Pilcro Orange Top Size M,,Top,M,1.0,12.99,1.20158,14.19158,12.99,0.0,False,False
2026-06-07,15,6,Sunday,23,760,10008955,CoachYellowFlowerPurse,Coach,Accessories,,1.0,105.0,9.7125,114.7125,105.0,0.0,True,False
2026-06-07,15,6,Sunday,23,759,10008692,Unknown Turquoise Coverall XL,,Other,,1.0,19.99,1.84908,21.83908,19.99,0.0,False,False
2026-06-07,14,6,Sunday,23,758,10009151,Vintage Yellow Sundress Size XL,,Dress,XL,1.0,49.99,4.62408,54.61408,49.99,0.0,False,False
2026-06-07,12,6,Sunday,23,757,10007362,Cynthia R SL Peach Dress / Size S,Cynthia Rowley,Dress,S,1.0,22.99,2.12658,25.11658,22.99,0.0,False,False
2026-06-07,12,6,Sunday,23,757,10005155,Maeve/ Sheer Floral Top/ Multicolor/ Size XS,Maeve,Top,XS,1.0,24.99,2.31158,27.30158,24.99,0.0,False,False
2026-06-06,19,6,Saturday,23,756,10005130,Majorelle Black & Floral Sheer LS Crop Top / Size XL,Majorelle,Top,XL,1.0,21.99,2.03408,24.02408,21.99,0.0,False,False
2026-06-06,18,6,Saturday,23,755,10004528,Georciou Studio Black Sequin Clutch,Georciou Studio,Accessories,,1.0,18.99,1.75658,20.74658,18.99,0.0,False,False
2026-06-06,18,6,Saturday,23,754,10008318,CheetaScarf,Unknown,Accessories,,1.0,9.99,0.92408,10.91408,9.99,0.0,False,False
2026-06-06,18,6,Saturday,23,754,10009082,mable creme blouse/s,Mable,Top,S,1.0,24.99,2.31158,27.30158,24.99,0.0,False,False
2026-06-06,18,6,Saturday,23,753,10008291,Aryeh/MulticolDiamDress/SizeM,Aryeh,Dress,M,1.0,18.99,1.75658,20.74658,18.99,0.0,False,False
2026-06-06,18,6,Saturday,23,752,10005104,AS IS Bed of Roses Black Heart Cherry Tank / Size L,Bed of Roses,Top,L,1.0,15.99,1.47908,17.46908,15.99,0.0,False,False
2026-06-06,17,6,Saturday,23,751,10008721,Breckenridge Lemonade Cardigan L,,Sweater/Cardigan,,1.0,25.99,2.40408,28.39408,25.99,0.0,False,False
2026-06-06,17,6,Saturday,23,750,10007746,Fabrik/GrnBacklessDress/SizeL,Fabrik,Dress,L,1.0,23.99,2.21908,26.20908,23.99,0.0,False,False
2026-06-06,17,6,Saturday,23,749,10008365,pink leather boots/7,Unknown,Shoes,7,1.0,90.99,8.41658,99.40658,90.99,0.0,False,False
2026-06-06,17,6,Saturday,23,748,10006925,ExpressionsPlus/CreamCoverUp/Size27,Expressions Plus,Top,27,1.0,24.99,2.31158,27.30158,24.99,0.0,False,False
2026-06-06,17,6,Saturday,23,748,10008653,Apt. 9 Black/Blue Dress XL,,Dress,,1.0,17.99,1.66408,19.65408,17.99,0.0,False,False
2026-06-06,17,6,Saturday,23,747,10004646,Maria Bonita Dress / Size M,Maria Bonita,Dress,M,1.0,31.99,2.95908,34.94908,31.99,0.0,False,False
2026-06-06,17,6,Saturday,23,747,10008429,WHBM White Jean Jacket Size 4,,Jeans/Pants,4,1.0,35.99,3.32908,39.31908,35.99,0.0,False,False
2026-06-06,17,6,Saturday,23,746,10002795,unknownLS Top / Red / XXS / 15.03,Unknown,Top,,1.0,19.99,1.84908,21.83908,19.99,0.0,False,False
2026-06-06,16,6,Saturday,23,745,10006995,Intimately by FP Lilac SL Blouse / Size M,Free People,Top,M,1.0,29.99,2.77408,32.76408,29.99,0.0,False,False
2026-06-06,16,6,Saturday,23,745,10007103,NWT Altar'd State Pink Fringe Top/ Size XS,Altar'd State,Top,XS,1.0,15.99,1.47908,17.46908,15.99,0.0,False,False
2026-06-06,16,6,Saturday,23,744,10008969,CoachPinkCamoPurse,Coach,Accessories,,1.0,55.0,5.0875,60.0875,55.0,0.0,False,False
2026-06-06,16,6,Saturday,23,743,10008690,West Kei Green SS Top L,,Top,,1.0,19.99,1.84908,21.83908,19.99,0.0,False,False
2026-06-06,16,6,Saturday,23,742,10005527,Torrid Black White Stitch Skirt / Size 3X,Torrid,Skirt,3,1.0,24.99,2.31158,27.30158,24.99,0.0,False,False
2026-06-06,16,6,Saturday,23,742,10004938,BambooT/Grn&PinkSkirt?SizeL,Bamboo Traders,Skirt,L,1.0,25.99,2.40408,28.39408,25.99,0.0,False,False
2026-06-06,16,6,Saturday,23,741,10008995,Ariat Black Cowgirl Boots / Size 7.5,Ariat,Shoes,7.5,1.0,94.99,8.78658,103.77658,94.99,0.0,False,False
2026-06-06,16,6,Saturday,23,740,10008442,Lola Green Dress Size M,,Dress,M,1.0,64.99,6.01158,71.00158,64.99,0.0,False,False
2026-06-06,16,6,Saturday,23,739,10008549,Tahari/PrplGreenTop/Size6P,Tahari,Other,6,1.0,22.99,2.12658,25.11658,22.99,0.0,False,False
2026-06-06,16,6,Saturday,23,738,10007615,NWT Ardashian Black Skirt Size L,,Skirt,L,1.0,24.99,2.31158,27.30158,24.99,0.0,False,False
2026-06-06,16,6,Saturday,23,737,10008048,VintagePatchDress/Size10,Unknown,Dress,10,1.0,74.99,6.93658,81.92658,74.99,0.0,False,False
2026-06-06,16,6,Saturday,23,737,10009068,Fate/MulticolPinkSequinDress/SizeL,Fate,Dress,L,1.0,25.0,2.3125,27.3125,25.0,0.0,False,False
2026-06-06,16,6,Saturday,23,736,10003466,Blu Pepper Cardigan Green Size XL,Blu Pepper,Sweater/Cardigan,XL,1.0,29.99,2.77408,32.76408,29.99,0.0,False,False
2026-06-06,16,6,Saturday,23,735,10008096,vintage bown leather belt,Unknown,Accessories,,1.0,10.99,1.01658,12.00658,10.99,0.0,False,False
2026-06-06,15,6,Saturday,23,734,10006742,DPC Army Green Hat with Flower,Doreman Pacific Co.,Accessories,,1.0,32.99,3.05158,36.04158,32.99,0.0,False,False
2026-06-06,15,6,Saturday,23,733,10007148,Pink Chic Vintage T Shirt Size XL,,Top,XL,1.0,23.99,2.21908,26.20908,23.99,0.0,False,False
2026-06-06,15,6,Saturday,23,732,10008476,Vintage Pink Babydoll Nightgown M/L,,Dress,L,1.0,24.99,2.31158,27.30158,24.99,0.0,False,False
2026-06-06,15,6,Saturday,23,731,10008494,Unknown Black Skirt Size L,,Skirt,L,1.0,18.99,1.75658,20.74658,18.99,0.0,False,False
2026-06-06,15,6,Saturday,23,731,10003875,Melody Gray Intimate Skirt / Size L,Melody,Skirt,L,1.0,22.99,2.12658,25.11658,22.99,0.0,False,False
2026-06-06,15,6,Saturday,23,731,10008144,miss me long jean skirt/31,Miss Me,Skirt,31,1.0,28.99,2.68158,31.67158,28.99,0.0,False,False
2026-06-06,15,6,Saturday,23,731,10006667,Buckle Belt Off White with Gem Buckle / Size L,Buckle,Accessories,L,1.0,35.99,3.32908,39.31908,35.99,0.0,False,False
2026-06-06,15,6,Saturday,23,730,10004649,Ann Taylor Black Sleeveless Shirt / Size M,Ann Taylor,Top,M,1.0,32.99,3.05158,36.04158,32.99,0.0,False,False
2026-06-06,15,6,Saturday,23,730,10007593,Studio C Pink Blouse Size 10,,Top,10,1.0,21.99,2.03408,24.02408,21.99,0.0,False,False
2026-06-06,15,6,Saturday,23,729,10006942,Jcrew/WhiBlkStitchShirt/SizeXS,J.Crew,Top,XS,1.0,19.99,1.84908,21.83908,19.99,0.0,False,False
2026-06-06,15,6,Saturday,23,729,10004475,Vervet/PinkRustPant/Size25,Vervet,Jeans/Pants,25,1.0,22.99,2.12658,25.11658,22.99,0.0,False,False
2026-06-06,15,6,Saturday,23,729,10007209,Mardini Black Leather Vest / Size L,Mardini,Top,L,1.0,39.99,3.69908,43.68908,39.99,0.0,False,False
2026-06-06,15,6,Saturday,23,728,10007027,Unknown Red Floral Crop Tank/ Size M,Unknown,Top,M,1.0,14.99,1.38658,16.37658,14.99,0.0,False,False
2026-06-06,15,6,Saturday,23,727,10008289,Monteau/Blue&WhiCroptop/SizeS,Monteau,Top,S,1.0,14.99,1.38658,16.37658,14.99,0.0,False,False
2026-06-06,15,6,Saturday,23,726,10006501,Ya LA Cardigan Sweater Brown Size L,,Sweater/Cardigan,L,1.0,21.99,2.03408,24.02408,21.99,0.0,False,False
2026-06-06,15,6,Saturday,23,725,10008115,banana republic velvet tanktop/s,Banana Republic,Top,S,1.0,23.99,2.21908,26.20908,23.99,0.0,False,False
2026-06-06,14,6,Saturday,23,724,10004193,Traffic People Silver Animal Print Top,Traffic People,Top,,1.0,35.99,3.32908,39.31908,35.99,0.0,False,False
2026-06-06,14,6,Saturday,23,723,10007171,Urban Out Oranges Gray Skirt / Size L,Urban Outfitters,Skirt,L,1.0,27.99,2.58908,30.57908,27.99,0.0,False,False
2026-06-06,14,6,Saturday,23,722,10005283,Loft/YellowleafTop/SizeS,Loft,Other,S,1.0,18.99,1.75658,20.74658,18.99,0.0,False,False
2026-06-06,14,6,Saturday,23,722,10006990,Madewell Jean Skirt / Size 26,Madewell,Skirt,26,1.0,29.99,2.77408,32.76408,29.99,0.0,False,False
2026-06-06,14,6,Saturday,23,721,10009006,Notations Beige Sleeveless Top L,,Top,,1.0,17.99,1.66408,19.65408,17.99,0.0,False,False
2026-06-06,14,6,Saturday,23,720,10008737,Coach Lavender Turnlock Bag,,Accessories,,1.0,145.0,13.4125,158.4125,145.0,0.0,False,False
2026-06-06,14,6,Saturday,23,719,10007386,VintageLuciteNecklace,Unknown,Accessories,,1.0,18.99,1.75658,20.74658,18.99,0.0,False,False
2026-06-06,14,6,Saturday,23,718,10008664,DavidLove Green Lace Coverall,,Other,,1.0,11.99,1.10908,13.09908,11.99,0.0,False,False
2026-06-06,14,6,Saturday,23,717,10005545,United States Sweaters Beige SS Cardigan / Size L,United States Sweaters,Sweater/Cardigan,L,1.0,15.99,1.47908,17.46908,15.99,0.0,False,False
2026-06-06,14,6,Saturday,23,716,10008168,WHBM Red Black Floral Tube Top / Size 12,White House Black Market,Top,12,1.0,26.99,2.49658,29.48658,26.99,0.0,True,False
2026-06-06,14,6,Saturday,23,715,10008680,Habitat Green LS Blouse L,,Top,,1.0,32.99,3.05158,36.04158,32.99,0.0,False,False
2026-06-06,14,6,Saturday,23,714,10008936,NWT Aryeh Green Sleeveless L,,Top,,1.0,29.99,2.77408,32.76408,29.99,0.0,False,False
2026-06-06,14,6,Saturday,23,713,10006707,Pink Lily Orange Knit Dress / Size L,Pink Lily,Dress,L,1.0,24.99,2.31158,27.30158,24.99,0.0,False,False
2026-06-06,14,6,Saturday,23,712,10008360,BaileyRose/GreenFlowerPants/SizeM,Bailey Rose,Jeans/Pants,M,1.0,26.99,2.49658,29.48658,26.99,0.0,False,False
2026-06-06,14,6,Saturday,23,711,10006724,S.C. Society Orange Floral Blouse / Size L,S.C. Society,Top,L,1.0,17.99,1.66408,19.65408,17.99,0.0,False,False
2026-06-06,14,6,Saturday,23,710,10008985,Cabi Black/White Top XS,,Top,,1.0,20.99,1.94158,22.93158,20.99,0.0,False,False
2026-06-06,14,6,Saturday,23,710,10008354,BlackCrochetCover,Unknown,Other,,1.0,17.99,1.66408,19.65408,17.99,0.0,False,False
2026-06-06,14,6,Saturday,23,709,10005987,Karen Scott Jean Skirt / Size 8,Karen Scott,Skirt,8,1.0,27.99,2.58908,30.57908,27.99,0.0,False,False
2026-06-06,14,6,Saturday,23,708,10008347,MulticolFlowerearrings,Unknown,Accessories,,1.0,9.99,0.92408,10.91408,9.99,0.0,False,False
2026-06-06,14,6,Saturday,23,708,10005355,collectif/tank/rd plad/3xl,Collectif,Top,,1.0,24.99,2.31158,27.30158,24.99,0.0,False,False
2026-06-06,13,6,Saturday,23,707,10007577,H & M Red Crochet Shorts / Size L,H&M,Shorts,L,1.0,9.99,0.92408,10.91408,9.99,0.0,False,False
2026-06-06,13,6,Saturday,23,706,10008586,Aerie/BurgBralette/SizeL,Aerie,Other,L,1.0,14.99,1.38658,16.37658,14.99,0.0,False,False
2026-06-06,13,6,Saturday,23,705,10008627,LA Hearts Purple Top Size S,,Top,S,1.0,9.99,0.92408,10.91408,9.99,0.0,False,False
2026-06-06,13,6,Saturday,23,704,10008482,Vint. 80's Pink Sequin Fringe Top M,,Top,,1.0,32.99,3.05158,36.04158,32.99,0.0,False,False
2026-06-06,13,6,Saturday,23,703,10005208,Next Black Sheer Top/Size 12,Next,Top,12,1.0,24.99,2.31158,27.30158,24.99,0.0,False,False
2026-06-06,13,6,Saturday,23,703,10005411,MTC/BlktieCover/SizeL,More To Come,Other,L,1.0,24.99,2.31158,27.30158,24.99,0.0,False,False
2026-06-06,13,6,Saturday,23,703,10008760,Unknown Black Lace Top M,,Top,,1.0,15.0,1.3875,16.3875,15.0,0.0,False,False
2026-06-06,13,6,Saturday,23,702,10004226,Kori Blue Floral LS Dress / Size L,Kori America,Dress,L,1.0,27.99,2.58908,30.57908,27.99,0.0,False,False
2026-06-06,13,6,Saturday,23,701,10007727,Gray Jean Vest / Size M,Unknown,Jeans/Pants,M,1.0,30.99,2.86658,33.85658,30.99,0.0,False,False
2026-06-06,13,6,Saturday,23,701,10006634,guess leather belt with metal studs,Guess,Top,,1.0,42.99,3.97658,46.96658,42.99,0.0,False,False
2026-06-06,12,6,Saturday,23,700,10007602,Jessica Simpson Multi-Color Heels 9,,Top,,1.0,17.99,1.66408,19.65408,17.99,0.0,False,False
2026-06-06,12,6,Saturday,23,699,10005991,Talbots Blue & White Embroidered Top / Size S,Talbots,Top,S,1.0,32.99,3.05158,36.04158,32.99,0.0,False,False
2026-06-06,12,6,Saturday,23,699,10006998,Pink Ruched Top / Size S,Unknown,Top,S,1.0,14.99,1.38658,16.37658,14.99,0.0,False,False
2026-06-06,12,6,Saturday,23,698,10008159,LRL Orange Colorful Skirt / Size M,Lauren Ralph Lauren,Skirt,M,1.0,39.99,3.69908,43.68908,39.99,0.0,False,False
2026-06-06,12,6,Saturday,23,697,10008839,Divided Blue/White Tank Top XS,,Top,,1.0,12.99,1.20158,14.19158,12.99,0.0,True,False
2026-06-06,12,6,Saturday,23,696,10008468,Altard State Pink Dress L,,Dress,,1.0,27.99,2.58908,30.57908,27.99,0.0,False,False
2026-06-06,12,6,Saturday,23,695,10008066,MushroomBrwnTankTop/SizeM,Unknown,Top,M,1.0,25.99,2.40408,28.39408,25.99,0.0,False,False
2026-06-06,12,6,Saturday,23,695,10004209,Richard Beige Knit Shortsleeve / Size S,Richard Kristall,Shorts,S,1.0,21.99,2.03408,24.02408,21.99,0.0,False,False
2026-06-06,11,6,Saturday,23,694,10002010,Street OneSkirt_Te / Brown X Beige / L / 11.1,Street One,Skirt,,1.0,25.99,2.40408,28.39408,25.99,0.0,False,False
2026-06-06,11,6,Saturday,23,693,10007719,Talbots Beige Silk SS Top / Size 6,Talbots,Top,6,1.0,22.99,2.12658,25.11658,22.99,0.0,False,False
2026-06-06,11,6,Saturday,23,693,10007361,Nine West Brown Strappy Heel / Size 7,Nine West,Shoes,7,1.0,22.99,2.12658,25.11658,22.99,0.0,False,False
2026-06-06,11,6,Saturday,23,692,10008979,Max Studios Black/White Top M,,Top,,1.0,17.99,1.66408,19.65408,17.99,0.0,False,False
2026-06-06,11,6,Saturday,23,691,10009019,Wild Fable Green/Purple Dress M,,Dress,,1.0,24.99,2.31158,27.30158,24.99,0.0,False,False
2026-06-06,11,6,Saturday,23,691,10003699,Blk&White Floral Top/Size L,Unknown,Top,L,1.0,25.99,2.40408,28.39408,25.99,0.0,False,False
2026-06-06,11,6,Saturday,23,690,10005480,goodclothes/swtr/pnk/L,Goodclothes,Sweater/Cardigan,L,1.0,25.99,2.40408,28.39408,25.99,0.0,False,False
2026-06-06,11,6,Saturday,23,690,10008978,NWT Jodifi Orange SS Sweater L,,Sweater/Cardigan,,1.0,31.99,2.95908,34.94908,31.99,0.0,False,False
2026-06-06,11,6,Saturday,23,690,10006941,Talbots/MulticolFloralBttnDwn/Size12,Talbots,Other,12,1.0,22.99,2.12658,25.11658,22.99,0.0,False,False
2026-06-06,11,6,Saturday,23,689,10008723,Beige Crochet Fringe Vest L,,Top,,1.0,29.99,2.77408,32.76408,29.99,0.0,True,False
2026-06-06,11,6,Saturday,23,688,10008607,Vintage70sSnakeChainBracelet,Unknown,Top,,1.0,25.99,2.40408,28.39408,25.99,0.0,True,False
2026-06-06,11,6,Saturday,23,687,10008263,Pink Lily Brown/White Sleeveless Top XXL,,Top,,1.0,21.99,2.03408,24.02408,21.99,0.0,False,False
2026-06-06,11,6,Saturday,23,687,10006781,NWT Anthropologie Reformation Top/Size L,Reformation,Top,L,1.0,75.99,7.02908,83.01908,75.99,0.0,False,False
2026-06-06,11,6,Saturday,23,686,10007655,Margon Italy Top Size L,,Top,L,1.0,69.99,6.47408,76.46408,69.99,0.0,False,False
2026-06-06,11,6,Saturday,23,685,10004499,P&S Blk Jean MidiSkirt/Size L,P&S,Skirt,L,1.0,39.99,3.69908,43.68908,39.99,0.0,False,False
2026-06-05,20,6,Friday,23,684,10004134,Taylor Blk Spotted BttnDwn/Size L,Taylor Investments,Other,L,1.0,30.99,2.86658,33.85658,30.99,0.0,True,False
2026-06-05,20,6,Friday,23,684,10003392,Emma James Tank Top Gold Size 14,Emma James,Top,14,1.0,21.99,2.03408,24.02408,21.99,0.0,True,False
2026-06-05,20,6,Friday,23,684,10008769,Aryeh Navy LS Top XL,,Top,,1.0,25.0,2.3125,27.3125,25.0,0.0,True,False
2026-06-05,20,6,Friday,23,684,10008817,CR Sportswear Acrylic Coat L,,Jacket/Coat,,1.0,32.99,3.05158,36.04158,32.99,0.0,True,False
2026-06-05,20,6,Friday,23,683,10008349,PinkLaceSlipDress,Unknown,Dress,,1.0,23.99,2.21908,26.20908,23.99,0.0,True,False
2026-06-05,20,6,Friday,23,682,10003306,Marques Almeda Black Top / Black / S / abc,Marques Almeda,Top,,1.0,75.99,7.02908,83.01908,75.99,0.0,True,False
2026-06-05,19,6,Friday,23,681,10005296,Sanctuary/MustardBlouse/SizeM,Sanctuary,Top,M,1.0,15.99,1.47908,17.46908,15.99,0.0,True,False
2026-06-05,19,6,Friday,23,680,10003666,maria jose navarro/blouse/blk/s,Maria Jose Navarro,Top,S,1.0,35.99,3.32908,39.31908,35.99,0.0,True,False
2026-06-05,19,6,Friday,23,680,10008286,JCrew White Long Skirt / Size S,J.Crew,Skirt,S,1.0,18.0,1.665,19.665,18.0,0.0,True,False
2026-06-05,19,6,Friday,23,679,10003907,CalvinKlein Jean Skirt/Size 6,Calvin Klein,Skirt,6,1.0,21.99,2.03408,24.02408,21.99,0.0,False,False
2026-06-05,19,6,Friday,23,678,10007702,EvanPicone/BlackDress/Size4,Evan-Picone,Dress,4,1.0,31.99,2.95908,34.94908,31.99,0.0,False,False
2026-06-05,18,6,Friday,23,677,10008579,ASISSuprDwn/SequinOneslDress/SizeS,SuperDown,Dress,S,1.0,22.99,2.12658,25.11658,22.99,0.0,False,False
2026-06-05,18,6,Friday,23,676,10007058,Nanette Lepore Suede Mules Pink/Size 9.5,Nanette Lepore,Other,9.5,1.0,14.99,1.38658,16.37658,14.99,0.0,False,False
2026-06-05,17,6,Friday,23,675,10008257,Michael Kors Brown Crossbody Purse,,Top,,1.0,64.99,6.01158,71.00158,64.99,0.0,False,False
2026-06-05,15,6,Friday,23,674,10006657,EartchBound bandana design tanktop/L,EarthBound,Top,L,1.0,18.99,1.75658,20.74658,18.99,0.0,False,False
2026-06-05,15,6,Friday,23,673,10008922,Love Blossom White Camisole M,,Top,,1.0,13.99,1.29408,15.28408,13.99,0.0,False,False
2026-06-05,15,6,Friday,23,673,10008902,Athleta Red Tankini Size M,,Top,M,1.0,18.99,1.75658,20.74658,18.99,0.0,False,False
2026-06-05,14,6,Friday,23,672,10007152,Yellow Chic Vintage T Shirt Size L,,Top,L,1.0,23.99,2.21908,26.20908,23.99,0.0,False,False
2026-06-05,14,6,Friday,23,671,10007156,Brown Chic Vintage T Shirt Size M,,Top,M,1.0,23.99,2.21908,26.20908,23.99,0.0,False,False
2026-06-05,13,6,Friday,23,670,10008467,H&M Green & White Top Size 8,,Top,8,1.0,24.99,2.31158,27.30158,24.99,0.0,False,False
2026-06-05,13,6,Friday,23,670,10006384,Brown Braided Belt,Unknown,Accessories,,1.0,8.99,0.83158,9.82158,8.99,0.0,False,False
2026-06-05,12,6,Friday,23,669,10002957,Banana Boat NWTDress_Ho / Beige / 4 / 15.84,Banana Boat,Dress,,1.0,35.99,3.32908,39.31908,35.99,0.0,False,False
2026-06-05,12,6,Friday,23,668,10007779,Sheer Dress/Blk&Pnk/Size XS,Zara,Dress,XS,1.0,18.99,1.75658,20.74658,18.99,0.0,False,False
2026-06-05,12,6,Friday,23,667,10008685,Studio 1 Faux Suede Jacket 8,,Jacket/Coat,,1.0,17.99,1.66408,19.65408,17.99,0.0,False,False
2026-06-04,19,6,Thursday,23,666,10004178,Kut NWT Tan Pants/Size 2,Kut,Jeans/Pants,2,1.0,35.99,3.32908,39.31908,35.99,0.0,False,False
2026-06-04,19,6,Thursday,23,665,10008959,CoachGoldWallet/Wristlet,Coach,Accessories,,1.0,25.99,2.40408,28.39408,25.99,0.0,False,False
2026-06-04,18,6,Thursday,23,664,10005069,FreePeople/ Shoulder Top/ Orng/ Size S,Free People,Top,S,1.0,24.99,2.31158,27.30158,24.99,0.0,False,False
2026-06-04,18,6,Thursday,23,663,10007264,NWOT Free People Dress Size M,,Dress,M,1.0,25.99,2.40408,28.39408,25.99,0.0,False,False
2026-06-04,14,6,Thursday,23,662,10006646,michael kors blue textured short dress size 6,Michael Kors,Dress,6,1.0,25.99,2.40408,28.39408,25.99,0.0,True,False
2026-06-04,14,6,Thursday,23,662,10006075,reiss/tank/pnk/m,Reiss,Top,M,1.0,24.99,2.31158,27.30158,24.99,0.0,True,False
2026-06-03,19,6,Wednesday,23,661,10005462,Sanctuary/BlkCirccutoutTop/SizeS,Sanctuary,Other,S,1.0,16.99,1.57158,18.56158,16.99,0.0,False,True
2026-06-03,19,6,Wednesday,23,661,10008869,Unknown Maroon Halter Top L,,Top,,1.0,7.495,0.69329,8.18829,14.99,7.495,False,True
2026-06-03,19,6,Wednesday,23,660,10007925,Madison & Berk Beige Velvet Crop Top / Size S,Madison & Berkeley,Top,S,1.0,24.99,2.31158,27.30158,24.99,0.0,False,True
2026-06-03,19,6,Wednesday,23,660,10009049,Senita Athletics Green Tank Top M,,Top,,1.0,9.495,0.87829,10.37329,18.99,9.495,False,True
2026-06-03,19,6,Wednesday,23,659,10006236,orange tennessee vols tshirt/medium,Russel,Top,,1.0,17.99,1.66408,19.65408,17.99,0.0,False,False
2026-06-03,19,6,Wednesday,23,658,10006714,Loft Red Patterned Skirt / Size XS,Loft,Skirt,XS,1.0,29.99,2.77408,32.76408,29.99,0.0,False,True
2026-06-03,19,6,Wednesday,23,658,10008177,Black Colorful Floral Underskirt / Size S,Unknown,Skirt,S,1.0,10.995,1.01704,12.01204,21.99,10.995,False,True
2026-06-03,19,6,Wednesday,23,657,10006034,JKLA/BrwnflorallayerTop/SizeM,JKLA California,Other,M,1.0,25.99,2.40408,28.39408,25.99,0.0,False,True
2026-06-03,19,6,Wednesday,23,657,10007716,Judith Hart Green SS Top / Size 8,Judith Hart,Top,8,1.0,11.495,1.06329,12.55829,22.99,11.495,False,True
2026-06-03,19,6,Wednesday,23,657,10008961,CoachWhiteStudBag,Coach,Accessories,,1.0,70.0,6.475,76.475,70.0,0.0,False,True
2026-06-03,19,6,Wednesday,23,656,10002861,VertigoSweater_Ur / Beige / M / 15.36,Vertigo,Sweater/Cardigan,,1.0,19.995,1.84954,21.84454,39.99,19.995,False,True
2026-06-03,19,6,Wednesday,23,656,10006173,cropped brown sweater/m,Persaman,Sweater/Cardigan,M,1.0,44.99,4.16158,49.15158,44.99,0.0,False,True
2026-06-03,18,6,Wednesday,23,655,10008773,Sleevey Wonders White Lace LS / Size S,Sleevey Wonders,Top,S,1.0,7.5,0.69375,8.19375,15.0,7.5,False,True
2026-06-03,18,6,Wednesday,23,655,10008646,Unknown White Top XS,,Top,,1.0,15.99,1.47908,17.46908,15.99,0.0,False,True
2026-06-03,15,6,Wednesday,23,654,10008996,Black Jewel Necklace Gold Detail,Unknown,Accessories,,1.0,21.99,2.03408,24.02408,21.99,0.0,False,False
2026-06-03,15,6,Wednesday,23,653,10000304,Mine Tank Top Yellow / yellow / S / 2.56,Mine,Top,,1.0,7.995,0.73954,8.73454,15.99,7.995,True,True
2026-06-03,15,6,Wednesday,23,653,10008110,vintage patchwork skirt/s-m,Unknown,Skirt,,1.0,33.99,3.14408,37.13408,33.99,0.0,True,True
2026-06-03,15,6,Wednesday,23,653,10004801,Hot Tees SL Pink Graphic / Size L,Hot Tees,Top,L,1.0,7.995,0.73954,8.73454,15.99,7.995,True,True
2026-06-03,15,6,Wednesday,23,653,10008210,Black Mesh Top Size M,,Top,M,1.0,13.99,1.29408,15.28408,13.99,0.0,True,True
2026-06-03,15,6,Wednesday,23,653,10002008,DieselSkirt_un / Beige Multi-Color / L / 11.09,Diesel,Skirt,,1.0,15.995,1.47954,17.47454,31.99,15.995,True,True
2026-06-03,15,6,Wednesday,23,653,10005307,Eyeshadow Gray Tank / Size L,Eyeshadow,Top,L,1.0,12.99,1.20158,14.19158,12.99,0.0,True,True
2026-06-03,15,6,Wednesday,23,652,10005233,City Triangles Blue Dress/Size L,City Triangles,Dress,L,1.0,32.99,3.05158,36.04158,32.99,0.0,False,True
2026-06-03,15,6,Wednesday,23,652,10007697,CalvinK/PinkJacket/SizeS,Calvin Klein Jeans,Jacket/Coat,S,1.0,14.995,1.38704,16.38204,29.99,14.995,False,True
2026-06-03,15,6,Wednesday,23,651,10008672,Bob Mackie Lavender SS Blouse L,,Top,,1.0,6.495,0.60079,7.09579,12.99,6.495,False,True
2026-06-03,15,6,Wednesday,23,651,10008636,Bluebird Sleeveless Top Grey S,,Top,,1.0,17.99,1.66408,19.65408,17.99,0.0,False,True
2026-06-03,14,6,Wednesday,23,650,10004529,Coach Dark Tan Leather Purse Duo Pocket,Coach,Accessories,,1.0,275.0,25.4375,300.4375,425.0,150.0,True,True
2026-06-03,14,6,Wednesday,23,649,10006424,strapless floral guess dress/ 6,Guess,Dress,6,1.0,25.99,2.40408,28.39408,25.99,0.0,False,True
2026-06-03,14,6,Wednesday,23,649,10008151,elevenses grey knit skirt/S,Elevenses,Skirt,S,1.0,0.0,0.0,0.0,32.99,32.99,False,True
2026-06-03,14,6,Wednesday,23,649,10004470,Brwn&BlueDress/SizeS,Unknown,Dress,S,1.0,11.495,1.06329,12.55829,22.99,11.495,False,True
2026-06-03,13,6,Wednesday,23,648,10008740,Missoni Brown Dress Size M,,Dress,M,1.0,40.0,3.7,43.7,40.0,0.0,False,False
2026-06-03,13,6,Wednesday,23,647,10008525,Banana Republic Orange Tank XS,,Top,,1.0,11.995,1.10954,13.10454,23.99,11.995,False,True
2026-06-03,13,6,Wednesday,23,647,10008596,VINTAGEShortSetCrmGrnPink/SizeXS,Unknown,Shorts,XS,1.0,74.99,6.93658,81.92658,74.99,0.0,False,True
2026-05-31,16,5,Sunday,22,646,10007048,L'Artiste Black Sandals/ Size 6.5,L'Artiste,Top,6.5,1.0,29.99,2.77408,32.76408,29.99,0.0,True,False
2026-05-31,16,5,Sunday,22,646,10005672,Nicole Miller Colorful Silk Tank / Size S,Nicole Miller,Top,S,1.0,14.99,1.38658,16.37658,14.99,0.0,True,False
2026-05-31,16,5,Sunday,22,646,10008329,Bernardo/Blk&WhiSkirt/Size10,Bernardo,Skirt,10,1.0,24.99,2.31158,27.30158,24.99,0.0,True,False
2026-05-31,16,5,Sunday,22,646,10008641,Loft Sleeveless Top Size S,,Top,S,1.0,15.99,1.47908,17.46908,15.99,0.0,True,False
2026-05-31,16,5,Sunday,22,646,10007078,Montego Bay Club Sandals/Size 7,,Top,7,1.0,22.99,2.12658,25.11658,22.99,0.0,True,False
2026-05-31,16,5,Sunday,22,646,10007409,Vintage Red Flower Ring,Unknown,Accessories,,1.0,10.99,1.01658,12.00658,10.99,0.0,True,False
2026-05-31,15,5,Sunday,22,645,vend-internal-gift-card,Gift Card,,,,1.0,25.0,0.0,25.0,,0.0,False,False
2026-05-31,15,5,Sunday,22,644,10008684,FC Jeanswear Denim Jacket M,,Jeans/Pants,,1.0,24.99,2.31158,27.30158,24.99,0.0,False,False
2026-05-31,15,5,Sunday,22,643,10005015,Banana R Black Seethrough LS / Size M,Banana Republic,Top,M,1.0,34.99,3.23658,38.22658,34.99,0.0,False,False
2026-05-31,15,5,Sunday,22,643,10006849,Anne Klein white dress shirt/L,Anne Klein,Dress,L,1.0,18.99,1.75658,20.74658,18.99,0.0,False,False
2026-05-31,14,5,Sunday,22,642,10007194,H&M Dress Black Size 8,,Dress,8,1.0,24.99,2.31158,27.30158,24.99,0.0,False,False
2026-05-31,14,5,Sunday,22,641,10008010,NikiBiki Black Bodycon Dress 2 / One Size,NikiBiki,Dress,,1.0,18.99,1.75658,20.74658,18.99,0.0,False,False
2026-05-31,13,5,Sunday,22,640,10005195,A Byer Pink Floral Ruffle SL Top / Size S,A. Byer,Top,S,1.0,18.99,1.75658,20.74658,18.99,0.0,False,False
2026-05-31,12,5,Sunday,22,639,10008689,Unknown Faux Suede Vest XXL,,Top,,1.0,19.99,1.84908,21.83908,19.99,0.0,False,False
2026-05-31,12,5,Sunday,22,638,10008148,maeve black lace skirt/2,Maeve,Skirt,2,1.0,33.99,3.14408,37.13408,33.99,0.0,False,False
2026-05-31,12,5,Sunday,22,637,10007705,Express/MulticolStripeJumpsuit/SizeXS,Express,Romper/Jumpsuit,XS,1.0,22.99,2.12658,25.11658,22.99,0.0,False,False
2026-05-31,12,5,Sunday,22,637,10008581,CharR/MaroonLaceBdySuit/SizeS,Charlotte Russe,Other,S,1.0,18.99,1.75658,20.74658,18.99,0.0,False,False
2026-05-31,12,5,Sunday,22,637,10008747,NWT Spy Zone Ex Red Floral S,,Other,,1.0,19.0,1.7575,20.7575,19.0,0.0,False,False
2026-05-31,11,5,Sunday,22,636,10004218,Peacock Pendant,Unknown,Other,,1.0,10.99,1.01658,12.00658,10.99,0.0,False,False
2026-05-31,11,5,Sunday,22,636,10007942,Green Yellow Orange Necklace,Unknown,Accessories,,1.0,19.99,1.84908,21.83908,19.99,0.0,False,False
2026-05-31,11,5,Sunday,22,636,10007837,Decorative Necklace,,Accessories,,1.0,9.99,0.92408,10.91408,9.99,0.0,False,False
2026-05-31,11,5,Sunday,22,635,10007239,Suewong Mulit-Color Dress Size 8,,Dress,8,1.0,65.99,6.10408,72.09408,65.99,0.0,True,False
2026-05-30,19,5,Saturday,22,634,10005952,Altar'd State Red LS / Size XS,Altar'd State,Top,XS,1.0,23.99,2.21908,26.20908,23.99,0.0,False,False
2026-05-30,19,5,Saturday,22,633,10008315,LizClaiborne/FlowerScarf,Liz Claiborne,Accessories,,1.0,14.99,1.38658,16.37658,14.99,0.0,False,False
2026-05-30,18,5,Saturday,22,632,10005185,VINTAGE JaneAshley/ BttnDwn/ Pnk/ Size L,Jane Ashley,Other,L,1.0,22.99,2.12658,25.11658,22.99,0.0,False,False
2026-05-30,18,5,Saturday,22,632,10005696,VINTAGE Reversible Black Blue Top / Size M,Unknown,Top,M,1.0,24.99,2.31158,27.30158,24.99,0.0,False,False
2026-05-30,17,5,Saturday,22,631,10006736,Brown Leather Bedazzled Belt,Unknown,Accessories,,1.0,45.99,4.25408,50.24408,45.99,0.0,False,False
2026-05-30,17,5,Saturday,22,631,10006989,Bershka Cream Jacket / Size XS,Bershka,Jacket/Coat,XS,1.0,28.99,2.68158,31.67158,28.99,0.0,False,False
2026-05-30,17,5,Saturday,22,631,10004812,Cocomo Teal Brown SL Shirt / Size M,Cocomo,Top,M,1.0,15.99,1.47908,17.46908,15.99,0.0,False,False
2026-05-30,17,5,Saturday,22,631,10006079,lillypulitzer/bls/pnk/xl,Lilly Pulitzer,Top,XL,1.0,24.99,2.31158,27.30158,24.99,0.0,False,False
2026-05-30,17,5,Saturday,22,631,10007911,Zara Pink & White SL Dress / Size S,Zara,Dress,S,1.0,29.99,2.77408,32.76408,29.99,0.0,False,False
2026-05-30,17,5,Saturday,22,631,10007801,beige layered skirt/L,Judith March,Skirt,L,1.0,29.99,2.77408,32.76408,29.99,0.0,False,False
2026-05-30,17,5,Saturday,22,631,10008344,CopperLey/WhiteDress/SizeS,Copper Key,Dress,S,1.0,17.99,1.66408,19.65408,17.99,0.0,False,False
2026-05-30,17,5,Saturday,22,630,10008651,American Eagle White Tank Top XS,,Top,,1.0,13.99,1.29408,15.28408,13.99,0.0,False,False
2026-05-30,17,5,Saturday,22,629,10008183,Universal T Orange Pink Halter Top / Size M,Universal Thread,Top,M,1.0,13.99,1.29408,15.28408,13.99,0.0,False,False
2026-05-30,17,5,Saturday,22,628,10003493,NWT Zara Pants Grey Size L,Zara,Jeans/Pants,L,1.0,36.99,3.42158,40.41158,36.99,0.0,False,False
2026-05-30,17,5,Saturday,22,627,10008830,Express Black Lace Fringe Card. OSFA,,Top,,1.0,19.99,1.84908,21.83908,19.99,0.0,False,False
2026-05-30,16,5,Saturday,22,626,10008247,Jenny Jen Blue Lace Camisole S,,Top,,1.0,18.99,1.75658,20.74658,18.99,0.0,False,False
2026-05-30,16,5,Saturday,22,625,10008970,Annex/GreenAniPrintPurse,Annex,Accessories,,1.0,25.0,2.3125,27.3125,25.0,0.0,False,False
2026-05-30,15,5,Saturday,22,624,10007274,Love Tree Black Top Size M,,Top,M,1.0,16.99,1.57158,18.56158,16.99,0.0,False,False
2026-05-30,15,5,Saturday,22,624,10007276,NWT Maje Black Top Size S,,Top,S,1.0,22.99,2.12658,25.11658,22.99,0.0,False,False
2026-05-30,15,5,Saturday,22,624,10008834,Sim & Sam Black Dress Size M,,Dress,M,1.0,21.99,2.03408,24.02408,21.99,0.0,False,False
2026-05-30,15,5,Saturday,22,624,10004421,CorsetDress/Blk/Size S,Urban Outfitters,Dress,S,1.0,32.99,3.05158,36.04158,32.99,0.0,False,False
2026-05-30,15,5,Saturday,22,624,10007465,Zara NWT Black SL Dress / Size M,Zara,Dress,M,1.0,22.99,2.12658,25.11658,22.99,0.0,False,False
2026-05-30,15,5,Saturday,22,623,10008963,CoachBluePurse,Coach,Accessories,,1.0,130.0,12.025,142.025,130.0,0.0,False,False
2026-05-30,15,5,Saturday,22,623,10007354,Forever21 shear longsleeve blouse/xs,Forever 21,Top,XS,1.0,15.99,1.47908,17.46908,15.99,0.0,False,False
2026-05-30,15,5,Saturday,22,623,10006701,SO Brown Corduroy Blazer / Size M,So,Jacket/Coat,M,1.0,19.99,1.84908,21.83908,19.99,0.0,False,False
2026-05-30,15,5,Saturday,22,623,10005615,Ameri Leather Brown Bag,Ameri Leather,Accessories,,1.0,55.0,5.0875,60.0875,55.0,0.0,False,False
2026-05-30,13,5,Saturday,22,622,10008542,Markay/PinkBag,Markay,Accessories,,1.0,45.99,4.25408,50.24408,45.99,0.0,True,False
2026-05-30,13,5,Saturday,22,621,10008312,Mac & Jac Green Blazer / Size XL,Mac & Jac,Jacket/Coat,XL,1.0,45.0,4.1625,49.1625,45.0,0.0,True,False
2026-05-30,12,5,Saturday,22,620,10008259,Blueh Ciel Pink/Beige Top L,,Top,,1.0,21.99,2.03408,24.02408,21.99,0.0,True,False
2026-05-30,12,5,Saturday,22,620,10006904,BlackRuffleSkort/SizeXL,Unknown,Other,XL,1.0,19.99,1.84908,21.83908,19.99,0.0,True,False
2026-05-30,12,5,Saturday,22,620,10007975,Andres White Dress L,,Dress,,1.0,15.0,1.3875,16.3875,15.0,0.0,True,False
2026-05-29,19,5,Friday,22,619,10006255,VINTAGE Betsey Johnson Purse Floral,Betsey Johnson,Accessories,,1.0,38.99,3.60658,42.59658,38.99,0.0,True,False
2026-05-29,18,5,Friday,22,618,10008727,Green Envelope LA Blue Top L,,Top,,1.0,24.99,2.31158,27.30158,24.99,0.0,False,False
2026-05-29,17,5,Friday,22,617,10008729,Calvin Klein Denim Romper 8,,Jeans/Pants,,1.0,39.99,3.69908,43.68908,39.99,0.0,True,False
2026-05-29,17,5,Friday,22,617,10007808,tan knit tanktop/s,Bodin Kits,Sweater/Cardigan,S,1.0,25.99,2.40408,28.39408,25.99,0.0,True,False
2026-05-29,17,5,Friday,22,617,10008071,Blue&YellowSweatrTank/SizeM,Unknown,Top,M,1.0,25.99,2.40408,28.39408,25.99,0.0,True,False
2026-05-29,17,5,Friday,22,617,10008952,Coke T-shirt,,Top,,1.0,21.99,2.03408,24.02408,21.99,0.0,True,False
2026-05-29,17,5,Friday,22,617,10008598,VintageImpressions/TaupeBlkBlouse/Size8,Impressions,Top,8,1.0,18.99,1.75658,20.74658,18.99,0.0,True,False
2026-05-29,17,5,Friday,22,617,10008720,J Crew Blue Dress Size 4,,Dress,4,1.0,25.99,2.40408,28.39408,25.99,0.0,True,False
2026-05-29,17,5,Friday,22,616,10005972,Shyanne Brown Cowgirl Boots / Size 7.5,Shyanne,Shoes,7.5,1.0,145.99,13.50408,159.49408,145.99,0.0,False,False
2026-05-29,17,5,Friday,22,616,10008832,Reversable Pink Floral Tube Top,,Top,,1.0,21.99,2.03408,24.02408,21.99,0.0,False,False
2026-05-29,17,5,Friday,22,616,10008562,Francescas/PinkSweater/SizeS,Francesca's,Sweater/Cardigan,S,1.0,24.99,2.31158,27.30158,24.99,0.0,False,False
2026-05-29,17,5,Friday,22,616,10005998,BaileyBlue/BlueBlouse/SizeM,Bailey Blue,Top,M,1.0,24.99,2.31158,27.30158,24.99,0.0,False,False
2026-05-29,17,5,Friday,22,616,10005518,Truth Multicolor Dress w Fun Sleeves / Size XL,Truth,Dress,XL,1.0,25.99,2.40408,28.39408,25.99,0.0,False,False
2026-05-29,16,5,Friday,22,615,10008761,Entro Beige Dress Size M,,Dress,M,1.0,25.0,2.3125,27.3125,25.0,0.0,True,False
2026-05-29,16,5,Friday,22,615,10008220,Unknown Yellow Boho Dress L,,Dress,,1.0,25.99,2.40408,28.39408,25.99,0.0,True,False
2026-05-29,15,5,Friday,22,614,10007776,coco & jaimeson Orange Dress / Size S,Coco & Jaimeson,Dress,S,1.0,21.99,2.03408,24.02408,21.99,0.0,True,False
2026-05-29,14,5,Friday,22,613,10007309,As-is Vintage Sailor Top/ Size S,Unknown,Top,S,1.0,23.99,2.21908,26.20908,23.99,0.0,False,False
2026-05-29,14,5,Friday,22,612,10008300,HOLDINGITEM,Unknown,Other,,1.0,5.0,0.4625,5.4625,5.0,0.0,False,False
2026-05-29,14,5,Friday,22,611,10004701,NWT coach/ 1964 suede fringe/ tan,Coach,Accessories,,1.0,325.0,30.0625,355.0625,325.0,0.0,False,False
2026-05-29,13,5,Friday,22,610,10005057,LuckyBrand/ FluerDeLis Shirt/ Blk&Wht/ Size S,Lucky Brand,Top,S,1.0,16.99,1.57158,18.56158,16.99,0.0,False,False
2026-05-29,13,5,Friday,22,609,10006407,Limited/BlkSheerBttnDwn/SizeM,The Limited,Other,M,1.0,21.99,2.03408,24.02408,21.99,0.0,False,False
2026-05-29,13,5,Friday,22,609,10007561,Roxy Green Top Size L,,Top,L,1.0,11.0,1.0175,12.0175,11.0,0.0,False,False
2026-05-28,20,5,Thursday,22,608,10008697,Athleta Savannah Black Dress L,,Dress,,1.0,38.99,3.60658,42.59658,38.99,0.0,False,False
2026-05-28,20,5,Thursday,22,608,10006846,Zesica NWT white dress/L,Zesica,Dress,L,1.0,33.99,3.14408,37.13408,33.99,0.0,False,False
2026-05-28,20,5,Thursday,22,607,10007633,NWT Nanette Lepore Black Dress 0,,Dress,,1.0,44.99,4.16158,49.15158,44.99,0.0,False,False
2026-05-28,19,5,Thursday,22,606,10008258,Love on a hanger Embroidered Cami L,,Top,,1.0,22.99,2.12658,25.11658,22.99,0.0,False,False
2026-05-28,18,5,Thursday,22,605,10003794,7 FAMK Skinny Jeans / Size 27,7 For All Mankind,Jeans/Pants,27,1.0,36.99,3.42158,40.41158,36.99,0.0,False,False
2026-05-28,18,5,Thursday,22,605,10003623,alpine/pant/prp/m,Alpine,Jeans/Pants,M,1.0,34.99,3.23658,38.22658,34.99,0.0,False,False
2026-05-28,18,5,Thursday,22,605,10008191,Lyn Burcher Clay Orange Top / Size L,Lyn Burcher,Top,L,1.0,27.99,2.58908,30.57908,27.99,0.0,False,False
2026-05-28,18,5,Thursday,22,605,10008873,H&M White Cross Top Size M,,Top,M,1.0,22.99,2.12658,25.11658,22.99,0.0,False,False
2026-05-28,18,5,Thursday,22,604,10007499,Coach Pink Leather Shoulder Purse,,Accessories,,1.0,215.0,19.8875,234.8875,215.0,0.0,False,False
2026-05-28,18,5,Thursday,22,604,10007095,Coach Legacy Bag Tan,Coach,Accessories,,1.0,450.0,41.625,491.625,450.0,0.0,False,False
2026-05-28,17,5,Thursday,22,603,10008432,Unknown Black Butterfly Sheer Top XXL,,Top,,1.0,18.99,1.75658,20.74658,18.99,0.0,True,False
2026-05-28,15,5,Thursday,22,602,vend-internal-gift-card,Gift Card,,,,1.0,25.0,0.0,25.0,,0.0,False,False
2026-05-28,15,5,Thursday,22,601,10004520,Coach Leatherware Bag,Coach,Accessories,,1.0,275.0,25.4375,300.4375,275.0,0.0,False,False
2026-05-28,15,5,Thursday,22,601,10005241,Bebe Black Top/Size S,Bebe,Top,S,1.0,22.99,2.12658,25.11658,22.99,0.0,False,False
2026-05-28,15,5,Thursday,22,601,10002618,ExpressJacket / Black / 0 / 14.14,Express,Jacket/Coat,,1.0,19.99,1.84908,21.83908,19.99,0.0,False,False
2026-05-28,14,5,Thursday,22,600,10008928,INC black tank brown Size M,,Top,M,1.0,18.99,1.75658,20.74658,18.99,0.0,False,False
2026-05-28,12,5,Thursday,22,599,10002885,Courtenay VintageJacket / Maroon / 10 / 15.48,Courtenay Vintage,Jacket/Coat,,1.0,35.99,3.32908,39.31908,35.99,0.0,False,False
2026-05-27,17,5,Wednesday,22,598,10008762,Free People White LS Top M,,Top,,1.0,25.0,2.3125,27.3125,25.0,0.0,False,False
2026-05-27,17,5,Wednesday,22,597,10003555,Rock & Republic Bluejeans Size S,Rock & Republic,Jeans/Pants,S,1.0,39.99,3.69908,43.68908,39.99,0.0,False,False
2026-05-27,17,5,Wednesday,22,597,10005432,Floral Midi Skirt/ Brwn&Pnk/ Size L,Unknown,Skirt,L,1.0,25.99,2.40408,28.39408,25.99,0.0,False,False
2026-05-27,17,5,Wednesday,22,596,10005986,Jun & Ivy Blue & White Crop Top / Size XS,Jun & Ivy,Top,XS,1.0,22.99,2.12658,25.11658,22.99,0.0,False,False
2026-05-27,15,5,Wednesday,22,595,10008369,NWT Undiz crochet croptop/s,Undiz,Top,S,1.0,15.99,1.47908,17.46908,15.99,0.0,False,False
2026-05-27,15,5,Wednesday,22,595,10007136,Harley Davidson Tank Top/Size L,Harley Davidson,Top,L,1.0,25.99,2.40408,28.39408,25.99,0.0,False,False
2026-05-27,15,5,Wednesday,22,595,10005337,PoloRL/PinkzipupJacket/SizeXL,Polo Ralph Lauren,Jacket/Coat,XL,1.0,150.0,13.875,163.875,150.0,0.0,False,False
2026-05-27,15,5,Wednesday,22,594,10006503,Wire Metal Purse,Unknown,Accessories,,1.0,79.99,7.39908,87.38908,79.99,0.0,False,False
2026-05-27,15,5,Wednesday,22,594,10008570,Express/WhiteDress/SizeXS,Express,Dress,XS,1.0,22.99,2.12658,25.11658,22.99,0.0,False,False
2026-05-27,14,5,Wednesday,22,593,vend-internal-gift-card,Gift Card,,,,1.0,25.0,0.0,25.0,,0.0,False,False
2026-05-27,13,5,Wednesday,22,592,10008342,Rhythm/WhiBlueFloralTop/SizeXS,Rhythm,Other,XS,1.0,17.99,1.66408,19.65408,17.99,0.0,False,False
2026-05-27,13,5,Wednesday,22,592,10008539,Circle G Beige Emb Cowgirl Boots / Size 8,Circle G,Shoes,8,1.0,89.99,8.32408,98.31408,89.99,0.0,False,False
2026-05-25,16,5,Monday,22,591,10005217,Storia Burnt Orange Stripe Wrap Dress/Size XL,Storia,Dress,XL,1.0,25.99,2.40408,28.39408,25.99,0.0,False,False
2026-05-25,14,5,Monday,22,590,10005434,Floral Shawl/ Blk&Wht/ Size XL,Unknown,Other,XL,1.0,28.99,2.68158,31.67158,28.99,0.0,False,False
2026-05-25,14,5,Monday,22,589,10008656,Honey Peach Green Sleeveless Dress S,,Dress,,1.0,27.99,2.58908,30.57908,27.99,0.0,False,False
2026-05-25,13,5,Monday,22,588,10006635,BKE Belt / Size S,Bke,Accessories,S,1.0,42.99,3.97658,46.96658,42.99,0.0,False,False
2026-05-25,13,5,Monday,22,588,10008091,vintage catalina sportswear tanktop/M,Catalina,Top,M,1.0,10.99,1.01658,12.00658,10.99,0.0,False,False
2026-05-25,13,5,Monday,22,587,10008808,Vintage Black Bolero Lace Shrug M,,Other,,1.0,27.99,2.58908,30.57908,27.99,0.0,False,False
2026-05-25,12,5,Monday,22,586,10007077,Sam Edelman Laurs Lug Loafer/Size 8.5,Sam Edelman,Shoes,8.5,1.0,45.99,4.25408,50.24408,45.99,0.0,False,False
2026-05-25,11,5,Monday,22,585,10005735,Lili Sidonio Pink Floral Skirt / Size XS,Lili Sidonio,Skirt,XS,1.0,24.99,2.31158,27.30158,24.99,0.0,False,False
2026-05-25,11,5,Monday,22,585,10006816,Blue Blush Red Dress/Size M,Blue Blush,Dress,M,1.0,18.99,1.75658,20.74658,18.99,0.0,False,False
2026-05-25,11,5,Monday,22,585,10007198,J. Jill  Black Floral Dress Size S,,Dress,S,1.0,26.99,2.49658,29.48658,26.99,0.0,False,False
2026-05-24,18,5,Sunday,21,584,10008670,Y2K Red Mesh Lace Babydoll Top L,,Top,,1.0,27.99,2.58908,30.57908,27.99,0.0,False,False
2026-05-24,16,5,Sunday,21,583,10007923,Sienna Sky White SL Blouse w Flowers / Size M,Sienna Sky,Top,M,1.0,17.99,1.66408,19.65408,17.99,0.0,False,False
2026-05-24,16,5,Sunday,21,583,10007866,J Crew Pink Satin Skirt / Size 6,J.Crew,Skirt,6,1.0,24.99,2.31158,27.30158,24.99,0.0,False,False
2026-05-24,16,5,Sunday,21,582,10007146,Pink Chic Vintage T Shirt Size M,,Top,M,1.0,23.99,2.21908,26.20908,23.99,0.0,False,False
2026-05-24,16,5,Sunday,21,582,10006774,Laxman Collection Rainbow Hoodie/ Size M,Laxman Collection,Other,M,1.0,32.99,3.05158,36.04158,32.99,0.0,False,False
2026-05-24,15,5,Sunday,21,581,10005120,Altar'd State Blue Floral Romper / Size M,Altar'd State,Romper/Jumpsuit,M,1.0,18.99,1.75658,20.74658,18.99,0.0,False,False
2026-05-24,15,5,Sunday,21,580,10007479,Mod Ref White Jacket Size L,,Jacket/Coat,L,1.0,46.99,4.34658,51.33658,46.99,0.0,False,False
2026-05-24,13,5,Sunday,21,579,10007076,Urban Outfitters Tan Sandals/Size 10,Urban Outfitters,Top,10,1.0,18.99,1.75658,20.74658,18.99,0.0,False,False
2026-05-24,13,5,Sunday,21,578,10007163,Cynthia Steffe Skirt Red Size 2,,Skirt,2,1.0,24.99,2.31158,27.30158,24.99,0.0,False,False
2026-05-24,13,5,Sunday,21,577,10007992,Red Seethrough SL Poncho / Size M,Unknown,Other,M,1.0,22.99,2.12658,25.11658,22.99,0.0,False,False
2026-05-24,13,5,Sunday,21,577,10005727,New In Pink Skirt / Size S,New In,Skirt,S,1.0,21.99,2.03408,24.02408,21.99,0.0,False,False
2026-05-24,12,5,Sunday,21,576,10007429,Signals Multi-Color Pants Size XL,,Jeans/Pants,XL,1.0,12.99,1.20158,14.19158,12.99,0.0,False,False
2026-05-24,11,5,Sunday,21,575,10008164,Red Halter Bra / Size S,Unknown,Top,S,1.0,13.99,1.29408,15.28408,13.99,0.0,False,False
2026-05-24,11,5,Sunday,21,575,10008546,VintagePamelaF/RedStitchSkirt/Size6,Pamela Ferrari,Skirt,6,1.0,75.99,7.02908,83.01908,75.99,0.0,False,False
2026-05-24,11,5,Sunday,21,574,10004532,Maurizio Floral Long Clutch,Maurizio Taiuti,Accessories,,1.0,22.99,2.12658,25.11658,22.99,0.0,False,False
2026-05-24,11,5,Sunday,21,574,10004121,Grey Kiss Tee/Size S,Recycled Karma,Top,S,1.0,25.99,2.40408,28.39408,25.99,0.0,False,False
2026-05-23,19,5,Saturday,21,573,10003375,Unknown White Camisole Size M,Unknown,Top,M,1.0,14.99,1.38658,16.37658,14.99,0.0,False,False
2026-05-23,19,5,Saturday,21,572,10008666,Black lace coverall  OSFM,,Other,,1.0,12.99,1.20158,14.19158,12.99,0.0,False,False
2026-05-23,16,5,Saturday,21,571,10008605,SilverGoldBracelet,Unknown,Accessories,,1.0,10.99,1.01658,12.00658,10.99,0.0,True,False
2026-05-23,16,5,Saturday,21,571,10008292,HelloFranki/Blue&WhiTop/SizeL,Hello Franki,Other,L,1.0,14.99,1.38658,16.37658,14.99,0.0,True,False
2026-05-23,16,5,Saturday,21,571,10008316,JacquelineF/BrownCrossBag,Jacqueline Ferrar,Top,,1.0,7.99,0.73908,8.72908,7.99,0.0,True,False
2026-05-23,16,5,Saturday,21,571,10008337,Abercrombie/GryTanHalterTop/SizeM,Abercrombie & Fitch,Top,M,1.0,14.99,1.38658,16.37658,14.99,0.0,True,False
2026-05-23,16,5,Saturday,21,570,10007934,Sonoma RWB Woven Purse,Sonoma,Accessories,,1.0,18.99,1.75658,20.74658,18.99,0.0,True,False
2026-05-23,16,5,Saturday,21,569,10007928,Ande Black Purse Gold Hardware,Ande,Accessories,,1.0,12.99,1.20158,14.19158,12.99,0.0,False,False
2026-05-23,15,5,Saturday,21,568,10006011,Mystree/BrwnStripeSweater/SizeS,Mystree,Sweater/Cardigan,S,1.0,55.99,5.17908,61.16908,55.99,0.0,False,False
2026-05-23,15,5,Saturday,21,567,10008470,Ann Taylor Yellow/White Top S,,Top,,1.0,24.99,2.31158,27.30158,24.99,0.0,False,False
2026-05-23,15,5,Saturday,21,567,10008140,eyeshadow creme lace vest/s,Eyeshadow,Top,S,1.0,18.99,1.75658,20.74658,18.99,0.0,False,False
2026-05-23,15,5,Saturday,21,567,10005828,EM Mustard Yellow Top/Size S,Em,Top,S,1.0,24.99,2.31158,27.30158,24.99,0.0,False,False
2026-05-23,15,5,Saturday,21,567,10008433,Multicolor Bead Earrings,,Accessories,,1.0,19.99,1.84908,21.83908,19.99,0.0,False,False
2026-05-23,14,5,Saturday,21,566,10007718,R & K Yellow Pant Top Set / Size 10,R & K,Jeans/Pants,10,1.0,32.99,3.05158,36.04158,32.99,0.0,False,False
2026-05-23,12,5,Saturday,21,565,10007285,FP One Cami Dress Size XS,,Dress,XS,1.0,21.99,2.03408,24.02408,21.99,0.0,False,False
2026-05-23,12,5,Saturday,21,564,10008566,MulicolStripSweater/SizeM,Unknown,Sweater/Cardigan,M,1.0,24.99,2.31158,27.30158,24.99,0.0,False,False
2026-05-23,12,5,Saturday,21,563,10003735,cpck&cash/rvs bmb jkt/blk/m,Cupcakes&Cashews,Jacket/Coat,M,1.0,29.99,2.77408,32.76408,29.99,0.0,False,False
2026-05-23,12,5,Saturday,21,562,10007595,Desigual/RedPatternJacket/Size40/US6,Desigual,Jacket/Coat,40,1.0,200.0,18.5,218.5,200.0,0.0,False,False
2026-05-22,19,5,Friday,21,560,10008548,AsosDesign/PnkOrFloralSkirt/Size2,Asos Design,Skirt,2,1.0,28.99,2.68158,31.67158,28.99,0.0,False,False
2026-05-22,19,5,Friday,21,560,10008172,Reformed B & W Floral Skirt / Size 6,Reformed,Skirt,6,1.0,19.99,1.84908,21.83908,19.99,0.0,False,False
2026-05-22,19,5,Friday,21,560,10007751,Fossil/PinkDotDress/SizeXS,Fossil,Dress,XS,1.0,28.99,2.68158,31.67158,28.99,0.0,False,False
2026-05-22,19,5,Friday,21,561,10002392,Paul McCartneyTee Shirt_SO / White / L / 13.01,Paul McCartney,Top,,1.0,29.99,2.77408,32.76408,29.99,0.0,False,False
2026-05-22,19,5,Friday,21,561,10008328,BrooksBros/StripeCollarDress/SizeL,Brooks Brothers,Dress,L,1.0,29.99,2.77408,32.76408,29.99,0.0,False,False
2026-05-22,19,5,Friday,21,559,10007468,London Times Blue White SL Dress / Size 8,London Times,Dress,8,1.0,29.99,2.77408,32.76408,29.99,0.0,True,False
2026-05-22,19,5,Friday,21,558,10007143,WHBM White Dress/Size 6,White House Black Market,Dress,6,1.0,18.99,1.75658,20.74658,18.99,0.0,False,False
2026-05-22,19,5,Friday,21,558,10005597,Altar'd State Lace SL Blouse / Size M,Altar'd State,Top,M,1.0,19.99,1.84908,21.83908,19.99,0.0,False,False
2026-05-22,19,5,Friday,21,557,10003408,L.S. Dunes Tee Shirt Beige Size S,L.S. Dunes,Top,S,1.0,26.99,2.49658,29.48658,26.99,0.0,False,False
2026-05-22,19,5,Friday,21,557,10007180,J. Crew Top Beige Size M,,Top,M,1.0,23.99,2.21908,26.20908,23.99,0.0,False,False
2026-05-22,19,5,Friday,21,557,10005340,Tryst/Blk&BlueTankTop/SizeS,Tryst,Top,S,1.0,14.99,1.38658,16.37658,14.99,0.0,False,False
2026-05-22,19,5,Friday,21,557,10008188,WHBM Burgundy Design SL Top / Size S,White House Black Market,Top,S,1.0,22.99,2.12658,25.11658,22.99,0.0,False,False
2026-05-22,19,5,Friday,21,557,10005584,The Limited Off White Tank Blouse/Size XL,The Limited,Top,XL,1.0,18.0,1.665,19.665,18.0,0.0,False,False
2026-05-22,19,5,Friday,21,557,10008343,GradeXG/WhiBlouse/SizeM,Grade & Gather,Top,M,1.0,21.99,2.03408,24.02408,21.99,0.0,False,False
2026-05-22,19,5,Friday,21,557,10008461,Loft Black/White Top M,,Top,,1.0,16.99,1.57158,18.56158,16.99,0.0,False,False
2026-05-22,17,5,Friday,21,556,10004791,Green Leather Belt,Unknown,Accessories,,1.0,15.99,1.47908,17.46908,15.99,0.0,False,False
2026-05-22,17,5,Friday,21,555,10007957,Unknown Lt Grey LS Top M,,Top,,1.0,13.0,1.2025,14.2025,13.0,0.0,False,False
2026-05-22,16,5,Friday,21,554,10006880,BlackPantwBows/SizeS,Unknown,Jeans/Pants,S,1.0,29.99,2.77408,32.76408,29.99,0.0,False,False
2026-05-22,16,5,Friday,21,554,10007974,Vince Camuto SS Top Pink L,,Top,,1.0,22.0,2.035,24.035,22.0,0.0,False,False
2026-05-22,16,5,Friday,21,553,10004548,Leather Fringe Dress / Size S,,Dress,S,1.0,135.0,12.4875,147.4875,135.0,0.0,False,False
2026-05-22,16,5,Friday,21,552,10006945,Antonio Melani White Tank Top Size S,,Top,S,1.0,24.99,2.31158,27.30158,24.99,0.0,False,False
2026-05-22,16,5,Friday,21,551,10008356,8byYook/BlueTieTop/Size40,8 by Yook,Other,40,1.0,14.99,1.38658,16.37658,14.99,0.0,False,False
2026-05-22,14,5,Friday,21,550,10001200,Victoriaxs SecretSlip_Ta / Multi color / L / 7.04,Victoria's Secret,Other,,1.0,18.99,1.75658,20.74658,18.99,0.0,False,False
2026-05-22,14,5,Friday,21,550,10006337,Primark Pink SL Blouse / Size 8,Primark,Top,8,1.0,24.99,2.31158,27.30158,24.99,0.0,False,False
2026-05-22,14,5,Friday,21,550,10007787,Itsu Green Floral Skirt / Size 8,Itsu,Skirt,8,1.0,19.99,1.84908,21.83908,19.99,0.0,False,False
2026-05-22,13,5,Friday,21,549,10007752,MarilynM/FlamingoDress/SizeM,Marilyn Monroe,Dress,M,1.0,21.99,2.03408,24.02408,21.99,0.0,True,False
2026-05-22,13,5,Friday,21,549,10008021,Casa Lee Beige Black Skull Vest 1 / Size S,Casa Lee,Top,S,1.0,25.0,2.3125,27.3125,25.0,0.0,True,False
2026-05-22,13,5,Friday,21,549,10008022,Casa Lee Beige Black Skull Vest 2 / Size S,Casa Lee,Top,S,1.0,25.0,2.3125,27.3125,25.0,0.0,True,False
2026-05-22,13,5,Friday,21,549,10008741,Foxblood Black Dress S,,Dress,,1.0,39.0,3.6075,42.6075,39.0,0.0,True,False
2026-05-22,13,5,Friday,21,549,10008594,OneClothing/BlkWhiTiedye/SizeL,One Clothing,Other,L,1.0,8.99,0.83158,9.82158,8.99,0.0,True,False
2026-05-22,13,5,Friday,21,549,10005489,urban/shear top/blk rose/xs,Urban Outfitters,Top,XS,1.0,25.99,2.40408,28.39408,25.99,0.0,True,False
2026-05-21,17,5,Thursday,21,548,10007838,Aureum NWT Yellow Blue Shorts / Size M,Aureum,Shorts,M,1.0,49.99,4.62408,54.61408,49.99,0.0,True,False
2026-05-21,17,5,Thursday,21,548,10008252,Unknown Purple SS Top M,,Top,,1.0,14.99,1.38658,16.37658,14.99,0.0,True,False
2026-05-21,17,5,Thursday,21,547,10005440,SweetPea/ Sheer Floral Top/ Size L,Sweet Pea,Top,L,1.0,22.99,2.12658,25.11658,22.99,0.0,False,False
2026-05-21,12,5,Thursday,21,546,10008341,MelroseM/TanStripeShorts/SizeM,Melrose & Market,Shorts,M,1.0,11.99,1.10908,13.09908,11.99,0.0,False,False
2026-05-20,17,5,Wednesday,21,545,10007505,Adiva Vintage LS Blouse Size S,,Top,S,1.0,23.99,2.21908,26.20908,23.99,0.0,False,False
2026-05-20,17,5,Wednesday,21,545,10008389,Divided Black Top Size 4,,Top,4,1.0,14.99,1.38658,16.37658,14.99,0.0,False,False
2026-05-20,17,5,Wednesday,21,545,10007632,NWT Rip Curl Red Top Size S,,Top,S,1.0,19.99,1.84908,21.83908,19.99,0.0,False,False
2026-05-20,17,5,Wednesday,21,545,10006220,ribbed purple middle scrunk croptop/small,Altar'd State,Top,,1.0,19.99,1.84908,21.83908,19.99,0.0,False,False
2026-05-20,17,5,Wednesday,21,545,10006953,She & Sky White Crop Top / Size S,She & Sky,Top,S,1.0,21.99,2.03408,24.02408,21.99,0.0,False,False
2026-05-20,17,5,Wednesday,21,545,10005893,Banana Rep Beige Cardigan / Size XS,Banana Republic,Sweater/Cardigan,XS,1.0,28.99,2.68158,31.67158,28.99,0.0,False,False
2026-05-20,15,5,Wednesday,21,544,10008334,JonesNY/BlackBttnDwnDress/Size10,Jones New York,Dress,10,1.0,24.99,2.31158,27.30158,24.99,0.0,False,False
2026-05-20,14,5,Wednesday,21,543,10008637,Japna Blue/White SS Top S,,Top,,1.0,14.99,1.38658,16.37658,14.99,0.0,False,False
2026-05-20,14,5,Wednesday,21,543,10007275,Vintage Goth Dress Size 4,,Dress,4,1.0,24.99,2.31158,27.30158,24.99,0.0,False,False
2026-05-20,14,5,Wednesday,21,542,10008625,HYFVE Green Halter Top L,,Top,,1.0,11.99,1.10908,13.09908,11.99,0.0,False,False
2026-05-20,14,5,Wednesday,21,542,10008645,HYFVE Yellow Top Size M,,Top,M,1.0,12.99,1.20158,14.19158,12.99,0.0,False,False
2026-05-20,14,5,Wednesday,21,542,10008381,MNG white and blue floral blouse/4,Mng,Top,4,1.0,15.99,1.47908,17.46908,15.99,0.0,False,False
2026-05-17,15,5,Sunday,20,541,10006115,Her/PnkFlareSleeveBttnDwn/SizeS,Her,Other,S,1.0,15.99,1.47908,17.46908,15.99,0.0,False,False
2026-05-17,15,5,Sunday,20,540,10008638,Newbury Kuston Pink SS Top M,,Top,,1.0,14.99,1.38658,16.37658,14.99,0.0,False,False
2026-05-17,15,5,Sunday,20,540,10007473,A New Day Black SL Dress / Size L,A New Day,Dress,L,1.0,17.99,1.66408,19.65408,17.99,0.0,False,False
2026-05-17,15,5,Sunday,20,539,10008011,Foxblood Black Sheer SS Dress / Size XS,Foxblood,Dress,XS,1.0,23.0,2.1275,25.1275,23.0,0.0,False,False
2026-05-17,15,5,Sunday,20,538,10006957,Talbots Silk SL Top / Size 8,Talbots,Top,8,1.0,21.99,2.03408,24.02408,21.99,0.0,False,False
2026-05-17,15,5,Sunday,20,537,10005133,Loft Black Floral Dress / Size 8,Loft,Dress,8,1.0,23.99,2.21908,26.20908,23.99,0.0,False,False
2026-05-17,15,5,Sunday,20,537,10008322,CarolinaB/RedWhiteShorts/Size10,Carolina Blues,Shorts,10,1.0,14.99,1.38658,16.37658,14.99,0.0,False,False
2026-05-17,15,5,Sunday,20,536,10002759,Bar IIICardigan_Zi / Orange X Pink / S / 14.85,Bar III,Sweater/Cardigan,,1.0,21.99,2.03408,24.02408,21.99,0.0,False,False
2026-05-17,15,5,Sunday,20,536,10008480,Candies Pink Jacket Size XL,,Jacket/Coat,XL,1.0,35.99,3.32908,39.31908,35.99,0.0,False,False
2026-05-17,15,5,Sunday,20,536,10008443,Kate Spade PInk Lola Tote Bag,,Accessories,,1.0,54.99,5.08658,60.07658,54.99,0.0,False,False
2026-05-17,15,5,Sunday,20,535,10008306,NineWest/BluedenimHeels/Size8,Nine West,Jeans/Pants,8,1.0,19.99,1.84908,21.83908,19.99,0.0,False,False
2026-05-17,15,5,Sunday,20,534,10008490,Christopher Banks Green Jacket XL,,Jacket/Coat,,1.0,27.99,2.58908,30.57908,27.99,0.0,False,False
2026-05-17,15,5,Sunday,20,534,10008543,LenaG/CreamBttnBlazer/Size12,Lena Gabrielle,Jacket/Coat,12,1.0,27.99,2.58908,30.57908,27.99,0.0,False,False
2026-05-17,14,5,Sunday,20,533,10004464,GraceK/BlkBlouse/SizeS,Grace Karin,Top,S,1.0,24.99,2.31158,27.30158,24.99,0.0,False,False
2026-05-17,14,5,Sunday,20,533,10006807,BCBG Maxmara Brown Sundress/Size M,BCBG Maxazria,Dress,M,1.0,27.99,2.58908,30.57908,27.99,0.0,False,False
2026-05-17,14,5,Sunday,20,533,10004376,FarmRio/PinkMulticolDress/SizeL,Farm Rio,Dress,L,1.0,135.0,12.4875,147.4875,135.0,0.0,False,False
2026-05-17,14,5,Sunday,20,532,10006263,Anthropologie Gray Crop Top w Tie Back/Size M,Anthropologie,Top,M,1.0,23.99,2.21908,26.20908,23.99,0.0,False,False
2026-05-17,14,5,Sunday,20,532,10008601,MulticolStripeCropTop/SizeL,Unknown,Top,L,1.0,10.99,1.01658,12.00658,10.99,0.0,False,False
2026-05-17,14,5,Sunday,20,532,10008464,Monteau Green/Beige Jumpsuit S,,Romper/Jumpsuit,,1.0,24.99,2.31158,27.30158,24.99,0.0,False,False
2026-05-17,14,5,Sunday,20,532,10007226,Le Lis Orange Romper Size M,,Romper/Jumpsuit,M,1.0,27.99,2.58908,30.57908,27.99,0.0,False,False
2026-05-17,14,5,Sunday,20,531,10004255,Multi-Patterned Sheer Fitted Dress/Size 2XL,Bluebell,Dress,2,1.0,24.99,2.31158,27.30158,24.99,0.0,False,False
2026-05-17,14,5,Sunday,20,530,10003928,Maniere De Voir WhtSatin Bustier/  L,Maniere De Voir,Other,L,1.0,48.99,4.53158,53.52158,48.99,0.0,False,False
2026-05-17,14,5,Sunday,20,529,10008338,Patagonia/PinkShorts/SizeM,Patagonia,Shorts,M,1.0,11.99,1.10908,13.09908,11.99,0.0,False,False
2026-05-17,14,5,Sunday,20,529,10007436,J. Jill Blue/White Pants Size M,,Jeans/Pants,M,1.0,24.99,2.31158,27.30158,24.99,0.0,False,False
2026-05-17,14,5,Sunday,20,529,10006937,AmericanEagle/RedWhiSkirt/SizeM,American Eagle,Skirt,M,1.0,19.99,1.84908,21.83908,19.99,0.0,False,False
2026-05-17,14,5,Sunday,20,529,10008509,The Normal Pants Yellow/White L,,Jeans/Pants,,1.0,33.99,3.14408,37.13408,33.99,0.0,False,False
2026-05-17,13,5,Sunday,20,528,10007767,GoodChoice/PinkFlowerShoe/Size9.5,Good Choice,Shoes,9.5,1.0,21.99,2.03408,24.02408,21.99,0.0,False,False
2026-05-17,13,5,Sunday,20,527,10005370,Lisette Floral Pants Offwhite/Size M,Lisette,Jeans/Pants,M,1.0,32.99,3.05158,36.04158,32.99,0.0,False,False
2026-05-17,13,5,Sunday,20,527,10007303,Christopher Blue White Pants / Size 4,Christopher Blue,Jeans/Pants,4,1.0,21.99,2.03408,24.02408,21.99,0.0,False,False
2026-05-17,13,5,Sunday,20,527,10005094,BlackTape/ Strappy Tank/ Pink/ Size M,Black Tank,Top,M,1.0,12.99,1.20158,14.19158,12.99,0.0,False,False
2026-05-17,13,5,Sunday,20,527,10005096,Old Navy/ Floral Top/ Pnk&Orng/ Size M,Old Navy,Top,M,1.0,13.99,1.29408,15.28408,13.99,0.0,False,False
2026-05-17,13,5,Sunday,20,526,10008508,Altard State Brown Skort S,,Other,,1.0,19.99,1.84908,21.83908,19.99,0.0,False,False
2026-05-17,13,5,Sunday,20,526,10004474,ColesceC/Blk&Wh/SizeS,Colesce Couture,Other,S,1.0,24.99,2.31158,27.30158,24.99,0.0,False,False
2026-05-17,13,5,Sunday,20,526,10007447,Alexandria Barlett Black Colorful Capris / Size 8,Alexandria Bartlett,Other,8,1.0,26.99,2.49658,29.48658,26.99,0.0,False,False
2026-05-17,13,5,Sunday,20,526,10008001,Dana B Black Silk Skirt / Size M,Dana Buchman,Skirt,M,1.0,24.99,2.31158,27.30158,24.99,0.0,False,False
2026-05-17,13,5,Sunday,20,525,10005261,XOXO Black Off Shoulder LS w Grommets / Size M,Xoxo,Top,M,1.0,25.99,2.40408,28.39408,25.99,0.0,False,False
2026-05-17,13,5,Sunday,20,525,10008045,Caleaas Purple Jacket / Size S,Caleaas,Jacket/Coat,S,1.0,30.0,2.775,32.775,30.0,0.0,False,False
2026-05-17,13,5,Sunday,20,524,10006208,black ribbed blouse/xs,Clockhouse,Top,XS,1.0,24.99,2.31158,27.30158,24.99,0.0,False,False
2026-05-17,12,5,Sunday,20,523,10007372,BlackScrunchBag,Unknown,Accessories,,1.0,20.99,1.94158,22.93158,20.99,0.0,False,False
2026-05-17,12,5,Sunday,20,523,10004640,Zara Sage Green Dress / Size S,Zara,Dress,S,1.0,29.99,2.77408,32.76408,29.99,0.0,False,False
2026-05-17,12,5,Sunday,20,522,10005076,BCBGeneration/ Knit Top/ Prp&Wht/ SIze XL,BCBGeneration,Sweater/Cardigan,XL,1.0,21.99,2.03408,24.02408,21.99,0.0,False,False
2026-05-17,12,5,Sunday,20,521,10007071,Adrianna Papell Gold Heels/Size 7.5,,Top,7.5,1.0,22.99,2.12658,25.11658,22.99,0.0,False,False
2026-05-17,12,5,Sunday,20,521,10007113,VINTAGE Black SL Dress with White Flowers / Size S,Unknown,Dress,S,1.0,22.99,2.12658,25.11658,22.99,0.0,False,False
2026-05-17,12,5,Sunday,20,521,10007471,VINTAGE Shiny Pink Green SS Dress / Size S,Unknown,Dress,S,1.0,74.99,6.93658,81.92658,74.99,0.0,False,False
2026-05-17,12,5,Sunday,20,521,10004070,LauraAshley/Gld Kitten/Size 7.5,Laura Ashley,Other,7.5,1.0,25.99,2.40408,28.39408,25.99,0.0,False,False
2026-05-17,12,5,Sunday,20,521,10007740,Loft/MulticolPatternSkirt/Size0,Loft,Skirt,0,1.0,24.99,2.31158,27.30158,24.99,0.0,False,False
2026-05-17,12,5,Sunday,20,521,10008455,Laundry Multi-Color Dress Size M,,Dress,M,1.0,32.99,3.05158,36.04158,32.99,0.0,False,False
2026-05-17,12,5,Sunday,20,521,10008560,CharlotteR/BlktoolSkirt/SizeS,Charlotte Russe,Skirt,S,1.0,28.99,2.68158,31.67158,28.99,0.0,False,False
2026-05-17,12,5,Sunday,20,521,10008576,BananaRep/BlkLaceDress/Size0,Banana Republic,Dress,0,1.0,24.99,2.31158,27.30158,24.99,0.0,False,False
2026-05-17,12,5,Sunday,20,521,10007800,black lace skirt/4,White House Black Market,Skirt,4,1.0,29.99,2.77408,32.76408,29.99,0.0,False,False
2026-05-17,12,5,Sunday,20,521,10008585,FrenchC/BlackDress/Size0,French Connection,Dress,0,1.0,28.99,2.68158,31.67158,28.99,0.0,False,False
2026-05-17,12,5,Sunday,20,521,10008574,BananaRep/BlkDress/Size0,Banana Republic,Dress,0,1.0,24.99,2.31158,27.30158,24.99,0.0,False,False
2026-05-17,11,5,Sunday,20,520,10006412,Akira/Brwn&BlkSheerTop/SizeS,Akira,Other,S,1.0,28.99,2.68158,31.67158,28.99,0.0,False,False
2026-05-17,11,5,Sunday,20,520,10008340,Patagonia/YellowShorts/SIzeM,Patagonia,Shorts,M,1.0,20.99,1.94158,22.93158,20.99,0.0,False,False
2026-05-17,11,5,Sunday,20,519,10007604,Pink & White SL Romper / Size S,Unknown,Romper/Jumpsuit,S,1.0,14.99,1.38658,16.37658,14.99,0.0,False,False
2026-05-17,11,5,Sunday,20,518,10008307,OldCountyRoad/RedStripeBag,Old County Road,Accessories,,1.0,12.99,1.20158,14.19158,12.99,0.0,False,False
2026-05-17,11,5,Sunday,20,518,10008249,Brown Tote Bag M/L,,Accessories,L,1.0,17.99,1.66408,19.65408,17.99,0.0,False,False
2026-05-17,11,5,Sunday,20,518,10008446,Chelsea & Violet Red Shorts M,,Shorts,,1.0,19.99,1.84908,21.83908,19.99,0.0,False,False
2026-05-17,11,5,Sunday,20,517,10008238,AUW Blue Camisole Size L,,Top,L,1.0,26.0,2.405,28.405,26.0,0.0,False,False
2026-05-17,11,5,Sunday,20,516,10007810,black and white strip pant/XL,LA Gypsy,Jeans/Pants,XL,1.0,23.99,2.21908,26.20908,23.99,0.0,False,False
2026-05-16,20,5,Saturday,20,515,10007196,Philosophy Black/White Dress Size S,,Dress,S,1.0,32.99,3.05158,36.04158,32.99,0.0,False,False
2026-05-16,19,5,Saturday,20,514,10006832,Black leather coach purse,Coach,Accessories,,1.0,195.0,18.0375,213.0375,195.0,0.0,False,False
2026-05-16,19,5,Saturday,20,513,10007721,Nautica Off White Pinstripe Vest Top / Size 4,Nautica,Top,4,1.0,18.99,1.75658,20.74658,18.99,0.0,False,False
2026-05-16,18,5,Saturday,20,512,10005064,LuckyBrand/ PinkFloyd Tee/ Yllw/ Size S,Lucky Brand,Top,S,1.0,15.99,1.47908,17.46908,15.99,0.0,False,False
2026-05-16,18,5,Saturday,20,511,10006879,Papaya/DrawStringShirt/SizeM,Papaya,Top,M,1.0,15.99,1.47908,17.46908,15.99,0.0,False,False
2026-05-16,18,5,Saturday,20,510,10006641,Known Supply Green SS Shirt / Size S,Known Supply,Top,S,1.0,14.99,1.38658,16.37658,14.99,0.0,False,False
2026-05-16,18,5,Saturday,20,509,10008481,Cider SS Top Size S,,Top,S,1.0,17.99,1.66408,19.65408,17.99,0.0,False,False
2026-05-16,17,5,Saturday,20,508,10008380,kimchi blue white blouse/m,Kimchi Blue,Top,M,1.0,25.99,2.40408,28.39408,25.99,0.0,False,False
2026-05-16,17,5,Saturday,20,508,10008339,BrynWalker/BrwnBttnDwn/SizeS,Bryn Walker,Other,S,1.0,24.99,2.31158,27.30158,24.99,0.0,False,False
2026-05-16,17,5,Saturday,20,508,10007550,Papaya Dress Multi-Color Size M,,Dress,M,1.0,19.0,1.7575,20.7575,19.0,0.0,False,False
2026-05-16,17,5,Saturday,20,507,10007483,Silver Dragon Green Blazer Size M,,Jacket/Coat,M,1.0,59.99,5.54908,65.53908,59.99,0.0,False,False
2026-05-16,16,5,Saturday,20,506,10007594,Flowers,,Other,,2.0,45.0,4.1625,49.1625,22.5,0.0,True,False
2026-05-16,16,5,Saturday,20,505,10006113,Plenty/Blue&BlkFlowerDress/Size6,Plenty,Dress,6,1.0,24.99,2.31158,27.30158,24.99,0.0,True,False
2026-05-16,16,5,Saturday,20,504,10007594,Flowers,,Other,,1.0,22.5,2.08125,24.58125,22.5,0.0,False,False
2026-05-16,16,5,Saturday,20,504,10008287,Black Crop Top / Size XS,Unknown,Top,XS,1.0,12.0,1.11,13.11,12.0,0.0,False,False
2026-05-16,16,5,Saturday,20,504,10008250,Loft Sleeveless Blue/White Top M,,Top,,1.0,18.99,1.75658,20.74658,18.99,0.0,False,False
2026-05-16,16,5,Saturday,20,504,10008589,REdTOP/SizeM,Unknown,Other,M,1.0,9.99,0.92408,10.91408,9.99,0.0,False,False
2026-05-16,16,5,Saturday,20,503,10007278,Nasty Girl Silver Top Size 10,,Top,10,1.0,19.99,1.84908,21.83908,19.99,0.0,False,False
2026-05-16,16,5,Saturday,20,503,10006875,GianiBini/TanCropTankTop/SizeM,Gianni Bini,Top,M,1.0,17.99,1.66408,19.65408,17.99,0.0,False,False
2026-05-16,16,5,Saturday,20,503,10004782,Cinema Pink Lace Tulle Lingerie / Size M,Cinema Etoile,Other,M,1.0,24.99,2.31158,27.30158,24.99,0.0,False,False
2026-05-16,14,5,Saturday,20,502,10005188,Dazy Blue Sheer LS W Tie Front / Size L,Dazy,Top,L,1.0,12.99,1.20158,14.19158,12.99,0.0,False,False
2026-05-16,14,5,Saturday,20,502,10007381,BananaR/ChainGemNecklace,Banana Republic,Accessories,,1.0,22.99,2.12658,25.11658,22.99,0.0,False,False
2026-05-16,14,5,Saturday,20,502,10008270,Coach Pink Madison Hobo,,Other,,1.0,195.0,18.0375,213.0375,195.0,0.0,False,False
2026-05-16,14,5,Saturday,20,501,10007562,Wild Fable White Dress Size S,,Dress,S,1.0,19.0,1.7575,20.7575,19.0,0.0,False,False
2026-05-16,14,5,Saturday,20,501,10003990,White Flower Ring 1,,Accessories,,1.0,8.99,0.83158,9.82158,8.99,0.0,False,False
2026-05-16,14,5,Saturday,20,501,10007594,Flowers,,Other,,1.0,22.5,2.08125,24.58125,22.5,0.0,False,False
2026-05-16,13,5,Saturday,20,500,10008129,multi colored shortsleeve blouse/m,Unknown,Shorts,M,1.0,12.99,1.20158,14.19158,12.99,0.0,False,False
2026-05-16,13,5,Saturday,20,499,10006288,Ann Taylor Baby Pink Tank / Size L,Ann Taylor,Top,L,1.0,23.99,2.21908,26.20908,23.99,0.0,False,False
2026-05-16,13,5,Saturday,20,499,10008245,Christina Black/White Sleeveless L,,Top,,1.0,14.99,1.38658,16.37658,14.99,0.0,False,False
2026-05-16,13,5,Saturday,20,499,10007807,black and tan design blouse/14,Coldwater Creek,Top,14,1.0,25.99,2.40408,28.39408,25.99,0.0,False,False
2026-05-16,13,5,Saturday,20,498,10008016,Style U White Tube Top / Size M,Style U,Top,M,1.0,23.0,2.1275,25.1275,23.0,0.0,True,False
2026-05-16,13,5,Saturday,20,497,10006157,WHBM/BlkcinchTop/SizeL,White House Black Market,Other,L,1.0,25.99,2.40408,28.39408,25.99,0.0,True,False
2026-05-16,12,5,Saturday,20,496,10008293,Paani/MulticolFlowerDress/SizeS,Paani,Dress,S,1.0,29.99,2.77408,32.76408,29.99,0.0,False,False
2026-05-16,12,5,Saturday,20,496,10007091,Sofft Elsa Blue Sandals/Size,Sofft,Top,,1.0,22.99,2.12658,25.11658,22.99,0.0,False,False
2026-05-16,12,5,Saturday,20,495,10006108,BlkSheerTshirt/SizeL,Unknown,Top,L,1.0,13.99,1.29408,15.28408,13.99,0.0,False,False
2026-05-16,12,5,Saturday,20,495,10005309,Eloise Black Tank / Size M,Eloise,Top,M,1.0,10.99,1.01658,12.00658,10.99,0.0,False,False
2026-05-16,12,5,Saturday,20,495,10005375,HyFve Black Top/Size M,Hyfve,Top,M,1.0,26.99,2.49658,29.48658,26.99,0.0,False,False
2026-05-16,12,5,Saturday,20,494,10007152,Yellow Chic Vintage T Shirt Size L,,Top,L,1.0,23.99,2.21908,26.20908,23.99,0.0,False,False
2026-05-16,12,5,Saturday,20,494,10007086,Gray Floral Sparkly Hat,Unknown,Accessories,,1.0,26.99,2.49658,29.48658,26.99,0.0,False,False
2026-05-16,11,5,Saturday,20,493,10007145,Pink Chic Vintage T Shirt Size S,,Top,S,1.0,23.99,2.21908,26.20908,23.99,0.0,False,False
2026-05-16,11,5,Saturday,20,492,10008537,TicToc/PinkWhiCorset/SizeM,Tic Toc,Set,M,1.0,18.99,1.75658,20.74658,18.99,0.0,False,False
2026-05-16,11,5,Saturday,20,492,10004800,Lush Dark Blue Satin Top / Size M,Lush,Top,M,1.0,24.99,2.31158,27.30158,24.99,0.0,False,False
2026-05-16,11,5,Saturday,20,491,10008005,Style U Bright Pink Tube Top / Size L,Style U,Top,L,1.0,23.0,2.1275,25.1275,23.0,0.0,False,False
2026-05-15,19,5,Friday,20,490,10005822,Madewell Striped Dress/Size 6,Madewell,Dress,6,1.0,34.99,3.23658,38.22658,34.99,0.0,False,False
2026-05-15,19,5,Friday,20,490,10007282,Reoria SS Top Pink Size L,,Top,L,1.0,18.99,1.75658,20.74658,18.99,0.0,False,False
2026-05-15,18,5,Friday,20,489,10007430,Turks & Caicos White Cover Up Pants S,,Jeans/Pants,,1.0,19.99,1.84908,21.83908,19.99,0.0,False,False
2026-05-15,18,5,Friday,20,488,10005180,BlueSteel/ Multipttrn Crop/ Size M,Bluesteel,Top,M,1.0,18.99,1.75658,20.74658,18.99,0.0,True,False
2026-05-15,17,5,Friday,20,487,10007959,Tennessee Orange Shawl,,Top,,1.0,24.0,2.22,26.22,24.0,0.0,False,False
2026-05-15,17,5,Friday,20,486,10006881,redbrownVelvetLaceTankTop/SizeS,Unknown,Top,S,1.0,19.99,1.84908,21.83908,19.99,0.0,False,False
2026-05-15,17,5,Friday,20,486,10007420,LushBlkSheermulticolTop/SizeS,Lush,Other,S,1.0,14.99,1.38658,16.37658,14.99,0.0,False,False
2026-05-15,17,5,Friday,20,486,10003631,cynthia rowley/pant/navy/6,Cynthia Rowley,Jeans/Pants,6,1.0,24.99,2.31158,27.30158,24.99,0.0,False,False
2026-05-15,17,5,Friday,20,485,10004888,kimrogers/bls/flr/ps,Kim Rogers,Top,,1.0,28.99,2.68158,31.67158,28.99,0.0,False,False
2026-05-15,17,5,Friday,20,485,10008554,Tahari/MulticolTop/SizeL,Tahari,Other,L,1.0,22.99,2.12658,25.11658,22.99,0.0,False,False
2026-05-15,17,5,Friday,20,484,10008046,Kristin D White LS Buttondown / Size L,Kristin Davis,Top,L,1.0,19.0,1.7575,20.7575,19.0,0.0,False,False
2026-05-15,17,5,Friday,20,483,10007594,Flowers,,Other,,1.0,22.5,2.08125,24.58125,22.5,0.0,False,False
2026-05-15,16,5,Friday,20,482,10007292,Lulu's Gold Dress Size S,,Dress,S,1.0,25.99,2.40408,28.39408,25.99,0.0,True,False
2026-05-15,16,5,Friday,20,482,10008083,Saks/WhiCreamDress/SizeL,Saks 5Th Ave,Dress,L,1.0,35.99,3.32908,39.31908,35.99,0.0,True,False
2026-05-15,16,5,Friday,20,482,10007780,Storia Muted Blush LS Dress / Size S,Storia,Dress,S,1.0,34.99,3.23658,38.22658,34.99,0.0,True,False
2026-05-15,16,5,Friday,20,482,10007941,Brown Dangle Earrings,Unknown,Accessories,,1.0,17.99,1.66408,19.65408,17.99,0.0,True,False
2026-05-15,16,5,Friday,20,481,10003930,Delicates Bl Lace Slip/Size S,,Other,S,1.0,30.99,2.86658,33.85658,30.99,0.0,False,False
2026-05-15,16,5,Friday,20,480,10007383,SilverGemNecklace,Unknown,Accessories,,1.0,12.99,1.20158,14.19158,12.99,0.0,False,False
2026-05-15,16,5,Friday,20,480,10007637,V Italia Colorful Sandals / Size 8.5,V Italia,Top,8.5,1.0,25.99,2.40408,28.39408,25.99,0.0,False,False
2026-05-15,16,5,Friday,20,480,10004037,Harley DavidsonTee Shirt_Hdaf / Black / XL / abc,Harley Davidson,Top,,1.0,22.99,2.12658,25.11658,22.99,0.0,False,False
2026-05-15,16,5,Friday,20,480,10008428,Free People Intimately Romper Blue M,,Romper/Jumpsuit,,1.0,24.99,2.31158,27.30158,24.99,0.0,False,False
2026-05-15,16,5,Friday,20,479,10005141,Zara/ SqrNck Crop/ Camel/ Size L,Zara,Other,L,1.0,12.99,1.20158,14.19158,12.99,0.0,False,False
2026-05-15,16,5,Friday,20,478,10007802,reversible sundress/m,Unknown,Dress,M,1.0,29.99,2.77408,32.76408,29.99,0.0,False,False
2026-05-15,15,5,Friday,20,477,10007594,Flowers,,Other,,1.0,22.5,2.08125,24.58125,22.5,0.0,False,False
2026-05-15,15,5,Friday,20,476,10006492,Mountain Hardware Brown Skirt / Size 10,Mountain Hardware,Skirt,10,1.0,31.99,2.95908,34.94908,31.99,0.0,False,False
2026-05-15,15,5,Friday,20,476,10007953,Silver necklace Lt Blue Stone,,Accessories,,1.0,21.99,2.03408,24.02408,21.99,0.0,False,False
2026-05-15,15,5,Friday,20,476,10007594,Flowers,,Other,,1.0,22.5,2.08125,24.58125,22.5,0.0,False,False
2026-05-15,14,5,Friday,20,475,10007594,Flowers,,Other,,1.0,22.5,2.08125,24.58125,22.5,0.0,False,False
2026-05-15,14,5,Friday,20,474,10003003,PGA TourSS Top_Iz / Pink / M / 16.06,PGA Tour,Top,,1.0,15.99,1.47908,17.46908,15.99,0.0,True,False
2026-05-15,14,5,Friday,20,474,10003226,Alexis Bittar Gold Colored Enamel Ring / Gold / M / abc,Alexis Bitlar,Accessories,,1.0,24.99,2.31158,27.30158,24.99,0.0,True,False
2026-05-15,13,5,Friday,20,473,10007324,VINTAGE Depeche  Blk PolkaDot Top/ Size 12,Depeche Mode,Top,12,1.0,32.99,3.05158,36.04158,32.99,0.0,True,False
2026-05-15,13,5,Friday,20,473,10006184,long sleeve pink striped dress shirt/small,Unknown,Dress,,1.0,25.99,2.40408,28.39408,25.99,0.0,True,False
2026-05-15,13,5,Friday,20,473,10008224,Vintage Carol Chase LS Blouse 10,,Top,,1.0,24.99,2.31158,27.30158,24.99,0.0,True,False
2026-05-15,13,5,Friday,20,473,10008050,VintageIsabel/BlueFlowrSwtr/SizeS,Isabel of Saks Fifth Avenue,Sweater/Cardigan,S,1.0,74.99,6.93658,81.92658,74.99,0.0,True,False
2026-05-15,13,5,Friday,20,473,10004166,BC Vintage Faux Leather Jacket/Size L/Black,Bc,Jacket/Coat,L,1.0,49.99,4.62408,54.61408,49.99,0.0,True,False
2026-05-15,13,5,Friday,20,472,10007759,silver skull clutch bag,Unknown,Accessories,,1.0,115.0,10.6375,125.6375,115.0,0.0,False,False
2026-05-15,13,5,Friday,20,471,10007594,Flowers,,Other,,1.0,22.5,2.08125,24.58125,22.5,0.0,False,False
2026-05-15,13,5,Friday,20,470,10007594,Flowers,,Other,,1.0,22.5,2.08125,24.58125,22.5,0.0,False,False
2026-05-15,12,5,Friday,20,469,10008336,EmmaJames/PinkFloralSkirt/SizeL,Emma James,Skirt,L,1.0,24.99,2.31158,27.30158,24.99,0.0,False,False
2026-05-15,12,5,Friday,20,468,10004982,Moon X Madi Pink Smiley Face Sweater / Size M,Moon & Madison,Sweater/Cardigan,M,1.0,25.99,2.40408,28.39408,25.99,0.0,False,False
2026-05-15,12,5,Friday,20,467,10007738,Divided/RedPolkaDotDress/Size2,Divided,Dress,2,1.0,18.99,1.75658,20.74658,18.99,0.0,False,False
2026-05-15,12,5,Friday,20,466,10008444,NWOT Pink Boots Size 9,,Shoes,9,1.0,139.99,12.94908,152.93908,139.99,0.0,False,False
2026-05-15,12,5,Friday,20,465,10007594,Flowers,,Other,,1.0,22.5,2.08125,24.58125,22.5,0.0,False,False
2026-05-14,19,5,Thursday,20,464,10006273,Vintage Y2K Baby Pink Coach Soho Shoulder Bag,Coach,Accessories,,1.0,350.0,32.375,382.375,350.0,0.0,True,False
2026-05-14,19,5,Thursday,20,464,10004522,Coach Green Purse Leather Handle,Coach,Accessories,,1.0,225.0,20.8125,245.8125,225.0,0.0,True,False
2026-05-14,19,5,Thursday,20,463,10006763,J Crew Pink Red Floral Dress / Size 12,J.Crew,Dress,12,1.0,24.99,2.31158,27.30158,24.99,0.0,False,False
2026-05-14,18,5,Thursday,20,462,10008079,Mondessa/RedFlowerlouse/SizeS,Mondessa,Top,S,1.0,24.99,2.31158,27.30158,24.99,0.0,False,False
2026-05-14,17,5,Thursday,20,461,10008395,Unknown Green Dress Size 6,,Dress,6,1.0,22.99,2.12658,25.11658,22.99,0.0,False,False
2026-05-14,17,5,Thursday,20,461,10005423,GTWUrban/RedDress/SizeM,GTW Urban,Dress,M,1.0,28.99,2.68158,31.67158,28.99,0.0,False,False
2026-05-14,17,5,Thursday,20,460,10006008,ClothXStone/GrnJumpsuit/SizeXS,Cloth & Stone,Romper/Jumpsuit,XS,1.0,35.99,3.32908,39.31908,35.99,0.0,False,False
2026-05-14,17,5,Thursday,20,460,10007184,Vintage Grey Vest Size S,,Top,S,1.0,49.99,4.62408,54.61408,49.99,0.0,False,False
2026-05-14,14,5,Thursday,20,459,10007594,Flowers,,Other,,1.0,22.5,2.08125,24.58125,22.5,0.0,False,False
2026-05-14,13,5,Thursday,20,458,10007594,Flowers,,Other,,1.0,22.5,2.08125,24.58125,22.5,0.0,False,False
2026-05-14,13,5,Thursday,20,457,10007178,Miami Burgundy Dress Size XS,,Dress,XS,1.0,26.99,2.49658,29.48658,26.99,0.0,True,False
2026-05-14,13,5,Thursday,20,457,10003796,Jen 7 Straight Black Jeans / Size 4,Jen 7,Jeans/Pants,4,1.0,25.99,2.40408,28.39408,25.99,0.0,True,False
2026-05-14,13,5,Thursday,20,456,10007193,Tahari Tan Dress Size S,,Dress,S,1.0,24.99,2.31158,27.30158,24.99,0.0,True,False
2026-05-14,13,5,Thursday,20,455,10007952,Green Stone Earings,,Accessories,,1.0,19.99,1.84908,21.83908,19.99,0.0,False,False
2026-05-14,12,5,Thursday,20,454,10007880,Madewell Blue Skirt Size 0,,Skirt,0,1.0,19.0,1.7575,20.7575,19.0,0.0,False,False
2026-05-14,12,5,Thursday,20,454,10007970,Andrea Jovine Black/Fish Dress 6,,Dress,,1.0,20.0,1.85,21.85,20.0,0.0,False,False
2026-05-14,12,5,Thursday,20,453,10005290,UltraPink/Blk&WhiTop/SizeS,Ultra Pink,Other,S,1.0,21.99,2.03408,24.02408,21.99,0.0,False,False
2026-05-14,12,5,Thursday,20,452,10008187,Fantastic F Blush LS Dress / Size M,Fantastic Fawn,Dress,M,1.0,26.99,2.49658,29.48658,26.99,0.0,False,False
2026-05-13,18,5,Wednesday,20,451,10008298,NicoleLee/GreenSequinflowerPurse,Nicole Lee,Accessories,,1.0,44.99,4.16158,49.15158,44.99,0.0,False,False
2026-05-13,18,5,Wednesday,20,450,10005473,Angie/BlkPurpFloralHalter/SizeS,Angie,Top,S,1.0,25.99,2.40408,28.39408,25.99,0.0,False,False
2026-05-13,17,5,Wednesday,20,449,10005886,LRL Green LS / Size XL,Lauren Ralph Lauren,Top,XL,1.0,19.99,1.84908,21.83908,19.99,0.0,False,False
2026-05-13,17,5,Wednesday,20,449,10004927,Tribal/BrownSkirt/Size14,Tribal,Skirt,14,1.0,22.99,2.12658,25.11658,22.99,0.0,False,False
2026-05-13,17,5,Wednesday,20,449,10008346,BlackSkirt/SizeM,Unknown,Skirt,M,1.0,21.99,2.03408,24.02408,21.99,0.0,False,False
2026-05-13,17,5,Wednesday,20,448,10003347,Green Suede Boots La Canadienne  Size 6 1/2,La Canadienne,Shoes,6,1.0,39.99,3.69908,43.68908,39.99,0.0,False,False
2026-05-13,17,5,Wednesday,20,447,10007338,Stella Dot Rhinestone Necklace,Stella & Dot,Accessories,,1.0,35.99,3.32908,39.31908,35.99,0.0,False,False
2026-05-13,15,5,Wednesday,20,446,10007153,Yellow Chic Vintage T Shirt Size XL,,Top,XL,1.0,23.99,2.21908,26.20908,23.99,0.0,False,False
2026-05-13,15,5,Wednesday,20,446,10003864,Talbots Dark Blue Collared Sleeveless / Size XL,T by Talbots,Top,XL,1.0,24.99,2.31158,27.30158,24.99,0.0,False,False
2026-05-13,15,5,Wednesday,20,446,10005472,Apt9/GrnSPotBttnDwn/Size2X,Apt 9,Other,2,1.0,18.99,1.75658,20.74658,18.99,0.0,False,False
2026-05-13,13,5,Wednesday,20,445,10005215,Altar'd State Tank Black/Size S,Altar'd State,Top,S,1.0,12.99,1.20158,14.19158,12.99,0.0,False,False
2026-05-13,13,5,Wednesday,20,444,10007983,Black Leather Belt with Brown Design,Unknown,Accessories,,1.0,12.99,1.20158,14.19158,12.99,0.0,False,False
2026-05-13,13,5,Wednesday,20,443,10008314,CreamCircleHatSet,Unknown,Set,,1.0,24.99,2.31158,27.30158,24.99,0.0,False,False
2026-05-10,16,5,Sunday,19,442,10007532,Moda Int Burgundy LS Top XS,,Top,,1.0,20.99,1.94158,22.93158,20.99,0.0,False,False
2026-05-10,16,5,Sunday,19,441,10007945,Slate & Willow Multi-color Dress XS,,Dress,,1.0,39.99,3.69908,43.68908,39.99,0.0,False,False
2026-05-10,16,5,Sunday,19,440,10003434,Fossil Hobo Handbag,Fossil,Top,,1.0,75.0,6.9375,81.9375,75.0,0.0,False,False
2026-05-10,16,5,Sunday,19,439,10007676,Gianni Bini Brown Boots 7.5,,Shoes,,1.0,49.99,4.62408,54.61408,49.99,0.0,False,False
2026-05-10,16,5,Sunday,19,439,10007929,DR 2 Pink Patterned SS Top / Size S,Dr 2,Top,S,1.0,19.99,1.84908,21.83908,19.99,0.0,False,False
2026-05-10,15,5,Sunday,19,438,10008186,Love on Yellow Blue Skirt / Size 5,Love On A Hanger,Skirt,5,1.0,21.99,2.03408,24.02408,21.99,0.0,False,False
2026-05-10,15,5,Sunday,19,438,10008228,OdilleYellow/Black Skirt Size 0,,Skirt,0,1.0,27.99,2.58908,30.57908,27.99,0.0,False,False
2026-05-10,14,5,Sunday,19,437,10007373,BDarlin/GrnfloralRuffleDress/Size7/8,B. Darlin,Dress,7,1.0,75.99,7.02908,83.01908,75.99,0.0,False,False
2026-05-10,14,5,Sunday,19,436,10008409,VINTAGE City T Blue Floral Dress / Size L,City Triangles,Dress,L,1.0,29.99,2.77408,32.76408,29.99,0.0,True,False
2026-05-10,14,5,Sunday,19,436,10008422,La Lavon White Floral Dress Size L,,Dress,L,1.0,54.99,5.08658,60.07658,54.99,0.0,True,False
2026-05-10,14,5,Sunday,19,435,10004609,A Beautiful Soul Blush & Black Dress / XL,A Beautiful Soul,Dress,XL,1.0,25.99,2.40408,28.39408,25.99,0.0,False,False
2026-05-10,13,5,Sunday,19,434,10004721,Sid & Sandy Peach Plaid LS / Size XXXL,Sid & Sandy,Top,XXXL,1.0,24.99,2.31158,27.30158,24.99,0.0,False,False
2026-05-10,13,5,Sunday,19,434,10006979,J Crew Pink SS Blouse / Size 12,J.Crew,Top,12,1.0,20.99,1.94158,22.93158,20.99,0.0,False,False
2026-05-10,13,5,Sunday,19,434,10006379,Red Colorful Striped Belt,Unknown,Accessories,,1.0,18.99,1.75658,20.74658,18.99,0.0,False,False
2026-05-10,13,5,Sunday,19,433,10008310,RickieFreeman/GrnPurpFlowerDress,Rickie Freeman,Dress,,1.0,24.99,2.31158,27.30158,24.99,0.0,False,False
2026-05-10,11,5,Sunday,19,432,10007358,Franco Sarto Tan Leather Slip Ons / Size 10,Franco Sarto,Other,10,1.0,18.99,1.75658,20.74658,18.99,0.0,False,False
2026-05-09,20,5,Saturday,19,431,10004630,Banana R Cream & Brown Dress / Size 4,Banana Republic,Dress,4,1.0,24.99,2.31158,27.30158,24.99,0.0,False,False
2026-05-09,20,5,Saturday,19,431,10008092,vintage white halter top/s,Unknown,Top,S,1.0,10.99,1.01658,12.00658,10.99,0.0,False,False
2026-05-09,20,5,Saturday,19,431,10008290,Intuitions/EmbroidedVest/Size6,Intuitions,Top,6,1.0,24.99,2.31158,27.30158,24.99,0.0,False,False
2026-05-09,20,5,Saturday,19,431,10003691,HannaGracie Grey Layered Skirt/Size S,Hanna Gracie,Skirt,S,1.0,25.99,2.40408,28.39408,25.99,0.0,False,False
2026-05-09,19,5,Saturday,19,430,10005153,Blush/ Pattern Top/ Brwn&Crm/ Size S,Blush,Top,S,1.0,14.99,1.38658,16.37658,14.99,0.0,False,False
2026-05-09,19,5,Saturday,19,430,10007915,BCBG Black & White SL Top / Size S,BCBG Maxazria,Top,S,1.0,19.99,1.84908,21.83908,19.99,0.0,False,False
2026-05-09,19,5,Saturday,19,430,10006884,SiennaSky/OraPinkFloralTop/SizeS,Sienna Sky,Other,S,1.0,18.99,1.75658,20.74658,18.99,0.0,False,False
2026-05-09,19,5,Saturday,19,430,10005642,J Crew Red Scallop Tank / Size 2,J.Crew,Top,2,1.0,18.99,1.75658,20.74658,18.99,0.0,False,False
2026-05-09,19,5,Saturday,19,429,10008348,DogScarf,Unknown,Accessories,,1.0,9.99,0.92408,10.91408,9.99,0.0,False,False
2026-05-09,19,5,Saturday,19,429,10007834,Marilyn Pink & Black 2 Piece Sleepwear Set / Size S,Marilyn Monroe,Set,S,1.0,29.99,2.77408,32.76408,29.99,0.0,False,False
2026-05-09,18,5,Saturday,19,428,10007917,Faux White Crocodile Bag Floral,Unknown,Accessories,,1.0,32.99,3.05158,36.04158,32.99,0.0,False,False
2026-05-09,18,5,Saturday,19,427,10008035,NWT M Rena Black Dress M,,Dress,,1.0,25.0,2.3125,27.3125,25.0,0.0,False,False
2026-05-09,16,5,Saturday,19,426,10007394,BlackSheerdesignTop,Unknown,Other,,1.0,28.99,2.68158,31.67158,28.99,0.0,False,False
2026-05-09,16,5,Saturday,19,425,10006323,Ralph Lauren Pink Red Polo  / Size L,Ralph Lauren,Other,L,1.0,15.99,1.47908,17.46908,15.99,0.0,False,False
2026-05-09,16,5,Saturday,19,425,10006507,Under Armor Camo Baseball Hat,Under Armor,Accessories,,1.0,16.99,1.57158,18.56158,16.99,0.0,False,False
2026-05-09,16,5,Saturday,19,424,10003148,Coach Erin Leather Shoulder Bag / Pink / OS / abc,Coach,Accessories,,1.0,225.0,20.8125,245.8125,225.0,0.0,False,False
2026-05-09,15,5,Saturday,19,423,10007840,Lia Sophia Necklace,,Accessories,,1.0,19.99,1.84908,21.83908,19.99,0.0,False,False
2026-05-09,15,5,Saturday,19,422,10007594,Flowers,,Other,,1.0,20.0,1.85,21.85,22.5,0.0,False,False
2026-05-09,15,5,Saturday,19,421,10003980,VINTAGE Yellow Dress Embrodiered,,Dress,,1.0,32.99,3.05158,36.04158,32.99,0.0,False,False
2026-05-09,15,5,Saturday,19,421,10007114,Ann Taylor White SL Long Dress / Size 6,Ann Taylor,Dress,6,1.0,25.99,2.40408,28.39408,25.99,0.0,False,False
2026-05-09,14,5,Saturday,19,420,10008118,nanette lepore knit skirt/M,Nanette Lepore,Skirt,M,1.0,21.99,2.03408,24.02408,21.99,0.0,False,False
2026-05-09,14,5,Saturday,19,420,10005762,Jcrew/Blk&WhiSkirt/Size8,J.Crew,Skirt,8,1.0,24.99,2.31158,27.30158,24.99,0.0,False,False
2026-05-09,12,5,Saturday,19,419,10003931,Red Front-Tie Satin Slip,Unknown,Other,,1.0,30.99,2.86658,33.85658,30.99,0.0,False,False
2026-05-09,12,5,Saturday,19,419,10008225,Flat White Cardigan OSFM,,Sweater/Cardigan,,1.0,35.99,3.32908,39.31908,35.99,0.0,False,False
2026-05-09,12,5,Saturday,19,419,10007313,Freyrs/LightSunglasseswCase,Freyrs,Top,,1.0,30.0,2.775,32.775,30.0,0.0,False,False
2026-05-09,12,5,Saturday,19,418,10007594,Flowers,,Other,,4.0,80.0,7.4,87.4,22.5,0.0,False,False
2026-05-09,11,5,Saturday,19,417,10007570,Nic & Zoe Beige LS Top Size L,,Top,L,1.0,27.99,2.58908,30.57908,27.99,0.0,False,False
2026-05-09,11,5,Saturday,19,417,10007730,Talbots Yellow Suit Set / Size 4,Talbots,Set,4,1.0,24.99,2.31158,27.30158,24.99,0.0,False,False
2026-05-09,11,5,Saturday,19,417,10007986,Liz C Black Leather Belt / Size Medium,Liz Claiborne,Accessories,M,1.0,13.99,1.29408,15.28408,13.99,0.0,False,False
2026-05-09,11,5,Saturday,19,417,10007651,Mina Self Beige Collared Vest Top / Size L,Mina Self,Top,L,1.0,33.99,3.14408,37.13408,33.99,0.0,False,False
2026-05-09,11,5,Saturday,19,417,10007341,String/Gold Necklace,Unknown,Accessories,,1.0,12.99,1.20158,14.19158,12.99,0.0,False,False
2026-05-09,11,5,Saturday,19,417,10006385,Tommy Bahama Silver Belt / Size XS,Tommy Bahama,Accessories,XS,1.0,22.99,2.12658,25.11658,22.99,0.0,False,False
2026-05-09,11,5,Saturday,19,417,10003443,Delicates Camisole Green Size S,Delicates,Top,S,1.0,27.99,2.58908,30.57908,27.99,0.0,False,False
2026-05-09,11,5,Saturday,19,417,10007753,MorganT/FloralMeshIntDress/SizeP,Morgan Taylor Intimates,Dress,,1.0,18.99,1.75658,20.74658,18.99,0.0,False,False
2026-05-09,11,5,Saturday,19,417,10007847,Zara Multicolor Skirt M,,Skirt,,1.0,33.99,3.14408,37.13408,33.99,0.0,False,False
2026-05-09,11,5,Saturday,19,417,10005502,Miss Cocoa Salmon Halter Top Metal / Size M,Miss Cocoa,Top,M,1.0,18.99,1.75658,20.74658,18.99,0.0,False,False
2026-05-09,11,5,Saturday,19,417,10006792,Jaipur/GrnBlkPrintFlareBlouse/SizeM,Jaipur,Top,M,1.0,25.99,2.40408,28.39408,25.99,0.0,False,False
2026-05-09,11,5,Saturday,19,417,10006043,LaMode/MulticolSwtrVest/SizeXL,La Mode,Sweater/Cardigan,XL,1.0,22.99,2.12658,25.11658,22.99,0.0,False,False
2026-05-09,11,5,Saturday,19,417,10007668,Dressbarn Black Sleeveless Top S,,Dress,,1.0,23.99,2.21908,26.20908,23.99,0.0,False,False
2026-05-09,11,5,Saturday,19,417,10007590,Chaps Sleeveless Vest Black L,,Top,,1.0,22.99,2.12658,25.11658,22.99,0.0,False,False
2026-05-09,11,5,Saturday,19,417,10008221,Moda Intl Black Halter,,Top,,1.0,14.0,1.295,15.295,14.0,0.0,False,False
2026-05-09,11,5,Saturday,19,417,10008351,HarloweXG/RedBlkLaceTop/SizeM,Harlowe & Graham,Other,M,1.0,17.99,1.66408,19.65408,17.99,0.0,False,False
2026-05-09,11,5,Saturday,19,417,10006449,VINTAGE Cream Pink Blue Sheer Dress / Size S,Unknown,Dress,S,1.0,49.99,4.62408,54.61408,49.99,0.0,False,False
2026-05-09,11,5,Saturday,19,417,10008100,vintage pink sweater dress with belt/9,Unknown,Dress,9,1.0,35.99,3.32908,39.31908,35.99,0.0,False,False
2026-05-09,11,5,Saturday,19,417,10003436,Coach Apple Green Suede Hobo Bag,Coach,Accessories,,1.0,225.0,20.8125,245.8125,225.0,0.0,False,False
2026-05-09,11,5,Saturday,19,416,10008303,Runway/WhiteShawl/SizeS/M,Runway,Other,S,1.0,13.99,1.29408,15.28408,13.99,0.0,False,False
2026-05-08,19,5,Friday,19,415,10007594,Flowers,,Other,,1.0,20.0,1.85,21.85,22.5,0.0,False,False
2026-05-08,19,5,Friday,19,414,10007404,Patricia Nash Brown Purse,Patricia Nash,Accessories,,1.0,68.99,6.38158,75.37158,68.99,0.0,False,False
2026-05-08,19,5,Friday,19,413,10008285,FP Blue Floral Sheer Blouse / Size XS,Free People,Top,XS,1.0,18.0,1.665,19.665,18.0,0.0,False,False
2026-05-08,16,5,Friday,19,412,10008116,nanette lepore colorful skirt/10,Nanette Lepore,Skirt,10,1.0,35.99,3.32908,39.31908,35.99,0.0,False,False
2026-05-08,13,5,Friday,19,411,10006903,ChrisXBanks/BwnBttnDwnVest/SizeL,Christopher & Banks,Top,L,1.0,32.99,3.05158,36.04158,32.99,0.0,False,False
2026-05-08,12,5,Friday,19,410,10003505,Lysse NY Pants Brown Size M,Lysse New York,Jeans/Pants,M,1.0,34.99,3.23658,38.22658,34.99,0.0,False,False
2026-05-07,20,5,Thursday,19,409,10003591,AnnT/BlkGreyPant/Size4,Ann Taylor,Jeans/Pants,4,1.0,28.99,2.68158,31.67158,28.99,0.0,False,False
2026-05-07,20,5,Thursday,19,409,10006426,amo floral blouse/xs,Amo,Top,XS,1.0,32.99,3.05158,36.04158,32.99,0.0,False,False
2026-05-07,20,5,Thursday,19,409,10008227,Zara Green Dress Size S,,Dress,S,1.0,17.99,1.66408,19.65408,17.99,0.0,False,False
2026-05-07,20,5,Thursday,19,409,10007631,Threads 91 Vols Windbreaker S,,Top,,1.0,21.99,2.03408,24.02408,21.99,0.0,False,False
2026-05-07,20,5,Thursday,19,409,10007712,Venue Crochet SS Top Cardigan / Size S,Venue,Sweater/Cardigan,S,1.0,21.99,2.03408,24.02408,21.99,0.0,False,False
2026-05-07,20,5,Thursday,19,409,10007534,Simply Vera Grey Faux Vest XS,,Top,,1.0,29.99,2.77408,32.76408,29.99,0.0,False,False
2026-05-07,18,5,Thursday,19,408,10005938,Steve Madden Pink Floral LS Top / Size L,Steve Madden,Top,L,1.0,19.99,1.84908,21.83908,19.99,0.0,False,False
2026-05-07,18,5,Thursday,19,408,10002169,PleaseLS Top_Lo / Blue Multi-Color / M / 11.9,Please,Top,,1.0,21.99,2.03408,24.02408,21.99,0.0,False,False
2026-05-07,18,5,Thursday,19,408,10006655,Solitaire white maxi skirt/M,Solitaire,Skirt,M,1.0,24.99,2.31158,27.30158,24.99,0.0,False,False
2026-05-07,17,5,Thursday,19,407,10007594,Flowers,,Other,,1.0,20.0,1.85,21.85,22.5,0.0,False,False
2026-05-07,17,5,Thursday,19,406,10006260,Loft Black Cardigan/ Size S,Loft,Sweater/Cardigan,S,1.0,18.99,1.75658,20.74658,18.99,0.0,False,False
2026-05-07,16,5,Thursday,19,405,10008350,XtraOrd/GreenHalterTop/SizeM,Xtraordinary,Top,M,1.0,16.99,1.57158,18.56158,16.99,0.0,False,False
2026-05-07,15,5,Thursday,19,404,10006811,Unknown Blaack Sleeveless Top/Size XL,Unknown,Top,XL,1.0,18.99,1.75658,20.74658,18.99,0.0,False,False
2026-05-07,15,5,Thursday,19,403,10007594,Flowers,,Other,,1.0,20.0,1.85,21.85,22.5,0.0,False,False
2026-05-07,14,5,Thursday,19,402,10008304,NanetteL/CreamLaceTop/SizeM,Nanette Lepore,Other,M,1.0,12.99,1.20158,14.19158,12.99,0.0,False,False
2026-05-07,14,5,Thursday,19,402,10008441,Helena Fejkova Beige Dress M/L,,Dress,L,1.0,35.99,3.32908,39.31908,35.99,0.0,False,False
2026-05-07,14,5,Thursday,19,401,10002174,TalbotsLS Top_Hy / Blue X Pink / S / 11.92,Talbots,Top,,1.0,22.99,2.12658,25.11658,22.99,0.0,False,False
2026-05-07,14,5,Thursday,19,401,10008158,George Brown Floral Skirt / Size 4,George,Skirt,4,1.0,19.99,1.84908,21.83908,19.99,0.0,False,False
2026-05-07,13,5,Thursday,19,400,10005170,JonesNY/ Jean Vest/ Size S,Jones New York,Jeans/Pants,S,1.0,21.99,2.03408,24.02408,21.99,0.0,False,False
2026-05-07,13,5,Thursday,19,400,10004068,Fossil Rd Stch Leather/Size S,Fossil,Top,S,1.0,29.99,2.77408,32.76408,29.99,0.0,False,False
2026-05-07,13,5,Thursday,19,399,10007440,Orange Necklace,,Accessories,,1.0,14.99,1.38658,16.37658,14.99,0.0,False,False
2026-05-07,13,5,Thursday,19,399,10006152,VintageYellowenamel,Unknown,Other,,1.0,10.99,1.01658,12.00658,10.99,0.0,False,False
2026-05-07,13,5,Thursday,19,398,10006457,Soho Girls Hot Pink Lace Back Top / Size Unisize,Soho Girl's,Top,,1.0,21.99,2.03408,24.02408,21.99,0.0,False,False
2026-05-07,12,5,Thursday,19,397,10008379,mimi chica floral tanktop/m,Mimi Chica,Top,M,1.0,17.99,1.66408,19.65408,17.99,0.0,False,False
2026-05-07,12,5,Thursday,19,397,10008284,Lulus Satin Off White Top / Size S,Lulus,Top,S,1.0,18.0,1.665,19.665,18.0,0.0,False,False
2026-05-06,13,5,Wednesday,19,396,10006420,Travelers/FlowerMulticolShirt/Size1,Travelers,Top,1,1.0,26.99,2.49658,29.48658,26.99,0.0,False,False
2026-05-06,13,5,Wednesday,19,396,10006597,Gold Circle Design Necklace,Unknown,Accessories,,1.0,12.99,1.20158,14.19158,12.99,0.0,False,False
2026-05-03,17,5,Sunday,18,395,10007549,Maggie Lawrence Black/Grey Vest S,,Top,,1.0,23.0,2.1275,25.1275,23.0,0.0,False,False
2026-05-03,16,5,Sunday,18,394,10007709,Pink Lily Jean Skirt Embro / Size S,Pink Lily,Skirt,S,1.0,24.99,2.31158,27.30158,24.99,0.0,False,False
2026-05-03,16,5,Sunday,18,393,10007552,A Father's Love Orange Skirt Size S,,Skirt,S,1.0,19.0,1.7575,20.7575,19.0,0.0,False,False
2026-05-03,16,5,Sunday,18,393,10005110,Alma Mater Orange & White Chevron / Size M,Alma-Mater Collection,Other,M,1.0,22.99,2.12658,25.11658,22.99,0.0,False,False
2026-05-03,16,5,Sunday,18,393,10005960,J Crew Beige Red Blue Cashmere Sweater / Size M,J.Crew,Sweater/Cardigan,M,1.0,35.99,3.32908,39.31908,35.99,0.0,False,False
2026-05-03,16,5,Sunday,18,393,10007627,Love Tree Faux Fur Hoodie Vest M,,Top,,1.0,25.99,2.40408,28.39408,25.99,0.0,False,False
2026-05-03,16,5,Sunday,18,392,10008373,Paper Lacer white longsleeve blouse/s,Paper Lacer,Top,S,1.0,35.99,3.32908,39.31908,35.99,0.0,False,False
2026-05-03,15,5,Sunday,18,391,10007638,Just Fab Lemon Heels / Size 8.5,JustFab,Top,8.5,1.0,29.99,2.77408,32.76408,29.99,0.0,False,False
2026-05-03,15,5,Sunday,18,390,10006116,Vici/Red&PnkFloralDress/SizeM,Vici,Dress,M,1.0,24.99,2.31158,27.30158,24.99,0.0,False,False
2026-05-03,15,5,Sunday,18,390,10007047,Talbots Tan Heels/Size 11,Talbots,Top,11,1.0,28.99,2.68158,31.67158,28.99,0.0,False,False
2026-05-03,15,5,Sunday,18,390,10007216,Blue Blush Brown Strapless Dress / Size M,Blue Blush,Dress,M,1.0,15.99,1.47908,17.46908,15.99,0.0,False,False
2026-05-03,15,5,Sunday,18,389,10007020,INC Blue SL Top / Size M,Inc,Top,M,1.0,19.99,1.84908,21.83908,19.99,0.0,False,False
2026-05-03,15,5,Sunday,18,389,10004730,Ali & Christ Gray SS / Size M,Ali & Chris,Top,M,1.0,15.99,1.47908,17.46908,15.99,0.0,False,False
2026-05-03,13,5,Sunday,18,388,10007913,Free People Red NWT Lace Dress / Size 8,Free People,Dress,8,1.0,37.99,3.51408,41.50408,37.99,0.0,False,False
2026-05-03,13,5,Sunday,18,387,10008152,altard state floral skort /M,Altar'd State,Other,M,1.0,21.99,2.03408,24.02408,21.99,0.0,False,False
2026-05-03,13,5,Sunday,18,386,10008383,Sim & Sam floral blouse/s,Sim & Sam,Top,S,1.0,18.99,1.75658,20.74658,18.99,0.0,False,False
2026-05-03,13,5,Sunday,18,385,10008204,Loft White Cherry LS Blouse S,,Top,,1.0,24.99,2.31158,27.30158,24.99,0.0,False,False
2026-05-02,19,5,Saturday,18,384,10007696,NWTChicos/DenimEmbJacket/Size0,Chico's,Jeans/Pants,0,1.0,79.99,7.39908,87.38908,79.99,0.0,False,False
2026-05-02,17,5,Saturday,18,383,10002418,BCBGenerationSkirt_En / Black / 2 / 13.14,BCBGeneration,Skirt,,1.0,17.99,1.66408,19.65408,17.99,0.0,False,False
2026-05-02,17,5,Saturday,18,382,10006982,Banana Rep White Jean Jacket / Size S,Banana Republic,Jeans/Pants,S,1.0,39.99,3.69908,43.68908,39.99,0.0,False,False
2026-05-02,17,5,Saturday,18,381,10003218,bis Charles Jourdan Heels / Black / 7.5 / abc,Charles Jourdan,Top,,1.0,35.99,3.32908,39.31908,35.99,0.0,True,False
2026-05-02,17,5,Saturday,18,381,10008061,VintageAW/Red&BrwnPurse,American West,Accessories,,1.0,64.99,6.01158,71.00158,64.99,0.0,True,False
2026-05-02,17,5,Saturday,18,381,10001107,Coca ColaTee Shirt_Le / Green / S / 6.58,Coca Cola,Top,,1.0,21.99,2.03408,24.02408,21.99,0.0,True,False
2026-05-02,16,5,Saturday,18,380,10006512,ASISBCBG Beige Embroid Buttondown / Size S,BCBG Maxazria,Other,S,1.0,24.99,2.31158,27.30158,24.99,0.0,False,False
2026-05-02,16,5,Saturday,18,380,10008345,Lulus/CreamLaceBttnDress/SizeS,Lulus,Dress,S,1.0,24.99,2.31158,27.30158,24.99,0.0,False,False
2026-05-02,15,5,Saturday,18,379,10003835,WallFlower LightWash Jacket/Size S,Wallflower Vintage Collection,Jacket/Coat,S,1.0,23.99,2.21908,26.20908,23.99,0.0,False,False
2026-05-02,15,5,Saturday,18,379,10007950,Highway Jeans Jacket Size L,,Jeans/Pants,L,1.0,28.99,2.68158,31.67158,28.99,0.0,False,False
2026-05-02,15,5,Saturday,18,379,10007484,Hudson Gray LS Top Size M,,Top,M,1.0,15.99,1.47908,17.46908,15.99,0.0,False,False
2026-05-02,15,5,Saturday,18,379,10005947,Jessica S NWT White Sweater w Pink / Size M,Jessica Simpson,Sweater/Cardigan,M,1.0,34.99,3.23658,38.22658,34.99,0.0,False,False
2026-05-02,15,5,Saturday,18,379,10007557,Altard State White Sweater Size M,,Sweater/Cardigan,M,1.0,16.0,1.48,17.48,16.0,0.0,False,False
2026-05-02,15,5,Saturday,18,379,10006155,WWDDDollyTshirt/SizeM,Unknown,Top,M,1.0,23.99,2.21908,26.20908,23.99,0.0,False,False
2026-05-02,15,5,Saturday,18,379,10007150,Yellow Chic Vintage T Shirt Size S,,Top,S,1.0,23.99,2.21908,26.20908,23.99,0.0,False,False
2026-05-02,15,5,Saturday,18,378,10002639,CristinaJacket_J / Bluejeans / M / 14.25,Cristina,Jacket/Coat,,1.0,39.99,3.69908,43.68908,39.99,0.0,False,False
2026-05-02,15,5,Saturday,18,377,10004028,Harley DavidsonTank Top_HD / White / L / abc,Harley Davidson,Top,,1.0,23.99,2.21908,26.20908,23.99,0.0,False,False
2026-05-02,15,5,Saturday,18,377,10001050,Harley DavidsonTee Shirt_Li / Grey / L / 6.29,Harley Davidson,Top,,1.0,42.99,3.97658,46.96658,42.99,0.0,False,False
2026-05-02,14,5,Saturday,18,376,10008153,Altar'd State Pink Cherry Tank Top / Size S,Altar'd State,Top,S,1.0,19.99,1.84908,21.83908,19.99,0.0,False,False
2026-05-02,14,5,Saturday,18,375,10007207,Chloe & Katie Yellow Skirt / Size L,Chloe & Katie,Skirt,L,1.0,15.99,1.47908,17.46908,15.99,0.0,False,False
2026-05-02,14,5,Saturday,18,374,10004414,Sheer/Maroon/Size S,The Limited,Other,S,1.0,21.99,2.03408,24.02408,21.99,0.0,False,False
2026-05-02,14,5,Saturday,18,373,10007956,Silver w Blue Accent Necklace,,Accessories,,1.0,21.99,2.03408,24.02408,21.99,0.0,False,False
2026-05-02,14,5,Saturday,18,372,10008324,Saywhat/BlackCorset/SizeL,Say What,Set,L,1.0,14.99,1.38658,16.37658,14.99,0.0,False,False
2026-05-02,14,5,Saturday,18,372,10008232,WHBM Cream Boho Bustier M,,Other,,1.0,33.99,3.14408,37.13408,33.99,0.0,False,False
2026-05-02,14,5,Saturday,18,372,10006841,Offline croped workout top/M,Aerie Offline,Top,M,1.0,12.99,1.20158,14.19158,12.99,0.0,False,False
2026-05-02,14,5,Saturday,18,371,10008297,CorralBoots/MarronStudBoots/Size8,Corral Boots,Shoes,8,1.0,79.99,7.39908,87.38908,79.99,0.0,False,False
2026-05-02,13,5,Saturday,18,370,10008352,BrwnxGreyCroppedVest/SizeM/L,Unknown,Top,M,1.0,14.99,1.38658,16.37658,14.99,0.0,False,False
2026-05-02,13,5,Saturday,18,369,10004933,Soffe/Blk&WhiStripeUTTop/SizeM,Soffe,Other,M,1.0,21.99,2.03408,24.02408,21.99,0.0,False,False
2026-05-02,13,5,Saturday,18,369,10004585,St Johns Bay Orange Butterfly Shortsleeve / Size S,St. John's Bay,Shorts,S,1.0,15.99,1.47908,17.46908,15.99,0.0,False,False
2026-05-02,13,5,Saturday,18,368,10007836,B. Right Pink Rose Strapless Dress / Size S,B. Right,Dress,S,1.0,37.99,3.51408,41.50408,37.99,0.0,True,False
2026-05-02,13,5,Saturday,18,368,10008332,SincerelyJules/GreenlaceDress/SizeXS,Sincerely Jules,Dress,XS,1.0,27.99,2.58908,30.57908,27.99,0.0,True,False
2026-05-02,13,5,Saturday,18,368,10007584,Paddle & Saddle Brown VINTAGE SL Jumpsuit,Paddle & Saddle,Romper/Jumpsuit,,1.0,59.99,5.54908,65.53908,59.99,0.0,True,False
2026-05-02,13,5,Saturday,18,367,10007973,Boden Green LS Top 10,,Top,,1.0,19.0,1.7575,20.7575,19.0,0.0,False,False
2026-05-02,13,5,Saturday,18,366,10008112,Loft knit tanktop/m,Loft,Sweater/Cardigan,M,1.0,24.99,2.31158,27.30158,24.99,0.0,False,False
2026-05-02,13,5,Saturday,18,365,10003892,RalphLauren Pink Tee/Size M,Ralph Lauren Sport,Top,M,1.0,35.99,3.32908,39.31908,35.99,0.0,False,False
2026-05-02,13,5,Saturday,18,365,10002327,Coca ColaTee Shirt_Pr / Red / M / 12.69,Coca Cola,Top,,1.0,14.99,1.38658,16.37658,14.99,0.0,False,False
2026-05-02,11,5,Saturday,18,364,10005896,Griffen Blue Cashmere Sweater / Size M,Griffen,Sweater/Cardigan,M,1.0,29.99,2.77408,32.76408,29.99,0.0,True,False
2026-05-02,11,5,Saturday,18,363,10007089,Margo Paige Clear Purse,Margo Paige,Accessories,,1.0,15.99,1.47908,17.46908,15.99,0.0,False,False
2026-05-01,20,5,Friday,18,362,10005058,Cable Top/ Pink/ Size M,Unknown,Top,M,1.0,16.99,1.57158,18.56158,16.99,0.0,True,False
2026-05-01,20,5,Friday,18,362,10008195,Maeve Apple Tee / Size Small,Maeve,Top,S,1.0,27.99,2.58908,30.57908,27.99,0.0,True,False
2026-05-01,20,5,Friday,18,362,10006720,Lou & Grey Multicolor Striped Top / Size M,Lou & Grey by Loft,Top,M,1.0,19.99,1.84908,21.83908,19.99,0.0,True,False
2026-05-01,20,5,Friday,18,362,10004968,Nirvana Band Tshirt / Size S,Nirvana,Top,S,1.0,21.99,2.03408,24.02408,21.99,0.0,True,False
2026-05-01,20,5,Friday,18,361,10008024,XCVI Green SL Top / Size XS,Xcvi,Top,XS,1.0,19.0,1.7575,20.7575,19.0,0.0,False,False
2026-05-01,20,5,Friday,18,361,10005929,Ann Taylor Brown SS Cover Up / Size 2,Ann Taylor,Top,2,1.0,22.99,2.12658,25.11658,22.99,0.0,False,False
2026-05-01,20,5,Friday,18,361,10004620,Claudia Strater Green & Gold Dress / Size XL,Claudia Strater,Dress,XL,1.0,45.99,4.25408,50.24408,45.99,0.0,False,False
2026-05-01,20,5,Friday,18,360,10008062,KennethC/BrownPurse,Kenneth Cole,Accessories,,1.0,19.99,1.84908,21.83908,19.99,0.0,False,False
2026-05-01,20,5,Friday,18,360,10008063,KennethC/GreyPurse,Kenneth Cole,Accessories,,1.0,22.99,2.12658,25.11658,22.99,0.0,False,False
2026-05-01,20,5,Friday,18,360,10007786,The Limited Beige SL Dress / Size 2,The Limited,Dress,2,1.0,24.99,2.31158,27.30158,24.99,0.0,False,False
2026-05-01,20,5,Friday,18,360,10007868,Calvin K Gray Silk Tank / Size XS,Calvin Klein,Top,XS,1.0,24.99,2.31158,27.30158,24.99,0.0,False,False
2026-05-01,20,5,Friday,18,360,10005003,Live in the Moment Beige SL Crop Top / Size S,Live in the Moment,Top,S,1.0,11.99,1.10908,13.09908,11.99,0.0,False,False
2026-05-01,19,5,Friday,18,359,10007052,Inc Silver Heels/Size 10,Inc,Top,10,1.0,15.99,1.47908,17.46908,15.99,0.0,False,False
2026-05-01,19,5,Friday,18,358,10006315,Wild Fable Orange Crop Top/ Size XS,Wild Fable,Top,XS,1.0,10.99,1.01658,12.00658,10.99,0.0,False,False
2026-05-01,19,5,Friday,18,358,10008323,WildFable/OrangeHalterTop/SizeXS,Wild Fable,Top,XS,1.0,11.99,1.10908,13.09908,11.99,0.0,False,False
2026-05-01,18,5,Friday,18,357,10005979,Ava James Dark Blue Blouse / Size S,Ava James,Top,S,1.0,28.99,2.68158,31.67158,28.99,0.0,False,False
2026-05-01,18,5,Friday,18,357,10005619,Loft Dark Blue Tank w White Stars / Size M,Loft,Top,M,1.0,15.99,1.47908,17.46908,15.99,0.0,False,False
2026-05-01,18,5,Friday,18,356,10007357,Kenzie Black SL Dress / Size S,Kenzie,Dress,S,1.0,25.99,2.40408,28.39408,25.99,0.0,False,False
2026-05-01,18,5,Friday,18,355,10007733,SincerelyJules/WhiCropCoverHoodie/SizeL,Sincerely Jules,Other,L,1.0,17.99,1.66408,19.65408,17.99,0.0,False,False
2026-05-01,18,5,Friday,18,354,10005342,unkown/dress/red/m,Unknown,Dress,M,1.0,25.99,2.40408,28.39408,25.99,0.0,False,False
2026-05-01,15,5,Friday,18,353,10008207,Adiva White LS Blouse M,,Top,,1.0,32.99,3.05158,36.04158,32.99,0.0,False,False
2026-05-01,15,5,Friday,18,353,10004107,Nautica Blk Loafer/Size 7,Nautica,Shoes,7,1.0,25.99,2.40408,28.39408,25.99,0.0,False,False
2026-05-01,14,5,Friday,18,352,10006548,Andree Army Green Vest / Size S,Andree,Top,S,1.0,31.99,2.95908,34.94908,31.99,0.0,False,False
2026-05-01,13,5,Friday,18,351,10004516,Clear Studded Bag,,Accessories,,1.0,13.5,1.24875,14.74875,13.5,0.0,False,False
2026-05-01,13,5,Friday,18,350,10003804,Athleta Navy Pants / Size 4,Athleta,Jeans/Pants,4,1.0,24.99,2.31158,27.30158,24.99,0.0,False,False
2026-05-01,13,5,Friday,18,350,10003658,pistola/pant/red/25,Pistola,Jeans/Pants,25,1.0,32.99,3.05158,36.04158,32.99,0.0,False,False
2026-05-01,12,5,Friday,18,349,10007402,Brighton/WeaveShoulderBag,Brighton,Accessories,,1.0,32.99,3.05158,36.04158,32.99,0.0,False,False
2026-05-01,12,5,Friday,18,349,10007457,Banana Rep Red LS Dress / Size M,Banana Republic,Dress,M,1.0,28.99,2.68158,31.67158,28.99,0.0,False,False
2026-05-01,12,5,Friday,18,349,10003895,Ayla Blk Cropped Shirt/Size M,Ayla,Top,M,1.0,24.99,2.31158,27.30158,24.99,0.0,False,False
2026-04-30,19,4,Thursday,18,348,10007763,Coach/JadeGreyPurse,Coach,Accessories,,1.0,275.0,25.4375,300.4375,275.0,0.0,True,False
2026-04-30,19,4,Thursday,18,348,10007803,pink snakeskin jegging/0,Urban Outfitters,Other,0,1.0,24.99,2.31158,27.30158,24.99,0.0,True,False
2026-04-30,18,4,Thursday,18,347,10006575,Freemarket White Floral Top / Size S,Freemarket,Top,S,1.0,23.99,2.21908,26.20908,23.99,0.0,True,False
2026-04-30,18,4,Thursday,18,347,10006943,UrbanOut/MulticolSTripeShirt/SizeSp,Urban Outfitters,Top,S,1.0,21.99,2.03408,24.02408,21.99,0.0,True,False
2026-04-30,18,4,Thursday,18,347,10007731,House of Harlow Satin Collared Blouse / Size M,House of Harlow 1960,Top,M,1.0,33.99,3.14408,37.13408,33.99,0.0,True,False
2026-04-30,18,4,Thursday,18,347,10005399,lilisidonio/bls/red/xs,Lili Sidonio,Top,XS,1.0,27.99,2.58908,30.57908,27.99,0.0,True,False
2026-04-30,18,4,Thursday,18,347,10006218,silk black tank/small,Tahari,Top,,1.0,19.99,1.84908,21.83908,19.99,0.0,True,False
2026-04-30,18,4,Thursday,18,347,10007995,White & Clear Stone Necklace,,Accessories,,1.0,22.99,2.12658,25.11658,22.99,0.0,True,False
2026-04-30,15,4,Thursday,18,346,10007839,VINTAGE Saks 5th Ave Makeup Compact,Saks 5Th Ave,Other,,1.0,45.0,4.1625,49.1625,45.0,0.0,False,False
2026-04-30,13,4,Thursday,18,345,10007843,Coach Pink Hampton Leather Bag,,Accessories,,1.0,199.99,18.49908,218.48908,199.99,0.0,False,False
2026-04-30,13,4,Thursday,18,344,10008237,Zen Danskin Top/Pant Set S,,Jeans/Pants,,1.0,18.0,1.665,19.665,18.0,0.0,True,False
2026-04-30,13,4,Thursday,18,344,10006036,RiverIsland/LeafBeadShirt/Size10,River Island,Top,10,1.0,22.99,2.12658,25.11658,22.99,0.0,True,False
2026-04-30,12,4,Thursday,18,343,10007985,Brown Cutout Design Leather Belt,Unknown,Accessories,,1.0,12.99,1.20158,14.19158,12.99,0.0,False,False
2026-04-29,19,4,Wednesday,18,342,10008105,vintage kids green dress/5,Unknown,Dress,5,1.0,35.99,3.32908,39.31908,35.99,0.0,False,False
2026-04-29,19,4,Wednesday,18,341,10006311,Vici Hot Pink LS Crop Top / Size S,Vici,Top,S,1.0,28.99,2.68158,31.67158,28.99,0.0,False,False
2026-04-29,18,4,Wednesday,18,340,10007984,Aeropostale Brown Belt with Beige Stitch,Aeropostale,Accessories,,1.0,20.99,1.94158,22.93158,20.99,0.0,False,False
2026-04-29,14,4,Wednesday,18,339,10003333,Madden Girl Pink Strap Leather Heals,Madden Girl,Top,,1.0,27.99,2.58908,30.57908,27.99,0.0,False,False
2026-04-29,14,4,Wednesday,18,339,10008145,NWT altard state cow print crop tank/S,Altar'd State,Top,S,1.0,27.99,2.58908,30.57908,27.99,0.0,False,False
2026-04-29,14,4,Wednesday,18,338,10006741,Raisin' Hell Beige BBall Cap,Unknown,Other,,1.0,21.99,2.03408,24.02408,21.99,0.0,False,False
2026-04-29,13,4,Wednesday,18,337,10004380,ETWO/MulticolBlouse/SizeS,Etwo,Top,S,1.0,32.99,3.05158,36.04158,32.99,0.0,False,False
2026-04-26,18,4,Sunday,17,336,10007982,Beaded Brown Waist Belt,Unknown,Accessories,,1.0,13.99,1.29408,15.28408,13.99,0.0,False,False
2026-04-26,18,4,Sunday,17,336,10004566,Brown Waist Belt Double Loop,,Accessories,,1.0,15.99,1.47908,17.46908,15.99,0.0,False,False
2026-04-26,18,4,Sunday,17,336,10006725,Angel Biba White Lace Dress / Size S,Angel Biba,Dress,S,1.0,32.99,3.05158,36.04158,32.99,0.0,False,False
2026-04-26,18,4,Sunday,17,336,10007781,Zara White LS Lace Top / Size M,Zara,Top,M,1.0,23.99,2.21908,26.20908,23.99,0.0,False,False
2026-04-26,18,4,Sunday,17,336,10007822,Gap White Lace Top XS,,Top,,1.0,15.99,1.47908,17.46908,15.99,0.0,False,False
2026-04-26,17,4,Sunday,17,335,10007140,WHBM Corset Black Floral/Size 6,White House Black Market,Set,6,1.0,25.99,2.40408,28.39408,25.99,0.0,False,False
2026-04-26,17,4,Sunday,17,335,10006271,Basket Tote/Purse,Unknown,Accessories,,1.0,35.99,3.32908,39.31908,35.99,0.0,False,False
2026-04-26,17,4,Sunday,17,334,10002204,Love Fire Bodysuit Black / Black / M / 12.07,Love Fire,Top,,1.0,15.99,1.47908,17.46908,15.99,0.0,False,False
2026-04-26,17,4,Sunday,17,334,10005934,Zara White Bodysuit / Size M,Zara,Top,M,1.0,34.99,3.23658,38.22658,34.99,0.0,False,False
2026-04-26,17,4,Sunday,17,334,10007070,Liz Claiborne Brown Flats/Size 8.5,Liz Claiborne,Shoes,8.5,1.0,10.99,1.01658,12.00658,10.99,0.0,False,False
2026-04-26,17,4,Sunday,17,333,10003154,Pink Plastic Purse / Hot Pink / OS / abc,Unknown,Accessories,,1.0,20.0,1.85,21.85,20.0,0.0,False,False
2026-04-26,16,4,Sunday,17,332,10004776,Coldwater Creek Black Floral Velvet Skirt / Size XL,Coldwater Creek,Skirt,XL,1.0,25.99,2.40408,28.39408,25.99,0.0,False,False
2026-04-26,15,4,Sunday,17,331,10005868,Zara White Black Stripe Crop Top / Size M,Zara,Top,M,1.0,24.99,2.31158,27.30158,24.99,0.0,False,False
2026-04-26,14,4,Sunday,17,330,10006869,Armani/WhiQuarterShirt/Size6,Armani,Top,6,1.0,34.99,3.23658,38.22658,34.99,0.0,True,False
2026-04-26,11,4,Sunday,17,329,10007886,VintageRedLeatherDress/Size40,Unknown,Dress,40,1.0,35.99,3.32908,39.31908,35.99,0.0,False,False
2026-04-26,11,4,Sunday,17,329,10004011,Ellcont Floral Dress Vintage,Ellcont,Dress,,1.0,25.99,2.40408,28.39408,25.99,0.0,False,False
2026-04-26,10,4,Sunday,17,328,10006612,Easel Beige Floral Kimono Top / Size L,Easel,Top,L,1.0,24.99,2.31158,27.30158,24.99,0.0,False,False
2026-04-25,19,4,Saturday,17,327,10006514,VINTAGE JR Bazaar Black Colorful Skirt / Size 11,JR Bazaar,Skirt,11,1.0,39.99,3.69908,43.68908,39.99,0.0,False,False
2026-04-25,18,4,Saturday,17,326,10004822,Orange Vote T Tshirt / Size M,Unknown,Top,M,1.0,12.99,1.20158,14.19158,12.99,0.0,False,False
2026-04-25,15,4,Saturday,17,325,10006233,smiley tshirt/medium,Newbury Kustom,Top,,1.0,25.99,2.40408,28.39408,25.99,0.0,False,False
2026-04-25,15,4,Saturday,17,325,10007368,PinkFloyd/Tshirt/SizeM,Pink Floyd,Top,M,1.0,14.99,1.38658,16.37658,14.99,0.0,False,False
2026-04-25,15,4,Saturday,17,324,10006617,Charlie Horse Handcrafted Brazilian Boots 8.5,,Shoes,,1.0,125.0,11.5625,136.5625,125.0,0.0,False,False
2026-04-25,13,4,Saturday,17,323,10007907,X2 Jean Skirt / Size 6,X2,Skirt,6,1.0,22.99,2.12658,25.11658,22.99,0.0,True,False
2026-04-25,13,4,Saturday,17,323,10007930,Luxology Beige Pink SL Long Dress / Size L,Luxology,Dress,L,1.0,19.99,1.84908,21.83908,19.99,0.0,True,False
2026-04-25,13,4,Saturday,17,323,10006960,LIV Los Angeles White Seethrough LS / Size 2x,LIV Los Angeles,Top,2,1.0,23.99,2.21908,26.20908,23.99,0.0,True,False
2026-04-25,13,4,Saturday,17,323,10005915,Desigual Blue Skirt / Size XXL,Desigual,Skirt,XXL,1.0,39.99,3.69908,43.68908,39.99,0.0,True,False
2026-04-25,13,4,Saturday,17,322,10008031,Nanette Lepore Brown Blouse 10,,Top,,1.0,26.0,2.405,28.405,26.0,0.0,False,False
2026-04-25,13,4,Saturday,17,322,10007792,Westbound White Knit Poncho / One Size,Westbound,Sweater/Cardigan,,1.0,16.99,1.57158,18.56158,16.99,0.0,False,False
2026-04-25,13,4,Saturday,17,321,10006341,Pink Blouse W Ruffles / Size S,Unknown,Top,S,1.0,22.99,2.12658,25.11658,22.99,0.0,True,False
2026-04-25,13,4,Saturday,17,321,10006890,EriXAll/HotpinkruffleTop/Size6,Eri & All,Other,6,1.0,24.99,2.31158,27.30158,24.99,0.0,True,False
2026-04-25,13,4,Saturday,17,320,10006574,Banana Rep Emerald Green SL Top / Size M,Banana Republic,Top,M,1.0,15.99,1.47908,17.46908,15.99,0.0,False,False
2026-04-25,13,4,Saturday,17,320,10005657,One Secret Beige w Stripe Panel / Size L,One Secret,Other,L,1.0,24.99,2.31158,27.30158,24.99,0.0,False,False
2026-04-25,13,4,Saturday,17,320,10007530,Japna Sleeveless Blouse Pink M,,Top,,1.0,21.99,2.03408,24.02408,21.99,0.0,False,False
2026-04-25,13,4,Saturday,17,320,10007965,BCBGMax Black/Grey SS Top,,Top,,1.0,23.0,2.1275,25.1275,23.0,0.0,False,False
2026-04-25,13,4,Saturday,17,319,10007232,Beli Fama Dress Size,,Dress,,1.0,22.99,2.12658,25.11658,22.99,0.0,True,False
2026-04-25,13,4,Saturday,17,319,10008017,Paani Luv Blue Floral Skirt / Size S,Paani Luv,Skirt,S,1.0,19.0,1.7575,20.7575,19.0,0.0,True,False
2026-04-25,13,4,Saturday,17,319,10007305,Old Navy Beige High Rise Pants / Size 6,Old Navy,Jeans/Pants,6,1.0,15.99,1.47908,17.46908,15.99,0.0,True,False
2026-04-25,13,4,Saturday,17,319,10007940,Green Flower Necklace Choker,Unknown,Accessories,,1.0,19.99,1.84908,21.83908,19.99,0.0,True,False
2026-04-25,12,4,Saturday,17,318,10007972,Le Chateau Leopard Boustier M,,Accessories,,1.0,15.0,1.3875,16.3875,15.0,0.0,True,False
2026-04-25,12,4,Saturday,17,318,10007628,NWT Marc NY Faux Fur Yellow M,,Other,,1.0,35.99,3.32908,39.31908,35.99,0.0,True,False
2026-04-25,12,4,Saturday,17,318,10007606,D&Y Black Corduroy Hat,,Accessories,,1.0,24.99,2.31158,27.30158,24.99,0.0,True,False
2026-04-25,12,4,Saturday,17,317,10004866,DraperJNWT/DarkPurpSkirt/SizeL,Draper James,Skirt,L,1.0,32.99,3.05158,36.04158,32.99,0.0,True,False
2026-04-25,12,4,Saturday,17,317,10005488,sadie&sage/bls/beige/m,Sadie & Sage,Top,M,1.0,25.99,2.40408,28.39408,25.99,0.0,True,False
2026-04-25,11,4,Saturday,17,316,10008008,J & X Black Beaded Peacock Scarf,J & X,Accessories,,1.0,24.99,2.31158,27.30158,24.99,0.0,True,False
2026-04-25,10,4,Saturday,17,315,10003417,Slenderella Slip Dress Black Size M,Slenderella,Dress,M,1.0,17.99,1.66408,19.65408,17.99,0.0,True,False
2026-04-25,10,4,Saturday,17,315,10004032,Harley DavidsonTank Top_Hdaa / Black / XS / abc,Harley Davidson,Top,,1.0,21.99,2.03408,24.02408,21.99,0.0,True,False
2026-04-25,10,4,Saturday,17,314,10008085,10002312,,Other,,1.0,18.99,1.75658,20.74658,18.99,0.0,False,False
2026-04-24,19,4,Friday,17,313,10006287,Old Navy White Floral Wrap Top / Size S,Old Navy,Top,S,1.0,12.99,1.20158,14.19158,12.99,0.0,False,False
2026-04-24,19,4,Friday,17,312,10007717,Talbots Beige Floral Skirt / Size 2,Talbots,Skirt,2,1.0,21.99,2.03408,24.02408,21.99,0.0,False,False
2026-04-24,19,4,Friday,17,311,10007641,Nine West Pink Yellow Tie Up Wedges / Size 9,Nine West,Other,9,1.0,23.99,2.21908,26.20908,23.99,0.0,False,False
2026-04-24,19,4,Friday,17,311,10005824,Shoreline Pink Purple Dress/Size OS,Shoreline,Dress,,1.0,38.99,3.60658,42.59658,38.99,0.0,False,False
2026-04-24,19,4,Friday,17,310,10005832,Delias Blue and Floral Dress/Size M,Delia's,Dress,M,1.0,32.99,3.05158,36.04158,32.99,0.0,False,False
2026-04-24,19,4,Friday,17,310,10007042,Comfortiva Pink Sandals/Size 7,Comfortiva,Top,7,1.0,29.99,2.77408,32.76408,29.99,0.0,False,False
2026-04-24,19,4,Friday,17,309,10007492,Easel Grey LS Top Size L,,Top,L,1.0,23.99,2.21908,26.20908,23.99,0.0,False,False
2026-04-24,19,4,Friday,17,309,10003866,Nicfazy Green Yellow Dress / Size XL,Nicfazy,Dress,XL,1.0,26.99,2.49658,29.48658,26.99,0.0,False,False
2026-04-24,17,4,Friday,17,308,10006886,Billabong/YellowFlowerSkirt/SizeM,Billabong,Skirt,M,1.0,23.99,2.21908,26.20908,23.99,0.0,False,False
2026-04-24,15,4,Friday,17,307,10007356,naked zebra navy blouse/s,Naked Zebra,Top,S,1.0,15.99,1.47908,17.46908,15.99,0.0,False,False
2026-04-24,15,4,Friday,17,307,10005046,Adrianna Papell/ Blouse/ Pink/ Size M,Adrianna Papell,Top,M,1.0,27.99,2.58908,30.57908,27.99,0.0,False,False
2026-04-24,15,4,Friday,17,306,10004115,Comfort Blue Acid Wash Tee/Size M,Comfort Colors,Top,M,1.0,15.99,1.47908,17.46908,15.99,0.0,False,False
2026-04-24,15,4,Friday,17,305,10006665,Tribe Azure Purple Flowly Romper / Size S,Tribe Azure,Romper/Jumpsuit,S,1.0,22.99,2.12658,25.11658,22.99,0.0,False,False
2026-04-24,14,4,Friday,17,304,10007011,Express Bleus Sage Green Sweatervest / Size L,Express Bleus,Sweater/Cardigan,L,1.0,22.99,2.12658,25.11658,22.99,0.0,False,False
2026-04-24,14,4,Friday,17,304,10007452,Black Pleather Purse Silver Hardware,Unknown,Accessories,,1.0,18.99,1.75658,20.74658,18.99,0.0,False,False
2026-04-24,14,4,Friday,17,303,10007987,Brown Leather Belt Red Blue Studs,Unknown,Accessories,,1.0,17.99,1.66408,19.65408,17.99,0.0,False,False
2026-04-24,14,4,Friday,17,302,10007104,NWT H&M Peach Top/Size S,H&M,Top,S,1.0,17.99,1.66408,19.65408,17.99,0.0,False,False
2026-04-24,14,4,Friday,17,301,10002378,Lucky BrandTee Shirt_DI / Pink / XS / 12.94,Lucky Brand,Top,,1.0,14.99,1.38658,16.37658,14.99,0.0,False,False
2026-04-24,14,4,Friday,17,301,10007848,NWT Allen B. Dress Size L,,Dress,L,1.0,28.99,2.68158,31.67158,28.99,0.0,False,False
2026-04-24,14,4,Friday,17,301,10007438,Unknown Black/White Dress Size XL,,Dress,XL,1.0,12.99,1.20158,14.19158,12.99,0.0,False,False
2026-04-24,13,4,Friday,17,300,10002572,Skims NWTSS Top_Ry / Black / XL / 13.91,Skims,Top,,1.0,24.99,2.31158,27.30158,24.99,0.0,False,False
2026-04-24,13,4,Friday,17,300,10006489,Nike Knoxville Tshirt / Size XXL,Nike,Top,XXL,1.0,19.99,1.84908,21.83908,19.99,0.0,False,False
2026-04-24,13,4,Friday,17,299,10006966,Lauren RL White Off Shoulder Top / Size S,Lauren Ralph Lauren,Top,S,1.0,37.99,3.51408,41.50408,37.99,0.0,False,False
2026-04-24,13,4,Friday,17,299,10004870,AnnTaylor/Red&WhiFloralSkirt/Size4,Ann Taylor,Skirt,4,1.0,24.99,2.31158,27.30158,24.99,0.0,False,False
2026-04-23,18,4,Thursday,17,297,10007900,NWT Liz Claiborne Brown Hat,,Accessories,,1.0,24.99,2.31158,27.30158,24.99,0.0,False,False
2026-04-23,18,4,Thursday,17,296,10007337,ASTR White Dress / Size M,Astr,Dress,M,1.0,32.99,3.05158,36.04158,32.99,0.0,False,False
2026-04-23,18,4,Thursday,17,295,10004185,Harley D. Leather Boots / Size 9.5,Harley Davidson,Shoes,9.5,1.0,79.99,7.39908,87.38908,79.99,0.0,False,False
2026-04-23,16,4,Thursday,17,294,10007906,Sincerely Jules NWT Jean Top / Size L,Sincerely Jules,Jeans/Pants,L,1.0,21.99,2.03408,24.02408,21.99,0.0,False,False
2026-04-23,16,4,Thursday,17,294,10005643,Tahari Purple Satin Top / Size L,Tahari,Top,L,1.0,15.99,1.47908,17.46908,15.99,0.0,False,False
2026-04-23,16,4,Thursday,17,293,10008025,Hurley Leopard Shorts,Hurley,Shorts,,1.0,17.0,1.5725,18.5725,17.0,0.0,True,False
2026-04-23,13,4,Thursday,17,292,10005162,DKNY/ Embellished Floral Top/ Blk/ Size XL,Dkny,Top,XL,1.0,22.99,2.12658,25.11658,22.99,0.0,False,False
2026-04-23,12,4,Thursday,17,291,10005371,Unknown Gray/White/Blk Marbled Top/Size S,Unknown,Top,S,1.0,24.99,2.31158,27.30158,24.99,0.0,False,False
2026-04-23,12,4,Thursday,17,291,10005259,Tahari Satin Gold SL Top Black Ruffle / Size S,Tahari,Top,S,1.0,23.99,2.21908,26.20908,23.99,0.0,False,False
2026-04-22,18,4,Wednesday,17,290,10006773,Vintage Light Blue Lace Dress/Size M,Unknown,Dress,M,1.0,65.99,6.10408,72.09408,65.99,0.0,False,False
2026-04-22,14,4,Wednesday,17,289,10004034,Harley DavidsonTee Shirt_hdac / Black / XL / abc,Harley Davidson,Top,,1.0,22.99,2.12658,25.11658,22.99,0.0,False,False
2026-04-22,13,4,Wednesday,17,288,10007339,Chicos Vintage Necklace,Chico's,Accessories,,1.0,16.99,1.57158,18.56158,16.99,0.0,False,False
2026-04-22,13,4,Wednesday,17,287,10007601,Pink Butterfly Hat,,Accessories,,1.0,15.99,1.47908,17.46908,15.99,0.0,False,False
2026-04-22,13,4,Wednesday,17,287,10006244,SJB Active White Gray Tank / Size S,SJB Active,Top,S,1.0,9.99,0.92408,10.91408,9.99,0.0,False,False
2026-04-22,13,4,Wednesday,17,287,10006145,Avenue/MulticolSkirt/Size18/20,Avenue,Skirt,18,1.0,28.99,2.68158,31.67158,28.99,0.0,False,False
2026-04-22,13,4,Wednesday,17,287,10004874,JMcollect/skrt/multibeige/16P,JM Collection,Skirt,,1.0,27.99,2.58908,30.57908,27.99,0.0,False,False
2026-04-22,13,4,Wednesday,17,287,10005738,Coach Fringe Brown Purse AS IS,Coach,Accessories,,1.0,275.0,25.4375,300.4375,275.0,0.0,False,False
2026-04-22,13,4,Wednesday,17,287,10003913,La Sensa Ylw&Gry Halter/Size L,La Sensa,Top,L,1.0,24.99,2.31158,27.30158,24.99,0.0,False,False
2026-04-22,13,4,Wednesday,17,287,10004877,one step/tank/teal/46,One Step,Top,46,1.0,22.99,2.12658,25.11658,22.99,0.0,False,False
2026-04-22,13,4,Wednesday,17,287,10002408,In BloomCamisole_Je / White / L / 13.09,In Bloom,Top,,1.0,24.99,2.31158,27.30158,24.99,0.0,False,False
2026-04-22,13,4,Wednesday,17,287,10005653,Caroline Hill Beige Tank w Fringe / Size L,Caroline Hill,Top,L,1.0,15.99,1.47908,17.46908,15.99,0.0,False,False
2026-04-22,13,4,Wednesday,17,287,10004503,Hydraulic Jean Skirt/Size 14,Hydraulic,Skirt,14,1.0,15.99,1.47908,17.46908,15.99,0.0,False,False
2026-04-22,13,4,Wednesday,17,287,10006508,New Directions NWT B & W Tank / Size M,New Directions,Top,M,1.0,17.99,1.66408,19.65408,17.99,0.0,False,False
2026-04-22,12,4,Wednesday,17,286,10006459,Paper Crane White Pattern Crop Top / Size M,Paper Crane,Top,M,1.0,26.99,2.49658,29.48658,26.99,0.0,False,False
2026-04-22,12,4,Wednesday,17,286,10006187,blue and white long sleeve croptop/medium,Shade Shore,Top,,1.0,12.99,1.20158,14.19158,12.99,0.0,False,False
2026-04-22,12,4,Wednesday,17,286,10007400,Zara/YllwFloralCutoutDress/SizeM,Zara,Dress,M,1.0,18.99,1.75658,20.74658,18.99,0.0,False,False
2026-04-19,18,4,Sunday,16,285,10006930,Kensie/WhitelaceDress/Size10,Kensie,Dress,10,1.0,24.99,2.31158,27.30158,24.99,0.0,False,False
2026-04-19,18,4,Sunday,16,284,10007762,MissDorby/BlkWhiPadJacket/Size14,Miss Dorby,Jacket/Coat,14,1.0,23.99,2.21908,26.20908,23.99,0.0,False,False
2026-04-19,18,4,Sunday,16,284,10003720,TheSak Blk Deena Flap Bag,The Sak,Accessories,,1.0,25.99,2.40408,28.39408,25.99,0.0,False,False
2026-04-19,18,4,Sunday,16,283,10006150,ButterflyNecklace,Unknown,Accessories,,1.0,25.99,2.40408,28.39408,25.99,0.0,False,False
2026-04-19,18,4,Sunday,16,282,10007711,Talbots White Button Up Top / Size 6,Talbots,Top,6,1.0,14.99,1.38658,16.37658,14.99,0.0,False,False
2026-04-19,18,4,Sunday,16,282,10007916,Posty Co Black Tour Tshirt / Size 2XL,Posty Co,Top,2,1.0,19.99,1.84908,21.83908,19.99,0.0,False,False
2026-04-19,18,4,Sunday,16,282,10006563,Free People Black Tank Emb / Size M,Free People,Top,M,1.0,18.99,1.75658,20.74658,18.99,0.0,False,False
2026-04-19,15,4,Sunday,16,281,10006553,Desigual Green Denim Sequin Jacket / Size 46,Desigual,Jeans/Pants,46,1.0,85.99,7.95408,93.94408,85.99,0.0,False,False
2026-04-19,15,4,Sunday,16,280,10007908,Wild Fable Jean Colorful Skirt / Size 4,Wild Fable,Skirt,4,1.0,22.99,2.12658,25.11658,22.99,0.0,False,False
2026-04-19,15,4,Sunday,16,279,10007777,J Crew Pink Orange Floral SL Long Dress / Size XS,J.Crew,Dress,XS,1.0,34.99,3.23658,38.22658,34.99,0.0,False,False
2026-04-19,14,4,Sunday,16,278,10003610,lucky brand/tank/blue/s,Lucky Brand,Top,S,1.0,14.99,1.38658,16.37658,14.99,0.0,False,False
2026-04-19,14,4,Sunday,16,277,10006382,Next Brown Belt,Next,Accessories,,1.0,14.99,1.38658,16.37658,14.99,0.0,False,False
2026-04-19,14,4,Sunday,16,276,10003355,Madewell Brown Loafer Size 7 1/2,Madewell,Shoes,7,1.0,29.99,2.77408,32.76408,29.99,0.0,False,False
2026-04-19,14,4,Sunday,16,275,10005029,Bailey44/Sheer Blouse/Blk/Size S,Bailey 44,Top,S,1.0,24.99,2.31158,27.30158,24.99,0.0,False,False
2026-04-19,14,4,Sunday,16,274,10006689,Light Wash Jean Vest / Size XL,Unknown,Jeans/Pants,XL,1.0,19.99,1.84908,21.83908,19.99,0.0,False,False
2026-04-19,13,4,Sunday,16,273,10003562,Hawaiian Punch Tee Shirt,Hawaiian Punch,Top,,1.0,19.99,1.84908,21.83908,19.99,0.0,False,False
2026-04-19,13,4,Sunday,16,273,10007918,Hem & Thread Cheetah Tank / Size L,Hem & Thread,Top,L,1.0,22.99,2.12658,25.11658,22.99,0.0,False,False
2026-04-19,13,4,Sunday,16,272,10003703,U.a./ Fringe Top/Size S,U.A.,Top,S,1.0,25.99,2.40408,28.39408,25.99,0.0,False,False
2026-04-19,13,4,Sunday,16,272,10005503,BCBG Tan Crochet SL Peplum Top / Size S,BCBG Maxazria,Top,S,1.0,22.99,2.12658,25.11658,22.99,0.0,False,False
2026-04-19,13,4,Sunday,16,271,10007765,Merit/BrownBag,Merit,Accessories,,1.0,14.99,1.38658,16.37658,14.99,0.0,False,False
2026-04-19,13,4,Sunday,16,270,10007215,Banana Republic Black SL Dress / Size 6,Banana Republic,Dress,6,1.0,23.99,2.21908,26.20908,23.99,0.0,False,False
2026-04-19,11,4,Sunday,16,269,10005410,Maeve/PinkPatternDress/SizeXL,Maeve,Dress,XL,1.0,32.99,3.05158,36.04158,32.99,0.0,False,False
2026-04-18,19,4,Saturday,16,268,10006868,JackWills/JeanShort/Size6,Jack Wills,Shorts,6,1.0,19.99,1.84908,21.83908,19.99,0.0,False,False
2026-04-18,19,4,Saturday,16,268,10007453,Ann Taylor Red Purse,Ann Taylor,Accessories,,1.0,19.99,1.84908,21.83908,19.99,0.0,False,False
2026-04-18,19,4,Saturday,16,267,10005441,Zara/ Wrap Dress/ Pnk/ Size L,Zara,Dress,L,1.0,24.99,2.31158,27.30158,24.99,0.0,False,False
2026-04-18,19,4,Saturday,16,267,10006768,Free People Tunic White / Size L,Free People,Other,L,1.0,26.99,2.49658,29.48658,26.99,0.0,False,False
2026-04-18,19,4,Saturday,16,267,10007701,HerENSG/OrangeButtonRomper/SizeL,Her Entire Name Says Grace,Romper/Jumpsuit,L,1.0,29.99,2.77408,32.76408,29.99,0.0,False,False
2026-04-18,19,4,Saturday,16,266,10006675,BDG Jean Skirt / Size S,Bdg,Skirt,S,1.0,16.0,1.48,17.48,16.0,0.0,False,False
2026-04-18,19,4,Saturday,16,266,10006280,Rebellion Again Floral Top / Size S,Rebellion Again,Top,S,1.0,22.99,2.12658,25.11658,22.99,0.0,False,False
2026-04-18,19,4,Saturday,16,265,10005288,ZacXRachel/GreenLaceTop/Size2X,Zac & Rachel,Other,2,1.0,18.99,1.75658,20.74658,18.99,0.0,False,False
2026-04-18,19,4,Saturday,16,265,10003449,NWT Diane Gilman Bluejeans Size 16,Diane Gilman,Jeans/Pants,16,1.0,27.99,2.58908,30.57908,27.99,0.0,False,False
2026-04-18,19,4,Saturday,16,265,10005776,Exclusive/MulticolLongSlve/SizeL,Exclusive,Other,L,1.0,24.99,2.31158,27.30158,24.99,0.0,False,False
2026-04-18,19,4,Saturday,16,265,10006440,desigual black sweater jean jacket/46,Desigual,Jeans/Pants,46,1.0,85.99,7.95408,93.94408,85.99,0.0,False,False
2026-04-18,18,4,Saturday,16,264,10004535,VINTAGE Beige Slip Dress Embr / Size S,,Dress,S,1.0,39.99,3.69908,43.68908,39.99,0.0,False,False
2026-04-18,18,4,Saturday,16,264,10006757,Victoria's S Black Corset Top / Size M,Victoria's Secret,Top,M,1.0,35.99,3.32908,39.31908,35.99,0.0,False,False
2026-04-18,18,4,Saturday,16,263,10005607,Coach Black Leather Purse,Coach,Accessories,,1.0,225.0,20.8125,245.8125,225.0,0.0,False,False
2026-04-18,17,4,Saturday,16,262,10007772,XXZ Black Red Dot SL Dress / Size S,Xxz,Dress,S,1.0,27.99,2.58908,30.57908,27.99,0.0,False,False
2026-04-18,17,4,Saturday,16,261,10007161,Love Riche,,Other,,1.0,28.99,2.68158,31.67158,28.99,0.0,False,False
2026-04-18,17,4,Saturday,16,261,10006359,PamelaStewart/BlkstrapTop/SizeL,Pamela Stewart,Other,L,1.0,24.99,2.31158,27.30158,24.99,0.0,False,False
2026-04-18,17,4,Saturday,16,261,10006153,Vintage1978AvonShimmeringSands,Avon,Accessories,,1.0,31.99,2.95908,34.94908,31.99,0.0,False,False
2026-04-18,17,4,Saturday,16,261,10003709,Pink Snakeskin Belt,,Accessories,,1.0,9.99,0.92408,10.91408,9.99,0.0,False,False
2026-04-18,17,4,Saturday,16,261,10005587,Rose Pink Half Circle Earrings,Unknown,Accessories,,1.0,8.5,0.78625,9.28625,8.5,0.0,False,False
2026-04-18,17,4,Saturday,16,261,10007414,David&Young/BeadedBeachHat,David & Young,Accessories,,1.0,15.99,1.47908,17.46908,15.99,0.0,False,False
2026-04-18,17,4,Saturday,16,261,10007844,Leather Strap Medallion Necklace,,Accessories,,1.0,21.99,2.03408,24.02408,21.99,0.0,False,False
2026-04-18,17,4,Saturday,16,261,10004219,Gold/White Necklace,Unknown,Accessories,,1.0,15.99,1.47908,17.46908,15.99,0.0,False,False
2026-04-18,17,4,Saturday,16,261,10005514,Urban Outfitters Multi Color SL Dress / Size M,Urban Outfitters,Dress,M,1.0,22.99,2.12658,25.11658,22.99,0.0,False,False
2026-04-18,17,4,Saturday,16,261,10007891,Silver bracelet/ silbver,Unknown,Accessories,,1.0,55.0,5.0875,60.0875,55.0,0.0,False,False
2026-04-18,17,4,Saturday,16,261,10007892,Bluebracelet/blue,Unknown,Accessories,,1.0,15.99,1.47908,17.46908,15.99,0.0,False,False
2026-04-18,16,4,Saturday,16,260,10007548,Cisos Design Brown Sleeveless 8,,Top,,1.0,12.0,1.11,13.11,12.0,0.0,False,False
2026-04-18,16,4,Saturday,16,259,10007827,Kenneth Cole Brown Boots Size 8,,Shoes,8,1.0,24.99,2.31158,27.30158,24.99,0.0,True,False
2026-04-18,16,4,Saturday,16,259,10004686,unknown/belt/bwn sprk,Unknown,Accessories,,1.0,32.99,3.05158,36.04158,32.99,0.0,True,False
2026-04-18,16,4,Saturday,16,259,10004962,Pink Orange Skirt White Flowers Skirt / Size 8,Unknown,Skirt,8,1.0,28.99,2.68158,31.67158,28.99,0.0,True,False
2026-04-18,16,4,Saturday,16,259,10007043,Nine West Green Flats/ Size 8,,Shoes,8,1.0,19.99,1.84908,21.83908,19.99,0.0,True,False
2026-04-18,15,4,Saturday,16,258,10004067,Fossil Yellow Leather Belt/Size S,Fossil,Top,S,1.0,29.99,2.77408,32.76408,29.99,0.0,False,False
2026-04-18,15,4,Saturday,16,257,10007028,Zara Sleeveless Bodysuit/ Blk & Blue Size M,Zara,Top,M,1.0,24.99,2.31158,27.30158,24.99,0.0,False,False
2026-04-18,15,4,Saturday,16,257,10004876,JBD/skrt/denim/M,Jbd,Skirt,M,1.0,16.99,1.57158,18.56158,16.99,0.0,False,False
2026-04-18,15,4,Saturday,16,257,10006691,Mink Pink Multicolor SL Dress / Size S,MinkPink,Dress,S,1.0,39.99,3.69908,43.68908,39.99,0.0,False,False
2026-04-18,15,4,Saturday,16,256,10006908,ThadiaSoli/DenimFlowerSkirt/Size13/14,Thadia Sodi,Skirt,13,1.0,26.99,2.49658,29.48658,26.99,0.0,False,False
2026-04-18,14,4,Saturday,16,255,10005476,billa bong/bls/pnk/sp,Billabong,Top,,1.0,25.99,2.40408,28.39408,25.99,0.0,False,False
2026-04-18,14,4,Saturday,16,255,10006364,SeeYouMon/PnkAsymTubeTop/SizeL,See You Monday,Top,L,1.0,32.99,3.05158,36.04158,32.99,0.0,False,False
2026-04-18,14,4,Saturday,16,254,10007031,Bar III Floral Skirt/ Size XXL,Bar III,Skirt,XXL,1.0,29.99,2.77408,32.76408,29.99,0.0,False,False
2026-04-18,13,4,Saturday,16,253,10007082,Chinese Laundry Brown Mules Size 9,Chinese Laundry,Other,9,1.0,22.99,2.12658,25.11658,22.99,0.0,False,False
2026-04-18,13,4,Saturday,16,253,10007190,Altard State Dress Brown Size L,,Dress,L,1.0,24.99,2.31158,27.30158,24.99,0.0,False,False
2026-04-18,13,4,Saturday,16,253,10002883,The Rolling StonesTee Shirt_Ch / Black / L / 15.47,The Rolling Stones,Top,,1.0,11.99,1.10908,13.09908,11.99,0.0,False,False
2026-04-18,13,4,Saturday,16,252,10005966,VINTAGE Blue Pattern LS Dress / Size 12,Unknown,Dress,12,1.0,34.99,3.23658,38.22658,34.99,0.0,False,False
2026-04-18,13,4,Saturday,16,252,10007382,SterlingSilverTigersEyeRing,Unknown,Accessories,,1.0,85.99,7.95408,93.94408,85.99,0.0,False,False
2026-04-18,12,4,Saturday,16,251,10005149,UJA/ Collar Shirt/ Grey/ Size M,Uja,Top,M,1.0,22.99,2.12658,25.11658,22.99,0.0,False,False
2026-04-18,12,4,Saturday,16,251,10003294,Loft Green Front Pocket Skirt / Green / 6 / abc,Loft,Skirt,,1.0,19.99,1.84908,21.83908,19.99,0.0,False,False
2026-04-18,12,4,Saturday,16,251,10007442,Signals Mulit-Color Pants Size L,,Jeans/Pants,L,1.0,12.99,1.20158,14.19158,12.99,0.0,False,False
2026-04-18,12,4,Saturday,16,250,10004353,Loveriche Brown Skirt/ Size S,Loveriche,Skirt,S,1.0,25.99,2.40408,28.39408,25.99,0.0,False,False
2026-04-18,12,4,Saturday,16,249,10006659,TH Los Angeles Brown & Beige Dress / Size S,Thya Los Angeles,Dress,S,1.0,32.99,3.05158,36.04158,32.99,0.0,True,False
2026-04-18,12,4,Saturday,16,249,10007102,Stella Dot White Cabochon Pendant Necklace,Stella & Dot,Accessories,,1.0,25.99,2.40408,28.39408,25.99,0.0,True,False
2026-04-18,12,4,Saturday,16,248,10007613,Monteau White Lace Shorts Size L,,Shorts,L,1.0,27.99,2.58908,30.57908,27.99,0.0,True,False
2026-04-18,12,4,Saturday,16,247,10005941,Michael Kors Brown Little Bag w Tassel,Michael Kors,Top,,1.0,85.99,7.95408,93.94408,85.99,0.0,True,False
2026-04-18,12,4,Saturday,16,247,10007407,Turquoise Color Silver Ring,Unknown,Accessories,,1.0,8.99,0.83158,9.82158,8.99,0.0,True,False
2026-04-18,11,4,Saturday,16,246,10005833,Sensation Denim Dress/Size XL,Sensation,Dress,XL,1.0,32.99,3.05158,36.04158,32.99,0.0,False,False
2026-04-18,11,4,Saturday,16,245,10007359,Schutz Black Woven Flats / Size 9.5,Schutz,Shoes,9.5,1.0,28.99,2.68158,31.67158,28.99,0.0,True,False
2026-04-18,11,4,Saturday,16,244,10007350,Altardstateorangeandwhitecheckeredshort/xs,Altar'd State,Shorts,XS,1.0,28.99,2.68158,31.67158,28.99,0.0,False,False
2026-04-17,19,4,Friday,16,243,10005755,Heart Soul Light Pink & Black Blouse / Size S,Heart Soul,Top,S,1.0,25.99,2.40408,28.39408,25.99,0.0,False,False
2026-04-17,19,4,Friday,16,242,10007342,Brighton Silver Necklace,Brighton,Accessories,,1.0,18.99,1.75658,20.74658,18.99,0.0,False,False
2026-04-17,18,4,Friday,16,241,10007881,Sezane Black/White Pants S,,Jeans/Pants,,1.0,29.0,2.6825,31.6825,29.0,0.0,False,False
2026-04-17,15,4,Friday,16,240,10004882,express/jckt/dnm/s,Express,Jeans/Pants,S,1.0,14.99,1.38658,16.37658,14.99,0.0,True,False
2026-04-17,15,4,Friday,16,240,10005820,Patrons of Peace Top/ Floral Beige and Pink/Size XS,Patrons of Peace,Top,XS,1.0,24.99,2.31158,27.30158,24.99,0.0,True,False
2026-04-17,14,4,Friday,16,239,10007343,Nakamol Stone Wrap Bracelet,Nakamol,Accessories,,1.0,18.99,1.75658,20.74658,18.99,0.0,False,False
2026-04-17,14,4,Friday,16,239,10006388,WW Black Snakeskin Belt / Size 2X,Ww,Accessories,2,1.0,18.99,1.75658,20.74658,18.99,0.0,False,False
2026-04-17,14,4,Friday,16,238,10007241,Zara Light Blue Dress Size XS,,Dress,XS,1.0,22.99,2.12658,25.11658,22.99,0.0,False,False
2026-04-17,14,4,Friday,16,238,10006468,Tennessee Orange Gradient Tshirt / Size XS,Unknown,Top,XS,1.0,11.99,1.10908,13.09908,11.99,0.0,False,False
2026-04-17,14,4,Friday,16,238,10006970,St Johns Bay White SS Top / Size S,St. John's Bay,Top,S,1.0,19.99,1.84908,21.83908,19.99,0.0,False,False
2026-04-17,14,4,Friday,16,238,10002525,Lucky BrandSS Top_Za / White X Green / S / 13.68,Lucky Brand,Top,,1.0,24.99,2.31158,27.30158,24.99,0.0,False,False
2026-04-17,14,4,Friday,16,237,10007885,Mysteree white blouse ,,Top,,1.0,22.99,2.12658,25.11658,22.99,0.0,False,False
2026-04-17,14,4,Friday,16,236,10004885,unknown/top/plad/xl,Unknown,Top,XL,1.0,24.99,2.31158,27.30158,24.99,0.0,False,False
2026-04-17,13,4,Friday,16,235,10007559,Boft/Broke Hearts Sweater White L,,Sweater/Cardigan,,1.0,23.0,2.1275,25.1275,23.0,0.0,True,False
2026-04-17,13,4,Friday,16,234,10005621,R & K Black SS Cover Up / Size M,R & K Originals,Top,M,1.0,15.99,1.47908,17.46908,15.99,0.0,False,False
2026-04-17,13,4,Friday,16,234,10007599,Green w Copper Leaf Bag,,Accessories,,1.0,24.99,2.31158,27.30158,24.99,0.0,False,False
2026-04-17,13,4,Friday,16,234,10006360,Zara/WhiWomanShirt/SizeS,Zara,Top,S,1.0,12.99,1.20158,14.19158,12.99,0.0,False,False
2026-04-17,13,4,Friday,16,234,10007541,Dressy Chosen Vintage LS Blouse,,Dress,,1.0,24.99,2.31158,27.30158,24.99,0.0,False,False
2026-04-17,13,4,Friday,16,234,10004899,Express/BlkFloralTop/SizeXS,Express,Top,XS,1.0,15.99,1.47908,17.46908,15.99,0.0,False,False
2026-04-17,13,4,Friday,16,234,10007263,Paris Atelier SS blouse Pink Size 6,,Top,6,1.0,26.99,2.49658,29.48658,26.99,0.0,False,False
2026-04-17,13,4,Friday,16,234,10004818,Blue Jasmine Blue Crop Top / Size S,Blue Jasmine,Top,S,1.0,12.99,1.20158,14.19158,12.99,0.0,False,False
2026-04-17,13,4,Friday,16,234,10007874,Hengsheng Jean Jacket M,,Jeans/Pants,,1.0,19.99,1.84908,21.83908,19.99,0.0,False,False
2026-04-17,13,4,Friday,16,234,10006685,BOG Black Floral Crop Top,Bog,Top,,1.0,17.99,1.66408,19.65408,17.99,0.0,False,False
2026-04-17,13,4,Friday,16,234,10006170,vintage pant suit set/m,Mannerism,Jeans/Pants,M,1.0,32.99,3.05158,36.04158,32.99,0.0,False,False
2026-04-17,13,4,Friday,16,234,10006381,Chico's Black Belt,Chico's,Accessories,,1.0,15.99,1.47908,17.46908,15.99,0.0,False,False
2026-04-17,12,4,Friday,16,233,10007674,Sashu Brown Shoes Size 9,,Shoes,9,1.0,16.99,1.57158,18.56158,16.99,0.0,False,False
2026-04-16,18,4,Thursday,16,232,10004446,Green Khaki Jogger/Size M,Banana Republic,Other,M,1.0,24.99,2.31158,27.30158,24.99,0.0,False,False
2026-04-16,18,4,Thursday,16,231,10006697,Floral Sheer Kimono / Size XL,Unknown,Other,XL,1.0,29.99,2.77408,32.76408,29.99,0.0,False,False
2026-04-16,16,4,Thursday,16,230,10007875,Cabi,,Other,,1.0,21.99,2.03408,24.02408,21.99,0.0,False,False
2026-04-16,16,4,Thursday,16,230,10006149,WHBMSilverBracelet,White House Black Market,Accessories,,1.0,12.99,1.20158,14.19158,12.99,0.0,False,False
2026-04-16,16,4,Thursday,16,229,10006747,Red Velvet Lace Tank with Cross / Size M,Unknown,Top,M,1.0,22.99,2.12658,25.11658,22.99,0.0,False,False
2026-04-16,16,4,Thursday,16,229,10005458,Lulus/BlueFloralBlouse/SizeS,Lulus,Top,S,1.0,24.99,2.31158,27.30158,24.99,0.0,False,False
2026-04-16,16,4,Thursday,16,228,10005572,Peyton Primrase Gray Cardgian / Size XL,Peyton Primrase,Other,XL,1.0,19.99,1.84908,21.83908,19.99,0.0,False,False
2026-04-16,14,4,Thursday,16,227,10007300,Saintart Army Green Satin Pants / Size S,Saintart,Jeans/Pants,S,1.0,45.99,4.25408,50.24408,45.99,0.0,False,False
2026-04-16,14,4,Thursday,16,226,10004449,Blue Straight Leg Pants/Size 8,Unknown,Jeans/Pants,8,1.0,32.99,3.05158,36.04158,32.99,0.0,True,False
2026-04-15,19,4,Wednesday,16,225,10005206,Navy Bucket Hat/Unknown,Unknown,Accessories,,1.0,15.99,1.47908,17.46908,15.99,0.0,False,False
2026-04-15,18,4,Wednesday,16,224,10005198,Urban Romantics White Crop Top / Size L,Urban Romantics,Top,L,1.0,12.99,1.20158,14.19158,12.99,0.0,False,False
2026-04-15,17,4,Wednesday,16,223,10006238,pink tanktop/medium,Adrienne Vittadini,Top,,1.0,17.99,1.66408,19.65408,17.99,0.0,False,False
2026-04-15,17,4,Wednesday,16,223,10001098,Wu-TangTee Shirt_La / Pink / XL / 6.53,Wu-Tang,Top,,1.0,25.0,2.3125,27.3125,25.0,0.0,False,False
2026-04-15,17,4,Wednesday,16,223,10006250,Revlon Ivory Love Pat Compact Mirror 1960s,Revlon,Other,,1.0,45.99,4.25408,50.24408,45.99,0.0,False,False
2026-04-15,15,4,Wednesday,16,222,10007642,Gap Black Button Up SL Top / Size M,Gap,Top,M,1.0,24.99,2.31158,27.30158,24.99,0.0,False,False
2026-04-15,15,4,Wednesday,16,222,10006530,Nina Black Buttondown Sheer SS / Size M,Nina,Top,M,1.0,34.99,3.23658,38.22658,34.99,0.0,False,False
2026-04-15,13,4,Wednesday,16,221,10006044,Pinque/MustardCardigan/SizeM,Pinque,Sweater/Cardigan,M,1.0,24.99,2.31158,27.30158,24.99,0.0,False,False
2026-04-15,13,4,Wednesday,16,221,10007677,Coldwater Creek Purple Cardigan 10,,Sweater/Cardigan,,1.0,22.99,2.12658,25.11658,22.99,0.0,False,False
2026-04-15,13,4,Wednesday,16,220,10002942,JoieSS Top_Pe / Pink / S / 15.76,Joie,Top,,1.0,25.99,2.40408,28.39408,25.99,0.0,False,False
2026-04-15,13,4,Wednesday,16,219,10007657,Billini Silver Boots Size 7,,Shoes,7,1.0,54.99,5.08658,60.07658,54.99,0.0,False,False
2026-04-15,13,4,Wednesday,16,218,10003037,Nanette Lepore Camisole Black,Nanette Lepore,Top,,1.0,15.99,1.47908,17.46908,15.99,0.0,False,False
2026-04-15,13,4,Wednesday,16,218,10007512,Sonoma Brown SS Top Size M,,Top,M,1.0,15.99,1.47908,17.46908,15.99,0.0,False,False
2026-04-15,13,4,Wednesday,16,218,10005129,VINTAGE Studio 1940 Satin Pink Buttondown / Size M,Studio 1940,Other,M,1.0,15.99,1.47908,17.46908,15.99,0.0,False,False
2026-04-15,13,4,Wednesday,16,217,10007556,Blue Canyon SS Top Size L,,Top,L,1.0,19.0,1.7575,20.7575,19.0,0.0,False,False
2026-04-15,13,4,Wednesday,16,217,10007116,Free People Light Pink Pattern Long Skirt / Size 6,Free People,Skirt,6,1.0,28.99,2.68158,31.67158,28.99,0.0,False,False
2026-04-12,17,4,Sunday,15,216,10006552,VINTAGE Brown Yellow Floral Umbrella,Unknown,Other,,1.0,35.99,3.32908,39.31908,35.99,0.0,True,False
2026-04-12,17,4,Sunday,15,216,10007672,Coach Small Pink Purse Gold Hardware Zipper,Coach,Accessories,,1.0,295.0,27.2875,322.2875,295.0,0.0,True,False
2026-04-12,17,4,Sunday,15,216,10005641,Vertigo Black SL Top / Size XS,Vertigo,Top,XS,1.0,45.99,4.25408,50.24408,45.99,0.0,True,False
2026-04-12,16,4,Sunday,15,215,10003534,BGBCMaxazria Sweater Brown Size XS,BCBG Maxazria,Sweater/Cardigan,XS,1.0,24.99,2.31158,27.30158,24.99,0.0,False,False
2026-04-12,16,4,Sunday,15,215,10004425,MintQuarterButton/Size XXS,Armani Exchange,Other,XXS,1.0,21.99,2.03408,24.02408,21.99,0.0,False,False
2026-04-12,16,4,Sunday,15,214,10007130,Rafaelle Turquoise Skirt/Size L,Rafaella,Skirt,L,1.0,18.99,1.75658,20.74658,18.99,0.0,False,False
2026-04-12,15,4,Sunday,15,213,10006889,PositiveAtt/BlackCheetaBttnDwn/Size12,Positive Attitude,Other,12,1.0,22.99,2.12658,25.11658,22.99,0.0,False,False
2026-04-12,15,4,Sunday,15,213,10007773,Blu Pepper Yellow Orange Two Piece Set / Size L,Blu Pepper,Set,L,1.0,25.99,2.40408,28.39408,25.99,0.0,False,False
2026-04-12,15,4,Sunday,15,212,10006888,DerekHeart/MulticolTieCropTop/SizeS,Derek Heart,Top,S,1.0,13.99,1.29408,15.28408,13.99,0.0,False,False
2026-04-12,15,4,Sunday,15,212,10003935,Lorraine Intimate Dress / Size M,Lorraine,Dress,M,1.0,16.99,1.57158,18.56158,16.99,0.0,False,False
2026-04-12,14,4,Sunday,15,211,10005734,Permasan Pale Pink Skirt Lace Detail / Size 8,Persaman,Skirt,8,1.0,35.99,3.32908,39.31908,35.99,0.0,True,False
2026-04-12,14,4,Sunday,15,211,10007736,GigioUSA/GrnBttnDownBlouse/SizeM,Gigio USA,Top,M,1.0,26.99,2.49658,29.48658,26.99,0.0,True,False
2026-04-12,14,4,Sunday,15,211,10007704,JSColl/BlkWhiStripeDress/Size6,JS Collection,Dress,6,1.0,59.99,5.54908,65.53908,59.99,0.0,True,False
2026-04-12,14,4,Sunday,15,210,10007131,Express Pink Jacket/ Size M,Express,Jacket/Coat,M,1.0,29.99,2.77408,32.76408,29.99,0.0,False,False
2026-04-12,14,4,Sunday,15,209,10006703,Max Studio Blue & White Lace Cami / Size L,Max Studio,Top,L,1.0,12.99,1.20158,14.19158,12.99,0.0,False,False
2026-04-12,13,4,Sunday,15,208,10007679,Voila Black SL Jumpsuit / Size S,Voila,Romper/Jumpsuit,S,1.0,23.99,2.21908,26.20908,23.99,0.0,False,False
2026-04-12,12,4,Sunday,15,207,10006761,Altar'd State Black Denim Shorts Romper/Size S,Altar'd State,Shorts,S,1.0,25.99,2.40408,28.39408,25.99,0.0,False,False
2026-04-12,12,4,Sunday,15,206,10007695,JudyBlue/PinkPocketPant/Size31,Judy Blue Los Angeles,Jeans/Pants,31,1.0,32.99,3.05158,36.04158,32.99,0.0,False,False
2026-04-12,12,4,Sunday,15,206,10002566,Sag HarborSweatshirt_Cr / Blue / XL / 13.88,Sag Harbor,Top,,1.0,15.99,1.47908,17.46908,15.99,0.0,False,False
2026-04-12,12,4,Sunday,15,205,10006446,Agenda Orange & White SL Top / Size M,Agenda,Top,M,1.0,18.99,1.75658,20.74658,18.99,0.0,False,False
2026-04-12,11,4,Sunday,15,204,10003977,Black Detail Skirt / Size M,,Skirt,M,1.0,32.99,3.05158,36.04158,32.99,0.0,False,False
2026-04-12,11,4,Sunday,15,204,10005494,Hypnotik Blue Gray Circle Dress / Size S,Hypnotik,Dress,S,1.0,15.99,1.47908,17.46908,15.99,0.0,False,False
2026-04-12,11,4,Sunday,15,204,10006434,desigual multicolor knit dress/m,Desigual,Dress,M,1.0,32.99,3.05158,36.04158,32.99,0.0,False,False
2026-04-12,11,4,Sunday,15,203,10007710,Liz C Pale Yellow Vest & Skirt Set / Size 6,Liz Claiborne,Skirt,6,1.0,24.99,2.31158,27.30158,24.99,0.0,False,False
2026-04-11,19,4,Saturday,15,202,10006621,Ann Taylor Black & White Skirt Size 8,,Skirt,8,1.0,23.99,2.21908,26.20908,23.99,0.0,False,False
2026-04-11,19,4,Saturday,15,202,10006972,Ann Taylor White LS / Size S,Ann Taylor,Top,S,1.0,17.99,1.66408,19.65408,17.99,0.0,False,False
2026-04-11,19,4,Saturday,15,202,10007378,MotherofPearlRing,Unknown,Accessories,,1.0,16.99,1.57158,18.56158,16.99,0.0,False,False
2026-04-11,19,4,Saturday,15,201,10006892,Indulge/BlackBBDollTop/SizeXL,Indulge in Style,Other,XL,1.0,22.99,2.12658,25.11658,22.99,0.0,False,False
2026-04-11,18,4,Saturday,15,200,10006681,Entro Green Lilac Skirt / Size L,Entro,Skirt,L,1.0,29.99,2.77408,32.76408,29.99,0.0,False,False
2026-04-11,18,4,Saturday,15,200,10007252,NWT Mable White Jacket Size M,,Jacket/Coat,M,1.0,45.99,4.25408,50.24408,45.99,0.0,False,False
2026-04-11,17,4,Saturday,15,199,10007229,Be Smart Dress Black/Red Size 8,,Dress,8,1.0,15.99,1.47908,17.46908,15.99,0.0,False,False
2026-04-11,16,4,Saturday,15,198,10007497,Qinsen Brown Bodysuit Size S,,Top,S,1.0,18.99,1.75658,20.74658,18.99,0.0,False,False
2026-04-11,16,4,Saturday,15,197,10007743,Trixxi/BlkPolkaDotDress/SizeM,Trixxi,Dress,M,1.0,27.99,2.58908,30.57908,27.99,0.0,False,False
2026-04-11,16,4,Saturday,15,196,10007157,Brown Chic Vintage T Shirt Size L,,Top,L,1.0,23.99,2.21908,26.20908,23.99,0.0,False,False
2026-04-11,16,4,Saturday,15,195,10007227,Madewell Yellow Dress Size 6,,Dress,6,1.0,22.99,2.12658,25.11658,22.99,0.0,False,False
2026-04-11,16,4,Saturday,15,194,10004761,Serengeti White Crochet Shirt / Size M,Serengeti,Top,M,1.0,24.99,2.31158,27.30158,24.99,0.0,False,False
2026-04-11,16,4,Saturday,15,194,10007385,Chicos/SilverStringNecklace,Chico's,Accessories,,1.0,25.99,2.40408,28.39408,25.99,0.0,False,False
2026-04-11,15,4,Saturday,15,193,10007667,Michael Kors Black Top S,,Top,,1.0,32.99,3.05158,36.04158,32.99,0.0,False,False
2026-04-11,15,4,Saturday,15,193,10007437,Live a Little Tan Jacket Size PL,,Jacket/Coat,,1.0,32.99,3.05158,36.04158,32.99,0.0,False,False
2026-04-11,15,4,Saturday,15,192,10007723,Talbots Light Beige Floral Skirt / Size 4,Talbots,Skirt,4,1.0,21.99,2.03408,24.02408,21.99,0.0,False,False
2026-04-11,14,4,Saturday,15,191,10006940,ArizJeanCo/StuddedJeanSkirt/Size5,Arizona Jean Co,Skirt,5,1.0,24.99,2.31158,27.30158,24.99,0.0,False,False
2026-04-11,14,4,Saturday,15,191,10002724,DemocracyPants / Green X Pink / S / 14.67,Democracy,Jeans/Pants,,1.0,45.99,4.25408,50.24408,45.99,0.0,False,False
2026-04-11,14,4,Saturday,15,190,10005881,Relativity Pink & Brown Cardigan / Size S,Relativity,Sweater/Cardigan,S,1.0,18.99,1.75658,20.74658,18.99,0.0,False,False
2026-04-11,14,4,Saturday,15,190,10007551,The Limited Yellow Sleeveless XS,,Top,,1.0,17.0,1.5725,18.5725,17.0,0.0,False,False
2026-04-11,14,4,Saturday,15,189,10006410,NellieParton/CreamTop/SizeM,Nellie Parton,Other,M,1.0,24.99,2.31158,27.30158,24.99,0.0,False,False
2026-04-11,13,4,Saturday,15,188,10003509,Democracy Pants Pink Size 8,Democracy,Jeans/Pants,8,1.0,44.99,4.16158,49.15158,44.99,0.0,True,False
2026-04-11,13,4,Saturday,15,188,10003754,Democracy Faded Purple Jeans / Size 8,Democracy,Jeans/Pants,8,1.0,27.99,2.58908,30.57908,27.99,0.0,True,False
2026-04-11,13,4,Saturday,15,188,10004634,Max Studio Black Dress / Size S,Max Studio,Dress,S,1.0,24.99,2.31158,27.30158,24.99,0.0,True,False
2026-04-11,13,4,Saturday,15,188,10005850,Rachel Zoe Pattern Cinched Sheer Top / Size XS,Rachel Zoe,Top,XS,1.0,18.99,1.75658,20.74658,18.99,0.0,True,False
2026-04-11,13,4,Saturday,15,188,10006133,AnnTaylor/BlkBttnDwnDress/Size8,Ann Taylor,Dress,8,1.0,25.99,2.40408,28.39408,25.99,0.0,True,False
2026-04-11,13,4,Saturday,15,188,10006559,Kasper Black SL Top / Size M,Kasper Knits,Top,M,1.0,13.99,1.29408,15.28408,13.99,0.0,True,False
2026-04-11,13,4,Saturday,15,187,10006909,VintageRustler/Jeanshort/Size6/8,Rustler,Shorts,6,1.0,29.99,2.77408,32.76408,29.99,0.0,False,False
2026-04-11,13,4,Saturday,15,186,10006680,Loft Blue Floral Skirt / Size S,Loft,Skirt,S,1.0,21.99,2.03408,24.02408,21.99,0.0,False,False
2026-04-11,13,4,Saturday,15,185,10006302,VINTAGE First Glance Red LS / Size 9,First Glance,Top,9,1.0,24.99,2.31158,27.30158,24.99,0.0,False,False
2026-04-11,13,4,Saturday,15,184,10006922,WhiteLaceSkort/SizeS/M,Unknown,Other,S,1.0,22.99,2.12658,25.11658,22.99,0.0,False,False
2026-04-11,13,4,Saturday,15,184,10007330,Free People Yellow Skirt/ Size S,Free People,Skirt,S,1.0,27.99,2.58908,30.57908,27.99,0.0,False,False
2026-04-11,13,4,Saturday,15,184,10006630,pink oasis tanktop size large,Oasis,Top,L,1.0,54.99,5.08658,60.07658,54.99,0.0,False,False
2026-04-11,13,4,Saturday,15,184,10003063,ChloePurse_Ch / Pink / OSFA / afr,Chloe,Accessories,,1.0,299.0,27.6575,326.6575,299.0,0.0,False,False
2026-04-11,13,4,Saturday,15,184,10007413,Red Boho Crochet Knitted Petite Bag,,Sweater/Cardigan,,1.0,18.99,1.75658,20.74658,18.99,0.0,False,False
2026-04-11,13,4,Saturday,15,183,10006454,VINTAGE Lily Pink LS Buttondown / Size M,Lily,Top,M,1.0,39.99,3.69908,43.68908,39.99,0.0,False,False
2026-04-11,13,4,Saturday,15,183,10007724,Finity Naturals Orange Silk Skirt / Size 4,Finity Naturals,Skirt,4,1.0,24.99,2.31158,27.30158,24.99,0.0,False,False
2026-04-11,13,4,Saturday,15,183,10007571,My Michelle Multi-Color Skirt M,,Skirt,,1.0,19.99,1.84908,21.83908,19.99,0.0,False,False
2026-04-11,13,4,Saturday,15,183,10006065,macaramewovenhandbag/creme/neverused/2pieces,Unknown,Accessories,,1.0,35.99,3.32908,39.31908,35.99,0.0,False,False
2026-04-11,13,4,Saturday,15,183,10006857,signature white dress shirt/L,Signature by Larry Levine,Dress,L,1.0,22.99,2.12658,25.11658,22.99,0.0,False,False
2026-04-11,13,4,Saturday,15,183,10006056,hrlydvdsn/boot/bwn lthr/7,Harley Davidson,Shoes,7,1.0,75.99,7.02908,83.01908,75.99,0.0,False,False
2026-04-11,12,4,Saturday,15,182,10007063,Tory Burch Brown Heels/Size 8M,Tory Burch,Top,8,1.0,75.99,7.02908,83.01908,75.99,0.0,False,False
2026-04-11,12,4,Saturday,15,181,10006579,Baccini Jean Jacket inc Addon Pins / Size XL,Baccini,Jeans/Pants,XL,1.0,35.99,3.32908,39.31908,35.99,0.0,False,False
2026-04-11,12,4,Saturday,15,181,10003372,Elliot Lauren Pants Blue & White Size 8,Elliott Lauren,Jeans/Pants,8,1.0,21.99,2.03408,24.02408,21.99,0.0,False,False
2026-04-11,12,4,Saturday,15,181,10006502,Desigual Jean Skirt / Size 38,Desigual,Skirt,38,1.0,39.99,3.69908,43.68908,39.99,0.0,False,False
2026-04-11,12,4,Saturday,15,180,10006573,Floral Multicolor Buttondown Top / Size XXL,Unknown,Top,XXL,1.0,24.99,2.31158,27.30158,24.99,0.0,False,False
2026-04-11,11,4,Saturday,15,179,10007560,Emory Park Grey Dress  Size L,,Dress,L,1.0,16.0,1.48,17.48,16.0,0.0,False,False
2026-04-10,19,4,Friday,15,178,10003844,Blk&Prp Silk Dress/Size 12,Signature,Dress,12,1.0,27.99,2.58908,30.57908,27.99,0.0,False,False
2026-04-10,19,4,Friday,15,178,10007474,Alfani Black & Beige SL Dress / Size 16,Alfani,Dress,16,1.0,27.99,2.58908,30.57908,27.99,0.0,False,False
2026-04-10,19,4,Friday,15,178,10006299,Philosophy Blue & Pink Tank / Size M,Philosophy,Top,M,1.0,17.99,1.66408,19.65408,17.99,0.0,False,False
2026-04-10,19,4,Friday,15,177,10007204,1. State Leopard Print Dress,,Dress,,1.0,21.99,2.03408,24.02408,21.99,0.0,False,False
2026-04-10,19,4,Friday,15,176,10006759,Peter Carol Yellow Sweater/ Size L,Peter Carol,Sweater/Cardigan,L,1.0,24.99,2.31158,27.30158,24.99,0.0,False,False
2026-04-10,19,4,Friday,15,176,10003662,boohoo/dress/pink/10,Boohoo,Dress,10,1.0,35.99,3.32908,39.31908,35.99,0.0,False,False
2026-04-10,18,4,Friday,15,175,10006533,Liz C Red SS Buttondown / Size S,Liz Claiborne,Top,S,1.0,22.99,2.12658,25.11658,22.99,0.0,False,False
2026-04-10,18,4,Friday,15,175,10005913,Desigual Green Colorful Dress / Size 38,Desigual,Dress,38,1.0,45.99,4.25408,50.24408,45.99,0.0,False,False
2026-04-10,18,4,Friday,15,175,10006541,Old Navy Blue & Pink SL Top / Size S,Old Navy,Top,S,1.0,16.99,1.57158,18.56158,16.99,0.0,False,False
2026-04-10,17,4,Friday,15,174,10004842,Altarxd State Orange Pink FL Crop Top / Size S,Altar'd State,Top,S,1.0,15.99,1.47908,17.46908,15.99,0.0,False,False
2026-04-10,17,4,Friday,15,174,10006847,Long white skirt/S,Unknown,Skirt,S,1.0,49.99,4.62408,54.61408,49.99,0.0,False,False
2026-04-10,17,4,Friday,15,174,10007681,Haute Monde Pink Tulle Skirt / Size L,Haute Monde,Skirt,L,1.0,10.99,1.01658,12.00658,10.99,0.0,False,False
2026-04-10,17,4,Friday,15,174,10002722,JapnaCrop Top_Ho / Red X White / M / 14.66,Japna,Top,,1.0,15.99,1.47908,17.46908,15.99,0.0,False,False
2026-04-10,16,4,Friday,15,173,10006495,Vintage Lamp Black & Brown,,Other,,1.0,74.99,6.93658,81.92658,74.99,0.0,False,False
2026-04-10,16,4,Friday,15,172,10005348,unknown/bls/blk/m,Unknown,Top,M,1.0,12.99,1.20158,14.19158,12.99,0.0,False,False
2026-04-10,15,4,Friday,15,171,10006283,Black Crop Top Spaghetti Strap / Size L,Unknown,Top,L,1.0,14.99,1.38658,16.37658,14.99,0.0,False,False
2026-04-10,15,4,Friday,15,171,10004343,Beatles Grey Tee/Size M,Unknown,Top,M,1.0,27.99,2.58908,30.57908,27.99,0.0,False,False
2026-04-10,15,4,Friday,15,170,10005467,KimRogers/BrwnPolkaDotDress/Size6,Kim Rogers,Dress,6,1.0,24.99,2.31158,27.30158,24.99,0.0,False,False
2026-04-10,14,4,Friday,15,169,10007299,Yellow Floral Suede SL Dress / Size XXL,Unknown,Dress,XXL,1.0,39.99,3.69908,43.68908,39.99,0.0,False,False
2026-04-10,12,4,Friday,15,168,10004590,Rolling S Tshirt / Size L,The Rolling Stones,Top,L,1.0,21.99,2.03408,24.02408,21.99,0.0,False,False
2026-04-10,12,4,Friday,15,167,10006002,VintageKingsRoad/GrnBttnDwn/Size40,Kings Road,Other,40,1.0,32.99,3.05158,36.04158,32.99,0.0,False,False
2026-04-09,20,4,Thursday,15,166,10007605,Suuksess Camisole Pink Size S,,Top,S,1.0,11.99,1.10908,13.09908,11.99,0.0,False,False
2026-04-09,20,4,Thursday,15,165,10006779,Ktoo Pink Skirt,K Too,Skirt,,1.0,25.99,2.40408,28.39408,25.99,0.0,False,False
2026-04-09,20,4,Thursday,15,164,10006704,Express Beige & Lace Cami / Size L,Express,Top,L,1.0,12.99,1.20158,14.19158,12.99,0.0,False,False
2026-04-09,20,4,Thursday,15,164,10005773,Highway/JemDenimSkirt/Size13,Highway Jeans,Skirt,13,1.0,32.99,3.05158,36.04158,32.99,0.0,False,False
2026-04-09,15,4,Thursday,15,163,10006310,London Times Teal Pink Dress / Size 6,London Times,Dress,6,1.0,22.99,2.12658,25.11658,22.99,0.0,False,False
2026-04-09,14,4,Thursday,15,162,10003315,Nicole MillerNicole Miller Feather Tank / Black / XS / abc,Nicole Miller,Top,,1.0,35.99,3.32908,39.31908,35.99,0.0,False,False
2026-04-09,13,4,Thursday,15,161,10005242,Mariokart Tee Shirt/Size XL,Mariokart,Top,XL,1.0,14.99,1.38658,16.37658,14.99,0.0,False,False
2026-04-09,13,4,Thursday,15,161,10004132,PinkFloyd Baby Tee/Size S,Unknown,Top,S,1.0,20.99,1.94158,22.93158,20.99,0.0,False,False
2026-04-09,13,4,Thursday,15,161,10003727,pink/sweatshirt/burgundy/xs,Pink,Top,XS,1.0,22.99,2.12658,25.11658,22.99,0.0,False,False
2026-04-09,13,4,Thursday,15,161,10007287,Entro Burnt Orange Skirt Size L,,Skirt,L,1.0,18.99,1.75658,20.74658,18.99,0.0,False,False
2026-04-09,13,4,Thursday,15,161,10006156,LaneBryant/NashvilleTshirt/Size22/24,Lane Bryant,Top,22,1.0,16.99,1.57158,18.56158,16.99,0.0,False,False
2026-04-08,18,4,Wednesday,15,160,10007146,Pink Chic Vintage T Shirt Size M,,Top,M,1.0,23.99,2.21908,26.20908,23.99,0.0,False,False
2026-04-08,17,4,Wednesday,15,159,10007279,Altard State Overalls White Size L,,Top,L,1.0,19.99,1.84908,21.83908,19.99,0.0,False,False
2026-04-08,17,4,Wednesday,15,159,10007566,Sweet Storm Multi-Color Dress M,,Dress,,1.0,22.99,2.12658,25.11658,22.99,0.0,False,False
2026-04-08,17,4,Wednesday,15,159,10007470,She's Cool Red Blue Strapless Dress / Size XL,She's Cool,Dress,XL,1.0,27.99,2.58908,30.57908,27.99,0.0,False,False
2026-04-08,17,4,Wednesday,15,158,10007148,Pink Chic Vintage T Shirt Size XL,,Top,XL,1.0,23.99,2.21908,26.20908,23.99,0.0,False,False
2026-04-08,16,4,Wednesday,15,157,10005032,WHBM/ Ruched Blouse/ Prpl/ Size S,White House Black Market,Top,S,1.0,18.99,1.75658,20.74658,18.99,0.0,False,False
2026-04-08,16,4,Wednesday,15,156,10005880,Abercrombie & F Blue Cardigan / Size XS,Abercrombie & Fitch,Sweater/Cardigan,XS,1.0,31.99,2.95908,34.94908,31.99,0.0,False,False
2026-04-08,16,4,Wednesday,15,156,10005547,J Jill Biege LS Cardigan / Size XS,J Jill,Sweater/Cardigan,XS,1.0,20.99,1.94158,22.93158,20.99,0.0,False,False
2026-04-08,16,4,Wednesday,15,155,10006932,Stylus/WhilaceFlwrDressCover/Size,Stylus,Dress,,1.0,24.99,2.31158,27.30158,24.99,0.0,False,False
2026-04-08,16,4,Wednesday,15,155,10003674,vanity fair/ngt gwn/cream/38,Vanity Fair,Other,38,1.0,15.99,1.47908,17.46908,15.99,0.0,False,False
2026-04-08,16,4,Wednesday,15,155,10006581,Gold Bronze Necklace,Unknown,Accessories,,1.0,8.99,0.83158,9.82158,8.99,0.0,False,False
2026-04-08,16,4,Wednesday,15,155,10007376,FlowerGemEarrings,Unknown,Accessories,,1.0,7.992,0.73926,8.73126,9.99,1.998,False,False
2026-04-08,16,4,Wednesday,15,154,10004105,Cole&Han Taupe Loafer/Size 8.5,Cole Haan,Shoes,8.5,1.0,28.99,2.68158,31.67158,28.99,0.0,False,False
2026-04-08,14,4,Wednesday,15,153,10007634,Sharmark Black/Gold Shawl,,Other,,1.0,39.99,3.69908,43.68908,39.99,0.0,False,False
2026-04-08,13,4,Wednesday,15,152,10005122,Lila Rose Black Floral SL Dress / Size L,Lila Rose,Dress,L,1.0,28.99,2.68158,31.67158,28.99,0.0,False,False
2026-04-08,13,4,Wednesday,15,152,10004766,Loft Colorful Sheer SS / Size L,Loft,Top,L,1.0,14.99,1.38658,16.37658,14.99,0.0,False,False
2026-04-08,13,4,Wednesday,15,152,10005463,TanFloralPullOver/SizeL,Unknown,Sweater/Cardigan,L,1.0,22.99,2.12658,25.11658,22.99,0.0,False,False
2026-04-08,13,4,Wednesday,15,152,10005658,Calvin Klein Black SL Top / Size L,Calvin Klein,Top,L,1.0,22.99,2.12658,25.11658,22.99,0.0,False,False
2026-04-08,13,4,Wednesday,15,152,10006538,Cable & Gauge Black SL Lace Top / Size XL,Cable & Gauge,Top,XL,1.0,18.99,1.75658,20.74658,18.99,0.0,False,False
2026-04-08,13,4,Wednesday,15,152,10006571,Mellowday White & Blue Top / Size XL,Melloday,Top,XL,1.0,22.99,2.12658,25.11658,22.99,0.0,False,False
2026-04-08,12,4,Wednesday,15,151,10006959,Divided White Blouse / Size 8,Divided,Top,8,1.0,14.99,1.38658,16.37658,14.99,0.0,False,False
2026-04-08,11,4,Wednesday,15,150,10005588,NWT Doe & Rae Black SL Top S,Doe & Rae,Top,,1.0,32.99,3.05158,36.04158,32.99,0.0,False,False
2026-04-05,18,4,Sunday,14,149,10005853,Tory Burch Pink Blue Small Purse,Tory Burch,Accessories,,1.0,59.99,5.54908,65.53908,59.99,0.0,False,False
2026-04-05,18,4,Sunday,14,148,10006708,Mlle Gabrielle White Orange Floral Dress / Size 18W,Mlle Gabrielle,Dress,18,1.0,25.99,2.40408,28.39408,25.99,0.0,False,False
2026-04-05,17,4,Sunday,14,147,10007069,GC White/Beige Sandals/Size 6.5,,Top,6.5,1.0,15.99,1.47908,17.46908,15.99,0.0,False,False
2026-04-05,17,4,Sunday,14,146,10006289,VINTAGE Maverick Jean Blazer / Size M,Maverick,Jeans/Pants,M,1.0,25.99,2.40408,28.39408,25.99,0.0,False,False
2026-04-05,17,4,Sunday,14,146,10007555,H&M Orange Sweater Size M,,Sweater/Cardigan,M,1.0,23.0,2.1275,25.1275,23.0,0.0,False,False
2026-04-05,17,4,Sunday,14,145,10007360,Free People Blue Skirt / Size 6,Free People,Skirt,6,1.0,23.99,2.21908,26.20908,23.99,0.0,False,False
2026-04-05,17,4,Sunday,14,145,10005100,Zara Cream SL Bodysuit / Size S,Zara,Top,S,1.0,12.99,1.20158,14.19158,12.99,0.0,False,False
2026-04-05,17,4,Sunday,14,145,10005529,Majora Purple Strapless Jumpsuit / Size M,Majora,Romper/Jumpsuit,M,1.0,32.99,3.05158,36.04158,32.99,0.0,False,False
2026-04-05,17,4,Sunday,14,145,10006570,Tahari Arthur Blue Green SL Top / Size L,Tahari Arthur S Levine,Top,L,1.0,18.99,1.75658,20.74658,18.99,0.0,False,False
2026-04-05,17,4,Sunday,14,145,10003382,Designers  Original Sleeveless Top Black Size L,Designers Original,Top,L,1.0,19.99,1.84908,21.83908,19.99,0.0,False,False
2026-04-05,17,4,Sunday,14,145,10005071,AnnTaylor/ LeafPrint Top/ Grn/ Size M,Ann Taylor,Top,M,1.0,17.99,1.66408,19.65408,17.99,0.0,False,False
2026-04-05,17,4,Sunday,14,145,10006519,Flying T NWT Black Brown Knit Dress / Size L,Flying Tomato,Dress,L,1.0,34.99,3.23658,38.22658,34.99,0.0,False,False
2026-04-05,15,4,Sunday,14,144,10006699,Muse Valley Sheer Baby Pink Dress / Size L,Muse Valley,Dress,L,1.0,19.99,1.84908,21.83908,19.99,0.0,False,False
2026-04-05,15,4,Sunday,14,143,10004589,Guns & Roses Graphic T / Size L,Guns N Roses,Other,L,1.0,14.99,1.38658,16.37658,14.99,0.0,False,False
2026-04-05,15,4,Sunday,14,143,10007243,Entro Black Skirt Size L,,Skirt,L,1.0,18.99,1.75658,20.74658,18.99,0.0,False,False
2026-04-05,13,4,Sunday,14,142,10004819,Arizona Pink Lace SS Skirt / Size M,Arizona,Skirt,M,1.0,14.99,1.38658,16.37658,14.99,0.0,False,False
2026-04-05,13,4,Sunday,14,141,10005965,Black & White Knit Cover Up / Size M,Unknown,Sweater/Cardigan,M,1.0,25.99,2.40408,28.39408,25.99,0.0,False,False
2026-04-05,13,4,Sunday,14,141,10006599,Elite Belt Silver Checkered,Elite,Accessories,,1.0,15.99,1.47908,17.46908,15.99,0.0,False,False
2026-04-05,13,4,Sunday,14,140,10007336,Asos Design White Dress/ Size 2,Asos Design,Dress,2,1.0,24.99,2.31158,27.30158,24.99,0.0,False,False
2026-04-05,13,4,Sunday,14,139,10006580,Desigual Army Green Jacket w Beading / Size 44,Desigual,Jacket/Coat,44,1.0,39.99,3.69908,43.68908,39.99,0.0,False,False
2026-04-05,12,4,Sunday,14,138,10006668,brown leather corral cowboy boot/8-8.5,Pecos Bill,Shoes,,1.0,85.99,7.95408,93.94408,85.99,0.0,False,False
2026-04-05,12,4,Sunday,14,138,10005431,Madison/ Knit Cover/ Red/ Size L,Madison,Sweater/Cardigan,L,1.0,25.99,2.40408,28.39408,25.99,0.0,False,False
2026-04-05,12,4,Sunday,14,137,10007594,Flowers,,Other,,1.0,20.0,1.85,21.85,22.5,0.0,False,False
2026-04-05,11,4,Sunday,14,136,10005526,Black & Green Floral Skirt / Size M,Unknown,Skirt,M,1.0,14.99,1.38658,16.37658,14.99,0.0,False,False
2026-04-05,11,4,Sunday,14,135,10007261,Listicle Light Blue Dress Size L,,Dress,L,1.0,45.99,4.25408,50.24408,45.99,0.0,False,False
2026-04-05,11,4,Sunday,14,134,10006649,house of harlow multi color maxi dress/S,House of Harlow 1960,Dress,S,1.0,49.99,4.62408,54.61408,49.99,0.0,False,False
2026-04-04,19,4,Saturday,14,133,10006973,Allegra White Blouse Bodysuit / Size XS,Allegra K,Top,XS,1.0,16.99,1.57158,18.56158,16.99,0.0,False,False
2026-04-04,19,4,Saturday,14,133,10007594,Flowers,,Other,,1.0,20.0,1.85,21.85,22.5,0.0,False,False
2026-04-04,19,4,Saturday,14,133,10007195,Banana Republic Black Dress Size 0,,Dress,0,1.0,25.99,2.40408,28.39408,25.99,0.0,False,False
2026-04-04,19,4,Saturday,14,133,10005495,Banana Republic Blue Striped Dress / Size 00,Banana Republic,Dress,00,1.0,18.99,1.75658,20.74658,18.99,0.0,False,False
2026-04-04,19,4,Saturday,14,132,10007083,Ilaria Sartori Black Gold Sandals/7.5,Ilaria,Top,7.5,1.0,23.99,2.21908,26.20908,23.99,0.0,False,False
2026-04-04,17,4,Saturday,14,131,10006178,red skirt/2,J.Crew,Skirt,2,1.0,22.99,2.12658,25.11658,22.99,0.0,False,False
2026-04-04,17,4,Saturday,14,131,10007396,DeltaPW/Underdog/SizeM,Delta Pro Weight,Other,M,1.0,10.99,1.01658,12.00658,10.99,0.0,False,False
2026-04-04,17,4,Saturday,14,130,10006624,Life is Good Pink Adjustable Size Hat,,Accessories,,1.0,14.99,1.38658,16.37658,14.99,0.0,False,False
2026-04-04,17,4,Saturday,14,129,10007498,NBD Sequin Top Size S,,Top,S,1.0,49.99,4.62408,54.61408,49.99,0.0,False,False
2026-04-04,17,4,Saturday,14,129,10005748,Daytrip Red Lace Tshirt / Size S,Daytrip,Top,S,1.0,18.99,1.75658,20.74658,18.99,0.0,False,False
2026-04-04,17,4,Saturday,14,129,10007565,Pimatee Rascal Flatts T-Shirt XL,,Top,,1.0,17.99,1.66408,19.65408,17.99,0.0,False,False
2026-04-04,16,4,Saturday,14,128,10005612,Coast Rainbow Tank / Size 10,Coast,Top,10,1.0,32.99,3.05158,36.04158,32.99,0.0,False,False
2026-04-04,16,4,Saturday,14,128,10006751,Bisou Bisou Lavender Satin Tank / Size L,Bisou Bisou,Top,L,1.0,27.99,2.58908,30.57908,27.99,0.0,False,False
2026-04-04,16,4,Saturday,14,128,10005845,Urban O Green Purple Sheer Tank / Size M,Urban Outfitters,Top,M,1.0,22.99,2.12658,25.11658,22.99,0.0,False,False
2026-04-04,16,4,Saturday,14,128,10007454,Victoria Secret purple tanktop/xl,Victoria's Secret,Top,XL,1.0,25.99,2.40408,28.39408,25.99,0.0,False,False
2026-04-04,16,4,Saturday,14,128,10003934,Sears Yellow Intimate Slip / Size M,Sears,Other,M,1.0,21.99,2.03408,24.02408,21.99,0.0,False,False
2026-04-04,16,4,Saturday,14,127,10006961,Zara White SL Crop Top / Size XS,Zara,Top,XS,1.0,28.99,2.68158,31.67158,28.99,0.0,False,False
2026-04-04,16,4,Saturday,14,127,10006855,cloth & stone white linen dress shirt/L,Cloth & Stone,Dress,L,1.0,29.99,2.77408,32.76408,29.99,0.0,False,False
2026-04-04,16,4,Saturday,14,126,10007594,Flowers,,Other,,1.0,20.0,1.85,21.85,22.5,0.0,False,False
2026-04-04,16,4,Saturday,14,125,10004864,OldNavy/OrangeTankTop/SizeM,Old Navy,Top,M,1.0,15.99,1.47908,17.46908,15.99,0.0,False,False
2026-04-04,15,4,Saturday,14,124,10004406,JCrew/BlackFlats/Size7,J.Crew,Shoes,7,1.0,24.99,2.31158,27.30158,24.99,0.0,False,False
2026-04-04,15,4,Saturday,14,123,10007594,Flowers,,Other,,1.0,20.0,1.85,21.85,22.5,0.0,False,False
2026-04-04,14,4,Saturday,14,122,10006775,Karlie Pink Dress/Size XL,Karlie,Dress,XL,1.0,25.99,2.40408,28.39408,25.99,0.0,False,False
2026-04-04,14,4,Saturday,14,122,10004117,KateLord Prp StripeShrt/Size M,Kate Lord,Shorts,M,1.0,19.99,1.84908,21.83908,19.99,0.0,False,False
2026-04-04,14,4,Saturday,14,122,10005831,Resa Blue and Tan Dress/Size XS REAL SIZE OS,Resa,Dress,XS,1.0,32.99,3.05158,36.04158,32.99,0.0,False,False
2026-04-04,14,4,Saturday,14,122,10007179,Lovestitch Dress Pink/White Size M,,Dress,M,1.0,37.99,3.51408,41.50408,37.99,0.0,False,False
2026-04-04,14,4,Saturday,14,122,10006975,Perceptions White Knit Throw / Size 1X,Perceptions,Sweater/Cardigan,1,1.0,19.99,1.84908,21.83908,19.99,0.0,False,False
2026-04-04,14,4,Saturday,14,121,10006873,GAP/WhiDotBttnDown/SizeS,Gap,Other,S,1.0,19.99,1.84908,21.83908,19.99,0.0,False,False
2026-04-04,13,4,Saturday,14,120,10006790,Wrangler/JeanFlowerShorts/Size4,Wrangler,Shorts,4,1.0,18.99,1.75658,20.74658,18.99,0.0,False,False
2026-04-04,13,4,Saturday,14,119,10007594,Flowers,,Other,,1.0,20.0,1.85,21.85,22.5,0.0,False,False
2026-04-04,13,4,Saturday,14,118,10006615,Von Dutch Pink & Brown Hat,Von Dutch,Accessories,,1.0,29.99,2.77408,32.76408,29.99,0.0,False,False
2026-04-04,13,4,Saturday,14,118,10006839,C&C red and white crochet dress/S,C&C california,Dress,S,1.0,12.99,1.20158,14.19158,12.99,0.0,False,False
2026-04-04,13,4,Saturday,14,118,10005087,Zara/ Ruche Crop/ Cream/ Size XS,Zara,Other,XS,1.0,12.99,1.20158,14.19158,12.99,0.0,False,False
2026-04-04,12,4,Saturday,14,117,10007262,dELia's Dress Blue Size XS,,Dress,XS,1.0,32.99,3.05158,36.04158,32.99,0.0,False,False
2026-04-04,12,4,Saturday,14,116,10006994,Le Lis Black SL Silver Fringe Top / Size S,Le Lis,Top,S,1.0,19.99,1.84908,21.83908,19.99,0.0,False,False
2026-04-04,12,4,Saturday,14,116,10006054,olivaceous/GrnCamotieShirt/SizeS,Olivaceous,Top,S,1.0,22.99,2.12658,25.11658,22.99,0.0,False,False
2026-04-04,12,4,Saturday,14,116,10005984,BCBG Burgundy Dress w Sleeves / Size M,BCBG Maxazria,Dress,M,1.0,35.99,3.32908,39.31908,35.99,0.0,False,False
2026-04-04,12,4,Saturday,14,115,10007124,Lydia USA Black Rhinestone Corset,Lydia,Set,,1.0,29.99,2.77408,32.76408,29.99,0.0,False,False
2026-04-04,11,4,Saturday,14,114,10006523,National Coll Gray Vols Tshirt / Size S,National Collegian,Top,S,1.0,13.99,1.29408,15.28408,13.99,0.0,False,False
2026-04-04,11,4,Saturday,14,113,10005819,NWT draper james/dress/org/4,Draper James,Dress,4,1.0,45.99,4.25408,50.24408,45.99,0.0,False,False
2026-04-04,11,4,Saturday,14,112,10004537,Mariella B Sheer Longsleeve Duo / Size S,Mariella Burani,Other,S,1.0,24.99,2.31158,27.30158,24.99,0.0,False,False
2026-04-04,11,4,Saturday,14,111,10007464,Maggy London Blue & White SS Dress / Size 2,Maggy London,Dress,2,1.0,24.99,2.31158,27.30158,24.99,0.0,False,False
2026-04-04,11,4,Saturday,14,110,10006809,Lily Pulitzer Orange Dress,Lilly Pulitzer,Dress,,1.0,45.99,4.25408,50.24408,45.99,0.0,False,False
2026-04-04,10,4,Saturday,14,109,10004095,Express/LaceCami/Lilac/SizeXL,Express,Top,XL,1.0,15.99,1.47908,17.46908,15.99,0.0,False,False
2026-04-03,20,4,Friday,14,108,10007092,Zara Blue Flats/Size 11,Zara,Shoes,11,1.0,22.99,2.12658,25.11658,22.99,0.0,False,False
2026-04-03,20,4,Friday,14,107,10006652,Billabong white dress/M,Billabong,Dress,M,1.0,23.99,2.21908,26.20908,23.99,0.0,False,False
2026-04-03,19,4,Friday,14,106,10007126,Apollo Jeans Sleeveless Denim Jacket / Size S,Apollo,Jeans/Pants,S,1.0,18.99,1.75658,20.74658,18.99,0.0,False,False
2026-04-03,19,4,Friday,14,105,10006371,Brown Belt with Gold Beads,Unknown,Accessories,,1.0,15.99,1.47908,17.46908,15.99,0.0,False,False
2026-04-03,19,4,Friday,14,104,10007079,Blowfish Brown Sandals/Size 7.5,,Top,7.5,1.0,16.99,1.57158,18.56158,16.99,0.0,False,False
2026-04-03,19,4,Friday,14,104,10007406,Hand Painted Owl Pin VINTAGE,Unknown,Other,,1.0,15.99,1.47908,17.46908,15.99,0.0,False,False
2026-04-03,18,4,Friday,14,103,10004950,stjohnsbay/sht/rd strip/1x,St. John's Bay,Other,,1.0,16.99,1.57158,18.56158,16.99,0.0,False,False
2026-04-03,18,4,Friday,14,103,10005634,Chelsea Red Floral SS Top / Size 1X,Chelsea & Theodore,Top,1,1.0,24.99,2.31158,27.30158,24.99,0.0,False,False
2026-04-03,18,4,Friday,14,103,10005083,Johnny Was/ Shoulder Bag,Johnny Was,Accessories,,1.0,25.99,2.40408,28.39408,25.99,0.0,False,False
2026-04-03,18,4,Friday,14,103,10007257,Chistopher Banks Grey Blazer Size XL,,Jacket/Coat,XL,1.0,28.99,2.68158,31.67158,28.99,0.0,False,False
2026-04-03,18,4,Friday,14,102,10007545,Comfort Orange Heels Size 8,,Top,8,1.0,23.0,2.1275,25.1275,23.0,0.0,False,False
2026-04-03,17,4,Friday,14,101,10004856,Blk&WhiLaceSkirt/SizeS,Unknown,Skirt,S,1.0,25.99,2.40408,28.39408,25.99,0.0,False,False
2026-04-03,17,4,Friday,14,100,10005252,Nubile Jean Lightwash Miniskirt / Size XL,Nubile Jeans,Skirt,XL,1.0,24.99,2.31158,27.30158,24.99,0.0,False,False
2026-04-03,17,4,Friday,14,99,10007592,Unknown Black Top Size M,,Top,M,1.0,17.99,1.66408,19.65408,17.99,0.0,False,False
2026-04-03,17,4,Friday,14,98,10006676,Garage Jean Skort / Size S,Garage,Jeans/Pants,S,1.0,16.0,1.48,17.48,16.0,0.0,False,False
2026-04-03,17,4,Friday,14,97,10007029,Eunina White Shorts/Size S,Eunina,Shorts,S,1.0,14.99,1.38658,16.37658,14.99,0.0,False,False
2026-04-03,16,4,Friday,14,96,10005319,CttnCandyLA/AniPrintTop/SizeS,Cotton Candy LA,Other,S,1.0,12.99,1.20158,14.19158,12.99,0.0,False,False
2026-04-03,16,4,Friday,14,96,10007312,Freys/BrwnSunglasses,Freyrs,Top,,1.0,30.0,2.775,32.775,30.0,0.0,False,False
2026-04-03,15,4,Friday,14,95,10007108,The Sak Hot Pink Bag,The Sak,Accessories,,1.0,22.99,2.12658,25.11658,22.99,0.0,False,False
2026-04-03,15,4,Friday,14,94,10007197,Silver Metal Skulls Ring Purse,,Top,,1.0,75.0,6.9375,81.9375,75.0,0.0,False,False
2026-04-03,15,4,Friday,14,93,10007260,Indulge Dress Black/White Size M,,Dress,M,1.0,22.99,2.12658,25.11658,22.99,0.0,False,False
2026-04-03,14,4,Friday,14,92,10007594,Flowers,,Other,,1.0,20.0,1.85,21.85,22.5,0.0,False,False
2026-04-03,14,4,Friday,14,91,10007093,Unknown Tan Hat,Unknown,Accessories,,1.0,7.99,0.73908,8.72908,7.99,0.0,False,False
2026-04-03,14,4,Friday,14,91,10006516,Parkhurst Silver Sequin Vest / Size L,Parkhurst,Top,L,1.0,23.99,2.21908,26.20908,23.99,0.0,False,False
2026-04-03,14,4,Friday,14,90,10005967,Abercrombie & F Blue Crop Cardigan / Size XS,Abercrombie & Fitch,Sweater/Cardigan,XS,1.0,24.99,2.31158,27.30158,24.99,0.0,False,False
2026-04-03,14,4,Friday,14,90,10007203,NWT PrettyLittle Thing Skirt Size 8,,Skirt,8,1.0,25.99,2.40408,28.39408,25.99,0.0,False,False
2026-04-03,14,4,Friday,14,89,10007572,Silence&Noise Multi-Color Tube Top S,,Top,,1.0,25.99,2.40408,28.39408,25.99,0.0,False,False
2026-04-03,14,4,Friday,14,89,10003903,TheOutfit/White Floral Top/Size S,The Outfit,Top,S,1.0,21.99,2.03408,24.02408,21.99,0.0,False,False
2026-04-03,14,4,Friday,14,89,10003037,Nanette Lepore Camisole Black,Nanette Lepore,Top,,1.0,15.99,1.47908,17.46908,15.99,0.0,False,False
2026-04-03,13,4,Friday,14,88,10005043,Express/ Sequin Cami/ Gld&Blk/ Size S,Express,Top,S,1.0,27.99,2.58908,30.57908,27.99,0.0,False,False
2026-04-03,13,4,Friday,14,88,10006442,vera bradley fabric belt,Vera Bradley,Accessories,,1.0,12.99,1.20158,14.19158,12.99,0.0,False,False
2026-04-03,13,4,Friday,14,87,10004816,Moa Moa Red Crop Top / Size M,Moa Moa,Top,M,1.0,14.99,1.38658,16.37658,14.99,0.0,False,False
2026-04-03,12,4,Friday,14,86,10007055,Akira Cream Boots/Size 8,Akira,Shoes,8,1.0,45.99,4.25408,50.24408,45.99,0.0,False,False
2026-04-02,20,4,Thursday,14,85,10006555,Brown Blue Crochet Purse,Unknown,Accessories,,1.0,21.99,2.03408,24.02408,21.99,0.0,False,False
2026-04-02,20,4,Thursday,14,85,10005330,ThrEightyTwo/BlueBlouse/SizeS,Three Eighty Two,Top,S,1.0,22.99,2.12658,25.11658,22.99,0.0,False,False
2026-04-02,20,4,Thursday,14,85,10004692,arden b/swtr/grn/m,Arden B,Sweater/Cardigan,M,1.0,24.99,2.31158,27.30158,24.99,0.0,False,False
2026-04-02,20,4,Thursday,14,85,10004788,Macrame Bag,Unknown,Accessories,,1.0,25.99,2.40408,28.39408,25.99,0.0,False,False
2026-04-02,20,4,Thursday,14,85,10003439,Coach Madison Phoebe Gold Studded Bag,Coach,Accessories,,1.0,65.0,6.0125,71.0125,65.0,0.0,False,False
2026-04-02,18,4,Thursday,14,84,10005230,Crisis Floral Button Down/Size S,Crisis,Other,S,1.0,32.99,3.05158,36.04158,32.99,0.0,False,False
2026-04-02,15,4,Thursday,14,83,10006608,Dress Forum Lemon Wrap Dress / Size M,Dress Forum,Dress,M,1.0,18.99,1.75658,20.74658,18.99,0.0,False,False
2026-04-02,14,4,Thursday,14,82,10007265,NWT Ryu Skirt Brown Size S,,Skirt,S,1.0,25.99,2.40408,28.39408,25.99,0.0,False,False
2026-04-02,13,4,Thursday,14,81,10007096,Vintage Marino Orlandi Italian Leather Bag/AS IS,Marino Orlandi,Accessories,,1.0,22.99,2.12658,25.11658,22.99,0.0,True,False
2026-04-02,12,4,Thursday,14,80,10006279,Just G Shorts Jumper Size 2,Just G,Shorts,2,1.0,22.99,2.12658,25.11658,22.99,0.0,False,False
2026-04-02,12,4,Thursday,14,80,10004295,DerekHeart/GreenKnitTank/Size S,Derek Heart,Sweater/Cardigan,S,1.0,14.99,1.38658,16.37658,14.99,0.0,False,False
2026-04-02,12,4,Thursday,14,80,10006578,VINTAGE 90s Rafe Designer Handbag,Rafe Designer,Accessories,,1.0,150.0,13.875,163.875,150.0,0.0,False,False
2026-04-02,12,4,Thursday,14,79,10003419,Unknown White Camisole Size Med,Unknown,Top,M,1.0,17.99,1.66408,19.65408,17.99,0.0,False,False
2026-04-01,19,4,Wednesday,14,78,10005969,FP Movement Purple Sweatshirt / Size S,fp Movement,Top,S,1.0,24.99,2.31158,27.30158,24.99,0.0,False,False
2026-04-01,19,4,Wednesday,14,78,10006643,J. Gee yellow floral dress size SP,J. Gee,Dress,S,1.0,22.99,2.12658,25.11658,22.99,0.0,False,False
2026-04-01,19,4,Wednesday,14,78,10006585,Wild Fable Red Orange Crop Top / Size S,Wild Fable,Top,S,1.0,8.99,0.83158,9.82158,8.99,0.0,False,False
2026-04-01,19,4,Wednesday,14,78,10003854,Sigrid Khaki Pants Pink Stitch / Size 2,Sigrid Olsen,Jeans/Pants,2,1.0,33.99,3.14408,37.13408,33.99,0.0,False,False
2026-04-01,18,4,Wednesday,14,77,10004409,CreamBondedLeatherBelt/SizeXL,Unknown,Accessories,XL,1.0,9.99,0.92408,10.91408,9.99,0.0,False,False
2026-04-01,18,4,Wednesday,14,76,10007222,Blue Floral SL Dress / Size XS,Band of the Free,Dress,XS,1.0,25.99,2.40408,28.39408,25.99,0.0,False,False
2026-04-01,16,4,Wednesday,14,75,10006199,red and white plaid dress shirt/small,J.Crew,Dress,,1.0,29.99,2.77408,32.76408,29.99,0.0,False,False
2026-04-01,16,4,Wednesday,14,75,10006087,BananaR/PinkTankTop/SizeS,Banana Republic,Top,S,1.0,22.99,2.12658,25.11658,22.99,0.0,False,False
2026-04-01,16,4,Wednesday,14,75,10007448,Express Pale Pink SL Top Tie Front  / Size M,Express,Top,M,1.0,18.99,1.75658,20.74658,18.99,0.0,False,False
2026-04-01,15,4,Wednesday,14,74,10007503,Sunday in Brooklyn Blue/White Top XS,,Top,,1.0,18.99,1.75658,20.74658,18.99,0.0,False,False
2026-04-01,15,4,Wednesday,14,74,10005792,AltardState/StripeBttnSkirt/SizeS,Altar'd State,Skirt,S,1.0,22.99,2.12658,25.11658,22.99,0.0,False,False
2026-04-01,15,4,Wednesday,14,73,10006683,Ocean Drive Light Green & White Dress / Size S,Ocean Drive,Dress,S,1.0,18.99,1.75658,20.74658,18.99,0.0,False,False
2026-04-01,15,4,Wednesday,14,73,10006968,Zara Basic Cream Off Shoulder Top / Size XS,Zara Basic,Top,XS,1.0,13.99,1.29408,15.28408,13.99,0.0,False,False
2026-04-01,14,4,Wednesday,14,72,10007516,DKNY jacket,,Jacket/Coat,,1.0,19.99,1.84908,21.83908,19.99,0.0,False,False
2026-04-01,14,4,Wednesday,14,72,10003858,JCrew  Purp Floral Long Sleeve / Size M,J.Crew,Other,M,1.0,19.99,1.84908,21.83908,19.99,0.0,False,False
2026-04-01,14,4,Wednesday,14,72,10006435,brandolino floral jacket/10p,Bandolino,Jacket/Coat,,1.0,24.99,2.31158,27.30158,24.99,0.0,False,False
2026-04-01,14,4,Wednesday,14,72,10007446,The Sak Green Satchel,,Other,,1.0,19.99,1.84908,21.83908,19.99,0.0,False,False
2026-04-01,13,4,Wednesday,14,71,10007123,Nine West Yellow Jacket/SIze 4,Nine West,Jacket/Coat,4,1.0,24.99,2.31158,27.30158,24.99,0.0,False,False
2026-04-01,12,4,Wednesday,14,70,10004523,LRL Black Purse Gold Zipper,Lauren Ralph Lauren,Accessories,,1.0,18.99,1.75658,20.74658,18.99,0.0,False,False
2026-04-01,12,4,Wednesday,14,69,10006843,J Brand white jeans/26,J Brand,Jeans/Pants,26,1.0,34.99,3.23658,38.22658,34.99,0.0,False,False
2026-03-29,18,3,Sunday,13,68,10006367,H/PinklaceTop/SizeS,H by bordeaux,Other,S,1.0,21.99,2.03408,24.02408,21.99,0.0,False,False
2026-03-29,18,3,Sunday,13,67,10007417,CoPremium/JeanStitchShorts/Size9,1 co Premium,Shorts,9,1.0,12.99,1.20158,14.19158,12.99,0.0,False,False
2026-03-29,18,3,Sunday,13,66,10007366,Promod/PnkPurpLaceShirt/SizeS,Promod,Top,S,1.0,18.99,1.75658,20.74658,18.99,0.0,False,False
2026-03-29,18,3,Sunday,13,65,10007202,Altard State Green Top Size S,,Top,S,1.0,18.99,1.75658,20.74658,18.99,0.0,False,False
2026-03-29,16,3,Sunday,13,64,10002698,MotiviJacket_Lo / Black / S / 14.54,Motivi,Jacket/Coat,,1.0,32.99,3.05158,36.04158,32.99,0.0,False,False
2026-03-29,16,3,Sunday,13,63,10004953,Sincerely Jules Orange SL Crop Top / Size S,Sincerely Jules,Top,S,1.0,15.99,1.47908,17.46908,15.99,0.0,False,False
2026-03-29,16,3,Sunday,13,62,10004322,AeroSoles/BrwnBuckleHeel/Size7.5,Aerosoles,Shoes,7.5,1.0,25.99,2.40408,28.39408,25.99,0.0,False,False
2026-03-29,16,3,Sunday,13,62,10007397,CreamRuffleHalterTop/SizeXS/S,Unknown,Top,XS,1.0,22.99,2.12658,25.11658,22.99,0.0,False,False
2026-03-29,16,3,Sunday,13,61,10006688,VINTAGE Duckhead Jean Striped Overalls / Size XS,Duckhead,Jeans/Pants,XS,1.0,64.99,6.01158,71.00158,64.99,0.0,False,False
2026-03-29,16,3,Sunday,13,60,10006038,THML/Blk&WhipatternTop/SizeS,Thml,Other,S,1.0,55.99,5.17908,61.16908,55.99,0.0,False,False
2026-03-29,15,3,Sunday,13,59,10004436,PlaidDress/Bl&Wht/Size S,Loveriche,Dress,S,1.0,31.99,2.95908,34.94908,31.99,0.0,False,False
2026-03-29,15,3,Sunday,13,58,10004234,Pink Baseball Cap,Unknown,Other,,1.0,7.99,0.73908,8.72908,7.99,0.0,False,False
2026-03-29,15,3,Sunday,13,58,10007408,Avon Vintage Rose Ring,Avon,Accessories,,1.0,6.99,0.64658,7.63658,6.99,0.0,False,False
2026-03-29,15,3,Sunday,13,58,10006393,Brown & White Belt,Unknown,Accessories,,1.0,16.99,1.57158,18.56158,16.99,0.0,False,False
2026-03-29,15,3,Sunday,13,58,10005053,VINTAGE Hot Pink Beaded Purse,Unknown,Accessories,,1.0,15.99,1.47908,17.46908,15.99,0.0,False,False
2026-03-29,14,3,Sunday,13,57,10003743,VINTAGE unknown/dress/prp floral/s,Unknown,Dress,S,1.0,22.99,2.12658,25.11658,22.99,0.0,False,False
2026-03-29,14,3,Sunday,13,57,10007319,Levi's Cut Off Shorts 501,Levi Strauss & Co,Shorts,,1.0,18.99,1.75658,20.74658,18.99,0.0,False,False
2026-03-29,14,3,Sunday,13,57,10006679,VINTAGE Collage Green Plaid Buttonup / Size S,Collage,Other,S,1.0,39.99,3.69908,43.68908,39.99,0.0,False,False
2026-03-29,14,3,Sunday,13,56,10006045,BluPepper/BrwnPolkaDCard/SizeS,Blu Pepper,Other,S,1.0,22.99,2.12658,25.11658,22.99,0.0,False,False
2026-03-29,13,3,Sunday,13,55,10004667,VintageSO/PinkBttnDwnTop/SizeL,So,Other,L,1.0,32.99,3.05158,36.04158,32.99,0.0,False,False
2026-03-29,13,3,Sunday,13,54,10004805,Casual Corner Red Skirt Pattern / Size 12,Casual Corner,Skirt,12,1.0,26.99,2.49658,29.48658,26.99,0.0,False,False
2026-03-29,13,3,Sunday,13,54,10006048,Talbots/brwnbttnshirt/SizeM,Talbots,Top,M,1.0,22.99,2.12658,25.11658,22.99,0.0,False,False
2026-03-29,13,3,Sunday,13,54,10004555,Town & Country VINTAGE Red Purse,Town & Country,Accessories,,1.0,25.99,2.40408,28.39408,25.99,0.0,False,False
2026-03-29,13,3,Sunday,13,54,10003985,Tan Purse,,Accessories,,1.0,18.99,1.75658,20.74658,18.99,0.0,False,False
2026-03-29,13,3,Sunday,13,53,10007238,Talbot's Green Hat,,Accessories,,1.0,18.99,1.75658,20.74658,18.99,0.0,False,False
2026-03-29,13,3,Sunday,13,52,10001173,CabiLS Top_Vi / Blue X White / M / 6.91,Cabi,Top,,1.0,22.99,2.12658,25.11658,22.99,0.0,False,False
2026-03-29,12,3,Sunday,13,51,10004169,Briggs NY Floral Skirt/Black,Briggs New York,Skirt,,1.0,21.99,2.03408,24.02408,21.99,0.0,False,False
2026-03-29,12,3,Sunday,13,50,10006101,JimiHendrixTShirt/SizeM,Authentic Hendrix,Top,M,1.0,29.99,2.77408,32.76408,29.99,0.0,False,False
2026-03-29,12,3,Sunday,13,50,10004027,guessTee Shirt_Gue / Pink / M / abc,Guess,Top,,1.0,32.99,3.05158,36.04158,32.99,0.0,False,False
2026-03-29,12,3,Sunday,13,50,10007375,VintageFlowerNecklace,Unknown,Accessories,,1.0,18.99,1.75658,20.74658,18.99,0.0,False,False
2026-03-29,12,3,Sunday,13,49,10007374,Lulus/PinkHalterBodysuit/SizeS,Lulus,Top,S,1.0,23.99,2.21908,26.20908,23.99,0.0,False,False
2026-03-29,12,3,Sunday,13,49,10007026,Ammo Blk Tank NWT/ Size S,Ammo,Top,S,1.0,28.99,2.68158,31.67158,28.99,0.0,False,False
2026-03-29,12,3,Sunday,13,49,10006404,FreePeople/PinkTanktop/SizeXS,Free People,Top,XS,1.0,22.99,2.12658,25.11658,22.99,0.0,False,False
2026-03-29,12,3,Sunday,13,48,10002725,JuliaTee Shirt_Cu / White / L / 14.68,Julia,Top,,1.0,27.99,2.58908,30.57908,27.99,0.0,False,False
2026-03-29,11,3,Sunday,13,47,10007283,Free People Yellow LS Top Size XS,,Top,XS,1.0,22.99,2.12658,25.11658,22.99,0.0,False,False
2026-03-29,11,3,Sunday,13,47,10006727,Jeuvre Snakeskin & Floral Dress / Size XS,Jeuvre,Dress,XS,1.0,18.99,1.75658,20.74658,18.99,0.0,False,False
2026-03-29,11,3,Sunday,13,46,10002672,PS LATee Shirt_Ex / Black / S / 14.41,Ps La,Top,,1.0,15.99,1.47908,17.46908,15.99,0.0,False,False
2026-03-29,11,3,Sunday,13,45,10007100,Oz Red Leather Purse,Oz,Accessories,,1.0,18.99,1.75658,20.74658,18.99,0.0,False,False
2026-03-29,11,3,Sunday,13,44,10003936,Dusty Pink Intimate Slip / Size M,,Other,M,1.0,19.99,1.84908,21.83908,19.99,0.0,False,False
2026-03-28,21,3,Saturday,13,43,10003246,Silver Metal Black Leather Bracelet / Metal / OSFM / abc,Unknown,Accessories,,1.0,17.99,1.66408,19.65408,17.99,0.0,False,False
2026-03-28,21,3,Saturday,13,42,10003242,Brown & Silver Bracelet / Brown & Silver / OSFM / abc,Unknown,Accessories,,1.0,17.99,1.66408,19.65408,17.99,0.0,False,False
2026-03-28,20,3,Saturday,13,41,10006609,Desigual Yellow Leather Jacket / Size M,Desigual,Jacket/Coat,M,1.0,45.99,4.25408,50.24408,45.99,0.0,False,False
2026-03-28,20,3,Saturday,13,40,10006896,MichelleNicole/BrownJewelShirt/SizeS,Michelle Nicole,Top,S,1.0,19.99,1.84908,21.83908,19.99,0.0,False,False
2026-03-28,20,3,Saturday,13,40,10007344,Chicos Flower Sprakley Bracelet,Chico's,Accessories,,1.0,15.99,1.47908,17.46908,15.99,0.0,False,False
2026-03-28,20,3,Saturday,13,39,10007328,Kourt Black Dress/Size M,Kourt,Dress,M,1.0,42.99,3.97658,46.96658,42.99,0.0,False,False
2026-03-28,20,3,Saturday,13,39,10004733,Express DS Blue Dress SS Shirt / Size S,Express Design Studio,Dress,S,1.0,14.99,1.38658,16.37658,14.99,0.0,False,False
2026-03-28,20,3,Saturday,13,38,10004041,ODM Premium GoodsTee Shirt_Odm / Brown / M / abc,ODM Premium Goods,Top,,1.0,24.99,2.31158,27.30158,24.99,0.0,False,False
2026-03-28,20,3,Saturday,13,37,10006331,Desigual Blue Black Red Long Coat / Size 40,Desigual,Jacket/Coat,40,1.0,175.0,16.1875,191.1875,175.0,0.0,False,False
2026-03-28,20,3,Saturday,13,36,10006823,Loft Off White Pattern Shorts/Size 8,Loft,Shorts,8,1.0,15.99,1.47908,17.46908,15.99,0.0,False,False
2026-03-28,19,3,Saturday,13,35,10006365,AveMaria/MeshOutdoorShirt/Size40,Ave Maria,Top,40,1.0,32.99,3.05158,36.04158,32.99,0.0,False,False
2026-03-28,19,3,Saturday,13,35,10004996,Audrey Talbott Purple Watercolor LS,Audrey Talbott,Top,,1.0,24.99,2.31158,27.30158,24.99,0.0,False,False
2026-03-28,19,3,Saturday,13,34,10006181,vintage purple patterned pants/small,Unknown,Jeans/Pants,,1.0,21.99,2.03408,24.02408,21.99,0.0,False,False
2026-03-28,19,3,Saturday,13,33,10004828,Red Oak Tennessee Tshirt / Size XL,Red Oak,Top,XL,1.0,15.99,1.47908,17.46908,15.99,0.0,False,False
2026-03-28,19,3,Saturday,13,33,10006465,Gray Tennessee Tshirt / Size L,Unknown,Top,L,1.0,16.99,1.57158,18.56158,16.99,0.0,False,False
2026-03-28,19,3,Saturday,13,32,10005124,Hollister Dark Gray Bomber Jacket / Size XXS,Hollister,Jacket/Coat,XXS,1.0,32.99,3.05158,36.04158,32.99,0.0,False,False
2026-03-28,19,3,Saturday,13,31,10007159,Ekouaer Grey Sweater/Shorts Size L,,Shorts,L,1.0,22.99,2.12658,25.11658,22.99,0.0,False,False
2026-03-28,19,3,Saturday,13,30,10005450,DolceVita/CreamHeelBoot/Size7.5,Dolce Vita,Shoes,7.5,1.0,25.99,2.40408,28.39408,25.99,0.0,False,False
2026-03-28,19,3,Saturday,13,29,10006965,White SL Ruffle Neck Top / Size M,Unknown,Top,M,1.0,14.99,1.38658,16.37658,14.99,0.0,False,False
2026-03-28,19,3,Saturday,13,29,10006871,NineWVintAmer/WhiJeanJacket/SizeL,Nine West,Jeans/Pants,L,1.0,32.99,3.05158,36.04158,32.99,0.0,False,False
2026-03-28,19,3,Saturday,13,29,10006842,Nautica white blouse/M,Nautica,Top,M,1.0,24.99,2.31158,27.30158,24.99,0.0,False,False
2026-03-28,19,3,Saturday,13,28,10006814,Anthropologie Reformation Plaid Top/Size L,Anthropologie,Top,L,1.0,55.99,5.17908,61.16908,55.99,0.0,False,False
2026-03-28,18,3,Saturday,13,27,10005708,Divided Red Gray LS / Size 8,Divided,Top,8,1.0,15.99,1.47908,17.46908,15.99,0.0,False,False
2026-03-28,18,3,Saturday,13,26,10006771,Vintage Sunflower Dress/ Size 14,Unknown,Dress,14,1.0,85.99,7.95408,93.94408,85.99,0.0,False,False
2026-03-28,18,3,Saturday,13,26,10006583,Fore Multicolor Floral Crop Top / Size M,Fore,Top,M,1.0,28.99,2.68158,31.67158,28.99,0.0,False,False
2026-03-28,18,3,Saturday,13,26,10006900,LAHearts/GrnBlueHalterTop/SizeM,LA Hearts,Top,M,1.0,15.99,1.47908,17.46908,15.99,0.0,False,False
2026-03-28,18,3,Saturday,13,26,10006996,Green Tan Satin SL Top / Size M,Unknown,Top,M,1.0,19.99,1.84908,21.83908,19.99,0.0,False,False
2026-03-28,18,3,Saturday,13,26,10007188,Theory Dress Black Size 4,,Dress,4,1.0,45.99,4.25408,50.24408,45.99,0.0,False,False
2026-03-28,18,3,Saturday,13,25,10007346,Stella Dot Gold Multi Color Necklace,Stella & Dot,Accessories,,1.0,22.99,2.12658,25.11658,22.99,0.0,False,False
2026-03-28,18,3,Saturday,13,24,10007157,Brown Chic Vintage T Shirt Size L,,Top,L,1.0,23.99,2.21908,26.20908,23.99,0.0,False,False
2026-03-28,18,3,Saturday,13,24,10007146,Pink Chic Vintage T Shirt Size M,,Top,M,1.0,23.99,2.21908,26.20908,23.99,0.0,False,False
2026-03-28,18,3,Saturday,13,23,10006670,Pink coach mini purse,Coach,Accessories,,1.0,300.0,27.75,327.75,300.0,0.0,False,False
2026-03-28,17,3,Saturday,13,22,10007174,Frederick's of Hollywood Leopard Slip / Size M,Frederick's of Hollywood,Other,M,1.0,33.99,3.14408,37.13408,33.99,0.0,False,False
2026-03-28,17,3,Saturday,13,22,10003910,Sasson Black Slip Dress / Size L,Sasson,Dress,L,1.0,27.99,2.58908,30.57908,27.99,0.0,False,False
2026-03-28,16,3,Saturday,13,21,10006856,The territory ahead white dress shirt/M,The Territory Ahead,Dress,M,1.0,19.99,1.84908,21.83908,19.99,0.0,False,False
2026-03-28,16,3,Saturday,13,21,10005061,Patterned Top/ Wht&Orng/ Size XS,Unknown,Top,XS,1.0,15.99,1.47908,17.46908,15.99,0.0,False,False
2026-03-28,16,3,Saturday,13,21,10007110,Lapis Pink & Brown Strapless Dress / One Size,Lapis,Dress,,1.0,31.99,2.95908,34.94908,31.99,0.0,False,False
2026-03-28,16,3,Saturday,13,20,10006692,Canyon River Army Green Overalls / Size M,Canyon River Blues,Top,M,1.0,25.99,2.40408,28.39408,25.99,0.0,False,False
2026-03-28,16,3,Saturday,13,19,10004283,Moth/Amber Knit Sweater/Size S,Moth,Sweater/Cardigan,S,1.0,19.99,1.84908,21.83908,19.99,0.0,False,False
2026-03-28,16,3,Saturday,13,18,10004896,Essence/BlPatternedSkirtWRuffle/SizeM,Essence,Skirt,M,1.0,26.99,2.49658,29.48658,26.99,0.0,False,False
2026-03-28,16,3,Saturday,13,17,10006983,Isaac Mizrahi White Dress / Size 6,Isaac Mizrahi,Dress,6,1.0,45.99,4.25408,50.24408,45.99,0.0,False,False
2026-03-28,14,3,Saturday,13,16,10005957,Desigual Purple Orange Boots / Size 9.5,Desigual,Shoes,9.5,1.0,125.0,11.5625,136.5625,125.0,0.0,False,False
2026-03-28,14,3,Saturday,13,15,10007065,White Mountain Slip on Sandals Gold/Size 9,White Mountain,Top,9,1.0,18.99,1.75658,20.74658,18.99,0.0,False,False
2026-03-28,14,3,Saturday,13,15,10007107,West 36th Denim Skirt Brown/Size L,West 36th,Skirt,L,1.0,35.99,3.32908,39.31908,35.99,0.0,False,False
2026-03-28,14,3,Saturday,13,14,10005098,Highway Jeans Jean Vest / Size M,Highway Jeans,Jeans/Pants,M,1.0,15.99,1.47908,17.46908,15.99,0.0,False,False
2026-03-28,14,3,Saturday,13,14,10006185,blue patterned dress/medium,Desigual,Dress,,1.0,44.99,4.16158,49.15158,44.99,0.0,False,False
2026-03-28,14,3,Saturday,13,14,10006479,VINTAGE Magica Blue 2 Piece Set / Size M,Magica,Set,M,1.0,49.99,4.62408,54.61408,49.99,0.0,False,False
2026-03-28,14,3,Saturday,13,14,10003665,VINTAGE/studioI/blouse/grn/14,studio I,Top,14,1.0,28.99,2.68158,31.67158,28.99,0.0,False,False
2026-03-28,14,3,Saturday,13,14,10003335,Badgley Mischka Dress Floral Black / Black / 8 / abc,Badgley Mischka,Dress,,1.0,125.99,11.65408,137.64408,125.99,0.0,False,False
2026-03-28,14,3,Saturday,13,14,10006411,RefugeDenim/LightDenimVest/SizeM,Refuge Denim,Jeans/Pants,M,1.0,24.99,2.31158,27.30158,24.99,0.0,False,False
2026-03-28,14,3,Saturday,13,13,10005997,TheSak/BrwnFloralBag,The Sak,Accessories,,1.0,45.99,4.25408,50.24408,45.99,0.0,False,False
2026-03-28,14,3,Saturday,13,12,10007250,NWT BCBG Brown Dress Size 8,,Dress,8,1.0,45.99,4.25408,50.24408,45.99,0.0,False,False
2026-03-28,14,3,Saturday,13,11,10006564,Urban Behavior Multicolor Sheer Tank / Size S,Urban Behavior,Top,S,1.0,19.99,1.84908,21.83908,19.99,0.0,False,False
2026-03-28,14,3,Saturday,13,10,10007210,Do & Be Brown & Green Tank / Size M,,Top,M,1.0,23.99,2.21908,26.20908,23.99,0.0,False,False
2026-03-28,13,3,Saturday,13,9,10006254,Gianni Bini Red Shoes Size 11,Gianni Bini,Shoes,11,1.0,15.99,1.47908,17.46908,15.99,0.0,False,False
2026-03-28,13,3,Saturday,13,8,10005629,Abercrombie & F Black White Floral LS / Size L,Abercrombie & Fitch,Top,L,1.0,24.99,2.31158,27.30158,24.99,0.0,False,False
2026-03-28,13,3,Saturday,13,8,10004024,Wit X WisdomPants / Plum / 14 / abc,Wit & Wisdom,Jeans/Pants,,1.0,29.99,2.77408,32.76408,29.99,0.0,False,False
2026-03-28,13,3,Saturday,13,7,10007301,Levi's White Shorts / Size 30,Levi Strauss & Co,Shorts,30,1.0,26.99,2.49658,29.48658,26.99,0.0,False,False
2026-03-28,13,3,Saturday,13,7,10006275,GAP White Lace Top/Size L,Gap,Top,L,1.0,26.99,2.49658,29.48658,26.99,0.0,False,False
2026-03-28,13,3,Saturday,13,651,10006274,VINTAGE Floral Orange/Tan Shirt/ Size 12,Unknown,Top,12,1.0,45.99,4.25408,50.24408,45.99,0.0,False,True
2026-03-28,13,3,Saturday,13,651,10003994,Orange Drop Earrings,,Accessories,,1.0,8.5,0.78625,9.28625,8.5,0.0,False,True
2026-03-28,12,3,Saturday,13,650,10003761,1883 Teal and Brown Cowgirl Boots / Size 7.5,1883 by Luccheen,Shoes,7.5,1.0,224.99,20.81158,245.80158,224.99,0.0,True,True
2026-03-28,12,3,Saturday,13,649,10006030,LaceLongsleeve/SizeS,Unknown,Other,S,1.0,28.99,2.68158,31.67158,28.99,0.0,False,True
2026-03-28,12,3,Saturday,13,648,10007094,Fleur Silk Scarf,Fleur,Accessories,,1.0,39.99,3.69908,43.68908,39.99,0.0,False,False
2026-03-28,12,3,Saturday,13,647,10005733,Desigual Multicolor Coat / Size 40,Desigual,Jacket/Coat,40,1.0,175.0,16.1875,191.1875,175.0,0.0,False,True
2026-03-28,11,3,Saturday,13,646,10005210,Limited Black Skirt/Size 2,The Limited,Skirt,2,1.0,22.99,2.12658,25.11658,22.99,0.0,True,False
2026-03-28,11,3,Saturday,13,646,10007064,Naturalizer Lime Green Mules/Size 8.5,Naturalizer,Other,8.5,1.0,20.99,1.94158,22.93158,20.99,0.0,True,False
2026-03-28,11,3,Saturday,13,645,10005697,VINTAGE Black Blouse Gold Leaf / Size Large,Unknown,Top,L,1.0,22.99,2.12658,25.11658,22.99,0.0,False,False
2026-03-28,11,3,Saturday,13,645,10006127,VintageSears/WhiRuffleBtnDwn/Size8,Sears,Other,8,1.0,18.99,1.75658,20.74658,18.99,0.0,False,False
2026-03-28,10,3,Saturday,13,644,10007325,Biviar Black Hat,Biviar,Accessories,,1.0,12.99,1.20158,14.19158,12.99,0.0,False,False
2026-03-28,10,3,Saturday,13,644,10003993,Pink Trio Flower Earrings,,Accessories,,1.0,8.5,0.78625,9.28625,8.5,0.0,False,False
2026-03-27,20,3,Friday,13,643,10007125,Jason Maxwell Green Floral Hoodie/ Size XL,Jason Maxwell,Other,XL,1.0,22.99,2.12658,25.11658,22.99,0.0,False,False
2026-03-27,20,3,Friday,13,642,10006927,ClothXStone/WhiteSlvlessBttnDwn/SizeM,Cloth & Stone,Top,M,1.0,22.99,2.12658,25.11658,22.99,0.0,False,False
2026-03-27,20,3,Friday,13,642,10006071,unknown/tank/blk/m,Unknown,Top,M,1.0,15.99,1.47908,17.46908,15.99,0.0,False,False
2026-03-27,19,3,Friday,13,641,10000062,ZaraSweater_Cu / blue / M / 1.35,Zara,Sweater/Cardigan,,1.0,25.99,2.40408,28.39408,25.99,0.0,False,False
2026-03-27,18,3,Friday,13,640,10006471,VINTAGE Zayre Black & W Polka Dot Top / Size M,Zayre,Top,M,1.0,32.99,3.05158,36.04158,32.99,0.0,False,False
2026-03-27,18,3,Friday,13,639,10004395,SamEdelman/Blk&GoldLoafer/Size8.5M,Sam Edelman,Shoes,8.5,1.0,39.99,3.69908,43.68908,39.99,0.0,False,False
2026-03-27,18,3,Friday,13,638,10005889,Ronni Nicole Green Cardigan / Size 1x,Ronni Nicole,Sweater/Cardigan,1,1.0,21.99,2.03408,24.02408,21.99,0.0,False,False
2026-03-27,17,3,Friday,13,637,10006186,beige ribbed tanktop/large/xl,Aura,Top,XL,1.0,8.99,0.83158,9.82158,8.99,0.0,False,False
2026-03-27,17,3,Friday,13,637,10005154,BodyCentral/ Sheer Top/ Camel/ Size M,Body Central,Top,M,1.0,15.99,1.47908,17.46908,15.99,0.0,False,False
2026-03-27,17,3,Friday,13,637,10002161,AC DCTee Shirt_Ne / Pink / S / 11.86,AC/DC,Top,,1.0,12.99,1.20158,14.19158,12.99,0.0,False,False
2026-03-27,17,3,Friday,13,636,10007128,Elana Kattau Rainbow Jumpsuit/ Size S,Elana Kattau,Romper/Jumpsuit,S,1.0,45.99,4.25408,50.24408,45.99,0.0,False,False
2026-03-27,17,3,Friday,13,635,10003705,Crm & Bronze Belt/Size S,Unknown,Accessories,S,1.0,9.99,0.92408,10.91408,9.99,0.0,True,False
2026-03-27,16,3,Friday,13,634,10006376,Brown Leather Belt Brass Buckle,Unknown,Top,,1.0,18.99,1.75658,20.74658,18.99,0.0,False,False
2026-03-27,16,3,Friday,13,633,10003950,12th Tribe White Sequin Jacket / Size M,12th Tribe,Jacket/Coat,M,1.0,69.99,6.47408,76.46408,69.99,0.0,False,False
2026-03-27,16,3,Friday,13,632,10007080,Allegria Red Sling Backs/Size7-7.5,Allegria,Other,7,1.0,35.99,3.32908,39.31908,35.99,0.0,False,False
2026-03-27,16,3,Friday,13,632,10005918,Persaman Pink & Yellow Skirt / Size 10,Persaman,Skirt,10,1.0,38.99,3.60658,42.59658,38.99,0.0,False,False
2026-03-27,16,3,Friday,13,631,10007087,August Animal Print Hat,August,Accessories,,1.0,15.99,1.47908,17.46908,15.99,0.0,False,False
2026-03-27,16,3,Friday,13,631,10004168,Lace Long Tunic Apricot/Size L,Unknown,Other,L,1.0,35.99,3.32908,39.31908,35.99,0.0,False,False
2026-03-27,16,3,Friday,13,631,10003996,Wood Flower Earrings,,Accessories,,1.0,8.5,0.78625,9.28625,8.5,0.0,False,False
2026-03-27,16,3,Friday,13,630,10007316,Metalpurse,,Accessories,,1.0,45.99,4.25408,50.24408,45.99,0.0,False,False
2026-03-27,15,3,Friday,13,629,10005030,J.Crew/ Wrap Blouse/Grn/Size M,J.Crew,Top,M,1.0,25.99,2.40408,28.39408,25.99,0.0,False,False
2026-03-27,15,3,Friday,13,628,10003912,InnerMost Ppl Slip/Size S,Inner Most,Other,S,1.0,15.99,1.47908,17.46908,15.99,0.0,False,False
2026-03-27,15,3,Friday,13,628,10006019,Moda/PurplaceTop/SizeXS,Moda,Other,XS,1.0,28.99,2.68158,31.67158,28.99,0.0,False,False
2026-03-27,14,3,Friday,13,627,10002363,J CrewSkirt_vi / Black and Pink / M / 12.87,J.Crew,Skirt,,1.0,29.99,2.77408,32.76408,29.99,0.0,False,False
2026-03-27,14,3,Friday,13,627,10003248,Red & White Necklace / Red & White / OSFM / abc,Unknown,Accessories,,1.0,17.99,1.66408,19.65408,17.99,0.0,False,False
2026-03-27,14,3,Friday,13,626,10003309,Clarks Brown Leather Boots Size 9M,Clarks,Shoes,9,1.0,32.99,3.05158,36.04158,32.99,0.0,False,False
2026-03-27,14,3,Friday,13,626,10005674,Citizens of Humanity Bluejeans / Size 30,Citizens of Humanity,Jeans/Pants,30,1.0,29.99,2.77408,32.76408,29.99,0.0,False,False
2026-03-27,14,3,Friday,13,626,10007290,FP One White Dress Size XL,,Dress,XL,1.0,28.99,2.68158,31.67158,28.99,0.0,False,False
2026-03-27,14,3,Friday,13,626,10007186,Old Navy Brown Dress Size M,,Dress,M,1.0,15.99,1.47908,17.46908,15.99,0.0,False,False
2026-03-27,14,3,Friday,13,625,10006206,green with white flowers blouse/small,Sadie & Sage,Top,,1.0,19.99,1.84908,21.83908,19.99,0.0,False,False
2026-03-27,14,3,Friday,13,624,10002156,DieselJeans_Al / Bluejeans / 8 / 11.83,Diesel,Jeans/Pants,,1.0,15.99,1.47908,17.46908,15.99,0.0,False,False
2026-03-27,14,3,Friday,13,624,10003054,LeviJeans / Bluejeans / S,Levi'S,Jeans/Pants,,1.0,28.99,2.68158,31.67158,28.99,0.0,False,False
2026-03-27,14,3,Friday,13,623,10006403,Desigual/GrnPatternJacket/Size38,Desigual,Jacket/Coat,38,1.0,175.0,16.1875,191.1875,175.0,0.0,False,False
2026-03-27,14,3,Friday,13,622,10007201,Zara Basic White Top Size XS,,Top,XS,1.0,22.99,2.12658,25.11658,22.99,0.0,True,False
2026-03-27,13,3,Friday,13,621,10007142,Socialite White Cami Top/Size S,Socialite,Top,S,1.0,15.99,1.47908,17.46908,15.99,0.0,True,False
2026-03-27,12,3,Friday,13,620,10007162,Libra LS Blouse Multi-Color Size XL,,Top,XL,1.0,32.99,3.05158,36.04158,32.99,0.0,True,False
2026-03-27,12,3,Friday,13,619,10006576,Blue Purse Silver Hardware,Unknown,Accessories,,1.0,21.95,2.03038,23.98038,21.95,0.0,True,False
2026-03-27,12,3,Friday,13,618,10003983,Juicy Couture 2 Piece Baby Pink Velvet / Size M,Juicy Couture,Other,M,1.0,22.99,2.12658,25.11658,22.99,0.0,False,False
2026-03-27,12,3,Friday,13,617,10006339,Gypsies & Moondust Red Blue Stripe Top / Size M,Gypsies & Moondust,Top,M,1.0,22.99,2.12658,25.11658,22.99,0.0,True,False
2026-03-27,12,3,Friday,13,617,10005954,St Johns Bay Brown & White SS / Size L,St. John's Bay,Top,L,1.0,18.99,1.75658,20.74658,18.99,0.0,True,False
2026-03-27,12,3,Friday,13,616,10006872,SincerelyJules/WhiCrewSweater/SizeM,Sincerely Jules,Sweater/Cardigan,M,1.0,27.99,2.58908,30.57908,27.99,0.0,False,False
2026-03-27,12,3,Friday,13,615,10004767,Land's End Pink Zip Up Jacket / Size XL,Lands End,Jacket/Coat,XL,1.0,22.99,2.12658,25.11658,22.99,0.0,True,False
2026-03-27,11,3,Friday,13,614,10004223,Lulus White Ruffle Two Piece Set / Size M,Lulus,Set,M,1.0,24.99,2.31158,27.30158,24.99,0.0,True,False
2026-03-27,11,3,Friday,13,613,10007135,Comsic Aura Black Lace Kimono/Size M/L,Cosmic Aura,Other,M,1.0,25.99,2.40408,28.39408,25.99,0.0,False,False
2026-03-27,11,3,Friday,13,612,10007121,Nine West Pink Rain Jacket/ Size S,Nine West,Jacket/Coat,S,1.0,27.99,2.58908,30.57908,27.99,0.0,False,False
2026-03-27,11,3,Friday,13,612,10007127,Carolina Belle Montreal Blue Jacket/Size S,Carolina Belle,Jacket/Coat,S,1.0,45.99,4.25408,50.24408,45.99,0.0,False,False
2026-03-27,11,3,Friday,13,612,10004613,Sophie Max Black Shortsleeve Dress / Size S,Sophie Max,Dress,S,1.0,13.99,1.29408,15.28408,13.99,0.0,False,False
2026-03-27,11,3,Friday,13,612,10006340,Chico's Dark Blue Top / Size S,Chico's,Top,S,1.0,18.99,1.75658,20.74658,18.99,0.0,False,False
2026-03-27,11,3,Friday,13,612,10005292,Gibson/BlackTop/SizeS,Gibson,Other,S,1.0,22.99,2.12658,25.11658,22.99,0.0,False,False
2026-03-27,11,3,Friday,13,612,10005228,Banana Republic Green Sleeveless Top/Size S,Banana Republic,Top,S,1.0,14.99,1.38658,16.37658,14.99,0.0,False,False
2026-03-27,11,3,Friday,13,612,10003455,White House Black Market Skirt Black Size 4,White House Black Market,Skirt,4,1.0,31.99,2.95908,34.94908,31.99,0.0,False,False
2026-03-27,11,3,Friday,13,612,10004504,WhBmNWT Multicolor Skirt/Size 4,White House Black Market,Skirt,4,1.0,21.99,2.03408,24.02408,21.99,0.0,False,False
2026-03-27,11,3,Friday,13,612,10006730,Stella & Dot Silver Stretch Bracelet,Stella & Dot,Accessories,,1.0,25.99,2.40408,28.39408,25.99,0.0,False,False
2026-03-27,11,3,Friday,13,612,10007284,Bracelet metal,,Accessories,,1.0,24.99,2.31158,27.30158,24.99,0.0,False,False
2026-03-27,11,3,Friday,13,611,10006645,floral maxi dress size large,Unknown,Dress,L,1.0,27.99,2.58908,30.57908,27.99,0.0,False,False
2026-03-27,10,3,Friday,13,610,10006729,Stella & Dot Gold Circles Necklace,Stella & Dot,Accessories,,1.0,29.99,2.77408,32.76408,29.99,0.0,False,False
2026-03-26,20,3,Thursday,13,609,10004199,VINTAGE Luisa Spagnoli Top Blck/Size L,Louisa Spagnoli,Top,L,1.0,42.99,3.97658,46.96658,42.99,0.0,False,False
2026-03-26,20,3,Thursday,13,609,10005008,Sanctuary NWT Black Mustard Jumpsuit / Size 8,Sanctuary,Romper/Jumpsuit,8,1.0,69.99,6.47408,76.46408,69.99,0.0,False,False
2026-03-26,20,3,Thursday,13,609,10004402,Rag&Bone/BlkBacklessChunkyHeels/Size39.5,Rag & Bone,Top,39.5,1.0,29.99,2.77408,32.76408,29.99,0.0,False,False
2026-03-26,20,3,Thursday,13,609,10007059,Manolo Blahnik Black Studded Heels/Size 9,Manolo Blahnik,Top,9,1.0,55.99,5.17908,61.16908,55.99,0.0,False,False
2026-03-26,20,3,Thursday,13,608,10004513,VINTAGE MaryFrances Hndbg,Mary Frances,Other,,1.0,50.0,4.625,54.625,50.0,0.0,False,False
2026-03-26,20,3,Thursday,13,607,10007122,Colebrook Blk Leather Coat/Size S,Colebrook,Jacket/Coat,S,1.0,39.99,3.69908,43.68908,39.99,0.0,False,False
2026-03-26,20,3,Thursday,13,606,10006739,Bisou Bisou Silver Bracelet Black Stone,Bisou Bisou,Accessories,,1.0,46.99,4.34658,51.33658,46.99,0.0,False,False
2026-03-26,19,3,Thursday,13,605,10006838,Linda Anderson black sundress/L,Linda Anderson,Dress,L,1.0,25.99,2.40408,28.39408,25.99,0.0,False,False
2026-03-26,19,3,Thursday,13,605,10007072,Naya Makani Wedge/ Size 11,Naya,Other,11,1.0,22.99,2.12658,25.11658,22.99,0.0,False,False
2026-03-26,19,3,Thursday,13,604,10004824,August Silk Black Sheer Colorful Flower / Size M,August Silk,Other,M,1.0,24.99,2.31158,27.30158,24.99,0.0,False,False
2026-03-26,19,3,Thursday,13,603,10003944,JR Nites Black Sheer Longsleeve / Size 12,JR Nites,Other,12,1.0,39.99,3.69908,43.68908,39.99,0.0,True,False
2026-03-26,17,3,Thursday,13,602,10003079,Brown Grommet Belt_Un / Brown / Unknown / 19.900000000000006,Unknown,Accessories,,1.0,15.0,1.3875,16.3875,15.0,0.0,False,False
2026-03-26,17,3,Thursday,13,601,10007134,Pac Sun Rhinestone Denim Top/Size S,PacSun,Jeans/Pants,S,1.0,17.99,1.66408,19.65408,17.99,0.0,False,False
2026-03-26,16,3,Thursday,13,600,10003863,Charlotte Russe Green Faux Satin Jogger/ Size M,Charlotte Russe,Top,M,1.0,21.99,2.03408,24.02408,21.99,0.0,False,False
2026-03-26,16,3,Thursday,13,599,10005639,Banana Republic Orange Button SL / Size XS,Banana Republic,Other,XS,1.0,16.99,1.57158,18.56158,16.99,0.0,False,False
2026-03-26,16,3,Thursday,13,598,10007213,10007212,,Other,,1.0,22.99,2.12658,25.11658,22.99,0.0,False,False
2026-03-26,16,3,Thursday,13,598,10006911,CalStyle/GrnTanSkirt/SizeL,Cal Style,Skirt,L,1.0,24.99,2.31158,27.30158,24.99,0.0,False,False
2026-03-26,16,3,Thursday,13,598,10004412,BlackStuddedBelt,Unknown,Accessories,,1.0,11.99,1.10908,13.09908,11.99,0.0,False,False
2026-03-26,15,3,Thursday,13,597,10005366,Christian Siriano Floral Black Top/ Real Size S,Christian Siriano,Top,S,1.0,26.99,2.49658,29.48658,26.99,0.0,False,False
2026-03-26,15,3,Thursday,13,597,10005403,TCR/MulticolTankTop/SizeS,The Collection Royal,Top,S,1.0,24.99,2.31158,27.30158,24.99,0.0,False,False
2026-03-26,15,3,Thursday,13,596,10006162,TwoPiecePinkSet/SizeS,Unknown,Set,S,1.0,18.99,1.75658,20.74658,18.99,0.0,False,False
2026-03-26,15,3,Thursday,13,596,10006918,ArizonaJeanCo/JeanSkirt/Size3,Arizona Jean Co,Skirt,3,1.0,20.99,1.94158,22.93158,20.99,0.0,False,False
2026-03-26,14,3,Thursday,13,595,10005199,Allison B SL Dress Multicolor Texture / Size S,Allison Brittney,Dress,S,1.0,15.99,1.47908,17.46908,15.99,0.0,False,False
2026-03-26,14,3,Thursday,13,595,10004775,JS Signature Black Cut Layer Skirt / Size 8,JS Signature,Skirt,8,1.0,25.99,2.40408,28.39408,25.99,0.0,False,False
2026-03-26,14,3,Thursday,13,595,10003716,Willi Smith Chunky Lace Skirt/Size S,Willi Smith,Skirt,S,1.0,24.99,2.31158,27.30158,24.99,0.0,False,False
2026-03-26,14,3,Thursday,13,595,10004538,VINTAGE Paper Doll Pink Longsleeve Pattern / Size M,Paper Doll,Other,M,1.0,35.99,3.32908,39.31908,35.99,0.0,False,False
2026-03-26,14,3,Thursday,13,595,10006810,Ixee DRess Blk Wht Peach/Size S,Ixee,Dress,S,1.0,32.99,3.05158,36.04158,32.99,0.0,False,False
2026-03-26,14,3,Thursday,13,595,10006182,navy skirt with flowers/8,Persaman,Skirt,8,1.0,35.99,3.32908,39.31908,35.99,0.0,False,False
2026-03-26,14,3,Thursday,13,595,10006293,Persaman Black Skirt White Flw / Size 8,Persaman,Skirt,8,1.0,35.99,3.32908,39.31908,35.99,0.0,False,False
2026-03-26,14,3,Thursday,13,595,10007187,Black sequin,,Other,,1.0,28.99,2.68158,31.67158,28.99,0.0,False,False
2026-03-26,14,3,Thursday,13,594,10006587,Black Velvet Hat,Unknown,Accessories,,1.0,14.99,1.38658,16.37658,14.99,0.0,False,False
2026-03-26,14,3,Thursday,13,594,10006262,Mona Mode Vest Black w Flowers/ Size M,Mona Mode,Top,M,1.0,32.99,3.05158,36.04158,32.99,0.0,False,False
2026-03-26,14,3,Thursday,13,594,10006713,Allison T Brown Buttondown SL Dress / Size L,Allison Taylor,Dress,L,1.0,25.99,2.40408,28.39408,25.99,0.0,False,False
2026-03-26,14,3,Thursday,13,594,10003785,Pilcro Striped Pants / Size 31,Pilcro,Jeans/Pants,31,1.0,27.99,2.58908,30.57908,27.99,0.0,False,False
2026-03-26,14,3,Thursday,13,593,10006980,Zara White Collared SS Dress / Size S,Zara,Dress,S,1.0,21.99,2.03408,24.02408,21.99,0.0,False,False
2026-03-26,13,3,Thursday,13,592,10006433,alfred dunner green knit blouse/L,Alfred Dunner,Sweater/Cardigan,L,1.0,23.99,2.21908,26.20908,23.99,0.0,False,False
2026-03-26,13,3,Thursday,13,592,10006719,WHBM Shiny Zebra Print Shirt / Size M,White House Black Market,Top,M,1.0,25.99,2.40408,28.39408,25.99,0.0,False,False
2026-03-26,13,3,Thursday,13,592,10006264,Loft Black Dress/ Size LP,Loft,Dress,L,1.0,25.99,2.40408,28.39408,25.99,0.0,False,False
2026-03-26,13,3,Thursday,13,591,10006772,Vintage Club 515 Yellow Floral Dress/Sz  M,Club 515,Dress,,1.0,75.99,7.02908,83.01908,75.99,0.0,False,False
2026-03-26,13,3,Thursday,13,591,10005097,VINTAGE Beige Pink Floral LS Dress / Size M,Unknown,Dress,M,1.0,28.99,2.68158,31.67158,28.99,0.0,False,False
2026-03-26,13,3,Thursday,13,591,10004596,Lanz VINTAGE Pink Colorful Dress / Size L,Lanz Vintage,Dress,L,1.0,36.99,3.42158,40.41158,36.99,0.0,False,False
2026-03-26,13,3,Thursday,13,591,10006788,MulticolFlowerDress/Size11,Unknown,Dress,11,1.0,100.0,9.25,109.25,100.0,0.0,False,False
2026-03-26,13,3,Thursday,13,590,10006474,VINTAGE 2 Piece Bogart Brown Set / Size 9,Bogart of Texas,Set,9,1.0,59.99,5.54908,65.53908,59.99,0.0,False,False
2026-03-26,13,3,Thursday,13,590,10005971,Vero Cuoio Metal Toe Boots / Size 7.5,Vero Cuoio,Shoes,7.5,1.0,135.99,12.57908,148.56908,135.99,0.0,False,False
2026-03-26,13,3,Thursday,13,589,10006812,Skies are Blue,Skies are Blue,Other,,1.0,21.99,2.03408,24.02408,21.99,0.0,False,False
2026-03-26,13,3,Thursday,13,588,10006726,The Limited Floral Dress / Size 8,The Limited,Dress,8,1.0,16.99,1.57158,18.56158,16.99,0.0,False,False
2026-03-26,13,3,Thursday,13,587,10007106,Generation Kiss Denim Top/ Size L,Generation Kiss,Jeans/Pants,L,1.0,14.99,1.38658,16.37658,14.99,0.0,False,False
2026-03-26,13,3,Thursday,13,586,10004790,Pearl Beach Visor,Unknown,Other,,1.0,22.99,2.12658,25.11658,22.99,0.0,False,False
2026-03-26,13,3,Thursday,13,585,10007170,Skirt,,Skirt,,1.0,14.0,1.295,15.295,14.0,0.0,False,False
2026-03-26,12,3,Thursday,13,584,10006914,JCrew/NavyWhiPlkaDotShorts/Size10,J.Crew,Shorts,10,1.0,18.99,1.75658,20.74658,18.99,0.0,False,False
2026-03-26,12,3,Thursday,13,584,10006143,MaxStudio/FloralruffleDress/SizeM,Max Studio,Dress,M,1.0,25.99,2.40408,28.39408,25.99,0.0,False,False
2026-03-26,12,3,Thursday,13,584,10006878,AmericanEagle/BlackCorsetTop/SizeM,American Eagle,Set,M,1.0,24.99,2.31158,27.30158,24.99,0.0,False,False
2026-03-26,12,3,Thursday,13,584,10005107,Absolutely Tie Dye Crop Top / Size L,Absolutely Love it,Top,L,1.0,10.99,1.01658,12.00658,10.99,0.0,False,False
2026-03-26,12,3,Thursday,13,583,10007057,Pink Kigi Platform Sandals/Size 7,Pink Kigi,Top,7,1.0,25.99,2.40408,28.39408,25.99,0.0,False,False
2026-03-26,12,3,Thursday,13,582,10005090,Timmy Woods/ Tortoise Shell Purse,Timmy Woods,Accessories,,1.0,150.0,13.875,163.875,150.0,0.0,False,False
2026-03-26,12,3,Thursday,13,581,10006137,VintageSarahCoventry/GoldSToneBracelet,Sarah Coventry,Accessories,,1.0,35.99,3.32908,39.31908,35.99,0.0,False,False
2026-03-26,12,3,Thursday,13,580,10006228,grey tennessee vols tshirt/medium,Champion,Top,,1.0,19.99,1.84908,21.83908,19.99,0.0,False,False
2026-03-26,12,3,Thursday,13,580,10006256,Scotch and Soda Blue and Brown Striped Sweater / Size M,Scotch & Soda,Sweater/Cardigan,M,1.0,32.99,3.05158,36.04158,32.99,0.0,False,False
2026-03-26,12,3,Thursday,13,579,10006589,Dark Blue Buttondown Seethrough / Size XS,Unknown,Other,XS,1.0,15.99,1.47908,17.46908,15.99,0.0,False,False
2026-03-26,10,3,Thursday,13,5,10007029,Eunina White Shorts/Size S,Eunina,Shorts,S,1.0,14.99,1.38658,16.37658,14.99,0.0,False,False
2026-03-25,19,3,Wednesday,13,578,10005091,Beige/ Twist Top/ Nvy/ Size L,Beige,Top,L,1.0,13.99,1.29408,15.28408,13.99,0.0,False,False
2026-03-25,19,3,Wednesday,13,578,10003371,Calvin Klein Black LS Top Size L,Calvin Klein,Top,L,1.0,31.99,2.95908,34.94908,31.99,0.0,False,False
2026-03-25,18,3,Wednesday,13,577,10003690,THML Cream Sweater/Size XS,Thml,Sweater/Cardigan,XS,1.0,18.99,1.75658,20.74658,18.99,0.0,False,False
2026-03-25,18,3,Wednesday,13,577,10007112,Altar'd State Pink Floral SS Ruffle Dress / Size S,Altar'd State,Dress,S,1.0,25.99,2.40408,28.39408,25.99,0.0,False,False
2026-03-25,18,3,Wednesday,13,577,10004324,TommyH/BlkFloralDress/Size2,Tommy Hilfiger,Dress,2,1.0,22.99,2.12658,25.11658,22.99,0.0,False,False
2026-03-25,18,3,Wednesday,13,577,10005471,BR/BlkFloralKnotDress/Size2P,Banana Republic,Dress,2,1.0,25.99,2.40408,28.39408,25.99,0.0,False,False
2026-03-25,18,3,Wednesday,13,577,10005865,Johnny Was Beige Dress / Size S,Johnny Was,Dress,S,1.0,55.99,5.17908,61.16908,55.99,0.0,False,False
2026-03-25,18,3,Wednesday,13,576,10005238,Jane Delancy NWT Black Orange Floral Top/Size M,Jane & Delancy,Top,M,1.0,28.99,2.68158,31.67158,28.99,0.0,False,False
2026-03-25,18,3,Wednesday,13,576,10005667,Heart Soul Blue Black Top / Size L,Heart Soul,Top,L,1.0,14.99,1.38658,16.37658,14.99,0.0,False,False
2026-03-25,17,3,Wednesday,13,575,10007088,Pink Furry Purse French Bee,French Bee,Accessories,,1.0,8.99,0.83158,9.82158,8.99,0.0,False,False
2026-03-25,15,3,Wednesday,13,574,10007037,NWT Guess Denim Shorts Jumper/Size S,Guess,Shorts,S,1.0,58.99,5.45658,64.44658,58.99,0.0,False,False
2026-03-22,17,3,Sunday,12,573,10004886,anthropologie/skrt/flr/2p,Anthropologie,Skirt,,1.0,35.99,3.32908,39.31908,35.99,0.0,False,False
2026-03-22,16,3,Sunday,12,572,10006638,Metal Scales Belt Floral Buckle,Unknown,Accessories,,1.0,36.99,3.42158,40.41158,36.99,0.0,False,False
2026-03-22,16,3,Sunday,12,571,10006899,TNVolsTshirt/sizeL,Unknown,Top,L,1.0,17.99,1.66408,19.65408,17.99,0.0,True,False
2026-03-22,16,3,Sunday,12,571,10005606,Izod Pink & White Collared SL Tank / Size M,Izod,Top,M,1.0,15.99,1.47908,17.46908,15.99,0.0,True,False
2026-03-22,15,3,Sunday,12,570,10005060,Zara/ Baby Tee/ Maroon/ Size M,Zara,Top,M,1.0,25.99,2.40408,28.39408,25.99,0.0,True,False
2026-03-22,15,3,Sunday,12,569,10006876,RedMidiPoofySkirt/SizeM,Unknown,Skirt,M,1.0,19.99,1.84908,21.83908,19.99,0.0,False,False
2026-03-22,15,3,Sunday,12,569,10006698,Southwest Burgundy Patterned Skirt / Size XL,Southwest Indian Foundation,Skirt,XL,1.0,22.99,2.12658,25.11658,22.99,0.0,False,False
2026-03-22,15,3,Sunday,12,569,10006705,Light Blue Cotton Vest w Buttons / Size XL,Unknown,Top,XL,1.0,11.99,1.10908,13.09908,11.99,0.0,False,False
2026-03-22,15,3,Sunday,12,568,10006623,Bisou Denin Top Size 16,,Top,16,1.0,19.99,1.84908,21.83908,19.99,0.0,False,False
2026-03-22,13,3,Sunday,12,567,10006017,NicoleM/MulticolBlouse/SizeS,Nicole Miller,Top,S,1.0,25.99,2.40408,28.39408,25.99,0.0,False,False
2026-03-22,13,3,Sunday,12,566,10006405,BrooksBro/MulticolSkirt/Size8,Brooks Brothers,Skirt,8,1.0,32.99,3.05158,36.04158,32.99,0.0,False,False
2026-03-22,13,3,Sunday,12,565,10006394,Calvin Klein Gold Studded Belt,Calvin Klein,Accessories,,1.0,22.99,2.12658,25.11658,22.99,0.0,False,False
2026-03-22,13,3,Sunday,12,565,10005700,Harper Blush Pink Jacket Ruffle / Size S,Harper Heritage,Jacket/Coat,S,1.0,32.99,3.05158,36.04158,32.99,0.0,False,False
2026-03-22,11,3,Sunday,12,564,10006732,Stella & Dot Gold Dangle Necklace,Stella & Dot,Accessories,,1.0,25.99,2.40408,28.39408,25.99,0.0,False,False
2026-03-22,11,3,Sunday,12,564,10003073,Esprit White and Tan belt_Un / White X Tan / Unknown / 18.1,Unknown,Accessories,,1.0,15.0,1.3875,16.3875,15.0,0.0,False,False
2026-03-21,19,3,Saturday,12,563,10004835,Cable & G Green Cheetah Print SL / Size S,Cable & Gauge,Other,S,1.0,18.99,1.75658,20.74658,18.99,0.0,False,False
2026-03-21,19,3,Saturday,12,563,10006212,black tank with shoulder ruffles/small,Ann Taylor,Top,,1.0,19.99,1.84908,21.83908,19.99,0.0,False,False
2026-03-21,19,3,Saturday,12,563,10003350,Born Tan Boots Size 10,Born,Shoes,10,1.0,49.99,4.62408,54.61408,49.99,0.0,False,False
2026-03-21,19,3,Saturday,12,563,10006301,Desigual Pink Embroidered Dress / Size 36,Desigual,Dress,36,1.0,39.99,3.69908,43.68908,39.99,0.0,False,False
2026-03-21,19,3,Saturday,12,562,10002784,Ann TaylorJacket_La / Pink Multi-Color / 6 / 14.97,Ann Taylor,Jacket/Coat,,1.0,39.99,3.69908,43.68908,39.99,0.0,False,False
2026-03-21,19,3,Saturday,12,561,10003420,Petra Fashions Camisole Orange Size M,Petra Fashions,Top,M,1.0,26.99,2.49658,29.48658,26.99,0.0,False,False
2026-03-21,19,3,Saturday,12,560,10003378,La Castellana Pink Camisole Size S,La Castellana,Top,S,1.0,19.99,1.84908,21.83908,19.99,0.0,False,False
2026-03-21,19,3,Saturday,12,560,10003379,Unknown Camisole Light Blue M,Unknown,Top,,1.0,16.99,1.57158,18.56158,16.99,0.0,False,False
2026-03-21,18,3,Saturday,12,559,10004557,Patricia Nash House Scene Design Brown Handle,Patricia Nash,Other,,1.0,50.0,4.625,54.625,50.0,0.0,True,False
2026-03-21,18,3,Saturday,12,558,10006677,Additions by Chico's Gray Jean Jacket / Size 2,Chico's,Jeans/Pants,2,1.0,31.99,2.95908,34.94908,31.99,0.0,False,False
2026-03-21,16,3,Saturday,12,557,10006040,PinkCropTop/SizeM,Unknown,Top,M,1.0,13.99,1.29408,15.28408,13.99,0.0,False,False
2026-03-21,15,3,Saturday,12,556,10002622,Banana RepublicLS Top_Ag / Black / S / 14.16,Banana Republic,Top,,1.0,24.99,2.31158,27.30158,24.99,0.0,False,False
2026-03-21,15,3,Saturday,12,555,10005977,NVGTN Black LS Top / Size M,Nvgtn,Top,M,1.0,18.99,1.75658,20.74658,18.99,0.0,False,False
2026-03-21,15,3,Saturday,12,555,10006265,Philosophy Dress Black and White/Size S/P,Philosophy,Dress,S,1.0,24.99,2.31158,27.30158,24.99,0.0,False,False
2026-03-21,14,3,Saturday,12,554,10005207,Marks & Spencer Beige Top Sleevelesee/Size M,Marks & Spencer,Top,M,1.0,25.99,2.40408,28.39408,25.99,0.0,False,False
2026-03-21,14,3,Saturday,12,554,10003637,BluPe/BlkLaceSlvzlessTop/SizeM,Blu Pepper,Top,M,1.0,22.99,2.12658,25.11658,22.99,0.0,False,False
2026-03-21,14,3,Saturday,12,554,10006229,yellow floral design blouse/medium,Loft,Top,,1.0,27.99,2.58908,30.57908,27.99,0.0,False,False
2026-03-21,14,3,Saturday,12,554,10005595,Maison Yellow & White Blouse / Size S,Maison d' Amelie,Top,S,1.0,24.99,2.31158,27.30158,24.99,0.0,False,False
2026-03-21,14,3,Saturday,12,554,10006041,Ninewest/PinkTwistTop/SizeM,Nine West,Other,M,1.0,21.99,2.03408,24.02408,21.99,0.0,False,False
2026-03-21,14,3,Saturday,12,553,10006565,White Multicolor Embroidered Top / Size M,Unknown,Top,M,1.0,15.99,1.47908,17.46908,15.99,0.0,False,False
2026-03-21,14,3,Saturday,12,553,10006666,Old Navy SL Jean Jumper / Size S,Old Navy,Jeans/Pants,S,1.0,14.99,1.38658,16.37658,14.99,0.0,False,False
2026-03-21,14,3,Saturday,12,552,10004887,wonderly/skrt/flr/s,Wonderly,Skirt,S,1.0,22.99,2.12658,25.11658,22.99,0.0,False,False
2026-03-21,14,3,Saturday,12,552,10006268,Liz Claiborne Black Denim Dress/ Size 8,Liz Claiborne,Dress,8,1.0,24.99,2.31158,27.30158,24.99,0.0,False,False
2026-03-21,14,3,Saturday,12,552,10005358,skies are blue/jumper/red/m,Skies are Blue,Other,M,1.0,21.99,2.03408,24.02408,21.99,0.0,False,False
2026-03-21,14,3,Saturday,12,552,10005859,unknown/belt/multicolor leather,Unknown,Accessories,,1.0,16.99,1.57158,18.56158,16.99,0.0,False,False
2026-03-21,14,3,Saturday,12,551,10006673,Arizona Jean Overalls / Size L,Arizona,Jeans/Pants,L,1.0,19.99,1.84908,21.83908,19.99,0.0,False,False
2026-03-21,14,3,Saturday,12,551,10006859,Pink cami,,Top,,1.0,29.99,2.77408,32.76408,29.99,0.0,False,False
2026-03-21,13,3,Saturday,12,550,10003377,BGBGMaxazria Beige Bodysuit Size S,BCBG Maxazria,Top,S,1.0,23.99,2.21908,26.20908,23.99,0.0,False,False
2026-03-21,13,3,Saturday,12,549,10006702,Maggy London Green SL Dress / Size 10,Maggy London,Dress,10,1.0,23.99,2.21908,26.20908,23.99,0.0,True,False
2026-03-21,12,3,Saturday,12,548,10003953,Beige Sequin Shorts / Size 8,,Shorts,8,1.0,24.99,2.31158,27.30158,24.99,0.0,True,False
2026-03-21,12,3,Saturday,12,547,10006766,Armani Jeans Tan Dress/ Size S,Armani,Dress,S,1.0,32.99,3.05158,36.04158,32.99,0.0,False,False
2026-03-21,12,3,Saturday,12,546,10006378,Calvin Klein Black Studded Belt,Calvin Klein,Accessories,,1.0,17.99,1.66408,19.65408,17.99,0.0,False,False
2026-03-21,12,3,Saturday,12,546,10004527,RLL Black Fringe Purse,Lauren Ralph Lauren,Accessories,,1.0,155.0,14.3375,169.3375,155.0,0.0,False,False
2026-03-21,12,3,Saturday,12,545,10006700,Harley Davidson Blue Tshirt White LS  / Size L,Harley Davidson,Top,L,1.0,19.99,1.84908,21.83908,19.99,0.0,False,False
2026-03-21,12,3,Saturday,12,545,10006174,white skirt with design/10,Persaman,Skirt,10,1.0,34.99,3.23658,38.22658,34.99,0.0,False,False
2026-03-21,12,3,Saturday,12,545,10006750,Vol. 1 Pink Brown Floral Blouse / Size L,Vol. 1,Top,L,1.0,35.99,3.32908,39.31908,35.99,0.0,False,False
2026-03-21,12,3,Saturday,12,545,10005788,Halogen/BlkLaceTanktop/SizeM,Halogen,Top,M,1.0,18.99,1.75658,20.74658,18.99,0.0,False,False
2026-03-21,12,3,Saturday,12,544,10005386,dialogue/skt/brw/12,Dialogue,Other,12,1.0,28.99,2.68158,31.67158,28.99,0.0,False,False
2026-03-21,11,3,Saturday,12,543,10006475,VINTAGE MJ Soffe TN Orange Crewneck / Size L,M.J. Soffe,Other,L,1.0,37.99,3.51408,41.50408,37.99,0.0,False,False
2026-03-21,11,3,Saturday,12,543,10004833,Port & Co Orange TN Fitted Tshirt / Size S,Port & Co,Top,S,1.0,13.99,1.29408,15.28408,13.99,0.0,False,False
2026-03-21,11,3,Saturday,12,542,10004080,VINTAGE Lady O Red Striped Shortsleeve / Size L,Lady O,Shorts,L,1.0,18.99,1.75658,20.74658,18.99,0.0,False,False
2026-03-20,19,3,Friday,12,541,10003432,VINTAGE Coach Pink Soho Flap Bag,Coach,Accessories,,1.0,225.0,20.8125,245.8125,225.0,0.0,False,False
2026-03-20,19,3,Friday,12,540,10006269,Flying Tomato Jean Jacket/ Size L,Flying Tomato,Jeans/Pants,L,1.0,28.99,2.68158,31.67158,28.99,0.0,False,False
2026-03-20,19,3,Friday,12,539,10005664,Russel Tennessee Orange Shirt / Size L,Russel,Top,L,1.0,15.99,1.47908,17.46908,15.99,0.0,False,False
2026-03-20,19,3,Friday,12,538,10005903,Coach Mini Bennett Satchel w Studs,Coach,Other,,1.0,195.0,18.0375,213.0375,195.0,0.0,False,False
2026-03-20,19,3,Friday,12,538,10006307,Persaman Biege Corduory Jacket / Size S,Persaman,Jacket/Coat,S,1.0,45.99,4.25408,50.24408,45.99,0.0,False,False
