Date,Receipt Number,Line Type,Customer Code,Customer Name,Note,Quantity,Subtotal,Sales Tax,Discount,Loyalty,Total,Paid,Details,Register,User,Status,Sku,AccountCodeSale,AccountCodePurchase,State,Attributes
2026-06-25 13:20:16,890,Sale,WALKIN,,,1,75.00,6.94,0.00000,0.00000,81.94,,1 X Bechamel/BrownWovenBag,POS 2,tomderobe@gmail.com,CLOSED,,,,closed,
2026-06-25 13:20:16,890,Sale Line,,,,1.00000,75.00000,6.93750,0.00000,0.00000,81.93750,,Bechamel/BrownWovenBag,,,,10007764,,,,
2026-06-25 13:20:04,890,Payment,,,,,,,,,,81.94000,Lightspeed Payments,,,,,,,,
2026-06-24 20:14:21,889,Sale,WALKIN,,,6,131.46,12.16,29.48500,0.00000,143.62,,1 X Laundry/PurpHalterJumpsuit/SizeL + 1 X Brown Lace Bodysuit L + 1 X Skinny Girl Black Tank Top L + 1 X Blue Rain Off Shoulder Striped Top / Size L + 1 X Metal Scales Belt Buckle with Rhinestones + 1 X WHBM/BlueWhiStripeDress/Size12,POS 2,tomderobe@gmail.com,CLOSED,,,,closed,
2026-06-24 20:14:21,889,Sale Line,,,,1.00000,32.99000,3.05158,0.00000,0.00000,36.04158,,Laundry/PurpHalterJumpsuit/SizeL,,,,10009524,,,,
2026-06-24 20:14:21,889,Sale Line,,,,1.00000,8.99500,0.83204,8.99500,0.00000,9.82704,,Brown Lace Bodysuit L,,,,10009043,,,,
2026-06-24 20:14:21,889,Sale Line,,,,1.00000,6.49500,0.60079,6.49500,0.00000,7.09579,,Skinny Girl Black Tank Top L,,,,10009155,,,,
2026-06-24 20:14:21,889,Sale Line,,,,1.00000,25.99000,2.40408,0.00000,0.00000,28.39408,,Blue Rain Off Shoulder Striped Top / Size L,,,,10005631,,,,
2026-06-24 20:14:21,889,Sale Line,,,,1.00000,42.99000,3.97658,0.00000,0.00000,46.96658,,Metal Scales Belt Buckle with Rhinestones,,,,10006737,,,,
2026-06-24 20:14:21,889,Sale Line,,,,1.00000,13.99500,1.29454,13.99500,0.00000,15.28954,,WHBM/BlueWhiStripeDress/Size12,,,,10009359,,,,
2026-06-24 20:14:08,889,Payment,,,,,,,,,,143.61000,Lightspeed Payments,,,,,,,,
2026-06-24 19:47:14,888,Sale,WALKIN,,,1,39.99,3.70,0.00000,0.00000,43.69,,1 X Impressions Leaf Dress S,POS 2,tomderobe@gmail.com,CLOSED,,,,closed,
2026-06-24 19:47:14,888,Sale Line,,,,1.00000,39.99000,3.69908,0.00000,0.00000,43.68908,,Impressions Leaf Dress S,,,,10008715,,,,
2026-06-24 19:47:08,888,Payment,,,,,,,,,,43.69000,Lightspeed Payments,,,,,,,,
2026-06-24 19:46:33,887,Sale,WALKIN,,,3,43.98,4.07,5.99500,0.00000,48.05,,1 X H&M Pink Sleeveless Dress L + 1 X ThirtyThirty Floral Babydoll/Size L + 1 X BananaR/BlkTankTop/SizeL,POS 2,tomderobe@gmail.com,CLOSED,,,,closed,
2026-06-24 19:46:33,887,Sale Line,,,,1.00000,19.99000,1.84908,0.00000,0.00000,21.83908,,H&M Pink Sleeveless Dress L,,,,10009152,,,,
2026-06-24 19:46:33,887,Sale Line,,,,1.00000,17.99000,1.66408,0.00000,0.00000,19.65408,,ThirtyThirty Floral Babydoll/Size L,,,,10003969,,,,
2026-06-24 19:46:33,887,Sale Line,,,,1.00000,5.99500,0.55454,5.99500,0.00000,6.54954,,BananaR/BlkTankTop/SizeL,,,,10009345,,,,
2026-06-24 19:46:26,887,Payment,,,,,,,,,,48.04000,Lightspeed Payments,,,,,,,,
2026-06-24 17:00:18,886,Sale,WALKIN,,,6,114.95,10.63,43.98000,0.00000,125.58,,1 X Edikted/PinkMiniskirt/SizeS + 1 X Unknown Bodysuit Black Size S + 1 X one step up red lace night gown/L + 1 X Whispers Pink Slip / Size S + 1 X CosaBella Peach Chemise M + 1 X Izod Blue Polka Dot Slip / Size M + 1 X Vintage Gilead White Lace Cami M + -1 X Discount,POS 2,tomderobe@gmail.com,CLOSED,,,,closed,
2026-06-24 17:00:18,886,Sale Line,,,,1.00000,22.99000,2.12658,0.00000,0.00000,25.11658,,Edikted/PinkMiniskirt/SizeS,,,,10008545,,,,
2026-06-24 17:00:18,886,Sale Line,,,,1.00000,8.99500,0.83204,8.99500,0.00000,9.82704,,Unknown Bodysuit Black Size S,,,,10003458,,,,
2026-06-24 17:00:18,886,Sale Line,,,,1.00000,9.99500,0.92454,9.99500,0.00000,10.91954,,one step up red lace night gown/L,,,,10008149,,,,
2026-06-24 17:00:18,886,Sale Line,,,,1.00000,19.99000,1.84908,0.00000,0.00000,21.83908,,Whispers Pink Slip / Size S,,,,10005575,,,,
2026-06-24 17:00:18,886,Sale Line,,,,1.00000,32.99000,3.05158,0.00000,0.00000,36.04158,,CosaBella Peach Chemise M,,,,10008821,,,,
2026-06-24 17:00:18,886,Sale Line,,,,1.00000,12.99500,1.20204,12.99500,0.00000,14.19704,,Izod Blue Polka Dot Slip / Size M,,,,10007835,,,,
2026-06-24 17:00:18,886,Sale Line,,,,1.00000,11.99500,1.10954,11.99500,0.00000,13.10454,,Vintage Gilead White Lace Cami M,,,,10009392,,,,
2026-06-24 17:00:18,886,Sale Line,,,,-1.00000,-5.00000,-0.46250,0.00000,0.00000,-5.46250,,Discount,,,,vend-discount,,,,
2026-06-24 17:00:10,886,Payment,,,,,,,,,,125.58000,Lightspeed Payments,,,,,,,,
2026-06-24 15:34:29,885,Sale,WALKIN,,,1,20.00,1.85,0.00000,0.00000,21.85,,1 X Main Strip Black Skirt Size M,POS 2,tomderobe@gmail.com,CLOSED,,,,closed,
2026-06-24 15:34:29,885,Sale Line,,,,1.00000,20.00000,1.85000,0.00000,0.00000,21.85000,,Main Strip Black Skirt Size M,,,,10007546,,,,
2026-06-24 15:34:22,885,Payment,,,,,,,,,,21.85000,Lightspeed Payments,,,,,,,,
2026-06-24 14:42:15,884,Sale,WALKIN,,,9,198.94,18.40,41.98500,0.00000,217.34,,1 X Dromedaris/BrwnCutoutShoes/Size10 + 1 X Akira B & W Corset Top / Size S + 1 X Weerawat VintageSkirt_Ev + 1 X Banana Rep Army Green Shorts / Size 00 + 1 X Molly Green Pink/White Shorts S + 1 X Luciano Dante Green/White Top S + 1 X Express Mrn Floral Sheer Leotard/Size XS + 1 X Blush Green Cargo Pants NWT / Size M + 1 X Vint Carolina Colours Brown Top M,POS 2,tomderobe@gmail.com,CLOSED,,,,closed,
2026-06-24 14:42:15,884,Sale Line,,,,1.00000,36.99000,3.42158,0.00000,0.00000,40.41158,,Dromedaris/BrwnCutoutShoes/Size10,,,,10004321,,,,
2026-06-24 14:42:15,884,Sale Line,,,,1.00000,9.50000,0.87875,9.50000,0.00000,10.37875,,Akira B & W Corset Top / Size S,,,,10009279,,,,
2026-06-24 14:42:15,884,Sale Line,,,,1.00000,24.99000,2.31158,0.00000,0.00000,27.30158,,Weerawat VintageSkirt_Ev / Green / M / 14.07,,,,10002604,,,,
2026-06-24 14:42:15,884,Sale Line,,,,1.00000,11.49500,1.06329,11.49500,0.00000,12.55829,,Banana Rep Army Green Shorts / Size 00,,,,10007364,,,,
2026-06-24 14:42:15,884,Sale Line,,,,1.00000,9.99500,0.92454,9.99500,0.00000,10.91954,,Molly Green Pink/White Shorts S,,,,10008458,,,,
2026-06-24 14:42:15,884,Sale Line,,,,1.00000,10.99500,1.01704,10.99500,0.00000,12.01204,,Luciano Dante Green/White Top S,,,,10009021,,,,
2026-06-24 14:42:15,884,Sale Line,,,,1.00000,30.99000,2.86658,0.00000,0.00000,33.85658,,Express Mrn Floral Sheer Leotard/Size XS,,,,10003975,,,,
2026-06-24 14:42:15,884,Sale Line,,,,1.00000,39.99000,3.69908,0.00000,0.00000,43.68908,,Blush Green Cargo Pants NWT / Size M,,,,10007690,,,,
2026-06-24 14:42:15,884,Sale Line,,,,1.00000,23.99000,2.21908,0.00000,0.00000,26.20908,,Vint Carolina Colours Brown Top M,,,,10007506,,,,
2026-06-24 14:42:08,884,Payment,,,,,,,,,,217.34000,Lightspeed Payments,,,,,,,,
2026-06-24 14:37:04,883,Sale,WALKIN,,,2,55.00,5.09,15.99500,0.00000,60.09,,1 X Foxblood Black Dress 4X + 1 X Liangcai Black & Yellow Dress / Size XL,POS 2,tomderobe@gmail.com,CLOSED,,,,closed,
2026-06-24 14:37:04,883,Sale Line,,,,1.00000,39.00000,3.60750,0.00000,0.00000,42.60750,,Foxblood Black Dress 4X,,,,10008742,,,,
2026-06-24 14:37:04,883,Sale Line,,,,1.00000,15.99500,1.47954,15.99500,0.00000,17.47454,,Liangcai Black & Yellow Dress / Size XL,,,,10004619,,,,
2026-06-24 14:36:58,883,Payment,,,,,,,,,,60.08000,Lightspeed Payments,,,,,,,,
2026-06-24 13:52:45,882,Sale,WALKIN,,,3,77.47,7.17,20.49000,0.00000,84.64,,1 X zenana pink lace tanktop/xl + 1 X M USA Black Top Lace Detail / Size L + 1 X NewportNews/FloralSkirt/Size12 + 1 X Spense Gray Satin Ruffle SL Top / Size L + -1 X Discount,POS 2,tomderobe@gmail.com,CLOSED,,,,closed,
2026-06-24 13:52:45,882,Sale Line,,,,1.00000,9.49500,0.87829,9.49500,0.00000,10.37329,,zenana pink lace tanktop/xl,,,,10008139,,,,
2026-06-24 13:52:45,882,Sale Line,,,,1.00000,10.99500,1.01704,10.99500,0.00000,12.01204,,M USA Black Top Lace Detail / Size L,,,,10008657,,,,
2026-06-24 13:52:45,882,Sale Line,,,,1.00000,39.99000,3.69908,0.00000,0.00000,43.68908,,NewportNews/FloralSkirt/Size12,,,,10008309,,,,
2026-06-24 13:52:45,882,Sale Line,,,,1.00000,21.99000,2.03408,0.00000,0.00000,24.02408,,Spense Gray Satin Ruffle SL Top / Size L,,,,10009594,,,,
2026-06-24 13:52:45,882,Sale Line,,,,-1.00000,-5.00000,-0.46250,0.00000,0.00000,-5.46250,,Discount,,,,vend-discount,,,,
2026-06-24 13:52:38,882,Payment,,,,,,,,,,84.64000,Lightspeed Payments,,,,,,,,
2026-06-24 13:21:56,881,Sale,WALKIN,,,2,33.49,3.10,7.49500,0.00000,36.59,,1 X Monteau/WhilaceTop/SizeM + 1 X Great Northwest Tan SS Top S,POS 2,tomderobe@gmail.com,CLOSED,,,,closed,
2026-06-24 13:21:56,881,Sale Line,,,,1.00000,25.99000,2.40408,0.00000,0.00000,28.39408,,Monteau/WhilaceTop/SizeM,,,,10008552,,,,
2026-06-24 13:21:56,881,Sale Line,,,,1.00000,7.49500,0.69329,7.49500,0.00000,8.18829,,Great Northwest Tan SS Top S,,,,10009189,,,,
2026-06-24 13:21:30,881,Payment,,,,,,,,,,36.58000,Lightspeed Payments,,,,,,,,
2026-06-24 13:07:45,880,Sale,WALKIN,,,2,58.98,5.46,0.00000,0.00000,64.44,,1 X Silver Choker Necklace + 1 X MainEvents/BrownSliponShoe/Size7,POS 2,tomderobe@gmail.com,CLOSED,,,,closed,
2026-06-24 13:07:45,880,Sale Line,,,,1.00000,22.99000,2.12658,0.00000,0.00000,25.11658,,Silver Choker Necklace,,,,10007935,,,,
2026-06-24 13:07:45,880,Sale Line,,,,1.00000,35.99000,3.32908,0.00000,0.00000,39.31908,,MainEvents/BrownSliponShoe/Size7,,,,10008305,,,,
2026-06-24 13:07:37,880,Payment,,,,,,,,,,64.44000,Lightspeed Payments,,,,,,,,
2026-06-24 12:56:06,879,Sale,WALKIN,,,1,25.99,2.40,0.00000,0.00000,28.39,,1 X ChelseaNiles/BlkPinkDress/Size8,POS 2,tomderobe@gmail.com,CLOSED,,,,closed,
2026-06-24 12:56:06,879,Sale Line,,,,1.00000,25.99000,2.40408,0.00000,0.00000,28.39408,,ChelseaNiles/BlkPinkDress/Size8,,,,10009555,,,,
2026-06-24 12:55:54,879,Payment,,,,,,,,,,28.39000,Lightspeed Payments,,,,,,,,
2026-06-24 12:38:07,878,Sale,WALKIN,,,3,58.98,5.46,9.99500,0.00000,64.44,,1 X halter white floral blouse/S + 1 X Gilla Multicolor Crop Top / Size L + 1 X JealTom/GrnMulticolTop/SizeS,POS 2,tomderobe@gmail.com,CLOSED,,,,closed,
2026-06-24 12:38:07,878,Sale Line,,,,1.00000,23.99000,2.21908,0.00000,0.00000,26.20908,,halter white floral blouse/S,,,,10008147,,,,
2026-06-24 12:38:07,878,Sale Line,,,,1.00000,24.99000,2.31158,0.00000,0.00000,27.30158,,Gilla Multicolor Crop Top / Size L,,,,10005707,,,,
2026-06-24 12:38:07,878,Sale Line,,,,1.00000,9.99500,0.92454,9.99500,0.00000,10.91954,,JealTom/GrnMulticolTop/SizeS,,,,10005333,,,,
2026-06-24 12:37:56,878,Payment,,,,,,,,,,64.43000,Lightspeed Payments,,,,,,,,
2026-06-21 17:55:21,877,Sale,WALKIN,,,2,265.99,24.60,0.00000,0.00000,290.59,,1 X Doncaster/BrwnBeadedJacket/Size6 + 1 X Desigual Colorful Green Coat 40,POS 2,tomderobe@gmail.com,CLOSED,,,,closed,
2026-06-21 17:55:21,877,Sale Line,,,,1.00000,65.99000,6.10408,0.00000,0.00000,72.09408,,Doncaster/BrwnBeadedJacket/Size6,,,,10009509,,,,
2026-06-21 17:55:21,877,Sale Line,,,,1.00000,200.00000,18.50000,0.00000,0.00000,218.50000,,Desigual Colorful Green Coat 40,,,,10009440,,,,
2026-06-21 17:55:15,877,Payment,,,,,,,,,,290.59000,Lightspeed Payments,,,,,,,,
2026-06-21 17:31:14,876,Sale,WALKIN,,,1,19.99,1.85,0.00000,0.00000,21.84,,1 X Linea Donatella Blue Camisole XL,POS 2,tomderobe@gmail.com,CLOSED,,,,closed,
2026-06-21 17:31:14,876,Sale Line,,,,1.00000,19.99000,1.84908,0.00000,0.00000,21.83908,,Linea Donatella Blue Camisole XL,,,,10008423,,,,
2026-06-21 17:31:05,876,Payment,,,,,,,,,,21.84000,Lightspeed Payments,,,,,,,,
2026-06-21 14:50:16,875,Sale,WALKIN,,,1,64.99,6.01,0.00000,0.00000,71,,1 X Betsey Johnson Mint/Pink Dress 6,POS 2,tomderobe@gmail.com,CLOSED,,,,closed,
2026-06-21 14:50:16,875,Sale Line,,,,1.00000,64.99000,6.01158,0.00000,0.00000,71.00158,,Betsey Johnson Mint/Pink Dress 6,,,,10009166,,,,
2026-06-21 14:50:06,875,Payment,,,,,,,,,,71.00000,Lightspeed Payments,,,,,,,,
2026-06-21 14:45:46,874,Sale,WALKIN,,,1,21.99,2.03,0.00000,0.00000,24.02,,1 X Nine West Dark Blue Ruffle Sleeveless,POS 2,tomderobe@gmail.com,CLOSED,,,,closed,
2026-06-21 14:45:46,874,Sale Line,,,,1.00000,21.99000,2.03408,0.00000,0.00000,24.02408,,Nine West Dark Blue Ruffle Sleeveless,,,,10003756,,,,
2026-06-21 14:45:40,874,Payment,,,,,,,,,,24.02000,Lightspeed Payments,,,,,,,,
2026-06-21 14:44:44,873,Sale,WALKIN,,,1,12.99,1.20,0.00000,0.00000,14.19,,1 X Maurices Blue Satin Top L,POS 2,tomderobe@gmail.com,CLOSED,,,,closed,
2026-06-21 14:44:44,873,Sale Line,,,,1.00000,12.99000,1.20158,0.00000,0.00000,14.19158,,Maurices Blue Satin Top L,,,,10009478,,,,
2026-06-21 14:44:38,873,Payment,,,,,,,,,,14.19000,Lightspeed Payments,,,,,,,,
2026-06-21 13:34:35,872,Sale,WALKIN,,,1,24.99,2.31,0.00000,0.00000,27.3,,1 X Cristina Love Multicolor Dress L,POS 2,tomderobe@gmail.com,CLOSED,,,,closed,
2026-06-21 13:34:35,872,Sale Line,,,,1.00000,24.99000,2.31158,0.00000,0.00000,27.30158,,Cristina Love Multicolor Dress L,,,,10009022,,,,
2026-06-21 13:34:27,872,Payment,,,,,,,,,,27.30000,Lightspeed Payments,,,,,,,,
2026-06-21 12:03:50,871,Sale,WALKIN,,,2,29.98,2.77,0.00000,0.00000,32.75,,1 X CircleBuckleBrwnBelt + 1 X Falls Creek Raw Denim Jacket S,POS 2,tomderobe@gmail.com,CLOSED,,,,closed,
2026-06-21 12:03:50,871,Sale Line,,,,1.00000,10.99000,1.01658,0.00000,0.00000,12.00658,,CircleBuckleBrwnBelt,,,,10004410,,,,
2026-06-21 12:03:50,871,Sale Line,,,,1.00000,18.99000,1.75658,0.00000,0.00000,20.74658,,Falls Creek Raw Denim Jacket S,,,,10009294,,,,
2026-06-21 12:03:37,871,Payment,,,,,,,,,,32.75000,Lightspeed Payments,,,,,,,,
2026-06-20 19:15:02,870,Sale,WALKIN,,,2,34.98,3.24,0.00000,0.00000,38.22,,1 X Lena Orange Knit Dress M + 1 X OutFromUnder/PinkGrnRomper/SizeS,POS 2,tomderobe@gmail.com,CLOSED,,,,closed,
2026-06-20 19:15:02,870,Sale Line,,,,1.00000,18.99000,1.75658,0.00000,0.00000,20.74658,,Lena Orange Knit Dress M,,,,10009266,,,,
2026-06-20 19:15:02,870,Sale Line,,,,1.00000,15.99000,1.47908,0.00000,0.00000,17.46908,,OutFromUnder/PinkGrnRomper/SizeS,,,,10009519,,,,
2026-06-20 19:14:55,870,Payment,,,,,,,,,,38.22000,Lightspeed Payments,,,,,,,,
2026-06-20 18:41:52,869,Sale,WALKIN,,,1,24.99,2.31,0.00000,0.00000,27.3,,1 X NWT Sincerely Ours Multi-Color Tank Top  S,POS 2,tomderobe@gmail.com,CLOSED,,,,closed,
2026-06-20 18:41:52,869,Sale Line,,,,1.00000,24.99000,2.31158,0.00000,0.00000,27.30158,,NWT Sincerely Ours Multi-Color Tank Top  S,,,,10007249,,,,
2026-06-20 18:41:46,869,Payment,,,,,,,,,,27.30000,Lightspeed Payments,,,,,,,,
2026-06-20 18:40:57,868,Sale,WALKIN,,,4,110.96,10.26,0.00000,0.00000,121.22,,1 X Elan grey blouse/s + 1 X indigo rising red tank/s + 1 X White Sleeveless Top S + 1 X MiiM/PinkBoots/Size7.5,POS 2,tomderobe@gmail.com,CLOSED,,,,closed,
2026-06-20 18:40:57,868,Sale Line,,,,1.00000,16.99000,1.57158,0.00000,0.00000,18.56158,,Elan grey blouse/s,,,,10007353,,,,
2026-06-20 18:40:57,868,Sale Line,,,,1.00000,16.99000,1.57158,0.00000,0.00000,18.56158,,indigo rising red tank/s,,,,10009081,,,,
2026-06-20 18:40:57,868,Sale Line,,,,1.00000,11.99000,1.10908,0.00000,0.00000,13.09908,,White Sleeveless Top S,,,,10009142,,,,
2026-06-20 18:40:57,868,Sale Line,,,,1.00000,64.99000,6.01158,0.00000,0.00000,71.00158,,MiiM/PinkBoots/Size7.5,,,,10009513,,,,
2026-06-20 18:40:50,868,Payment,,,,,,,,,,121.22000,Lightspeed Payments,,,,,,,,
2026-06-20 18:00:54,867,Sale,WALKIN,,,1,26.99,2.50,0.00000,0.00000,29.49,,1 X Inc Denim Lace-up Dress 2,POS 2,tomderobe@gmail.com,CLOSED,,,,closed,
2026-06-20 18:00:54,867,Sale Line,,,,1.00000,26.99000,2.49658,0.00000,0.00000,29.48658,,Inc Denim Lace-up Dress 2,,,,10009410,,,,
2026-06-20 18:00:47,867,Payment,,,,,,,,,,29.49000,Lightspeed Payments,,,,,,,,
2026-06-20 17:42:13,866,Sale,WALKIN,,,0,26.99,2.50,0.00000,0.00000,29.49,,1 X Pink FloydTee Shirt_Al + -1 X Discount,POS 2,tomderobe@gmail.com,CLOSED,,,,closed,
2026-06-20 17:42:13,866,Sale Line,,,,1.00000,29.99000,2.77408,0.00000,0.00000,32.76408,,Pink FloydTee Shirt_Al / Blue / XS / 15.38,,,,10002865,,,,
2026-06-20 17:42:13,866,Sale Line,,,,-1.00000,-3.00000,-0.27750,0.00000,0.00000,-3.27750,,Discount,,,,vend-discount,,,,
2026-06-20 17:42:06,866,Payment,,,,,,,,,,29.49000,Lightspeed Payments,,,,,,,,
2026-06-20 17:39:11,865,Sale,Lex-BR77,Lex Anderson,,6,119.95,11.10,0.00000,0.00000,131.05,,1 X Altard State Jean Skorts Size S + 1 X Aerie Halter Top Size S + 1 X American Eagle Orange Floral Shorts XS + 1 X AnimalPrintHandBag + 1 X BeDivine/GreenRuffleTop/SizeS + 1 X &merci/blouse/brgndy/M,POS 2,tomderobe@gmail.com,CLOSED,,,,closed,
2026-06-20 17:39:11,865,Sale Line,,,,1.00000,28.99000,2.68158,0.00000,0.00000,31.67158,,Altard State Jean Skorts Size S,,,,10009139,,,,
2026-06-20 17:39:11,865,Sale Line,,,,1.00000,8.99000,0.83158,0.00000,0.00000,9.82158,,Aerie Halter Top Size S,,,,10008624,,,,
2026-06-20 17:39:11,865,Sale Line,,,,1.00000,18.99000,1.75658,0.00000,0.00000,20.74658,,American Eagle Orange Floral Shorts XS,,,,10009374,,,,
2026-06-20 17:39:11,865,Sale Line,,,,1.00000,15.00000,1.38750,0.00000,0.00000,16.38750,,AnimalPrintHandBag,,,,10009321,,,,
2026-06-20 17:39:11,865,Sale Line,,,,1.00000,18.99000,1.75658,0.00000,0.00000,20.74658,,BeDivine/GreenRuffleTop/SizeS,,,,10009103,,,,
2026-06-20 17:39:11,865,Sale Line,,,,1.00000,28.99000,2.68158,0.00000,0.00000,31.67158,,&merci/blouse/brgndy/M,,,,10004872,,,,
2026-06-20 17:39:11,865,Payment,,,,,,,,,,131.05000,Store Credit,,,,,,,,
2026-06-20 16:02:17,864,Sale,WALKIN,,,1,22.99,2.13,0.00000,0.00000,25.12,,1 X ECHO Red Satin Corset Top S,POS 2,tomderobe@gmail.com,CLOSED,,,,closed,
2026-06-20 16:02:17,864,Sale Line,,,,1.00000,22.99000,2.12658,0.00000,0.00000,25.11658,,ECHO Red Satin Corset Top S,,,,10009504,,,,
2026-06-20 16:02:11,864,Payment,,,,,,,,,,25.12000,Lightspeed Payments,,,,,,,,
2026-06-20 15:01:19,863,Sale,WALKIN,,,4,97.96,9.06,0.00000,0.00000,107.02,,1 X Caramela/Blksequintop/SizeS + 1 X LoftSweater_Do + 1 X Cabi/WhiteLaceShirt/SizeM + 1 X VintageRebekah/BlkLcaeTop/SizeM/L,POS 2,tomderobe@gmail.com,CLOSED,,,,closed,
2026-06-20 15:01:19,863,Sale Line,,,,1.00000,25.99000,2.40408,0.00000,0.00000,28.39408,,Caramela/Blksequintop/SizeS,,,,10005413,,,,
2026-06-20 15:01:19,863,Sale Line,,,,1.00000,19.99000,1.84908,0.00000,0.00000,21.83908,,LoftSweater_Do / White / 14 / 5.48,,,,10000887,,,,
2026-06-20 15:01:19,863,Sale Line,,,,1.00000,25.99000,2.40408,0.00000,0.00000,28.39408,,Cabi/WhiteLaceShirt/SizeM,,,,10008565,,,,
2026-06-20 15:01:19,863,Sale Line,,,,1.00000,25.99000,2.40408,0.00000,0.00000,28.39408,,VintageRebekah/BlkLcaeTop/SizeM/L,,,,10008561,,,,
2026-06-20 15:01:12,863,Payment,,,,,,,,,,107.02000,Lightspeed Payments,,,,,,,,
2026-06-20 14:03:22,862,Sale,WALKIN,,,1,28.98,2.68,0.00000,0.00000,31.66,,1 X UrbanOutf/BlkSkirtwBlet/SizeS + 1 X Reformation/WhiMockneckTop/SizeS + -1 X Discount,POS 2,tomderobe@gmail.com,CLOSED,,,,closed,
2026-06-20 14:03:22,862,Sale Line,,,,1.00000,21.99000,2.03408,0.00000,0.00000,24.02408,,UrbanOutf/BlkSkirtwBlet/SizeS,,,,10009517,,,,
2026-06-20 14:03:22,862,Sale Line,,,,1.00000,9.99000,0.92408,0.00000,0.00000,10.91408,,Reformation/WhiMockneckTop/SizeS,,,,10009518,,,,
2026-06-20 14:03:22,862,Sale Line,,,,-1.00000,-3.00000,-0.27750,0.00000,0.00000,-3.27750,,Discount,,,,vend-discount,,,,
2026-06-20 14:03:16,862,Payment,,,,,,,,,,31.66000,Lightspeed Payments,,,,,,,,
2026-06-20 13:47:54,861,Sale,WALKIN,,,1,23.99,2.22,0.00000,0.00000,26.21,,1 X Brown Chic Vintage T Shirt Size S,POS 2,tomderobe@gmail.com,CLOSED,,,,closed,
2026-06-20 13:47:54,861,Sale Line,,,,1.00000,23.99000,2.21908,0.00000,0.00000,26.20908,,Brown Chic Vintage T Shirt Size S,,,,10007155,,,,
2026-06-20 13:47:43,861,Payment,,,,,,,,,,26.21000,Lightspeed Payments,,,,,,,,
2026-06-20 12:40:18,860,Sale,WALKIN,,,0,21.99,2.03,0.00000,0.00000,24.02,,1 X vintage pink gown/m + -1 X Discount,POS 2,tomderobe@gmail.com,CLOSED,,,,closed,
2026-06-20 12:40:18,860,Sale Line,,,,1.00000,24.99000,2.31158,0.00000,0.00000,27.30158,,vintage pink gown/m,,,,10006171,,,,
2026-06-20 12:40:18,860,Sale Line,,,,-1.00000,-3.00000,-0.27750,0.00000,0.00000,-3.27750,,Discount,,,,vend-discount,,,,
2026-06-20 12:39:56,860,Payment,,,,,,,,,,24.02000,Lightspeed Payments,,,,,,,,
2026-06-20 12:39:07,859,Sale,WALKIN,,,1,51.98,4.81,0.00000,0.00000,56.79,,1 X WRXCactus/GreyCropJacket/SizeXS + 1 X j crew/button down/navy strip/slim + -1 X Discount,POS 2,tomderobe@gmail.com,CLOSED,,,,closed,
2026-06-20 12:39:07,859,Sale Line,,,,1.00000,29.99000,2.77408,0.00000,0.00000,32.76408,,WRXCactus/GreyCropJacket/SizeXS,,,,10009512,,,,
2026-06-20 12:39:07,859,Sale Line,,,,1.00000,24.99000,2.31158,0.00000,0.00000,27.30158,,j crew/button down/navy strip/slim,,,,10003664,,,,
2026-06-20 12:39:07,859,Sale Line,,,,-1.00000,-3.00000,-0.27750,0.00000,0.00000,-3.27750,,Discount,,,,vend-discount,,,,
2026-06-20 12:39:00,859,Payment,,,,,,,,,,56.79000,Lightspeed Payments,,,,,,,,
2026-06-20 12:20:40,858,Sale,WALKIN,,,1,37.98,3.51,0.00000,0.00000,41.49,,1 X Madden NYC Beige Skirt XL + 1 X J Crew White Button-up Vest 12 + -1 X Discount,POS 2,tomderobe@gmail.com,CLOSED,,,,closed,
2026-06-20 12:20:40,858,Sale Line,,,,1.00000,15.99000,1.47908,0.00000,0.00000,17.46908,,Madden NYC Beige Skirt XL,,,,10008812,,,,
2026-06-20 12:20:40,858,Sale Line,,,,1.00000,24.99000,2.31158,0.00000,0.00000,27.30158,,J Crew White Button-up Vest 12,,,,10008949,,,,
2026-06-20 12:20:40,858,Sale Line,,,,-1.00000,-3.00000,-0.27750,0.00000,0.00000,-3.27750,,Discount,,,,vend-discount,,,,
2026-06-20 12:20:28,858,Payment,,,,,,,,,,41.49000,Lightspeed Payments,,,,,,,,
2026-06-19 18:56:12,857,Sale,WALKIN,,,4,110.96,10.26,0.00000,0.00000,121.22,,1 X Sag Harbor Brown SS Top L + 1 X Sweet Soul Y2K Baby Doll Top L + 1 X Umgee Orange & Tan Romper / Size L + 1 X Violet & Claire Peach SS Top L,POS 2,tomderobe@gmail.com,CLOSED,,,,closed,
2026-06-19 18:56:12,857,Sale Line,,,,1.00000,25.99000,2.40408,0.00000,0.00000,28.39408,,Sag Harbor Brown SS Top L,,,,10009126,,,,
2026-06-19 18:56:12,857,Sale Line,,,,1.00000,32.99000,3.05158,0.00000,0.00000,36.04158,,Sweet Soul Y2K Baby Doll Top L,,,,10008514,,,,
2026-06-19 18:56:12,857,Sale Line,,,,1.00000,27.99000,2.58908,0.00000,0.00000,30.57908,,Umgee Orange & Tan Romper / Size L,,,,10007864,,,,
2026-06-19 18:56:12,857,Sale Line,,,,1.00000,23.99000,2.21908,0.00000,0.00000,26.20908,,Violet & Claire Peach SS Top L,,,,10008828,,,,
2026-06-19 18:56:06,857,Payment,,,,,,,,,,121.22000,Lightspeed Payments,,,,,,,,
2026-06-19 18:36:51,856,Sale,WALKIN,,,2,40.98,3.79,0.00000,0.00000,44.77,,1 X Nygard/BlklaceWhiTop/Size12 + 1 X Intimately/YllwTop/SizeSP,POS 2,tomderobe@gmail.com,CLOSED,,,,closed,
2026-06-19 18:36:51,856,Sale Line,,,,1.00000,22.99000,2.12658,0.00000,0.00000,25.11658,,Nygard/BlklaceWhiTop/Size12,,,,10006358,,,,
2026-06-19 18:36:51,856,Sale Line,,,,1.00000,17.99000,1.66408,0.00000,0.00000,19.65408,,Intimately/YllwTop/SizeSP,,,,10009508,,,,
2026-06-19 18:36:45,856,Payment,,,,,,,,,,44.77000,Lightspeed Payments,,,,,,,,
2026-06-19 17:33:48,855,Sale,WALKIN,,,3,107.97,9.99,0.00000,0.00000,117.96,,1 X NWT Espresso Gold/Grey Dress L + 1 X Armani NWT Purple Gray Dress / Size L + 1 X ChettaB/GreenBttnBeltDress/Size14,POS 2,tomderobe@gmail.com,CLOSED,,,,closed,
2026-06-19 17:33:48,855,Sale Line,,,,1.00000,21.99000,2.03408,0.00000,0.00000,24.02408,,NWT Espresso Gold/Grey Dress L,,,,10007635,,,,
2026-06-19 17:33:48,855,Sale Line,,,,1.00000,45.99000,4.25408,0.00000,0.00000,50.24408,,Armani NWT Purple Gray Dress / Size L,,,,10004598,,,,
2026-06-19 17:33:48,855,Sale Line,,,,1.00000,39.99000,3.69908,0.00000,0.00000,43.68908,,ChettaB/GreenBttnBeltDress/Size14,,,,10008333,,,,
2026-06-19 17:33:36,855,Payment,,,,,,,,,,117.96000,Lightspeed Payments,,,,,,,,
2026-06-19 16:38:31,854,Sale,Kristi-73C3,Kristi Edsell,,1,59.99,5.55,0.00000,0.00000,65.54,,1 X AW Bridal Floral Dress/Size 20,POS 2,tomderobe@gmail.com,CLOSED,,,,closed,
2026-06-19 16:38:31,854,Sale Line,,,,1.00000,59.99000,5.54908,0.00000,0.00000,65.53908,,AW Bridal Floral Dress/Size 20,,,,10003973,,,,
2026-06-19 16:38:31,854,Payment,,,,,,,,,,65.54000,Store Credit,,,,,,,,
2026-06-19 16:10:31,853,Sale,WALKIN,,,1,34.99,3.24,0.00000,0.00000,38.23,,1 X Vintage LaBelle 90's Blue Dress L,POS 2,tomderobe@gmail.com,CLOSED,,,,closed,
2026-06-19 16:10:31,853,Sale Line,,,,1.00000,34.99000,3.23658,0.00000,0.00000,38.22658,,Vintage LaBelle 90's Blue Dress L,,,,10009472,,,,
2026-06-19 16:10:23,853,Payment,,,,,,,,,,38.23000,Lightspeed Payments,,,,,,,,
2026-06-19 15:43:12,852,Sale,WALKIN,,,1,36.99,3.42,0.00000,0.00000,40.41,,1 X Draper J NWT Orange Blouse / Size XS,POS 2,tomderobe@gmail.com,CLOSED,,,,closed,
2026-06-19 15:43:12,852,Sale Line,,,,1.00000,36.99000,3.42158,0.00000,0.00000,40.41158,,Draper J NWT Orange Blouse / Size XS,,,,10006540,,,,
2026-06-19 15:43:05,852,Payment,,,,,,,,,,40.41000,Lightspeed Payments,,,,,,,,
2026-06-19 14:35:34,851,Sale,WALKIN,,,1,18.99,1.76,0.00000,0.00000,20.75,,1 X Kenar Blue Red Shorts / Size 6,POS 2,tomderobe@gmail.com,CLOSED,,,,closed,
2026-06-19 14:35:34,851,Sale Line,,,,1.00000,18.99000,1.75658,0.00000,0.00000,20.74658,,Kenar Blue Red Shorts / Size 6,,,,10007576,,,,
2026-06-19 14:35:22,851,Payment,,,,,,,,,,20.75000,Lightspeed Payments,,,,,,,,
2026-06-19 14:08:01,850,Sale,WALKIN,,,2,38.98,3.61,0.00000,0.00000,42.59,,1 X Knight Orange Smokey T-Shirt M + 1 X Fanatics Vols Hoodie Size L,POS 2,tomderobe@gmail.com,CLOSED,,,,closed,
2026-06-19 14:08:01,850,Sale Line,,,,1.00000,14.99000,1.38658,0.00000,0.00000,16.37658,,Knight Orange Smokey T-Shirt M,,,,10009481,,,,
2026-06-19 14:08:01,850,Sale Line,,,,1.00000,23.99000,2.21908,0.00000,0.00000,26.20908,,Fanatics Vols Hoodie Size L,,,,10008825,,,,
2026-06-19 14:07:54,850,Payment,,,,,,,,,,42.59000,Lightspeed Payments,,,,,,,,
2026-06-19 13:55:57,849,Sale,WALKIN,,,1,21.99,2.03,0.00000,0.00000,24.02,,1 X Maroon Long Sleeve Crop,POS 2,tomderobe@gmail.com,CLOSED,,,,closed,
2026-06-19 13:55:57,849,Sale Line,,,,1.00000,21.99000,2.03408,0.00000,0.00000,24.02408,,Maroon Long Sleeve Crop,,,,10004239,,,,
2026-06-19 13:55:55,849,Payment,,,,,,,,,,25.00000,Cash,,,,,,,,
2026-06-19 13:55:57,849,Payment,,,,,,,,,,-0.98000,Cash,,,,,,,,
2026-06-19 13:53:09,848,Sale,WALKIN,,,3,82.94,7.67,0.00000,0.00000,90.61,,1 X Gilli Magenta SS Top L + 1 X AMI Pink Leather Jacket L + 1 X Sanctuary Pink Sleeveless Top Size L,POS 2,tomderobe@gmail.com,CLOSED,,,,closed,
2026-06-19 13:53:09,848,Sale Line,,,,1.00000,13.95000,1.29038,0.00000,0.00000,15.24038,,Gilli Magenta SS Top L,,,,10009394,,,,
2026-06-19 13:53:09,848,Sale Line,,,,1.00000,50.00000,4.62500,0.00000,0.00000,54.62500,,AMI Pink Leather Jacket L,,,,10008893,,,,
2026-06-19 13:53:09,848,Sale Line,,,,1.00000,18.99000,1.75658,0.00000,0.00000,20.74658,,Sanctuary Pink Sleeveless Top Size L,,,,10007270,,,,
2026-06-19 13:53:01,848,Payment,,,,,,,,,,90.61000,Lightspeed Payments,,,,,,,,
2026-06-19 13:49:59,847,Sale,WALKIN,,,4,97.96,9.06,0.00000,0.00000,107.02,,"1 X Kim Rogers Red, White Blue Skirt / Size 12 + 1 X BananaRep/PinkcoverShirt/SizeM + 1 X Lauren Jeans LS Buttondown / Size M + 1 X Prospect Ave Green Sleeveless XL",POS 2,tomderobe@gmail.com,CLOSED,,,,closed,
2026-06-19 13:49:59,847,Sale Line,,,,1.00000,26.99000,2.49658,0.00000,0.00000,29.48658,,"Kim Rogers Red, White Blue Skirt / Size 12",,,,10005989,,,,
2026-06-19 13:49:59,847,Sale Line,,,,1.00000,21.99000,2.03408,0.00000,0.00000,24.02408,,BananaRep/PinkcoverShirt/SizeM,,,,10008320,,,,
2026-06-19 13:49:59,847,Sale Line,,,,1.00000,28.99000,2.68158,0.00000,0.00000,31.67158,,Lauren Jeans LS Buttondown / Size M,,,,10004732,,,,
2026-06-19 13:49:59,847,Sale Line,,,,1.00000,19.99000,1.84908,0.00000,0.00000,21.83908,,Prospect Ave Green Sleeveless XL,,,,10009239,,,,
2026-06-19 13:49:48,847,Payment,,,,,,,,,,107.02000,Lightspeed Payments,,,,,,,,
2026-06-19 13:48:16,846,Sale,WALKIN,,,2,46.00,4.26,0.00000,0.00000,50.26,,1 X SOLDSEPByJJ/BlkFlowPant/SizeL + 1 X SOLDSEPByJJ/BlkFlowShirt/SizeL,POS 2,tomderobe@gmail.com,CLOSED,,,,closed,
2026-06-19 13:48:16,846,Sale Line,,,,1.00000,22.00000,2.03500,0.00000,0.00000,24.03500,,SOLDSEPByJJ/BlkFlowPant/SizeL,,,,10009323,,,,
2026-06-19 13:48:16,846,Sale Line,,,,1.00000,24.00000,2.22000,0.00000,0.00000,26.22000,,SOLDSEPByJJ/BlkFlowShirt/SizeL,,,,10009324,,,,
2026-06-19 13:48:08,846,Payment,,,,,,,,,,50.26000,Lightspeed Payments,,,,,,,,
2026-06-19 13:25:08,845,Sale,WALKIN,,,0,13.99,1.29,0.00000,0.00000,15.28,,1 X Black Rhinestone Multi Strand + -1 X Discount,POS 2,tomderobe@gmail.com,CLOSED,,,,closed,
2026-06-19 13:25:08,845,Sale Line,,,,1.00000,16.99000,1.57158,0.00000,0.00000,18.56158,,Black Rhinestone Multi Strand,,,,10007340,,,,
2026-06-19 13:25:08,845,Sale Line,,,,-1.00000,-3.00000,-0.27750,0.00000,0.00000,-3.27750,,Discount,,,,vend-discount,,,,
2026-06-19 13:24:46,845,Payment,,,,,,,,,,15.28000,Lightspeed Payments,,,,,,,,
2026-06-19 12:57:33,844,Sale,WALKIN,,,1,70.00,6.48,0.00000,0.00000,76.48,,1 X JustinBoots/BrownStitchBoots/Size8.5,POS 2,tomderobe@gmail.com,CLOSED,,,,closed,
2026-06-19 12:57:33,844,Sale Line,,,,1.00000,70.00000,6.47500,0.00000,0.00000,76.47500,,JustinBoots/BrownStitchBoots/Size8.5,,,,10008295,,,,
2026-06-19 12:57:21,844,Payment,,,,,,,,,,76.48000,Lightspeed Payments,,,,,,,,
2026-06-19 12:15:27,843,Sale,WALKIN,,,0,39.99,3.70,0.00000,0.00000,43.69,,1 X Scully Charcoal Skirt Size M + -1 X Discount,POS 2,tomderobe@gmail.com,CLOSED,,,,closed,
2026-06-19 12:15:27,843,Sale Line,,,,1.00000,42.99000,3.97658,0.00000,0.00000,46.96658,,Scully Charcoal Skirt Size M,,,,10009495,,,,
2026-06-19 12:15:27,843,Sale Line,,,,-1.00000,-3.00000,-0.27750,0.00000,0.00000,-3.27750,,Discount,,,,vend-discount,,,,
2026-06-19 12:15:03,843,Payment,,,,,,,,,,60.00000,Cash,,,,,,,,
2026-06-19 12:15:27,843,Payment,,,,,,,,,,-16.31000,Cash,,,,,,,,
2026-06-18 19:00:01,842,Sale,WALKIN,,,2,39.98,3.70,0.00000,0.00000,43.68,,1 X Altard State Black Tank Top L + 1 X New In Sage Green Skirt / Size M,POS 2,tomderobe@gmail.com,CLOSED,,,,closed,
2026-06-18 19:00:01,842,Sale Line,,,,1.00000,20.99000,1.94158,0.00000,0.00000,22.93158,,Altard State Black Tank Top L,,,,10009010,,,,
2026-06-18 19:00:01,842,Sale Line,,,,1.00000,18.99000,1.75658,0.00000,0.00000,20.74658,,New In Sage Green Skirt / Size M,,,,10004955,,,,
2026-06-18 18:59:54,842,Payment,,,,,,,,,,43.68000,Lightspeed Payments,,,,,,,,
2026-06-18 17:52:58,841,Sale,WALKIN,,,2,48.98,4.53,0.00000,0.00000,53.51,,1 X H&M Black SS Top S + 1 X Heirloom Ltd White SS Top S,POS 2,tomderobe@gmail.com,CLOSED,,,,closed,
2026-06-18 17:52:58,841,Sale Line,,,,1.00000,25.99000,2.40408,0.00000,0.00000,28.39408,,H&M Black SS Top S,,,,10008616,,,,
2026-06-18 17:52:58,841,Sale Line,,,,1.00000,22.99000,2.12658,0.00000,0.00000,25.11658,,Heirloom Ltd White SS Top S,,,,10009146,,,,
2026-06-18 17:52:53,841,Payment,,,,,,,,,,55.00000,Cash,,,,,,,,
2026-06-18 17:52:58,841,Payment,,,,,,,,,,-1.49000,Cash,,,,,,,,
2026-06-18 16:58:10,840,Sale,WALKIN,,,1,18.99,1.76,0.00000,0.00000,20.75,,1 X Forever 21 Black Dress S,POS 2,tomderobe@gmail.com,CLOSED,,,,closed,
2026-06-18 16:58:10,840,Sale Line,,,,1.00000,18.99000,1.75658,0.00000,0.00000,20.74658,,Forever 21 Black Dress S,,,,10008701,,,,
2026-06-18 16:58:02,840,Payment,,,,,,,,,,20.75000,Lightspeed Payments,,,,,,,,
2026-06-18 16:08:40,839,Sale,WALKIN,,,1,45.99,4.25,0.00000,0.00000,50.24,,1 X CIO Yellow Purse,POS 2,tomderobe@gmail.com,CLOSED,,,,closed,
2026-06-18 16:08:40,839,Sale Line,,,,1.00000,45.99000,4.25408,0.00000,0.00000,50.24408,,CIO Yellow Purse,,,,10007315,,,,
2026-06-18 16:08:33,839,Payment,,,,,,,,,,50.24000,Lightspeed Payments,,,,,,,,
2026-06-18 15:42:57,838,Sale,WALKIN,,,1,27.99,2.59,0.00000,0.00000,30.58,,1 X Blush Orange & White Floral Shawl / Size M,POS 2,tomderobe@gmail.com,CLOSED,,,,closed,
2026-06-18 15:42:57,838,Sale Line,,,,1.00000,27.99000,2.58908,0.00000,0.00000,30.57908,,Blush Orange & White Floral Shawl / Size M,,,,10004753,,,,
2026-06-18 15:42:48,838,Payment,,,,,,,,,,30.58000,Lightspeed Payments,,,,,,,,
2026-06-18 15:11:51,837,Sale,WALKIN,,,3,67.97,6.29,0.00000,0.00000,74.26,,1 X Altard State Blue Ruffle Skirt S + 1 X Sim & Sam Navy/White Dress S + 1 X Monteau Dress Beige Size S,POS 2,tomderobe@gmail.com,CLOSED,,,,closed,
2026-06-18 15:11:51,837,Sale Line,,,,1.00000,19.99000,1.84908,0.00000,0.00000,21.83908,,Altard State Blue Ruffle Skirt S,,,,10009052,,,,
2026-06-18 15:11:51,837,Sale Line,,,,1.00000,18.99000,1.75658,0.00000,0.00000,20.74658,,Sim & Sam Navy/White Dress S,,,,10009171,,,,
2026-06-18 15:11:51,837,Sale Line,,,,1.00000,28.99000,2.68158,0.00000,0.00000,31.67158,,Monteau Dress Beige Size S,,,,10007228,,,,
2026-06-18 15:11:40,837,Payment,,,,,,,,,,74.26000,Lightspeed Payments,,,,,,,,
2026-06-18 15:10:11,836,Sale,WALKIN,,,1,22.00,2.04,0.00000,0.00000,24.04,,1 X Hyfve White Skirt / Size S,POS 2,tomderobe@gmail.com,CLOSED,,,,closed,
2026-06-18 15:10:11,836,Sale Line,,,,1.00000,22.00000,2.03500,0.00000,0.00000,24.03500,,Hyfve White Skirt / Size S,,,,10008283,,,,
2026-06-18 15:10:09,836,Payment,,,,,,,,,,25.00000,Cash,,,,,,,,
2026-06-18 15:10:11,836,Payment,,,,,,,,,,-0.96000,Cash,,,,,,,,
2026-06-18 12:45:53,835,Sale,WALKIN,,,1,18.99,1.76,0.00000,0.00000,20.75,,1 X Mushkaby Siena Watercolor Top L,POS 2,tomderobe@gmail.com,CLOSED,,,,closed,
2026-06-18 12:45:53,835,Sale Line,,,,1.00000,18.99000,1.75658,0.00000,0.00000,20.74658,,Mushkaby Siena Watercolor Top L,,,,10009399,,,,
2026-06-18 12:45:40,835,Payment,,,,,,,,,,20.75000,Cash,,,,,,,,
2026-06-18 12:44:09,834,Sale,WALKIN,,,1,200.00,18.50,0.00000,0.00000,218.5,,1 X Desigual Colorful Green Coat 46,POS 2,tomderobe@gmail.com,CLOSED,,,,closed,
2026-06-18 12:44:09,834,Sale Line,,,,1.00000,200.00000,18.50000,0.00000,0.00000,218.50000,,Desigual Colorful Green Coat 46,,,,10009441,,,,
2026-06-18 12:43:33,834,Payment,,,,,,,,,,218.50000,Lightspeed Payments,,,,,,,,
2026-06-17 17:30:57,833,Sale,WALKIN,,,1,26.99,2.50,0.00000,0.00000,29.49,,1 X TheSak/BlkSilverStitchBag,POS 2,tomderobe@gmail.com,CLOSED,,,,closed,
2026-06-17 17:30:57,833,Sale Line,,,,1.00000,26.99000,2.49658,0.00000,0.00000,29.48658,,TheSak/BlkSilverStitchBag,,,,10008555,,,,
2026-06-17 17:30:49,833,Payment,,,,,,,,,,29.49000,Lightspeed Payments,,,,,,,,
2026-06-17 15:38:40,832,Sale,WALKIN,,,1,65.00,6.01,0.00000,0.00000,71.01,,1 X Frye Embroidered  Boot/Size 5 1/2,POS 2,tomderobe@gmail.com,CLOSED,,,,closed,
2026-06-17 15:38:40,832,Sale Line,,,,1.00000,65.00000,6.01250,0.00000,0.00000,71.01250,,Frye Embroidered  Boot/Size 5 1/2,,,,10004244,,,,
2026-06-17 15:38:27,832,Payment,,,,,,,,,,71.01000,Lightspeed Payments,,,,,,,,
2026-06-17 13:44:42,831,Sale,WALKIN,,,1,23.99,2.22,0.00000,0.00000,26.21,,1 X Brown Chic Vintage T Shirt Size S,POS 2,tomderobe@gmail.com,CLOSED,,,,closed,
2026-06-17 13:44:42,831,Sale Line,,,,1.00000,23.99000,2.21908,0.00000,0.00000,26.20908,,Brown Chic Vintage T Shirt Size S,,,,10007155,,,,
2026-06-17 13:44:34,831,Payment,,,,,,,,,,26.21000,Lightspeed Payments,,,,,,,,
2026-06-17 13:35:00,830,Sale,WALKIN,,,2,37.99,3.51,9.99500,0.00000,41.5,,1 X Black Chifon Dress Size M + 1 X Rock X Republic,POS 2,tomderobe@gmail.com,CLOSED,,,,closed,
2026-06-17 13:35:00,830,Sale Line,,,,1.00000,9.99500,0.92454,9.99500,0.00000,10.91954,,Black Chifon Dress Size M,,,,10008933,,,,
2026-06-17 13:35:00,830,Sale Line,,,,1.00000,27.99000,2.58908,0.00000,0.00000,30.57908,,Rock X Republic / Bluejeans / 10 / 13.96,,,,10002581,,,,
2026-06-17 13:34:50,830,Payment,,,,,,,,,,41.50000,Lightspeed Payments,,,,,,,,
2026-06-17 13:23:09,829,Sale,WALKIN,,,1,14.99,1.39,0.00000,0.00000,16.38,,1 X Black Sheer Butterfly Mesh Top S,POS 2,tomderobe@gmail.com,CLOSED,,,,closed,
2026-06-17 13:23:09,829,Sale Line,,,,1.00000,14.99000,1.38658,0.00000,0.00000,16.37658,,Black Sheer Butterfly Mesh Top S,,,,10009199,,,,
2026-06-17 13:22:44,829,Payment,,,,,,,,,,16.38000,Lightspeed Payments,,,,,,,,
2026-06-17 12:55:30,828,Sale,WALKIN,,,2,57.99,5.36,11.99500,0.00000,63.35,,1 X leather metal studded belt + 1 X NineWest/ Pink Multi-Pattern Jacket/Size XL,POS 2,tomderobe@gmail.com,CLOSED,,,,closed,
2026-06-17 12:55:30,828,Sale Line,,,,1.00000,45.99000,4.25408,0.00000,0.00000,50.24408,,leather metal studded belt,,,,10006625,,,,
2026-06-17 12:55:30,828,Sale Line,,,,1.00000,11.99500,1.10954,11.99500,0.00000,13.10454,,NineWest/ Pink Multi-Pattern Jacket/Size XL,,,,10004276,,,,
2026-06-17 12:55:21,828,Payment,,,,,,,,,,63.35000,Lightspeed Payments,,,,,,,,
2026-06-17 12:47:43,827,Sale,WALKIN,,,2,32.49,3.00,9.49500,0.00000,35.49,,1 X Blue Rain Pink Pattern Halter Tank / SIze S + 1 X Style & Co Cream Pearl Vest,POS 2,tomderobe@gmail.com,CLOSED,,,,closed,
2026-06-17 12:47:43,827,Sale Line,,,,1.00000,22.99000,2.12658,0.00000,0.00000,25.11658,,Blue Rain Pink Pattern Halter Tank / SIze S,,,,10005604,,,,
2026-06-17 12:47:43,827,Sale Line,,,,1.00000,9.49500,0.87829,9.49500,0.00000,10.37329,,Style & Co Cream Pearl Vest,,,,10009179,,,,
2026-06-17 12:47:37,827,Payment,,,,,,,,,,35.49000,Lightspeed Payments,,,,,,,,
2026-06-17 11:31:03,826,Sale,WALKIN,,,1,11.99,1.11,0.00000,0.00000,13.1,,1 X Lily Bleu Yellow SS Top,POS 2,tomderobe@gmail.com,CLOSED,,,,closed,
2026-06-17 11:31:03,826,Sale Line,,,,1.00000,11.99000,1.10908,0.00000,0.00000,13.09908,,Lily Bleu Yellow SS Top,,,,10008667,,,,
2026-06-17 11:30:51,826,Payment,,,,,,,,,,13.10000,Lightspeed Payments,,,,,,,,
2026-06-14 17:16:43,825,Sale,WALKIN,,,2,47.98,4.44,0.00000,0.00000,52.42,,1 X Eye Candy Y2K Red PaisleyTop L + 1 X Unknown Burgundy Halter Top S,POS 2,tomderobe@gmail.com,CLOSED,,,,closed,
2026-06-14 17:16:43,825,Sale Line,,,,1.00000,29.99000,2.77408,0.00000,0.00000,32.76408,,Eye Candy Y2K Red PaisleyTop L,,,,10009210,,,,
2026-06-14 17:16:43,825,Sale Line,,,,1.00000,17.99000,1.66408,0.00000,0.00000,19.65408,,Unknown Burgundy Halter Top S,,,,10008844,,,,
2026-06-14 17:16:36,825,Payment,,,,,,,,,,52.42000,Lightspeed Payments,,,,,,,,
2026-06-14 17:14:14,824,Sale,WALKIN,,,1,24.99,2.31,0.00000,0.00000,27.3,,1 X NaturalLife/SheerFlowerShirt/SizeXL,POS 2,tomderobe@gmail.com,CLOSED,,,,closed,
2026-06-14 17:14:14,824,Sale Line,,,,1.00000,24.99000,2.31158,0.00000,0.00000,27.30158,,NaturalLife/SheerFlowerShirt/SizeXL,,,,10008311,,,,
2026-06-14 17:14:08,824,Payment,,,,,,,,,,27.30000,Lightspeed Payments,,,,,,,,
2026-06-14 16:46:01,823,Sale,WALKIN,,,1,23.99,2.22,0.00000,0.00000,26.21,,1 X Yellow Chic Vintage T Shirt Size S,POS 2,tomderobe@gmail.com,CLOSED,,,,closed,
2026-06-14 16:46:01,823,Sale Line,,,,1.00000,23.99000,2.21908,0.00000,0.00000,26.20908,,Yellow Chic Vintage T Shirt Size S,,,,10007150,,,,
2026-06-14 16:45:25,823,Payment,,,,,,,,,,30.00000,Cash,,,,,,,,
2026-06-14 16:46:01,823,Payment,,,,,,,,,,-3.79000,Cash,,,,,,,,
2026-06-14 16:42:51,822,Sale,WALKIN,,,1,42.99,3.98,0.00000,0.00000,46.97,,1 X AbeltLabel/WhiGreenDress/SizeXS,POS 2,tomderobe@gmail.com,CLOSED,,,,closed,
2026-06-14 16:42:51,822,Sale Line,,,,1.00000,42.99000,3.97658,0.00000,0.00000,46.96658,,AbeltLabel/WhiGreenDress/SizeXS,,,,10008584,,,,
2026-06-14 16:42:34,822,Payment,,,,,,,,,,46.97000,Lightspeed Payments,,,,,,,,
2026-06-14 13:32:41,821,Sale,WALKIN,,,1,18.99,1.76,0.00000,0.00000,20.75,,1 X Max Studio Green SS Top S,POS 2,tomderobe@gmail.com,CLOSED,,,,closed,
2026-06-14 13:32:41,821,Sale Line,,,,1.00000,18.99000,1.75658,0.00000,0.00000,20.74658,,Max Studio Green SS Top S,,,,10009235,,,,
2026-06-14 13:32:34,821,Payment,,,,,,,,,,20.75000,Lightspeed Payments,,,,,,,,
2026-06-14 12:58:55,819,Sale,WALKIN,,Ted,3,59.97,5.55,0.00000,0.00000,65.52,,1 X Lohla sport checkered navy skirt/0 + 1 X Sadie & Sage Blush Overall Dress / Size S + 1 X Charlotte R Floral One Shoulder Dress / Size S,POS 2,tomderobe@gmail.com,CLOSED,,,,closed,
2026-06-14 12:58:55,819,Sale Line,,,,1.00000,15.99000,1.47908,0.00000,0.00000,17.46908,,Lohla sport checkered navy skirt/0,,,,10007352,,,,
2026-06-14 12:58:55,819,Sale Line,,,,1.00000,21.99000,2.03408,0.00000,0.00000,24.02408,,Sadie & Sage Blush Overall Dress / Size S,,,,10008410,,,,
2026-06-14 12:58:55,819,Sale Line,,,,1.00000,21.99000,2.03408,0.00000,0.00000,24.02408,,Charlotte R Floral One Shoulder Dress / Size S,,,,10007860,,,,
2026-06-14 12:58:39,819,Payment,,,,,,,,,,65.52000,Lightspeed Payments,,,,,,,,
2026-06-14 12:57:30,820,Sale,WALKIN,,,1,24.99,2.31,0.00000,0.00000,27.3,,1 X BetsyL/GrnAniprintJacket/Size16,POS 2,tomderobe@gmail.com,CLOSED,,,,closed,
2026-06-14 12:57:30,820,Sale Line,,,,1.00000,24.99000,2.31158,0.00000,0.00000,27.30158,,BetsyL/GrnAniprintJacket/Size16,,,,10008362,,,,
2026-06-14 12:57:23,820,Payment,,,,,,,,,,27.30000,Lightspeed Payments,,,,,,,,
2026-06-14 12:21:19,818,Sale,WALKIN,,,2,49.98,4.62,0.00000,0.00000,54.6,,1 X Fashion Nova Brown Overalls XL + 1 X Pink w Lemon Coverall OSFM,POS 2,tomderobe@gmail.com,CLOSED,,,,closed,
2026-06-14 12:21:19,818,Sale Line,,,,1.00000,34.99000,3.23658,0.00000,0.00000,38.22658,,Fashion Nova Brown Overalls XL,,,,10008912,,,,
2026-06-14 12:21:19,818,Sale Line,,,,1.00000,14.99000,1.38658,0.00000,0.00000,16.37658,,Pink w Lemon Coverall OSFM,,,,10008486,,,,
2026-06-14 12:21:10,818,Payment,,,,,,,,,,54.60000,Lightspeed Payments,,,,,,,,
2026-06-14 12:20:23,817,Sale,WALKIN,,,4,106.97,9.89,0.00000,0.00000,116.86,,1 X Altar'd State White/Pink LS Top S + 1 X Moon Collection Dress Brown Size S + 1 X Calvin Klein Beige Dress Size 4 + 1 X Max Studio Purple Dress S,POS 2,tomderobe@gmail.com,CLOSED,,,,closed,
2026-06-14 12:20:23,817,Sale Line,,,,1.00000,15.00000,1.38750,0.00000,0.00000,16.38750,,Altar'd State White/Pink LS Top S,,,,10008236,,,,
2026-06-14 12:20:23,817,Sale Line,,,,1.00000,33.99000,3.14408,0.00000,0.00000,37.13408,,Moon Collection Dress Brown Size S,,,,10003463,,,,
2026-06-14 12:20:23,817,Sale Line,,,,1.00000,23.99000,2.21908,0.00000,0.00000,26.20908,,Calvin Klein Beige Dress Size 4,,,,10009004,,,,
2026-06-14 12:20:23,817,Sale Line,,,,1.00000,33.99000,3.14408,0.00000,0.00000,37.13408,,Max Studio Purple Dress S,,,,10008399,,,,
2026-06-14 12:20:08,817,Payment,,,,,,,,,,116.86000,Lightspeed Payments,,,,,,,,
2026-06-13 19:33:34,816,Sale,WALKIN,,,1,26.99,2.50,0.00000,0.00000,29.49,,1 X Levis Cut Off Black Shorts/ Size 29 W,POS 2,tomderobe@gmail.com,CLOSED,,,,closed,
2026-06-13 19:33:34,816,Sale Line,,,,1.00000,26.99000,2.49658,0.00000,0.00000,29.48658,,Levis Cut Off Black Shorts/ Size 29 W,,,,10007332,,,,
2026-06-13 19:33:32,816,Payment,,,,,,,,,,30.00000,Cash,,,,,,,,
2026-06-13 19:33:34,816,Payment,,,,,,,,,,-0.51000,Cash,,,,,,,,
2026-06-13 18:07:52,815,Sale,WALKIN,,,4,462.97,42.82,0.00000,0.00000,505.79,,1 X Louis Vuitton Black Sunglasses Blue Box + 1 X Yellow Chic Vintage T Shirt Size L + 1 X Boldrini Orange Leather Bag w Hyde + 1 X Rue 21 Boustier Black Size XL + -1 X Discount + 1 X Vintage Dorset Compact Mirror,POS 2,tomderobe@gmail.com,CLOSED,,,,closed,
2026-06-13 18:07:52,815,Sale Line,,,,1.00000,150.00000,13.87500,0.00000,0.00000,163.87500,,Louis Vuitton Black Sunglasses Blue Box,,,,10009277,,,,
2026-06-13 18:07:52,815,Sale Line,,,,1.00000,23.99000,2.21908,0.00000,0.00000,26.20908,,Yellow Chic Vintage T Shirt Size L,,,,10007152,,,,
2026-06-13 18:07:52,815,Sale Line,,,,1.00000,250.00000,23.12500,0.00000,0.00000,273.12500,,Boldrini Orange Leather Bag w Hyde,,,,10006639,,,,
2026-06-13 18:07:52,815,Sale Line,,,,1.00000,10.99000,1.01658,0.00000,0.00000,12.00658,,Rue 21 Boustier Black Size XL,,,,10007294,,,,
2026-06-13 18:07:52,815,Sale Line,,,,-1.00000,-15.00000,-1.38750,0.00000,0.00000,-16.38750,,Discount,,,,vend-discount,,,,
2026-06-13 18:07:52,815,Sale Line,,,,1.00000,42.99000,3.97658,0.00000,0.00000,46.96658,,Vintage Dorset Compact Mirror,,,,10008531,,,,
2026-06-13 18:07:46,815,Payment,,,,,,,,,,505.79000,Lightspeed Payments,,,,,,,,
2026-06-13 17:48:54,814,Sale,WALKIN,,,0,16.99,1.57,0.00000,0.00000,18.56,,1 X Loft/RedfloralTop/SizeXS + -1 X Discount,POS 2,tomderobe@gmail.com,CLOSED,,,,closed,
2026-06-13 17:48:54,814,Sale Line,,,,1.00000,19.99000,1.84908,0.00000,0.00000,21.83908,,Loft/RedfloralTop/SizeXS,,,,10006894,,,,
2026-06-13 17:48:54,814,Sale Line,,,,-1.00000,-3.00000,-0.27750,0.00000,0.00000,-3.27750,,Discount,,,,vend-discount,,,,
2026-06-13 17:48:50,814,Payment,,,,,,,,,,20.00000,Cash,,,,,,,,
2026-06-13 17:48:54,814,Payment,,,,,,,,,,-1.44000,Cash,,,,,,,,
2026-06-13 17:12:17,813,Sale,WALKIN,,,2,120.97,11.19,0.00000,0.00000,132.16,,1 X JS Collection Black Dress Size 14 + 1 X Desigual Black Sheer Colorful Skirt / Size L + 1 X Akemi & Kim Floral Skirt XL + -1 X Discount,POS 2,tomderobe@gmail.com,CLOSED,,,,closed,
2026-06-13 17:12:17,813,Sale Line,,,,1.00000,33.99000,3.14408,0.00000,0.00000,37.13408,,JS Collection Black Dress Size 14,,,,10007588,,,,
2026-06-13 17:12:17,813,Sale Line,,,,1.00000,55.99000,5.17908,0.00000,0.00000,61.16908,,Desigual Black Sheer Colorful Skirt / Size L,,,,10005916,,,,
2026-06-13 17:12:17,813,Sale Line,,,,1.00000,35.99000,3.32908,0.00000,0.00000,39.31908,,Akemi & Kim Floral Skirt XL,,,,10008394,,,,
2026-06-13 17:12:17,813,Sale Line,,,,-1.00000,-5.00000,-0.46250,0.00000,0.00000,-5.46250,,Discount,,,,vend-discount,,,,
2026-06-13 17:12:09,813,Payment,,,,,,,,,,132.16000,Lightspeed Payments,,,,,,,,
2026-06-13 16:46:11,812,Sale,WALKIN,,,3,260.98,24.14,0.00000,0.00000,285.12,,1 X 10009363 + 1 X Vera Pelle 1985 Belt_Ve + 1 X Silver Scales Belt w Silver Bedazzled Buckle,POS 2,tomderobe@gmail.com,CLOSED,,,,closed,
2026-06-13 16:46:11,812,Sale Line,,,,1.00000,200.00000,18.50000,0.00000,0.00000,218.50000,,10009363,,,,10009364,,,,
2026-06-13 16:46:11,812,Sale Line,,,,1.00000,17.99000,1.66408,0.00000,0.00000,19.65408,,Vera Pelle 1985 Belt_Ve / Pink / Unknown / 21.40000000000001,,,,10003084,,,,
2026-06-13 16:46:11,812,Sale Line,,,,1.00000,42.99000,3.97658,0.00000,0.00000,46.96658,,Silver Scales Belt w Silver Bedazzled Buckle,,,,10006660,,,,
2026-06-13 16:46:05,812,Payment,,,,,,,,,,285.12000,Lightspeed Payments,,,,,,,,
2026-06-13 16:28:17,811,Sale,WALKIN,,,1,18.99,1.76,0.00000,0.00000,20.75,,1 X Marled Striped Tank Top Size M,POS 2,tomderobe@gmail.com,CLOSED,,,,closed,
2026-06-13 16:28:17,811,Sale Line,,,,1.00000,18.99000,1.75658,0.00000,0.00000,20.74658,,Marled Striped Tank Top Size M,,,,10008854,,,,
2026-06-13 16:28:06,811,Payment,,,,,,,,,,20.75000,Lightspeed Payments,,,,,,,,
2026-06-13 15:09:39,810,Sale,WALKIN,,,2,41.98,3.88,0.00000,0.00000,45.86,,1 X Green Necklace + 1 X Knit tote bag with circular handles,POS 2,tomderobe@gmail.com,CLOSED,,,,closed,
2026-06-13 15:09:39,810,Sale Line,,,,1.00000,23.99000,2.21908,0.00000,0.00000,26.20908,,Green Necklace,,,,10007932,,,,
2026-06-13 15:09:39,810,Sale Line,,,,1.00000,17.99000,1.66408,0.00000,0.00000,19.65408,,Knit tote bag with circular handles,,,,10008367,,,,
2026-06-13 15:09:33,810,Payment,,,,,,,,,,45.86000,Lightspeed Payments,,,,,,,,
2026-06-13 15:04:59,809,Sale,WALKIN,,,1,25.99,2.40,0.00000,0.00000,28.39,,1 X WHBM Maroon LS Dress / Size S,POS 2,tomderobe@gmail.com,CLOSED,,,,closed,
2026-06-13 15:04:59,809,Sale Line,,,,1.00000,25.99000,2.40408,0.00000,0.00000,28.39408,,WHBM Maroon LS Dress / Size S,,,,10005496,,,,
2026-06-13 15:04:52,809,Payment,,,,,,,,,,28.39000,Lightspeed Payments,,,,,,,,
2026-06-13 14:57:15,808,Sale,WALKIN,,,1,23.99,2.22,0.00000,0.00000,26.21,,1 X Karessah White Tank Detail Straps / Size M,POS 2,tomderobe@gmail.com,CLOSED,,,,closed,
2026-06-13 14:57:15,808,Sale Line,,,,1.00000,23.99000,2.21908,0.00000,0.00000,26.20908,,Karessah White Tank Detail Straps / Size M,,,,10008999,,,,
2026-06-13 14:57:09,808,Payment,,,,,,,,,,26.21000,Lightspeed Payments,,,,,,,,
2026-06-13 14:53:02,807,Sale,WALKIN,,,2,143.98,13.32,0.00000,0.00000,157.3,,1 X Doe&Rae Wht&Blk Blouse/Size S + 1 X NWT Karl Lagerfeld Paris White Shoulder,POS 2,tomderobe@gmail.com,CLOSED,,,,closed,
2026-06-13 14:53:02,807,Sale Line,,,,1.00000,17.99000,1.66408,0.00000,0.00000,19.65408,,Doe&Rae Wht&Blk Blouse/Size S,,,,10004748,,,,
2026-06-13 14:53:02,807,Sale Line,,,,1.00000,125.99000,11.65408,0.00000,0.00000,137.64408,,NWT Karl Lagerfeld Paris White Shoulder,,,,10009272,,,,
2026-06-13 14:52:50,807,Payment,,,,,,,,,,157.30000,Lightspeed Payments,,,,,,,,
2026-06-13 13:14:34,806,Sale,WALKIN,,,4,78.98,7.31,0.00000,0.00000,86.29,,1 X Marled Brown Faux Leather Blazer / Size M + 1 X Chalet Green Coat/Size M + 1 X NWOT Timing Orange Top Real XS + 1 X Old Navy Boyfriend Shorts 0,POS 2,tomderobe@gmail.com,CLOSED,,,,closed,
2026-06-13 13:14:34,806,Sale Line,,,,1.00000,25.00000,2.31250,0.00000,0.00000,27.31250,,Marled Brown Faux Leather Blazer / Size M,,,,10009289,,,,
2026-06-13 13:14:34,806,Sale Line,,,,1.00000,25.99000,2.40408,0.00000,0.00000,28.39408,,Chalet Green Coat/Size M,,,,10006266,,,,
2026-06-13 13:14:34,806,Sale Line,,,,1.00000,12.00000,1.11000,0.00000,0.00000,13.11000,,NWOT Timing Orange Top Real XS,,,,10008767,,,,
2026-06-13 13:14:34,806,Sale Line,,,,1.00000,15.99000,1.47908,0.00000,0.00000,17.46908,,Old Navy Boyfriend Shorts 0,,,,10008706,,,,
2026-06-13 13:14:27,806,Payment,,,,,,,,,,86.29000,Lightspeed Payments,,,,,,,,
2026-06-13 12:52:27,805,Sale,WALKIN,,,3,93.97,8.69,0.00000,0.00000,102.66,,1 X unknownTurquoise & Silver Necklace + 1 X Deep Self NWT Green Dress / Size XL + 1 X Izod Purple Skirt White Stitching / Size 16,POS 2,tomderobe@gmail.com,CLOSED,,,,closed,
2026-06-13 12:52:27,805,Sale Line,,,,1.00000,24.99000,2.31158,0.00000,0.00000,27.30158,,unknownTurquoise & Silver Necklace / Turquoise & Silver / OSFM / abc,,,,10003230,,,,
2026-06-13 12:52:27,805,Sale Line,,,,1.00000,49.99000,4.62408,0.00000,0.00000,54.61408,,Deep Self NWT Green Dress / Size XL,,,,10005513,,,,
2026-06-13 12:52:27,805,Sale Line,,,,1.00000,18.99000,1.75658,0.00000,0.00000,20.74658,,Izod Purple Skirt White Stitching / Size 16,,,,10005522,,,,
2026-06-13 12:52:17,805,Payment,,,,,,,,,,102.66000,Lightspeed Payments,,,,,,,,
2026-06-13 12:33:53,804,Sale,WALKIN,,,1,25.00,2.31,0.00000,0.00000,27.31,,1 X Tempo Paris White/Blue Pants L,POS 2,tomderobe@gmail.com,CLOSED,,,,closed,
2026-06-13 12:33:53,804,Sale Line,,,,1.00000,25.00000,2.31250,0.00000,0.00000,27.31250,,Tempo Paris White/Blue Pants L,,,,10007962,,,,
2026-06-13 12:33:47,804,Payment,,,,,,,,,,27.31000,Lightspeed Payments,,,,,,,,
2026-06-13 12:30:27,803,Sale,WALKIN,,,1,18.99,1.76,0.00000,0.00000,20.75,,1 X Jules & Leopold Floral Pants,POS 2,tomderobe@gmail.com,CLOSED,,,,closed,
2026-06-13 12:30:27,803,Sale Line,,,,1.00000,18.99000,1.75658,0.00000,0.00000,20.74658,,Jules & Leopold Floral Pants / Black Multi / L / abc,,,,10003288,,,,
2026-06-13 12:30:18,803,Payment,,,,,,,,,,20.75000,Lightspeed Payments,,,,,,,,
2026-06-13 12:09:30,802,Sale,WALKIN,,,2,26.98,2.50,0.00000,0.00000,29.48,,1 X U.S. Sweaters Beige Sleeveless M + 1 X loft/tank/red/m,POS 2,tomderobe@gmail.com,CLOSED,,,,closed,
2026-06-13 12:09:30,802,Sale Line,,,,1.00000,19.99000,1.84908,0.00000,0.00000,21.83908,,U.S. Sweaters Beige Sleeveless M,,,,10009005,,,,
2026-06-13 12:09:30,802,Sale Line,,,,1.00000,6.99000,0.64658,0.00000,0.00000,7.63658,,loft/tank/red/m,,,,10005395,,,,
2026-06-13 12:09:25,802,Payment,,,,,,,,,,29.48000,Lightspeed Payments,,,,,,,,
2026-06-13 12:08:39,801,Sale,WALKIN,,,1,54.00,5.00,0.00000,0.00000,59,,1 X Anna Sui Black Detail Skirt / Size 8 + 1 X Harold's Beige Skirt Size 8 + -1 X Discount,POS 2,tomderobe@gmail.com,CLOSED,,,,closed,
2026-06-13 12:08:39,801,Sale Line,,,,1.00000,33.00000,3.05250,0.00000,0.00000,36.05250,,Anna Sui Black Detail Skirt / Size 8,,,,10008013,,,,
2026-06-13 12:08:39,801,Sale Line,,,,1.00000,24.00000,2.22000,0.00000,0.00000,26.22000,,Harold's Beige Skirt Size 8,,,,10008216,,,,
2026-06-13 12:08:39,801,Sale Line,,,,-1.00000,-3.00000,-0.27750,0.00000,0.00000,-3.27750,,Discount,,,,vend-discount,,,,
2026-06-13 12:08:30,801,Payment,,,,,,,,,,59.00000,Lightspeed Payments,,,,,,,,
2026-06-13 11:40:21,800,Sale,WALKIN,,,0,22.00,2.04,0.00000,0.00000,24.04,,1 X Self Contrast Pink Blouse / Size XS + -1 X Discount,POS 2,tomderobe@gmail.com,CLOSED,,,,closed,
2026-06-13 11:40:21,800,Sale Line,,,,1.00000,25.00000,2.31250,0.00000,0.00000,27.31250,,Self Contrast Pink Blouse / Size XS,,,,10008282,,,,
2026-06-13 11:40:21,800,Sale Line,,,,-1.00000,-3.00000,-0.27750,0.00000,0.00000,-3.27750,,Discount,,,,vend-discount,,,,
2026-06-13 11:40:08,800,Payment,,,,,,,,,,24.04000,Lightspeed Payments,,,,,,,,
2026-06-13 11:33:30,799,Sale,WALKIN,,,0,22.99,2.13,0.00000,0.00000,25.12,,1 X Bruce Lee Hat + -1 X Discount,POS 2,tomderobe@gmail.com,CLOSED,,,,closed,
2026-06-13 11:33:30,799,Sale Line,,,,1.00000,25.99000,2.40408,0.00000,0.00000,28.39408,,Bruce Lee Hat,,,,10006778,,,,
2026-06-13 11:33:30,799,Sale Line,,,,-1.00000,-3.00000,-0.27750,0.00000,0.00000,-3.27750,,Discount,,,,vend-discount,,,,
2026-06-13 11:33:19,799,Payment,,,,,,,,,,25.12000,Lightspeed Payments,,,,,,,,
2026-06-13 11:30:54,798,Sale,WALKIN,,,1,24.99,2.31,0.00000,0.00000,27.3,,1 X Talbots Black & White Checkered Skirt / Size 12,POS 2,tomderobe@gmail.com,CLOSED,,,,closed,
2026-06-13 11:30:54,798,Sale Line,,,,1.00000,24.99000,2.31158,0.00000,0.00000,27.30158,,Talbots Black & White Checkered Skirt / Size 12,,,,10006590,,,,
2026-06-13 11:30:40,798,Payment,,,,,,,,,,27.30000,Lightspeed Payments,,,,,,,,
2026-06-13 11:10:47,797,Sale,WALKIN,,,1,15.99,1.48,0.00000,0.00000,17.47,,1 X Marilyn MonroeTank Top_Gr,POS 2,tomderobe@gmail.com,CLOSED,,,,closed,
2026-06-13 11:10:47,797,Sale Line,,,,1.00000,15.99000,1.47908,0.00000,0.00000,17.46908,,Marilyn MonroeTank Top_Gr / Black / XXL / 14.2,,,,10002630,,,,
2026-06-13 11:10:36,797,Payment,,,,,,,,,,17.47000,Lightspeed Payments,,,,,,,,
2026-06-12 19:59:39,796,Sale,WALKIN,,,1,18.99,1.76,0.00000,0.00000,20.75,,1 X Adiva Brown SS Top L,POS 2,tomderobe@gmail.com,CLOSED,,,,closed,
2026-06-12 19:59:39,796,Sale Line,,,,1.00000,18.99000,1.75658,0.00000,0.00000,20.74658,,Adiva Brown SS Top L,,,,10008251,,,,
2026-06-12 19:59:31,796,Payment,,,,,,,,,,20.75000,Lightspeed Payments,,,,,,,,
2026-06-12 18:34:01,795,Sale,Claire-X43H,Claire Shue,,2,59.99,5.55,0.00000,0.00000,65.54,,1 X Theory Dress Grey Size 8 + 1 X VINTAGE Revlon Gold Compact 1960s,POS 2,tomderobe@gmail.com,CLOSED,,,,closed,
2026-06-12 18:34:01,795,Sale Line,,,,1.00000,39.99000,3.69908,0.00000,0.00000,43.68908,,Theory Dress Grey Size 8,,,,10007236,,,,
2026-06-12 18:34:01,795,Sale Line,,,,1.00000,20.00000,1.85000,0.00000,0.00000,21.85000,,VINTAGE Revlon Gold Compact 1960s,,,,10006249,,,,
2026-06-12 18:34:01,795,Payment,,,,,,,,,,65.54000,Store Credit,,,,,,,,
2026-06-12 18:14:04,794,Sale,WALKIN,,,1,15.99,1.48,0.00000,0.00000,17.47,,1 X Camelot Camisole White Size L,POS 2,tomderobe@gmail.com,CLOSED,,,,closed,
2026-06-12 18:14:04,794,Sale Line,,,,1.00000,15.99000,1.47908,0.00000,0.00000,17.46908,,Camelot Camisole White Size L,,,,10003423,,,,
2026-06-12 18:13:57,794,Payment,,,,,,,,,,17.47000,Lightspeed Payments,,,,,,,,
2026-06-12 17:30:34,793,Sale,WALKIN,,,1,19.99,1.85,0.00000,0.00000,21.84,,1 X Montego Bay Shoes 7.5,POS 2,tomderobe@gmail.com,CLOSED,,,,closed,
2026-06-12 17:30:34,793,Sale Line,,,,1.00000,19.99000,1.84908,0.00000,0.00000,21.83908,,Montego Bay Shoes 7.5,,,,10007897,,,,
2026-06-12 17:30:28,793,Payment,,,,,,,,,,21.84000,Lightspeed Payments,,,,,,,,
2026-06-12 17:09:50,792,Sale,WALKIN,,,1,25.99,2.40,0.00000,0.00000,28.39,,1 X harley davidson/shirt/beige/xl,POS 2,tomderobe@gmail.com,CLOSED,,,,closed,
2026-06-12 17:09:50,792,Sale Line,,,,1.00000,25.99000,2.40408,0.00000,0.00000,28.39408,,harley davidson/shirt/beige/xl,,,,10003729,,,,
2026-06-12 17:09:43,792,Payment,,,,,,,,,,28.39000,Lightspeed Payments,,,,,,,,
2026-06-12 17:09:18,791,Sale,WALKIN,,,2,34.98,3.24,0.00000,0.00000,38.22,,1 X Zara Muted Brown Collared Shirt / Size L + 1 X Blue Whiskey Shirt Size M,POS 2,tomderobe@gmail.com,CLOSED,,,,closed,
2026-06-12 17:09:18,791,Sale Line,,,,1.00000,17.99000,1.66408,0.00000,0.00000,19.65408,,Zara Muted Brown Collared Shirt / Size L,,,,10006527,,,,
2026-06-12 17:09:18,791,Sale Line,,,,1.00000,16.99000,1.57158,0.00000,0.00000,18.56158,,Blue Whiskey Shirt Size M,,,,10008900,,,,
2026-06-12 17:09:08,791,Payment,,,,,,,,,,38.22000,Lightspeed Payments,,,,,,,,
2026-06-12 17:02:44,790,Sale,WALKIN,,,3,54.98,5.09,0.00000,0.00000,60.07,,1 X Qinsen Blue Tank Top S + 1 X JohnnyM/BlkHalterDress/SizeM + 1 X J Crew White Skirt / Size 27,POS 2,tomderobe@gmail.com,CLOSED,,,,closed,
2026-06-12 17:02:44,790,Sale Line,,,,1.00000,12.00000,1.11000,0.00000,0.00000,13.11000,,Qinsen Blue Tank Top S,,,,10008924,,,,
2026-06-12 17:02:44,790,Sale Line,,,,1.00000,23.99000,2.21908,0.00000,0.00000,26.20908,,JohnnyM/BlkHalterDress/SizeM,,,,10008327,,,,
2026-06-12 17:02:44,790,Sale Line,,,,1.00000,18.99000,1.75658,0.00000,0.00000,20.74658,,J Crew White Skirt / Size 27,,,,10007115,,,,
2026-06-12 17:02:37,790,Payment,,,,,,,,,,60.07000,Lightspeed Payments,,,,,,,,
2026-06-12 15:14:07,789,Sale,WALKIN,,,2,51.99,4.81,0.00000,0.00000,56.8,,1 X Xscape Black Tank Top S + 1 X INC Coat Size M,POS 2,tomderobe@gmail.com,CLOSED,,,,closed,
2026-06-12 15:14:07,789,Sale Line,,,,1.00000,18.99000,1.75658,0.00000,0.00000,20.74658,,Xscape Black Tank Top S,,,,10008890,,,,
2026-06-12 15:14:07,789,Sale Line,,,,1.00000,33.00000,3.05250,0.00000,0.00000,36.05250,,INC Coat Size M,,,,10008030,,,,
2026-06-12 15:14:01,789,Payment,,,,,,,,,,56.80000,Lightspeed Payments,,,,,,,,
2026-06-12 15:00:07,788,Sale,WALKIN,,,1,35.99,3.33,0.00000,0.00000,39.32,,1 X EdHardy/PinkDetailShoe/Size10,POS 2,tomderobe@gmail.com,CLOSED,,,,closed,
2026-06-12 15:00:07,788,Sale Line,,,,1.00000,35.99000,3.32908,0.00000,0.00000,39.31908,,EdHardy/PinkDetailShoe/Size10,,,,10005336,,,,
2026-06-12 15:00:01,788,Payment,,,,,,,,,,39.32000,Lightspeed Payments,,,,,,,,
2026-06-12 14:12:21,787,Sale,WALKIN,,,1,32.99,3.05,0.00000,0.00000,36.04,,1 X Harley DavidsonJacket_HDJ,POS 2,tomderobe@gmail.com,CLOSED,,,,closed,
2026-06-12 14:12:21,787,Sale Line,,,,1.00000,32.99000,3.05158,0.00000,0.00000,36.04158,,Harley DavidsonJacket_HDJ / Black / M / abc,,,,10004031,,,,
2026-06-12 14:12:13,787,Payment,,,,,,,,,,36.04000,Lightspeed Payments,,,,,,,,
2026-06-12 13:39:47,786,Sale,WALKIN,,,1,66.98,6.20,0.00000,0.00000,73.18,,1 X Origami Shortsleeve Sequin Shirt / Size S + 1 X Elgin American Gold Powder 1950s Compact + -1 X Discount,POS 2,tomderobe@gmail.com,CLOSED,,,,closed,
2026-06-12 13:39:47,786,Sale Line,,,,1.00000,44.99000,4.16158,0.00000,0.00000,49.15158,,Origami Shortsleeve Sequin Shirt / Size S,,,,10003959,,,,
2026-06-12 13:39:47,786,Sale Line,,,,1.00000,24.99000,2.31158,0.00000,0.00000,27.30158,,Elgin American Gold Powder 1950s Compact,,,,10006251,,,,
2026-06-12 13:39:47,786,Sale Line,,,,-1.00000,-3.00000,-0.27750,0.00000,0.00000,-3.27750,,Discount,,,,vend-discount,,,,
2026-06-12 13:39:41,786,Payment,,,,,,,,,,73.18000,Lightspeed Payments,,,,,,,,
2026-06-12 13:27:08,785,Sale,WALKIN,,,1,15.99,1.48,0.00000,0.00000,17.47,,1 X Charming Charlie Silver Metallic Purse,POS 2,tomderobe@gmail.com,CLOSED,,,,closed,
2026-06-12 13:27:08,785,Sale Line,,,,1.00000,15.99000,1.47908,0.00000,0.00000,17.46908,,Charming Charlie Silver Metallic Purse,,,,10003976,,,,
2026-06-12 13:26:57,785,Payment,,,,,,,,,,17.47000,Lightspeed Payments,,,,,,,,
2026-06-11 17:27:33,784,Sale,WALKIN,,,1,25.99,2.40,0.00000,0.00000,28.39,,1 X Talbots/BlkPuffVest/SizeM,POS 2,tomderobe@gmail.com,CLOSED,,,,closed,
2026-06-11 17:27:33,784,Sale Line,,,,1.00000,25.99000,2.40408,0.00000,0.00000,28.39408,,Talbots/BlkPuffVest/SizeM,,,,10009106,,,,
2026-06-11 17:27:26,784,Payment,,,,,,,,,,28.39000,Lightspeed Payments,,,,,,,,
2026-06-11 17:26:52,783,Sale,WALKIN,,,5,122.95,11.37,0.00000,0.00000,134.32,,1 X Moda Intl Black Dress XS + 1 X Banana Republic Pants Grey Size 0 + 1 X massimo fabbro/pant/plad/4 + 1 X Garage Gray Longsleeve / Size XS + 1 X Sheer Cream Slip / Size S,POS 2,tomderobe@gmail.com,CLOSED,,,,closed,
2026-06-11 17:26:52,783,Sale Line,,,,1.00000,24.99000,2.31158,0.00000,0.00000,27.30158,,Moda Intl Black Dress XS,,,,10008695,,,,
2026-06-11 17:26:52,783,Sale Line,,,,1.00000,24.99000,2.31158,0.00000,0.00000,27.30158,,Banana Republic Pants Grey Size 0,,,,10003402,,,,
2026-06-11 17:26:52,783,Sale Line,,,,1.00000,26.99000,2.49658,0.00000,0.00000,29.48658,,massimo fabbro/pant/plad/4,,,,10003661,,,,
2026-06-11 17:26:52,783,Sale Line,,,,1.00000,22.99000,2.12658,0.00000,0.00000,25.11658,,Garage Gray Longsleeve / Size XS,,,,10003792,,,,
2026-06-11 17:26:52,783,Sale Line,,,,1.00000,22.99000,2.12658,0.00000,0.00000,25.11658,,Sheer Cream Slip / Size S,,,,10006488,,,,
2026-06-11 17:26:46,783,Payment,,,,,,,,,,134.32000,Lightspeed Payments,,,,,,,,
2026-06-11 17:13:23,782,Sale,WALKIN,,,1,27.99,2.59,0.00000,0.00000,30.58,,1 X Banana Republic Pants Green Size 4,POS 2,tomderobe@gmail.com,CLOSED,,,,closed,
2026-06-11 17:13:23,782,Sale Line,,,,1.00000,27.99000,2.58908,0.00000,0.00000,30.57908,,Banana Republic Pants Green Size 4,,,,10003516,,,,
2026-06-11 17:13:11,782,Payment,,,,,,,,,,30.58000,Lightspeed Payments,,,,,,,,
2026-06-11 17:07:28,781,Sale,WALKIN,,,1,19.99,1.85,0.00000,0.00000,21.84,,1 X Reversable Wrap Skirt XL,POS 2,tomderobe@gmail.com,CLOSED,,,,closed,
2026-06-11 17:07:28,781,Sale Line,,,,1.00000,19.99000,1.84908,0.00000,0.00000,21.83908,,Reversable Wrap Skirt XL,,,,10009025,,,,
2026-06-11 17:07:22,781,Payment,,,,,,,,,,21.84000,Lightspeed Payments,,,,,,,,
2026-06-11 17:05:55,780,Sale,WALKIN,,,2,42.99,3.98,0.00000,0.00000,46.97,,1 X Wishlist Grey Sleeveless Blouse S + 1 X NWT Foxblood Shawl OSFM,POS 2,tomderobe@gmail.com,CLOSED,,,,closed,
2026-06-11 17:05:55,780,Sale Line,,,,1.00000,17.99000,1.66408,0.00000,0.00000,19.65408,,Wishlist Grey Sleeveless Blouse S,,,,10008274,,,,
2026-06-11 17:05:55,780,Sale Line,,,,1.00000,25.00000,2.31250,0.00000,0.00000,27.31250,,NWT Foxblood Shawl OSFM,,,,10008749,,,,
2026-06-11 17:05:49,780,Payment,,,,,,,,,,46.97000,Lightspeed Payments,,,,,,,,
2026-06-11 16:12:48,779,Sale,WALKIN,,,6,0.00,0.00,0.00000,0.00000,0,,1 X Sezane Green Top Size M + 1 X JouJou/LimeGrnJacket/SizeM + 1 X Chico's Tan&Gold Blazer / Size 0 + 1 X Covington/TanfloralBlazer/Size22 + -1 X Discount + 1 X NWT Liz Claiborne Brown Hat + 1 X unknown/dress shrt/navy/s + 1 X WHBM/BlkSleevelessBlouse/SizeXXS,POS 2,tomderobe@gmail.com,CLOSED,,,,closed,
2026-06-11 16:12:48,779,Sale Line,,,,1.00000,25.00000,2.31250,0.00000,0.00000,27.31250,,Sezane Green Top Size M,,,,10007884,,,,
2026-06-11 16:12:48,779,Sale Line,,,,1.00000,33.99000,3.14408,0.00000,0.00000,37.13408,,JouJou/LimeGrnJacket/SizeM,,,,10004492,,,,
2026-06-11 16:12:48,779,Sale Line,,,,1.00000,49.99000,4.62408,0.00000,0.00000,54.61408,,Chico's Tan&Gold Blazer / Size 0,,,,10004360,,,,
2026-06-11 16:12:48,779,Sale Line,,,,1.00000,34.99000,3.23658,0.00000,0.00000,38.22658,,Covington/TanfloralBlazer/Size22,,,,10004462,,,,
2026-06-11 16:12:48,779,Sale Line,,,,-1.00000,-230.94000,-21.36195,0.00000,0.00000,-252.30195,,Discount,,,,vend-discount,,,,
2026-06-11 16:12:48,779,Sale Line,,,,1.00000,24.99000,2.31158,0.00000,0.00000,27.30158,,NWT Liz Claiborne Brown Hat,,,,10007900,,,,
2026-06-11 16:12:48,779,Sale Line,,,,1.00000,35.99000,3.32908,0.00000,0.00000,39.31908,,unknown/dress shrt/navy/s,,,,10006060,,,,
2026-06-11 16:12:48,779,Sale Line,,,,1.00000,25.99000,2.40408,0.00000,0.00000,28.39408,,WHBM/BlkSleevelessBlouse/SizeXXS,,,,10004381,,,,
2026-06-11 15:29:17,778,Sale,WALKIN,,,1,16.99,1.57,0.00000,0.00000,18.56,,1 X Brown Belt with Jeweled Buckle,POS 2,tomderobe@gmail.com,CLOSED,,,,closed,
2026-06-11 15:29:17,778,Sale Line,,,,1.00000,16.99000,1.57158,0.00000,0.00000,18.56158,,Brown Belt with Jeweled Buckle,,,,10006374,,,,
2026-06-11 15:29:11,778,Payment,,,,,,,,,,18.56000,Lightspeed Payments,,,,,,,,
2026-06-11 15:28:49,777,Sale,WALKIN,,,1,70.00,6.48,0.00000,0.00000,76.48,,1 X Laredo/BrwnBlkStitchBoots/Size9,POS 2,tomderobe@gmail.com,CLOSED,,,,closed,
2026-06-11 15:28:49,777,Sale Line,,,,1.00000,70.00000,6.47500,0.00000,0.00000,76.47500,,Laredo/BrwnBlkStitchBoots/Size9,,,,10008296,,,,
2026-06-11 15:28:43,777,Payment,,,,,,,,,,76.48000,Lightspeed Payments,,,,,,,,
2026-06-11 14:37:13,776,Sale,WALKIN,,,1,26.99,2.50,0.00000,0.00000,29.49,,1 X Athleta/BlueSkirt/SizeM,POS 2,tomderobe@gmail.com,CLOSED,,,,closed,
2026-06-11 14:37:13,776,Sale Line,,,,1.00000,26.99000,2.49658,0.00000,0.00000,29.48658,,Athleta/BlueSkirt/SizeM,,,,10004923,,,,
2026-06-11 14:37:07,776,Payment,,,,,,,,,,29.49000,Lightspeed Payments,,,,,,,,
2026-06-11 12:10:21,775,Sale,WALKIN,,,1,23.99,2.22,0.00000,0.00000,26.21,,1 X Pink Chic Vintage T Shirt Size S,POS 2,tomderobe@gmail.com,CLOSED,,,,closed,
2026-06-11 12:10:21,775,Sale Line,,,,1.00000,23.99000,2.21908,0.00000,0.00000,26.20908,,Pink Chic Vintage T Shirt Size S,,,,10007145,,,,
2026-06-11 12:10:11,775,Payment,,,,,,,,,,26.21000,Lightspeed Payments,,,,,,,,
2026-06-10 20:01:06,774,Sale,WALKIN,,,4,68.47,6.33,18.49000,0.00000,74.8,,1 X Karen Kane Brown SS Top M + 1 X Vanity Burgundy Sleeveless Top Sequin / Size XL + 1 X Newport News Pink Crochet Top L + 1 X Michele Michelle Red SS Top L,POS 2,tomderobe@gmail.com,CLOSED,,,,closed,
2026-06-10 20:01:06,774,Sale Line,,,,1.00000,21.99000,2.03408,0.00000,0.00000,24.02408,,Karen Kane Brown SS Top M,,,,10008810,,,,
2026-06-10 20:01:06,774,Sale Line,,,,1.00000,9.99500,0.92454,9.99500,0.00000,10.91954,,Vanity Burgundy Sleeveless Top Sequin / Size XL,,,,10004569,,,,
2026-06-10 20:01:06,774,Sale Line,,,,1.00000,27.99000,2.58908,0.00000,0.00000,30.57908,,Newport News Pink Crochet Top L,,,,10007665,,,,
2026-06-10 20:01:06,774,Sale Line,,,,1.00000,8.49500,0.78579,8.49500,0.00000,9.28079,,Michele Michelle Red SS Top L,,,,10009012,,,,
2026-06-10 20:00:59,774,Payment,,,,,,,,,,74.80000,Lightspeed Payments,,,,,,,,
2026-06-10 17:04:27,773,Sale,WALKIN,,,2,36.99,3.42,12.00000,0.00000,40.41,,1 X JC JO Purple Stretch Pants XL + 1 X Altard State black/white pants S,POS 2,tomderobe@gmail.com,CLOSED,,,,closed,
2026-06-10 17:04:27,773,Sale Line,,,,1.00000,12.00000,1.11000,12.00000,0.00000,13.11000,,JC JO Purple Stretch Pants XL,,,,10007976,,,,
2026-06-10 17:04:27,773,Sale Line,,,,1.00000,24.99000,2.31158,0.00000,0.00000,27.30158,,Altard State black/white pants S,,,,10008683,,,,
2026-06-10 17:04:19,773,Payment,,,,,,,,,,40.41000,Lightspeed Payments,,,,,,,,
2026-06-10 16:26:36,772,Sale,WALKIN,,,2,42.49,3.93,12.49500,0.00000,46.42,,1 X Blush Jumpsuit Heart Btns As-Is / Size S + 1 X GreylinDress_Ak,POS 2,tomderobe@gmail.com,CLOSED,,,,closed,
2026-06-10 16:26:36,772,Sale Line,,,,1.00000,12.49500,1.15579,12.49500,0.00000,13.65079,,Blush Jumpsuit Heart Btns As-Is / Size S,,,,10006985,,,,
2026-06-10 16:26:36,772,Sale Line,,,,1.00000,29.99000,2.77408,0.00000,0.00000,32.76408,,GreylinDress_Ak / Black X White / XS / 6.4,,,,10001072,,,,
2026-06-10 16:26:31,772,Payment,,,,,,,,,,46.41000,Lightspeed Payments,,,,,,,,
2026-06-10 15:59:21,771,Sale,WALKIN,,,3,26.79,2.48,62.17900,0.00000,29.27,,1 X Axyeh Red Beige LS Dress / Size M + 1 X white house black market black blouse medium + 1 X AlbM Tan Button down/ Size M,POS 2,tomderobe@gmail.com,CLOSED,,,,closed,
2026-06-10 15:59:21,771,Sale Line,,,,1.00000,14.99500,1.38704,14.99500,0.00000,16.38204,,Axyeh Red Beige LS Dress / Size M,,,,10005542,,,,
2026-06-10 15:59:21,771,Sale Line,,,,1.00000,4.59800,0.42532,18.39200,0.00000,5.02332,,white house black market black blouse medium,,,,10006644,,,,
2026-06-10 15:59:21,771,Sale Line,,,,1.00000,7.19800,0.66582,28.79200,0.00000,7.86382,,AlbM Tan Button down/ Size M,,,,10004351,,,,
2026-06-10 15:58:56,771,Payment,,,,,,,,,,29.27000,Lightspeed Payments,,,,,,,,
2026-06-10 14:59:47,770,Sale,WALKIN,,,4,93.99,8.69,28.99500,0.00000,102.68,,1 X Gemstone White Mesh Ruffle Top L + 1 X Foxblood Black Dress XXL + 1 X NWT Nina Leonard Black Dress Size L + 1 X Pink Striped Pleated Sleeveless Maxi M,POS 2,tomderobe@gmail.com,CLOSED,,,,closed,
2026-06-10 14:59:47,770,Sale Line,,,,1.00000,25.99000,2.40408,0.00000,0.00000,28.39408,,Gemstone White Mesh Ruffle Top L,,,,10009177,,,,
2026-06-10 14:59:47,770,Sale Line,,,,1.00000,39.00000,3.60750,0.00000,0.00000,42.60750,,Foxblood Black Dress XXL,,,,10008743,,,,
2026-06-10 14:59:47,770,Sale Line,,,,1.00000,11.50000,1.06375,11.50000,0.00000,12.56375,,NWT Nina Leonard Black Dress Size L,,,,10007623,,,,
2026-06-10 14:59:47,770,Sale Line,,,,1.00000,17.49500,1.61829,17.49500,0.00000,19.11329,,Pink Striped Pleated Sleeveless Maxi M,,,,10008913,,,,
2026-06-10 14:59:40,770,Payment,,,,,,,,,,102.68000,Lightspeed Payments,,,,,,,,
2026-06-10 14:44:34,769,Sale,WALKIN,,,1,20.99,1.94,6.99750,0.00000,22.93,,1 X Jane & D Black & Gold Sheer LS / Size L,POS 2,tomderobe@gmail.com,CLOSED,,,,closed,
2026-06-10 14:44:34,769,Sale Line,,,,1.00000,20.99250,1.94181,6.99750,0.00000,22.93431,,Jane & D Black & Gold Sheer LS / Size L,,,,10007650,,,,
2026-06-10 14:44:28,769,Payment,,,,,,,,,,22.93000,Lightspeed Payments,,,,,,,,
2026-06-10 14:36:40,768,Sale,WALKIN,,,6,127.46,11.79,36.48500,0.00000,139.25,,1 X As-is Vint. Kooba Tan Leather Hobo + 1 X JezebelCamisole + 1 X Altar'd State Purple SS Top S + 1 X Hanes Harley Dragon Black T XL + 1 X Loverocks Sheer Floral Top / Size S + 1 X 3 Suiesses Red Spaghetti Strap Dress / Size L,POS 2,tomderobe@gmail.com,CLOSED,,,,closed,
2026-06-10 14:36:40,768,Sale Line,,,,1.00000,39.99000,3.69908,0.00000,0.00000,43.68908,,As-is Vint. Kooba Tan Leather Hobo,,,,10009115,,,,
2026-06-10 14:36:40,768,Sale Line,,,,1.00000,22.99000,2.12658,0.00000,0.00000,25.11658,,JezebelCamisole / Pink / M / 13.52,,,,10002494,,,,
2026-06-10 14:36:40,768,Sale Line,,,,1.00000,5.99500,0.55454,5.99500,0.00000,6.54954,,Altar'd State Purple SS Top S,,,,10008635,,,,
2026-06-10 14:36:40,768,Sale Line,,,,1.00000,27.99000,2.58908,0.00000,0.00000,30.57908,,Hanes Harley Dragon Black T XL,,,,10008850,,,,
2026-06-10 14:36:40,768,Sale Line,,,,1.00000,12.49500,1.15579,12.49500,0.00000,13.65079,,Loverocks Sheer Floral Top / Size S,,,,10005750,,,,
2026-06-10 14:36:40,768,Sale Line,,,,1.00000,17.99500,1.66454,17.99500,0.00000,19.65954,,3 Suiesses Red Spaghetti Strap Dress / Size L,,,,10004617,,,,
2026-06-10 14:36:35,768,Payment,,,,,,,,,,139.24000,Lightspeed Payments,,,,,,,,
2026-06-10 14:34:00,767,Sale,WALKIN,,,2,35.99,3.33,9.99500,0.00000,39.32,,1 X Woman Within Red & White Plaid SS / Size XXL + 1 X L'Pogee Multicolor Tank Size L,POS 2,tomderobe@gmail.com,CLOSED,,,,closed,
2026-06-10 14:34:00,767,Sale Line,,,,1.00000,25.99000,2.40408,0.00000,0.00000,28.39408,,Woman Within Red & White Plaid SS / Size XXL,,,,10004727,,,,
2026-06-10 14:34:00,767,Sale Line,,,,1.00000,9.99500,0.92454,9.99500,0.00000,10.91954,,L'Pogee Multicolor Tank Size L,,,,10008838,,,,
2026-06-10 14:33:21,767,Payment,,,,,,,,,,21.17000,Lightspeed Payments,,,,,,,,
2026-06-10 14:33:40,767,Payment,,,,,,,,,,18.14000,Lightspeed Payments,,,,,,,,
2026-06-10 14:31:39,766,Sale,WALKIN,,,4,99.47,9.20,28.49000,0.00000,108.67,,1 X GAP Pink Sleeveless Dress 10 + 1 X INC/PinkGreyDress/SizeXS + 1 X Designal/MulticolCrossDress/Size42 + 1 X Harold's B/W Strapless Dress 12,POS 2,tomderobe@gmail.com,CLOSED,,,,closed,
2026-06-10 14:31:39,766,Sale Line,,,,1.00000,12.49500,1.15579,12.49500,0.00000,13.65079,,GAP Pink Sleeveless Dress 10,,,,10008829,,,,
2026-06-10 14:31:39,766,Sale Line,,,,1.00000,31.99000,2.95908,0.00000,0.00000,34.94908,,INC/PinkGreyDress/SizeXS,,,,10007747,,,,
2026-06-10 14:31:39,766,Sale Line,,,,1.00000,38.99000,3.60658,0.00000,0.00000,42.59658,,Designal/MulticolCrossDress/Size42,,,,10006406,,,,
2026-06-10 14:31:39,766,Sale Line,,,,1.00000,15.99500,1.47954,15.99500,0.00000,17.47454,,Harold's B/W Strapless Dress 12,,,,10008939,,,,
2026-06-10 14:31:08,766,Payment,,,,,,,,,,108.67000,Lightspeed Payments,,,,,,,,
2026-06-10 14:12:00,765,Sale,WALKIN,,,2,55.99,5.18,5.99500,0.00000,61.17,,1 X NWOT Naturalizer Brown Shoes  6.5 + 1 X Patagonia/BlackShorts/SizeM,POS 2,tomderobe@gmail.com,CLOSED,,,,closed,
2026-06-10 14:12:00,765,Sale Line,,,,1.00000,49.99000,4.62408,0.00000,0.00000,54.61408,,NWOT Naturalizer Brown Shoes  6.5,,,,10007434,,,,
2026-06-10 14:12:00,765,Sale Line,,,,1.00000,5.99500,0.55454,5.99500,0.00000,6.54954,,Patagonia/BlackShorts/SizeM,,,,10008335,,,,
2026-06-10 14:11:16,765,Payment,,,,,,,,,,61.16000,Lightspeed Payments,,,,,,,,
2026-06-10 13:38:09,764,Sale,WALKIN,,,5,307.98,28.49,33.99500,0.00000,336.47,,1 X Grey Adora Hat + 1 X Karl L Black Purse NWT + 1 X NWT Foxblood Black Dress XL + 1 X BCBG Black Leather Jacket  M + 1 X AdriannaP/PnkPearlSwter/SizeXL,POS 2,tomderobe@gmail.com,CLOSED,,,,closed,
2026-06-10 13:38:09,764,Sale Line,,,,1.00000,28.99000,2.68158,0.00000,0.00000,31.67158,,Grey Adora Hat,,,,10007237,,,,
2026-06-10 13:38:09,764,Sale Line,,,,1.00000,115.00000,10.63750,0.00000,0.00000,125.63750,,Karl L Black Purse NWT,,,,10008077,,,,
2026-06-10 13:38:09,764,Sale Line,,,,1.00000,19.50000,1.80375,19.50000,0.00000,21.30375,,NWT Foxblood Black Dress XL,,,,10008744,,,,
2026-06-10 13:38:09,764,Sale Line,,,,1.00000,129.99000,12.02408,0.00000,0.00000,142.01408,,BCBG Black Leather Jacket  M,,,,10007251,,,,
2026-06-10 13:38:09,764,Sale Line,,,,1.00000,14.49500,1.34079,14.49500,0.00000,15.83579,,AdriannaP/PnkPearlSwter/SizeXL,,,,10006004,,,,
2026-06-10 13:38:00,764,Payment,,,,,,,,,,336.46000,Lightspeed Payments,,,,,,,,
2026-06-10 12:16:15,763,Sale,WALKIN,,,2,37.49,3.47,12.49500,0.00000,40.96,,1 X Gilli Beige SS Top M + 1 X Ann Taylor Skirt Black & White Size 6,POS 2,tomderobe@gmail.com,CLOSED,,,,closed,
2026-06-10 12:16:15,763,Sale Line,,,,1.00000,12.49500,1.15579,12.49500,0.00000,13.65079,,Gilli Beige SS Top M,,,,10009195,,,,
2026-06-10 12:16:15,763,Sale Line,,,,1.00000,24.99000,2.31158,0.00000,0.00000,27.30158,,Ann Taylor Skirt Black & White Size 6,,,,10003501,,,,
2026-06-10 12:16:07,763,Payment,,,,,,,,,,40.95000,Lightspeed Payments,,,,,,,,
2026-06-07 16:13:39,762,Sale,WALKIN,,,1,39.99,3.70,0.00000,0.00000,43.69,,1 X Dirty Laundry Y2K Pink Clogs 7.5,POS 2,tomderobe@gmail.com,CLOSED,,,,closed,
2026-06-07 16:13:39,762,Sale Line,,,,1.00000,39.99000,3.69908,0.00000,0.00000,43.68908,,Dirty Laundry Y2K Pink Clogs 7.5,,,,10008527,,,,
2026-06-07 16:13:31,762,Payment,,,,,,,,,,43.69000,Lightspeed Payments,,,,,,,,
2026-06-07 15:52:18,761,Sale,WALKIN,,,1,12.99,1.20,0.00000,0.00000,14.19,,1 X Pilcro Orange Top Size M,POS 2,tomderobe@gmail.com,CLOSED,,,,closed,
2026-06-07 15:52:18,761,Sale Line,,,,1.00000,12.99000,1.20158,0.00000,0.00000,14.19158,,Pilcro Orange Top Size M,,,,10008864,,,,
2026-06-07 15:52:12,761,Payment,,,,,,,,,,14.19000,Lightspeed Payments,,,,,,,,
2026-06-07 15:32:13,760,Sale,WALKIN,,,0,100.00,9.25,0.00000,0.00000,109.25,,1 X CoachYellowFlowerPurse + -1 X Discount,POS 2,tomderobe@gmail.com,CLOSED,,,,closed,
2026-06-07 15:32:13,760,Sale Line,,,,1.00000,105.00000,9.71250,0.00000,0.00000,114.71250,,CoachYellowFlowerPurse,,,,10008955,,,,
2026-06-07 15:32:13,760,Sale Line,,,,-1.00000,-5.00000,-0.46250,0.00000,0.00000,-5.46250,,Discount,,,,vend-discount,,,,
2026-06-07 15:31:57,760,Payment,,,,,,,,,,109.25000,Cash,,,,,,,,
2026-06-07 15:21:21,759,Sale,WALKIN,,,1,19.99,1.85,0.00000,0.00000,21.84,,1 X Unknown Turquoise Coverall XL,POS 2,tomderobe@gmail.com,CLOSED,,,,closed,
2026-06-07 15:21:21,759,Sale Line,,,,1.00000,19.99000,1.84908,0.00000,0.00000,21.83908,,Unknown Turquoise Coverall XL,,,,10008692,,,,
2026-06-07 15:21:19,759,Payment,,,,,,,,,,22.00000,Cash,,,,,,,,
2026-06-07 15:21:21,759,Payment,,,,,,,,,,-0.16000,Cash,,,,,,,,
2026-06-07 14:13:26,758,Sale,WALKIN,,,1,49.99,4.62,0.00000,0.00000,54.61,,1 X Vintage Yellow Sundress Size XL,POS 2,tomderobe@gmail.com,CLOSED,,,,closed,
2026-06-07 14:13:26,758,Sale Line,,,,1.00000,49.99000,4.62408,0.00000,0.00000,54.61408,,Vintage Yellow Sundress Size XL,,,,10009151,,,,
2026-06-07 14:13:17,758,Payment,,,,,,,,,,54.61000,Lightspeed Payments,,,,,,,,
2026-06-07 12:28:31,757,Sale,WALKIN,,,2,47.98,4.44,0.00000,0.00000,52.42,,1 X Cynthia R SL Peach Dress / Size S + 1 X Maeve/ Sheer Floral Top/ Multicolor/ Size XS,POS 2,tomderobe@gmail.com,CLOSED,,,,closed,
2026-06-07 12:28:31,757,Sale Line,,,,1.00000,22.99000,2.12658,0.00000,0.00000,25.11658,,Cynthia R SL Peach Dress / Size S,,,,10007362,,,,
2026-06-07 12:28:31,757,Sale Line,,,,1.00000,24.99000,2.31158,0.00000,0.00000,27.30158,,Maeve/ Sheer Floral Top/ Multicolor/ Size XS,,,,10005155,,,,
2026-06-07 12:28:17,757,Payment,,,,,,,,,,52.42000,Lightspeed Payments,,,,,,,,
2026-06-06 19:24:26,756,Sale,WALKIN,,,1,21.99,2.03,0.00000,0.00000,24.02,,1 X Majorelle Black & Floral Sheer LS Crop Top / Size XL,POS 2,tomderobe@gmail.com,CLOSED,,,,closed,
2026-06-06 19:24:26,756,Sale Line,,,,1.00000,21.99000,2.03408,0.00000,0.00000,24.02408,,Majorelle Black & Floral Sheer LS Crop Top / Size XL,,,,10005130,,,,
2026-06-06 19:24:19,756,Payment,,,,,,,,,,24.02000,Lightspeed Payments,,,,,,,,
2026-06-06 18:52:58,755,Sale,WALKIN,,,1,18.99,1.76,0.00000,0.00000,20.75,,1 X Georciou Studio Black Sequin Clutch,POS 2,tomderobe@gmail.com,CLOSED,,,,closed,
2026-06-06 18:52:58,755,Sale Line,,,,1.00000,18.99000,1.75658,0.00000,0.00000,20.74658,,Georciou Studio Black Sequin Clutch,,,,10004528,,,,
2026-06-06 18:52:42,755,Payment,,,,,,,,,,20.75000,Lightspeed Payments,,,,,,,,
2026-06-06 18:51:37,754,Sale,WALKIN,,,2,34.98,3.24,0.00000,0.00000,38.22,,1 X CheetaScarf + 1 X mable creme blouse/s,POS 2,tomderobe@gmail.com,CLOSED,,,,closed,
2026-06-06 18:51:37,754,Sale Line,,,,1.00000,9.99000,0.92408,0.00000,0.00000,10.91408,,CheetaScarf,,,,10008318,,,,
2026-06-06 18:51:37,754,Sale Line,,,,1.00000,24.99000,2.31158,0.00000,0.00000,27.30158,,mable creme blouse/s,,,,10009082,,,,
2026-06-06 18:51:31,754,Payment,,,,,,,,,,38.22000,Lightspeed Payments,,,,,,,,
2026-06-06 18:39:20,753,Sale,WALKIN,,,1,18.99,1.76,0.00000,0.00000,20.75,,1 X Aryeh/MulticolDiamDress/SizeM,POS 2,tomderobe@gmail.com,CLOSED,,,,closed,
2026-06-06 18:39:20,753,Sale Line,,,,1.00000,18.99000,1.75658,0.00000,0.00000,20.74658,,Aryeh/MulticolDiamDress/SizeM,,,,10008291,,,,
2026-06-06 18:38:53,753,Payment,,,,,,,,,,20.75000,Lightspeed Payments,,,,,,,,
2026-06-06 18:00:09,752,Sale,WALKIN,,,1,15.99,1.48,0.00000,0.00000,17.47,,1 X AS IS Bed of Roses Black Heart Cherry Tank / Size L,POS 2,tomderobe@gmail.com,CLOSED,,,,closed,
2026-06-06 18:00:09,752,Sale Line,,,,1.00000,15.99000,1.47908,0.00000,0.00000,17.46908,,AS IS Bed of Roses Black Heart Cherry Tank / Size L,,,,10005104,,,,
2026-06-06 17:59:55,752,Payment,,,,,,,,,,20.00000,Cash,,,,,,,,
2026-06-06 18:00:09,752,Payment,,,,,,,,,,-2.53000,Cash,,,,,,,,
2026-06-06 17:37:28,751,Sale,WALKIN,,,1,25.99,2.40,0.00000,0.00000,28.39,,1 X Breckenridge Lemonade Cardigan L,POS 2,tomderobe@gmail.com,CLOSED,,,,closed,
2026-06-06 17:37:28,751,Sale Line,,,,1.00000,25.99000,2.40408,0.00000,0.00000,28.39408,,Breckenridge Lemonade Cardigan L,,,,10008721,,,,
2026-06-06 17:37:26,751,Payment,,,,,,,,,,30.00000,Cash,,,,,,,,
2026-06-06 17:37:28,751,Payment,,,,,,,,,,-1.61000,Cash,,,,,,,,
2026-06-06 17:35:34,750,Sale,WALKIN,,,1,23.99,2.22,0.00000,0.00000,26.21,,1 X Fabrik/GrnBacklessDress/SizeL,POS 2,tomderobe@gmail.com,CLOSED,,,,closed,
2026-06-06 17:35:34,750,Sale Line,,,,1.00000,23.99000,2.21908,0.00000,0.00000,26.20908,,Fabrik/GrnBacklessDress/SizeL,,,,10007746,,,,
2026-06-06 17:35:27,750,Payment,,,,,,,,,,26.21000,Lightspeed Payments,,,,,,,,
2026-06-06 17:18:24,749,Sale,WALKIN,,,1,90.99,8.42,0.00000,0.00000,99.41,,1 X pink leather boots/7,POS 2,tomderobe@gmail.com,CLOSED,,,,closed,
2026-06-06 17:18:24,749,Sale Line,,,,1.00000,90.99000,8.41658,0.00000,0.00000,99.40658,,pink leather boots/7,,,,10008365,,,,
2026-06-06 17:18:18,749,Payment,,,,,,,,,,99.41000,Lightspeed Payments,,,,,,,,
2026-06-06 17:11:14,748,Sale,WALKIN,,,2,42.98,3.98,0.00000,0.00000,46.96,,1 X ExpressionsPlus/CreamCoverUp/Size27 + 1 X Apt. 9 Black/Blue Dress XL,POS 2,tomderobe@gmail.com,CLOSED,,,,closed,
2026-06-06 17:11:14,748,Sale Line,,,,1.00000,24.99000,2.31158,0.00000,0.00000,27.30158,,ExpressionsPlus/CreamCoverUp/Size27,,,,10006925,,,,
2026-06-06 17:11:14,748,Sale Line,,,,1.00000,17.99000,1.66408,0.00000,0.00000,19.65408,,Apt. 9 Black/Blue Dress XL,,,,10008653,,,,
2026-06-06 17:11:06,748,Payment,,,,,,,,,,47.00000,Cash,,,,,,,,
2026-06-06 17:11:14,748,Payment,,,,,,,,,,-0.04000,Cash,,,,,,,,
2026-06-06 17:03:45,747,Sale,WALKIN,,,2,67.98,6.29,0.00000,0.00000,74.27,,1 X Maria Bonita Dress / Size M + 1 X WHBM White Jean Jacket Size 4,POS 2,tomderobe@gmail.com,CLOSED,,,,closed,
2026-06-06 17:03:45,747,Sale Line,,,,1.00000,31.99000,2.95908,0.00000,0.00000,34.94908,,Maria Bonita Dress / Size M,,,,10004646,,,,
2026-06-06 17:03:45,747,Sale Line,,,,1.00000,35.99000,3.32908,0.00000,0.00000,39.31908,,WHBM White Jean Jacket Size 4,,,,10008429,,,,
2026-06-06 17:03:39,747,Payment,,,,,,,,,,74.27000,Lightspeed Payments,,,,,,,,
2026-06-06 17:02:39,746,Sale,WALKIN,,,1,19.99,1.85,0.00000,0.00000,21.84,,1 X unknownLS Top,POS 2,tomderobe@gmail.com,CLOSED,,,,closed,
2026-06-06 17:02:39,746,Sale Line,,,,1.00000,19.99000,1.84908,0.00000,0.00000,21.83908,,unknownLS Top / Red / XXS / 15.03,,,,10002795,,,,
2026-06-06 17:02:25,746,Payment,,,,,,,,,,21.84000,Lightspeed Payments,,,,,,,,
2026-06-06 16:56:39,745,Sale,WALKIN,,,2,45.98,4.25,0.00000,0.00000,50.23,,1 X Intimately by FP Lilac SL Blouse / Size M + 1 X NWT Altar'd State Pink Fringe Top/ Size XS,POS 2,tomderobe@gmail.com,CLOSED,,,,closed,
2026-06-06 16:56:39,745,Sale Line,,,,1.00000,29.99000,2.77408,0.00000,0.00000,32.76408,,Intimately by FP Lilac SL Blouse / Size M,,,,10006995,,,,
2026-06-06 16:56:39,745,Sale Line,,,,1.00000,15.99000,1.47908,0.00000,0.00000,17.46908,,NWT Altar'd State Pink Fringe Top/ Size XS,,,,10007103,,,,
2026-06-06 16:56:32,745,Payment,,,,,,,,,,50.23000,Lightspeed Payments,,,,,,,,
2026-06-06 16:53:36,744,Sale,WALKIN,,,1,55.00,5.09,0.00000,0.00000,60.09,,1 X CoachPinkCamoPurse,POS 2,tomderobe@gmail.com,CLOSED,,,,closed,
2026-06-06 16:53:36,744,Sale Line,,,,1.00000,55.00000,5.08750,0.00000,0.00000,60.08750,,CoachPinkCamoPurse,,,,10008969,,,,
2026-06-06 16:53:29,744,Payment,,,,,,,,,,60.09000,Lightspeed Payments,,,,,,,,
2026-06-06 16:48:32,743,Sale,WALKIN,,,1,19.99,1.85,0.00000,0.00000,21.84,,1 X West Kei Green SS Top L,POS 2,tomderobe@gmail.com,CLOSED,,,,closed,
2026-06-06 16:48:32,743,Sale Line,,,,1.00000,19.99000,1.84908,0.00000,0.00000,21.83908,,West Kei Green SS Top L,,,,10008690,,,,
2026-06-06 16:48:24,743,Payment,,,,,,,,,,50.00000,Cash,,,,,,,,
2026-06-06 16:48:32,743,Payment,,,,,,,,,,-28.16000,Cash,,,,,,,,
2026-06-06 16:37:28,742,Sale,WALKIN,,,2,50.98,4.72,0.00000,0.00000,55.7,,1 X Torrid Black White Stitch Skirt / Size 3X + 1 X BambooT/Grn&PinkSkirt?SizeL,POS 2,tomderobe@gmail.com,CLOSED,,,,closed,
2026-06-06 16:37:28,742,Sale Line,,,,1.00000,24.99000,2.31158,0.00000,0.00000,27.30158,,Torrid Black White Stitch Skirt / Size 3X,,,,10005527,,,,
2026-06-06 16:37:28,742,Sale Line,,,,1.00000,25.99000,2.40408,0.00000,0.00000,28.39408,,BambooT/Grn&PinkSkirt?SizeL,,,,10004938,,,,
2026-06-06 16:37:22,742,Payment,,,,,,,,,,55.70000,Lightspeed Payments,,,,,,,,
2026-06-06 16:36:29,741,Sale,WALKIN,,,1,94.99,8.79,0.00000,0.00000,103.78,,1 X Ariat Black Cowgirl Boots / Size 7.5,POS 2,tomderobe@gmail.com,CLOSED,,,,closed,
2026-06-06 16:36:29,741,Sale Line,,,,1.00000,94.99000,8.78658,0.00000,0.00000,103.77658,,Ariat Black Cowgirl Boots / Size 7.5,,,,10008995,,,,
2026-06-06 16:36:23,741,Payment,,,,,,,,,,103.78000,Lightspeed Payments,,,,,,,,
2026-06-06 16:30:47,740,Sale,WALKIN,,,1,64.99,6.01,0.00000,0.00000,71,,1 X Lola Green Dress Size M,POS 2,tomderobe@gmail.com,CLOSED,,,,closed,
2026-06-06 16:30:47,740,Sale Line,,,,1.00000,64.99000,6.01158,0.00000,0.00000,71.00158,,Lola Green Dress Size M,,,,10008442,,,,
2026-06-06 16:30:39,740,Payment,,,,,,,,,,71.00000,Lightspeed Payments,,,,,,,,
2026-06-06 16:23:08,739,Sale,WALKIN,,,1,22.99,2.13,0.00000,0.00000,25.12,,1 X Tahari/PrplGreenTop/Size6P,POS 2,tomderobe@gmail.com,CLOSED,,,,closed,
2026-06-06 16:23:08,739,Sale Line,,,,1.00000,22.99000,2.12658,0.00000,0.00000,25.11658,,Tahari/PrplGreenTop/Size6P,,,,10008549,,,,
2026-06-06 16:22:54,739,Payment,,,,,,,,,,25.12000,Lightspeed Payments,,,,,,,,
2026-06-06 16:15:34,738,Sale,WALKIN,,,1,24.99,2.31,0.00000,0.00000,27.3,,1 X NWT Ardashian Black Skirt Size L,POS 2,tomderobe@gmail.com,CLOSED,,,,closed,
2026-06-06 16:15:34,738,Sale Line,,,,1.00000,24.99000,2.31158,0.00000,0.00000,27.30158,,NWT Ardashian Black Skirt Size L,,,,10007615,,,,
2026-06-06 16:15:24,738,Payment,,,,,,,,,,27.30000,Lightspeed Payments,,,,,,,,
2026-06-06 16:14:07,737,Sale,WALKIN,,,2,99.99,9.25,0.00000,0.00000,109.24,,1 X VintagePatchDress/Size10 + 1 X Fate/MulticolPinkSequinDress/SizeL,POS 2,tomderobe@gmail.com,CLOSED,,,,closed,
2026-06-06 16:14:07,737,Sale Line,,,,1.00000,74.99000,6.93658,0.00000,0.00000,81.92658,,VintagePatchDress/Size10,,,,10008048,,,,
2026-06-06 16:14:07,737,Sale Line,,,,1.00000,25.00000,2.31250,0.00000,0.00000,27.31250,,Fate/MulticolPinkSequinDress/SizeL,,,,10009068,,,,
2026-06-06 16:14:00,737,Payment,,,,,,,,,,109.24000,Lightspeed Payments,,,,,,,,
2026-06-06 16:11:09,736,Sale,WALKIN,,,1,29.99,2.77,0.00000,0.00000,32.76,,1 X Blu Pepper Cardigan Green Size XL,POS 2,tomderobe@gmail.com,CLOSED,,,,closed,
2026-06-06 16:11:09,736,Sale Line,,,,1.00000,29.99000,2.77408,0.00000,0.00000,32.76408,,Blu Pepper Cardigan Green Size XL,,,,10003466,,,,
2026-06-06 16:10:57,736,Payment,,,,,,,,,,32.76000,Lightspeed Payments,,,,,,,,
2026-06-06 16:08:11,735,Sale,WALKIN,,,1,10.99,1.02,0.00000,0.00000,12.01,,1 X vintage bown leather belt,POS 2,tomderobe@gmail.com,CLOSED,,,,closed,
2026-06-06 16:08:11,735,Sale Line,,,,1.00000,10.99000,1.01658,0.00000,0.00000,12.00658,,vintage bown leather belt,,,,10008096,,,,
2026-06-06 16:08:07,735,Payment,,,,,,,,,,12.01000,Lightspeed Payments,,,,,,,,
2026-06-06 15:58:36,734,Sale,WALKIN,,,1,32.99,3.05,0.00000,0.00000,36.04,,1 X DPC Army Green Hat with Flower,POS 2,tomderobe@gmail.com,CLOSED,,,,closed,
2026-06-06 15:58:36,734,Sale Line,,,,1.00000,32.99000,3.05158,0.00000,0.00000,36.04158,,DPC Army Green Hat with Flower,,,,10006742,,,,
2026-06-06 15:58:23,734,Payment,,,,,,,,,,36.04000,Lightspeed Payments,,,,,,,,
2026-06-06 15:45:43,733,Sale,WALKIN,,,1,23.99,2.22,0.00000,0.00000,26.21,,1 X Pink Chic Vintage T Shirt Size XL,POS 2,tomderobe@gmail.com,CLOSED,,,,closed,
2026-06-06 15:45:43,733,Sale Line,,,,1.00000,23.99000,2.21908,0.00000,0.00000,26.20908,,Pink Chic Vintage T Shirt Size XL,,,,10007148,,,,
2026-06-06 15:45:38,733,Payment,,,,,,,,,,26.21000,Lightspeed Payments,,,,,,,,
2026-06-06 15:43:00,732,Sale,WALKIN,,,1,24.99,2.31,0.00000,0.00000,27.3,,1 X Vintage Pink Babydoll Nightgown M/L,POS 2,tomderobe@gmail.com,CLOSED,,,,closed,
2026-06-06 15:43:00,732,Sale Line,,,,1.00000,24.99000,2.31158,0.00000,0.00000,27.30158,,Vintage Pink Babydoll Nightgown M/L,,,,10008476,,,,
2026-06-06 15:42:53,732,Payment,,,,,,,,,,27.30000,Lightspeed Payments,,,,,,,,
2026-06-06 15:42:24,731,Sale,WALKIN,,,4,106.96,9.89,0.00000,0.00000,116.85,,1 X Unknown Black Skirt Size L + 1 X Melody Gray Intimate Skirt / Size L + 1 X miss me long jean skirt/31 + 1 X Buckle Belt Off White with Gem Buckle / Size L,POS 2,tomderobe@gmail.com,CLOSED,,,,closed,
2026-06-06 15:42:24,731,Sale Line,,,,1.00000,18.99000,1.75658,0.00000,0.00000,20.74658,,Unknown Black Skirt Size L,,,,10008494,,,,
2026-06-06 15:42:24,731,Sale Line,,,,1.00000,22.99000,2.12658,0.00000,0.00000,25.11658,,Melody Gray Intimate Skirt / Size L,,,,10003875,,,,
2026-06-06 15:42:24,731,Sale Line,,,,1.00000,28.99000,2.68158,0.00000,0.00000,31.67158,,miss me long jean skirt/31,,,,10008144,,,,
2026-06-06 15:42:24,731,Sale Line,,,,1.00000,35.99000,3.32908,0.00000,0.00000,39.31908,,Buckle Belt Off White with Gem Buckle / Size L,,,,10006667,,,,
2026-06-06 15:42:17,731,Payment,,,,,,,,,,116.85000,Lightspeed Payments,,,,,,,,
2026-06-06 15:23:47,730,Sale,WALKIN,,,2,54.98,5.09,0.00000,0.00000,60.07,,1 X Ann Taylor Black Sleeveless Shirt / Size M + 1 X Studio C Pink Blouse Size 10,POS 2,tomderobe@gmail.com,CLOSED,,,,closed,
2026-06-06 15:23:47,730,Sale Line,,,,1.00000,32.99000,3.05158,0.00000,0.00000,36.04158,,Ann Taylor Black Sleeveless Shirt / Size M,,,,10004649,,,,
2026-06-06 15:23:47,730,Sale Line,,,,1.00000,21.99000,2.03408,0.00000,0.00000,24.02408,,Studio C Pink Blouse Size 10,,,,10007593,,,,
2026-06-06 15:23:40,730,Payment,,,,,,,,,,60.07000,Lightspeed Payments,,,,,,,,
2026-06-06 15:22:58,729,Sale,WALKIN,,,3,82.97,7.67,0.00000,0.00000,90.64,,1 X Jcrew/WhiBlkStitchShirt/SizeXS + 1 X Vervet/PinkRustPant/Size25 + 1 X Mardini Black Leather Vest / Size L,POS 2,tomderobe@gmail.com,CLOSED,,,,closed,
2026-06-06 15:22:58,729,Sale Line,,,,1.00000,19.99000,1.84908,0.00000,0.00000,21.83908,,Jcrew/WhiBlkStitchShirt/SizeXS,,,,10006942,,,,
2026-06-06 15:22:58,729,Sale Line,,,,1.00000,22.99000,2.12658,0.00000,0.00000,25.11658,,Vervet/PinkRustPant/Size25,,,,10004475,,,,
2026-06-06 15:22:58,729,Sale Line,,,,1.00000,39.99000,3.69908,0.00000,0.00000,43.68908,,Mardini Black Leather Vest / Size L,,,,10007209,,,,
2026-06-06 15:22:49,729,Payment,,,,,,,,,,90.64000,Lightspeed Payments,,,,,,,,
2026-06-06 15:19:19,728,Sale,WALKIN,,,1,14.99,1.39,0.00000,0.00000,16.38,,1 X Unknown Red Floral Crop Tank/ Size M,POS 2,tomderobe@gmail.com,CLOSED,,,,closed,
2026-06-06 15:19:19,728,Sale Line,,,,1.00000,14.99000,1.38658,0.00000,0.00000,16.37658,,Unknown Red Floral Crop Tank/ Size M,,,,10007027,,,,
2026-06-06 15:19:12,728,Payment,,,,,,,,,,16.38000,Lightspeed Payments,,,,,,,,
2026-06-06 15:17:40,727,Sale,WALKIN,,,1,14.99,1.39,0.00000,0.00000,16.38,,1 X Monteau/Blue&WhiCroptop/SizeS,POS 2,tomderobe@gmail.com,CLOSED,,,,closed,
2026-06-06 15:17:40,727,Sale Line,,,,1.00000,14.99000,1.38658,0.00000,0.00000,16.37658,,Monteau/Blue&WhiCroptop/SizeS,,,,10008289,,,,
2026-06-06 15:17:34,727,Payment,,,,,,,,,,16.38000,Lightspeed Payments,,,,,,,,
2026-06-06 15:16:38,726,Sale,WALKIN,,,1,21.99,2.03,0.00000,0.00000,24.02,,1 X Ya LA Cardigan Sweater Brown Size L,POS 2,tomderobe@gmail.com,CLOSED,,,,closed,
2026-06-06 15:16:38,726,Sale Line,,,,1.00000,21.99000,2.03408,0.00000,0.00000,24.02408,,Ya LA Cardigan Sweater Brown Size L,,,,10006501,,,,
2026-06-06 15:16:24,726,Payment,,,,,,,,,,24.02000,Lightspeed Payments,,,,,,,,
2026-06-06 15:05:50,725,Sale,WALKIN,,,1,23.99,2.22,0.00000,0.00000,26.21,,1 X banana republic velvet tanktop/s,POS 2,tomderobe@gmail.com,CLOSED,,,,closed,
2026-06-06 15:05:50,725,Sale Line,,,,1.00000,23.99000,2.21908,0.00000,0.00000,26.20908,,banana republic velvet tanktop/s,,,,10008115,,,,
2026-06-06 15:05:44,725,Payment,,,,,,,,,,26.21000,Lightspeed Payments,,,,,,,,
2026-06-06 14:57:58,724,Sale,WALKIN,,,1,35.99,3.33,0.00000,0.00000,39.32,,1 X Traffic People Silver Animal Print Top,POS 2,tomderobe@gmail.com,CLOSED,,,,closed,
2026-06-06 14:57:58,724,Sale Line,,,,1.00000,35.99000,3.32908,0.00000,0.00000,39.31908,,Traffic People Silver Animal Print Top,,,,10004193,,,,
2026-06-06 14:57:51,724,Payment,,,,,,,,,,39.32000,Lightspeed Payments,,,,,,,,
2026-06-06 14:56:33,723,Sale,WALKIN,,,1,27.99,2.59,0.00000,0.00000,30.58,,1 X Urban Out Oranges Gray Skirt / Size L,POS 2,tomderobe@gmail.com,CLOSED,,,,closed,
2026-06-06 14:56:33,723,Sale Line,,,,1.00000,27.99000,2.58908,0.00000,0.00000,30.57908,,Urban Out Oranges Gray Skirt / Size L,,,,10007171,,,,
2026-06-06 14:56:18,723,Payment,,,,,,,,,,30.58000,Lightspeed Payments,,,,,,,,
2026-06-06 14:55:24,722,Sale,WALKIN,,,2,48.98,4.53,0.00000,0.00000,53.51,,1 X Loft/YellowleafTop/SizeS + 1 X Madewell Jean Skirt / Size 26,POS 2,tomderobe@gmail.com,CLOSED,,,,closed,
2026-06-06 14:55:24,722,Sale Line,,,,1.00000,18.99000,1.75658,0.00000,0.00000,20.74658,,Loft/YellowleafTop/SizeS,,,,10005283,,,,
2026-06-06 14:55:24,722,Sale Line,,,,1.00000,29.99000,2.77408,0.00000,0.00000,32.76408,,Madewell Jean Skirt / Size 26,,,,10006990,,,,
2026-06-06 14:55:17,722,Payment,,,,,,,,,,53.51000,Lightspeed Payments,,,,,,,,
2026-06-06 14:48:57,721,Sale,WALKIN,,,1,17.99,1.66,0.00000,0.00000,19.65,,1 X Notations Beige Sleeveless Top L,POS 2,tomderobe@gmail.com,CLOSED,,,,closed,
2026-06-06 14:48:57,721,Sale Line,,,,1.00000,17.99000,1.66408,0.00000,0.00000,19.65408,,Notations Beige Sleeveless Top L,,,,10009006,,,,
2026-06-06 14:48:45,721,Payment,,,,,,,,,,19.65000,Lightspeed Payments,,,,,,,,
2026-06-06 14:48:10,720,Sale,WALKIN,,,1,145.00,13.41,0.00000,0.00000,158.41,,1 X Coach Lavender Turnlock Bag,POS 2,tomderobe@gmail.com,CLOSED,,,,closed,
2026-06-06 14:48:10,720,Sale Line,,,,1.00000,145.00000,13.41250,0.00000,0.00000,158.41250,,Coach Lavender Turnlock Bag,,,,10008737,,,,
2026-06-06 14:47:59,720,Payment,,,,,,,,,,158.41000,Lightspeed Payments,,,,,,,,
2026-06-06 14:47:29,719,Sale,WALKIN,,,1,18.99,1.76,0.00000,0.00000,20.75,,1 X VintageLuciteNecklace,POS 2,tomderobe@gmail.com,CLOSED,,,,closed,
2026-06-06 14:47:29,719,Sale Line,,,,1.00000,18.99000,1.75658,0.00000,0.00000,20.74658,,VintageLuciteNecklace,,,,10007386,,,,
2026-06-06 14:47:20,719,Payment,,,,,,,,,,20.75000,Lightspeed Payments,,,,,,,,
2026-06-06 14:46:19,718,Sale,WALKIN,,,1,11.99,1.11,0.00000,0.00000,13.1,,1 X DavidLove Green Lace Coverall,POS 2,tomderobe@gmail.com,CLOSED,,,,closed,
2026-06-06 14:46:19,718,Sale Line,,,,1.00000,11.99000,1.10908,0.00000,0.00000,13.09908,,DavidLove Green Lace Coverall,,,,10008664,,,,
2026-06-06 14:46:00,718,Payment,,,,,,,,,,13.10000,Lightspeed Payments,,,,,,,,
2026-06-06 14:30:30,717,Sale,WALKIN,,,1,15.99,1.48,0.00000,0.00000,17.47,,1 X United States Sweaters Beige SS Cardigan / Size L,POS 2,tomderobe@gmail.com,CLOSED,,,,closed,
2026-06-06 14:30:30,717,Sale Line,,,,1.00000,15.99000,1.47908,0.00000,0.00000,17.46908,,United States Sweaters Beige SS Cardigan / Size L,,,,10005545,,,,
2026-06-06 14:30:20,717,Payment,,,,,,,,,,17.47000,Lightspeed Payments,,,,,,,,
2026-06-06 14:28:37,716,Sale,WALKIN,,,0,21.99,2.03,0.00000,0.00000,24.02,,1 X WHBM Red Black Floral Tube Top / Size 12 + -1 X Discount,POS 2,tomderobe@gmail.com,CLOSED,,,,closed,
2026-06-06 14:28:37,716,Sale Line,,,,1.00000,26.99000,2.49658,0.00000,0.00000,29.48658,,WHBM Red Black Floral Tube Top / Size 12,,,,10008168,,,,
2026-06-06 14:28:37,716,Sale Line,,,,-1.00000,-5.00000,-0.46250,0.00000,0.00000,-5.46250,,Discount,,,,vend-discount,,,,
2026-06-06 14:28:32,716,Payment,,,,,,,,,,24.02000,Lightspeed Payments,,,,,,,,
2026-06-06 14:27:33,715,Sale,WALKIN,,,1,32.99,3.05,0.00000,0.00000,36.04,,1 X Habitat Green LS Blouse L,POS 2,tomderobe@gmail.com,CLOSED,,,,closed,
2026-06-06 14:27:33,715,Sale Line,,,,1.00000,32.99000,3.05158,0.00000,0.00000,36.04158,,Habitat Green LS Blouse L,,,,10008680,,,,
2026-06-06 14:27:26,715,Payment,,,,,,,,,,36.04000,Lightspeed Payments,,,,,,,,
2026-06-06 14:26:10,714,Sale,WALKIN,,,1,29.99,2.77,0.00000,0.00000,32.76,,1 X NWT Aryeh Green Sleeveless L,POS 2,tomderobe@gmail.com,CLOSED,,,,closed,
2026-06-06 14:26:10,714,Sale Line,,,,1.00000,29.99000,2.77408,0.00000,0.00000,32.76408,,NWT Aryeh Green Sleeveless L,,,,10008936,,,,
2026-06-06 14:26:03,714,Payment,,,,,,,,,,32.76000,Lightspeed Payments,,,,,,,,
2026-06-06 14:25:06,713,Sale,WALKIN,,,1,24.99,2.31,0.00000,0.00000,27.3,,1 X Pink Lily Orange Knit Dress / Size L,POS 2,tomderobe@gmail.com,CLOSED,,,,closed,
2026-06-06 14:25:06,713,Sale Line,,,,1.00000,24.99000,2.31158,0.00000,0.00000,27.30158,,Pink Lily Orange Knit Dress / Size L,,,,10006707,,,,
2026-06-06 14:24:54,713,Payment,,,,,,,,,,27.30000,Lightspeed Payments,,,,,,,,
2026-06-06 14:23:30,712,Sale,WALKIN,,,1,26.99,2.50,0.00000,0.00000,29.49,,1 X BaileyRose/GreenFlowerPants/SizeM,POS 2,tomderobe@gmail.com,CLOSED,,,,closed,
2026-06-06 14:23:30,712,Sale Line,,,,1.00000,26.99000,2.49658,0.00000,0.00000,29.48658,,BaileyRose/GreenFlowerPants/SizeM,,,,10008360,,,,
2026-06-06 14:23:25,712,Payment,,,,,,,,,,29.49000,Lightspeed Payments,,,,,,,,
2026-06-06 14:23:01,711,Sale,WALKIN,,,1,17.99,1.66,0.00000,0.00000,19.65,,1 X S.C. Society Orange Floral Blouse / Size L,POS 2,tomderobe@gmail.com,CLOSED,,,,closed,
2026-06-06 14:23:01,711,Sale Line,,,,1.00000,17.99000,1.66408,0.00000,0.00000,19.65408,,S.C. Society Orange Floral Blouse / Size L,,,,10006724,,,,
2026-06-06 14:22:52,711,Payment,,,,,,,,,,19.65000,Lightspeed Payments,,,,,,,,
2026-06-06 14:16:55,710,Sale,WALKIN,,,2,38.98,3.61,0.00000,0.00000,42.59,,1 X Cabi Black/White Top XS + 1 X BlackCrochetCover,POS 2,tomderobe@gmail.com,CLOSED,,,,closed,
2026-06-06 14:16:55,710,Sale Line,,,,1.00000,20.99000,1.94158,0.00000,0.00000,22.93158,,Cabi Black/White Top XS,,,,10008985,,,,
2026-06-06 14:16:55,710,Sale Line,,,,1.00000,17.99000,1.66408,0.00000,0.00000,19.65408,,BlackCrochetCover,,,,10008354,,,,
2026-06-06 14:16:46,710,Payment,,,,,,,,,,42.59000,Lightspeed Payments,,,,,,,,
2026-06-06 14:14:02,709,Sale,WALKIN,,,1,27.99,2.59,0.00000,0.00000,30.58,,1 X Karen Scott Jean Skirt / Size 8,POS 2,tomderobe@gmail.com,CLOSED,,,,closed,
2026-06-06 14:14:02,709,Sale Line,,,,1.00000,27.99000,2.58908,0.00000,0.00000,30.57908,,Karen Scott Jean Skirt / Size 8,,,,10005987,,,,
2026-06-06 14:13:54,709,Payment,,,,,,,,,,30.58000,Lightspeed Payments,,,,,,,,
2026-06-06 14:06:41,708,Sale,WALKIN,,,2,34.98,3.24,0.00000,0.00000,38.22,,1 X MulticolFlowerearrings + 1 X collectif/tank/rd plad/3xl,POS 2,tomderobe@gmail.com,CLOSED,,,,closed,
2026-06-06 14:06:41,708,Sale Line,,,,1.00000,9.99000,0.92408,0.00000,0.00000,10.91408,,MulticolFlowerearrings,,,,10008347,,,,
2026-06-06 14:06:41,708,Sale Line,,,,1.00000,24.99000,2.31158,0.00000,0.00000,27.30158,,collectif/tank/rd plad/3xl,,,,10005355,,,,
2026-06-06 14:06:35,708,Payment,,,,,,,,,,38.22000,Lightspeed Payments,,,,,,,,
2026-06-06 13:58:34,707,Sale,WALKIN,,,1,9.99,0.92,0.00000,0.00000,10.91,,1 X H & M Red Crochet Shorts / Size L,POS 2,tomderobe@gmail.com,CLOSED,,,,closed,
2026-06-06 13:58:34,707,Sale Line,,,,1.00000,9.99000,0.92408,0.00000,0.00000,10.91408,,H & M Red Crochet Shorts / Size L,,,,10007577,,,,
2026-06-06 13:58:28,707,Payment,,,,,,,,,,10.91000,Lightspeed Payments,,,,,,,,
2026-06-06 13:56:07,706,Sale,WALKIN,,,1,14.99,1.39,0.00000,0.00000,16.38,,1 X Aerie/BurgBralette/SizeL,POS 2,tomderobe@gmail.com,CLOSED,,,,closed,
2026-06-06 13:56:07,706,Sale Line,,,,1.00000,14.99000,1.38658,0.00000,0.00000,16.37658,,Aerie/BurgBralette/SizeL,,,,10008586,,,,
2026-06-06 13:56:03,706,Payment,,,,,,,,,,16.38000,Lightspeed Payments,,,,,,,,
2026-06-06 13:55:45,705,Sale,WALKIN,,,1,9.99,0.92,0.00000,0.00000,10.91,,1 X LA Hearts Purple Top Size S,POS 2,tomderobe@gmail.com,CLOSED,,,,closed,
2026-06-06 13:55:45,705,Sale Line,,,,1.00000,9.99000,0.92408,0.00000,0.00000,10.91408,,LA Hearts Purple Top Size S,,,,10008627,,,,
2026-06-06 13:55:39,705,Payment,,,,,,,,,,10.91000,Lightspeed Payments,,,,,,,,
2026-06-06 13:41:33,704,Sale,WALKIN,,,1,32.99,3.05,0.00000,0.00000,36.04,,1 X Vint. 80's Pink Sequin Fringe Top M,POS 2,tomderobe@gmail.com,CLOSED,,,,closed,
2026-06-06 13:41:33,704,Sale Line,,,,1.00000,32.99000,3.05158,0.00000,0.00000,36.04158,,Vint. 80's Pink Sequin Fringe Top M,,,,10008482,,,,
2026-06-06 13:41:24,704,Payment,,,,,,,,,,36.04000,Lightspeed Payments,,,,,,,,
2026-06-06 13:30:17,703,Sale,WALKIN,,,3,64.98,6.01,0.00000,0.00000,70.99,,1 X Next Black Sheer Top/Size 12 + 1 X MTC/BlktieCover/SizeL + 1 X Unknown Black Lace Top M,POS 2,tomderobe@gmail.com,CLOSED,,,,closed,
2026-06-06 13:30:17,703,Sale Line,,,,1.00000,24.99000,2.31158,0.00000,0.00000,27.30158,,Next Black Sheer Top/Size 12,,,,10005208,,,,
2026-06-06 13:30:17,703,Sale Line,,,,1.00000,24.99000,2.31158,0.00000,0.00000,27.30158,,MTC/BlktieCover/SizeL,,,,10005411,,,,
2026-06-06 13:30:17,703,Sale Line,,,,1.00000,15.00000,1.38750,0.00000,0.00000,16.38750,,Unknown Black Lace Top M,,,,10008760,,,,
2026-06-06 13:29:51,703,Payment,,,,,,,,,,80.00000,Cash,,,,,,,,
2026-06-06 13:30:17,703,Payment,,,,,,,,,,-9.01000,Cash,,,,,,,,
2026-06-06 13:25:07,702,Sale,WALKIN,,,1,27.99,2.59,0.00000,0.00000,30.58,,1 X Kori Blue Floral LS Dress / Size L,POS 2,tomderobe@gmail.com,CLOSED,,,,closed,
2026-06-06 13:25:07,702,Sale Line,,,,1.00000,27.99000,2.58908,0.00000,0.00000,30.57908,,Kori Blue Floral LS Dress / Size L,,,,10004226,,,,
2026-06-06 13:25:01,702,Payment,,,,,,,,,,30.58000,Lightspeed Payments,,,,,,,,
2026-06-06 13:16:51,701,Sale,WALKIN,,,2,73.98,6.84,0.00000,0.00000,80.82,,1 X Gray Jean Vest / Size M + 1 X guess leather belt with metal studs,POS 2,tomderobe@gmail.com,CLOSED,,,,closed,
2026-06-06 13:16:51,701,Sale Line,,,,1.00000,30.99000,2.86658,0.00000,0.00000,33.85658,,Gray Jean Vest / Size M,,,,10007727,,,,
2026-06-06 13:16:51,701,Sale Line,,,,1.00000,42.99000,3.97658,0.00000,0.00000,46.96658,,guess leather belt with metal studs,,,,10006634,,,,
2026-06-06 13:16:40,701,Payment,,,,,,,,,,80.82000,Lightspeed Payments,,,,,,,,
2026-06-06 12:57:00,700,Sale,WALKIN,,,1,17.99,1.66,0.00000,0.00000,19.65,,1 X Jessica Simpson Multi-Color Heels 9,POS 2,tomderobe@gmail.com,CLOSED,,,,closed,
2026-06-06 12:57:00,700,Sale Line,,,,1.00000,17.99000,1.66408,0.00000,0.00000,19.65408,,Jessica Simpson Multi-Color Heels 9,,,,10007602,,,,
2026-06-06 12:56:52,700,Payment,,,,,,,,,,19.65000,Lightspeed Payments,,,,,,,,
2026-06-06 12:26:55,699,Sale,WALKIN,,,2,47.98,4.44,0.00000,0.00000,52.42,,1 X Talbots Blue & White Embroidered Top / Size S + 1 X Pink Ruched Top / Size S,POS 2,tomderobe@gmail.com,CLOSED,,,,closed,
2026-06-06 12:26:55,699,Sale Line,,,,1.00000,32.99000,3.05158,0.00000,0.00000,36.04158,,Talbots Blue & White Embroidered Top / Size S,,,,10005991,,,,
2026-06-06 12:26:55,699,Sale Line,,,,1.00000,14.99000,1.38658,0.00000,0.00000,16.37658,,Pink Ruched Top / Size S,,,,10006998,,,,
2026-06-06 12:26:48,699,Payment,,,,,,,,,,52.42000,Lightspeed Payments,,,,,,,,
2026-06-06 12:16:50,698,Sale,WALKIN,,,1,39.99,3.70,0.00000,0.00000,43.69,,1 X LRL Orange Colorful Skirt / Size M,POS 2,tomderobe@gmail.com,CLOSED,,,,closed,
2026-06-06 12:16:50,698,Sale Line,,,,1.00000,39.99000,3.69908,0.00000,0.00000,43.68908,,LRL Orange Colorful Skirt / Size M,,,,10008159,,,,
2026-06-06 12:16:36,698,Payment,,,,,,,,,,43.69000,Lightspeed Payments,,,,,,,,
2026-06-06 12:02:23,697,Sale,WALKIN,,,0,9.99,0.92,0.00000,0.00000,10.91,,1 X Divided Blue/White Tank Top XS + -1 X Discount,POS 2,tomderobe@gmail.com,CLOSED,,,,closed,
2026-06-06 12:02:23,697,Sale Line,,,,1.00000,12.99000,1.20158,0.00000,0.00000,14.19158,,Divided Blue/White Tank Top XS,,,,10008839,,,,
2026-06-06 12:02:23,697,Sale Line,,,,-1.00000,-3.00000,-0.27750,0.00000,0.00000,-3.27750,,Discount,,,,vend-discount,,,,
2026-06-06 12:02:13,697,Payment,,,,,,,,,,11.00000,Cash,,,,,,,,
2026-06-06 12:02:23,697,Payment,,,,,,,,,,-0.09000,Cash,,,,,,,,
2026-06-06 12:01:09,696,Sale,WALKIN,,,1,27.99,2.59,0.00000,0.00000,30.58,,1 X Altard State Pink Dress L,POS 2,tomderobe@gmail.com,CLOSED,,,,closed,
2026-06-06 12:01:09,696,Sale Line,,,,1.00000,27.99000,2.58908,0.00000,0.00000,30.57908,,Altard State Pink Dress L,,,,10008468,,,,
2026-06-06 12:01:03,696,Payment,,,,,,,,,,30.58000,Lightspeed Payments,,,,,,,,
2026-06-06 12:00:23,695,Sale,WALKIN,,,2,47.98,4.44,0.00000,0.00000,52.42,,1 X MushroomBrwnTankTop/SizeM + 1 X Richard Beige Knit Shortsleeve / Size S,POS 2,tomderobe@gmail.com,CLOSED,,,,closed,
2026-06-06 12:00:23,695,Sale Line,,,,1.00000,25.99000,2.40408,0.00000,0.00000,28.39408,,MushroomBrwnTankTop/SizeM,,,,10008066,,,,
2026-06-06 12:00:23,695,Sale Line,,,,1.00000,21.99000,2.03408,0.00000,0.00000,24.02408,,Richard Beige Knit Shortsleeve / Size S,,,,10004209,,,,
2026-06-06 12:00:12,695,Payment,,,,,,,,,,52.42000,Lightspeed Payments,,,,,,,,
2026-06-06 11:58:41,694,Sale,WALKIN,,,1,25.99,2.40,0.00000,0.00000,28.39,,1 X Street OneSkirt_Te,POS 2,tomderobe@gmail.com,CLOSED,,,,closed,
2026-06-06 11:58:41,694,Sale Line,,,,1.00000,25.99000,2.40408,0.00000,0.00000,28.39408,,Street OneSkirt_Te / Brown X Beige / L / 11.1,,,,10002010,,,,
2026-06-06 11:58:17,694,Payment,,,,,,,,,,28.39000,Lightspeed Payments,,,,,,,,
2026-06-06 11:57:04,693,Sale,WALKIN,,,2,45.98,4.25,0.00000,0.00000,50.23,,1 X Talbots Beige Silk SS Top / Size 6 + 1 X Nine West Brown Strappy Heel / Size 7,POS 2,tomderobe@gmail.com,CLOSED,,,,closed,
2026-06-06 11:57:04,693,Sale Line,,,,1.00000,22.99000,2.12658,0.00000,0.00000,25.11658,,Talbots Beige Silk SS Top / Size 6,,,,10007719,,,,
2026-06-06 11:57:04,693,Sale Line,,,,1.00000,22.99000,2.12658,0.00000,0.00000,25.11658,,Nine West Brown Strappy Heel / Size 7,,,,10007361,,,,
2026-06-06 11:56:58,693,Payment,,,,,,,,,,50.23000,Lightspeed Payments,,,,,,,,
2026-06-06 11:52:59,692,Sale,WALKIN,,,1,17.99,1.66,0.00000,0.00000,19.65,,1 X Max Studios Black/White Top M,POS 2,tomderobe@gmail.com,CLOSED,,,,closed,
2026-06-06 11:52:59,692,Sale Line,,,,1.00000,17.99000,1.66408,0.00000,0.00000,19.65408,,Max Studios Black/White Top M,,,,10008979,,,,
2026-06-06 11:52:52,692,Payment,,,,,,,,,,19.65000,Lightspeed Payments,,,,,,,,
2026-06-06 11:46:57,691,Sale,WALKIN,,,2,50.98,4.72,0.00000,0.00000,55.7,,1 X Wild Fable Green/Purple Dress M + 1 X Blk&White Floral Top/Size L,POS 2,tomderobe@gmail.com,CLOSED,,,,closed,
2026-06-06 11:46:57,691,Sale Line,,,,1.00000,24.99000,2.31158,0.00000,0.00000,27.30158,,Wild Fable Green/Purple Dress M,,,,10009019,,,,
2026-06-06 11:46:57,691,Sale Line,,,,1.00000,25.99000,2.40408,0.00000,0.00000,28.39408,,Blk&White Floral Top/Size L,,,,10003699,,,,
2026-06-06 11:46:37,691,Payment,,,,,,,,,,55.70000,Lightspeed Payments,,,,,,,,
2026-06-06 11:45:32,690,Sale,WALKIN,,,3,80.97,7.49,0.00000,0.00000,88.46,,1 X goodclothes/swtr/pnk/L + 1 X NWT Jodifi Orange SS Sweater L + 1 X Talbots/MulticolFloralBttnDwn/Size12,POS 2,tomderobe@gmail.com,CLOSED,,,,closed,
2026-06-06 11:45:32,690,Sale Line,,,,1.00000,25.99000,2.40408,0.00000,0.00000,28.39408,,goodclothes/swtr/pnk/L,,,,10005480,,,,
2026-06-06 11:45:32,690,Sale Line,,,,1.00000,31.99000,2.95908,0.00000,0.00000,34.94908,,NWT Jodifi Orange SS Sweater L,,,,10008978,,,,
2026-06-06 11:45:32,690,Sale Line,,,,1.00000,22.99000,2.12658,0.00000,0.00000,25.11658,,Talbots/MulticolFloralBttnDwn/Size12,,,,10006941,,,,
2026-06-06 11:45:16,690,Payment,,,,,,,,,,88.46000,Lightspeed Payments,,,,,,,,
2026-06-06 11:41:18,689,Sale,WALKIN,,,0,26.99,2.50,0.00000,0.00000,29.49,,1 X Beige Crochet Fringe Vest L + -1 X Discount,POS 2,tomderobe@gmail.com,CLOSED,,,,closed,
2026-06-06 11:41:18,689,Sale Line,,,,1.00000,29.99000,2.77408,0.00000,0.00000,32.76408,,Beige Crochet Fringe Vest L,,,,10008723,,,,
2026-06-06 11:41:18,689,Sale Line,,,,-1.00000,-3.00000,-0.27750,0.00000,0.00000,-3.27750,,Discount,,,,vend-discount,,,,
2026-06-06 11:41:10,689,Payment,,,,,,,,,,29.49000,Lightspeed Payments,,,,,,,,
2026-06-06 11:38:56,688,Sale,WALKIN,,,0,22.99,2.13,0.00000,0.00000,25.12,,1 X Vintage70sSnakeChainBracelet + -1 X Discount,POS 2,tomderobe@gmail.com,CLOSED,,,,closed,
2026-06-06 11:38:56,688,Sale Line,,,,1.00000,25.99000,2.40408,0.00000,0.00000,28.39408,,Vintage70sSnakeChainBracelet,,,,10008607,,,,
2026-06-06 11:38:56,688,Sale Line,,,,-1.00000,-3.00000,-0.27750,0.00000,0.00000,-3.27750,,Discount,,,,vend-discount,,,,
2026-06-06 11:38:52,688,Payment,,,,,,,,,,40.00000,Cash,,,,,,,,
2026-06-06 11:38:56,688,Payment,,,,,,,,,,-14.88000,Cash,,,,,,,,
2026-06-06 11:37:27,687,Sale,WALKIN,,,2,97.98,9.06,0.00000,0.00000,107.04,,1 X Pink Lily Brown/White Sleeveless Top XXL + 1 X NWT Anthropologie Reformation Top/Size L,POS 2,tomderobe@gmail.com,CLOSED,,,,closed,
2026-06-06 11:37:27,687,Sale Line,,,,1.00000,21.99000,2.03408,0.00000,0.00000,24.02408,,Pink Lily Brown/White Sleeveless Top XXL,,,,10008263,,,,
2026-06-06 11:37:27,687,Sale Line,,,,1.00000,75.99000,7.02908,0.00000,0.00000,83.01908,,NWT Anthropologie Reformation Top/Size L,,,,10006781,,,,
2026-06-06 11:37:22,687,Payment,,,,,,,,,,107.04000,Lightspeed Payments,,,,,,,,
2026-06-06 11:35:46,686,Sale,WALKIN,,,1,69.99,6.47,0.00000,0.00000,76.46,,1 X Margon Italy Top Size L,POS 2,tomderobe@gmail.com,CLOSED,,,,closed,
2026-06-06 11:35:46,686,Sale Line,,,,1.00000,69.99000,6.47408,0.00000,0.00000,76.46408,,Margon Italy Top Size L,,,,10007655,,,,
2026-06-06 11:35:36,686,Payment,,,,,,,,,,76.46000,Lightspeed Payments,,,,,,,,
2026-06-06 11:15:33,685,Sale,WALKIN,,,1,39.99,3.70,0.00000,0.00000,43.69,,1 X P&S Blk Jean MidiSkirt/Size L,POS 2,tomderobe@gmail.com,CLOSED,,,,closed,
2026-06-06 11:15:33,685,Sale Line,,,,1.00000,39.99000,3.69908,0.00000,0.00000,43.68908,,P&S Blk Jean MidiSkirt/Size L,,,,10004499,,,,
2026-06-06 11:15:22,685,Payment,,,,,,,,,,43.69000,Lightspeed Payments,,,,,,,,
2026-06-05 20:24:13,684,Sale,WALKIN,,,3,105.97,9.80,0.00000,0.00000,115.77,,1 X Taylor Blk Spotted BttnDwn/Size L + 1 X Emma James Tank Top Gold Size 14 + 1 X Aryeh Navy LS Top XL + 1 X CR Sportswear Acrylic Coat L + -1 X Discount,POS 2,tomderobe@gmail.com,CLOSED,,,,closed,
2026-06-05 20:24:13,684,Sale Line,,,,1.00000,30.99000,2.86658,0.00000,0.00000,33.85658,,Taylor Blk Spotted BttnDwn/Size L,,,,10004134,,,,
2026-06-05 20:24:13,684,Sale Line,,,,1.00000,21.99000,2.03408,0.00000,0.00000,24.02408,,Emma James Tank Top Gold Size 14,,,,10003392,,,,
2026-06-05 20:24:13,684,Sale Line,,,,1.00000,25.00000,2.31250,0.00000,0.00000,27.31250,,Aryeh Navy LS Top XL,,,,10008769,,,,
2026-06-05 20:24:13,684,Sale Line,,,,1.00000,32.99000,3.05158,0.00000,0.00000,36.04158,,CR Sportswear Acrylic Coat L,,,,10008817,,,,
2026-06-05 20:24:13,684,Sale Line,,,,-1.00000,-5.00000,-0.46250,0.00000,0.00000,-5.46250,,Discount,,,,vend-discount,,,,
2026-06-05 20:24:07,684,Payment,,,,,,,,,,115.77000,Lightspeed Payments,,,,,,,,
2026-06-05 20:17:58,683,Sale,WALKIN,,,0,20.99,1.94,0.00000,0.00000,22.93,,1 X PinkLaceSlipDress + -1 X Discount,POS 2,tomderobe@gmail.com,CLOSED,,,,closed,
2026-06-05 20:17:58,683,Sale Line,,,,1.00000,23.99000,2.21908,0.00000,0.00000,26.20908,,PinkLaceSlipDress,,,,10008349,,,,
2026-06-05 20:17:58,683,Sale Line,,,,-1.00000,-3.00000,-0.27750,0.00000,0.00000,-3.27750,,Discount,,,,vend-discount,,,,
2026-06-05 20:17:51,683,Payment,,,,,,,,,,22.93000,Lightspeed Payments,,,,,,,,
2026-06-05 20:12:39,682,Sale,WALKIN,,,0,72.99,6.75,0.00000,0.00000,79.74,,1 X Marques Almeda Black Top + -1 X Discount,POS 2,tomderobe@gmail.com,CLOSED,,,,closed,
2026-06-05 20:12:39,682,Sale Line,,,,1.00000,75.99000,7.02908,0.00000,0.00000,83.01908,,Marques Almeda Black Top / Black / S / abc,,,,10003306,,,,
2026-06-05 20:12:39,682,Sale Line,,,,-1.00000,-3.00000,-0.27750,0.00000,0.00000,-3.27750,,Discount,,,,vend-discount,,,,
2026-06-05 20:12:31,682,Payment,,,,,,,,,,79.74000,Lightspeed Payments,,,,,,,,
2026-06-05 19:41:10,681,Sale,WALKIN,,,0,12.99,1.20,0.00000,0.00000,14.19,,1 X Sanctuary/MustardBlouse/SizeM + -1 X Discount,POS 2,tomderobe@gmail.com,CLOSED,,,,closed,
2026-06-05 19:41:10,681,Sale Line,,,,1.00000,15.99000,1.47908,0.00000,0.00000,17.46908,,Sanctuary/MustardBlouse/SizeM,,,,10005296,,,,
2026-06-05 19:41:10,681,Sale Line,,,,-1.00000,-3.00000,-0.27750,0.00000,0.00000,-3.27750,,Discount,,,,vend-discount,,,,
2026-06-05 19:41:01,681,Payment,,,,,,,,,,14.19000,Lightspeed Payments,,,,,,,,
2026-06-05 19:39:57,680,Sale,WALKIN,,,1,50.99,4.72,0.00000,0.00000,55.71,,1 X maria jose navarro/blouse/blk/s + 1 X JCrew White Long Skirt / Size S + -1 X Discount,POS 2,tomderobe@gmail.com,CLOSED,,,,closed,
2026-06-05 19:39:57,680,Sale Line,,,,1.00000,35.99000,3.32908,0.00000,0.00000,39.31908,,maria jose navarro/blouse/blk/s,,,,10003666,,,,
2026-06-05 19:39:57,680,Sale Line,,,,1.00000,18.00000,1.66500,0.00000,0.00000,19.66500,,JCrew White Long Skirt / Size S,,,,10008286,,,,
2026-06-05 19:39:57,680,Sale Line,,,,-1.00000,-3.00000,-0.27750,0.00000,0.00000,-3.27750,,Discount,,,,vend-discount,,,,
2026-06-05 19:39:48,680,Payment,,,,,,,,,,55.71000,Lightspeed Payments,,,,,,,,
2026-06-05 19:31:15,679,Sale,WALKIN,,,1,21.99,2.03,0.00000,0.00000,24.02,,1 X CalvinKlein Jean Skirt/Size 6,POS 2,tomderobe@gmail.com,CLOSED,,,,closed,
2026-06-05 19:31:15,679,Sale Line,,,,1.00000,21.99000,2.03408,0.00000,0.00000,24.02408,,CalvinKlein Jean Skirt/Size 6,,,,10003907,,,,
2026-06-05 19:31:08,679,Payment,,,,,,,,,,24.02000,Lightspeed Payments,,,,,,,,
2026-06-05 19:03:05,678,Sale,WALKIN,,,1,31.99,2.96,0.00000,0.00000,34.95,,1 X EvanPicone/BlackDress/Size4,POS 2,tomderobe@gmail.com,CLOSED,,,,closed,
2026-06-05 19:03:05,678,Sale Line,,,,1.00000,31.99000,2.95908,0.00000,0.00000,34.94908,,EvanPicone/BlackDress/Size4,,,,10007702,,,,
2026-06-05 19:02:59,678,Payment,,,,,,,,,,34.95000,Lightspeed Payments,,,,,,,,
2026-06-05 18:33:00,677,Sale,WALKIN,,,1,22.99,2.13,0.00000,0.00000,25.12,,1 X ASISSuprDwn/SequinOneslDress/SizeS,POS 2,tomderobe@gmail.com,CLOSED,,,,closed,
2026-06-05 18:33:00,677,Sale Line,,,,1.00000,22.99000,2.12658,0.00000,0.00000,25.11658,,ASISSuprDwn/SequinOneslDress/SizeS,,,,10008579,,,,
2026-06-05 18:32:53,677,Payment,,,,,,,,,,25.12000,Lightspeed Payments,,,,,,,,
2026-06-05 18:04:07,676,Sale,WALKIN,,,1,14.99,1.39,0.00000,0.00000,16.38,,1 X Nanette Lepore Suede Mules Pink/Size 9.5,POS 2,tomderobe@gmail.com,CLOSED,,,,closed,
2026-06-05 18:04:07,676,Sale Line,,,,1.00000,14.99000,1.38658,0.00000,0.00000,16.37658,,Nanette Lepore Suede Mules Pink/Size 9.5,,,,10007058,,,,
2026-06-05 18:04:00,676,Payment,,,,,,,,,,16.38000,Lightspeed Payments,,,,,,,,
2026-06-05 17:58:39,675,Sale,WALKIN,,,1,64.99,6.01,0.00000,0.00000,71,,1 X Michael Kors Brown Crossbody Purse,POS 2,tomderobe@gmail.com,CLOSED,,,,closed,
2026-06-05 17:58:39,675,Sale Line,,,,1.00000,64.99000,6.01158,0.00000,0.00000,71.00158,,Michael Kors Brown Crossbody Purse,,,,10008257,,,,
2026-06-05 17:58:24,675,Payment,,,,,,,,,,71.00000,Lightspeed Payments,,,,,,,,
2026-06-05 15:15:41,674,Sale,WALKIN,,,1,18.99,1.76,0.00000,0.00000,20.75,,1 X EartchBound bandana design tanktop/L,POS 2,tomderobe@gmail.com,CLOSED,,,,closed,
2026-06-05 15:15:41,674,Sale Line,,,,1.00000,18.99000,1.75658,0.00000,0.00000,20.74658,,EartchBound bandana design tanktop/L,,,,10006657,,,,
2026-06-05 15:15:31,674,Payment,,,,,,,,,,20.75000,Lightspeed Payments,,,,,,,,
2026-06-05 15:00:13,673,Sale,WALKIN,,,2,32.98,3.05,0.00000,0.00000,36.03,,1 X Love Blossom White Camisole M + 1 X Athleta Red Tankini Size M,POS 2,tomderobe@gmail.com,CLOSED,,,,closed,
2026-06-05 15:00:13,673,Sale Line,,,,1.00000,13.99000,1.29408,0.00000,0.00000,15.28408,,Love Blossom White Camisole M,,,,10008922,,,,
2026-06-05 15:00:13,673,Sale Line,,,,1.00000,18.99000,1.75658,0.00000,0.00000,20.74658,,Athleta Red Tankini Size M,,,,10008902,,,,
2026-06-05 15:00:03,673,Payment,,,,,,,,,,36.03000,Lightspeed Payments,,,,,,,,
2026-06-05 14:15:59,672,Sale,WALKIN,,,1,23.99,2.22,0.00000,0.00000,26.21,,1 X Yellow Chic Vintage T Shirt Size L,POS 2,tomderobe@gmail.com,CLOSED,,,,closed,
2026-06-05 14:15:59,672,Sale Line,,,,1.00000,23.99000,2.21908,0.00000,0.00000,26.20908,,Yellow Chic Vintage T Shirt Size L,,,,10007152,,,,
2026-06-05 14:15:53,672,Payment,,,,,,,,,,26.21000,Lightspeed Payments,,,,,,,,
2026-06-05 14:05:21,671,Sale,WALKIN,,,1,23.99,2.22,0.00000,0.00000,26.21,,1 X Brown Chic Vintage T Shirt Size M,POS 2,tomderobe@gmail.com,CLOSED,,,,closed,
2026-06-05 14:05:21,671,Sale Line,,,,1.00000,23.99000,2.21908,0.00000,0.00000,26.20908,,Brown Chic Vintage T Shirt Size M,,,,10007156,,,,
2026-06-05 14:05:14,671,Payment,,,,,,,,,,26.21000,Lightspeed Payments,,,,,,,,
2026-06-05 13:21:06,670,Sale,WALKIN,,,2,33.98,3.14,0.00000,0.00000,37.12,,1 X H&M Green & White Top Size 8 + 1 X Brown Braided Belt,POS 2,tomderobe@gmail.com,CLOSED,,,,closed,
2026-06-05 13:21:06,670,Sale Line,,,,1.00000,24.99000,2.31158,0.00000,0.00000,27.30158,,H&M Green & White Top Size 8,,,,10008467,,,,
2026-06-05 13:21:06,670,Sale Line,,,,1.00000,8.99000,0.83158,0.00000,0.00000,9.82158,,Brown Braided Belt,,,,10006384,,,,
2026-06-05 13:20:28,670,Payment,,,,,,,,,,37.12000,Lightspeed Payments,,,,,,,,
2026-06-05 12:38:19,669,Sale,WALKIN,,,1,35.99,3.33,0.00000,0.00000,39.32,,1 X Banana Boat NWTDress_Ho,POS 2,tomderobe@gmail.com,CLOSED,,,,closed,
2026-06-05 12:38:19,669,Sale Line,,,,1.00000,35.99000,3.32908,0.00000,0.00000,39.31908,,Banana Boat NWTDress_Ho / Beige / 4 / 15.84,,,,10002957,,,,
2026-06-05 12:38:13,669,Payment,,,,,,,,,,39.35000,Cash,,,,,,,,
2026-06-05 12:38:19,669,Payment,,,,,,,,,,-0.03000,Cash,,,,,,,,
2026-06-05 12:34:29,668,Sale,WALKIN,,,1,18.99,1.76,0.00000,0.00000,20.75,,1 X Sheer Dress/Blk&Pnk/Size XS,POS 2,tomderobe@gmail.com,CLOSED,,,,closed,
2026-06-05 12:34:29,668,Sale Line,,,,1.00000,18.99000,1.75658,0.00000,0.00000,20.74658,,Sheer Dress/Blk&Pnk/Size XS,,,,10007779,,,,
2026-06-05 12:34:17,668,Payment,,,,,,,,,,20.75000,Lightspeed Payments,,,,,,,,
2026-06-05 12:32:07,667,Sale,WALKIN,,,1,17.99,1.66,0.00000,0.00000,19.65,,1 X Studio 1 Faux Suede Jacket 8,POS 2,tomderobe@gmail.com,CLOSED,,,,closed,
2026-06-05 12:32:07,667,Sale Line,,,,1.00000,17.99000,1.66408,0.00000,0.00000,19.65408,,Studio 1 Faux Suede Jacket 8,,,,10008685,,,,
2026-06-05 12:31:53,667,Payment,,,,,,,,,,19.65000,Lightspeed Payments,,,,,,,,
2026-06-04 19:27:26,666,Sale,WALKIN,,,1,35.99,3.33,0.00000,0.00000,39.32,,1 X Kut NWT Tan Pants/Size 2,POS 2,tomderobe@gmail.com,CLOSED,,,,closed,
2026-06-04 19:27:26,666,Sale Line,,,,1.00000,35.99000,3.32908,0.00000,0.00000,39.31908,,Kut NWT Tan Pants/Size 2,,,,10004178,,,,
2026-06-04 19:27:18,666,Payment,,,,,,,,,,39.32000,Lightspeed Payments,,,,,,,,
2026-06-04 19:22:24,665,Sale,WALKIN,,,1,25.99,2.40,0.00000,0.00000,28.39,,1 X CoachGoldWallet/Wristlet,POS 2,tomderobe@gmail.com,CLOSED,,,,closed,
2026-06-04 19:22:24,665,Sale Line,,,,1.00000,25.99000,2.40408,0.00000,0.00000,28.39408,,CoachGoldWallet/Wristlet,,,,10008959,,,,
2026-06-04 19:22:14,665,Payment,,,,,,,,,,30.00000,Cash,,,,,,,,
2026-06-04 19:22:24,665,Payment,,,,,,,,,,-1.61000,Cash,,,,,,,,
2026-06-04 18:53:04,664,Sale,WALKIN,,,1,24.99,2.31,0.00000,0.00000,27.3,,1 X FreePeople/ Shoulder Top/ Orng/ Size S,POS 2,tomderobe@gmail.com,CLOSED,,,,closed,
2026-06-04 18:53:04,664,Sale Line,,,,1.00000,24.99000,2.31158,0.00000,0.00000,27.30158,,FreePeople/ Shoulder Top/ Orng/ Size S,,,,10005069,,,,
2026-06-04 18:52:56,664,Payment,,,,,,,,,,27.30000,Lightspeed Payments,,,,,,,,
2026-06-04 18:52:21,663,Sale,WALKIN,,,1,25.99,2.40,0.00000,0.00000,28.39,,1 X NWOT Free People Dress Size M,POS 2,tomderobe@gmail.com,CLOSED,,,,closed,
2026-06-04 18:52:21,663,Sale Line,,,,1.00000,25.99000,2.40408,0.00000,0.00000,28.39408,,NWOT Free People Dress Size M,,,,10007264,,,,
2026-06-04 18:52:15,663,Payment,,,,,,,,,,28.39000,Lightspeed Payments,,,,,,,,
2026-06-04 14:24:05,662,Sale,WALKIN,,,1,47.98,4.44,0.00000,0.00000,52.42,,1 X michael kors blue textured short dress size 6 + 1 X reiss/tank/pnk/m + -1 X Discount,POS 2,tomderobe@gmail.com,CLOSED,,,,closed,
2026-06-04 14:24:05,662,Sale Line,,,,1.00000,25.99000,2.40408,0.00000,0.00000,28.39408,,michael kors blue textured short dress size 6,,,,10006646,,,,
2026-06-04 14:24:05,662,Sale Line,,,,1.00000,24.99000,2.31158,0.00000,0.00000,27.30158,,reiss/tank/pnk/m,,,,10006075,,,,
2026-06-04 14:24:05,662,Sale Line,,,,-1.00000,-3.00000,-0.27750,0.00000,0.00000,-3.27750,,Discount,,,,vend-discount,,,,
2026-06-04 14:23:55,662,Payment,,,,,,,,,,52.42000,Lightspeed Payments,,,,,,,,
2026-06-03 19:57:15,661,Sale,WALKIN,,,2,24.49,2.26,7.49500,0.00000,26.75,,1 X Sanctuary/BlkCirccutoutTop/SizeS + 1 X Unknown Maroon Halter Top L,POS 2,tomderobe@gmail.com,CLOSED,,,,closed,
2026-06-03 19:57:15,661,Sale Line,,,,1.00000,16.99000,1.57158,0.00000,0.00000,18.56158,,Sanctuary/BlkCirccutoutTop/SizeS,,,,10005462,,,,
2026-06-03 19:57:15,661,Sale Line,,,,1.00000,7.49500,0.69329,7.49500,0.00000,8.18829,,Unknown Maroon Halter Top L,,,,10008869,,,,
2026-06-03 19:57:06,661,Payment,,,,,,,,,,26.75000,Lightspeed Payments,,,,,,,,
2026-06-03 19:55:25,660,Sale,WALKIN,,,2,34.49,3.19,9.49500,0.00000,37.68,,1 X Madison & Berk Beige Velvet Crop Top / Size S + 1 X Senita Athletics Green Tank Top M,POS 2,tomderobe@gmail.com,CLOSED,,,,closed,
2026-06-03 19:55:25,660,Sale Line,,,,1.00000,24.99000,2.31158,0.00000,0.00000,27.30158,,Madison & Berk Beige Velvet Crop Top / Size S,,,,10007925,,,,
2026-06-03 19:55:25,660,Sale Line,,,,1.00000,9.49500,0.87829,9.49500,0.00000,10.37329,,Senita Athletics Green Tank Top M,,,,10009049,,,,
2026-06-03 19:55:19,660,Payment,,,,,,,,,,37.67000,Lightspeed Payments,,,,,,,,
2026-06-03 19:46:40,659,Sale,WALKIN,,,1,17.99,1.66,0.00000,0.00000,19.65,,1 X orange tennessee vols tshirt/medium,POS 2,tomderobe@gmail.com,CLOSED,,,,closed,
2026-06-03 19:46:40,659,Sale Line,,,,1.00000,17.99000,1.66408,0.00000,0.00000,19.65408,,orange tennessee vols tshirt/medium,,,,10006236,,,,
2026-06-03 19:46:33,659,Payment,,,,,,,,,,19.65000,Lightspeed Payments,,,,,,,,
2026-06-03 19:10:16,658,Sale,WALKIN,,,2,40.99,3.79,10.99500,0.00000,44.78,,1 X Loft Red Patterned Skirt / Size XS + 1 X Black Colorful Floral Underskirt / Size S,POS 2,tomderobe@gmail.com,CLOSED,,,,closed,
2026-06-03 19:10:16,658,Sale Line,,,,1.00000,29.99000,2.77408,0.00000,0.00000,32.76408,,Loft Red Patterned Skirt / Size XS,,,,10006714,,,,
2026-06-03 19:10:16,658,Sale Line,,,,1.00000,10.99500,1.01704,10.99500,0.00000,12.01204,,Black Colorful Floral Underskirt / Size S,,,,10008177,,,,
2026-06-03 19:10:09,658,Payment,,,,,,,,,,44.78000,Lightspeed Payments,,,,,,,,
2026-06-03 19:08:24,657,Sale,WALKIN,,,3,107.49,9.94,11.49500,0.00000,117.43,,1 X JKLA/BrwnflorallayerTop/SizeM + 1 X Judith Hart Green SS Top / Size 8 + 1 X CoachWhiteStudBag,POS 2,tomderobe@gmail.com,CLOSED,,,,closed,
2026-06-03 19:08:24,657,Sale Line,,,,1.00000,25.99000,2.40408,0.00000,0.00000,28.39408,,JKLA/BrwnflorallayerTop/SizeM,,,,10006034,,,,
2026-06-03 19:08:24,657,Sale Line,,,,1.00000,11.49500,1.06329,11.49500,0.00000,12.55829,,Judith Hart Green SS Top / Size 8,,,,10007716,,,,
2026-06-03 19:08:24,657,Sale Line,,,,1.00000,70.00000,6.47500,0.00000,0.00000,76.47500,,CoachWhiteStudBag,,,,10008961,,,,
2026-06-03 19:08:17,657,Payment,,,,,,,,,,117.43000,Lightspeed Payments,,,,,,,,
2026-06-03 19:07:00,656,Sale,WALKIN,,,2,64.99,6.01,19.99500,0.00000,71,,1 X VertigoSweater_Ur + 1 X cropped brown sweater/m,POS 2,tomderobe@gmail.com,CLOSED,,,,closed,
2026-06-03 19:07:00,656,Sale Line,,,,1.00000,19.99500,1.84954,19.99500,0.00000,21.84454,,VertigoSweater_Ur / Beige / M / 15.36,,,,10002861,,,,
2026-06-03 19:07:00,656,Sale Line,,,,1.00000,44.99000,4.16158,0.00000,0.00000,49.15158,,cropped brown sweater/m,,,,10006173,,,,
2026-06-03 19:06:52,656,Payment,,,,,,,,,,71.00000,Lightspeed Payments,,,,,,,,
2026-06-03 18:04:02,655,Sale,WALKIN,,,2,23.49,2.17,7.50000,0.00000,25.66,,1 X Sleevey Wonders White Lace LS / Size S + 1 X Unknown White Top XS,POS 2,tomderobe@gmail.com,CLOSED,,,,closed,
2026-06-03 18:04:02,655,Sale Line,,,,1.00000,7.50000,0.69375,7.50000,0.00000,8.19375,,Sleevey Wonders White Lace LS / Size S,,,,10008773,,,,
2026-06-03 18:04:02,655,Sale Line,,,,1.00000,15.99000,1.47908,0.00000,0.00000,17.46908,,Unknown White Top XS,,,,10008646,,,,
2026-06-03 18:03:56,655,Payment,,,,,,,,,,25.66000,Lightspeed Payments,,,,,,,,
2026-06-03 15:22:50,654,Sale,WALKIN,,,1,21.99,2.03,0.00000,0.00000,24.02,,1 X Black Jewel Necklace Gold Detail,POS 2,tomderobe@gmail.com,CLOSED,,,,closed,
2026-06-03 15:22:50,654,Sale Line,,,,1.00000,21.99000,2.03408,0.00000,0.00000,24.02408,,Black Jewel Necklace Gold Detail,,,,10008996,,,,
2026-06-03 15:22:40,654,Payment,,,,,,,,,,24.02000,Lightspeed Payments,,,,,,,,
2026-06-03 15:20:58,653,Sale,WALKIN,,,5,87.95,8.14,31.98500,0.00000,96.09,,1 X Mine Tank Top Yellow + 1 X vintage patchwork skirt/s-m + 1 X Hot Tees SL Pink Graphic / Size L + 1 X Black Mesh Top Size M + 1 X DieselSkirt_un + 1 X Eyeshadow Gray Tank / Size L + -1 X Discount,POS 2,tomderobe@gmail.com,CLOSED,,,,closed,
2026-06-03 15:20:58,653,Sale Line,,,,1.00000,7.99500,0.73954,7.99500,0.00000,8.73454,,Mine Tank Top Yellow / yellow / S / 2.56,,,,10000304,,,,
2026-06-03 15:20:58,653,Sale Line,,,,1.00000,33.99000,3.14408,0.00000,0.00000,37.13408,,vintage patchwork skirt/s-m,,,,10008110,,,,
2026-06-03 15:20:58,653,Sale Line,,,,1.00000,7.99500,0.73954,7.99500,0.00000,8.73454,,Hot Tees SL Pink Graphic / Size L,,,,10004801,,,,
2026-06-03 15:20:58,653,Sale Line,,,,1.00000,13.99000,1.29408,0.00000,0.00000,15.28408,,Black Mesh Top Size M,,,,10008210,,,,
2026-06-03 15:20:58,653,Sale Line,,,,1.00000,15.99500,1.47954,15.99500,0.00000,17.47454,,DieselSkirt_un / Beige Multi-Color / L / 11.09,,,,10002008,,,,
2026-06-03 15:20:58,653,Sale Line,,,,1.00000,12.99000,1.20158,0.00000,0.00000,14.19158,,Eyeshadow Gray Tank / Size L,,,,10005307,,,,
2026-06-03 15:20:58,653,Sale Line,,,,-1.00000,-5.00027,-0.46250,0.00000,0.00000,-5.46277,,Discount,,,,vend-discount,,,,
2026-06-03 15:20:43,653,Payment,,,,,,,,,,96.09000,Lightspeed Payments,,,,,,,,
2026-06-03 15:04:00,652,Sale,WALKIN,,,2,47.99,4.44,14.99500,0.00000,52.43,,1 X City Triangles Blue Dress/Size L + 1 X CalvinK/PinkJacket/SizeS,POS 2,tomderobe@gmail.com,CLOSED,,,,closed,
2026-06-03 15:04:00,652,Sale Line,,,,1.00000,32.99000,3.05158,0.00000,0.00000,36.04158,,City Triangles Blue Dress/Size L,,,,10005233,,,,
2026-06-03 15:04:00,652,Sale Line,,,,1.00000,14.99500,1.38704,14.99500,0.00000,16.38204,,CalvinK/PinkJacket/SizeS,,,,10007697,,,,
2026-06-03 15:03:42,652,Payment,,,,,,,,,,29.00000,Cash,,,,,,,,
2026-06-03 15:03:54,652,Payment,,,,,,,,,,23.42000,Lightspeed Payments,,,,,,,,
2026-06-03 15:02:09,651,Sale,WALKIN,,,2,24.49,2.26,6.49500,0.00000,26.75,,1 X Bob Mackie Lavender SS Blouse L + 1 X Bluebird Sleeveless Top Grey S,POS 2,tomderobe@gmail.com,CLOSED,,,,closed,
2026-06-03 15:02:09,651,Sale Line,,,,1.00000,6.49500,0.60079,6.49500,0.00000,7.09579,,Bob Mackie Lavender SS Blouse L,,,,10008672,,,,
2026-06-03 15:02:09,651,Sale Line,,,,1.00000,17.99000,1.66408,0.00000,0.00000,19.65408,,Bluebird Sleeveless Top Grey S,,,,10008636,,,,
2026-06-03 15:00:46,651,Payment,,,,,,,,,,26.75000,Lightspeed Payments,,,,,,,,
2026-06-03 14:32:49,650,Sale,WALKIN,,,1,275.00,25.44,150.00000,0.00000,300.44,,1 X Coach Dark Tan Leather Purse Duo Pocket,POS 2,tomderobe@gmail.com,CLOSED,,,,closed,
2026-06-03 14:32:49,650,Sale Line,,,,1.00000,275.00000,25.43750,150.00000,0.00000,300.43750,,Coach Dark Tan Leather Purse Duo Pocket,,,,10004529,,,,
2026-06-03 14:32:35,650,Payment,,,,,,,,,,300.44000,Lightspeed Payments,,,,,,,,
2026-06-03 14:12:56,649,Sale,WALKIN,,,3,37.49,3.47,44.48500,0.00000,40.96,,1 X strapless floral guess dress/ 6 + 1 X elevenses grey knit skirt/S + 1 X Brwn&BlueDress/SizeS,POS 2,tomderobe@gmail.com,CLOSED,,,,closed,
2026-06-03 14:12:56,649,Sale Line,,,,1.00000,25.99000,2.40408,0.00000,0.00000,28.39408,,strapless floral guess dress/ 6,,,,10006424,,,,
2026-06-03 14:12:56,649,Sale Line,,,,1.00000,0.00000,0.00000,32.99000,0.00000,0.00000,,elevenses grey knit skirt/S,,,,10008151,,,,
2026-06-03 14:12:56,649,Sale Line,,,,1.00000,11.49500,1.06329,11.49500,0.00000,12.55829,,Brwn&BlueDress/SizeS,,,,10004470,,,,
2026-06-03 14:12:47,649,Payment,,,,,,,,,,40.95000,Lightspeed Payments,,,,,,,,
2026-06-03 13:06:40,648,Sale,WALKIN,,,1,40.00,3.70,0.00000,0.00000,43.7,,1 X Missoni Brown Dress Size M,POS 2,tomderobe@gmail.com,CLOSED,,,,closed,
2026-06-03 13:06:40,648,Sale Line,,,,1.00000,40.00000,3.70000,0.00000,0.00000,43.70000,,Missoni Brown Dress Size M,,,,10008740,,,,
2026-06-03 13:06:29,648,Payment,,,,,,,,,,43.70000,Lightspeed Payments,,,,,,,,
2026-06-03 13:05:21,647,Sale,WALKIN,,,2,86.99,8.05,11.99500,0.00000,95.04,,1 X Banana Republic Orange Tank XS + 1 X VINTAGEShortSetCrmGrnPink/SizeXS,POS 2,tomderobe@gmail.com,CLOSED,,,,closed,
2026-06-03 13:05:21,647,Sale Line,,,,1.00000,11.99500,1.10954,11.99500,0.00000,13.10454,,Banana Republic Orange Tank XS,,,,10008525,,,,
2026-06-03 13:05:21,647,Sale Line,,,,1.00000,74.99000,6.93658,0.00000,0.00000,81.92658,,VINTAGEShortSetCrmGrnPink/SizeXS,,,,10008596,,,,
2026-06-03 13:05:09,647,Payment,,,,,,,,,,95.03000,Lightspeed Payments,,,,,,,,
2026-05-31 16:56:54,646,Sale,WALKIN,,,5,114.94,10.63,0.00000,0.00000,125.57,,-1 X Discount + 1 X L'Artiste Black Sandals/ Size 6.5 + 1 X Nicole Miller Colorful Silk Tank / Size S + 1 X Bernardo/Blk&WhiSkirt/Size10 + 1 X Loft Sleeveless Top Size S + 1 X Montego Bay Club Sandals/Size 7 + 1 X Vintage Red Flower Ring,POS 2,tomderobe@gmail.com,CLOSED,,,,closed,
2026-05-31 16:56:54,646,Sale Line,,,,-1.00000,-5.00000,-0.46250,0.00000,0.00000,-5.46250,,Discount,,,,vend-discount,,,,
2026-05-31 16:56:54,646,Sale Line,,,,1.00000,29.99000,2.77408,0.00000,0.00000,32.76408,,L'Artiste Black Sandals/ Size 6.5,,,,10007048,,,,
2026-05-31 16:56:54,646,Sale Line,,,,1.00000,14.99000,1.38658,0.00000,0.00000,16.37658,,Nicole Miller Colorful Silk Tank / Size S,,,,10005672,,,,
2026-05-31 16:56:54,646,Sale Line,,,,1.00000,24.99000,2.31158,0.00000,0.00000,27.30158,,Bernardo/Blk&WhiSkirt/Size10,,,,10008329,,,,
2026-05-31 16:56:54,646,Sale Line,,,,1.00000,15.99000,1.47908,0.00000,0.00000,17.46908,,Loft Sleeveless Top Size S,,,,10008641,,,,
2026-05-31 16:56:54,646,Sale Line,,,,1.00000,22.99000,2.12658,0.00000,0.00000,25.11658,,Montego Bay Club Sandals/Size 7,,,,10007078,,,,
2026-05-31 16:56:54,646,Sale Line,,,,1.00000,10.99000,1.01658,0.00000,0.00000,12.00658,,Vintage Red Flower Ring,,,,10007409,,,,
2026-05-31 15:58:13,646,Payment,,,,,,,,,,25.00000,Gift Card,,,,,,,,
2026-05-31 16:56:38,646,Payment,,,,,,,,,,100.57000,Lightspeed Payments,,,,,,,,
2026-05-31 15:57:31,645,Sale,WALKIN,,,1,25.00,0.00,0.00000,0.00000,25,,1 X Gift Card,POS 2,tomderobe@gmail.com,CLOSED,,,,closed,
2026-05-31 15:57:31,645,Sale Line,,,,1.00000,25.00000,0.00000,0.00000,0.00000,25.00000,,Gift Card,,,,vend-internal-gift-card,,,,
2026-05-31 15:57:23,645,Payment,,,,,,,,,,25.00000,Cash,,,,,,,,
2026-05-31 15:41:20,644,Sale,WALKIN,,,1,24.99,2.31,0.00000,0.00000,27.3,,1 X FC Jeanswear Denim Jacket M,POS 2,tomderobe@gmail.com,CLOSED,,,,closed,
2026-05-31 15:41:20,644,Sale Line,,,,1.00000,24.99000,2.31158,0.00000,0.00000,27.30158,,FC Jeanswear Denim Jacket M,,,,10008684,,,,
2026-05-31 15:41:12,644,Payment,,,,,,,,,,27.30000,Lightspeed Payments,,,,,,,,
2026-05-31 15:13:22,643,Sale,WALKIN,,,2,53.98,4.99,0.00000,0.00000,58.97,,1 X Banana R Black Seethrough LS / Size M + 1 X Anne Klein white dress shirt/L,POS 2,tomderobe@gmail.com,CLOSED,,,,closed,
2026-05-31 15:13:22,643,Sale Line,,,,1.00000,34.99000,3.23658,0.00000,0.00000,38.22658,,Banana R Black Seethrough LS / Size M,,,,10005015,,,,
2026-05-31 15:13:22,643,Sale Line,,,,1.00000,18.99000,1.75658,0.00000,0.00000,20.74658,,Anne Klein white dress shirt/L,,,,10006849,,,,
2026-05-31 15:13:07,643,Payment,,,,,,,,,,60.00000,Cash,,,,,,,,
2026-05-31 15:13:22,643,Payment,,,,,,,,,,-1.03000,Cash,,,,,,,,
2026-05-31 14:34:22,642,Sale,WALKIN,,,1,24.99,2.31,0.00000,0.00000,27.3,,1 X H&M Dress Black Size 8,POS 2,tomderobe@gmail.com,CLOSED,,,,closed,
2026-05-31 14:34:22,642,Sale Line,,,,1.00000,24.99000,2.31158,0.00000,0.00000,27.30158,,H&M Dress Black Size 8,,,,10007194,,,,
2026-05-31 14:34:12,642,Payment,,,,,,,,,,27.30000,Lightspeed Payments,,,,,,,,
2026-05-31 14:04:16,641,Sale,WALKIN,,,1,18.99,1.76,0.00000,0.00000,20.75,,1 X NikiBiki Black Bodycon Dress 2 / One Size,POS 2,tomderobe@gmail.com,CLOSED,,,,closed,
2026-05-31 14:04:16,641,Sale Line,,,,1.00000,18.99000,1.75658,0.00000,0.00000,20.74658,,NikiBiki Black Bodycon Dress 2 / One Size,,,,10008010,,,,
2026-05-31 14:04:10,641,Payment,,,,,,,,,,20.75000,Lightspeed Payments,,,,,,,,
2026-05-31 13:56:18,640,Sale,WALKIN,,,1,18.99,1.76,0.00000,0.00000,20.75,,1 X A Byer Pink Floral Ruffle SL Top / Size S,POS 2,tomderobe@gmail.com,CLOSED,,,,closed,
2026-05-31 13:56:18,640,Sale Line,,,,1.00000,18.99000,1.75658,0.00000,0.00000,20.74658,,A Byer Pink Floral Ruffle SL Top / Size S,,,,10005195,,,,
2026-05-31 13:56:08,640,Payment,,,,,,,,,,20.75000,Lightspeed Payments,,,,,,,,
2026-05-31 12:40:58,639,Sale,WALKIN,,,1,19.99,1.85,0.00000,0.00000,21.84,,1 X Unknown Faux Suede Vest XXL,POS 2,tomderobe@gmail.com,CLOSED,,,,closed,
2026-05-31 12:40:58,639,Sale Line,,,,1.00000,19.99000,1.84908,0.00000,0.00000,21.83908,,Unknown Faux Suede Vest XXL,,,,10008689,,,,
2026-05-31 12:40:46,639,Payment,,,,,,,,,,21.84000,Lightspeed Payments,,,,,,,,
2026-05-31 12:22:31,638,Sale,WALKIN,,,1,33.99,3.14,0.00000,0.00000,37.13,,1 X maeve black lace skirt/2,POS 2,tomderobe@gmail.com,CLOSED,,,,closed,
2026-05-31 12:22:31,638,Sale Line,,,,1.00000,33.99000,3.14408,0.00000,0.00000,37.13408,,maeve black lace skirt/2,,,,10008148,,,,
2026-05-31 12:22:21,638,Payment,,,,,,,,,,37.13000,Lightspeed Payments,,,,,,,,
2026-05-31 12:19:10,637,Sale,WALKIN,,,3,60.98,5.64,0.00000,0.00000,66.62,,1 X Express/MulticolStripeJumpsuit/SizeXS + 1 X CharR/MaroonLaceBdySuit/SizeS + 1 X NWT Spy Zone Ex Red Floral S,POS 2,tomderobe@gmail.com,CLOSED,,,,closed,
2026-05-31 12:19:10,637,Sale Line,,,,1.00000,22.99000,2.12658,0.00000,0.00000,25.11658,,Express/MulticolStripeJumpsuit/SizeXS,,,,10007705,,,,
2026-05-31 12:19:10,637,Sale Line,,,,1.00000,18.99000,1.75658,0.00000,0.00000,20.74658,,CharR/MaroonLaceBdySuit/SizeS,,,,10008581,,,,
2026-05-31 12:19:10,637,Sale Line,,,,1.00000,19.00000,1.75750,0.00000,0.00000,20.75750,,NWT Spy Zone Ex Red Floral S,,,,10008747,,,,
2026-05-31 12:19:02,637,Payment,,,,,,,,,,66.62000,Lightspeed Payments,,,,,,,,
2026-05-31 11:48:27,636,Sale,WALKIN,,,3,40.97,3.79,0.00000,0.00000,44.76,,1 X Peacock Pendant + 1 X Green Yellow Orange Necklace + 1 X Decorative Necklace,POS 2,tomderobe@gmail.com,CLOSED,,,,closed,
2026-05-31 11:48:27,636,Sale Line,,,,1.00000,10.99000,1.01658,0.00000,0.00000,12.00658,,Peacock Pendant,,,,10004218,,,,
2026-05-31 11:48:27,636,Sale Line,,,,1.00000,19.99000,1.84908,0.00000,0.00000,21.83908,,Green Yellow Orange Necklace,,,,10007942,,,,
2026-05-31 11:48:27,636,Sale Line,,,,1.00000,9.99000,0.92408,0.00000,0.00000,10.91408,,Decorative Necklace,,,,10007837,,,,
2026-05-31 11:48:18,636,Payment,,,,,,,,,,44.76000,Lightspeed Payments,,,,,,,,
2026-05-31 11:34:07,635,Sale,WALKIN,,,1,65.99,6.10,0.00000,0.00000,72.09,,1 X Suewong Mulit-Color Dress Size 8,POS 2,tomderobe@gmail.com,CLOSED,,,,closed,
2026-05-31 11:34:07,635,Sale Line,,,,1.00000,65.99000,6.10408,0.00000,0.00000,72.09408,,Suewong Mulit-Color Dress Size 8,,,,10007239,,,,
2026-05-31 11:33:57,635,Payment,,,,,,,,,,72.09000,Lightspeed Payments,,,,,,,,
2026-05-30 19:49:07,634,Sale,WALKIN,,,1,23.99,2.22,0.00000,0.00000,26.21,,1 X Altar'd State Red LS / Size XS,POS 2,tomderobe@gmail.com,CLOSED,,,,closed,
2026-05-30 19:49:07,634,Sale Line,,,,1.00000,23.99000,2.21908,0.00000,0.00000,26.20908,,Altar'd State Red LS / Size XS,,,,10005952,,,,
2026-05-30 19:49:03,634,Payment,,,,,,,,,,26.21000,Lightspeed Payments,,,,,,,,
2026-05-30 19:41:58,633,Sale,WALKIN,,,1,14.99,1.39,0.00000,0.00000,16.38,,1 X LizClaiborne/FlowerScarf,POS 2,tomderobe@gmail.com,CLOSED,,,,closed,
2026-05-30 19:41:58,633,Sale Line,,,,1.00000,14.99000,1.38658,0.00000,0.00000,16.37658,,LizClaiborne/FlowerScarf,,,,10008315,,,,
2026-05-30 19:41:52,633,Payment,,,,,,,,,,16.38000,Lightspeed Payments,,,,,,,,
2026-05-30 18:05:11,632,Sale,WALKIN,,,2,47.98,4.44,0.00000,0.00000,52.42,,1 X VINTAGE JaneAshley/ BttnDwn/ Pnk/ Size L + 1 X VINTAGE Reversible Black Blue Top / Size M,POS 2,tomderobe@gmail.com,CLOSED,,,,closed,
2026-05-30 18:05:11,632,Sale Line,,,,1.00000,22.99000,2.12658,0.00000,0.00000,25.11658,,VINTAGE JaneAshley/ BttnDwn/ Pnk/ Size L,,,,10005185,,,,
2026-05-30 18:05:11,632,Sale Line,,,,1.00000,24.99000,2.31158,0.00000,0.00000,27.30158,,VINTAGE Reversible Black Blue Top / Size M,,,,10005696,,,,
2026-05-30 18:05:04,632,Payment,,,,,,,,,,52.42000,Lightspeed Payments,,,,,,,,
2026-05-30 17:46:50,631,Sale,WALKIN,,,7,193.93,17.94,0.00000,0.00000,211.87,,1 X Brown Leather Bedazzled Belt + 1 X Bershka Cream Jacket / Size XS + 1 X Cocomo Teal Brown SL Shirt / Size M + 1 X lillypulitzer/bls/pnk/xl + 1 X Zara Pink & White SL Dress / Size S + 1 X beige layered skirt/L + 1 X CopperLey/WhiteDress/SizeS,POS 2,tomderobe@gmail.com,CLOSED,,,,closed,
2026-05-30 17:46:50,631,Sale Line,,,,1.00000,45.99000,4.25408,0.00000,0.00000,50.24408,,Brown Leather Bedazzled Belt,,,,10006736,,,,
2026-05-30 17:46:50,631,Sale Line,,,,1.00000,28.99000,2.68158,0.00000,0.00000,31.67158,,Bershka Cream Jacket / Size XS,,,,10006989,,,,
2026-05-30 17:46:50,631,Sale Line,,,,1.00000,15.99000,1.47908,0.00000,0.00000,17.46908,,Cocomo Teal Brown SL Shirt / Size M,,,,10004812,,,,
2026-05-30 17:46:50,631,Sale Line,,,,1.00000,24.99000,2.31158,0.00000,0.00000,27.30158,,lillypulitzer/bls/pnk/xl,,,,10006079,,,,
2026-05-30 17:46:50,631,Sale Line,,,,1.00000,29.99000,2.77408,0.00000,0.00000,32.76408,,Zara Pink & White SL Dress / Size S,,,,10007911,,,,
2026-05-30 17:46:50,631,Sale Line,,,,1.00000,29.99000,2.77408,0.00000,0.00000,32.76408,,beige layered skirt/L,,,,10007801,,,,
2026-05-30 17:46:50,631,Sale Line,,,,1.00000,17.99000,1.66408,0.00000,0.00000,19.65408,,CopperLey/WhiteDress/SizeS,,,,10008344,,,,
2026-05-30 17:46:37,631,Payment,,,,,,,,,,211.87000,Lightspeed Payments,,,,,,,,
2026-05-30 17:41:22,630,Sale,WALKIN,,,1,13.99,1.29,0.00000,0.00000,15.28,,1 X American Eagle White Tank Top XS,POS 2,tomderobe@gmail.com,CLOSED,,,,closed,
2026-05-30 17:41:22,630,Sale Line,,,,1.00000,13.99000,1.29408,0.00000,0.00000,15.28408,,American Eagle White Tank Top XS,,,,10008651,,,,
2026-05-30 17:41:20,630,Payment,,,,,,,,,,16.00000,Cash,,,,,,,,
2026-05-30 17:41:22,630,Payment,,,,,,,,,,-0.72000,Cash,,,,,,,,
2026-05-30 17:40:31,629,Sale,WALKIN,,,1,13.99,1.29,0.00000,0.00000,15.28,,1 X Universal T Orange Pink Halter Top / Size M,POS 2,tomderobe@gmail.com,CLOSED,,,,closed,
2026-05-30 17:40:31,629,Sale Line,,,,1.00000,13.99000,1.29408,0.00000,0.00000,15.28408,,Universal T Orange Pink Halter Top / Size M,,,,10008183,,,,
2026-05-30 17:40:23,629,Payment,,,,,,,,,,15.28000,Lightspeed Payments,,,,,,,,
2026-05-30 17:39:54,628,Sale,WALKIN,,,1,36.99,3.42,0.00000,0.00000,40.41,,1 X NWT Zara Pants Grey Size L,POS 2,tomderobe@gmail.com,CLOSED,,,,closed,
2026-05-30 17:39:54,628,Sale Line,,,,1.00000,36.99000,3.42158,0.00000,0.00000,40.41158,,NWT Zara Pants Grey Size L,,,,10003493,,,,
2026-05-30 17:39:44,628,Payment,,,,,,,,,,40.41000,Lightspeed Payments,,,,,,,,
2026-05-30 17:38:55,627,Sale,WALKIN,,,1,19.99,1.85,0.00000,0.00000,21.84,,1 X Express Black Lace Fringe Card. OSFA,POS 2,tomderobe@gmail.com,CLOSED,,,,closed,
2026-05-30 17:38:55,627,Sale Line,,,,1.00000,19.99000,1.84908,0.00000,0.00000,21.83908,,Express Black Lace Fringe Card. OSFA,,,,10008830,,,,
2026-05-30 17:38:46,627,Payment,,,,,,,,,,21.84000,Lightspeed Payments,,,,,,,,
2026-05-30 16:33:25,626,Sale,WALKIN,,,1,18.99,1.76,0.00000,0.00000,20.75,,1 X Jenny Jen Blue Lace Camisole S,POS 2,tomderobe@gmail.com,CLOSED,,,,closed,
2026-05-30 16:33:25,626,Sale Line,,,,1.00000,18.99000,1.75658,0.00000,0.00000,20.74658,,Jenny Jen Blue Lace Camisole S,,,,10008247,,,,
2026-05-30 16:33:18,626,Payment,,,,,,,,,,20.75000,Lightspeed Payments,,,,,,,,
2026-05-30 16:03:10,625,Sale,WALKIN,,,1,25.00,2.31,0.00000,0.00000,27.31,,1 X Annex/GreenAniPrintPurse,POS 2,tomderobe@gmail.com,CLOSED,,,,closed,
2026-05-30 16:03:10,625,Sale Line,,,,1.00000,25.00000,2.31250,0.00000,0.00000,27.31250,,Annex/GreenAniPrintPurse,,,,10008970,,,,
2026-05-30 16:03:01,625,Payment,,,,,,,,,,27.31000,Lightspeed Payments,,,,,,,,
2026-05-30 15:50:47,624,Sale,WALKIN,,,5,117.95,10.91,0.00000,0.00000,128.86,,1 X Love Tree Black Top Size M + 1 X NWT Maje Black Top Size S + 1 X Sim & Sam Black Dress Size M + 1 X CorsetDress/Blk/Size S + 1 X Zara NWT Black SL Dress / Size M,POS 2,tomderobe@gmail.com,CLOSED,,,,closed,
2026-05-30 15:50:47,624,Sale Line,,,,1.00000,16.99000,1.57158,0.00000,0.00000,18.56158,,Love Tree Black Top Size M,,,,10007274,,,,
2026-05-30 15:50:47,624,Sale Line,,,,1.00000,22.99000,2.12658,0.00000,0.00000,25.11658,,NWT Maje Black Top Size S,,,,10007276,,,,
2026-05-30 15:50:47,624,Sale Line,,,,1.00000,21.99000,2.03408,0.00000,0.00000,24.02408,,Sim & Sam Black Dress Size M,,,,10008834,,,,
2026-05-30 15:50:47,624,Sale Line,,,,1.00000,32.99000,3.05158,0.00000,0.00000,36.04158,,CorsetDress/Blk/Size S,,,,10004421,,,,
2026-05-30 15:50:47,624,Sale Line,,,,1.00000,22.99000,2.12658,0.00000,0.00000,25.11658,,Zara NWT Black SL Dress / Size M,,,,10007465,,,,
2026-05-30 15:50:41,624,Payment,,,,,,,,,,128.86000,Lightspeed Payments,,,,,,,,
2026-05-30 15:34:07,623,Sale,WALKIN,,,4,220.98,20.44,0.00000,0.00000,241.42,,1 X CoachBluePurse + 1 X Forever21 shear longsleeve blouse/xs + 1 X SO Brown Corduroy Blazer / Size M + 1 X Ameri Leather Brown Bag,POS 2,tomderobe@gmail.com,CLOSED,,,,closed,
2026-05-30 15:34:07,623,Sale Line,,,,1.00000,130.00000,12.02500,0.00000,0.00000,142.02500,,CoachBluePurse,,,,10008963,,,,
2026-05-30 15:34:07,623,Sale Line,,,,1.00000,15.99000,1.47908,0.00000,0.00000,17.46908,,Forever21 shear longsleeve blouse/xs,,,,10007354,,,,
2026-05-30 15:34:07,623,Sale Line,,,,1.00000,19.99000,1.84908,0.00000,0.00000,21.83908,,SO Brown Corduroy Blazer / Size M,,,,10006701,,,,
2026-05-30 15:34:07,623,Sale Line,,,,1.00000,55.00000,5.08750,0.00000,0.00000,60.08750,,Ameri Leather Brown Bag,,,,10005615,,,,
2026-05-30 15:34:00,623,Payment,,,,,,,,,,241.42000,Lightspeed Payments,,,,,,,,
2026-05-30 13:09:49,622,Sale,WALKIN,,,0,42.99,3.98,0.00000,0.00000,46.97,,1 X Markay/PinkBag + -1 X Discount,POS 2,tomderobe@gmail.com,CLOSED,,,,closed,
2026-05-30 13:09:49,622,Sale Line,,,,1.00000,45.99000,4.25408,0.00000,0.00000,50.24408,,Markay/PinkBag,,,,10008542,,,,
2026-05-30 13:09:49,622,Sale Line,,,,-1.00000,-3.00000,-0.27750,0.00000,0.00000,-3.27750,,Discount,,,,vend-discount,,,,
2026-05-30 13:09:42,622,Payment,,,,,,,,,,46.97000,Lightspeed Payments,,,,,,,,
2026-05-30 13:07:11,621,Sale,WALKIN,,,0,42.00,3.89,0.00000,0.00000,45.89,,1 X Mac & Jac Green Blazer / Size XL + -1 X Discount,POS 2,tomderobe@gmail.com,CLOSED,,,,closed,
2026-05-30 13:07:11,621,Sale Line,,,,1.00000,45.00000,4.16250,0.00000,0.00000,49.16250,,Mac & Jac Green Blazer / Size XL,,,,10008312,,,,
2026-05-30 13:07:11,621,Sale Line,,,,-1.00000,-3.00000,-0.27750,0.00000,0.00000,-3.27750,,Discount,,,,vend-discount,,,,
2026-05-30 13:06:44,621,Payment,,,,,,,,,,60.00000,Cash,,,,,,,,
2026-05-30 13:07:11,621,Payment,,,,,,,,,,-14.11000,Cash,,,,,,,,
2026-05-30 12:47:28,620,Sale,WALKIN,,,2,53.98,4.99,0.00000,0.00000,58.97,,1 X Blueh Ciel Pink/Beige Top L + 1 X BlackRuffleSkort/SizeXL + 1 X Andres White Dress L + -1 X Discount,POS 2,tomderobe@gmail.com,CLOSED,,,,closed,
2026-05-30 12:47:28,620,Sale Line,,,,1.00000,21.99000,2.03408,0.00000,0.00000,24.02408,,Blueh Ciel Pink/Beige Top L,,,,10008259,,,,
2026-05-30 12:47:28,620,Sale Line,,,,1.00000,19.99000,1.84908,0.00000,0.00000,21.83908,,BlackRuffleSkort/SizeXL,,,,10006904,,,,
2026-05-30 12:47:28,620,Sale Line,,,,1.00000,15.00000,1.38750,0.00000,0.00000,16.38750,,Andres White Dress L,,,,10007975,,,,
2026-05-30 12:47:28,620,Sale Line,,,,-1.00000,-3.00000,-0.27750,0.00000,0.00000,-3.27750,,Discount,,,,vend-discount,,,,
2026-05-30 12:47:15,620,Payment,,,,,,,,,,58.97000,Lightspeed Payments,,,,,,,,
2026-05-29 19:09:54,619,Sale,WALKIN,,,0,35.99,3.33,0.00000,0.00000,39.32,,1 X VINTAGE Betsey Johnson Purse Floral + -1 X Discount,POS 2,tomderobe@gmail.com,CLOSED,,,,closed,
2026-05-29 19:09:54,619,Sale Line,,,,1.00000,38.99000,3.60658,0.00000,0.00000,42.59658,,VINTAGE Betsey Johnson Purse Floral,,,,10006255,,,,
2026-05-29 19:09:54,619,Sale Line,,,,-1.00000,-3.00000,-0.27750,0.00000,0.00000,-3.27750,,Discount,,,,vend-discount,,,,
2026-05-29 19:09:24,619,Payment,,,,,,,,,,39.32000,Lightspeed Payments,,,,,,,,
2026-05-29 18:20:05,618,Sale,WALKIN,,,1,24.99,2.31,0.00000,0.00000,27.3,,1 X Green Envelope LA Blue Top L,POS 2,tomderobe@gmail.com,CLOSED,,,,closed,
2026-05-29 18:20:05,618,Sale Line,,,,1.00000,24.99000,2.31158,0.00000,0.00000,27.30158,,Green Envelope LA Blue Top L,,,,10008727,,,,
2026-05-29 18:19:57,618,Payment,,,,,,,,,,27.30000,Lightspeed Payments,,,,,,,,
2026-05-29 17:46:55,617,Sale,WALKIN,,,5,153.94,14.24,0.00000,0.00000,168.18,,1 X Calvin Klein Denim Romper 8 + 1 X tan knit tanktop/s + 1 X Blue&YellowSweatrTank/SizeM + 1 X Coke T-shirt + 1 X VintageImpressions/TaupeBlkBlouse/Size8 + 1 X J Crew Blue Dress Size 4 + -1 X Discount,POS 2,tomderobe@gmail.com,CLOSED,,,,closed,
2026-05-29 17:46:55,617,Sale Line,,,,1.00000,39.99000,3.69908,0.00000,0.00000,43.68908,,Calvin Klein Denim Romper 8,,,,10008729,,,,
2026-05-29 17:46:55,617,Sale Line,,,,1.00000,25.99000,2.40408,0.00000,0.00000,28.39408,,tan knit tanktop/s,,,,10007808,,,,
2026-05-29 17:46:55,617,Sale Line,,,,1.00000,25.99000,2.40408,0.00000,0.00000,28.39408,,Blue&YellowSweatrTank/SizeM,,,,10008071,,,,
2026-05-29 17:46:55,617,Sale Line,,,,1.00000,21.99000,2.03408,0.00000,0.00000,24.02408,,Coke T-shirt,,,,10008952,,,,
2026-05-29 17:46:55,617,Sale Line,,,,1.00000,18.99000,1.75658,0.00000,0.00000,20.74658,,VintageImpressions/TaupeBlkBlouse/Size8,,,,10008598,,,,
2026-05-29 17:46:55,617,Sale Line,,,,1.00000,25.99000,2.40408,0.00000,0.00000,28.39408,,J Crew Blue Dress Size 4,,,,10008720,,,,
2026-05-29 17:46:55,617,Sale Line,,,,-1.00000,-5.00000,-0.46250,0.00000,0.00000,-5.46250,,Discount,,,,vend-discount,,,,
2026-05-29 17:46:46,617,Payment,,,,,,,,,,168.18000,Lightspeed Payments,,,,,,,,
2026-05-29 17:00:55,616,Sale,WALKIN,,,5,243.95,22.57,0.00000,0.00000,266.52,,1 X Shyanne Brown Cowgirl Boots / Size 7.5 + 1 X Reversable Pink Floral Tube Top + 1 X Francescas/PinkSweater/SizeS + 1 X BaileyBlue/BlueBlouse/SizeM + 1 X Truth Multicolor Dress w Fun Sleeves / Size XL,POS 2,tomderobe@gmail.com,CLOSED,,,,closed,
2026-05-29 17:00:55,616,Sale Line,,,,1.00000,145.99000,13.50408,0.00000,0.00000,159.49408,,Shyanne Brown Cowgirl Boots / Size 7.5,,,,10005972,,,,
2026-05-29 17:00:55,616,Sale Line,,,,1.00000,21.99000,2.03408,0.00000,0.00000,24.02408,,Reversable Pink Floral Tube Top,,,,10008832,,,,
2026-05-29 17:00:55,616,Sale Line,,,,1.00000,24.99000,2.31158,0.00000,0.00000,27.30158,,Francescas/PinkSweater/SizeS,,,,10008562,,,,
2026-05-29 17:00:55,616,Sale Line,,,,1.00000,24.99000,2.31158,0.00000,0.00000,27.30158,,BaileyBlue/BlueBlouse/SizeM,,,,10005998,,,,
2026-05-29 17:00:55,616,Sale Line,,,,1.00000,25.99000,2.40408,0.00000,0.00000,28.39408,,Truth Multicolor Dress w Fun Sleeves / Size XL,,,,10005518,,,,
2026-05-29 17:00:49,616,Payment,,,,,,,,,,266.52000,Lightspeed Payments,,,,,,,,
2026-05-29 16:04:18,615,Sale,WALKIN,,,1,47.99,4.44,0.00000,0.00000,52.43,,1 X Entro Beige Dress Size M + 1 X Unknown Yellow Boho Dress L + -1 X Discount,POS 2,tomderobe@gmail.com,CLOSED,,,,closed,
2026-05-29 16:04:18,615,Sale Line,,,,1.00000,25.00000,2.31250,0.00000,0.00000,27.31250,,Entro Beige Dress Size M,,,,10008761,,,,
2026-05-29 16:04:18,615,Sale Line,,,,1.00000,25.99000,2.40408,0.00000,0.00000,28.39408,,Unknown Yellow Boho Dress L,,,,10008220,,,,
2026-05-29 16:04:18,615,Sale Line,,,,-1.00000,-3.00000,-0.27750,0.00000,0.00000,-3.27750,,Discount,,,,vend-discount,,,,
2026-05-29 16:04:05,615,Payment,,,,,,,,,,52.43000,Lightspeed Payments,,,,,,,,
2026-05-29 15:32:08,614,Sale,WALKIN,,,0,18.99,1.76,0.00000,0.00000,20.75,,1 X coco & jaimeson Orange Dress / Size S + -1 X Discount,POS 2,tomderobe@gmail.com,CLOSED,,,,closed,
2026-05-29 15:32:08,614,Sale Line,,,,1.00000,21.99000,2.03408,0.00000,0.00000,24.02408,,coco & jaimeson Orange Dress / Size S,,,,10007776,,,,
2026-05-29 15:32:08,614,Sale Line,,,,-1.00000,-3.00000,-0.27750,0.00000,0.00000,-3.27750,,Discount,,,,vend-discount,,,,
2026-05-29 15:31:53,614,Payment,,,,,,,,,,20.75000,Lightspeed Payments,,,,,,,,
2026-05-29 14:46:25,613,Sale,WALKIN,,,1,23.99,2.22,0.00000,0.00000,26.21,,1 X As-is Vintage Sailor Top/ Size S,POS 2,tomderobe@gmail.com,CLOSED,,,,closed,
2026-05-29 14:46:25,613,Sale Line,,,,1.00000,23.99000,2.21908,0.00000,0.00000,26.20908,,As-is Vintage Sailor Top/ Size S,,,,10007309,,,,
2026-05-29 14:46:05,613,Payment,,,,,,,,,,26.21000,Lightspeed Payments,,,,,,,,
2026-05-29 14:11:41,612,Sale,WALKIN,,,1,5.00,0.46,0.00000,0.00000,5.46,,1 X HOLDINGITEM,POS 2,tomderobe@gmail.com,CLOSED,,,,closed,
2026-05-29 14:11:41,612,Sale Line,,,,1.00000,5.00000,0.46250,0.00000,0.00000,5.46250,,HOLDINGITEM,,,,10008300,,,,
2026-05-29 14:11:07,612,Payment,,,,,,,,,,5.50000,Cash,,,,,,,,
2026-05-29 14:11:41,612,Payment,,,,,,,,,,-0.04000,Cash,,,,,,,,
2026-05-29 14:09:41,611,Sale,WALKIN,,,1,325.00,30.06,0.00000,0.00000,355.06,,1 X NWT coach/ 1964 suede fringe/ tan,POS 2,tomderobe@gmail.com,CLOSED,,,,closed,
2026-05-29 14:09:41,611,Sale Line,,,,1.00000,325.00000,30.06250,0.00000,0.00000,355.06250,,NWT coach/ 1964 suede fringe/ tan,,,,10004701,,,,
2026-05-29 14:09:35,611,Payment,,,,,,,,,,355.06000,Lightspeed Payments,,,,,,,,
2026-05-29 13:37:26,610,Sale,WALKIN,,,1,16.99,1.57,0.00000,0.00000,18.56,,1 X LuckyBrand/ FluerDeLis Shirt/ Blk&Wht/ Size S,POS 2,tomderobe@gmail.com,CLOSED,,,,closed,
2026-05-29 13:37:26,610,Sale Line,,,,1.00000,16.99000,1.57158,0.00000,0.00000,18.56158,,LuckyBrand/ FluerDeLis Shirt/ Blk&Wht/ Size S,,,,10005057,,,,
2026-05-29 13:37:18,610,Payment,,,,,,,,,,18.56000,Lightspeed Payments,,,,,,,,
2026-05-29 13:02:44,609,Sale,WALKIN,,,2,32.99,3.05,0.00000,0.00000,36.04,,1 X Limited/BlkSheerBttnDwn/SizeM + 1 X Roxy Green Top Size L,POS 2,tomderobe@gmail.com,CLOSED,,,,closed,
2026-05-29 13:02:44,609,Sale Line,,,,1.00000,21.99000,2.03408,0.00000,0.00000,24.02408,,Limited/BlkSheerBttnDwn/SizeM,,,,10006407,,,,
2026-05-29 13:02:44,609,Sale Line,,,,1.00000,11.00000,1.01750,0.00000,0.00000,12.01750,,Roxy Green Top Size L,,,,10007561,,,,
2026-05-29 13:02:33,609,Payment,,,,,,,,,,36.04000,Lightspeed Payments,,,,,,,,
2026-05-28 20:08:59,608,Sale,WALKIN,,,2,72.98,6.75,0.00000,0.00000,79.73,,1 X Athleta Savannah Black Dress L + 1 X Zesica NWT white dress/L,POS 2,tomderobe@gmail.com,CLOSED,,,,closed,
2026-05-28 20:08:59,608,Sale Line,,,,1.00000,38.99000,3.60658,0.00000,0.00000,42.59658,,Athleta Savannah Black Dress L,,,,10008697,,,,
2026-05-28 20:08:59,608,Sale Line,,,,1.00000,33.99000,3.14408,0.00000,0.00000,37.13408,,Zesica NWT white dress/L,,,,10006846,,,,
2026-05-28 20:07:53,608,Payment,,,,,,,,,,79.73000,Lightspeed Payments,,,,,,,,
2026-05-28 20:00:18,607,Sale,WALKIN,,,1,44.99,4.16,0.00000,0.00000,49.15,,1 X NWT Nanette Lepore Black Dress 0,POS 2,tomderobe@gmail.com,CLOSED,,,,closed,
2026-05-28 20:00:18,607,Sale Line,,,,1.00000,44.99000,4.16158,0.00000,0.00000,49.15158,,NWT Nanette Lepore Black Dress 0,,,,10007633,,,,
2026-05-28 19:59:54,607,Payment,,,,,,,,,,49.15000,Lightspeed Payments,,,,,,,,
2026-05-28 19:24:03,606,Sale,WALKIN,,,1,22.99,2.13,0.00000,0.00000,25.12,,1 X Love on a hanger Embroidered Cami L,POS 2,tomderobe@gmail.com,CLOSED,,,,closed,
2026-05-28 19:24:03,606,Sale Line,,,,1.00000,22.99000,2.12658,0.00000,0.00000,25.11658,,Love on a hanger Embroidered Cami L,,,,10008258,,,,
2026-05-28 19:24:00,606,Payment,,,,,,,,,,25.12000,Cash,,,,,,,,
2026-05-28 18:44:42,605,Sale,WALKIN,,,4,122.96,11.37,0.00000,0.00000,134.33,,1 X 7 FAMK Skinny Jeans / Size 27 + 1 X alpine/pant/prp/m + 1 X Lyn Burcher Clay Orange Top / Size L + 1 X H&M White Cross Top Size M,POS 2,tomderobe@gmail.com,CLOSED,,,,closed,
2026-05-28 18:44:42,605,Sale Line,,,,1.00000,36.99000,3.42158,0.00000,0.00000,40.41158,,7 FAMK Skinny Jeans / Size 27,,,,10003794,,,,
2026-05-28 18:44:42,605,Sale Line,,,,1.00000,34.99000,3.23658,0.00000,0.00000,38.22658,,alpine/pant/prp/m,,,,10003623,,,,
2026-05-28 18:44:42,605,Sale Line,,,,1.00000,27.99000,2.58908,0.00000,0.00000,30.57908,,Lyn Burcher Clay Orange Top / Size L,,,,10008191,,,,
2026-05-28 18:44:42,605,Sale Line,,,,1.00000,22.99000,2.12658,0.00000,0.00000,25.11658,,H&M White Cross Top Size M,,,,10008873,,,,
2026-05-28 18:44:36,605,Payment,,,,,,,,,,134.33000,Lightspeed Payments,,,,,,,,
2026-05-28 18:41:40,604,Sale,WALKIN,,,2,665.00,61.51,0.00000,0.00000,726.51,,1 X Coach Pink Leather Shoulder Purse + 1 X Coach Legacy Bag Tan,POS 2,tomderobe@gmail.com,CLOSED,,,,closed,
2026-05-28 18:41:40,604,Sale Line,,,,1.00000,215.00000,19.88750,0.00000,0.00000,234.88750,,Coach Pink Leather Shoulder Purse,,,,10007499,,,,
2026-05-28 18:41:40,604,Sale Line,,,,1.00000,450.00000,41.62500,0.00000,0.00000,491.62500,,Coach Legacy Bag Tan,,,,10007095,,,,
2026-05-28 18:41:30,604,Payment,,,,,,,,,,726.51000,Lightspeed Payments,,,,,,,,
2026-05-28 17:31:43,603,Sale,WALKIN,,,0,13.99,1.29,0.00000,0.00000,15.28,,-1 X Discount + 1 X Unknown Black Butterfly Sheer Top XXL,POS 2,tomderobe@gmail.com,CLOSED,,,,closed,
2026-05-28 17:31:43,603,Sale Line,,,,-1.00000,-5.00000,-0.46250,0.00000,0.00000,-5.46250,,Discount,,,,vend-discount,,,,
2026-05-28 17:31:43,603,Sale Line,,,,1.00000,18.99000,1.75658,0.00000,0.00000,20.74658,,Unknown Black Butterfly Sheer Top XXL,,,,10008432,,,,
2026-05-28 17:31:25,603,Payment,,,,,,,,,,15.28000,Lightspeed Payments,,,,,,,,
2026-05-28 15:37:05,602,Sale,WALKIN,,,1,25.00,0.00,0.00000,0.00000,25,,1 X Gift Card,POS 2,tomderobe@gmail.com,VOIDED,,,,voided,
2026-05-28 15:37:05,602,Sale Line,,,,1.00000,25.00000,0.00000,0.00000,0.00000,25.00000,,Gift Card,,,,vend-internal-gift-card,,,,
2026-05-28 15:37:02,602,Payment,,,,,,,,,,25.00000,Cash,,,,,,,,
2026-05-28 15:06:13,601,Sale,WALKIN,,,3,317.98,29.41,0.00000,0.00000,347.39,,1 X Coach Leatherware Bag + 1 X Bebe Black Top/Size S + 1 X ExpressJacket,POS 2,tomderobe@gmail.com,CLOSED,,,,closed,
2026-05-28 15:06:13,601,Sale Line,,,,1.00000,275.00000,25.43750,0.00000,0.00000,300.43750,,Coach Leatherware Bag,,,,10004520,,,,
2026-05-28 15:06:13,601,Sale Line,,,,1.00000,22.99000,2.12658,0.00000,0.00000,25.11658,,Bebe Black Top/Size S,,,,10005241,,,,
2026-05-28 15:06:13,601,Sale Line,,,,1.00000,19.99000,1.84908,0.00000,0.00000,21.83908,,ExpressJacket / Black / 0 / 14.14,,,,10002618,,,,
2026-05-28 15:06:04,601,Payment,,,,,,,,,,347.39000,Lightspeed Payments,,,,,,,,
2026-05-28 14:09:46,600,Sale,WALKIN,,,1,18.99,1.76,0.00000,0.00000,20.75,,1 X INC black tank brown Size M,POS 2,tomderobe@gmail.com,CLOSED,,,,closed,
2026-05-28 14:09:46,600,Sale Line,,,,1.00000,18.99000,1.75658,0.00000,0.00000,20.74658,,INC black tank brown Size M,,,,10008928,,,,
2026-05-28 14:09:35,600,Payment,,,,,,,,,,20.75000,Lightspeed Payments,,,,,,,,
2026-05-28 12:46:41,599,Sale,WALKIN,,,1,35.99,3.33,0.00000,0.00000,39.32,,1 X Courtenay VintageJacket,POS 2,tomderobe@gmail.com,CLOSED,,,,closed,
2026-05-28 12:46:41,599,Sale Line,,,,1.00000,35.99000,3.32908,0.00000,0.00000,39.31908,,Courtenay VintageJacket / Maroon / 10 / 15.48,,,,10002885,,,,
2026-05-28 12:46:30,599,Payment,,,,,,,,,,39.32000,Lightspeed Payments,,,,,,,,
2026-05-27 17:49:30,598,Sale,WALKIN,,,1,25.00,2.31,0.00000,0.00000,27.31,,1 X Free People White LS Top M,POS 2,tomderobe@gmail.com,CLOSED,,,,closed,
2026-05-27 17:49:30,598,Sale Line,,,,1.00000,25.00000,2.31250,0.00000,0.00000,27.31250,,Free People White LS Top M,,,,10008762,,,,
2026-05-27 17:49:24,598,Payment,,,,,,,,,,40.00000,Cash,,,,,,,,
2026-05-27 17:49:30,598,Payment,,,,,,,,,,-12.69000,Cash,,,,,,,,
2026-05-27 17:03:46,597,Sale,WALKIN,,,2,65.98,6.10,0.00000,0.00000,72.08,,1 X Rock & Republic Bluejeans Size S + 1 X Floral Midi Skirt/ Brwn&Pnk/ Size L,POS 2,tomderobe@gmail.com,CLOSED,,,,closed,
2026-05-27 17:03:46,597,Sale Line,,,,1.00000,39.99000,3.69908,0.00000,0.00000,43.68908,,Rock & Republic Bluejeans Size S,,,,10003555,,,,
2026-05-27 17:03:46,597,Sale Line,,,,1.00000,25.99000,2.40408,0.00000,0.00000,28.39408,,Floral Midi Skirt/ Brwn&Pnk/ Size L,,,,10005432,,,,
2026-05-27 17:03:41,597,Payment,,,,,,,,,,72.08000,Lightspeed Payments,,,,,,,,
2026-05-27 17:02:48,596,Sale,WALKIN,,,1,22.99,2.13,0.00000,0.00000,25.12,,1 X Jun & Ivy Blue & White Crop Top / Size XS,POS 2,tomderobe@gmail.com,CLOSED,,,,closed,
2026-05-27 17:02:48,596,Sale Line,,,,1.00000,22.99000,2.12658,0.00000,0.00000,25.11658,,Jun & Ivy Blue & White Crop Top / Size XS,,,,10005986,,,,
2026-05-27 17:02:41,596,Payment,,,,,,,,,,25.12000,Lightspeed Payments,,,,,,,,
2026-05-27 15:35:09,595,Sale,WALKIN,,,3,191.98,17.76,0.00000,0.00000,209.74,,1 X NWT Undiz crochet croptop/s + 1 X Harley Davidson Tank Top/Size L + 1 X PoloRL/PinkzipupJacket/SizeXL,POS 2,tomderobe@gmail.com,CLOSED,,,,closed,
2026-05-27 15:35:09,595,Sale Line,,,,1.00000,15.99000,1.47908,0.00000,0.00000,17.46908,,NWT Undiz crochet croptop/s,,,,10008369,,,,
2026-05-27 15:35:09,595,Sale Line,,,,1.00000,25.99000,2.40408,0.00000,0.00000,28.39408,,Harley Davidson Tank Top/Size L,,,,10007136,,,,
2026-05-27 15:35:09,595,Sale Line,,,,1.00000,150.00000,13.87500,0.00000,0.00000,163.87500,,PoloRL/PinkzipupJacket/SizeXL,,,,10005337,,,,
2026-05-27 15:34:26,595,Payment,,,,,,,,,,210.00000,Cash,,,,,,,,
2026-05-27 15:35:09,595,Payment,,,,,,,,,,-0.26000,Cash,,,,,,,,
2026-05-27 15:20:14,594,Sale,WALKIN,,,2,102.98,9.53,0.00000,0.00000,112.51,,1 X Wire Metal Purse + 1 X Express/WhiteDress/SizeXS,POS 2,tomderobe@gmail.com,CLOSED,,,,closed,
2026-05-27 15:20:14,594,Sale Line,,,,1.00000,79.99000,7.39908,0.00000,0.00000,87.38908,,Wire Metal Purse,,,,10006503,,,,
2026-05-27 15:20:14,594,Sale Line,,,,1.00000,22.99000,2.12658,0.00000,0.00000,25.11658,,Express/WhiteDress/SizeXS,,,,10008570,,,,
2026-05-27 15:20:07,594,Payment,,,,,,,,,,112.51000,Lightspeed Payments,,,,,,,,
2026-05-27 14:54:07,593,Sale,WALKIN,,,1,25.00,0.00,0.00000,0.00000,25,,1 X Gift Card,POS 2,tomderobe@gmail.com,VOIDED,,,,voided,
2026-05-27 14:54:07,593,Sale Line,,,,1.00000,25.00000,0.00000,0.00000,0.00000,25.00000,,Gift Card,,,,vend-internal-gift-card,,,,
2026-05-27 14:54:02,593,Payment,,,,,,,,,,25.00000,Cash,,,,,,,,
2026-05-27 13:32:27,592,Sale,WALKIN,,,2,107.98,9.99,0.00000,0.00000,117.97,,1 X Rhythm/WhiBlueFloralTop/SizeXS + 1 X Circle G Beige Emb Cowgirl Boots / Size 8,POS 2,tomderobe@gmail.com,CLOSED,,,,closed,
2026-05-27 13:32:27,592,Sale Line,,,,1.00000,17.99000,1.66408,0.00000,0.00000,19.65408,,Rhythm/WhiBlueFloralTop/SizeXS,,,,10008342,,,,
2026-05-27 13:32:27,592,Sale Line,,,,1.00000,89.99000,8.32408,0.00000,0.00000,98.31408,,Circle G Beige Emb Cowgirl Boots / Size 8,,,,10008539,,,,
2026-05-27 13:32:16,592,Payment,,,,,,,,,,117.97000,Lightspeed Payments,,,,,,,,
2026-05-25 16:12:04,591,Sale,WALKIN,,,1,25.99,2.40,0.00000,0.00000,28.39,,1 X Storia Burnt Orange Stripe Wrap Dress/Size XL,POS 2,tomderobe@gmail.com,CLOSED,,,,closed,
2026-05-25 16:12:04,591,Sale Line,,,,1.00000,25.99000,2.40408,0.00000,0.00000,28.39408,,Storia Burnt Orange Stripe Wrap Dress/Size XL,,,,10005217,,,,
2026-05-25 16:11:56,591,Payment,,,,,,,,,,28.39000,Lightspeed Payments,,,,,,,,
2026-05-25 14:08:30,590,Sale,WALKIN,,,1,28.99,2.68,0.00000,0.00000,31.67,,1 X Floral Shawl/ Blk&Wht/ Size XL,POS 2,tomderobe@gmail.com,CLOSED,,,,closed,
2026-05-25 14:08:30,590,Sale Line,,,,1.00000,28.99000,2.68158,0.00000,0.00000,31.67158,,Floral Shawl/ Blk&Wht/ Size XL,,,,10005434,,,,
2026-05-25 14:08:25,590,Payment,,,,,,,,,,31.67000,Lightspeed Payments,,,,,,,,
2026-05-25 14:03:44,589,Sale,WALKIN,,,1,27.99,2.59,0.00000,0.00000,30.58,,1 X Honey Peach Green Sleeveless Dress S,POS 2,tomderobe@gmail.com,CLOSED,,,,closed,
2026-05-25 14:03:44,589,Sale Line,,,,1.00000,27.99000,2.58908,0.00000,0.00000,30.57908,,Honey Peach Green Sleeveless Dress S,,,,10008656,,,,
2026-05-25 14:03:23,589,Payment,,,,,,,,,,40.00000,Cash,,,,,,,,
2026-05-25 14:03:44,589,Payment,,,,,,,,,,-9.42000,Cash,,,,,,,,
2026-05-25 13:32:03,588,Sale,WALKIN,,,2,53.98,4.99,0.00000,0.00000,58.97,,1 X BKE Belt / Size S + 1 X vintage catalina sportswear tanktop/M,POS 2,tomderobe@gmail.com,CLOSED,,,,closed,
2026-05-25 13:32:03,588,Sale Line,,,,1.00000,42.99000,3.97658,0.00000,0.00000,46.96658,,BKE Belt / Size S,,,,10006635,,,,
2026-05-25 13:32:03,588,Sale Line,,,,1.00000,10.99000,1.01658,0.00000,0.00000,12.00658,,vintage catalina sportswear tanktop/M,,,,10008091,,,,
2026-05-25 13:31:41,588,Payment,,,,,,,,,,58.97000,Lightspeed Payments,,,,,,,,
2026-05-25 13:07:29,587,Sale,WALKIN,,,1,27.99,2.59,0.00000,0.00000,30.58,,1 X Vintage Black Bolero Lace Shrug M,POS 2,tomderobe@gmail.com,CLOSED,,,,closed,
2026-05-25 13:07:29,587,Sale Line,,,,1.00000,27.99000,2.58908,0.00000,0.00000,30.57908,,Vintage Black Bolero Lace Shrug M,,,,10008808,,,,
2026-05-25 13:07:21,587,Payment,,,,,,,,,,30.58000,Lightspeed Payments,,,,,,,,
2026-05-25 12:34:21,586,Sale,WALKIN,,,1,45.99,4.25,0.00000,0.00000,50.24,,1 X Sam Edelman Laurs Lug Loafer/Size 8.5,POS 2,tomderobe@gmail.com,CLOSED,,,,closed,
2026-05-25 12:34:21,586,Sale Line,,,,1.00000,45.99000,4.25408,0.00000,0.00000,50.24408,,Sam Edelman Laurs Lug Loafer/Size 8.5,,,,10007077,,,,
2026-05-25 12:34:14,586,Payment,,,,,,,,,,50.24000,Lightspeed Payments,,,,,,,,
2026-05-25 11:52:55,585,Sale,WALKIN,,,3,70.97,6.56,0.00000,0.00000,77.53,,1 X Lili Sidonio Pink Floral Skirt / Size XS + 1 X Blue Blush Red Dress/Size M + 1 X J. Jill  Black Floral Dress Size S,POS 2,tomderobe@gmail.com,CLOSED,,,,closed,
2026-05-25 11:52:55,585,Sale Line,,,,1.00000,24.99000,2.31158,0.00000,0.00000,27.30158,,Lili Sidonio Pink Floral Skirt / Size XS,,,,10005735,,,,
2026-05-25 11:52:55,585,Sale Line,,,,1.00000,18.99000,1.75658,0.00000,0.00000,20.74658,,Blue Blush Red Dress/Size M,,,,10006816,,,,
2026-05-25 11:52:55,585,Sale Line,,,,1.00000,26.99000,2.49658,0.00000,0.00000,29.48658,,J. Jill  Black Floral Dress Size S,,,,10007198,,,,
2026-05-25 11:52:44,585,Payment,,,,,,,,,,77.53000,Lightspeed Payments,,,,,,,,
2026-05-24 18:02:44,584,Sale,WALKIN,,,1,27.99,2.59,0.00000,0.00000,30.58,,1 X Y2K Red Mesh Lace Babydoll Top L,POS 2,tomderobe@gmail.com,CLOSED,,,,closed,
2026-05-24 18:02:44,584,Sale Line,,,,1.00000,27.99000,2.58908,0.00000,0.00000,30.57908,,Y2K Red Mesh Lace Babydoll Top L,,,,10008670,,,,
2026-05-24 18:02:42,584,Payment,,,,,,,,,,40.00000,Cash,,,,,,,,
2026-05-24 18:02:44,584,Payment,,,,,,,,,,-9.42000,Cash,,,,,,,,
2026-05-24 16:44:16,583,Sale,WALKIN,,,2,42.98,3.98,0.00000,0.00000,46.96,,1 X Sienna Sky White SL Blouse w Flowers / Size M + 1 X J Crew Pink Satin Skirt / Size 6,POS 2,tomderobe@gmail.com,CLOSED,,,,closed,
2026-05-24 16:44:16,583,Sale Line,,,,1.00000,17.99000,1.66408,0.00000,0.00000,19.65408,,Sienna Sky White SL Blouse w Flowers / Size M,,,,10007923,,,,
2026-05-24 16:44:16,583,Sale Line,,,,1.00000,24.99000,2.31158,0.00000,0.00000,27.30158,,J Crew Pink Satin Skirt / Size 6,,,,10007866,,,,
2026-05-24 16:44:09,583,Payment,,,,,,,,,,46.96000,Lightspeed Payments,,,,,,,,
2026-05-24 16:43:09,582,Sale,WALKIN,,,2,56.98,5.27,0.00000,0.00000,62.25,,1 X Pink Chic Vintage T Shirt Size M + 1 X Laxman Collection Rainbow Hoodie/ Size M,POS 2,tomderobe@gmail.com,CLOSED,,,,closed,
2026-05-24 16:43:09,582,Sale Line,,,,1.00000,23.99000,2.21908,0.00000,0.00000,26.20908,,Pink Chic Vintage T Shirt Size M,,,,10007146,,,,
2026-05-24 16:43:09,582,Sale Line,,,,1.00000,32.99000,3.05158,0.00000,0.00000,36.04158,,Laxman Collection Rainbow Hoodie/ Size M,,,,10006774,,,,
2026-05-24 16:43:03,582,Payment,,,,,,,,,,62.25000,Lightspeed Payments,,,,,,,,
2026-05-24 15:16:54,581,Sale,WALKIN,,,1,18.99,1.76,0.00000,0.00000,20.75,,1 X Altar'd State Blue Floral Romper / Size M,POS 2,tomderobe@gmail.com,CLOSED,,,,closed,
2026-05-24 15:16:54,581,Sale Line,,,,1.00000,18.99000,1.75658,0.00000,0.00000,20.74658,,Altar'd State Blue Floral Romper / Size M,,,,10005120,,,,
2026-05-24 15:16:45,581,Payment,,,,,,,,,,20.75000,Lightspeed Payments,,,,,,,,
2026-05-24 15:02:09,580,Sale,WALKIN,,,1,46.99,4.35,0.00000,0.00000,51.34,,1 X Mod Ref White Jacket Size L,POS 2,tomderobe@gmail.com,CLOSED,,,,closed,
2026-05-24 15:02:09,580,Sale Line,,,,1.00000,46.99000,4.34658,0.00000,0.00000,51.33658,,Mod Ref White Jacket Size L,,,,10007479,,,,
2026-05-24 15:01:59,580,Payment,,,,,,,,,,51.34000,Lightspeed Payments,,,,,,,,
2026-05-24 13:33:36,579,Sale,WALKIN,,,1,18.99,1.76,0.00000,0.00000,20.75,,1 X Urban Outfitters Tan Sandals/Size 10,POS 2,tomderobe@gmail.com,CLOSED,,,,closed,
2026-05-24 13:33:36,579,Sale Line,,,,1.00000,18.99000,1.75658,0.00000,0.00000,20.74658,,Urban Outfitters Tan Sandals/Size 10,,,,10007076,,,,
2026-05-24 13:33:28,579,Payment,,,,,,,,,,20.75000,Lightspeed Payments,,,,,,,,
2026-05-24 13:11:52,578,Sale,WALKIN,,,1,24.99,2.31,0.00000,0.00000,27.3,,1 X Cynthia Steffe Skirt Red Size 2,POS 2,tomderobe@gmail.com,CLOSED,,,,closed,
2026-05-24 13:11:52,578,Sale Line,,,,1.00000,24.99000,2.31158,0.00000,0.00000,27.30158,,Cynthia Steffe Skirt Red Size 2,,,,10007163,,,,
2026-05-24 13:11:41,578,Payment,,,,,,,,,,27.30000,Lightspeed Payments,,,,,,,,
2026-05-24 13:03:37,577,Sale,WALKIN,,,2,44.98,4.16,0.00000,0.00000,49.14,,1 X Red Seethrough SL Poncho / Size M + 1 X New In Pink Skirt / Size S,POS 2,tomderobe@gmail.com,CLOSED,,,,closed,
2026-05-24 13:03:37,577,Sale Line,,,,1.00000,22.99000,2.12658,0.00000,0.00000,25.11658,,Red Seethrough SL Poncho / Size M,,,,10007992,,,,
2026-05-24 13:03:37,577,Sale Line,,,,1.00000,21.99000,2.03408,0.00000,0.00000,24.02408,,New In Pink Skirt / Size S,,,,10005727,,,,
2026-05-24 13:03:29,577,Payment,,,,,,,,,,49.14000,Lightspeed Payments,,,,,,,,
2026-05-24 12:25:37,576,Sale,WALKIN,,,1,12.99,1.20,0.00000,0.00000,14.19,,1 X Signals Multi-Color Pants Size XL,POS 2,tomderobe@gmail.com,CLOSED,,,,closed,
2026-05-24 12:25:37,576,Sale Line,,,,1.00000,12.99000,1.20158,0.00000,0.00000,14.19158,,Signals Multi-Color Pants Size XL,,,,10007429,,,,
2026-05-24 12:25:29,576,Payment,,,,,,,,,,14.19000,Lightspeed Payments,,,,,,,,
2026-05-24 11:44:06,575,Sale,WALKIN,,,2,89.98,8.32,0.00000,0.00000,98.3,,1 X Red Halter Bra / Size S + 1 X VintagePamelaF/RedStitchSkirt/Size6,POS 2,tomderobe@gmail.com,CLOSED,,,,closed,
2026-05-24 11:44:06,575,Sale Line,,,,1.00000,13.99000,1.29408,0.00000,0.00000,15.28408,,Red Halter Bra / Size S,,,,10008164,,,,
2026-05-24 11:44:06,575,Sale Line,,,,1.00000,75.99000,7.02908,0.00000,0.00000,83.01908,,VintagePamelaF/RedStitchSkirt/Size6,,,,10008546,,,,
2026-05-24 11:43:59,575,Payment,,,,,,,,,,98.30000,Lightspeed Payments,,,,,,,,
2026-05-24 11:08:22,574,Sale,WALKIN,,,2,48.98,4.53,0.00000,0.00000,53.51,,1 X Maurizio Floral Long Clutch + 1 X Grey Kiss Tee/Size S,POS 2,tomderobe@gmail.com,CLOSED,,,,closed,
2026-05-24 11:08:22,574,Sale Line,,,,1.00000,22.99000,2.12658,0.00000,0.00000,25.11658,,Maurizio Floral Long Clutch,,,,10004532,,,,
2026-05-24 11:08:22,574,Sale Line,,,,1.00000,25.99000,2.40408,0.00000,0.00000,28.39408,,Grey Kiss Tee/Size S,,,,10004121,,,,
2026-05-24 11:08:11,574,Payment,,,,,,,,,,53.51000,Lightspeed Payments,,,,,,,,
2026-05-23 19:44:15,573,Sale,WALKIN,,,1,14.99,1.39,0.00000,0.00000,16.38,,1 X Unknown White Camisole Size M,POS 2,tomderobe@gmail.com,CLOSED,,,,closed,
2026-05-23 19:44:15,573,Sale Line,,,,1.00000,14.99000,1.38658,0.00000,0.00000,16.37658,,Unknown White Camisole Size M,,,,10003375,,,,
2026-05-23 19:44:10,573,Payment,,,,,,,,,,16.38000,Lightspeed Payments,,,,,,,,
2026-05-23 19:43:36,572,Sale,WALKIN,,,1,12.99,1.20,0.00000,0.00000,14.19,,1 X Black lace coverall  OSFM,POS 2,tomderobe@gmail.com,CLOSED,,,,closed,
2026-05-23 19:43:36,572,Sale Line,,,,1.00000,12.99000,1.20158,0.00000,0.00000,14.19158,,Black lace coverall  OSFM,,,,10008666,,,,
2026-05-23 19:43:30,572,Payment,,,,,,,,,,14.19000,Lightspeed Payments,,,,,,,,
2026-05-23 16:13:56,571,Sale,WALKIN,,,3,45.96,4.25,0.00000,0.00000,50.21,,1 X SilverGoldBracelet + 1 X HelloFranki/Blue&WhiTop/SizeL + 1 X JacquelineF/BrownCrossBag + 1 X Abercrombie/GryTanHalterTop/SizeM + -1 X Discount,POS 2,tomderobe@gmail.com,CLOSED,,,,closed,
2026-05-23 16:13:56,571,Sale Line,,,,1.00000,10.99000,1.01658,0.00000,0.00000,12.00658,,SilverGoldBracelet,,,,10008605,,,,
2026-05-23 16:13:56,571,Sale Line,,,,1.00000,14.99000,1.38658,0.00000,0.00000,16.37658,,HelloFranki/Blue&WhiTop/SizeL,,,,10008292,,,,
2026-05-23 16:13:56,571,Sale Line,,,,1.00000,7.99000,0.73908,0.00000,0.00000,8.72908,,JacquelineF/BrownCrossBag,,,,10008316,,,,
2026-05-23 16:13:56,571,Sale Line,,,,1.00000,14.99000,1.38658,0.00000,0.00000,16.37658,,Abercrombie/GryTanHalterTop/SizeM,,,,10008337,,,,
2026-05-23 16:13:56,571,Sale Line,,,,-1.00000,-3.00000,-0.27750,0.00000,0.00000,-3.27750,,Discount,,,,vend-discount,,,,
2026-05-23 16:13:34,571,Payment,,,,,,,,,,50.21000,Lightspeed Payments,,,,,,,,
2026-05-23 16:11:46,570,Sale,WALKIN,,,0,15.99,1.48,0.00000,0.00000,17.47,,1 X Sonoma RWB Woven Purse + -1 X Discount,POS 2,tomderobe@gmail.com,CLOSED,,,,closed,
2026-05-23 16:11:46,570,Sale Line,,,,1.00000,18.99000,1.75658,0.00000,0.00000,20.74658,,Sonoma RWB Woven Purse,,,,10007934,,,,
2026-05-23 16:11:46,570,Sale Line,,,,-1.00000,-3.00000,-0.27750,0.00000,0.00000,-3.27750,,Discount,,,,vend-discount,,,,
2026-05-23 16:11:38,570,Payment,,,,,,,,,,17.47000,Lightspeed Payments,,,,,,,,
2026-05-23 16:03:32,569,Sale,WALKIN,,,1,12.99,1.20,0.00000,0.00000,14.19,,1 X Ande Black Purse Gold Hardware,POS 2,tomderobe@gmail.com,CLOSED,,,,closed,
2026-05-23 16:03:32,569,Sale Line,,,,1.00000,12.99000,1.20158,0.00000,0.00000,14.19158,,Ande Black Purse Gold Hardware,,,,10007928,,,,
2026-05-23 16:03:25,569,Payment,,,,,,,,,,14.19000,Lightspeed Payments,,,,,,,,
2026-05-23 15:06:50,568,Sale,WALKIN,,,1,55.99,5.18,0.00000,0.00000,61.17,,1 X Mystree/BrwnStripeSweater/SizeS,POS 2,tomderobe@gmail.com,CLOSED,,,,closed,
2026-05-23 15:06:50,568,Sale Line,,,,1.00000,55.99000,5.17908,0.00000,0.00000,61.16908,,Mystree/BrwnStripeSweater/SizeS,,,,10006011,,,,
2026-05-23 15:06:43,568,Payment,,,,,,,,,,61.17000,Lightspeed Payments,,,,,,,,
2026-05-23 15:05:01,567,Sale,WALKIN,,,4,88.96,8.23,0.00000,0.00000,97.19,,1 X Ann Taylor Yellow/White Top S + 1 X eyeshadow creme lace vest/s + 1 X EM Mustard Yellow Top/Size S + 1 X Multicolor Bead Earrings,POS 2,tomderobe@gmail.com,CLOSED,,,,closed,
2026-05-23 15:05:01,567,Sale Line,,,,1.00000,24.99000,2.31158,0.00000,0.00000,27.30158,,Ann Taylor Yellow/White Top S,,,,10008470,,,,
2026-05-23 15:05:01,567,Sale Line,,,,1.00000,18.99000,1.75658,0.00000,0.00000,20.74658,,eyeshadow creme lace vest/s,,,,10008140,,,,
2026-05-23 15:05:01,567,Sale Line,,,,1.00000,24.99000,2.31158,0.00000,0.00000,27.30158,,EM Mustard Yellow Top/Size S,,,,10005828,,,,
2026-05-23 15:05:01,567,Sale Line,,,,1.00000,19.99000,1.84908,0.00000,0.00000,21.83908,,Multicolor Bead Earrings,,,,10008433,,,,
2026-05-23 15:04:55,567,Payment,,,,,,,,,,97.19000,Lightspeed Payments,,,,,,,,
2026-05-23 14:58:34,566,Sale,WALKIN,,,1,32.99,3.05,0.00000,0.00000,36.04,,1 X R & K Yellow Pant Top Set / Size 10,POS 2,tomderobe@gmail.com,CLOSED,,,,closed,
2026-05-23 14:58:34,566,Sale Line,,,,1.00000,32.99000,3.05158,0.00000,0.00000,36.04158,,R & K Yellow Pant Top Set / Size 10,,,,10007718,,,,
2026-05-23 14:58:25,566,Payment,,,,,,,,,,36.04000,Lightspeed Payments,,,,,,,,
2026-05-23 12:57:52,565,Sale,WALKIN,,,1,21.99,2.03,0.00000,0.00000,24.02,,1 X FP One Cami Dress Size XS,POS 2,tomderobe@gmail.com,CLOSED,,,,closed,
2026-05-23 12:57:52,565,Sale Line,,,,1.00000,21.99000,2.03408,0.00000,0.00000,24.02408,,FP One Cami Dress Size XS,,,,10007285,,,,
2026-05-23 12:57:42,565,Payment,,,,,,,,,,24.02000,Lightspeed Payments,,,,,,,,
2026-05-23 12:50:54,564,Sale,WALKIN,,,1,24.99,2.31,0.00000,0.00000,27.3,,1 X MulicolStripSweater/SizeM,POS 2,tomderobe@gmail.com,CLOSED,,,,closed,
2026-05-23 12:50:54,564,Sale Line,,,,1.00000,24.99000,2.31158,0.00000,0.00000,27.30158,,MulicolStripSweater/SizeM,,,,10008566,,,,
2026-05-23 12:50:41,564,Payment,,,,,,,,,,27.30000,Lightspeed Payments,,,,,,,,
2026-05-23 12:39:14,563,Sale,WALKIN,,,1,29.99,2.77,0.00000,0.00000,32.76,,1 X cpck&cash/rvs bmb jkt/blk/m,POS 2,tomderobe@gmail.com,CLOSED,,,,closed,
2026-05-23 12:39:14,563,Sale Line,,,,1.00000,29.99000,2.77408,0.00000,0.00000,32.76408,,cpck&cash/rvs bmb jkt/blk/m,,,,10003735,,,,
2026-05-23 12:38:54,563,Payment,,,,,,,,,,32.76000,Lightspeed Payments,,,,,,,,
2026-05-23 12:08:29,562,Sale,Devin-79HF,Devin Karnblum,,1,200.00,18.50,0.00000,0.00000,218.5,,1 X Desigual/RedPatternJacket/Size40/US6,POS 2,tomderobe@gmail.com,CLOSED,,,,closed,
2026-05-23 12:08:29,562,Sale Line,,,,1.00000,200.00000,18.50000,0.00000,0.00000,218.50000,,Desigual/RedPatternJacket/Size40/US6,,,,10007595,,,,
2026-05-23 12:08:29,562,Payment,,,,,,,,,,218.50000,Store Credit,,,,,,,,
2026-05-22 19:34:09,560,Sale,WALKIN,,Lee,3,77.97,7.21,0.00000,0.00000,85.18,,1 X AsosDesign/PnkOrFloralSkirt/Size2 + 1 X Reformed B & W Floral Skirt / Size 6 + 1 X Fossil/PinkDotDress/SizeXS,POS 2,tomderobe@gmail.com,CLOSED,,,,closed,
2026-05-22 19:34:09,560,Sale Line,,,,1.00000,28.99000,2.68158,0.00000,0.00000,31.67158,,AsosDesign/PnkOrFloralSkirt/Size2,,,,10008548,,,,
2026-05-22 19:34:09,560,Sale Line,,,,1.00000,19.99000,1.84908,0.00000,0.00000,21.83908,,Reformed B & W Floral Skirt / Size 6,,,,10008172,,,,
2026-05-22 19:34:09,560,Sale Line,,,,1.00000,28.99000,2.68158,0.00000,0.00000,31.67158,,Fossil/PinkDotDress/SizeXS,,,,10007751,,,,
2026-05-22 19:34:02,560,Payment,,,,,,,,,,85.18000,Lightspeed Payments,,,,,,,,
2026-05-22 19:33:14,561,Sale,WALKIN,,,2,59.98,5.55,0.00000,0.00000,65.53,,1 X Paul McCartneyTee Shirt_SO + 1 X BrooksBros/StripeCollarDress/SizeL,POS 2,tomderobe@gmail.com,CLOSED,,,,closed,
2026-05-22 19:33:14,561,Sale Line,,,,1.00000,29.99000,2.77408,0.00000,0.00000,32.76408,,Paul McCartneyTee Shirt_SO / White / L / 13.01,,,,10002392,,,,
2026-05-22 19:33:14,561,Sale Line,,,,1.00000,29.99000,2.77408,0.00000,0.00000,32.76408,,BrooksBros/StripeCollarDress/SizeL,,,,10008328,,,,
2026-05-22 19:33:09,561,Payment,,,,,,,,,,65.53000,Lightspeed Payments,,,,,,,,
2026-05-22 19:26:05,559,Sale,WALKIN,,,1,29.99,2.77,0.00000,0.00000,32.76,,1 X London Times Blue White SL Dress / Size 8,POS 2,tomderobe@gmail.com,CLOSED,,,,closed,
2026-05-22 19:26:05,559,Sale Line,,,,1.00000,29.99000,2.77408,0.00000,0.00000,32.76408,,London Times Blue White SL Dress / Size 8,,,,10007468,,,,
2026-05-22 19:25:59,559,Payment,,,,,,,,,,32.76000,Lightspeed Payments,,,,,,,,
2026-05-22 19:24:42,558,Sale,WALKIN,,,2,38.98,3.61,0.00000,0.00000,42.59,,1 X WHBM White Dress/Size 6 + 1 X Altar'd State Lace SL Blouse / Size M,POS 2,tomderobe@gmail.com,CLOSED,,,,closed,
2026-05-22 19:24:42,558,Sale Line,,,,1.00000,18.99000,1.75658,0.00000,0.00000,20.74658,,WHBM White Dress/Size 6,,,,10007143,,,,
2026-05-22 19:24:42,558,Sale Line,,,,1.00000,19.99000,1.84908,0.00000,0.00000,21.83908,,Altar'd State Lace SL Blouse / Size M,,,,10005597,,,,
2026-05-22 19:24:36,558,Payment,,,,,,,,,,42.59000,Lightspeed Payments,,,,,,,,
2026-05-22 19:23:17,557,Sale,WALKIN,,,7,145.94,13.50,0.00000,0.00000,159.44,,1 X L.S. Dunes Tee Shirt Beige Size S + 1 X J. Crew Top Beige Size M + 1 X Tryst/Blk&BlueTankTop/SizeS + 1 X WHBM Burgundy Design SL Top / Size S + 1 X The Limited Off White Tank Blouse/Size XL + 1 X GradeXG/WhiBlouse/SizeM + 1 X Loft Black/White Top M,POS 2,tomderobe@gmail.com,CLOSED,,,,closed,
2026-05-22 19:23:17,557,Sale Line,,,,1.00000,26.99000,2.49658,0.00000,0.00000,29.48658,,L.S. Dunes Tee Shirt Beige Size S,,,,10003408,,,,
2026-05-22 19:23:17,557,Sale Line,,,,1.00000,23.99000,2.21908,0.00000,0.00000,26.20908,,J. Crew Top Beige Size M,,,,10007180,,,,
2026-05-22 19:23:17,557,Sale Line,,,,1.00000,14.99000,1.38658,0.00000,0.00000,16.37658,,Tryst/Blk&BlueTankTop/SizeS,,,,10005340,,,,
2026-05-22 19:23:17,557,Sale Line,,,,1.00000,22.99000,2.12658,0.00000,0.00000,25.11658,,WHBM Burgundy Design SL Top / Size S,,,,10008188,,,,
2026-05-22 19:23:17,557,Sale Line,,,,1.00000,18.00000,1.66500,0.00000,0.00000,19.66500,,The Limited Off White Tank Blouse/Size XL,,,,10005584,,,,
2026-05-22 19:23:17,557,Sale Line,,,,1.00000,21.99000,2.03408,0.00000,0.00000,24.02408,,GradeXG/WhiBlouse/SizeM,,,,10008343,,,,
2026-05-22 19:23:17,557,Sale Line,,,,1.00000,16.99000,1.57158,0.00000,0.00000,18.56158,,Loft Black/White Top M,,,,10008461,,,,
2026-05-22 19:23:09,557,Payment,,,,,,,,,,159.44000,Lightspeed Payments,,,,,,,,
2026-05-22 17:39:47,556,Sale,WALKIN,,,1,15.99,1.48,0.00000,0.00000,17.47,,1 X Green Leather Belt,POS 2,tomderobe@gmail.com,CLOSED,,,,closed,
2026-05-22 17:39:47,556,Sale Line,,,,1.00000,15.99000,1.47908,0.00000,0.00000,17.46908,,Green Leather Belt,,,,10004791,,,,
2026-05-22 17:39:25,556,Payment,,,,,,,,,,17.47000,Lightspeed Payments,,,,,,,,
2026-05-22 17:05:04,555,Sale,WALKIN,,,1,13.00,1.20,0.00000,0.00000,14.2,,1 X Unknown Lt Grey LS Top M,POS 2,tomderobe@gmail.com,CLOSED,,,,closed,
2026-05-22 17:05:04,555,Sale Line,,,,1.00000,13.00000,1.20250,0.00000,0.00000,14.20250,,Unknown Lt Grey LS Top M,,,,10007957,,,,
2026-05-22 17:04:55,555,Payment,,,,,,,,,,14.20000,Lightspeed Payments,,,,,,,,
2026-05-22 16:47:11,554,Sale,WALKIN,,,2,51.99,4.81,0.00000,0.00000,56.8,,1 X BlackPantwBows/SizeS + 1 X Vince Camuto SS Top Pink L,POS 2,tomderobe@gmail.com,CLOSED,,,,closed,
2026-05-22 16:47:11,554,Sale Line,,,,1.00000,29.99000,2.77408,0.00000,0.00000,32.76408,,BlackPantwBows/SizeS,,,,10006880,,,,
2026-05-22 16:47:11,554,Sale Line,,,,1.00000,22.00000,2.03500,0.00000,0.00000,24.03500,,Vince Camuto SS Top Pink L,,,,10007974,,,,
2026-05-22 16:46:36,554,Payment,,,,,,,,,,56.80000,Lightspeed Payments,,,,,,,,
2026-05-22 16:38:30,553,Sale,WALKIN,,,1,135.00,12.49,0.00000,0.00000,147.49,,1 X Leather Fringe Dress / Size S,POS 2,tomderobe@gmail.com,CLOSED,,,,closed,
2026-05-22 16:38:30,553,Sale Line,,,,1.00000,135.00000,12.48750,0.00000,0.00000,147.48750,,Leather Fringe Dress / Size S,,,,10004548,,,,
2026-05-22 16:38:14,553,Payment,,,,,,,,,,147.49000,Lightspeed Payments,,,,,,,,
2026-05-22 16:16:03,552,Sale,WALKIN,,,1,24.99,2.31,0.00000,0.00000,27.3,,1 X Antonio Melani White Tank Top Size S,POS 2,tomderobe@gmail.com,CLOSED,,,,closed,
2026-05-22 16:16:03,552,Sale Line,,,,1.00000,24.99000,2.31158,0.00000,0.00000,27.30158,,Antonio Melani White Tank Top Size S,,,,10006945,,,,
2026-05-22 16:15:58,552,Payment,,,,,,,,,,27.30000,Lightspeed Payments,,,,,,,,
2026-05-22 16:03:27,551,Sale,WALKIN,,,1,14.99,1.39,0.00000,0.00000,16.38,,1 X 8byYook/BlueTieTop/Size40,POS 2,tomderobe@gmail.com,CLOSED,,,,closed,
2026-05-22 16:03:27,551,Sale Line,,,,1.00000,14.99000,1.38658,0.00000,0.00000,16.37658,,8byYook/BlueTieTop/Size40,,,,10008356,,,,
2026-05-22 16:03:19,551,Payment,,,,,,,,,,16.38000,Lightspeed Payments,,,,,,,,
2026-05-22 14:21:05,550,Sale,WALKIN,,,3,63.97,5.92,0.00000,0.00000,69.89,,1 X Victoriaxs SecretSlip_Ta + 1 X Primark Pink SL Blouse / Size 8 + 1 X Itsu Green Floral Skirt / Size 8,POS 2,tomderobe@gmail.com,CLOSED,,,,closed,
2026-05-22 14:21:05,550,Sale Line,,,,1.00000,18.99000,1.75658,0.00000,0.00000,20.74658,,Victoriaxs SecretSlip_Ta / Multi color / L / 7.04,,,,10001200,,,,
2026-05-22 14:21:05,550,Sale Line,,,,1.00000,24.99000,2.31158,0.00000,0.00000,27.30158,,Primark Pink SL Blouse / Size 8,,,,10006337,,,,
2026-05-22 14:21:05,550,Sale Line,,,,1.00000,19.99000,1.84908,0.00000,0.00000,21.83908,,Itsu Green Floral Skirt / Size 8,,,,10007787,,,,
2026-05-22 14:20:58,550,Payment,,,,,,,,,,69.89000,Lightspeed Payments,,,,,,,,
2026-05-22 13:28:14,549,Sale,WALKIN,,,5,140.97,13.04,0.00000,0.00000,154.01,,1 X MarilynM/FlamingoDress/SizeM + 1 X Casa Lee Beige Black Skull Vest 1 / Size S + 1 X Casa Lee Beige Black Skull Vest 2 / Size S + 1 X Foxblood Black Dress S + 1 X OneClothing/BlkWhiTiedye/SizeL + 1 X urban/shear top/blk rose/xs + -1 X Discount,POS 2,tomderobe@gmail.com,CLOSED,,,,closed,
2026-05-22 13:28:14,549,Sale Line,,,,1.00000,21.99000,2.03408,0.00000,0.00000,24.02408,,MarilynM/FlamingoDress/SizeM,,,,10007752,,,,
2026-05-22 13:28:14,549,Sale Line,,,,1.00000,25.00000,2.31250,0.00000,0.00000,27.31250,,Casa Lee Beige Black Skull Vest 1 / Size S,,,,10008021,,,,
2026-05-22 13:28:14,549,Sale Line,,,,1.00000,25.00000,2.31250,0.00000,0.00000,27.31250,,Casa Lee Beige Black Skull Vest 2 / Size S,,,,10008022,,,,
2026-05-22 13:28:14,549,Sale Line,,,,1.00000,39.00000,3.60750,0.00000,0.00000,42.60750,,Foxblood Black Dress S,,,,10008741,,,,
2026-05-22 13:28:14,549,Sale Line,,,,1.00000,8.99000,0.83158,0.00000,0.00000,9.82158,,OneClothing/BlkWhiTiedye/SizeL,,,,10008594,,,,
2026-05-22 13:28:14,549,Sale Line,,,,1.00000,25.99000,2.40408,0.00000,0.00000,28.39408,,urban/shear top/blk rose/xs,,,,10005489,,,,
2026-05-22 13:28:14,549,Sale Line,,,,-1.00000,-5.00000,-0.46250,0.00000,0.00000,-5.46250,,Discount,,,,vend-discount,,,,
2026-05-22 13:28:01,549,Payment,,,,,,,,,,154.01000,Lightspeed Payments,,,,,,,,
2026-05-21 17:22:39,548,Sale,WALKIN,,,1,61.98,5.73,0.00000,0.00000,67.71,,1 X Aureum NWT Yellow Blue Shorts / Size M + 1 X Unknown Purple SS Top M + -1 X Discount,POS 2,tomderobe@gmail.com,CLOSED,,,,closed,
2026-05-21 17:22:39,548,Sale Line,,,,1.00000,49.99000,4.62408,0.00000,0.00000,54.61408,,Aureum NWT Yellow Blue Shorts / Size M,,,,10007838,,,,
2026-05-21 17:22:39,548,Sale Line,,,,1.00000,14.99000,1.38658,0.00000,0.00000,16.37658,,Unknown Purple SS Top M,,,,10008252,,,,
2026-05-21 17:22:39,548,Sale Line,,,,-1.00000,-3.00000,-0.27750,0.00000,0.00000,-3.27750,,Discount,,,,vend-discount,,,,
2026-05-21 17:22:30,548,Payment,,,,,,,,,,67.71000,Lightspeed Payments,,,,,,,,
2026-05-21 17:15:44,547,Sale,WALKIN,,,1,22.99,2.13,0.00000,0.00000,25.12,,1 X SweetPea/ Sheer Floral Top/ Size L,POS 2,tomderobe@gmail.com,CLOSED,,,,closed,
2026-05-21 17:15:44,547,Sale Line,,,,1.00000,22.99000,2.12658,0.00000,0.00000,25.11658,,SweetPea/ Sheer Floral Top/ Size L,,,,10005440,,,,
2026-05-21 17:15:33,547,Payment,,,,,,,,,,25.12000,Lightspeed Payments,,,,,,,,
2026-05-21 12:24:54,546,Sale,WALKIN,,,1,11.99,1.11,0.00000,0.00000,13.1,,1 X MelroseM/TanStripeShorts/SizeM,POS 2,tomderobe@gmail.com,CLOSED,,,,closed,
2026-05-21 12:24:54,546,Sale Line,,,,1.00000,11.99000,1.10908,0.00000,0.00000,13.09908,,MelroseM/TanStripeShorts/SizeM,,,,10008341,,,,
2026-05-21 12:24:42,546,Payment,,,,,,,,,,13.10000,Lightspeed Payments,,,,,,,,
2026-05-20 17:18:51,545,Sale,WALKIN,,,6,129.94,12.02,0.00000,0.00000,141.96,,1 X Adiva Vintage LS Blouse Size S + 1 X Divided Black Top Size 4 + 1 X NWT Rip Curl Red Top Size S + 1 X ribbed purple middle scrunk croptop/small + 1 X She & Sky White Crop Top / Size S + 1 X Banana Rep Beige Cardigan / Size XS,POS 2,tomderobe@gmail.com,CLOSED,,,,closed,
2026-05-20 17:18:51,545,Sale Line,,,,1.00000,23.99000,2.21908,0.00000,0.00000,26.20908,,Adiva Vintage LS Blouse Size S,,,,10007505,,,,
2026-05-20 17:18:51,545,Sale Line,,,,1.00000,14.99000,1.38658,0.00000,0.00000,16.37658,,Divided Black Top Size 4,,,,10008389,,,,
2026-05-20 17:18:51,545,Sale Line,,,,1.00000,19.99000,1.84908,0.00000,0.00000,21.83908,,NWT Rip Curl Red Top Size S,,,,10007632,,,,
2026-05-20 17:18:51,545,Sale Line,,,,1.00000,19.99000,1.84908,0.00000,0.00000,21.83908,,ribbed purple middle scrunk croptop/small,,,,10006220,,,,
2026-05-20 17:18:51,545,Sale Line,,,,1.00000,21.99000,2.03408,0.00000,0.00000,24.02408,,She & Sky White Crop Top / Size S,,,,10006953,,,,
2026-05-20 17:18:51,545,Sale Line,,,,1.00000,28.99000,2.68158,0.00000,0.00000,31.67158,,Banana Rep Beige Cardigan / Size XS,,,,10005893,,,,
2026-05-20 17:18:45,545,Payment,,,,,,,,,,141.96000,Lightspeed Payments,,,,,,,,
2026-05-20 15:18:34,544,Sale,WALKIN,,,1,24.99,2.31,0.00000,0.00000,27.3,,1 X JonesNY/BlackBttnDwnDress/Size10,POS 2,tomderobe@gmail.com,CLOSED,,,,closed,
2026-05-20 15:18:34,544,Sale Line,,,,1.00000,24.99000,2.31158,0.00000,0.00000,27.30158,,JonesNY/BlackBttnDwnDress/Size10,,,,10008334,,,,
2026-05-20 15:18:25,544,Payment,,,,,,,,,,27.30000,Lightspeed Payments,,,,,,,,
2026-05-20 14:27:27,543,Sale,WALKIN,,,2,39.98,3.70,0.00000,0.00000,43.68,,1 X Japna Blue/White SS Top S + 1 X Vintage Goth Dress Size 4,POS 2,tomderobe@gmail.com,CLOSED,,,,closed,
2026-05-20 14:27:27,543,Sale Line,,,,1.00000,14.99000,1.38658,0.00000,0.00000,16.37658,,Japna Blue/White SS Top S,,,,10008637,,,,
2026-05-20 14:27:27,543,Sale Line,,,,1.00000,24.99000,2.31158,0.00000,0.00000,27.30158,,Vintage Goth Dress Size 4,,,,10007275,,,,
2026-05-20 14:27:17,543,Payment,,,,,,,,,,45.00000,Cash,,,,,,,,
2026-05-20 14:27:27,543,Payment,,,,,,,,,,-1.32000,Cash,,,,,,,,
2026-05-20 14:22:10,542,Sale,WALKIN,,,3,40.97,3.79,0.00000,0.00000,44.76,,1 X HYFVE Green Halter Top L + 1 X HYFVE Yellow Top Size M + 1 X MNG white and blue floral blouse/4,POS 2,tomderobe@gmail.com,CLOSED,,,,closed,
2026-05-20 14:22:10,542,Sale Line,,,,1.00000,11.99000,1.10908,0.00000,0.00000,13.09908,,HYFVE Green Halter Top L,,,,10008625,,,,
2026-05-20 14:22:10,542,Sale Line,,,,1.00000,12.99000,1.20158,0.00000,0.00000,14.19158,,HYFVE Yellow Top Size M,,,,10008645,,,,
2026-05-20 14:22:10,542,Sale Line,,,,1.00000,15.99000,1.47908,0.00000,0.00000,17.46908,,MNG white and blue floral blouse/4,,,,10008381,,,,
2026-05-20 14:22:00,542,Payment,,,,,,,,,,44.76000,Lightspeed Payments,,,,,,,,
2026-05-17 15:51:42,541,Sale,WALKIN,,,1,15.99,1.48,0.00000,0.00000,17.47,,1 X Her/PnkFlareSleeveBttnDwn/SizeS,POS 2,tomderobe@gmail.com,CLOSED,,,,closed,
2026-05-17 15:51:42,541,Sale Line,,,,1.00000,15.99000,1.47908,0.00000,0.00000,17.46908,,Her/PnkFlareSleeveBttnDwn/SizeS,,,,10006115,,,,
2026-05-17 15:51:36,541,Payment,,,,,,,,,,17.47000,Lightspeed Payments,,,,,,,,
2026-05-17 15:43:49,540,Sale,WALKIN,,,2,32.98,3.05,0.00000,0.00000,36.03,,1 X Newbury Kuston Pink SS Top M + 1 X A New Day Black SL Dress / Size L,POS 2,tomderobe@gmail.com,CLOSED,,,,closed,
2026-05-17 15:43:49,540,Sale Line,,,,1.00000,14.99000,1.38658,0.00000,0.00000,16.37658,,Newbury Kuston Pink SS Top M,,,,10008638,,,,
2026-05-17 15:43:49,540,Sale Line,,,,1.00000,17.99000,1.66408,0.00000,0.00000,19.65408,,A New Day Black SL Dress / Size L,,,,10007473,,,,
2026-05-17 15:43:42,540,Payment,,,,,,,,,,36.03000,Lightspeed Payments,,,,,,,,
2026-05-17 15:41:43,539,Sale,WALKIN,,,1,23.00,2.13,0.00000,0.00000,25.13,,1 X Foxblood Black Sheer SS Dress / Size XS,POS 2,tomderobe@gmail.com,CLOSED,,,,closed,
2026-05-17 15:41:43,539,Sale Line,,,,1.00000,23.00000,2.12750,0.00000,0.00000,25.12750,,Foxblood Black Sheer SS Dress / Size XS,,,,10008011,,,,
2026-05-17 15:41:37,539,Payment,,,,,,,,,,25.13000,Lightspeed Payments,,,,,,,,
2026-05-17 15:24:06,538,Sale,WALKIN,,,1,21.99,2.03,0.00000,0.00000,24.02,,1 X Talbots Silk SL Top / Size 8,POS 2,tomderobe@gmail.com,CLOSED,,,,closed,
2026-05-17 15:24:06,538,Sale Line,,,,1.00000,21.99000,2.03408,0.00000,0.00000,24.02408,,Talbots Silk SL Top / Size 8,,,,10006957,,,,
2026-05-17 15:23:58,538,Payment,,,,,,,,,,24.02000,Lightspeed Payments,,,,,,,,
2026-05-17 15:10:35,537,Sale,WALKIN,,,2,38.98,3.61,0.00000,0.00000,42.59,,1 X Loft Black Floral Dress / Size 8 + 1 X CarolinaB/RedWhiteShorts/Size10,POS 2,tomderobe@gmail.com,CLOSED,,,,closed,
2026-05-17 15:10:35,537,Sale Line,,,,1.00000,23.99000,2.21908,0.00000,0.00000,26.20908,,Loft Black Floral Dress / Size 8,,,,10005133,,,,
2026-05-17 15:10:35,537,Sale Line,,,,1.00000,14.99000,1.38658,0.00000,0.00000,16.37658,,CarolinaB/RedWhiteShorts/Size10,,,,10008322,,,,
2026-05-17 15:10:29,537,Payment,,,,,,,,,,42.59000,Lightspeed Payments,,,,,,,,
2026-05-17 15:07:32,536,Sale,WALKIN,,,3,112.97,10.45,0.00000,0.00000,123.42,,1 X Bar IIICardigan_Zi + 1 X Candies Pink Jacket Size XL + 1 X Kate Spade PInk Lola Tote Bag,POS 2,tomderobe@gmail.com,CLOSED,,,,closed,
2026-05-17 15:07:32,536,Sale Line,,,,1.00000,21.99000,2.03408,0.00000,0.00000,24.02408,,Bar IIICardigan_Zi / Orange X Pink / S / 14.85,,,,10002759,,,,
2026-05-17 15:07:32,536,Sale Line,,,,1.00000,35.99000,3.32908,0.00000,0.00000,39.31908,,Candies Pink Jacket Size XL,,,,10008480,,,,
2026-05-17 15:07:32,536,Sale Line,,,,1.00000,54.99000,5.08658,0.00000,0.00000,60.07658,,Kate Spade PInk Lola Tote Bag,,,,10008443,,,,
2026-05-17 15:07:26,536,Payment,,,,,,,,,,123.42000,Lightspeed Payments,,,,,,,,
2026-05-17 15:04:16,535,Sale,WALKIN,,,1,19.99,1.85,0.00000,0.00000,21.84,,1 X NineWest/BluedenimHeels/Size8,POS 2,tomderobe@gmail.com,CLOSED,,,,closed,
2026-05-17 15:04:16,535,Sale Line,,,,1.00000,19.99000,1.84908,0.00000,0.00000,21.83908,,NineWest/BluedenimHeels/Size8,,,,10008306,,,,
2026-05-17 15:04:08,535,Payment,,,,,,,,,,21.84000,Lightspeed Payments,,,,,,,,
2026-05-17 15:00:51,534,Sale,WALKIN,,,2,55.98,5.18,0.00000,0.00000,61.16,,1 X Christopher Banks Green Jacket XL + 1 X LenaG/CreamBttnBlazer/Size12,POS 2,tomderobe@gmail.com,CLOSED,,,,closed,
2026-05-17 15:00:51,534,Sale Line,,,,1.00000,27.99000,2.58908,0.00000,0.00000,30.57908,,Christopher Banks Green Jacket XL,,,,10008490,,,,
2026-05-17 15:00:51,534,Sale Line,,,,1.00000,27.99000,2.58908,0.00000,0.00000,30.57908,,LenaG/CreamBttnBlazer/Size12,,,,10008543,,,,
2026-05-17 15:00:41,534,Payment,,,,,,,,,,61.16000,Lightspeed Payments,,,,,,,,
2026-05-17 14:52:31,533,Sale,WALKIN,,,3,187.98,17.39,0.00000,0.00000,205.37,,1 X GraceK/BlkBlouse/SizeS + 1 X BCBG Maxmara Brown Sundress/Size M + 1 X FarmRio/PinkMulticolDress/SizeL,POS 2,tomderobe@gmail.com,CLOSED,,,,closed,
2026-05-17 14:52:31,533,Sale Line,,,,1.00000,24.99000,2.31158,0.00000,0.00000,27.30158,,GraceK/BlkBlouse/SizeS,,,,10004464,,,,
2026-05-17 14:52:31,533,Sale Line,,,,1.00000,27.99000,2.58908,0.00000,0.00000,30.57908,,BCBG Maxmara Brown Sundress/Size M,,,,10006807,,,,
2026-05-17 14:52:31,533,Sale Line,,,,1.00000,135.00000,12.48750,0.00000,0.00000,147.48750,,FarmRio/PinkMulticolDress/SizeL,,,,10004376,,,,
2026-05-17 14:51:47,533,Payment,,,,,,,,,,205.37000,Lightspeed Payments,,,,,,,,
2026-05-17 14:48:02,532,Sale,WALKIN,,,4,87.96,8.14,0.00000,0.00000,96.1,,1 X Anthropologie Gray Crop Top w Tie Back/Size M + 1 X MulticolStripeCropTop/SizeL + 1 X Monteau Green/Beige Jumpsuit S + 1 X Le Lis Orange Romper Size M,POS 2,tomderobe@gmail.com,CLOSED,,,,closed,
2026-05-17 14:48:02,532,Sale Line,,,,1.00000,23.99000,2.21908,0.00000,0.00000,26.20908,,Anthropologie Gray Crop Top w Tie Back/Size M,,,,10006263,,,,
2026-05-17 14:48:02,532,Sale Line,,,,1.00000,10.99000,1.01658,0.00000,0.00000,12.00658,,MulticolStripeCropTop/SizeL,,,,10008601,,,,
2026-05-17 14:48:02,532,Sale Line,,,,1.00000,24.99000,2.31158,0.00000,0.00000,27.30158,,Monteau Green/Beige Jumpsuit S,,,,10008464,,,,
2026-05-17 14:48:02,532,Sale Line,,,,1.00000,27.99000,2.58908,0.00000,0.00000,30.57908,,Le Lis Orange Romper Size M,,,,10007226,,,,
2026-05-17 14:47:56,532,Payment,,,,,,,,,,96.10000,Lightspeed Payments,,,,,,,,
2026-05-17 14:38:26,531,Sale,WALKIN,,,1,24.99,2.31,0.00000,0.00000,27.3,,1 X Multi-Patterned Sheer Fitted Dress/Size 2XL,POS 2,tomderobe@gmail.com,CLOSED,,,,closed,
2026-05-17 14:38:26,531,Sale Line,,,,1.00000,24.99000,2.31158,0.00000,0.00000,27.30158,,Multi-Patterned Sheer Fitted Dress/Size 2XL,,,,10004255,,,,
2026-05-17 14:38:19,531,Payment,,,,,,,,,,27.30000,Lightspeed Payments,,,,,,,,
2026-05-17 14:37:41,530,Sale,WALKIN,,,1,48.99,4.53,0.00000,0.00000,53.52,,1 X Maniere De Voir WhtSatin Bustier/  L,POS 2,tomderobe@gmail.com,CLOSED,,,,closed,
2026-05-17 14:37:41,530,Sale Line,,,,1.00000,48.99000,4.53158,0.00000,0.00000,53.52158,,Maniere De Voir WhtSatin Bustier/  L,,,,10003928,,,,
2026-05-17 14:37:29,530,Payment,,,,,,,,,,53.52000,Lightspeed Payments,,,,,,,,
2026-05-17 14:03:20,529,Sale,WALKIN,,,4,90.96,8.41,0.00000,0.00000,99.37,,1 X Patagonia/PinkShorts/SizeM + 1 X J. Jill Blue/White Pants Size M + 1 X AmericanEagle/RedWhiSkirt/SizeM + 1 X The Normal Pants Yellow/White L,POS 2,tomderobe@gmail.com,CLOSED,,,,closed,
2026-05-17 14:03:20,529,Sale Line,,,,1.00000,11.99000,1.10908,0.00000,0.00000,13.09908,,Patagonia/PinkShorts/SizeM,,,,10008338,,,,
2026-05-17 14:03:20,529,Sale Line,,,,1.00000,24.99000,2.31158,0.00000,0.00000,27.30158,,J. Jill Blue/White Pants Size M,,,,10007436,,,,
2026-05-17 14:03:20,529,Sale Line,,,,1.00000,19.99000,1.84908,0.00000,0.00000,21.83908,,AmericanEagle/RedWhiSkirt/SizeM,,,,10006937,,,,
2026-05-17 14:03:20,529,Sale Line,,,,1.00000,33.99000,3.14408,0.00000,0.00000,37.13408,,The Normal Pants Yellow/White L,,,,10008509,,,,
2026-05-17 14:03:14,529,Payment,,,,,,,,,,99.37000,Lightspeed Payments,,,,,,,,
2026-05-17 13:58:23,528,Sale,WALKIN,,,1,21.99,2.03,0.00000,0.00000,24.02,,1 X GoodChoice/PinkFlowerShoe/Size9.5,POS 2,tomderobe@gmail.com,CLOSED,,,,closed,
2026-05-17 13:58:23,528,Sale Line,,,,1.00000,21.99000,2.03408,0.00000,0.00000,24.02408,,GoodChoice/PinkFlowerShoe/Size9.5,,,,10007767,,,,
2026-05-17 13:57:58,528,Payment,,,,,,,,,,24.02000,Lightspeed Payments,,,,,,,,
2026-05-17 13:57:26,527,Sale,WALKIN,,,4,81.96,7.58,0.00000,0.00000,89.54,,1 X Lisette Floral Pants Offwhite/Size M + 1 X Christopher Blue White Pants / Size 4 + 1 X BlackTape/ Strappy Tank/ Pink/ Size M + 1 X Old Navy/ Floral Top/ Pnk&Orng/ Size M,POS 2,tomderobe@gmail.com,CLOSED,,,,closed,
2026-05-17 13:57:26,527,Sale Line,,,,1.00000,32.99000,3.05158,0.00000,0.00000,36.04158,,Lisette Floral Pants Offwhite/Size M,,,,10005370,,,,
2026-05-17 13:57:26,527,Sale Line,,,,1.00000,21.99000,2.03408,0.00000,0.00000,24.02408,,Christopher Blue White Pants / Size 4,,,,10007303,,,,
2026-05-17 13:57:26,527,Sale Line,,,,1.00000,12.99000,1.20158,0.00000,0.00000,14.19158,,BlackTape/ Strappy Tank/ Pink/ Size M,,,,10005094,,,,
2026-05-17 13:57:26,527,Sale Line,,,,1.00000,13.99000,1.29408,0.00000,0.00000,15.28408,,Old Navy/ Floral Top/ Pnk&Orng/ Size M,,,,10005096,,,,
2026-05-17 13:56:44,527,Payment,,,,,,,,,,89.54000,Lightspeed Payments,,,,,,,,
2026-05-17 13:49:19,526,Sale,WALKIN,,,4,96.96,8.97,0.00000,0.00000,105.93,,1 X Altard State Brown Skort S + 1 X ColesceC/Blk&Wh/SizeS + 1 X Alexandria Barlett Black Colorful Capris / Size 8 + 1 X Dana B Black Silk Skirt / Size M,POS 2,tomderobe@gmail.com,CLOSED,,,,closed,
2026-05-17 13:49:19,526,Sale Line,,,,1.00000,19.99000,1.84908,0.00000,0.00000,21.83908,,Altard State Brown Skort S,,,,10008508,,,,
2026-05-17 13:49:19,526,Sale Line,,,,1.00000,24.99000,2.31158,0.00000,0.00000,27.30158,,ColesceC/Blk&Wh/SizeS,,,,10004474,,,,
2026-05-17 13:49:19,526,Sale Line,,,,1.00000,26.99000,2.49658,0.00000,0.00000,29.48658,,Alexandria Barlett Black Colorful Capris / Size 8,,,,10007447,,,,
2026-05-17 13:49:19,526,Sale Line,,,,1.00000,24.99000,2.31158,0.00000,0.00000,27.30158,,Dana B Black Silk Skirt / Size M,,,,10008001,,,,
2026-05-17 13:49:06,526,Payment,,,,,,,,,,105.93000,Lightspeed Payments,,,,,,,,
2026-05-17 13:48:10,525,Sale,WALKIN,,,2,55.99,5.18,0.00000,0.00000,61.17,,1 X XOXO Black Off Shoulder LS w Grommets / Size M + 1 X Caleaas Purple Jacket / Size S,POS 2,tomderobe@gmail.com,CLOSED,,,,closed,
2026-05-17 13:48:10,525,Sale Line,,,,1.00000,25.99000,2.40408,0.00000,0.00000,28.39408,,XOXO Black Off Shoulder LS w Grommets / Size M,,,,10005261,,,,
2026-05-17 13:48:10,525,Sale Line,,,,1.00000,30.00000,2.77500,0.00000,0.00000,32.77500,,Caleaas Purple Jacket / Size S,,,,10008045,,,,
2026-05-17 13:47:55,525,Payment,,,,,,,,,,61.17000,Lightspeed Payments,,,,,,,,
2026-05-17 13:32:54,524,Sale,WALKIN,,,1,24.99,2.31,0.00000,0.00000,27.3,,1 X black ribbed blouse/xs,POS 2,tomderobe@gmail.com,CLOSED,,,,closed,
2026-05-17 13:32:54,524,Sale Line,,,,1.00000,24.99000,2.31158,0.00000,0.00000,27.30158,,black ribbed blouse/xs,,,,10006208,,,,
2026-05-17 13:32:47,524,Payment,,,,,,,,,,27.30000,Lightspeed Payments,,,,,,,,
2026-05-17 12:57:49,523,Sale,WALKIN,,,2,50.98,4.72,0.00000,0.00000,55.7,,1 X BlackScrunchBag + 1 X Zara Sage Green Dress / Size S,POS 2,tomderobe@gmail.com,CLOSED,,,,closed,
2026-05-17 12:57:49,523,Sale Line,,,,1.00000,20.99000,1.94158,0.00000,0.00000,22.93158,,BlackScrunchBag,,,,10007372,,,,
2026-05-17 12:57:49,523,Sale Line,,,,1.00000,29.99000,2.77408,0.00000,0.00000,32.76408,,Zara Sage Green Dress / Size S,,,,10004640,,,,
2026-05-17 12:57:42,523,Payment,,,,,,,,,,55.70000,Lightspeed Payments,,,,,,,,
2026-05-17 12:29:41,522,Sale,WALKIN,,,1,21.99,2.03,0.00000,0.00000,24.02,,1 X BCBGeneration/ Knit Top/ Prp&Wht/ SIze XL,POS 2,tomderobe@gmail.com,CLOSED,,,,closed,
2026-05-17 12:29:41,522,Sale Line,,,,1.00000,21.99000,2.03408,0.00000,0.00000,24.02408,,BCBGeneration/ Knit Top/ Prp&Wht/ SIze XL,,,,10005076,,,,
2026-05-17 12:29:35,522,Payment,,,,,,,,,,24.02000,Lightspeed Payments,,,,,,,,
2026-05-17 12:26:50,521,Sale,WALKIN,,,11,342.89,31.72,0.00000,0.00000,374.61,,1 X Adrianna Papell Gold Heels/Size 7.5 + 1 X VINTAGE Black SL Dress with White Flowers / Size S + 1 X VINTAGE Shiny Pink Green SS Dress / Size S + 1 X LauraAshley/Gld Kitten/Size 7.5 + 1 X Loft/MulticolPatternSkirt/Size0 + 1 X Laundry Multi-Color Dress Size M + 1 X CharlotteR/BlktoolSkirt/SizeS + 1 X BananaRep/BlkLaceDress/Size0 + 1 X black lace skirt/4 + 1 X FrenchC/BlackDress/Size0 + 1 X BananaRep/BlkDress/Size0,POS 2,tomderobe@gmail.com,CLOSED,,,,closed,
2026-05-17 12:26:50,521,Sale Line,,,,1.00000,22.99000,2.12658,0.00000,0.00000,25.11658,,Adrianna Papell Gold Heels/Size 7.5,,,,10007071,,,,
2026-05-17 12:26:50,521,Sale Line,,,,1.00000,22.99000,2.12658,0.00000,0.00000,25.11658,,VINTAGE Black SL Dress with White Flowers / Size S,,,,10007113,,,,
2026-05-17 12:26:50,521,Sale Line,,,,1.00000,74.99000,6.93658,0.00000,0.00000,81.92658,,VINTAGE Shiny Pink Green SS Dress / Size S,,,,10007471,,,,
2026-05-17 12:26:50,521,Sale Line,,,,1.00000,25.99000,2.40408,0.00000,0.00000,28.39408,,LauraAshley/Gld Kitten/Size 7.5,,,,10004070,,,,
2026-05-17 12:26:50,521,Sale Line,,,,1.00000,24.99000,2.31158,0.00000,0.00000,27.30158,,Loft/MulticolPatternSkirt/Size0,,,,10007740,,,,
2026-05-17 12:26:50,521,Sale Line,,,,1.00000,32.99000,3.05158,0.00000,0.00000,36.04158,,Laundry Multi-Color Dress Size M,,,,10008455,,,,
2026-05-17 12:26:50,521,Sale Line,,,,1.00000,28.99000,2.68158,0.00000,0.00000,31.67158,,CharlotteR/BlktoolSkirt/SizeS,,,,10008560,,,,
2026-05-17 12:26:50,521,Sale Line,,,,1.00000,24.99000,2.31158,0.00000,0.00000,27.30158,,BananaRep/BlkLaceDress/Size0,,,,10008576,,,,
2026-05-17 12:26:50,521,Sale Line,,,,1.00000,29.99000,2.77408,0.00000,0.00000,32.76408,,black lace skirt/4,,,,10007800,,,,
2026-05-17 12:26:50,521,Sale Line,,,,1.00000,28.99000,2.68158,0.00000,0.00000,31.67158,,FrenchC/BlackDress/Size0,,,,10008585,,,,
2026-05-17 12:26:50,521,Sale Line,,,,1.00000,24.99000,2.31158,0.00000,0.00000,27.30158,,BananaRep/BlkDress/Size0,,,,10008574,,,,
2026-05-17 12:26:25,521,Payment,,,,,,,,,,374.61000,Lightspeed Payments,,,,,,,,
2026-05-17 11:49:21,520,Sale,WALKIN,,,2,49.98,4.62,0.00000,0.00000,54.6,,1 X Akira/Brwn&BlkSheerTop/SizeS + 1 X Patagonia/YellowShorts/SIzeM,POS 2,tomderobe@gmail.com,CLOSED,,,,closed,
2026-05-17 11:49:21,520,Sale Line,,,,1.00000,28.99000,2.68158,0.00000,0.00000,31.67158,,Akira/Brwn&BlkSheerTop/SizeS,,,,10006412,,,,
2026-05-17 11:49:21,520,Sale Line,,,,1.00000,20.99000,1.94158,0.00000,0.00000,22.93158,,Patagonia/YellowShorts/SIzeM,,,,10008340,,,,
2026-05-17 11:49:17,520,Payment,,,,,,,,,,60.00000,Cash,,,,,,,,
2026-05-17 11:49:21,520,Payment,,,,,,,,,,-5.40000,Cash,,,,,,,,
2026-05-17 11:45:32,519,Sale,WALKIN,,,1,14.99,1.39,0.00000,0.00000,16.38,,1 X Pink & White SL Romper / Size S,POS 2,tomderobe@gmail.com,CLOSED,,,,closed,
2026-05-17 11:45:32,519,Sale Line,,,,1.00000,14.99000,1.38658,0.00000,0.00000,16.37658,,Pink & White SL Romper / Size S,,,,10007604,,,,
2026-05-17 11:45:26,519,Payment,,,,,,,,,,16.38000,Lightspeed Payments,,,,,,,,
2026-05-17 11:44:25,518,Sale,WALKIN,,,3,50.97,4.71,0.00000,0.00000,55.68,,1 X OldCountyRoad/RedStripeBag + 1 X Brown Tote Bag M/L + 1 X Chelsea & Violet Red Shorts M,POS 2,tomderobe@gmail.com,CLOSED,,,,closed,
2026-05-17 11:44:25,518,Sale Line,,,,1.00000,12.99000,1.20158,0.00000,0.00000,14.19158,,OldCountyRoad/RedStripeBag,,,,10008307,,,,
2026-05-17 11:44:25,518,Sale Line,,,,1.00000,17.99000,1.66408,0.00000,0.00000,19.65408,,Brown Tote Bag M/L,,,,10008249,,,,
2026-05-17 11:44:25,518,Sale Line,,,,1.00000,19.99000,1.84908,0.00000,0.00000,21.83908,,Chelsea & Violet Red Shorts M,,,,10008446,,,,
2026-05-17 11:44:18,518,Payment,,,,,,,,,,55.68000,Lightspeed Payments,,,,,,,,
2026-05-17 11:43:30,517,Sale,WALKIN,,,1,26.00,2.41,0.00000,0.00000,28.41,,1 X AUW Blue Camisole Size L,POS 2,tomderobe@gmail.com,CLOSED,,,,closed,
2026-05-17 11:43:30,517,Sale Line,,,,1.00000,26.00000,2.40500,0.00000,0.00000,28.40500,,AUW Blue Camisole Size L,,,,10008238,,,,
2026-05-17 11:43:25,517,Payment,,,,,,,,,,28.41000,Lightspeed Payments,,,,,,,,
2026-05-17 11:40:34,516,Sale,WALKIN,,,1,23.99,2.22,0.00000,0.00000,26.21,,1 X black and white strip pant/XL,POS 2,tomderobe@gmail.com,CLOSED,,,,closed,
2026-05-17 11:40:34,516,Sale Line,,,,1.00000,23.99000,2.21908,0.00000,0.00000,26.20908,,black and white strip pant/XL,,,,10007810,,,,
2026-05-17 11:40:24,516,Payment,,,,,,,,,,26.21000,Lightspeed Payments,,,,,,,,
2026-05-16 20:13:41,515,Sale,WALKIN,,,1,32.99,3.05,0.00000,0.00000,36.04,,1 X Philosophy Black/White Dress Size S,POS 2,tomderobe@gmail.com,CLOSED,,,,closed,
2026-05-16 20:13:41,515,Sale Line,,,,1.00000,32.99000,3.05158,0.00000,0.00000,36.04158,,Philosophy Black/White Dress Size S,,,,10007196,,,,
2026-05-16 20:13:17,515,Payment,,,,,,,,,,40.00000,Cash,,,,,,,,
2026-05-16 20:13:41,515,Payment,,,,,,,,,,-3.96000,Cash,,,,,,,,
2026-05-16 19:42:50,514,Sale,WALKIN,,,1,195.00,18.04,0.00000,0.00000,213.04,,1 X Black leather coach purse,POS 2,tomderobe@gmail.com,CLOSED,,,,closed,
2026-05-16 19:42:50,514,Sale Line,,,,1.00000,195.00000,18.03750,0.00000,0.00000,213.03750,,Black leather coach purse,,,,10006832,,,,
2026-05-16 19:42:34,514,Payment,,,,,,,,,,213.04000,Lightspeed Payments,,,,,,,,
2026-05-16 19:07:23,513,Sale,WALKIN,,,1,18.99,1.76,0.00000,0.00000,20.75,,1 X Nautica Off White Pinstripe Vest Top / Size 4,POS 2,tomderobe@gmail.com,CLOSED,,,,closed,
2026-05-16 19:07:23,513,Sale Line,,,,1.00000,18.99000,1.75658,0.00000,0.00000,20.74658,,Nautica Off White Pinstripe Vest Top / Size 4,,,,10007721,,,,
2026-05-16 19:07:10,513,Payment,,,,,,,,,,20.75000,Lightspeed Payments,,,,,,,,
2026-05-16 18:58:03,512,Sale,WALKIN,,,1,15.99,1.48,0.00000,0.00000,17.47,,1 X LuckyBrand/ PinkFloyd Tee/ Yllw/ Size S,POS 2,tomderobe@gmail.com,CLOSED,,,,closed,
2026-05-16 18:58:03,512,Sale Line,,,,1.00000,15.99000,1.47908,0.00000,0.00000,17.46908,,LuckyBrand/ PinkFloyd Tee/ Yllw/ Size S,,,,10005064,,,,
2026-05-16 18:57:57,512,Payment,,,,,,,,,,20.00000,Cash,,,,,,,,
2026-05-16 18:58:03,512,Payment,,,,,,,,,,-2.53000,Cash,,,,,,,,
2026-05-16 18:57:07,511,Sale,WALKIN,,,1,15.99,1.48,0.00000,0.00000,17.47,,1 X Papaya/DrawStringShirt/SizeM,POS 2,tomderobe@gmail.com,CLOSED,,,,closed,
2026-05-16 18:57:07,511,Sale Line,,,,1.00000,15.99000,1.47908,0.00000,0.00000,17.46908,,Papaya/DrawStringShirt/SizeM,,,,10006879,,,,
2026-05-16 18:56:58,511,Payment,,,,,,,,,,17.47000,Lightspeed Payments,,,,,,,,
2026-05-16 18:55:30,510,Sale,WALKIN,,,1,14.99,1.39,0.00000,0.00000,16.38,,1 X Known Supply Green SS Shirt / Size S,POS 2,tomderobe@gmail.com,CLOSED,,,,closed,
2026-05-16 18:55:30,510,Sale Line,,,,1.00000,14.99000,1.38658,0.00000,0.00000,16.37658,,Known Supply Green SS Shirt / Size S,,,,10006641,,,,
2026-05-16 18:55:29,510,Payment,,,,,,,,,,17.00000,Cash,,,,,,,,
2026-05-16 18:55:30,510,Payment,,,,,,,,,,-0.62000,Cash,,,,,,,,
2026-05-16 18:22:12,509,Sale,WALKIN,,,1,17.99,1.66,0.00000,0.00000,19.65,,1 X Cider SS Top Size S,POS 2,tomderobe@gmail.com,CLOSED,,,,closed,
2026-05-16 18:22:12,509,Sale Line,,,,1.00000,17.99000,1.66408,0.00000,0.00000,19.65408,,Cider SS Top Size S,,,,10008481,,,,
2026-05-16 18:22:07,509,Payment,,,,,,,,,,19.65000,Lightspeed Payments,,,,,,,,
2026-05-16 17:52:50,508,Sale,WALKIN,,,3,69.98,6.47,0.00000,0.00000,76.45,,1 X kimchi blue white blouse/m + 1 X BrynWalker/BrwnBttnDwn/SizeS + 1 X Papaya Dress Multi-Color Size M,POS 2,tomderobe@gmail.com,CLOSED,,,,closed,
2026-05-16 17:52:50,508,Sale Line,,,,1.00000,25.99000,2.40408,0.00000,0.00000,28.39408,,kimchi blue white blouse/m,,,,10008380,,,,
2026-05-16 17:52:50,508,Sale Line,,,,1.00000,24.99000,2.31158,0.00000,0.00000,27.30158,,BrynWalker/BrwnBttnDwn/SizeS,,,,10008339,,,,
2026-05-16 17:52:50,508,Sale Line,,,,1.00000,19.00000,1.75750,0.00000,0.00000,20.75750,,Papaya Dress Multi-Color Size M,,,,10007550,,,,
2026-05-16 17:52:44,508,Payment,,,,,,,,,,76.45000,Lightspeed Payments,,,,,,,,
2026-05-16 17:41:06,507,Sale,WALKIN,,,1,59.99,5.55,0.00000,0.00000,65.54,,1 X Silver Dragon Green Blazer Size M,POS 2,tomderobe@gmail.com,CLOSED,,,,closed,
2026-05-16 17:41:06,507,Sale Line,,,,1.00000,59.99000,5.54908,0.00000,0.00000,65.53908,,Silver Dragon Green Blazer Size M,,,,10007483,,,,
2026-05-16 17:40:54,507,Payment,,,,,,,,,,65.54000,Lightspeed Payments,,,,,,,,
2026-05-16 16:43:25,506,Sale,WALKIN,,,1,40.00,3.70,0.00000,0.00000,43.7,,2 X Flowers + -1 X Discount,POS 2,tomderobe@gmail.com,CLOSED,,,,closed,
2026-05-16 16:43:25,506,Sale Line,,,,2.00000,45.00000,4.16250,0.00000,0.00000,49.16250,,Flowers,,,,10007594,,,,
2026-05-16 16:43:25,506,Sale Line,,,,-1.00000,-5.00000,-0.46250,0.00000,0.00000,-5.46250,,Discount,,,,vend-discount,,,,
2026-05-16 16:43:18,506,Payment,,,,,,,,,,43.70000,Lightspeed Payments,,,,,,,,
2026-05-16 16:25:06,505,Sale,WALKIN,,,0,21.99,2.03,0.00000,0.00000,24.02,,1 X Plenty/Blue&BlkFlowerDress/Size6 + -1 X Discount,POS 2,tomderobe@gmail.com,CLOSED,,,,closed,
2026-05-16 16:25:06,505,Sale Line,,,,1.00000,24.99000,2.31158,0.00000,0.00000,27.30158,,Plenty/Blue&BlkFlowerDress/Size6,,,,10006113,,,,
2026-05-16 16:25:06,505,Sale Line,,,,-1.00000,-3.00000,-0.27750,0.00000,0.00000,-3.27750,,Discount,,,,vend-discount,,,,
2026-05-16 16:24:47,505,Payment,,,,,,,,,,24.02000,Lightspeed Payments,,,,,,,,
2026-05-16 16:09:41,504,Sale,WALKIN,,,4,63.48,5.87,0.00000,0.00000,69.35,,1 X Flowers + 1 X Black Crop Top / Size XS + 1 X Loft Sleeveless Blue/White Top M + 1 X REdTOP/SizeM,POS 2,tomderobe@gmail.com,CLOSED,,,,closed,
2026-05-16 16:09:41,504,Sale Line,,,,1.00000,22.50000,2.08125,0.00000,0.00000,24.58125,,Flowers,,,,10007594,,,,
2026-05-16 16:09:41,504,Sale Line,,,,1.00000,12.00000,1.11000,0.00000,0.00000,13.11000,,Black Crop Top / Size XS,,,,10008287,,,,
2026-05-16 16:09:41,504,Sale Line,,,,1.00000,18.99000,1.75658,0.00000,0.00000,20.74658,,Loft Sleeveless Blue/White Top M,,,,10008250,,,,
2026-05-16 16:09:41,504,Sale Line,,,,1.00000,9.99000,0.92408,0.00000,0.00000,10.91408,,REdTOP/SizeM,,,,10008589,,,,
2026-05-16 16:09:34,504,Payment,,,,,,,,,,69.35000,Lightspeed Payments,,,,,,,,
2026-05-16 16:05:05,503,Sale,WALKIN,,,3,62.97,5.82,0.00000,0.00000,68.79,,1 X Nasty Girl Silver Top Size 10 + 1 X GianiBini/TanCropTankTop/SizeM + 1 X Cinema Pink Lace Tulle Lingerie / Size M,POS 2,tomderobe@gmail.com,CLOSED,,,,closed,
2026-05-16 16:05:05,503,Sale Line,,,,1.00000,19.99000,1.84908,0.00000,0.00000,21.83908,,Nasty Girl Silver Top Size 10,,,,10007278,,,,
2026-05-16 16:05:05,503,Sale Line,,,,1.00000,17.99000,1.66408,0.00000,0.00000,19.65408,,GianiBini/TanCropTankTop/SizeM,,,,10006875,,,,
2026-05-16 16:05:05,503,Sale Line,,,,1.00000,24.99000,2.31158,0.00000,0.00000,27.30158,,Cinema Pink Lace Tulle Lingerie / Size M,,,,10004782,,,,
2026-05-16 16:04:57,503,Payment,,,,,,,,,,68.79000,Lightspeed Payments,,,,,,,,
2026-05-16 14:40:24,502,Sale,WALKIN,,,3,230.98,21.37,0.00000,0.00000,252.35,,1 X Dazy Blue Sheer LS W Tie Front / Size L + 1 X BananaR/ChainGemNecklace + 1 X Coach Pink Madison Hobo,POS 2,tomderobe@gmail.com,CLOSED,,,,closed,
2026-05-16 14:40:24,502,Sale Line,,,,1.00000,12.99000,1.20158,0.00000,0.00000,14.19158,,Dazy Blue Sheer LS W Tie Front / Size L,,,,10005188,,,,
2026-05-16 14:40:24,502,Sale Line,,,,1.00000,22.99000,2.12658,0.00000,0.00000,25.11658,,BananaR/ChainGemNecklace,,,,10007381,,,,
2026-05-16 14:40:24,502,Sale Line,,,,1.00000,195.00000,18.03750,0.00000,0.00000,213.03750,,Coach Pink Madison Hobo,,,,10008270,,,,
2026-05-16 14:40:18,502,Payment,,,,,,,,,,252.35000,Lightspeed Payments,,,,,,,,
2026-05-16 14:08:07,501,Sale,WALKIN,,,3,50.49,4.67,0.00000,0.00000,55.16,,1 X Wild Fable White Dress Size S + 1 X White Flower Ring 1 + 1 X Flowers,POS 2,tomderobe@gmail.com,CLOSED,,,,closed,
2026-05-16 14:08:07,501,Sale Line,,,,1.00000,19.00000,1.75750,0.00000,0.00000,20.75750,,Wild Fable White Dress Size S,,,,10007562,,,,
2026-05-16 14:08:07,501,Sale Line,,,,1.00000,8.99000,0.83158,0.00000,0.00000,9.82158,,White Flower Ring 1,,,,10003990,,,,
2026-05-16 14:08:07,501,Sale Line,,,,1.00000,22.50000,2.08125,0.00000,0.00000,24.58125,,Flowers,,,,10007594,,,,
2026-05-16 14:08:00,501,Payment,,,,,,,,,,55.16000,Lightspeed Payments,,,,,,,,
2026-05-16 13:41:23,500,Sale,WALKIN,,,1,12.99,1.20,0.00000,0.00000,14.19,,1 X multi colored shortsleeve blouse/m,POS 2,tomderobe@gmail.com,CLOSED,,,,closed,
2026-05-16 13:41:23,500,Sale Line,,,,1.00000,12.99000,1.20158,0.00000,0.00000,14.19158,,multi colored shortsleeve blouse/m,,,,10008129,,,,
2026-05-16 13:40:50,500,Payment,,,,,,,,,,20.25000,Cash,,,,,,,,
2026-05-16 13:41:23,500,Payment,,,,,,,,,,-6.06000,Cash,,,,,,,,
2026-05-16 13:38:33,499,Sale,WALKIN,,,3,64.97,6.01,0.00000,0.00000,70.98,,1 X Ann Taylor Baby Pink Tank / Size L + 1 X Christina Black/White Sleeveless L + 1 X black and tan design blouse/14,POS 2,tomderobe@gmail.com,CLOSED,,,,closed,
2026-05-16 13:38:33,499,Sale Line,,,,1.00000,23.99000,2.21908,0.00000,0.00000,26.20908,,Ann Taylor Baby Pink Tank / Size L,,,,10006288,,,,
2026-05-16 13:38:33,499,Sale Line,,,,1.00000,14.99000,1.38658,0.00000,0.00000,16.37658,,Christina Black/White Sleeveless L,,,,10008245,,,,
2026-05-16 13:38:33,499,Sale Line,,,,1.00000,25.99000,2.40408,0.00000,0.00000,28.39408,,black and tan design blouse/14,,,,10007807,,,,
2026-05-16 13:38:26,499,Payment,,,,,,,,,,70.98000,Lightspeed Payments,,,,,,,,
2026-05-16 13:12:29,498,Sale,WALKIN,,,0,20.00,1.85,0.00000,0.00000,21.85,,1 X Style U White Tube Top / Size M + -1 X Discount,POS 2,tomderobe@gmail.com,CLOSED,,,,closed,
2026-05-16 13:12:29,498,Sale Line,,,,1.00000,23.00000,2.12750,0.00000,0.00000,25.12750,,Style U White Tube Top / Size M,,,,10008016,,,,
2026-05-16 13:12:29,498,Sale Line,,,,-1.00000,-3.00000,-0.27750,0.00000,0.00000,-3.27750,,Discount,,,,vend-discount,,,,
2026-05-16 13:12:22,498,Payment,,,,,,,,,,21.85000,Lightspeed Payments,,,,,,,,
2026-05-16 13:11:26,497,Sale,WALKIN,,,0,22.99,2.13,0.00000,0.00000,25.12,,1 X WHBM/BlkcinchTop/SizeL + -1 X Discount,POS 2,tomderobe@gmail.com,CLOSED,,,,closed,
2026-05-16 13:11:26,497,Sale Line,,,,1.00000,25.99000,2.40408,0.00000,0.00000,28.39408,,WHBM/BlkcinchTop/SizeL,,,,10006157,,,,
2026-05-16 13:11:26,497,Sale Line,,,,-1.00000,-3.00000,-0.27750,0.00000,0.00000,-3.27750,,Discount,,,,vend-discount,,,,
2026-05-16 13:11:17,497,Payment,,,,,,,,,,50.00000,Cash,,,,,,,,
2026-05-16 13:11:26,497,Payment,,,,,,,,,,-24.88000,Cash,,,,,,,,
2026-05-16 12:55:28,496,Sale,WALKIN,,,2,52.98,4.90,0.00000,0.00000,57.88,,1 X Paani/MulticolFlowerDress/SizeS + 1 X Sofft Elsa Blue Sandals/Size,POS 2,tomderobe@gmail.com,CLOSED,,,,closed,
2026-05-16 12:55:28,496,Sale Line,,,,1.00000,29.99000,2.77408,0.00000,0.00000,32.76408,,Paani/MulticolFlowerDress/SizeS,,,,10008293,,,,
2026-05-16 12:55:28,496,Sale Line,,,,1.00000,22.99000,2.12658,0.00000,0.00000,25.11658,,Sofft Elsa Blue Sandals/Size,,,,10007091,,,,
2026-05-16 12:54:59,496,Payment,,,,,,,,,,57.88000,Lightspeed Payments,,,,,,,,
2026-05-16 12:41:04,495,Sale,WALKIN,,,3,51.97,4.81,0.00000,0.00000,56.78,,1 X BlkSheerTshirt/SizeL + 1 X Eloise Black Tank / Size M + 1 X HyFve Black Top/Size M,POS 2,tomderobe@gmail.com,CLOSED,,,,closed,
2026-05-16 12:41:04,495,Sale Line,,,,1.00000,13.99000,1.29408,0.00000,0.00000,15.28408,,BlkSheerTshirt/SizeL,,,,10006108,,,,
2026-05-16 12:41:04,495,Sale Line,,,,1.00000,10.99000,1.01658,0.00000,0.00000,12.00658,,Eloise Black Tank / Size M,,,,10005309,,,,
2026-05-16 12:41:04,495,Sale Line,,,,1.00000,26.99000,2.49658,0.00000,0.00000,29.48658,,HyFve Black Top/Size M,,,,10005375,,,,
2026-05-16 12:40:58,495,Payment,,,,,,,,,,56.78000,Lightspeed Payments,,,,,,,,
2026-05-16 12:36:57,494,Sale,WALKIN,,,2,50.98,4.72,0.00000,0.00000,55.7,,1 X Yellow Chic Vintage T Shirt Size L + 1 X Gray Floral Sparkly Hat,POS 2,tomderobe@gmail.com,CLOSED,,,,closed,
2026-05-16 12:36:57,494,Sale Line,,,,1.00000,23.99000,2.21908,0.00000,0.00000,26.20908,,Yellow Chic Vintage T Shirt Size L,,,,10007152,,,,
2026-05-16 12:36:57,494,Sale Line,,,,1.00000,26.99000,2.49658,0.00000,0.00000,29.48658,,Gray Floral Sparkly Hat,,,,10007086,,,,
2026-05-16 12:36:45,494,Payment,,,,,,,,,,55.70000,Lightspeed Payments,,,,,,,,
2026-05-16 11:50:44,493,Sale,WALKIN,,,1,23.99,2.22,0.00000,0.00000,26.21,,1 X Pink Chic Vintage T Shirt Size S,POS 2,tomderobe@gmail.com,CLOSED,,,,closed,
2026-05-16 11:50:44,493,Sale Line,,,,1.00000,23.99000,2.21908,0.00000,0.00000,26.20908,,Pink Chic Vintage T Shirt Size S,,,,10007145,,,,
2026-05-16 11:50:28,493,Payment,,,,,,,,,,26.21000,Lightspeed Payments,,,,,,,,
2026-05-16 11:33:49,492,Sale,WALKIN,,,2,43.98,4.07,0.00000,0.00000,48.05,,1 X TicToc/PinkWhiCorset/SizeM + 1 X Lush Dark Blue Satin Top / Size M,POS 2,tomderobe@gmail.com,CLOSED,,,,closed,
2026-05-16 11:33:49,492,Sale Line,,,,1.00000,18.99000,1.75658,0.00000,0.00000,20.74658,,TicToc/PinkWhiCorset/SizeM,,,,10008537,,,,
2026-05-16 11:33:49,492,Sale Line,,,,1.00000,24.99000,2.31158,0.00000,0.00000,27.30158,,Lush Dark Blue Satin Top / Size M,,,,10004800,,,,
2026-05-16 11:33:41,492,Payment,,,,,,,,,,48.05000,Lightspeed Payments,,,,,,,,
2026-05-16 11:29:09,491,Sale,WALKIN,,,1,23.00,2.13,0.00000,0.00000,25.13,,1 X Style U Bright Pink Tube Top / Size L,POS 2,tomderobe@gmail.com,CLOSED,,,,closed,
2026-05-16 11:29:09,491,Sale Line,,,,1.00000,23.00000,2.12750,0.00000,0.00000,25.12750,,Style U Bright Pink Tube Top / Size L,,,,10008005,,,,
2026-05-16 11:28:59,491,Payment,,,,,,,,,,25.13000,Lightspeed Payments,,,,,,,,
2026-05-15 19:08:54,490,Sale,WALKIN,,,2,53.98,4.99,0.00000,0.00000,58.97,,1 X Madewell Striped Dress/Size 6 + 1 X Reoria SS Top Pink Size L,POS 2,tomderobe@gmail.com,CLOSED,,,,closed,
2026-05-15 19:08:54,490,Sale Line,,,,1.00000,34.99000,3.23658,0.00000,0.00000,38.22658,,Madewell Striped Dress/Size 6,,,,10005822,,,,
2026-05-15 19:08:54,490,Sale Line,,,,1.00000,18.99000,1.75658,0.00000,0.00000,20.74658,,Reoria SS Top Pink Size L,,,,10007282,,,,
2026-05-15 19:08:48,490,Payment,,,,,,,,,,58.97000,Lightspeed Payments,,,,,,,,
2026-05-15 18:53:57,489,Sale,WALKIN,,,1,19.99,1.85,0.00000,0.00000,21.84,,1 X Turks & Caicos White Cover Up Pants S,POS 2,tomderobe@gmail.com,CLOSED,,,,closed,
2026-05-15 18:53:57,489,Sale Line,,,,1.00000,19.99000,1.84908,0.00000,0.00000,21.83908,,Turks & Caicos White Cover Up Pants S,,,,10007430,,,,
2026-05-15 18:53:51,489,Payment,,,,,,,,,,25.00000,Cash,,,,,,,,
2026-05-15 18:53:57,489,Payment,,,,,,,,,,-3.16000,Cash,,,,,,,,
2026-05-15 18:01:20,488,Sale,WALKIN,,,0,15.99,1.48,0.00000,0.00000,17.47,,1 X BlueSteel/ Multipttrn Crop/ Size M + -1 X Discount,POS 2,tomderobe@gmail.com,CLOSED,,,,closed,
2026-05-15 18:01:20,488,Sale Line,,,,1.00000,18.99000,1.75658,0.00000,0.00000,20.74658,,BlueSteel/ Multipttrn Crop/ Size M,,,,10005180,,,,
2026-05-15 18:01:20,488,Sale Line,,,,-1.00000,-3.00000,-0.27750,0.00000,0.00000,-3.27750,,Discount,,,,vend-discount,,,,
2026-05-15 18:01:12,488,Payment,,,,,,,,,,17.47000,Lightspeed Payments,,,,,,,,
2026-05-15 17:55:32,487,Sale,WALKIN,,,1,24.00,2.22,0.00000,0.00000,26.22,,1 X Tennessee Orange Shawl,POS 2,tomderobe@gmail.com,CLOSED,,,,closed,
2026-05-15 17:55:32,487,Sale Line,,,,1.00000,24.00000,2.22000,0.00000,0.00000,26.22000,,Tennessee Orange Shawl,,,,10007959,,,,
2026-05-15 17:55:23,487,Payment,,,,,,,,,,26.22000,Lightspeed Payments,,,,,,,,
2026-05-15 17:50:50,486,Sale,WALKIN,,,3,59.97,5.55,0.00000,0.00000,65.52,,1 X redbrownVelvetLaceTankTop/SizeS + 1 X LushBlkSheermulticolTop/SizeS + 1 X cynthia rowley/pant/navy/6,POS 2,tomderobe@gmail.com,CLOSED,,,,closed,
2026-05-15 17:50:50,486,Sale Line,,,,1.00000,19.99000,1.84908,0.00000,0.00000,21.83908,,redbrownVelvetLaceTankTop/SizeS,,,,10006881,,,,
2026-05-15 17:50:50,486,Sale Line,,,,1.00000,14.99000,1.38658,0.00000,0.00000,16.37658,,LushBlkSheermulticolTop/SizeS,,,,10007420,,,,
2026-05-15 17:50:50,486,Sale Line,,,,1.00000,24.99000,2.31158,0.00000,0.00000,27.30158,,cynthia rowley/pant/navy/6,,,,10003631,,,,
2026-05-15 17:50:45,486,Payment,,,,,,,,,,65.52000,Lightspeed Payments,,,,,,,,
2026-05-15 17:48:06,485,Sale,WALKIN,,,2,51.98,4.81,0.00000,0.00000,56.79,,1 X kimrogers/bls/flr/ps + 1 X Tahari/MulticolTop/SizeL,POS 2,tomderobe@gmail.com,CLOSED,,,,closed,
2026-05-15 17:48:06,485,Sale Line,,,,1.00000,28.99000,2.68158,0.00000,0.00000,31.67158,,kimrogers/bls/flr/ps,,,,10004888,,,,
2026-05-15 17:48:06,485,Sale Line,,,,1.00000,22.99000,2.12658,0.00000,0.00000,25.11658,,Tahari/MulticolTop/SizeL,,,,10008554,,,,
2026-05-15 17:48:00,485,Payment,,,,,,,,,,56.79000,Lightspeed Payments,,,,,,,,
2026-05-15 17:20:53,484,Sale,WALKIN,,,1,19.00,1.76,0.00000,0.00000,20.76,,1 X Kristin D White LS Buttondown / Size L,POS 2,tomderobe@gmail.com,CLOSED,,,,closed,
2026-05-15 17:20:53,484,Sale Line,,,,1.00000,19.00000,1.75750,0.00000,0.00000,20.75750,,Kristin D White LS Buttondown / Size L,,,,10008046,,,,
2026-05-15 17:20:45,484,Payment,,,,,,,,,,20.76000,Lightspeed Payments,,,,,,,,
2026-05-15 17:11:01,483,Sale,WALKIN,,,1,22.50,2.08,0.00000,0.00000,24.58,,1 X Flowers,POS 2,tomderobe@gmail.com,CLOSED,,,,closed,
2026-05-15 17:11:01,483,Sale Line,,,,1.00000,22.50000,2.08125,0.00000,0.00000,24.58125,,Flowers,,,,10007594,,,,
2026-05-15 17:10:58,483,Payment,,,,,,,,,,25.00000,Cash,,,,,,,,
2026-05-15 17:11:01,483,Payment,,,,,,,,,,-0.42000,Cash,,,,,,,,
2026-05-15 16:47:21,482,Sale,WALKIN,,,3,109.96,10.17,0.00000,0.00000,120.13,,1 X Lulu's Gold Dress Size S + 1 X Saks/WhiCreamDress/SizeL + 1 X Storia Muted Blush LS Dress / Size S + -1 X Discount + 1 X Brown Dangle Earrings,POS 2,tomderobe@gmail.com,CLOSED,,,,closed,
2026-05-15 16:47:21,482,Sale Line,,,,1.00000,25.99000,2.40408,0.00000,0.00000,28.39408,,Lulu's Gold Dress Size S,,,,10007292,,,,
2026-05-15 16:47:21,482,Sale Line,,,,1.00000,35.99000,3.32908,0.00000,0.00000,39.31908,,Saks/WhiCreamDress/SizeL,,,,10008083,,,,
2026-05-15 16:47:21,482,Sale Line,,,,1.00000,34.99000,3.23658,0.00000,0.00000,38.22658,,Storia Muted Blush LS Dress / Size S,,,,10007780,,,,
2026-05-15 16:47:21,482,Sale Line,,,,-1.00000,-5.00000,-0.46250,0.00000,0.00000,-5.46250,,Discount,,,,vend-discount,,,,
2026-05-15 16:47:21,482,Sale Line,,,,1.00000,17.99000,1.66408,0.00000,0.00000,19.65408,,Brown Dangle Earrings,,,,10007941,,,,
2026-05-15 16:47:16,482,Payment,,,,,,,,,,120.13000,Lightspeed Payments,,,,,,,,
2026-05-15 16:44:58,481,Sale,WALKIN,,,1,30.99,2.87,0.00000,0.00000,33.86,,1 X Delicates Bl Lace Slip/Size S,POS 2,tomderobe@gmail.com,CLOSED,,,,closed,
2026-05-15 16:44:58,481,Sale Line,,,,1.00000,30.99000,2.86658,0.00000,0.00000,33.85658,,Delicates Bl Lace Slip/Size S,,,,10003930,,,,
2026-05-15 16:44:52,481,Payment,,,,,,,,,,33.86000,Lightspeed Payments,,,,,,,,
2026-05-15 16:34:42,480,Sale,WALKIN,,,4,86.96,8.04,0.00000,0.00000,95,,1 X SilverGemNecklace + 1 X V Italia Colorful Sandals / Size 8.5 + 1 X Harley DavidsonTee Shirt_Hdaf + 1 X Free People Intimately Romper Blue M,POS 2,tomderobe@gmail.com,CLOSED,,,,closed,
2026-05-15 16:34:42,480,Sale Line,,,,1.00000,12.99000,1.20158,0.00000,0.00000,14.19158,,SilverGemNecklace,,,,10007383,,,,
2026-05-15 16:34:42,480,Sale Line,,,,1.00000,25.99000,2.40408,0.00000,0.00000,28.39408,,V Italia Colorful Sandals / Size 8.5,,,,10007637,,,,
2026-05-15 16:34:42,480,Sale Line,,,,1.00000,22.99000,2.12658,0.00000,0.00000,25.11658,,Harley DavidsonTee Shirt_Hdaf / Black / XL / abc,,,,10004037,,,,
2026-05-15 16:34:42,480,Sale Line,,,,1.00000,24.99000,2.31158,0.00000,0.00000,27.30158,,Free People Intimately Romper Blue M,,,,10008428,,,,
2026-05-15 16:34:34,480,Payment,,,,,,,,,,95.00000,Lightspeed Payments,,,,,,,,
2026-05-15 16:33:43,479,Sale,WALKIN,,,1,12.99,1.20,0.00000,0.00000,14.19,,1 X Zara/ SqrNck Crop/ Camel/ Size L,POS 2,tomderobe@gmail.com,CLOSED,,,,closed,
2026-05-15 16:33:43,479,Sale Line,,,,1.00000,12.99000,1.20158,0.00000,0.00000,14.19158,,Zara/ SqrNck Crop/ Camel/ Size L,,,,10005141,,,,
2026-05-15 16:33:37,479,Payment,,,,,,,,,,14.19000,Lightspeed Payments,,,,,,,,
2026-05-15 16:20:23,478,Sale,WALKIN,,,1,29.99,2.77,0.00000,0.00000,32.76,,1 X reversible sundress/m,POS 2,tomderobe@gmail.com,CLOSED,,,,closed,
2026-05-15 16:20:23,478,Sale Line,,,,1.00000,29.99000,2.77408,0.00000,0.00000,32.76408,,reversible sundress/m,,,,10007802,,,,
2026-05-15 16:20:15,478,Payment,,,,,,,,,,32.76000,Lightspeed Payments,,,,,,,,
2026-05-15 15:49:30,477,Sale,WALKIN,,,1,22.50,2.08,0.00000,0.00000,24.58,,1 X Flowers,POS 2,tomderobe@gmail.com,CLOSED,,,,closed,
2026-05-15 15:49:30,477,Sale Line,,,,1.00000,22.50000,2.08125,0.00000,0.00000,24.58125,,Flowers,,,,10007594,,,,
2026-05-15 15:49:24,477,Payment,,,,,,,,,,24.58000,Lightspeed Payments,,,,,,,,
2026-05-15 15:16:50,476,Sale,WALKIN,,,3,76.48,7.07,0.00000,0.00000,83.55,,1 X Mountain Hardware Brown Skirt / Size 10 + 1 X Silver necklace Lt Blue Stone + 1 X Flowers,POS 2,tomderobe@gmail.com,CLOSED,,,,closed,
2026-05-15 15:16:50,476,Sale Line,,,,1.00000,31.99000,2.95908,0.00000,0.00000,34.94908,,Mountain Hardware Brown Skirt / Size 10,,,,10006492,,,,
2026-05-15 15:16:50,476,Sale Line,,,,1.00000,21.99000,2.03408,0.00000,0.00000,24.02408,,Silver necklace Lt Blue Stone,,,,10007953,,,,
2026-05-15 15:16:50,476,Sale Line,,,,1.00000,22.50000,2.08125,0.00000,0.00000,24.58125,,Flowers,,,,10007594,,,,
2026-05-15 15:16:42,476,Payment,,,,,,,,,,83.55000,Lightspeed Payments,,,,,,,,
2026-05-15 14:51:16,475,Sale,WALKIN,,,1,22.50,2.08,0.00000,0.00000,24.58,,1 X Flowers,POS 2,tomderobe@gmail.com,CLOSED,,,,closed,
2026-05-15 14:51:16,475,Sale Line,,,,1.00000,22.50000,2.08125,0.00000,0.00000,24.58125,,Flowers,,,,10007594,,,,
2026-05-15 14:51:09,475,Payment,,,,,,,,,,24.58000,Lightspeed Payments,,,,,,,,
2026-05-15 14:09:25,474,Sale,WALKIN,,,1,37.98,3.51,0.00000,0.00000,41.49,,1 X PGA TourSS Top_Iz + 1 X Alexis Bittar Gold Colored Enamel Ring + -1 X Discount,POS 2,tomderobe@gmail.com,CLOSED,,,,closed,
2026-05-15 14:09:25,474,Sale Line,,,,1.00000,15.99000,1.47908,0.00000,0.00000,17.46908,,PGA TourSS Top_Iz / Pink / M / 16.06,,,,10003003,,,,
2026-05-15 14:09:25,474,Sale Line,,,,1.00000,24.99000,2.31158,0.00000,0.00000,27.30158,,Alexis Bittar Gold Colored Enamel Ring / Gold / M / abc,,,,10003226,,,,
2026-05-15 14:09:25,474,Sale Line,,,,-1.00000,-3.00000,-0.27750,0.00000,0.00000,-3.27750,,Discount,,,,vend-discount,,,,
2026-05-15 14:09:04,474,Payment,,,,,,,,,,41.49000,Lightspeed Payments,,,,,,,,
2026-05-15 13:56:46,473,Sale,WALKIN,,,4,203.95,18.87,0.00000,0.00000,222.82,,1 X VINTAGE Depeche  Blk PolkaDot Top/ Size 12 + 1 X long sleeve pink striped dress shirt/small + 1 X Vintage Carol Chase LS Blouse 10 + 1 X VintageIsabel/BlueFlowrSwtr/SizeS + 1 X BC Vintage Faux Leather Jacket/Size L/Black + -1 X Discount,POS 2,tomderobe@gmail.com,CLOSED,,,,closed,
2026-05-15 13:56:46,473,Sale Line,,,,1.00000,32.99000,3.05158,0.00000,0.00000,36.04158,,VINTAGE Depeche  Blk PolkaDot Top/ Size 12,,,,10007324,,,,
2026-05-15 13:56:46,473,Sale Line,,,,1.00000,25.99000,2.40408,0.00000,0.00000,28.39408,,long sleeve pink striped dress shirt/small,,,,10006184,,,,
2026-05-15 13:56:46,473,Sale Line,,,,1.00000,24.99000,2.31158,0.00000,0.00000,27.30158,,Vintage Carol Chase LS Blouse 10,,,,10008224,,,,
2026-05-15 13:56:46,473,Sale Line,,,,1.00000,74.99000,6.93658,0.00000,0.00000,81.92658,,VintageIsabel/BlueFlowrSwtr/SizeS,,,,10008050,,,,
2026-05-15 13:56:46,473,Sale Line,,,,1.00000,49.99000,4.62408,0.00000,0.00000,54.61408,,BC Vintage Faux Leather Jacket/Size L/Black,,,,10004166,,,,
2026-05-15 13:56:46,473,Sale Line,,,,-1.00000,-5.00000,-0.46250,0.00000,0.00000,-5.46250,,Discount,,,,vend-discount,,,,
2026-05-15 13:56:38,473,Payment,,,,,,,,,,222.82000,Lightspeed Payments,,,,,,,,
2026-05-15 13:46:14,472,Sale,WALKIN,,,1,115.00,10.64,0.00000,0.00000,125.64,,1 X silver skull clutch bag,POS 2,tomderobe@gmail.com,CLOSED,,,,closed,
2026-05-15 13:46:14,472,Sale Line,,,,1.00000,115.00000,10.63750,0.00000,0.00000,125.63750,,silver skull clutch bag,,,,10007759,,,,
2026-05-15 13:46:06,472,Payment,,,,,,,,,,125.64000,Lightspeed Payments,,,,,,,,
2026-05-15 13:18:15,471,Sale,WALKIN,,,1,22.50,2.08,0.00000,0.00000,24.58,,1 X Flowers,POS 2,tomderobe@gmail.com,CLOSED,,,,closed,
2026-05-15 13:18:15,471,Sale Line,,,,1.00000,22.50000,2.08125,0.00000,0.00000,24.58125,,Flowers,,,,10007594,,,,
2026-05-15 13:18:08,471,Payment,,,,,,,,,,24.58000,Lightspeed Payments,,,,,,,,
2026-05-15 13:16:53,470,Sale,WALKIN,,,1,22.50,2.08,0.00000,0.00000,24.58,,1 X Flowers,POS 2,tomderobe@gmail.com,CLOSED,,,,closed,
2026-05-15 13:16:53,470,Sale Line,,,,1.00000,22.50000,2.08125,0.00000,0.00000,24.58125,,Flowers,,,,10007594,,,,
2026-05-15 13:16:46,470,Payment,,,,,,,,,,24.58000,Lightspeed Payments,,,,,,,,
2026-05-15 12:58:05,469,Sale,WALKIN,,,1,24.99,2.31,0.00000,0.00000,27.3,,1 X EmmaJames/PinkFloralSkirt/SizeL,POS 2,tomderobe@gmail.com,CLOSED,,,,closed,
2026-05-15 12:58:05,469,Sale Line,,,,1.00000,24.99000,2.31158,0.00000,0.00000,27.30158,,EmmaJames/PinkFloralSkirt/SizeL,,,,10008336,,,,
2026-05-15 12:57:58,469,Payment,,,,,,,,,,27.30000,Lightspeed Payments,,,,,,,,
2026-05-15 12:56:54,468,Sale,WALKIN,,,1,25.99,2.40,0.00000,0.00000,28.39,,1 X Moon X Madi Pink Smiley Face Sweater / Size M,POS 2,tomderobe@gmail.com,CLOSED,,,,closed,
2026-05-15 12:56:54,468,Sale Line,,,,1.00000,25.99000,2.40408,0.00000,0.00000,28.39408,,Moon X Madi Pink Smiley Face Sweater / Size M,,,,10004982,,,,
2026-05-15 12:56:48,468,Payment,,,,,,,,,,28.39000,Lightspeed Payments,,,,,,,,
2026-05-15 12:54:56,467,Sale,WALKIN,,,1,18.99,1.76,0.00000,0.00000,20.75,,1 X Divided/RedPolkaDotDress/Size2,POS 2,tomderobe@gmail.com,CLOSED,,,,closed,
2026-05-15 12:54:56,467,Sale Line,,,,1.00000,18.99000,1.75658,0.00000,0.00000,20.74658,,Divided/RedPolkaDotDress/Size2,,,,10007738,,,,
2026-05-15 12:54:50,467,Payment,,,,,,,,,,20.75000,Lightspeed Payments,,,,,,,,
2026-05-15 12:47:39,466,Sale,WALKIN,,,1,139.99,12.95,0.00000,0.00000,152.94,,1 X NWOT Pink Boots Size 9,POS 2,tomderobe@gmail.com,CLOSED,,,,closed,
2026-05-15 12:47:39,466,Sale Line,,,,1.00000,139.99000,12.94908,0.00000,0.00000,152.93908,,NWOT Pink Boots Size 9,,,,10008444,,,,
2026-05-15 12:47:33,466,Payment,,,,,,,,,,152.94000,Lightspeed Payments,,,,,,,,
2026-05-15 12:18:03,465,Sale,WALKIN,,,1,22.50,2.08,0.00000,0.00000,24.58,,1 X Flowers,POS 2,tomderobe@gmail.com,CLOSED,,,,closed,
2026-05-15 12:18:03,465,Sale Line,,,,1.00000,22.50000,2.08125,0.00000,0.00000,24.58125,,Flowers,,,,10007594,,,,
2026-05-15 12:17:53,465,Payment,,,,,,,,,,24.58000,Lightspeed Payments,,,,,,,,
2026-05-14 19:42:16,464,Sale,WALKIN,,,1,565.00,52.26,0.00000,0.00000,617.26,,1 X Vintage Y2K Baby Pink Coach Soho Shoulder Bag + 1 X Coach Green Purse Leather Handle + -1 X Discount,POS 2,tomderobe@gmail.com,CLOSED,,,,closed,
2026-05-14 19:42:16,464,Sale Line,,,,1.00000,350.00000,32.37500,0.00000,0.00000,382.37500,,Vintage Y2K Baby Pink Coach Soho Shoulder Bag,,,,10006273,,,,
2026-05-14 19:42:16,464,Sale Line,,,,1.00000,225.00000,20.81250,0.00000,0.00000,245.81250,,Coach Green Purse Leather Handle,,,,10004522,,,,
2026-05-14 19:42:16,464,Sale Line,,,,-1.00000,-10.00000,-0.92500,0.00000,0.00000,-10.92500,,Discount,,,,vend-discount,,,,
2026-05-14 19:42:12,464,Payment,,,,,,,,,,617.26000,Lightspeed Payments,,,,,,,,
2026-05-14 19:32:34,463,Sale,WALKIN,,,1,24.99,2.31,0.00000,0.00000,27.3,,1 X J Crew Pink Red Floral Dress / Size 12,POS 2,tomderobe@gmail.com,CLOSED,,,,closed,
2026-05-14 19:32:34,463,Sale Line,,,,1.00000,24.99000,2.31158,0.00000,0.00000,27.30158,,J Crew Pink Red Floral Dress / Size 12,,,,10006763,,,,
2026-05-14 19:32:26,463,Payment,,,,,,,,,,27.30000,Lightspeed Payments,,,,,,,,
2026-05-14 18:28:19,462,Sale,WALKIN,,,1,24.99,2.31,0.00000,0.00000,27.3,,1 X Mondessa/RedFlowerlouse/SizeS,POS 2,tomderobe@gmail.com,CLOSED,,,,closed,
2026-05-14 18:28:19,462,Sale Line,,,,1.00000,24.99000,2.31158,0.00000,0.00000,27.30158,,Mondessa/RedFlowerlouse/SizeS,,,,10008079,,,,
2026-05-14 18:28:10,462,Payment,,,,,,,,,,27.30000,Lightspeed Payments,,,,,,,,
2026-05-14 17:39:35,461,Sale,WALKIN,,,2,51.98,4.81,0.00000,0.00000,56.79,,1 X Unknown Green Dress Size 6 + 1 X GTWUrban/RedDress/SizeM,POS 2,tomderobe@gmail.com,CLOSED,,,,closed,
2026-05-14 17:39:35,461,Sale Line,,,,1.00000,22.99000,2.12658,0.00000,0.00000,25.11658,,Unknown Green Dress Size 6,,,,10008395,,,,
2026-05-14 17:39:35,461,Sale Line,,,,1.00000,28.99000,2.68158,0.00000,0.00000,31.67158,,GTWUrban/RedDress/SizeM,,,,10005423,,,,
2026-05-14 17:39:29,461,Payment,,,,,,,,,,56.79000,Lightspeed Payments,,,,,,,,
2026-05-14 17:29:32,460,Sale,WALKIN,,,2,85.98,7.95,0.00000,0.00000,93.93,,1 X ClothXStone/GrnJumpsuit/SizeXS + 1 X Vintage Grey Vest Size S,POS 2,tomderobe@gmail.com,CLOSED,,,,closed,
2026-05-14 17:29:32,460,Sale Line,,,,1.00000,35.99000,3.32908,0.00000,0.00000,39.31908,,ClothXStone/GrnJumpsuit/SizeXS,,,,10006008,,,,
2026-05-14 17:29:32,460,Sale Line,,,,1.00000,49.99000,4.62408,0.00000,0.00000,54.61408,,Vintage Grey Vest Size S,,,,10007184,,,,
2026-05-14 17:29:24,460,Payment,,,,,,,,,,93.93000,Lightspeed Payments,,,,,,,,
2026-05-14 14:19:48,459,Sale,WALKIN,,,1,22.50,2.08,0.00000,0.00000,24.58,,1 X Flowers,POS 2,tomderobe@gmail.com,CLOSED,,,,closed,
2026-05-14 14:19:48,459,Sale Line,,,,1.00000,22.50000,2.08125,0.00000,0.00000,24.58125,,Flowers,,,,10007594,,,,
2026-05-14 14:19:38,459,Payment,,,,,,,,,,24.58000,Lightspeed Payments,,,,,,,,
2026-05-14 13:58:10,458,Sale,WALKIN,,,1,22.50,2.08,0.00000,0.00000,24.58,,1 X Flowers,POS 2,tomderobe@gmail.com,CLOSED,,,,closed,
2026-05-14 13:58:10,458,Sale Line,,,,1.00000,22.50000,2.08125,0.00000,0.00000,24.58125,,Flowers,,,,10007594,,,,
2026-05-14 13:58:06,458,Payment,,,,,,,,,,25.00000,Cash,,,,,,,,
2026-05-14 13:58:10,458,Payment,,,,,,,,,,-0.42000,Cash,,,,,,,,
2026-05-14 13:49:46,457,Sale,WALKIN,,,1,49.98,4.62,0.00000,0.00000,54.6,,1 X Miami Burgundy Dress Size XS + 1 X Jen 7 Straight Black Jeans / Size 4 + -1 X Discount,POS 2,tomderobe@gmail.com,CLOSED,,,,closed,
2026-05-14 13:49:46,457,Sale Line,,,,1.00000,26.99000,2.49658,0.00000,0.00000,29.48658,,Miami Burgundy Dress Size XS,,,,10007178,,,,
2026-05-14 13:49:46,457,Sale Line,,,,1.00000,25.99000,2.40408,0.00000,0.00000,28.39408,,Jen 7 Straight Black Jeans / Size 4,,,,10003796,,,,
2026-05-14 13:49:46,457,Sale Line,,,,-1.00000,-3.00000,-0.27750,0.00000,0.00000,-3.27750,,Discount,,,,vend-discount,,,,
2026-05-14 13:49:27,457,Payment,,,,,,,,,,54.60000,Lightspeed Payments,,,,,,,,
2026-05-14 13:13:14,456,Sale,WALKIN,,,0,20.99,1.94,0.00000,0.00000,22.93,,1 X Tahari Tan Dress Size S + -1 X Discount,POS 2,tomderobe@gmail.com,CLOSED,,,,closed,
2026-05-14 13:13:14,456,Sale Line,,,,1.00000,24.99000,2.31158,0.00000,0.00000,27.30158,,Tahari Tan Dress Size S,,,,10007193,,,,
2026-05-14 13:13:14,456,Sale Line,,,,-1.00000,-4.00000,-0.37000,0.00000,0.00000,-4.37000,,Discount,,,,vend-discount,,,,
2026-05-14 13:13:09,456,Payment,,,,,,,,,,22.93000,Lightspeed Payments,,,,,,,,
2026-05-14 13:11:05,455,Sale,WALKIN,,,1,19.99,1.85,0.00000,0.00000,21.84,,1 X Green Stone Earings,POS 2,tomderobe@gmail.com,CLOSED,,,,closed,
2026-05-14 13:11:05,455,Sale Line,,,,1.00000,19.99000,1.84908,0.00000,0.00000,21.83908,,Green Stone Earings,,,,10007952,,,,
2026-05-14 13:10:58,455,Payment,,,,,,,,,,21.84000,Lightspeed Payments,,,,,,,,
2026-05-14 12:59:10,454,Sale,WALKIN,,,2,39.00,3.61,0.00000,0.00000,42.61,,1 X Madewell Blue Skirt Size 0 + 1 X Andrea Jovine Black/Fish Dress 6,POS 2,tomderobe@gmail.com,CLOSED,,,,closed,
2026-05-14 12:59:10,454,Sale Line,,,,1.00000,19.00000,1.75750,0.00000,0.00000,20.75750,,Madewell Blue Skirt Size 0,,,,10007880,,,,
2026-05-14 12:59:10,454,Sale Line,,,,1.00000,20.00000,1.85000,0.00000,0.00000,21.85000,,Andrea Jovine Black/Fish Dress 6,,,,10007970,,,,
2026-05-14 12:58:56,454,Payment,,,,,,,,,,42.61000,Lightspeed Payments,,,,,,,,
2026-05-14 12:56:10,453,Sale,WALKIN,,,1,21.99,2.03,0.00000,0.00000,24.02,,1 X UltraPink/Blk&WhiTop/SizeS,POS 2,tomderobe@gmail.com,CLOSED,,,,closed,
2026-05-14 12:56:10,453,Sale Line,,,,1.00000,21.99000,2.03408,0.00000,0.00000,24.02408,,UltraPink/Blk&WhiTop/SizeS,,,,10005290,,,,
2026-05-14 12:56:02,453,Payment,,,,,,,,,,24.02000,Lightspeed Payments,,,,,,,,
2026-05-14 12:22:50,452,Sale,WALKIN,,,1,26.99,2.50,0.00000,0.00000,29.49,,1 X Fantastic F Blush LS Dress / Size M,POS 2,tomderobe@gmail.com,CLOSED,,,,closed,
2026-05-14 12:22:50,452,Sale Line,,,,1.00000,26.99000,2.49658,0.00000,0.00000,29.48658,,Fantastic F Blush LS Dress / Size M,,,,10008187,,,,
2026-05-14 12:22:37,452,Payment,,,,,,,,,,29.49000,Lightspeed Payments,,,,,,,,
2026-05-13 18:39:56,451,Sale,WALKIN,,,1,44.99,4.16,0.00000,0.00000,49.15,,1 X NicoleLee/GreenSequinflowerPurse,POS 2,tomderobe@gmail.com,CLOSED,,,,closed,
2026-05-13 18:39:56,451,Sale Line,,,,1.00000,44.99000,4.16158,0.00000,0.00000,49.15158,,NicoleLee/GreenSequinflowerPurse,,,,10008298,,,,
2026-05-13 18:39:51,451,Payment,,,,,,,,,,49.15000,Lightspeed Payments,,,,,,,,
2026-05-13 18:39:27,450,Sale,WALKIN,,,1,25.99,2.40,0.00000,0.00000,28.39,,1 X Angie/BlkPurpFloralHalter/SizeS,POS 2,tomderobe@gmail.com,CLOSED,,,,closed,
2026-05-13 18:39:27,450,Sale Line,,,,1.00000,25.99000,2.40408,0.00000,0.00000,28.39408,,Angie/BlkPurpFloralHalter/SizeS,,,,10005473,,,,
2026-05-13 18:39:21,450,Payment,,,,,,,,,,28.39000,Lightspeed Payments,,,,,,,,
2026-05-13 17:52:58,449,Sale,WALKIN,,,3,64.97,6.01,0.00000,0.00000,70.98,,1 X LRL Green LS / Size XL + 1 X Tribal/BrownSkirt/Size14 + 1 X BlackSkirt/SizeM,POS 2,tomderobe@gmail.com,CLOSED,,,,closed,
2026-05-13 17:52:58,449,Sale Line,,,,1.00000,19.99000,1.84908,0.00000,0.00000,21.83908,,LRL Green LS / Size XL,,,,10005886,,,,
2026-05-13 17:52:58,449,Sale Line,,,,1.00000,22.99000,2.12658,0.00000,0.00000,25.11658,,Tribal/BrownSkirt/Size14,,,,10004927,,,,
2026-05-13 17:52:58,449,Sale Line,,,,1.00000,21.99000,2.03408,0.00000,0.00000,24.02408,,BlackSkirt/SizeM,,,,10008346,,,,
2026-05-13 17:52:52,449,Payment,,,,,,,,,,70.98000,Lightspeed Payments,,,,,,,,
2026-05-13 17:31:21,448,Sale,WALKIN,,,1,39.99,3.70,0.00000,0.00000,43.69,,1 X Green Suede Boots La Canadienne  Size 6 1/2,POS 2,tomderobe@gmail.com,CLOSED,,,,closed,
2026-05-13 17:31:21,448,Sale Line,,,,1.00000,39.99000,3.69908,0.00000,0.00000,43.68908,,Green Suede Boots La Canadienne  Size 6 1/2,,,,10003347,,,,
2026-05-13 17:31:14,448,Payment,,,,,,,,,,43.69000,Lightspeed Payments,,,,,,,,
2026-05-13 17:28:32,447,Sale,WALKIN,,,1,35.99,3.33,0.00000,0.00000,39.32,,1 X Stella Dot Rhinestone Necklace,POS 2,tomderobe@gmail.com,CLOSED,,,,closed,
2026-05-13 17:28:32,447,Sale Line,,,,1.00000,35.99000,3.32908,0.00000,0.00000,39.31908,,Stella Dot Rhinestone Necklace,,,,10007338,,,,
2026-05-13 17:28:25,447,Payment,,,,,,,,,,39.32000,Lightspeed Payments,,,,,,,,
2026-05-13 15:27:19,446,Sale,WALKIN,,,3,67.97,6.29,0.00000,0.00000,74.26,,1 X Yellow Chic Vintage T Shirt Size XL + 1 X Talbots Dark Blue Collared Sleeveless / Size XL + 1 X Apt9/GrnSPotBttnDwn/Size2X,POS 2,tomderobe@gmail.com,CLOSED,,,,closed,
2026-05-13 15:27:19,446,Sale Line,,,,1.00000,23.99000,2.21908,0.00000,0.00000,26.20908,,Yellow Chic Vintage T Shirt Size XL,,,,10007153,,,,
2026-05-13 15:27:19,446,Sale Line,,,,1.00000,24.99000,2.31158,0.00000,0.00000,27.30158,,Talbots Dark Blue Collared Sleeveless / Size XL,,,,10003864,,,,
2026-05-13 15:27:19,446,Sale Line,,,,1.00000,18.99000,1.75658,0.00000,0.00000,20.74658,,Apt9/GrnSPotBttnDwn/Size2X,,,,10005472,,,,
2026-05-13 15:27:08,446,Payment,,,,,,,,,,74.26000,Lightspeed Payments,,,,,,,,
2026-05-13 13:58:07,445,Sale,WALKIN,,,1,12.99,1.20,0.00000,0.00000,14.19,,1 X Altar'd State Tank Black/Size S,POS 2,tomderobe@gmail.com,CLOSED,,,,closed,
2026-05-13 13:58:07,445,Sale Line,,,,1.00000,12.99000,1.20158,0.00000,0.00000,14.19158,,Altar'd State Tank Black/Size S,,,,10005215,,,,
2026-05-13 13:58:01,445,Payment,,,,,,,,,,14.19000,Lightspeed Payments,,,,,,,,
2026-05-13 13:53:37,444,Sale,WALKIN,,,1,12.99,1.20,0.00000,0.00000,14.19,,1 X Black Leather Belt with Brown Design,POS 2,tomderobe@gmail.com,CLOSED,,,,closed,
2026-05-13 13:53:37,444,Sale Line,,,,1.00000,12.99000,1.20158,0.00000,0.00000,14.19158,,Black Leather Belt with Brown Design,,,,10007983,,,,
2026-05-13 13:53:35,444,Payment,,,,,,,,,,20.00000,Cash,,,,,,,,
2026-05-13 13:53:37,444,Payment,,,,,,,,,,-5.81000,Cash,,,,,,,,
2026-05-13 13:31:11,443,Sale,WALKIN,,,1,24.99,2.31,0.00000,0.00000,27.3,,1 X CreamCircleHatSet,POS 2,tomderobe@gmail.com,CLOSED,,,,closed,
2026-05-13 13:31:11,443,Sale Line,,,,1.00000,24.99000,2.31158,0.00000,0.00000,27.30158,,CreamCircleHatSet,,,,10008314,,,,
2026-05-13 13:30:57,443,Payment,,,,,,,,,,27.30000,Lightspeed Payments,,,,,,,,
2026-05-10 16:13:44,442,Sale,WALKIN,,,1,20.99,1.94,0.00000,0.00000,22.93,,1 X Moda Int Burgundy LS Top XS,POS 2,tomderobe@gmail.com,CLOSED,,,,closed,
2026-05-10 16:13:44,442,Sale Line,,,,1.00000,20.99000,1.94158,0.00000,0.00000,22.93158,,Moda Int Burgundy LS Top XS,,,,10007532,,,,
2026-05-10 16:13:38,442,Payment,,,,,,,,,,22.93000,Lightspeed Payments,,,,,,,,
2026-05-10 16:13:04,441,Sale,WALKIN,,,1,39.99,3.70,0.00000,0.00000,43.69,,1 X Slate & Willow Multi-color Dress XS,POS 2,tomderobe@gmail.com,CLOSED,,,,closed,
2026-05-10 16:13:04,441,Sale Line,,,,1.00000,39.99000,3.69908,0.00000,0.00000,43.68908,,Slate & Willow Multi-color Dress XS,,,,10007945,,,,
2026-05-10 16:12:55,441,Payment,,,,,,,,,,43.69000,Lightspeed Payments,,,,,,,,
2026-05-10 16:11:24,440,Sale,WALKIN,,,1,75.00,6.94,0.00000,0.00000,81.94,,1 X Fossil Hobo Handbag,POS 2,tomderobe@gmail.com,CLOSED,,,,closed,
2026-05-10 16:11:24,440,Sale Line,,,,1.00000,75.00000,6.93750,0.00000,0.00000,81.93750,,Fossil Hobo Handbag,,,,10003434,,,,
2026-05-10 16:11:17,440,Payment,,,,,,,,,,81.94000,Lightspeed Payments,,,,,,,,
2026-05-10 16:05:23,439,Sale,WALKIN,,,2,69.98,6.47,0.00000,0.00000,76.45,,1 X Gianni Bini Brown Boots 7.5 + 1 X DR 2 Pink Patterned SS Top / Size S,POS 2,tomderobe@gmail.com,CLOSED,,,,closed,
2026-05-10 16:05:23,439,Sale Line,,,,1.00000,49.99000,4.62408,0.00000,0.00000,54.61408,,Gianni Bini Brown Boots 7.5,,,,10007676,,,,
2026-05-10 16:05:23,439,Sale Line,,,,1.00000,19.99000,1.84908,0.00000,0.00000,21.83908,,DR 2 Pink Patterned SS Top / Size S,,,,10007929,,,,
2026-05-10 16:05:14,439,Payment,,,,,,,,,,76.45000,Lightspeed Payments,,,,,,,,
2026-05-10 15:14:43,438,Sale,WALKIN,,,2,49.98,4.62,0.00000,0.00000,54.6,,1 X Love on Yellow Blue Skirt / Size 5 + 1 X OdilleYellow/Black Skirt Size 0,POS 2,tomderobe@gmail.com,CLOSED,,,,closed,
2026-05-10 15:14:43,438,Sale Line,,,,1.00000,21.99000,2.03408,0.00000,0.00000,24.02408,,Love on Yellow Blue Skirt / Size 5,,,,10008186,,,,
2026-05-10 15:14:43,438,Sale Line,,,,1.00000,27.99000,2.58908,0.00000,0.00000,30.57908,,OdilleYellow/Black Skirt Size 0,,,,10008228,,,,
2026-05-10 15:14:29,438,Payment,,,,,,,,,,55.00000,Cash,,,,,,,,
2026-05-10 15:14:43,438,Payment,,,,,,,,,,-0.40000,Cash,,,,,,,,
2026-05-10 14:59:58,437,Sale,WALKIN,,,1,75.99,7.03,0.00000,0.00000,83.02,,1 X BDarlin/GrnfloralRuffleDress/Size7/8,POS 2,tomderobe@gmail.com,CLOSED,,,,closed,
2026-05-10 14:59:58,437,Sale Line,,,,1.00000,75.99000,7.02908,0.00000,0.00000,83.01908,,BDarlin/GrnfloralRuffleDress/Size7/8,,,,10007373,,,,
2026-05-10 14:59:51,437,Payment,,,,,,,,,,83.02000,Lightspeed Payments,,,,,,,,
2026-05-10 14:32:30,436,Sale,WALKIN,,,1,79.98,7.40,0.00000,0.00000,87.38,,1 X VINTAGE City T Blue Floral Dress / Size L + -1 X Discount + 1 X La Lavon White Floral Dress Size L,POS 2,tomderobe@gmail.com,CLOSED,,,,closed,
2026-05-10 14:32:30,436,Sale Line,,,,1.00000,29.99000,2.77408,0.00000,0.00000,32.76408,,VINTAGE City T Blue Floral Dress / Size L,,,,10008409,,,,
2026-05-10 14:32:30,436,Sale Line,,,,-1.00000,-5.00000,-0.46250,0.00000,0.00000,-5.46250,,Discount,,,,vend-discount,,,,
2026-05-10 14:32:30,436,Sale Line,,,,1.00000,54.99000,5.08658,0.00000,0.00000,60.07658,,La Lavon White Floral Dress Size L,,,,10008422,,,,
2026-05-10 14:32:24,436,Payment,,,,,,,,,,87.38000,Lightspeed Payments,,,,,,,,
2026-05-10 14:28:36,435,Sale,WALKIN,,,1,25.99,2.40,0.00000,0.00000,28.39,,1 X A Beautiful Soul Blush & Black Dress / XL,POS 2,tomderobe@gmail.com,CLOSED,,,,closed,
2026-05-10 14:28:36,435,Sale Line,,,,1.00000,25.99000,2.40408,0.00000,0.00000,28.39408,,A Beautiful Soul Blush & Black Dress / XL,,,,10004609,,,,
2026-05-10 14:28:25,435,Payment,,,,,,,,,,28.39000,Lightspeed Payments,,,,,,,,
2026-05-10 13:29:24,434,Sale,WALKIN,,,3,64.97,6.01,0.00000,0.00000,70.98,,1 X Sid & Sandy Peach Plaid LS / Size XXXL + 1 X J Crew Pink SS Blouse / Size 12 + 1 X Red Colorful Striped Belt,POS 2,tomderobe@gmail.com,CLOSED,,,,closed,
2026-05-10 13:29:24,434,Sale Line,,,,1.00000,24.99000,2.31158,0.00000,0.00000,27.30158,,Sid & Sandy Peach Plaid LS / Size XXXL,,,,10004721,,,,
2026-05-10 13:29:24,434,Sale Line,,,,1.00000,20.99000,1.94158,0.00000,0.00000,22.93158,,J Crew Pink SS Blouse / Size 12,,,,10006979,,,,
2026-05-10 13:29:24,434,Sale Line,,,,1.00000,18.99000,1.75658,0.00000,0.00000,20.74658,,Red Colorful Striped Belt,,,,10006379,,,,
2026-05-10 13:29:18,434,Payment,,,,,,,,,,70.98000,Lightspeed Payments,,,,,,,,
2026-05-10 13:25:41,433,Sale,WALKIN,,,1,24.99,2.31,0.00000,0.00000,27.3,,1 X RickieFreeman/GrnPurpFlowerDress,POS 2,tomderobe@gmail.com,CLOSED,,,,closed,
2026-05-10 13:25:41,433,Sale Line,,,,1.00000,24.99000,2.31158,0.00000,0.00000,27.30158,,RickieFreeman/GrnPurpFlowerDress,,,,10008310,,,,
2026-05-10 13:25:31,433,Payment,,,,,,,,,,27.30000,Lightspeed Payments,,,,,,,,
2026-05-10 11:53:51,432,Sale,WALKIN,,,1,18.99,1.76,0.00000,0.00000,20.75,,1 X Franco Sarto Tan Leather Slip Ons / Size 10,POS 2,tomderobe@gmail.com,CLOSED,,,,closed,
2026-05-10 11:53:51,432,Sale Line,,,,1.00000,18.99000,1.75658,0.00000,0.00000,20.74658,,Franco Sarto Tan Leather Slip Ons / Size 10,,,,10007358,,,,
2026-05-10 11:53:40,432,Payment,,,,,,,,,,20.75000,Lightspeed Payments,,,,,,,,
2026-05-09 20:00:23,431,Sale,WALKIN,,,4,86.96,8.04,0.00000,0.00000,95,,1 X Banana R Cream & Brown Dress / Size 4 + 1 X vintage white halter top/s + 1 X Intuitions/EmbroidedVest/Size6 + 1 X HannaGracie Grey Layered Skirt/Size S,POS 2,tomderobe@gmail.com,CLOSED,,,,closed,
2026-05-09 20:00:23,431,Sale Line,,,,1.00000,24.99000,2.31158,0.00000,0.00000,27.30158,,Banana R Cream & Brown Dress / Size 4,,,,10004630,,,,
2026-05-09 20:00:23,431,Sale Line,,,,1.00000,10.99000,1.01658,0.00000,0.00000,12.00658,,vintage white halter top/s,,,,10008092,,,,
2026-05-09 20:00:23,431,Sale Line,,,,1.00000,24.99000,2.31158,0.00000,0.00000,27.30158,,Intuitions/EmbroidedVest/Size6,,,,10008290,,,,
2026-05-09 20:00:23,431,Sale Line,,,,1.00000,25.99000,2.40408,0.00000,0.00000,28.39408,,HannaGracie Grey Layered Skirt/Size S,,,,10003691,,,,
2026-05-09 20:00:16,431,Payment,,,,,,,,,,95.00000,Lightspeed Payments,,,,,,,,
2026-05-09 19:57:47,430,Sale,WALKIN,,,4,72.96,6.75,0.00000,0.00000,79.71,,1 X Blush/ Pattern Top/ Brwn&Crm/ Size S + 1 X BCBG Black & White SL Top / Size S + 1 X SiennaSky/OraPinkFloralTop/SizeS + 1 X J Crew Red Scallop Tank / Size 2,POS 2,tomderobe@gmail.com,CLOSED,,,,closed,
2026-05-09 19:57:47,430,Sale Line,,,,1.00000,14.99000,1.38658,0.00000,0.00000,16.37658,,Blush/ Pattern Top/ Brwn&Crm/ Size S,,,,10005153,,,,
2026-05-09 19:57:47,430,Sale Line,,,,1.00000,19.99000,1.84908,0.00000,0.00000,21.83908,,BCBG Black & White SL Top / Size S,,,,10007915,,,,
2026-05-09 19:57:47,430,Sale Line,,,,1.00000,18.99000,1.75658,0.00000,0.00000,20.74658,,SiennaSky/OraPinkFloralTop/SizeS,,,,10006884,,,,
2026-05-09 19:57:47,430,Sale Line,,,,1.00000,18.99000,1.75658,0.00000,0.00000,20.74658,,J Crew Red Scallop Tank / Size 2,,,,10005642,,,,
2026-05-09 19:57:40,430,Payment,,,,,,,,,,79.71000,Lightspeed Payments,,,,,,,,
2026-05-09 19:19:42,429,Sale,WALKIN,,,2,39.98,3.70,0.00000,0.00000,43.68,,1 X DogScarf + 1 X Marilyn Pink & Black 2 Piece Sleepwear Set / Size S,POS 2,tomderobe@gmail.com,CLOSED,,,,closed,
2026-05-09 19:19:42,429,Sale Line,,,,1.00000,9.99000,0.92408,0.00000,0.00000,10.91408,,DogScarf,,,,10008348,,,,
2026-05-09 19:19:42,429,Sale Line,,,,1.00000,29.99000,2.77408,0.00000,0.00000,32.76408,,Marilyn Pink & Black 2 Piece Sleepwear Set / Size S,,,,10007834,,,,
2026-05-09 19:19:36,429,Payment,,,,,,,,,,43.70000,Cash,,,,,,,,
2026-05-09 19:19:42,429,Payment,,,,,,,,,,-0.02000,Cash,,,,,,,,
2026-05-09 18:40:24,428,Sale,WALKIN,,,1,32.99,3.05,0.00000,0.00000,36.04,,1 X Faux White Crocodile Bag Floral,POS 2,tomderobe@gmail.com,CLOSED,,,,closed,
2026-05-09 18:40:24,428,Sale Line,,,,1.00000,32.99000,3.05158,0.00000,0.00000,36.04158,,Faux White Crocodile Bag Floral,,,,10007917,,,,
2026-05-09 18:40:11,428,Payment,,,,,,,,,,36.04000,Lightspeed Payments,,,,,,,,
2026-05-09 18:11:01,427,Sale,WALKIN,,,1,25.00,2.31,0.00000,0.00000,27.31,,1 X NWT M Rena Black Dress M,POS 2,tomderobe@gmail.com,CLOSED,,,,closed,
2026-05-09 18:11:01,427,Sale Line,,,,1.00000,25.00000,2.31250,0.00000,0.00000,27.31250,,NWT M Rena Black Dress M,,,,10008035,,,,
2026-05-09 18:10:46,427,Payment,,,,,,,,,,27.31000,Lightspeed Payments,,,,,,,,
2026-05-09 16:33:28,426,Sale,WALKIN,,,1,28.99,2.68,0.00000,0.00000,31.67,,1 X BlackSheerdesignTop,POS 2,tomderobe@gmail.com,CLOSED,,,,closed,
2026-05-09 16:33:28,426,Sale Line,,,,1.00000,28.99000,2.68158,0.00000,0.00000,31.67158,,BlackSheerdesignTop,,,,10007394,,,,
2026-05-09 16:33:19,426,Payment,,,,,,,,,,31.67000,Lightspeed Payments,,,,,,,,
2026-05-09 16:12:54,425,Sale,WALKIN,,,2,32.98,3.05,0.00000,0.00000,36.03,,1 X Ralph Lauren Pink Red Polo  / Size L + 1 X Under Armor Camo Baseball Hat,POS 2,tomderobe@gmail.com,CLOSED,,,,closed,
2026-05-09 16:12:54,425,Sale Line,,,,1.00000,15.99000,1.47908,0.00000,0.00000,17.46908,,Ralph Lauren Pink Red Polo  / Size L,,,,10006323,,,,
2026-05-09 16:12:54,425,Sale Line,,,,1.00000,16.99000,1.57158,0.00000,0.00000,18.56158,,Under Armor Camo Baseball Hat,,,,10006507,,,,
2026-05-09 16:12:47,425,Payment,,,,,,,,,,36.03000,Lightspeed Payments,,,,,,,,
2026-05-09 16:03:48,424,Sale,WALKIN,,,1,225.00,20.81,0.00000,0.00000,245.81,,1 X Coach Erin Leather Shoulder Bag,POS 2,tomderobe@gmail.com,CLOSED,,,,closed,
2026-05-09 16:03:48,424,Sale Line,,,,1.00000,225.00000,20.81250,0.00000,0.00000,245.81250,,Coach Erin Leather Shoulder Bag / Pink / OS / abc,,,,10003148,,,,
2026-05-09 16:03:43,424,Payment,,,,,,,,,,245.81000,Lightspeed Payments,,,,,,,,
2026-05-09 15:33:47,423,Sale,WALKIN,,,1,19.99,1.85,0.00000,0.00000,21.84,,1 X Lia Sophia Necklace,POS 2,tomderobe@gmail.com,CLOSED,,,,closed,
2026-05-09 15:33:47,423,Sale Line,,,,1.00000,19.99000,1.84908,0.00000,0.00000,21.83908,,Lia Sophia Necklace,,,,10007840,,,,
2026-05-09 15:33:45,423,Payment,,,,,,,,,,22.00000,Cash,,,,,,,,
2026-05-09 15:33:47,423,Payment,,,,,,,,,,-0.16000,Cash,,,,,,,,
2026-05-09 15:32:40,422,Sale,WALKIN,,,1,20.00,1.85,0.00000,0.00000,21.85,,1 X Flowers,POS 2,tomderobe@gmail.com,CLOSED,,,,closed,
2026-05-09 15:32:40,422,Sale Line,,,,1.00000,20.00000,1.85000,0.00000,0.00000,21.85000,,Flowers,,,,10007594,,,,
2026-05-09 15:32:30,422,Payment,,,,,,,,,,21.85000,Lightspeed Payments,,,,,,,,
2026-05-09 15:31:35,421,Sale,WALKIN,,,2,58.98,5.46,0.00000,0.00000,64.44,,1 X VINTAGE Yellow Dress Embrodiered + 1 X Ann Taylor White SL Long Dress / Size 6,POS 2,tomderobe@gmail.com,CLOSED,,,,closed,
2026-05-09 15:31:35,421,Sale Line,,,,1.00000,32.99000,3.05158,0.00000,0.00000,36.04158,,VINTAGE Yellow Dress Embrodiered,,,,10003980,,,,
2026-05-09 15:31:35,421,Sale Line,,,,1.00000,25.99000,2.40408,0.00000,0.00000,28.39408,,Ann Taylor White SL Long Dress / Size 6,,,,10007114,,,,
2026-05-09 15:31:22,421,Payment,,,,,,,,,,64.44000,Lightspeed Payments,,,,,,,,
2026-05-09 14:01:53,420,Sale,WALKIN,,,2,46.98,4.35,0.00000,0.00000,51.33,,1 X nanette lepore knit skirt/M + 1 X Jcrew/Blk&WhiSkirt/Size8,POS 2,tomderobe@gmail.com,CLOSED,,,,closed,
2026-05-09 14:01:53,420,Sale Line,,,,1.00000,21.99000,2.03408,0.00000,0.00000,24.02408,,nanette lepore knit skirt/M,,,,10008118,,,,
2026-05-09 14:01:53,420,Sale Line,,,,1.00000,24.99000,2.31158,0.00000,0.00000,27.30158,,Jcrew/Blk&WhiSkirt/Size8,,,,10005762,,,,
2026-05-09 14:01:43,420,Payment,,,,,,,,,,51.33000,Lightspeed Payments,,,,,,,,
2026-05-09 12:40:04,419,Sale,WALKIN,,,3,96.98,8.97,0.00000,0.00000,105.95,,1 X Red Front-Tie Satin Slip + 1 X Flat White Cardigan OSFM + 1 X Freyrs/LightSunglasseswCase,POS 2,tomderobe@gmail.com,CLOSED,,,,closed,
2026-05-09 12:40:04,419,Sale Line,,,,1.00000,30.99000,2.86658,0.00000,0.00000,33.85658,,Red Front-Tie Satin Slip,,,,10003931,,,,
2026-05-09 12:40:04,419,Sale Line,,,,1.00000,35.99000,3.32908,0.00000,0.00000,39.31908,,Flat White Cardigan OSFM,,,,10008225,,,,
2026-05-09 12:40:04,419,Sale Line,,,,1.00000,30.00000,2.77500,0.00000,0.00000,32.77500,,Freyrs/LightSunglasseswCase,,,,10007313,,,,
2026-05-09 12:39:56,419,Payment,,,,,,,,,,105.95000,Lightspeed Payments,,,,,,,,
2026-05-09 12:32:12,418,Sale,WALKIN,,,4,80.00,7.40,0.00000,0.00000,87.4,,4 X Flowers,POS 2,tomderobe@gmail.com,CLOSED,,,,closed,
2026-05-09 12:32:12,418,Sale Line,,,,4.00000,80.00000,7.40000,0.00000,0.00000,87.40000,,Flowers,,,,10007594,,,,
2026-05-09 12:32:06,418,Payment,,,,,,,,,,87.40000,Lightspeed Payments,,,,,,,,
2026-05-09 11:57:53,417,Sale,WALKIN,,,19,675.83,62.51,0.00000,0.00000,738.34,,1 X Nic & Zoe Beige LS Top Size L + 1 X Talbots Yellow Suit Set / Size 4 + 1 X Liz C Black Leather Belt / Size Medium + 1 X Mina Self Beige Collared Vest Top / Size L + 1 X String/Gold Necklace + 1 X Tommy Bahama Silver Belt / Size XS + 1 X Delicates Camisole Green Size S + 1 X MorganT/FloralMeshIntDress/SizeP + 1 X Zara Multicolor Skirt M + 1 X Miss Cocoa Salmon Halter Top Metal / Size M + 1 X Jaipur/GrnBlkPrintFlareBlouse/SizeM + 1 X LaMode/MulticolSwtrVest/SizeXL + 1 X Dressbarn Black Sleeveless Top S + 1 X Chaps Sleeveless Vest Black L + 1 X Moda Intl Black Halter + 1 X HarloweXG/RedBlkLaceTop/SizeM + 1 X VINTAGE Cream Pink Blue Sheer Dress / Size S + 1 X vintage pink sweater dress with belt/9 + 1 X Coach Apple Green Suede Hobo Bag,POS 2,tomderobe@gmail.com,CLOSED,,,,closed,
2026-05-09 11:57:53,417,Sale Line,,,,1.00000,27.99000,2.58908,0.00000,0.00000,30.57908,,Nic & Zoe Beige LS Top Size L,,,,10007570,,,,
2026-05-09 11:57:53,417,Sale Line,,,,1.00000,24.99000,2.31158,0.00000,0.00000,27.30158,,Talbots Yellow Suit Set / Size 4,,,,10007730,,,,
2026-05-09 11:57:53,417,Sale Line,,,,1.00000,13.99000,1.29408,0.00000,0.00000,15.28408,,Liz C Black Leather Belt / Size Medium,,,,10007986,,,,
2026-05-09 11:57:53,417,Sale Line,,,,1.00000,33.99000,3.14408,0.00000,0.00000,37.13408,,Mina Self Beige Collared Vest Top / Size L,,,,10007651,,,,
2026-05-09 11:57:53,417,Sale Line,,,,1.00000,12.99000,1.20158,0.00000,0.00000,14.19158,,String/Gold Necklace,,,,10007341,,,,
2026-05-09 11:57:53,417,Sale Line,,,,1.00000,22.99000,2.12658,0.00000,0.00000,25.11658,,Tommy Bahama Silver Belt / Size XS,,,,10006385,,,,
2026-05-09 11:57:53,417,Sale Line,,,,1.00000,27.99000,2.58908,0.00000,0.00000,30.57908,,Delicates Camisole Green Size S,,,,10003443,,,,
2026-05-09 11:57:53,417,Sale Line,,,,1.00000,18.99000,1.75658,0.00000,0.00000,20.74658,,MorganT/FloralMeshIntDress/SizeP,,,,10007753,,,,
2026-05-09 11:57:53,417,Sale Line,,,,1.00000,33.99000,3.14408,0.00000,0.00000,37.13408,,Zara Multicolor Skirt M,,,,10007847,,,,
2026-05-09 11:57:53,417,Sale Line,,,,1.00000,18.99000,1.75658,0.00000,0.00000,20.74658,,Miss Cocoa Salmon Halter Top Metal / Size M,,,,10005502,,,,
2026-05-09 11:57:53,417,Sale Line,,,,1.00000,25.99000,2.40408,0.00000,0.00000,28.39408,,Jaipur/GrnBlkPrintFlareBlouse/SizeM,,,,10006792,,,,
2026-05-09 11:57:53,417,Sale Line,,,,1.00000,22.99000,2.12658,0.00000,0.00000,25.11658,,LaMode/MulticolSwtrVest/SizeXL,,,,10006043,,,,
2026-05-09 11:57:53,417,Sale Line,,,,1.00000,23.99000,2.21908,0.00000,0.00000,26.20908,,Dressbarn Black Sleeveless Top S,,,,10007668,,,,
2026-05-09 11:57:53,417,Sale Line,,,,1.00000,22.99000,2.12658,0.00000,0.00000,25.11658,,Chaps Sleeveless Vest Black L,,,,10007590,,,,
2026-05-09 11:57:53,417,Sale Line,,,,1.00000,14.00000,1.29500,0.00000,0.00000,15.29500,,Moda Intl Black Halter,,,,10008221,,,,
2026-05-09 11:57:53,417,Sale Line,,,,1.00000,17.99000,1.66408,0.00000,0.00000,19.65408,,HarloweXG/RedBlkLaceTop/SizeM,,,,10008351,,,,
2026-05-09 11:57:53,417,Sale Line,,,,1.00000,49.99000,4.62408,0.00000,0.00000,54.61408,,VINTAGE Cream Pink Blue Sheer Dress / Size S,,,,10006449,,,,
2026-05-09 11:57:53,417,Sale Line,,,,1.00000,35.99000,3.32908,0.00000,0.00000,39.31908,,vintage pink sweater dress with belt/9,,,,10008100,,,,
2026-05-09 11:57:53,417,Sale Line,,,,1.00000,225.00000,20.81250,0.00000,0.00000,245.81250,,Coach Apple Green Suede Hobo Bag,,,,10003436,,,,
2026-05-09 11:57:25,417,Payment,,,,,,,,,,738.34000,Lightspeed Payments,,,,,,,,
2026-05-09 11:42:40,416,Sale,WALKIN,,,1,13.99,1.29,0.00000,0.00000,15.28,,1 X Runway/WhiteShawl/SizeS/M,POS 2,tomderobe@gmail.com,CLOSED,,,,closed,
2026-05-09 11:42:40,416,Sale Line,,,,1.00000,13.99000,1.29408,0.00000,0.00000,15.28408,,Runway/WhiteShawl/SizeS/M,,,,10008303,,,,
2026-05-09 11:42:20,416,Payment,,,,,,,,,,15.28000,Lightspeed Payments,,,,,,,,
2026-05-08 19:50:54,415,Sale,WALKIN,,,1,20.00,1.85,0.00000,0.00000,21.85,,1 X Flowers,POS 2,tomderobe@gmail.com,CLOSED,,,,closed,
2026-05-08 19:50:54,415,Sale Line,,,,1.00000,20.00000,1.85000,0.00000,0.00000,21.85000,,Flowers,,,,10007594,,,,
2026-05-08 19:50:48,415,Payment,,,,,,,,,,21.85000,Lightspeed Payments,,,,,,,,
2026-05-08 19:13:23,414,Sale,WALKIN,,,1,68.99,6.38,0.00000,0.00000,75.37,,1 X Patricia Nash Brown Purse,POS 2,tomderobe@gmail.com,CLOSED,,,,closed,
2026-05-08 19:13:23,414,Sale Line,,,,1.00000,68.99000,6.38158,0.00000,0.00000,75.37158,,Patricia Nash Brown Purse,,,,10007404,,,,
2026-05-08 19:13:15,414,Payment,,,,,,,,,,75.37000,Lightspeed Payments,,,,,,,,
2026-05-08 19:11:50,413,Sale,WALKIN,,,1,18.00,1.67,0.00000,0.00000,19.67,,1 X FP Blue Floral Sheer Blouse / Size XS,POS 2,tomderobe@gmail.com,CLOSED,,,,closed,
2026-05-08 19:11:50,413,Sale Line,,,,1.00000,18.00000,1.66500,0.00000,0.00000,19.66500,,FP Blue Floral Sheer Blouse / Size XS,,,,10008285,,,,
2026-05-08 19:11:38,413,Payment,,,,,,,,,,19.67000,Lightspeed Payments,,,,,,,,
2026-05-08 16:44:32,412,Sale,WALKIN,,,1,35.99,3.33,0.00000,0.00000,39.32,,1 X nanette lepore colorful skirt/10,POS 2,tomderobe@gmail.com,CLOSED,,,,closed,
2026-05-08 16:44:32,412,Sale Line,,,,1.00000,35.99000,3.32908,0.00000,0.00000,39.31908,,nanette lepore colorful skirt/10,,,,10008116,,,,
2026-05-08 16:44:23,412,Payment,,,,,,,,,,39.32000,Lightspeed Payments,,,,,,,,
2026-05-08 13:32:36,411,Sale,WALKIN,,,1,32.99,3.05,0.00000,0.00000,36.04,,1 X ChrisXBanks/BwnBttnDwnVest/SizeL,POS 2,tomderobe@gmail.com,CLOSED,,,,closed,
2026-05-08 13:32:36,411,Sale Line,,,,1.00000,32.99000,3.05158,0.00000,0.00000,36.04158,,ChrisXBanks/BwnBttnDwnVest/SizeL,,,,10006903,,,,
2026-05-08 13:32:29,411,Payment,,,,,,,,,,36.04000,Lightspeed Payments,,,,,,,,
2026-05-08 12:13:47,410,Sale,WALKIN,,,1,34.99,3.24,0.00000,0.00000,38.23,,1 X Lysse NY Pants Brown Size M,POS 2,tomderobe@gmail.com,CLOSED,,,,closed,
2026-05-08 12:13:47,410,Sale Line,,,,1.00000,34.99000,3.23658,0.00000,0.00000,38.22658,,Lysse NY Pants Brown Size M,,,,10003505,,,,
2026-05-08 12:13:36,410,Payment,,,,,,,,,,38.23000,Lightspeed Payments,,,,,,,,
2026-05-07 20:03:48,409,Sale,WALKIN,,,6,153.94,14.24,0.00000,0.00000,168.18,,1 X AnnT/BlkGreyPant/Size4 + 1 X amo floral blouse/xs + 1 X Zara Green Dress Size S + 1 X Threads 91 Vols Windbreaker S + 1 X Venue Crochet SS Top Cardigan / Size S + 1 X Simply Vera Grey Faux Vest XS,POS 2,tomderobe@gmail.com,CLOSED,,,,closed,
2026-05-07 20:03:48,409,Sale Line,,,,1.00000,28.99000,2.68158,0.00000,0.00000,31.67158,,AnnT/BlkGreyPant/Size4,,,,10003591,,,,
2026-05-07 20:03:48,409,Sale Line,,,,1.00000,32.99000,3.05158,0.00000,0.00000,36.04158,,amo floral blouse/xs,,,,10006426,,,,
2026-05-07 20:03:48,409,Sale Line,,,,1.00000,17.99000,1.66408,0.00000,0.00000,19.65408,,Zara Green Dress Size S,,,,10008227,,,,
2026-05-07 20:03:48,409,Sale Line,,,,1.00000,21.99000,2.03408,0.00000,0.00000,24.02408,,Threads 91 Vols Windbreaker S,,,,10007631,,,,
2026-05-07 20:03:48,409,Sale Line,,,,1.00000,21.99000,2.03408,0.00000,0.00000,24.02408,,Venue Crochet SS Top Cardigan / Size S,,,,10007712,,,,
2026-05-07 20:03:48,409,Sale Line,,,,1.00000,29.99000,2.77408,0.00000,0.00000,32.76408,,Simply Vera Grey Faux Vest XS,,,,10007534,,,,
2026-05-07 20:03:41,409,Payment,,,,,,,,,,168.18000,Lightspeed Payments,,,,,,,,
2026-05-07 18:19:17,408,Sale,WALKIN,,,3,66.97,6.19,0.00000,0.00000,73.16,,1 X Steve Madden Pink Floral LS Top / Size L + 1 X PleaseLS Top_Lo + 1 X Solitaire white maxi skirt/M,POS 2,tomderobe@gmail.com,CLOSED,,,,closed,
2026-05-07 18:19:17,408,Sale Line,,,,1.00000,19.99000,1.84908,0.00000,0.00000,21.83908,,Steve Madden Pink Floral LS Top / Size L,,,,10005938,,,,
2026-05-07 18:19:17,408,Sale Line,,,,1.00000,21.99000,2.03408,0.00000,0.00000,24.02408,,PleaseLS Top_Lo / Blue Multi-Color / M / 11.9,,,,10002169,,,,
2026-05-07 18:19:17,408,Sale Line,,,,1.00000,24.99000,2.31158,0.00000,0.00000,27.30158,,Solitaire white maxi skirt/M,,,,10006655,,,,
2026-05-07 18:19:10,408,Payment,,,,,,,,,,73.16000,Lightspeed Payments,,,,,,,,
2026-05-07 17:32:00,407,Sale,WALKIN,,,1,20.00,1.85,0.00000,0.00000,21.85,,1 X Flowers,POS 2,tomderobe@gmail.com,CLOSED,,,,closed,
2026-05-07 17:32:00,407,Sale Line,,,,1.00000,20.00000,1.85000,0.00000,0.00000,21.85000,,Flowers,,,,10007594,,,,
2026-05-07 17:31:53,407,Payment,,,,,,,,,,21.85000,Lightspeed Payments,,,,,,,,
2026-05-07 17:00:36,406,Sale,WALKIN,,,1,18.99,1.76,0.00000,0.00000,20.75,,1 X Loft Black Cardigan/ Size S,POS 2,tomderobe@gmail.com,CLOSED,,,,closed,
2026-05-07 17:00:36,406,Sale Line,,,,1.00000,18.99000,1.75658,0.00000,0.00000,20.74658,,Loft Black Cardigan/ Size S,,,,10006260,,,,
2026-05-07 17:00:29,406,Payment,,,,,,,,,,20.75000,Lightspeed Payments,,,,,,,,
2026-05-07 16:33:54,405,Sale,WALKIN,,,1,16.99,1.57,0.00000,0.00000,18.56,,1 X XtraOrd/GreenHalterTop/SizeM,POS 2,tomderobe@gmail.com,CLOSED,,,,closed,
2026-05-07 16:33:54,405,Sale Line,,,,1.00000,16.99000,1.57158,0.00000,0.00000,18.56158,,XtraOrd/GreenHalterTop/SizeM,,,,10008350,,,,
2026-05-07 16:33:45,405,Payment,,,,,,,,,,18.56000,Lightspeed Payments,,,,,,,,
2026-05-07 15:52:11,404,Sale,WALKIN,,,1,18.99,1.76,0.00000,0.00000,20.75,,1 X Unknown Blaack Sleeveless Top/Size XL,POS 2,tomderobe@gmail.com,CLOSED,,,,closed,
2026-05-07 15:52:11,404,Sale Line,,,,1.00000,18.99000,1.75658,0.00000,0.00000,20.74658,,Unknown Blaack Sleeveless Top/Size XL,,,,10006811,,,,
2026-05-07 15:51:59,404,Payment,,,,,,,,,,20.75000,Lightspeed Payments,,,,,,,,
2026-05-07 15:05:16,403,Sale,WALKIN,,,1,20.00,1.85,0.00000,0.00000,21.85,,1 X Flowers,POS 2,tomderobe@gmail.com,CLOSED,,,,closed,
2026-05-07 15:05:16,403,Sale Line,,,,1.00000,20.00000,1.85000,0.00000,0.00000,21.85000,,Flowers,,,,10007594,,,,
2026-05-07 15:05:10,403,Payment,,,,,,,,,,21.85000,Lightspeed Payments,,,,,,,,
2026-05-07 14:56:57,402,Sale,WALKIN,,,2,48.98,4.53,0.00000,0.00000,53.51,,1 X NanetteL/CreamLaceTop/SizeM + 1 X Helena Fejkova Beige Dress M/L,POS 2,tomderobe@gmail.com,CLOSED,,,,closed,
2026-05-07 14:56:57,402,Sale Line,,,,1.00000,12.99000,1.20158,0.00000,0.00000,14.19158,,NanetteL/CreamLaceTop/SizeM,,,,10008304,,,,
2026-05-07 14:56:57,402,Sale Line,,,,1.00000,35.99000,3.32908,0.00000,0.00000,39.31908,,Helena Fejkova Beige Dress M/L,,,,10008441,,,,
2026-05-07 14:56:51,402,Payment,,,,,,,,,,53.51000,Lightspeed Payments,,,,,,,,
2026-05-07 14:52:00,401,Sale,WALKIN,,,2,42.98,3.98,0.00000,0.00000,46.96,,1 X TalbotsLS Top_Hy + 1 X George Brown Floral Skirt / Size 4,POS 2,tomderobe@gmail.com,CLOSED,,,,closed,
2026-05-07 14:52:00,401,Sale Line,,,,1.00000,22.99000,2.12658,0.00000,0.00000,25.11658,,TalbotsLS Top_Hy / Blue X Pink / S / 11.92,,,,10002174,,,,
2026-05-07 14:52:00,401,Sale Line,,,,1.00000,19.99000,1.84908,0.00000,0.00000,21.83908,,George Brown Floral Skirt / Size 4,,,,10008158,,,,
2026-05-07 14:51:43,401,Payment,,,,,,,,,,46.96000,Lightspeed Payments,,,,,,,,
2026-05-07 13:59:32,400,Sale,WALKIN,,,2,51.98,4.81,0.00000,0.00000,56.79,,1 X JonesNY/ Jean Vest/ Size S + 1 X Fossil Rd Stch Leather/Size S,POS 2,tomderobe@gmail.com,CLOSED,,,,closed,
2026-05-07 13:59:32,400,Sale Line,,,,1.00000,21.99000,2.03408,0.00000,0.00000,24.02408,,JonesNY/ Jean Vest/ Size S,,,,10005170,,,,
2026-05-07 13:59:32,400,Sale Line,,,,1.00000,29.99000,2.77408,0.00000,0.00000,32.76408,,Fossil Rd Stch Leather/Size S,,,,10004068,,,,
2026-05-07 13:58:41,400,Payment,,,,,,,,,,56.79000,Lightspeed Payments,,,,,,,,
2026-05-07 13:45:38,399,Sale,WALKIN,,,2,25.98,2.40,0.00000,0.00000,28.38,,1 X Orange Necklace + 1 X VintageYellowenamel,POS 2,tomderobe@gmail.com,CLOSED,,,,closed,
2026-05-07 13:45:38,399,Sale Line,,,,1.00000,14.99000,1.38658,0.00000,0.00000,16.37658,,Orange Necklace,,,,10007440,,,,
2026-05-07 13:45:38,399,Sale Line,,,,1.00000,10.99000,1.01658,0.00000,0.00000,12.00658,,VintageYellowenamel,,,,10006152,,,,
2026-05-07 13:45:19,399,Payment,,,,,,,,,,28.38000,Lightspeed Payments,,,,,,,,
2026-05-07 13:20:17,398,Sale,WALKIN,,,1,21.99,2.03,0.00000,0.00000,24.02,,1 X Soho Girls Hot Pink Lace Back Top / Size Unisize,POS 2,tomderobe@gmail.com,CLOSED,,,,closed,
2026-05-07 13:20:17,398,Sale Line,,,,1.00000,21.99000,2.03408,0.00000,0.00000,24.02408,,Soho Girls Hot Pink Lace Back Top / Size Unisize,,,,10006457,,,,
2026-05-07 13:20:01,398,Payment,,,,,,,,,,24.02000,Lightspeed Payments,,,,,,,,
2026-05-07 12:16:05,397,Sale,WALKIN,,,2,35.99,3.33,0.00000,0.00000,39.32,,1 X mimi chica floral tanktop/m + 1 X Lulus Satin Off White Top / Size S,POS 2,tomderobe@gmail.com,CLOSED,,,,closed,
2026-05-07 12:16:05,397,Sale Line,,,,1.00000,17.99000,1.66408,0.00000,0.00000,19.65408,,mimi chica floral tanktop/m,,,,10008379,,,,
2026-05-07 12:16:05,397,Sale Line,,,,1.00000,18.00000,1.66500,0.00000,0.00000,19.66500,,Lulus Satin Off White Top / Size S,,,,10008284,,,,
2026-05-07 12:15:55,397,Payment,,,,,,,,,,39.32000,Lightspeed Payments,,,,,,,,
2026-05-06 13:38:29,396,Sale,WALKIN,,,2,39.98,3.70,0.00000,0.00000,43.68,,1 X Travelers/FlowerMulticolShirt/Size1 + 1 X Gold Circle Design Necklace,POS 2,tomderobe@gmail.com,CLOSED,,,,closed,
2026-05-06 13:38:29,396,Sale Line,,,,1.00000,26.99000,2.49658,0.00000,0.00000,29.48658,,Travelers/FlowerMulticolShirt/Size1,,,,10006420,,,,
2026-05-06 13:38:29,396,Sale Line,,,,1.00000,12.99000,1.20158,0.00000,0.00000,14.19158,,Gold Circle Design Necklace,,,,10006597,,,,
2026-05-06 13:38:18,396,Payment,,,,,,,,,,43.68000,Lightspeed Payments,,,,,,,,
2026-05-03 17:07:32,395,Sale,WALKIN,,,1,23.00,2.13,0.00000,0.00000,25.13,,1 X Maggie Lawrence Black/Grey Vest S,POS 2,tomderobe@gmail.com,CLOSED,,,,closed,
2026-05-03 17:07:32,395,Sale Line,,,,1.00000,23.00000,2.12750,0.00000,0.00000,25.12750,,Maggie Lawrence Black/Grey Vest S,,,,10007549,,,,
2026-05-03 17:07:27,395,Payment,,,,,,,,,,25.13000,Lightspeed Payments,,,,,,,,
2026-05-03 16:42:10,394,Sale,WALKIN,,,1,24.99,2.31,0.00000,0.00000,27.3,,1 X Pink Lily Jean Skirt Embro / Size S,POS 2,tomderobe@gmail.com,CLOSED,,,,closed,
2026-05-03 16:42:10,394,Sale Line,,,,1.00000,24.99000,2.31158,0.00000,0.00000,27.30158,,Pink Lily Jean Skirt Embro / Size S,,,,10007709,,,,
2026-05-03 16:42:04,394,Payment,,,,,,,,,,27.30000,Lightspeed Payments,,,,,,,,
2026-05-03 16:34:06,393,Sale,WALKIN,,,4,103.97,9.62,0.00000,0.00000,113.59,,1 X A Father's Love Orange Skirt Size S + 1 X Alma Mater Orange & White Chevron / Size M + 1 X J Crew Beige Red Blue Cashmere Sweater / Size M + 1 X Love Tree Faux Fur Hoodie Vest M,POS 2,tomderobe@gmail.com,CLOSED,,,,closed,
2026-05-03 16:34:06,393,Sale Line,,,,1.00000,19.00000,1.75750,0.00000,0.00000,20.75750,,A Father's Love Orange Skirt Size S,,,,10007552,,,,
2026-05-03 16:34:06,393,Sale Line,,,,1.00000,22.99000,2.12658,0.00000,0.00000,25.11658,,Alma Mater Orange & White Chevron / Size M,,,,10005110,,,,
2026-05-03 16:34:06,393,Sale Line,,,,1.00000,35.99000,3.32908,0.00000,0.00000,39.31908,,J Crew Beige Red Blue Cashmere Sweater / Size M,,,,10005960,,,,
2026-05-03 16:34:06,393,Sale Line,,,,1.00000,25.99000,2.40408,0.00000,0.00000,28.39408,,Love Tree Faux Fur Hoodie Vest M,,,,10007627,,,,
2026-05-03 16:33:59,393,Payment,,,,,,,,,,113.59000,Lightspeed Payments,,,,,,,,
2026-05-03 16:28:51,392,Sale,WALKIN,,,1,35.99,3.33,0.00000,0.00000,39.32,,1 X Paper Lacer white longsleeve blouse/s,POS 2,tomderobe@gmail.com,CLOSED,,,,closed,
2026-05-03 16:28:51,392,Sale Line,,,,1.00000,35.99000,3.32908,0.00000,0.00000,39.31908,,Paper Lacer white longsleeve blouse/s,,,,10008373,,,,
2026-05-03 16:28:43,392,Payment,,,,,,,,,,39.32000,Lightspeed Payments,,,,,,,,
2026-05-03 15:57:07,391,Sale,WALKIN,,,1,29.99,2.77,0.00000,0.00000,32.76,,1 X Just Fab Lemon Heels / Size 8.5,POS 2,tomderobe@gmail.com,CLOSED,,,,closed,
2026-05-03 15:57:07,391,Sale Line,,,,1.00000,29.99000,2.77408,0.00000,0.00000,32.76408,,Just Fab Lemon Heels / Size 8.5,,,,10007638,,,,
2026-05-03 15:57:02,391,Payment,,,,,,,,,,40.00000,Cash,,,,,,,,
2026-05-03 15:57:07,391,Payment,,,,,,,,,,-7.24000,Cash,,,,,,,,
2026-05-03 15:37:50,390,Sale,WALKIN,,,3,69.97,6.47,0.00000,0.00000,76.44,,1 X Vici/Red&PnkFloralDress/SizeM + 1 X Talbots Tan Heels/Size 11 + 1 X Blue Blush Brown Strapless Dress / Size M,POS 2,tomderobe@gmail.com,CLOSED,,,,closed,
2026-05-03 15:37:50,390,Sale Line,,,,1.00000,24.99000,2.31158,0.00000,0.00000,27.30158,,Vici/Red&PnkFloralDress/SizeM,,,,10006116,,,,
2026-05-03 15:37:50,390,Sale Line,,,,1.00000,28.99000,2.68158,0.00000,0.00000,31.67158,,Talbots Tan Heels/Size 11,,,,10007047,,,,
2026-05-03 15:37:50,390,Sale Line,,,,1.00000,15.99000,1.47908,0.00000,0.00000,17.46908,,Blue Blush Brown Strapless Dress / Size M,,,,10007216,,,,
2026-05-03 15:37:42,390,Payment,,,,,,,,,,76.44000,Lightspeed Payments,,,,,,,,
2026-05-03 15:20:57,389,Sale,WALKIN,,,2,35.98,3.33,0.00000,0.00000,39.31,,1 X INC Blue SL Top / Size M + 1 X Ali & Christ Gray SS / Size M,POS 2,tomderobe@gmail.com,CLOSED,,,,closed,
2026-05-03 15:20:57,389,Sale Line,,,,1.00000,19.99000,1.84908,0.00000,0.00000,21.83908,,INC Blue SL Top / Size M,,,,10007020,,,,
2026-05-03 15:20:57,389,Sale Line,,,,1.00000,15.99000,1.47908,0.00000,0.00000,17.46908,,Ali & Christ Gray SS / Size M,,,,10004730,,,,
2026-05-03 15:20:20,389,Payment,,,,,,,,,,39.31000,Lightspeed Payments,,,,,,,,
2026-05-03 13:53:17,388,Sale,WALKIN,,,1,37.99,3.51,0.00000,0.00000,41.5,,1 X Free People Red NWT Lace Dress / Size 8,POS 2,tomderobe@gmail.com,CLOSED,,,,closed,
2026-05-03 13:53:17,388,Sale Line,,,,1.00000,37.99000,3.51408,0.00000,0.00000,41.50408,,Free People Red NWT Lace Dress / Size 8,,,,10007913,,,,
2026-05-03 13:53:11,388,Payment,,,,,,,,,,41.50000,Lightspeed Payments,,,,,,,,
2026-05-03 13:15:42,387,Sale,WALKIN,,,1,21.99,2.03,0.00000,0.00000,24.02,,1 X altard state floral skort /M,POS 2,tomderobe@gmail.com,CLOSED,,,,closed,
2026-05-03 13:15:42,387,Sale Line,,,,1.00000,21.99000,2.03408,0.00000,0.00000,24.02408,,altard state floral skort /M,,,,10008152,,,,
2026-05-03 13:15:36,387,Payment,,,,,,,,,,24.02000,Lightspeed Payments,,,,,,,,
2026-05-03 13:10:43,386,Sale,WALKIN,,,1,18.99,1.76,0.00000,0.00000,20.75,,1 X Sim & Sam floral blouse/s,POS 2,tomderobe@gmail.com,CLOSED,,,,closed,
2026-05-03 13:10:43,386,Sale Line,,,,1.00000,18.99000,1.75658,0.00000,0.00000,20.74658,,Sim & Sam floral blouse/s,,,,10008383,,,,
2026-05-03 13:10:30,386,Payment,,,,,,,,,,20.75000,Lightspeed Payments,,,,,,,,
2026-05-03 13:09:53,385,Sale,WALKIN,,,1,24.99,2.31,0.00000,0.00000,27.3,,1 X Loft White Cherry LS Blouse S,POS 2,tomderobe@gmail.com,CLOSED,,,,closed,
2026-05-03 13:09:53,385,Sale Line,,,,1.00000,24.99000,2.31158,0.00000,0.00000,27.30158,,Loft White Cherry LS Blouse S,,,,10008204,,,,
2026-05-03 13:09:44,385,Payment,,,,,,,,,,27.30000,Lightspeed Payments,,,,,,,,
2026-05-02 19:41:53,384,Sale,WALKIN,,,1,79.99,7.40,0.00000,0.00000,87.39,,1 X NWTChicos/DenimEmbJacket/Size0,POS 2,tomderobe@gmail.com,CLOSED,,,,closed,
2026-05-02 19:41:53,384,Sale Line,,,,1.00000,79.99000,7.39908,0.00000,0.00000,87.38908,,NWTChicos/DenimEmbJacket/Size0,,,,10007696,,,,
2026-05-02 19:41:46,384,Payment,,,,,,,,,,87.39000,Lightspeed Payments,,,,,,,,
2026-05-02 17:55:12,383,Sale,WALKIN,,,1,17.99,1.66,0.00000,0.00000,19.65,,1 X BCBGenerationSkirt_En,POS 2,tomderobe@gmail.com,CLOSED,,,,closed,
2026-05-02 17:55:12,383,Sale Line,,,,1.00000,17.99000,1.66408,0.00000,0.00000,19.65408,,BCBGenerationSkirt_En / Black / 2 / 13.14,,,,10002418,,,,
2026-05-02 17:55:02,383,Payment,,,,,,,,,,19.65000,Lightspeed Payments,,,,,,,,
2026-05-02 17:47:42,382,Sale,WALKIN,,,1,39.99,3.70,0.00000,0.00000,43.69,,1 X Banana Rep White Jean Jacket / Size S,POS 2,tomderobe@gmail.com,CLOSED,,,,closed,
2026-05-02 17:47:42,382,Sale Line,,,,1.00000,39.99000,3.69908,0.00000,0.00000,43.68908,,Banana Rep White Jean Jacket / Size S,,,,10006982,,,,
2026-05-02 17:47:32,382,Payment,,,,,,,,,,43.69000,Lightspeed Payments,,,,,,,,
2026-05-02 17:33:41,381,Sale,WALKIN,,,2,117.97,10.91,0.00000,0.00000,128.88,,1 X bis Charles Jourdan Heels + 1 X VintageAW/Red&BrwnPurse + 1 X Coca ColaTee Shirt_Le + -1 X Discount,POS 2,tomderobe@gmail.com,CLOSED,,,,closed,
2026-05-02 17:33:41,381,Sale Line,,,,1.00000,35.99000,3.32908,0.00000,0.00000,39.31908,,bis Charles Jourdan Heels / Black / 7.5 / abc,,,,10003218,,,,
2026-05-02 17:33:41,381,Sale Line,,,,1.00000,64.99000,6.01158,0.00000,0.00000,71.00158,,VintageAW/Red&BrwnPurse,,,,10008061,,,,
2026-05-02 17:33:41,381,Sale Line,,,,1.00000,21.99000,2.03408,0.00000,0.00000,24.02408,,Coca ColaTee Shirt_Le / Green / S / 6.58,,,,10001107,,,,
2026-05-02 17:33:41,381,Sale Line,,,,-1.00000,-5.00000,-0.46250,0.00000,0.00000,-5.46250,,Discount,,,,vend-discount,,,,
2026-05-02 17:33:34,381,Payment,,,,,,,,,,128.88000,Lightspeed Payments,,,,,,,,
2026-05-02 16:26:57,380,Sale,WALKIN,,,2,49.98,4.62,0.00000,0.00000,54.6,,1 X ASISBCBG Beige Embroid Buttondown / Size S + 1 X Lulus/CreamLaceBttnDress/SizeS,POS 2,tomderobe@gmail.com,CLOSED,,,,closed,
2026-05-02 16:26:57,380,Sale Line,,,,1.00000,24.99000,2.31158,0.00000,0.00000,27.30158,,ASISBCBG Beige Embroid Buttondown / Size S,,,,10006512,,,,
2026-05-02 16:26:57,380,Sale Line,,,,1.00000,24.99000,2.31158,0.00000,0.00000,27.30158,,Lulus/CreamLaceBttnDress/SizeS,,,,10008345,,,,
2026-05-02 16:26:50,380,Payment,,,,,,,,,,54.60000,Lightspeed Payments,,,,,,,,
2026-05-02 15:50:34,379,Sale,WALKIN,,,7,167.94,15.53,0.00000,0.00000,183.47,,1 X WallFlower LightWash Jacket/Size S + 1 X Highway Jeans Jacket Size L + 1 X Hudson Gray LS Top Size M + 1 X Jessica S NWT White Sweater w Pink / Size M + 1 X Altard State White Sweater Size M + 1 X WWDDDollyTshirt/SizeM + 1 X Yellow Chic Vintage T Shirt Size S,POS 2,tomderobe@gmail.com,CLOSED,,,,closed,
2026-05-02 15:50:34,379,Sale Line,,,,1.00000,23.99000,2.21908,0.00000,0.00000,26.20908,,WallFlower LightWash Jacket/Size S,,,,10003835,,,,
2026-05-02 15:50:34,379,Sale Line,,,,1.00000,28.99000,2.68158,0.00000,0.00000,31.67158,,Highway Jeans Jacket Size L,,,,10007950,,,,
2026-05-02 15:50:34,379,Sale Line,,,,1.00000,15.99000,1.47908,0.00000,0.00000,17.46908,,Hudson Gray LS Top Size M,,,,10007484,,,,
2026-05-02 15:50:34,379,Sale Line,,,,1.00000,34.99000,3.23658,0.00000,0.00000,38.22658,,Jessica S NWT White Sweater w Pink / Size M,,,,10005947,,,,
2026-05-02 15:50:34,379,Sale Line,,,,1.00000,16.00000,1.48000,0.00000,0.00000,17.48000,,Altard State White Sweater Size M,,,,10007557,,,,
2026-05-02 15:50:34,379,Sale Line,,,,1.00000,23.99000,2.21908,0.00000,0.00000,26.20908,,WWDDDollyTshirt/SizeM,,,,10006155,,,,
2026-05-02 15:50:34,379,Sale Line,,,,1.00000,23.99000,2.21908,0.00000,0.00000,26.20908,,Yellow Chic Vintage T Shirt Size S,,,,10007150,,,,
2026-05-02 15:50:23,379,Payment,,,,,,,,,,183.47000,Lightspeed Payments,,,,,,,,
2026-05-02 15:15:24,378,Sale,WALKIN,,,1,39.99,3.70,0.00000,0.00000,43.69,,1 X CristinaJacket_J,POS 2,tomderobe@gmail.com,CLOSED,,,,closed,
2026-05-02 15:15:24,378,Sale Line,,,,1.00000,39.99000,3.69908,0.00000,0.00000,43.68908,,CristinaJacket_J / Bluejeans / M / 14.25,,,,10002639,,,,
2026-05-02 15:15:15,378,Payment,,,,,,,,,,43.69000,Lightspeed Payments,,,,,,,,
2026-05-02 15:14:33,377,Sale,WALKIN,,,2,66.98,6.20,0.00000,0.00000,73.18,,1 X Harley DavidsonTank Top_HD + 1 X Harley DavidsonTee Shirt_Li,POS 2,tomderobe@gmail.com,CLOSED,,,,closed,
2026-05-02 15:14:33,377,Sale Line,,,,1.00000,23.99000,2.21908,0.00000,0.00000,26.20908,,Harley DavidsonTank Top_HD / White / L / abc,,,,10004028,,,,
2026-05-02 15:14:33,377,Sale Line,,,,1.00000,42.99000,3.97658,0.00000,0.00000,46.96658,,Harley DavidsonTee Shirt_Li / Grey / L / 6.29,,,,10001050,,,,
2026-05-02 15:14:27,377,Payment,,,,,,,,,,73.18000,Lightspeed Payments,,,,,,,,
2026-05-02 14:42:44,376,Sale,WALKIN,,,1,19.99,1.85,0.00000,0.00000,21.84,,1 X Altar'd State Pink Cherry Tank Top / Size S,POS 2,tomderobe@gmail.com,CLOSED,,,,closed,
2026-05-02 14:42:44,376,Sale Line,,,,1.00000,19.99000,1.84908,0.00000,0.00000,21.83908,,Altar'd State Pink Cherry Tank Top / Size S,,,,10008153,,,,
2026-05-02 14:42:38,376,Payment,,,,,,,,,,21.84000,Lightspeed Payments,,,,,,,,
2026-05-02 14:29:38,375,Sale,WALKIN,,,1,15.99,1.48,0.00000,0.00000,17.47,,1 X Chloe & Katie Yellow Skirt / Size L,POS 2,tomderobe@gmail.com,CLOSED,,,,closed,
2026-05-02 14:29:38,375,Sale Line,,,,1.00000,15.99000,1.47908,0.00000,0.00000,17.46908,,Chloe & Katie Yellow Skirt / Size L,,,,10007207,,,,
2026-05-02 14:29:30,375,Payment,,,,,,,,,,17.47000,Lightspeed Payments,,,,,,,,
2026-05-02 14:28:42,374,Sale,WALKIN,,,1,21.99,2.03,0.00000,0.00000,24.02,,1 X Sheer/Maroon/Size S,POS 2,tomderobe@gmail.com,CLOSED,,,,closed,
2026-05-02 14:28:42,374,Sale Line,,,,1.00000,21.99000,2.03408,0.00000,0.00000,24.02408,,Sheer/Maroon/Size S,,,,10004414,,,,
2026-05-02 14:28:36,374,Payment,,,,,,,,,,24.02000,Lightspeed Payments,,,,,,,,
2026-05-02 14:09:29,373,Sale,WALKIN,,,1,21.99,2.03,0.00000,0.00000,24.02,,1 X Silver w Blue Accent Necklace,POS 2,tomderobe@gmail.com,CLOSED,,,,closed,
2026-05-02 14:09:29,373,Sale Line,,,,1.00000,21.99000,2.03408,0.00000,0.00000,24.02408,,Silver w Blue Accent Necklace,,,,10007956,,,,
2026-05-02 14:09:19,373,Payment,,,,,,,,,,24.02000,Lightspeed Payments,,,,,,,,
2026-05-02 14:06:39,372,Sale,WALKIN,,,3,61.97,5.73,0.00000,0.00000,67.7,,1 X Saywhat/BlackCorset/SizeL + 1 X WHBM Cream Boho Bustier M + 1 X Offline croped workout top/M,POS 2,tomderobe@gmail.com,CLOSED,,,,closed,
2026-05-02 14:06:39,372,Sale Line,,,,1.00000,14.99000,1.38658,0.00000,0.00000,16.37658,,Saywhat/BlackCorset/SizeL,,,,10008324,,,,
2026-05-02 14:06:39,372,Sale Line,,,,1.00000,33.99000,3.14408,0.00000,0.00000,37.13408,,WHBM Cream Boho Bustier M,,,,10008232,,,,
2026-05-02 14:06:39,372,Sale Line,,,,1.00000,12.99000,1.20158,0.00000,0.00000,14.19158,,Offline croped workout top/M,,,,10006841,,,,
2026-05-02 14:06:33,372,Payment,,,,,,,,,,67.70000,Lightspeed Payments,,,,,,,,
2026-05-02 14:05:50,371,Sale,WALKIN,,,1,79.99,7.40,0.00000,0.00000,87.39,,1 X CorralBoots/MarronStudBoots/Size8,POS 2,tomderobe@gmail.com,CLOSED,,,,closed,
2026-05-02 14:05:50,371,Sale Line,,,,1.00000,79.99000,7.39908,0.00000,0.00000,87.38908,,CorralBoots/MarronStudBoots/Size8,,,,10008297,,,,
2026-05-02 14:05:44,371,Payment,,,,,,,,,,87.39000,Lightspeed Payments,,,,,,,,
2026-05-02 13:50:48,370,Sale,WALKIN,,,1,14.99,1.39,0.00000,0.00000,16.38,,1 X BrwnxGreyCroppedVest/SizeM/L,POS 2,tomderobe@gmail.com,CLOSED,,,,closed,
2026-05-02 13:50:48,370,Sale Line,,,,1.00000,14.99000,1.38658,0.00000,0.00000,16.37658,,BrwnxGreyCroppedVest/SizeM/L,,,,10008352,,,,
2026-05-02 13:50:38,370,Payment,,,,,,,,,,20.00000,Cash,,,,,,,,
2026-05-02 13:50:48,370,Payment,,,,,,,,,,-3.62000,Cash,,,,,,,,
2026-05-02 13:48:46,369,Sale,WALKIN,,,2,37.98,3.51,0.00000,0.00000,41.49,,1 X Soffe/Blk&WhiStripeUTTop/SizeM + 1 X St Johns Bay Orange Butterfly Shortsleeve / Size S,POS 2,tomderobe@gmail.com,CLOSED,,,,closed,
2026-05-02 13:48:46,369,Sale Line,,,,1.00000,21.99000,2.03408,0.00000,0.00000,24.02408,,Soffe/Blk&WhiStripeUTTop/SizeM,,,,10004933,,,,
2026-05-02 13:48:46,369,Sale Line,,,,1.00000,15.99000,1.47908,0.00000,0.00000,17.46908,,St Johns Bay Orange Butterfly Shortsleeve / Size S,,,,10004585,,,,
2026-05-02 13:48:17,369,Payment,,,,,,,,,,41.49000,Lightspeed Payments,,,,,,,,
2026-05-02 13:13:36,368,Sale,WALKIN,,,2,120.97,11.19,0.00000,0.00000,132.16,,1 X B. Right Pink Rose Strapless Dress / Size S + 1 X SincerelyJules/GreenlaceDress/SizeXS + 1 X Paddle & Saddle Brown VINTAGE SL Jumpsuit + -1 X Discount,POS 2,tomderobe@gmail.com,CLOSED,,,,closed,
2026-05-02 13:13:36,368,Sale Line,,,,1.00000,37.99000,3.51408,0.00000,0.00000,41.50408,,B. Right Pink Rose Strapless Dress / Size S,,,,10007836,,,,
2026-05-02 13:13:36,368,Sale Line,,,,1.00000,27.99000,2.58908,0.00000,0.00000,30.57908,,SincerelyJules/GreenlaceDress/SizeXS,,,,10008332,,,,
2026-05-02 13:13:36,368,Sale Line,,,,1.00000,59.99000,5.54908,0.00000,0.00000,65.53908,,Paddle & Saddle Brown VINTAGE SL Jumpsuit,,,,10007584,,,,
2026-05-02 13:13:36,368,Sale Line,,,,-1.00000,-5.00000,-0.46250,0.00000,0.00000,-5.46250,,Discount,,,,vend-discount,,,,
2026-05-02 13:13:29,368,Payment,,,,,,,,,,132.16000,Lightspeed Payments,,,,,,,,
2026-05-02 13:10:09,367,Sale,WALKIN,,,1,19.00,1.76,0.00000,0.00000,20.76,,1 X Boden Green LS Top 10,POS 2,tomderobe@gmail.com,CLOSED,,,,closed,
2026-05-02 13:10:09,367,Sale Line,,,,1.00000,19.00000,1.75750,0.00000,0.00000,20.75750,,Boden Green LS Top 10,,,,10007973,,,,
2026-05-02 13:10:04,367,Payment,,,,,,,,,,20.76000,Lightspeed Payments,,,,,,,,
2026-05-02 13:09:19,366,Sale,WALKIN,,,1,24.99,2.31,0.00000,0.00000,27.3,,1 X Loft knit tanktop/m,POS 2,tomderobe@gmail.com,CLOSED,,,,closed,
2026-05-02 13:09:19,366,Sale Line,,,,1.00000,24.99000,2.31158,0.00000,0.00000,27.30158,,Loft knit tanktop/m,,,,10008112,,,,
2026-05-02 13:09:13,366,Payment,,,,,,,,,,27.30000,Lightspeed Payments,,,,,,,,
2026-05-02 13:04:14,365,Sale,WALKIN,,,2,50.98,4.72,0.00000,0.00000,55.7,,1 X RalphLauren Pink Tee/Size M + 1 X Coca ColaTee Shirt_Pr,POS 2,tomderobe@gmail.com,CLOSED,,,,closed,
2026-05-02 13:04:14,365,Sale Line,,,,1.00000,35.99000,3.32908,0.00000,0.00000,39.31908,,RalphLauren Pink Tee/Size M,,,,10003892,,,,
2026-05-02 13:04:14,365,Sale Line,,,,1.00000,14.99000,1.38658,0.00000,0.00000,16.37658,,Coca ColaTee Shirt_Pr / Red / M / 12.69,,,,10002327,,,,
2026-05-02 13:03:58,365,Payment,,,,,,,,,,55.70000,Lightspeed Payments,,,,,,,,
2026-05-02 11:50:28,364,Sale,WALKIN,,,0,26.99,2.50,0.00000,0.00000,29.49,,1 X Griffen Blue Cashmere Sweater / Size M + -1 X Discount,POS 2,tomderobe@gmail.com,CLOSED,,,,closed,
2026-05-02 11:50:28,364,Sale Line,,,,1.00000,29.99000,2.77408,0.00000,0.00000,32.76408,,Griffen Blue Cashmere Sweater / Size M,,,,10005896,,,,
2026-05-02 11:50:28,364,Sale Line,,,,-1.00000,-3.00000,-0.27750,0.00000,0.00000,-3.27750,,Discount,,,,vend-discount,,,,
2026-05-02 11:50:15,364,Payment,,,,,,,,,,29.49000,Lightspeed Payments,,,,,,,,
2026-05-02 11:14:40,363,Sale,WALKIN,,,1,15.99,1.48,0.00000,0.00000,17.47,,1 X Margo Paige Clear Purse,POS 2,tomderobe@gmail.com,CLOSED,,,,closed,
2026-05-02 11:14:40,363,Sale Line,,,,1.00000,15.99000,1.47908,0.00000,0.00000,17.46908,,Margo Paige Clear Purse,,,,10007089,,,,
2026-05-02 11:14:37,363,Payment,,,,,,,,,,20.00000,Cash,,,,,,,,
2026-05-02 11:14:40,363,Payment,,,,,,,,,,-2.53000,Cash,,,,,,,,
2026-05-01 20:33:27,362,Sale,WALKIN,,,3,81.96,7.58,0.00000,0.00000,89.54,,1 X Cable Top/ Pink/ Size M + 1 X Maeve Apple Tee / Size Small + 1 X Lou & Grey Multicolor Striped Top / Size M + 1 X Nirvana Band Tshirt / Size S + -1 X Discount,POS 2,tomderobe@gmail.com,CLOSED,,,,closed,
2026-05-01 20:33:27,362,Sale Line,,,,1.00000,16.99000,1.57158,0.00000,0.00000,18.56158,,Cable Top/ Pink/ Size M,,,,10005058,,,,
2026-05-01 20:33:27,362,Sale Line,,,,1.00000,27.99000,2.58908,0.00000,0.00000,30.57908,,Maeve Apple Tee / Size Small,,,,10008195,,,,
2026-05-01 20:33:27,362,Sale Line,,,,1.00000,19.99000,1.84908,0.00000,0.00000,21.83908,,Lou & Grey Multicolor Striped Top / Size M,,,,10006720,,,,
2026-05-01 20:33:27,362,Sale Line,,,,1.00000,21.99000,2.03408,0.00000,0.00000,24.02408,,Nirvana Band Tshirt / Size S,,,,10004968,,,,
2026-05-01 20:33:27,362,Sale Line,,,,-1.00000,-5.00000,-0.46250,0.00000,0.00000,-5.46250,,Discount,,,,vend-discount,,,,
2026-05-01 20:32:30,362,Payment,,,,,,,,,,89.54000,Lightspeed Payments,,,,,,,,
2026-05-01 20:15:43,361,Sale,WALKIN,,,3,87.98,8.14,0.00000,0.00000,96.12,,1 X XCVI Green SL Top / Size XS + 1 X Ann Taylor Brown SS Cover Up / Size 2 + 1 X Claudia Strater Green & Gold Dress / Size XL,POS 2,tomderobe@gmail.com,CLOSED,,,,closed,
2026-05-01 20:15:43,361,Sale Line,,,,1.00000,19.00000,1.75750,0.00000,0.00000,20.75750,,XCVI Green SL Top / Size XS,,,,10008024,,,,
2026-05-01 20:15:43,361,Sale Line,,,,1.00000,22.99000,2.12658,0.00000,0.00000,25.11658,,Ann Taylor Brown SS Cover Up / Size 2,,,,10005929,,,,
2026-05-01 20:15:43,361,Sale Line,,,,1.00000,45.99000,4.25408,0.00000,0.00000,50.24408,,Claudia Strater Green & Gold Dress / Size XL,,,,10004620,,,,
2026-05-01 20:15:37,361,Payment,,,,,,,,,,96.12000,Lightspeed Payments,,,,,,,,
2026-05-01 20:14:11,360,Sale,WALKIN,,,5,104.95,9.71,0.00000,0.00000,114.66,,1 X KennethC/BrownPurse + 1 X KennethC/GreyPurse + 1 X The Limited Beige SL Dress / Size 2 + 1 X Calvin K Gray Silk Tank / Size XS + 1 X Live in the Moment Beige SL Crop Top / Size S,POS 2,tomderobe@gmail.com,CLOSED,,,,closed,
2026-05-01 20:14:11,360,Sale Line,,,,1.00000,19.99000,1.84908,0.00000,0.00000,21.83908,,KennethC/BrownPurse,,,,10008062,,,,
2026-05-01 20:14:11,360,Sale Line,,,,1.00000,22.99000,2.12658,0.00000,0.00000,25.11658,,KennethC/GreyPurse,,,,10008063,,,,
2026-05-01 20:14:11,360,Sale Line,,,,1.00000,24.99000,2.31158,0.00000,0.00000,27.30158,,The Limited Beige SL Dress / Size 2,,,,10007786,,,,
2026-05-01 20:14:11,360,Sale Line,,,,1.00000,24.99000,2.31158,0.00000,0.00000,27.30158,,Calvin K Gray Silk Tank / Size XS,,,,10007868,,,,
2026-05-01 20:14:11,360,Sale Line,,,,1.00000,11.99000,1.10908,0.00000,0.00000,13.09908,,Live in the Moment Beige SL Crop Top / Size S,,,,10005003,,,,
2026-05-01 20:14:05,360,Payment,,,,,,,,,,114.66000,Lightspeed Payments,,,,,,,,
2026-05-01 19:59:49,359,Sale,WALKIN,,,1,15.99,1.48,0.00000,0.00000,17.47,,1 X Inc Silver Heels/Size 10,POS 2,tomderobe@gmail.com,CLOSED,,,,closed,
2026-05-01 19:59:49,359,Sale Line,,,,1.00000,15.99000,1.47908,0.00000,0.00000,17.46908,,Inc Silver Heels/Size 10,,,,10007052,,,,
2026-05-01 19:59:43,359,Payment,,,,,,,,,,17.47000,Lightspeed Payments,,,,,,,,
2026-05-01 19:29:32,358,Sale,WALKIN,,,2,22.98,2.13,0.00000,0.00000,25.11,,1 X Wild Fable Orange Crop Top/ Size XS + 1 X WildFable/OrangeHalterTop/SizeXS,POS 2,tomderobe@gmail.com,CLOSED,,,,closed,
2026-05-01 19:29:32,358,Sale Line,,,,1.00000,10.99000,1.01658,0.00000,0.00000,12.00658,,Wild Fable Orange Crop Top/ Size XS,,,,10006315,,,,
2026-05-01 19:29:32,358,Sale Line,,,,1.00000,11.99000,1.10908,0.00000,0.00000,13.09908,,WildFable/OrangeHalterTop/SizeXS,,,,10008323,,,,
2026-05-01 19:29:26,358,Payment,,,,,,,,,,25.11000,Lightspeed Payments,,,,,,,,
2026-05-01 18:51:01,357,Sale,WALKIN,,,2,44.98,4.16,0.00000,0.00000,49.14,,1 X Ava James Dark Blue Blouse / Size S + 1 X Loft Dark Blue Tank w White Stars / Size M,POS 2,tomderobe@gmail.com,CLOSED,,,,closed,
2026-05-01 18:51:01,357,Sale Line,,,,1.00000,28.99000,2.68158,0.00000,0.00000,31.67158,,Ava James Dark Blue Blouse / Size S,,,,10005979,,,,
2026-05-01 18:51:01,357,Sale Line,,,,1.00000,15.99000,1.47908,0.00000,0.00000,17.46908,,Loft Dark Blue Tank w White Stars / Size M,,,,10005619,,,,
2026-05-01 18:50:54,357,Payment,,,,,,,,,,49.14000,Lightspeed Payments,,,,,,,,
2026-05-01 18:45:09,356,Sale,WALKIN,,,1,25.99,2.40,0.00000,0.00000,28.39,,1 X Kenzie Black SL Dress / Size S,POS 2,tomderobe@gmail.com,CLOSED,,,,closed,
2026-05-01 18:45:09,356,Sale Line,,,,1.00000,25.99000,2.40408,0.00000,0.00000,28.39408,,Kenzie Black SL Dress / Size S,,,,10007357,,,,
2026-05-01 18:45:02,356,Payment,,,,,,,,,,28.39000,Lightspeed Payments,,,,,,,,
2026-05-01 18:38:58,355,Sale,WALKIN,,,1,17.99,1.66,0.00000,0.00000,19.65,,1 X SincerelyJules/WhiCropCoverHoodie/SizeL,POS 2,tomderobe@gmail.com,CLOSED,,,,closed,
2026-05-01 18:38:58,355,Sale Line,,,,1.00000,17.99000,1.66408,0.00000,0.00000,19.65408,,SincerelyJules/WhiCropCoverHoodie/SizeL,,,,10007733,,,,
2026-05-01 18:38:48,355,Payment,,,,,,,,,,19.65000,Lightspeed Payments,,,,,,,,
2026-05-01 18:17:41,354,Sale,WALKIN,,,1,25.99,2.40,0.00000,0.00000,28.39,,1 X unkown/dress/red/m,POS 2,tomderobe@gmail.com,CLOSED,,,,closed,
2026-05-01 18:17:41,354,Sale Line,,,,1.00000,25.99000,2.40408,0.00000,0.00000,28.39408,,unkown/dress/red/m,,,,10005342,,,,
2026-05-01 18:17:34,354,Payment,,,,,,,,,,28.39000,Lightspeed Payments,,,,,,,,
2026-05-01 15:09:45,353,Sale,WALKIN,,,2,58.98,5.46,0.00000,0.00000,64.44,,1 X Adiva White LS Blouse M + 1 X Nautica Blk Loafer/Size 7,POS 2,tomderobe@gmail.com,CLOSED,,,,closed,
2026-05-01 15:09:45,353,Sale Line,,,,1.00000,32.99000,3.05158,0.00000,0.00000,36.04158,,Adiva White LS Blouse M,,,,10008207,,,,
2026-05-01 15:09:45,353,Sale Line,,,,1.00000,25.99000,2.40408,0.00000,0.00000,28.39408,,Nautica Blk Loafer/Size 7,,,,10004107,,,,
2026-05-01 15:09:34,353,Payment,,,,,,,,,,64.44000,Lightspeed Payments,,,,,,,,
2026-05-01 14:02:06,352,Sale,WALKIN,,,1,31.99,2.96,0.00000,0.00000,34.95,,1 X Andree Army Green Vest / Size S,POS 2,tomderobe@gmail.com,CLOSED,,,,closed,
2026-05-01 14:02:06,352,Sale Line,,,,1.00000,31.99000,2.95908,0.00000,0.00000,34.94908,,Andree Army Green Vest / Size S,,,,10006548,,,,
2026-05-01 14:02:04,352,Payment,,,,,,,,,,35.00000,Cash,,,,,,,,
2026-05-01 14:02:06,352,Payment,,,,,,,,,,-0.05000,Cash,,,,,,,,
2026-05-01 13:44:53,351,Sale,WALKIN,,,1,13.50,1.25,0.00000,0.00000,14.75,,1 X Clear Studded Bag,POS 2,tomderobe@gmail.com,CLOSED,,,,closed,
2026-05-01 13:44:53,351,Sale Line,,,,1.00000,13.50000,1.24875,0.00000,0.00000,14.74875,,Clear Studded Bag,,,,10004516,,,,
2026-05-01 13:44:44,351,Payment,,,,,,,,,,14.75000,Lightspeed Payments,,,,,,,,
2026-05-01 13:24:15,350,Sale,WALKIN,,,2,57.98,5.36,0.00000,0.00000,63.34,,1 X Athleta Navy Pants / Size 4 + 1 X pistola/pant/red/25,POS 2,tomderobe@gmail.com,CLOSED,,,,closed,
2026-05-01 13:24:15,350,Sale Line,,,,1.00000,24.99000,2.31158,0.00000,0.00000,27.30158,,Athleta Navy Pants / Size 4,,,,10003804,,,,
2026-05-01 13:24:15,350,Sale Line,,,,1.00000,32.99000,3.05158,0.00000,0.00000,36.04158,,pistola/pant/red/25,,,,10003658,,,,
2026-05-01 13:24:05,350,Payment,,,,,,,,,,63.34000,Lightspeed Payments,,,,,,,,
2026-05-01 12:28:39,349,Sale,WALKIN,,,3,86.97,8.04,0.00000,0.00000,95.01,,1 X Brighton/WeaveShoulderBag + 1 X Banana Rep Red LS Dress / Size M + 1 X Ayla Blk Cropped Shirt/Size M,POS 2,tomderobe@gmail.com,CLOSED,,,,closed,
2026-05-01 12:28:39,349,Sale Line,,,,1.00000,32.99000,3.05158,0.00000,0.00000,36.04158,,Brighton/WeaveShoulderBag,,,,10007402,,,,
2026-05-01 12:28:39,349,Sale Line,,,,1.00000,28.99000,2.68158,0.00000,0.00000,31.67158,,Banana Rep Red LS Dress / Size M,,,,10007457,,,,
2026-05-01 12:28:39,349,Sale Line,,,,1.00000,24.99000,2.31158,0.00000,0.00000,27.30158,,Ayla Blk Cropped Shirt/Size M,,,,10003895,,,,
2026-05-01 12:28:28,349,Payment,,,,,,,,,,95.01000,Lightspeed Payments,,,,,,,,
2026-04-30 19:20:16,348,Sale,Lex-BR77,Lex Anderson,,1,294.99,27.29,0.00000,0.00000,322.28,,1 X Coach/JadeGreyPurse + 1 X pink snakeskin jegging/0 + -1 X Discount,POS 2,tomderobe@gmail.com,CLOSED,,,,closed,
2026-04-30 19:20:16,348,Sale Line,,,,1.00000,275.00000,25.43750,0.00000,0.00000,300.43750,,Coach/JadeGreyPurse,,,,10007763,,,,
2026-04-30 19:20:16,348,Sale Line,,,,1.00000,24.99000,2.31158,0.00000,0.00000,27.30158,,pink snakeskin jegging/0,,,,10007803,,,,
2026-04-30 19:20:16,348,Sale Line,,,,-1.00000,-5.00000,-0.46250,0.00000,0.00000,-5.46250,,Discount,,,,vend-discount,,,,
2026-04-30 19:20:16,348,Payment,,,,,,,,,,322.28000,Store Credit,,,,,,,,
2026-04-30 18:27:14,347,Sale,WALKIN,,,5,145.94,13.50,0.00000,0.00000,159.44,,1 X Freemarket White Floral Top / Size S + 1 X UrbanOut/MulticolSTripeShirt/SizeSp + 1 X House of Harlow Satin Collared Blouse / Size M + 1 X lilisidonio/bls/red/xs + 1 X silk black tank/small + 1 X White & Clear Stone Necklace + -1 X Discount,POS 2,tomderobe@gmail.com,CLOSED,,,,closed,
2026-04-30 18:27:14,347,Sale Line,,,,1.00000,23.99000,2.21908,0.00000,0.00000,26.20908,,Freemarket White Floral Top / Size S,,,,10006575,,,,
2026-04-30 18:27:14,347,Sale Line,,,,1.00000,21.99000,2.03408,0.00000,0.00000,24.02408,,UrbanOut/MulticolSTripeShirt/SizeSp,,,,10006943,,,,
2026-04-30 18:27:14,347,Sale Line,,,,1.00000,33.99000,3.14408,0.00000,0.00000,37.13408,,House of Harlow Satin Collared Blouse / Size M,,,,10007731,,,,
2026-04-30 18:27:14,347,Sale Line,,,,1.00000,27.99000,2.58908,0.00000,0.00000,30.57908,,lilisidonio/bls/red/xs,,,,10005399,,,,
2026-04-30 18:27:14,347,Sale Line,,,,1.00000,19.99000,1.84908,0.00000,0.00000,21.83908,,silk black tank/small,,,,10006218,,,,
2026-04-30 18:27:14,347,Sale Line,,,,1.00000,22.99000,2.12658,0.00000,0.00000,25.11658,,White & Clear Stone Necklace,,,,10007995,,,,
2026-04-30 18:27:14,347,Sale Line,,,,-1.00000,-5.00000,-0.46250,0.00000,0.00000,-5.46250,,Discount,,,,vend-discount,,,,
2026-04-30 18:27:07,347,Payment,,,,,,,,,,159.44000,Lightspeed Payments,,,,,,,,
2026-04-30 15:52:45,346,Sale,Ann-5WBP,Ann Robert’s,,1,45.00,4.16,0.00000,0.00000,49.16,,1 X VINTAGE Saks 5th Ave Makeup Compact,POS 2,tomderobe@gmail.com,CLOSED,,,,closed,
2026-04-30 15:52:45,346,Sale Line,,,,1.00000,45.00000,4.16250,0.00000,0.00000,49.16250,,VINTAGE Saks 5th Ave Makeup Compact,,,,10007839,,,,
2026-04-30 15:52:22,346,Payment,,,,,,,,,,45.00000,Store Credit,,,,,,,,
2026-04-30 15:52:35,346,Payment,,,,,,,,,,5.00000,Cash,,,,,,,,
2026-04-30 15:52:45,346,Payment,,,,,,,,,,-0.84000,Cash,,,,,,,,
2026-04-30 13:43:01,345,Sale,WALKIN,,,1,199.99,18.50,0.00000,0.00000,218.49,,1 X Coach Pink Hampton Leather Bag,POS 2,tomderobe@gmail.com,CLOSED,,,,closed,
2026-04-30 13:43:01,345,Sale Line,,,,1.00000,199.99000,18.49908,0.00000,0.00000,218.48908,,Coach Pink Hampton Leather Bag,,,,10007843,,,,
2026-04-30 13:42:52,345,Payment,,,,,,,,,,218.49000,Lightspeed Payments,,,,,,,,
2026-04-30 13:42:17,344,Sale,WALKIN,,,1,35.99,3.33,0.00000,0.00000,39.32,,1 X Zen Danskin Top/Pant Set S + 1 X RiverIsland/LeafBeadShirt/Size10 + -1 X Discount,POS 2,tomderobe@gmail.com,CLOSED,,,,closed,
2026-04-30 13:42:17,344,Sale Line,,,,1.00000,18.00000,1.66500,0.00000,0.00000,19.66500,,Zen Danskin Top/Pant Set S,,,,10008237,,,,
2026-04-30 13:42:17,344,Sale Line,,,,1.00000,22.99000,2.12658,0.00000,0.00000,25.11658,,RiverIsland/LeafBeadShirt/Size10,,,,10006036,,,,
2026-04-30 13:42:17,344,Sale Line,,,,-1.00000,-5.00000,-0.46250,0.00000,0.00000,-5.46250,,Discount,,,,vend-discount,,,,
2026-04-30 13:42:01,344,Payment,,,,,,,,,,39.32000,Lightspeed Payments,,,,,,,,
2026-04-30 12:22:08,343,Sale,WALKIN,,,1,12.99,1.20,0.00000,0.00000,14.19,,1 X Brown Cutout Design Leather Belt,POS 2,tomderobe@gmail.com,CLOSED,,,,closed,
2026-04-30 12:22:08,343,Sale Line,,,,1.00000,12.99000,1.20158,0.00000,0.00000,14.19158,,Brown Cutout Design Leather Belt,,,,10007985,,,,
2026-04-30 12:21:58,343,Payment,,,,,,,,,,15.20000,Cash,,,,,,,,
2026-04-30 12:22:08,343,Payment,,,,,,,,,,-1.01000,Cash,,,,,,,,
2026-04-29 19:10:05,342,Sale,WALKIN,,,1,35.99,3.33,0.00000,0.00000,39.32,,1 X vintage kids green dress/5,POS 2,tomderobe@gmail.com,CLOSED,,,,closed,
2026-04-29 19:10:05,342,Sale Line,,,,1.00000,35.99000,3.32908,0.00000,0.00000,39.31908,,vintage kids green dress/5,,,,10008105,,,,
2026-04-29 19:10:00,342,Payment,,,,,,,,,,39.32000,Lightspeed Payments,,,,,,,,
2026-04-29 19:05:10,341,Sale,WALKIN,,,1,28.99,2.68,0.00000,0.00000,31.67,,1 X Vici Hot Pink LS Crop Top / Size S,POS 2,tomderobe@gmail.com,CLOSED,,,,closed,
2026-04-29 19:05:10,341,Sale Line,,,,1.00000,28.99000,2.68158,0.00000,0.00000,31.67158,,Vici Hot Pink LS Crop Top / Size S,,,,10006311,,,,
2026-04-29 19:05:03,341,Payment,,,,,,,,,,31.67000,Lightspeed Payments,,,,,,,,
2026-04-29 18:43:00,340,Sale,WALKIN,,,1,20.99,1.94,0.00000,0.00000,22.93,,1 X Aeropostale Brown Belt with Beige Stitch,POS 2,tomderobe@gmail.com,CLOSED,,,,closed,
2026-04-29 18:43:00,340,Sale Line,,,,1.00000,20.99000,1.94158,0.00000,0.00000,22.93158,,Aeropostale Brown Belt with Beige Stitch,,,,10007984,,,,
2026-04-29 18:42:45,340,Payment,,,,,,,,,,22.93000,Lightspeed Payments,,,,,,,,
2026-04-29 14:53:03,339,Sale,WALKIN,,,2,55.98,5.18,0.00000,0.00000,61.16,,1 X Madden Girl Pink Strap Leather Heals + 1 X NWT altard state cow print crop tank/S,POS 2,tomderobe@gmail.com,CLOSED,,,,closed,
2026-04-29 14:53:03,339,Sale Line,,,,1.00000,27.99000,2.58908,0.00000,0.00000,30.57908,,Madden Girl Pink Strap Leather Heals,,,,10003333,,,,
2026-04-29 14:53:03,339,Sale Line,,,,1.00000,27.99000,2.58908,0.00000,0.00000,30.57908,,NWT altard state cow print crop tank/S,,,,10008145,,,,
2026-04-29 14:52:41,339,Payment,,,,,,,,,,62.00000,Cash,,,,,,,,
2026-04-29 14:53:03,339,Payment,,,,,,,,,,-0.84000,Cash,,,,,,,,
2026-04-29 14:40:16,338,Sale,WALKIN,,,1,21.99,2.03,0.00000,0.00000,24.02,,1 X Raisin' Hell Beige BBall Cap,POS 2,tomderobe@gmail.com,CLOSED,,,,closed,
2026-04-29 14:40:16,338,Sale Line,,,,1.00000,21.99000,2.03408,0.00000,0.00000,24.02408,,Raisin' Hell Beige BBall Cap,,,,10006741,,,,
2026-04-29 14:40:10,338,Payment,,,,,,,,,,24.02000,Lightspeed Payments,,,,,,,,
2026-04-29 13:46:33,337,Sale,WALKIN,,,1,32.99,3.05,0.00000,0.00000,36.04,,1 X ETWO/MulticolBlouse/SizeS,POS 2,tomderobe@gmail.com,CLOSED,,,,closed,
2026-04-29 13:46:33,337,Sale Line,,,,1.00000,32.99000,3.05158,0.00000,0.00000,36.04158,,ETWO/MulticolBlouse/SizeS,,,,10004380,,,,
2026-04-29 13:46:18,337,Payment,,,,,,,,,,36.04000,Lightspeed Payments,,,,,,,,
2026-04-26 18:22:31,336,Sale,WALKIN,,,5,102.95,9.52,0.00000,0.00000,112.47,,1 X Beaded Brown Waist Belt + 1 X Brown Waist Belt Double Loop + 1 X Angel Biba White Lace Dress / Size S + 1 X Zara White LS Lace Top / Size M + 1 X Gap White Lace Top XS,POS 2,tomderobe@gmail.com,CLOSED,,,,closed,
2026-04-26 18:22:31,336,Sale Line,,,,1.00000,13.99000,1.29408,0.00000,0.00000,15.28408,,Beaded Brown Waist Belt,,,,10007982,,,,
2026-04-26 18:22:31,336,Sale Line,,,,1.00000,15.99000,1.47908,0.00000,0.00000,17.46908,,Brown Waist Belt Double Loop,,,,10004566,,,,
2026-04-26 18:22:31,336,Sale Line,,,,1.00000,32.99000,3.05158,0.00000,0.00000,36.04158,,Angel Biba White Lace Dress / Size S,,,,10006725,,,,
2026-04-26 18:22:31,336,Sale Line,,,,1.00000,23.99000,2.21908,0.00000,0.00000,26.20908,,Zara White LS Lace Top / Size M,,,,10007781,,,,
2026-04-26 18:22:31,336,Sale Line,,,,1.00000,15.99000,1.47908,0.00000,0.00000,17.46908,,Gap White Lace Top XS,,,,10007822,,,,
2026-04-26 18:22:24,336,Payment,,,,,,,,,,112.47000,Lightspeed Payments,,,,,,,,
2026-04-26 17:31:04,335,Sale,WALKIN,,,2,61.98,5.73,0.00000,0.00000,67.71,,1 X WHBM Corset Black Floral/Size 6 + 1 X Basket Tote/Purse,POS 2,tomderobe@gmail.com,CLOSED,,,,closed,
2026-04-26 17:31:04,335,Sale Line,,,,1.00000,25.99000,2.40408,0.00000,0.00000,28.39408,,WHBM Corset Black Floral/Size 6,,,,10007140,,,,
2026-04-26 17:31:04,335,Sale Line,,,,1.00000,35.99000,3.32908,0.00000,0.00000,39.31908,,Basket Tote/Purse,,,,10006271,,,,
2026-04-26 17:30:57,335,Payment,,,,,,,,,,67.71000,Lightspeed Payments,,,,,,,,
2026-04-26 17:29:42,334,Sale,WALKIN,,,3,61.97,5.73,0.00000,0.00000,67.7,,1 X Love Fire Bodysuit Black + 1 X Zara White Bodysuit / Size M + 1 X Liz Claiborne Brown Flats/Size 8.5,POS 2,tomderobe@gmail.com,CLOSED,,,,closed,
2026-04-26 17:29:42,334,Sale Line,,,,1.00000,15.99000,1.47908,0.00000,0.00000,17.46908,,Love Fire Bodysuit Black / Black / M / 12.07,,,,10002204,,,,
2026-04-26 17:29:42,334,Sale Line,,,,1.00000,34.99000,3.23658,0.00000,0.00000,38.22658,,Zara White Bodysuit / Size M,,,,10005934,,,,
2026-04-26 17:29:42,334,Sale Line,,,,1.00000,10.99000,1.01658,0.00000,0.00000,12.00658,,Liz Claiborne Brown Flats/Size 8.5,,,,10007070,,,,
2026-04-26 17:29:34,334,Payment,,,,,,,,,,67.70000,Lightspeed Payments,,,,,,,,
2026-04-26 17:11:19,333,Sale,WALKIN,,,1,20.00,1.85,0.00000,0.00000,21.85,,1 X Pink Plastic Purse,POS 2,tomderobe@gmail.com,CLOSED,,,,closed,
2026-04-26 17:11:19,333,Sale Line,,,,1.00000,20.00000,1.85000,0.00000,0.00000,21.85000,,Pink Plastic Purse / Hot Pink / OS / abc,,,,10003154,,,,
2026-04-26 17:11:11,333,Payment,,,,,,,,,,21.85000,Lightspeed Payments,,,,,,,,
2026-04-26 16:31:20,332,Sale,WALKIN,,,1,25.99,2.40,0.00000,0.00000,28.39,,1 X Coldwater Creek Black Floral Velvet Skirt / Size XL,POS 2,tomderobe@gmail.com,CLOSED,,,,closed,
2026-04-26 16:31:20,332,Sale Line,,,,1.00000,25.99000,2.40408,0.00000,0.00000,28.39408,,Coldwater Creek Black Floral Velvet Skirt / Size XL,,,,10004776,,,,
2026-04-26 16:31:03,332,Payment,,,,,,,,,,28.39000,Lightspeed Payments,,,,,,,,
2026-04-26 15:27:51,331,Sale,WALKIN,,,1,24.99,2.31,0.00000,0.00000,27.3,,1 X Zara White Black Stripe Crop Top / Size M,POS 2,tomderobe@gmail.com,CLOSED,,,,closed,
2026-04-26 15:27:51,331,Sale Line,,,,1.00000,24.99000,2.31158,0.00000,0.00000,27.30158,,Zara White Black Stripe Crop Top / Size M,,,,10005868,,,,
2026-04-26 15:27:32,331,Payment,,,,,,,,,,27.30000,Lightspeed Payments,,,,,,,,
2026-04-26 14:57:50,330,Sale,WALKIN,,,0,31.49,2.91,0.00000,0.00000,34.4,,1 X Armani/WhiQuarterShirt/Size6 + -1 X Discount,POS 2,tomderobe@gmail.com,CLOSED,,,,closed,
2026-04-26 14:57:50,330,Sale Line,,,,1.00000,34.99000,3.23658,0.00000,0.00000,38.22658,,Armani/WhiQuarterShirt/Size6,,,,10006869,,,,
2026-04-26 14:57:50,330,Sale Line,,,,-1.00000,-3.49900,-0.32366,0.00000,0.00000,-3.82266,,Discount,,,,vend-discount,,,,
2026-04-26 14:57:44,330,Payment,,,,,,,,,,34.40000,Lightspeed Payments,,,,,,,,
2026-04-26 11:19:46,329,Sale,WALKIN,,,2,61.98,5.73,0.00000,0.00000,67.71,,1 X VintageRedLeatherDress/Size40 + 1 X Ellcont Floral Dress Vintage,POS 2,tomderobe@gmail.com,CLOSED,,,,closed,
2026-04-26 11:19:46,329,Sale Line,,,,1.00000,35.99000,3.32908,0.00000,0.00000,39.31908,,VintageRedLeatherDress/Size40,,,,10007886,,,,
2026-04-26 11:19:46,329,Sale Line,,,,1.00000,25.99000,2.40408,0.00000,0.00000,28.39408,,Ellcont Floral Dress Vintage,,,,10004011,,,,
2026-04-26 11:19:40,329,Payment,,,,,,,,,,67.71000,Lightspeed Payments,,,,,,,,
2026-04-26 10:59:10,328,Sale,WALKIN,,,1,24.99,2.31,0.00000,0.00000,27.3,,1 X Easel Beige Floral Kimono Top / Size L,POS 2,tomderobe@gmail.com,CLOSED,,,,closed,
2026-04-26 10:59:10,328,Sale Line,,,,1.00000,24.99000,2.31158,0.00000,0.00000,27.30158,,Easel Beige Floral Kimono Top / Size L,,,,10006612,,,,
2026-04-26 10:58:57,328,Payment,,,,,,,,,,27.30000,Lightspeed Payments,,,,,,,,
2026-04-25 19:53:29,327,Sale,WALKIN,,,1,39.99,3.70,0.00000,0.00000,43.69,,1 X VINTAGE JR Bazaar Black Colorful Skirt / Size 11,POS 2,tomderobe@gmail.com,CLOSED,,,,closed,
2026-04-25 19:53:29,327,Sale Line,,,,1.00000,39.99000,3.69908,0.00000,0.00000,43.68908,,VINTAGE JR Bazaar Black Colorful Skirt / Size 11,,,,10006514,,,,
2026-04-25 19:53:23,327,Payment,,,,,,,,,,43.69000,Lightspeed Payments,,,,,,,,
2026-04-25 18:34:53,326,Sale,WALKIN,,,1,12.99,1.20,0.00000,0.00000,14.19,,1 X Orange Vote T Tshirt / Size M,POS 2,tomderobe@gmail.com,CLOSED,,,,closed,
2026-04-25 18:34:53,326,Sale Line,,,,1.00000,12.99000,1.20158,0.00000,0.00000,14.19158,,Orange Vote T Tshirt / Size M,,,,10004822,,,,
2026-04-25 18:34:45,326,Payment,,,,,,,,,,14.19000,Lightspeed Payments,,,,,,,,
2026-04-25 15:59:14,325,Sale,WALKIN,,,2,40.98,3.79,0.00000,0.00000,44.77,,1 X smiley tshirt/medium + 1 X PinkFloyd/Tshirt/SizeM,POS 2,tomderobe@gmail.com,CLOSED,,,,closed,
2026-04-25 15:59:14,325,Sale Line,,,,1.00000,25.99000,2.40408,0.00000,0.00000,28.39408,,smiley tshirt/medium,,,,10006233,,,,
2026-04-25 15:59:14,325,Sale Line,,,,1.00000,14.99000,1.38658,0.00000,0.00000,16.37658,,PinkFloyd/Tshirt/SizeM,,,,10007368,,,,
2026-04-25 15:59:08,325,Payment,,,,,,,,,,44.77000,Lightspeed Payments,,,,,,,,
2026-04-25 15:40:15,324,Sale,WALKIN,,,1,125.00,11.56,0.00000,0.00000,136.56,,1 X Charlie Horse Handcrafted Brazilian Boots 8.5,POS 2,tomderobe@gmail.com,CLOSED,,,,closed,
2026-04-25 15:40:15,324,Sale Line,,,,1.00000,125.00000,11.56250,0.00000,0.00000,136.56250,,Charlie Horse Handcrafted Brazilian Boots 8.5,,,,10006617,,,,
2026-04-25 15:40:08,324,Payment,,,,,,,,,,136.56000,Lightspeed Payments,,,,,,,,
2026-04-25 13:54:34,323,Sale,WALKIN,,,3,101.96,9.43,0.00000,0.00000,111.39,,1 X X2 Jean Skirt / Size 6 + 1 X Luxology Beige Pink SL Long Dress / Size L + 1 X LIV Los Angeles White Seethrough LS / Size 2x + 1 X Desigual Blue Skirt / Size XXL + -1 X Discount,POS 2,tomderobe@gmail.com,CLOSED,,,,closed,
2026-04-25 13:54:34,323,Sale Line,,,,1.00000,22.99000,2.12658,0.00000,0.00000,25.11658,,X2 Jean Skirt / Size 6,,,,10007907,,,,
2026-04-25 13:54:34,323,Sale Line,,,,1.00000,19.99000,1.84908,0.00000,0.00000,21.83908,,Luxology Beige Pink SL Long Dress / Size L,,,,10007930,,,,
2026-04-25 13:54:34,323,Sale Line,,,,1.00000,23.99000,2.21908,0.00000,0.00000,26.20908,,LIV Los Angeles White Seethrough LS / Size 2x,,,,10006960,,,,
2026-04-25 13:54:34,323,Sale Line,,,,1.00000,39.99000,3.69908,0.00000,0.00000,43.68908,,Desigual Blue Skirt / Size XXL,,,,10005915,,,,
2026-04-25 13:54:34,323,Sale Line,,,,-1.00000,-5.00000,-0.46250,0.00000,0.00000,-5.46250,,Discount,,,,vend-discount,,,,
2026-04-25 13:54:29,323,Payment,,,,,,,,,,111.39000,Lightspeed Payments,,,,,,,,
2026-04-25 13:52:42,322,Sale,WALKIN,,,2,42.99,3.98,0.00000,0.00000,46.97,,1 X Nanette Lepore Brown Blouse 10 + 1 X Westbound White Knit Poncho / One Size,POS 2,tomderobe@gmail.com,CLOSED,,,,closed,
2026-04-25 13:52:42,322,Sale Line,,,,1.00000,26.00000,2.40500,0.00000,0.00000,28.40500,,Nanette Lepore Brown Blouse 10,,,,10008031,,,,
2026-04-25 13:52:42,322,Sale Line,,,,1.00000,16.99000,1.57158,0.00000,0.00000,18.56158,,Westbound White Knit Poncho / One Size,,,,10007792,,,,
2026-04-25 13:52:35,322,Payment,,,,,,,,,,46.97000,Lightspeed Payments,,,,,,,,
2026-04-25 13:51:43,321,Sale,WALKIN,,,1,44.98,4.16,0.00000,0.00000,49.14,,1 X Pink Blouse W Ruffles / Size S + 1 X EriXAll/HotpinkruffleTop/Size6 + -1 X Discount,POS 2,tomderobe@gmail.com,CLOSED,,,,closed,
2026-04-25 13:51:43,321,Sale Line,,,,1.00000,22.99000,2.12658,0.00000,0.00000,25.11658,,Pink Blouse W Ruffles / Size S,,,,10006341,,,,
2026-04-25 13:51:43,321,Sale Line,,,,1.00000,24.99000,2.31158,0.00000,0.00000,27.30158,,EriXAll/HotpinkruffleTop/Size6,,,,10006890,,,,
2026-04-25 13:51:43,321,Sale Line,,,,-1.00000,-3.00000,-0.27750,0.00000,0.00000,-3.27750,,Discount,,,,vend-discount,,,,
2026-04-25 13:51:36,321,Payment,,,,,,,,,,49.14000,Lightspeed Payments,,,,,,,,
2026-04-25 13:40:31,320,Sale,WALKIN,,,4,85.97,7.95,0.00000,0.00000,93.92,,1 X Banana Rep Emerald Green SL Top / Size M + 1 X One Secret Beige w Stripe Panel / Size L + 1 X Japna Sleeveless Blouse Pink M + 1 X BCBGMax Black/Grey SS Top,POS 2,tomderobe@gmail.com,CLOSED,,,,closed,
2026-04-25 13:40:31,320,Sale Line,,,,1.00000,15.99000,1.47908,0.00000,0.00000,17.46908,,Banana Rep Emerald Green SL Top / Size M,,,,10006574,,,,
2026-04-25 13:40:31,320,Sale Line,,,,1.00000,24.99000,2.31158,0.00000,0.00000,27.30158,,One Secret Beige w Stripe Panel / Size L,,,,10005657,,,,
2026-04-25 13:40:31,320,Sale Line,,,,1.00000,21.99000,2.03408,0.00000,0.00000,24.02408,,Japna Sleeveless Blouse Pink M,,,,10007530,,,,
2026-04-25 13:40:31,320,Sale Line,,,,1.00000,23.00000,2.12750,0.00000,0.00000,25.12750,,BCBGMax Black/Grey SS Top,,,,10007965,,,,
2026-04-25 13:40:22,320,Payment,,,,,,,,,,93.92000,Lightspeed Payments,,,,,,,,
2026-04-25 13:11:32,319,Sale,WALKIN,,,3,72.97,6.75,0.00000,0.00000,79.72,,1 X Beli Fama Dress Size + 1 X Paani Luv Blue Floral Skirt / Size S + 1 X Old Navy Beige High Rise Pants / Size 6 + -1 X Discount + 1 X Green Flower Necklace Choker,POS 2,tomderobe@gmail.com,CLOSED,,,,closed,
2026-04-25 13:11:32,319,Sale Line,,,,1.00000,22.99000,2.12658,0.00000,0.00000,25.11658,,Beli Fama Dress Size,,,,10007232,,,,
2026-04-25 13:11:32,319,Sale Line,,,,1.00000,19.00000,1.75750,0.00000,0.00000,20.75750,,Paani Luv Blue Floral Skirt / Size S,,,,10008017,,,,
2026-04-25 13:11:32,319,Sale Line,,,,1.00000,15.99000,1.47908,0.00000,0.00000,17.46908,,Old Navy Beige High Rise Pants / Size 6,,,,10007305,,,,
2026-04-25 13:11:32,319,Sale Line,,,,-1.00000,-5.00000,-0.46250,0.00000,0.00000,-5.46250,,Discount,,,,vend-discount,,,,
2026-04-25 13:11:32,319,Sale Line,,,,1.00000,19.99000,1.84908,0.00000,0.00000,21.83908,,Green Flower Necklace Choker,,,,10007940,,,,
2026-04-25 13:11:21,319,Payment,,,,,,,,,,79.72000,Lightspeed Payments,,,,,,,,
2026-04-25 12:55:30,318,Sale,WALKIN,,,2,72.98,6.75,0.00000,0.00000,79.73,,1 X Le Chateau Leopard Boustier M + 1 X NWT Marc NY Faux Fur Yellow M + -1 X Discount + 1 X D&Y Black Corduroy Hat,POS 2,tomderobe@gmail.com,CLOSED,,,,closed,
2026-04-25 12:55:30,318,Sale Line,,,,1.00000,15.00000,1.38750,0.00000,0.00000,16.38750,,Le Chateau Leopard Boustier M,,,,10007972,,,,
2026-04-25 12:55:30,318,Sale Line,,,,1.00000,35.99000,3.32908,0.00000,0.00000,39.31908,,NWT Marc NY Faux Fur Yellow M,,,,10007628,,,,
2026-04-25 12:55:30,318,Sale Line,,,,-1.00000,-3.00000,-0.27750,0.00000,0.00000,-3.27750,,Discount,,,,vend-discount,,,,
2026-04-25 12:55:30,318,Sale Line,,,,1.00000,24.99000,2.31158,0.00000,0.00000,27.30158,,D&Y Black Corduroy Hat,,,,10007606,,,,
2026-04-25 12:55:11,318,Payment,,,,,,,,,,40.00000,Cash,,,,,,,,
2026-04-25 12:55:21,318,Payment,,,,,,,,,,39.73000,Lightspeed Payments,,,,,,,,
2026-04-25 12:46:48,317,Sale,WALKIN,,,1,55.98,5.18,0.00000,0.00000,61.16,,1 X DraperJNWT/DarkPurpSkirt/SizeL + 1 X sadie&sage/bls/beige/m + -1 X Discount,POS 2,tomderobe@gmail.com,CLOSED,,,,closed,
2026-04-25 12:46:48,317,Sale Line,,,,1.00000,32.99000,3.05158,0.00000,0.00000,36.04158,,DraperJNWT/DarkPurpSkirt/SizeL,,,,10004866,,,,
2026-04-25 12:46:48,317,Sale Line,,,,1.00000,25.99000,2.40408,0.00000,0.00000,28.39408,,sadie&sage/bls/beige/m,,,,10005488,,,,
2026-04-25 12:46:48,317,Sale Line,,,,-1.00000,-3.00000,-0.27750,0.00000,0.00000,-3.27750,,Discount,,,,vend-discount,,,,
2026-04-25 12:46:35,317,Payment,,,,,,,,,,61.16000,Lightspeed Payments,,,,,,,,
2026-04-25 11:25:37,316,Sale,WALKIN,,,0,21.99,2.03,0.00000,0.00000,24.02,,1 X J & X Black Beaded Peacock Scarf + -1 X Discount,POS 2,tomderobe@gmail.com,CLOSED,,,,closed,
2026-04-25 11:25:37,316,Sale Line,,,,1.00000,24.99000,2.31158,0.00000,0.00000,27.30158,,J & X Black Beaded Peacock Scarf,,,,10008008,,,,
2026-04-25 11:25:37,316,Sale Line,,,,-1.00000,-3.00000,-0.27750,0.00000,0.00000,-3.27750,,Discount,,,,vend-discount,,,,
2026-04-25 11:25:19,316,Payment,,,,,,,,,,24.02000,Lightspeed Payments,,,,,,,,
2026-04-25 10:58:50,315,Sale,WALKIN,,,1,36.98,3.42,0.00000,0.00000,40.4,,1 X Slenderella Slip Dress Black Size M + 1 X Harley DavidsonTank Top_Hdaa + -1 X Discount,POS 2,tomderobe@gmail.com,CLOSED,,,,closed,
2026-04-25 10:58:50,315,Sale Line,,,,1.00000,17.99000,1.66408,0.00000,0.00000,19.65408,,Slenderella Slip Dress Black Size M,,,,10003417,,,,
2026-04-25 10:58:50,315,Sale Line,,,,1.00000,21.99000,2.03408,0.00000,0.00000,24.02408,,Harley DavidsonTank Top_Hdaa / Black / XS / abc,,,,10004032,,,,
2026-04-25 10:58:50,315,Sale Line,,,,-1.00000,-3.00000,-0.27750,0.00000,0.00000,-3.27750,,Discount,,,,vend-discount,,,,
2026-04-25 10:58:40,315,Payment,,,,,,,,,,40.40000,Lightspeed Payments,,,,,,,,
2026-04-25 10:53:40,314,Sale,Liz-KHZN,Liz etnier,,1,18.99,1.76,0.00000,0.00000,20.75,,1 X 10002312,POS 2,tomderobe@gmail.com,CLOSED,,,,closed,
2026-04-25 10:53:40,314,Sale Line,,,,1.00000,18.99000,1.75658,0.00000,0.00000,20.74658,,10002312,,,,10008085,,,,
2026-04-25 10:53:40,314,Payment,,,,,,,,,,20.75000,Store Credit,,,,,,,,
2026-04-24 19:44:55,313,Sale,WALKIN,,,1,12.99,1.20,0.00000,0.00000,14.19,,1 X Old Navy White Floral Wrap Top / Size S,POS 2,tomderobe@gmail.com,CLOSED,,,,closed,
2026-04-24 19:44:55,313,Sale Line,,,,1.00000,12.99000,1.20158,0.00000,0.00000,14.19158,,Old Navy White Floral Wrap Top / Size S,,,,10006287,,,,
2026-04-24 19:44:49,313,Payment,,,,,,,,,,14.19000,Lightspeed Payments,,,,,,,,
2026-04-24 19:41:07,312,Sale,WALKIN,,,1,21.99,2.03,0.00000,0.00000,24.02,,1 X Talbots Beige Floral Skirt / Size 2,POS 2,tomderobe@gmail.com,CLOSED,,,,closed,
2026-04-24 19:41:07,312,Sale Line,,,,1.00000,21.99000,2.03408,0.00000,0.00000,24.02408,,Talbots Beige Floral Skirt / Size 2,,,,10007717,,,,
2026-04-24 19:41:00,312,Payment,,,,,,,,,,24.02000,Lightspeed Payments,,,,,,,,
2026-04-24 19:33:31,311,Sale,WALKIN,,,2,62.98,5.83,0.00000,0.00000,68.81,,1 X Nine West Pink Yellow Tie Up Wedges / Size 9 + 1 X Shoreline Pink Purple Dress/Size OS,POS 2,tomderobe@gmail.com,CLOSED,,,,closed,
2026-04-24 19:33:31,311,Sale Line,,,,1.00000,23.99000,2.21908,0.00000,0.00000,26.20908,,Nine West Pink Yellow Tie Up Wedges / Size 9,,,,10007641,,,,
2026-04-24 19:33:31,311,Sale Line,,,,1.00000,38.99000,3.60658,0.00000,0.00000,42.59658,,Shoreline Pink Purple Dress/Size OS,,,,10005824,,,,
2026-04-24 19:33:23,311,Payment,,,,,,,,,,68.81000,Lightspeed Payments,,,,,,,,
2026-04-24 19:06:37,310,Sale,WALKIN,,,2,62.98,5.83,0.00000,0.00000,68.81,,1 X Delias Blue and Floral Dress/Size M + 1 X Comfortiva Pink Sandals/Size 7,POS 2,tomderobe@gmail.com,CLOSED,,,,closed,
2026-04-24 19:06:37,310,Sale Line,,,,1.00000,32.99000,3.05158,0.00000,0.00000,36.04158,,Delias Blue and Floral Dress/Size M,,,,10005832,,,,
2026-04-24 19:06:37,310,Sale Line,,,,1.00000,29.99000,2.77408,0.00000,0.00000,32.76408,,Comfortiva Pink Sandals/Size 7,,,,10007042,,,,
2026-04-24 19:06:15,310,Payment,,,,,,,,,,68.81000,Lightspeed Payments,,,,,,,,
2026-04-24 19:02:43,309,Sale,WALKIN,,,2,50.98,4.72,0.00000,0.00000,55.7,,1 X Easel Grey LS Top Size L + 1 X Nicfazy Green Yellow Dress / Size XL,POS 2,tomderobe@gmail.com,CLOSED,,,,closed,
2026-04-24 19:02:43,309,Sale Line,,,,1.00000,23.99000,2.21908,0.00000,0.00000,26.20908,,Easel Grey LS Top Size L,,,,10007492,,,,
2026-04-24 19:02:43,309,Sale Line,,,,1.00000,26.99000,2.49658,0.00000,0.00000,29.48658,,Nicfazy Green Yellow Dress / Size XL,,,,10003866,,,,
2026-04-24 19:02:41,309,Payment,,,,,,,,,,56.00000,Cash,,,,,,,,
2026-04-24 19:02:43,309,Payment,,,,,,,,,,-0.30000,Cash,,,,,,,,
2026-04-24 17:22:29,308,Sale,WALKIN,,,1,23.99,2.22,0.00000,0.00000,26.21,,1 X Billabong/YellowFlowerSkirt/SizeM,POS 2,tomderobe@gmail.com,CLOSED,,,,closed,
2026-04-24 17:22:29,308,Sale Line,,,,1.00000,23.99000,2.21908,0.00000,0.00000,26.20908,,Billabong/YellowFlowerSkirt/SizeM,,,,10006886,,,,
2026-04-24 17:22:24,308,Payment,,,,,,,,,,50.00000,Cash,,,,,,,,
2026-04-24 17:22:29,308,Payment,,,,,,,,,,-23.79000,Cash,,,,,,,,
2026-04-24 15:50:03,307,Sale,WALKIN,,,2,43.98,4.07,0.00000,0.00000,48.05,,1 X naked zebra navy blouse/s + 1 X Adrianna Papell/ Blouse/ Pink/ Size M,POS 2,tomderobe@gmail.com,CLOSED,,,,closed,
2026-04-24 15:50:03,307,Sale Line,,,,1.00000,15.99000,1.47908,0.00000,0.00000,17.46908,,naked zebra navy blouse/s,,,,10007356,,,,
2026-04-24 15:50:03,307,Sale Line,,,,1.00000,27.99000,2.58908,0.00000,0.00000,30.57908,,Adrianna Papell/ Blouse/ Pink/ Size M,,,,10005046,,,,
2026-04-24 15:49:56,307,Payment,,,,,,,,,,48.05000,Lightspeed Payments,,,,,,,,
2026-04-24 15:16:31,306,Sale,WALKIN,,,1,15.99,1.48,0.00000,0.00000,17.47,,1 X Comfort Blue Acid Wash Tee/Size M,POS 2,tomderobe@gmail.com,CLOSED,,,,closed,
2026-04-24 15:16:31,306,Sale Line,,,,1.00000,15.99000,1.47908,0.00000,0.00000,17.46908,,Comfort Blue Acid Wash Tee/Size M,,,,10004115,,,,
2026-04-24 15:16:26,306,Payment,,,,,,,,,,17.47000,Lightspeed Payments,,,,,,,,
2026-04-24 15:13:34,305,Sale,WALKIN,,,1,22.99,2.13,0.00000,0.00000,25.12,,1 X Tribe Azure Purple Flowly Romper / Size S,POS 2,tomderobe@gmail.com,CLOSED,,,,closed,
2026-04-24 15:13:34,305,Sale Line,,,,1.00000,22.99000,2.12658,0.00000,0.00000,25.11658,,Tribe Azure Purple Flowly Romper / Size S,,,,10006665,,,,
2026-04-24 15:13:29,305,Payment,,,,,,,,,,25.12000,Lightspeed Payments,,,,,,,,
2026-04-24 14:50:46,304,Sale,Athena-LK2S,Athena Eldridge,,2,41.98,3.88,0.00000,0.00000,45.86,,1 X Express Bleus Sage Green Sweatervest / Size L + 1 X Black Pleather Purse Silver Hardware,POS 2,tomderobe@gmail.com,CLOSED,,,,closed,
2026-04-24 14:50:46,304,Sale Line,,,,1.00000,22.99000,2.12658,0.00000,0.00000,25.11658,,Express Bleus Sage Green Sweatervest / Size L,,,,10007011,,,,
2026-04-24 14:50:46,304,Sale Line,,,,1.00000,18.99000,1.75658,0.00000,0.00000,20.74658,,Black Pleather Purse Silver Hardware,,,,10007452,,,,
2026-04-24 14:50:46,304,Payment,,,,,,,,,,45.86000,Store Credit,,,,,,,,
2026-04-24 14:32:31,303,Sale,WALKIN,,,1,17.99,1.66,0.00000,0.00000,19.65,,1 X Brown Leather Belt Red Blue Studs,POS 2,tomderobe@gmail.com,CLOSED,,,,closed,
2026-04-24 14:32:31,303,Sale Line,,,,1.00000,17.99000,1.66408,0.00000,0.00000,19.65408,,Brown Leather Belt Red Blue Studs,,,,10007987,,,,
2026-04-24 14:32:22,303,Payment,,,,,,,,,,19.65000,Lightspeed Payments,,,,,,,,
2026-04-24 14:11:20,302,Sale,WALKIN,,,1,17.99,1.66,0.00000,0.00000,19.65,,1 X NWT H&M Peach Top/Size S,POS 2,tomderobe@gmail.com,CLOSED,,,,closed,
2026-04-24 14:11:20,302,Sale Line,,,,1.00000,17.99000,1.66408,0.00000,0.00000,19.65408,,NWT H&M Peach Top/Size S,,,,10007104,,,,
2026-04-24 14:11:05,302,Payment,,,,,,,,,,19.65000,Lightspeed Payments,,,,,,,,
2026-04-24 14:06:08,301,Sale,WALKIN,,,3,56.97,5.27,0.00000,0.00000,62.24,,1 X Lucky BrandTee Shirt_DI + 1 X NWT Allen B. Dress Size L + 1 X Unknown Black/White Dress Size XL,POS 2,tomderobe@gmail.com,CLOSED,,,,closed,
2026-04-24 14:06:08,301,Sale Line,,,,1.00000,14.99000,1.38658,0.00000,0.00000,16.37658,,Lucky BrandTee Shirt_DI / Pink / XS / 12.94,,,,10002378,,,,
2026-04-24 14:06:08,301,Sale Line,,,,1.00000,28.99000,2.68158,0.00000,0.00000,31.67158,,NWT Allen B. Dress Size L,,,,10007848,,,,
2026-04-24 14:06:08,301,Sale Line,,,,1.00000,12.99000,1.20158,0.00000,0.00000,14.19158,,Unknown Black/White Dress Size XL,,,,10007438,,,,
2026-04-24 14:06:04,301,Payment,,,,,,,,,,65.00000,Cash,,,,,,,,
2026-04-24 14:06:08,301,Payment,,,,,,,,,,-2.76000,Cash,,,,,,,,
2026-04-24 13:58:29,300,Sale,WALKIN,,,2,44.98,4.16,0.00000,0.00000,49.14,,1 X Skims NWTSS Top_Ry + 1 X Nike Knoxville Tshirt / Size XXL,POS 2,tomderobe@gmail.com,CLOSED,,,,closed,
2026-04-24 13:58:29,300,Sale Line,,,,1.00000,24.99000,2.31158,0.00000,0.00000,27.30158,,Skims NWTSS Top_Ry / Black / XL / 13.91,,,,10002572,,,,
2026-04-24 13:58:29,300,Sale Line,,,,1.00000,19.99000,1.84908,0.00000,0.00000,21.83908,,Nike Knoxville Tshirt / Size XXL,,,,10006489,,,,
2026-04-24 13:58:18,300,Payment,,,,,,,,,,49.14000,Lightspeed Payments,,,,,,,,
2026-04-24 13:45:23,299,Sale,Anonymous Customer,,,2,62.98,5.83,0.00000,0.00000,68.81,,1 X Lauren RL White Off Shoulder Top / Size S + 1 X AnnTaylor/Red&WhiFloralSkirt/Size4,POS 2,tomderobe@gmail.com,CLOSED,,,,closed,
2026-04-24 13:45:23,299,Sale Line,,,,1.00000,37.99000,3.51408,0.00000,0.00000,41.50408,,Lauren RL White Off Shoulder Top / Size S,,,,10006966,,,,
2026-04-24 13:45:23,299,Sale Line,,,,1.00000,24.99000,2.31158,0.00000,0.00000,27.30158,,AnnTaylor/Red&WhiFloralSkirt/Size4,,,,10004870,,,,
2026-04-24 13:45:23,299,Payment,,,,,,,,,,68.81000,Store Credit,,,,,,,,
2026-04-23 19:05:48,298,Sale,WALKIN,,,-1,-24.99,-2.31,0.00000,0.00000,-27.3,,-1 X NWT Liz Claiborne Brown Hat,POS 2,tomderobe@gmail.com,CLOSED,,,,closed,
2026-04-23 19:05:48,298,Sale Line,,,,-1.00000,-24.99000,-2.31158,0.00000,0.00000,-27.30158,,NWT Liz Claiborne Brown Hat,,,,10007900,,,,
2026-04-23 19:05:47,298,Payment,,,,,,,,,,-27.30000,Lightspeed Payments,,,,,,,,
2026-04-23 18:54:56,297,Sale,WALKIN,,,1,24.99,2.31,0.00000,0.00000,27.3,,1 X NWT Liz Claiborne Brown Hat,POS 2,tomderobe@gmail.com,CLOSED,,,,closed,
2026-04-23 18:54:56,297,Sale Line,,,,1.00000,24.99000,2.31158,0.00000,0.00000,27.30158,,NWT Liz Claiborne Brown Hat,,,,10007900,,,,
2026-04-23 18:54:28,297,Payment,,,,,,,,,,27.30000,Lightspeed Payments,,,,,,,,
2026-04-23 18:52:14,296,Sale,WALKIN,,,1,32.99,3.05,0.00000,0.00000,36.04,,1 X ASTR White Dress / Size M,POS 2,tomderobe@gmail.com,CLOSED,,,,closed,
2026-04-23 18:52:14,296,Sale Line,,,,1.00000,32.99000,3.05158,0.00000,0.00000,36.04158,,ASTR White Dress / Size M,,,,10007337,,,,
2026-04-23 18:52:07,296,Payment,,,,,,,,,,36.04000,Lightspeed Payments,,,,,,,,
2026-04-23 18:31:51,295,Sale,WALKIN,,,1,79.99,7.40,0.00000,0.00000,87.39,,1 X Harley D. Leather Boots / Size 9.5,POS 2,tomderobe@gmail.com,CLOSED,,,,closed,
2026-04-23 18:31:51,295,Sale Line,,,,1.00000,79.99000,7.39908,0.00000,0.00000,87.38908,,Harley D. Leather Boots / Size 9.5,,,,10004185,,,,
2026-04-23 18:31:43,295,Payment,,,,,,,,,,87.39000,Lightspeed Payments,,,,,,,,
2026-04-23 16:41:34,294,Sale,WALKIN,,,2,37.98,3.51,0.00000,0.00000,41.49,,1 X Sincerely Jules NWT Jean Top / Size L + 1 X Tahari Purple Satin Top / Size L,POS 2,tomderobe@gmail.com,CLOSED,,,,closed,
2026-04-23 16:41:34,294,Sale Line,,,,1.00000,21.99000,2.03408,0.00000,0.00000,24.02408,,Sincerely Jules NWT Jean Top / Size L,,,,10007906,,,,
2026-04-23 16:41:34,294,Sale Line,,,,1.00000,15.99000,1.47908,0.00000,0.00000,17.46908,,Tahari Purple Satin Top / Size L,,,,10005643,,,,
2026-04-23 16:41:28,294,Payment,,,,,,,,,,41.49000,Lightspeed Payments,,,,,,,,
2026-04-23 16:33:27,293,Sale,WALKIN,,,0,14.45,1.34,0.00000,0.00000,15.79,,1 X Hurley Leopard Shorts + -1 X Discount,POS 2,tomderobe@gmail.com,CLOSED,,,,closed,
2026-04-23 16:33:27,293,Sale Line,,,,1.00000,17.00000,1.57250,0.00000,0.00000,18.57250,,Hurley Leopard Shorts,,,,10008025,,,,
2026-04-23 16:33:27,293,Sale Line,,,,-1.00000,-2.55000,-0.23588,0.00000,0.00000,-2.78588,,Discount,,,,vend-discount,,,,
2026-04-23 16:32:45,293,Payment,,,,,,,,,,12.79000,Cash,,,,,,,,
2026-04-23 16:33:20,293,Payment,,,,,,,,,,3.00000,Lightspeed Payments,,,,,,,,
2026-04-23 13:21:00,292,Sale,WALKIN,,,1,22.99,2.13,0.00000,0.00000,25.12,,1 X DKNY/ Embellished Floral Top/ Blk/ Size XL,POS 2,tomderobe@gmail.com,CLOSED,,,,closed,
2026-04-23 13:21:00,292,Sale Line,,,,1.00000,22.99000,2.12658,0.00000,0.00000,25.11658,,DKNY/ Embellished Floral Top/ Blk/ Size XL,,,,10005162,,,,
2026-04-23 13:20:54,292,Payment,,,,,,,,,,25.12000,Lightspeed Payments,,,,,,,,
2026-04-23 12:01:33,291,Sale,WALKIN,,,2,48.98,4.53,0.00000,0.00000,53.51,,1 X Unknown Gray/White/Blk Marbled Top/Size S + 1 X Tahari Satin Gold SL Top Black Ruffle / Size S,POS 2,tomderobe@gmail.com,CLOSED,,,,closed,
2026-04-23 12:01:33,291,Sale Line,,,,1.00000,24.99000,2.31158,0.00000,0.00000,27.30158,,Unknown Gray/White/Blk Marbled Top/Size S,,,,10005371,,,,
2026-04-23 12:01:33,291,Sale Line,,,,1.00000,23.99000,2.21908,0.00000,0.00000,26.20908,,Tahari Satin Gold SL Top Black Ruffle / Size S,,,,10005259,,,,
2026-04-23 12:01:15,291,Payment,,,,,,,,,,53.51000,Lightspeed Payments,,,,,,,,
2026-04-22 18:18:47,290,Sale,WALKIN,,,1,65.99,6.10,0.00000,0.00000,72.09,,1 X Vintage Light Blue Lace Dress/Size M,POS 2,tomderobe@gmail.com,CLOSED,,,,closed,
2026-04-22 18:18:47,290,Sale Line,,,,1.00000,65.99000,6.10408,0.00000,0.00000,72.09408,,Vintage Light Blue Lace Dress/Size M,,,,10006773,,,,
2026-04-22 18:18:38,290,Payment,,,,,,,,,,72.09000,Lightspeed Payments,,,,,,,,
2026-04-22 14:13:55,289,Sale,WALKIN,,,1,22.99,2.13,0.00000,0.00000,25.12,,1 X Harley DavidsonTee Shirt_hdac,POS 2,tomderobe@gmail.com,CLOSED,,,,closed,
2026-04-22 14:13:55,289,Sale Line,,,,1.00000,22.99000,2.12658,0.00000,0.00000,25.11658,,Harley DavidsonTee Shirt_hdac / Black / XL / abc,,,,10004034,,,,
2026-04-22 14:13:48,289,Payment,,,,,,,,,,25.12000,Lightspeed Payments,,,,,,,,
2026-04-22 13:32:43,288,Sale,WALKIN,,,1,16.99,1.57,0.00000,0.00000,18.56,,1 X Chicos Vintage Necklace,POS 2,tomderobe@gmail.com,CLOSED,,,,closed,
2026-04-22 13:32:43,288,Sale Line,,,,1.00000,16.99000,1.57158,0.00000,0.00000,18.56158,,Chicos Vintage Necklace,,,,10007339,,,,
2026-04-22 13:32:36,288,Payment,,,,,,,,,,18.56000,Lightspeed Payments,,,,,,,,
2026-04-22 13:31:43,287,Sale,WALKIN,,,11,480.90,44.48,0.00000,0.00000,525.38,,1 X Pink Butterfly Hat + 1 X SJB Active White Gray Tank / Size S + 1 X Avenue/MulticolSkirt/Size18/20 + 1 X JMcollect/skrt/multibeige/16P + 1 X Coach Fringe Brown Purse AS IS + 1 X La Sensa Ylw&Gry Halter/Size L + 1 X one step/tank/teal/46 + 1 X In BloomCamisole_Je + 1 X Caroline Hill Beige Tank w Fringe / Size L + 1 X Hydraulic Jean Skirt/Size 14 + 1 X New Directions NWT B & W Tank / Size M,POS 2,tomderobe@gmail.com,CLOSED,,,,closed,
2026-04-22 13:31:43,287,Sale Line,,,,1.00000,15.99000,1.47908,0.00000,0.00000,17.46908,,Pink Butterfly Hat,,,,10007601,,,,
2026-04-22 13:31:43,287,Sale Line,,,,1.00000,9.99000,0.92408,0.00000,0.00000,10.91408,,SJB Active White Gray Tank / Size S,,,,10006244,,,,
2026-04-22 13:31:43,287,Sale Line,,,,1.00000,28.99000,2.68158,0.00000,0.00000,31.67158,,Avenue/MulticolSkirt/Size18/20,,,,10006145,,,,
2026-04-22 13:31:43,287,Sale Line,,,,1.00000,27.99000,2.58908,0.00000,0.00000,30.57908,,JMcollect/skrt/multibeige/16P,,,,10004874,,,,
2026-04-22 13:31:43,287,Sale Line,,,,1.00000,275.00000,25.43750,0.00000,0.00000,300.43750,,Coach Fringe Brown Purse AS IS,,,,10005738,,,,
2026-04-22 13:31:43,287,Sale Line,,,,1.00000,24.99000,2.31158,0.00000,0.00000,27.30158,,La Sensa Ylw&Gry Halter/Size L,,,,10003913,,,,
2026-04-22 13:31:43,287,Sale Line,,,,1.00000,22.99000,2.12658,0.00000,0.00000,25.11658,,one step/tank/teal/46,,,,10004877,,,,
2026-04-22 13:31:43,287,Sale Line,,,,1.00000,24.99000,2.31158,0.00000,0.00000,27.30158,,In BloomCamisole_Je / White / L / 13.09,,,,10002408,,,,
2026-04-22 13:31:43,287,Sale Line,,,,1.00000,15.99000,1.47908,0.00000,0.00000,17.46908,,Caroline Hill Beige Tank w Fringe / Size L,,,,10005653,,,,
2026-04-22 13:31:43,287,Sale Line,,,,1.00000,15.99000,1.47908,0.00000,0.00000,17.46908,,Hydraulic Jean Skirt/Size 14,,,,10004503,,,,
2026-04-22 13:31:43,287,Sale Line,,,,1.00000,17.99000,1.66408,0.00000,0.00000,19.65408,,New Directions NWT B & W Tank / Size M,,,,10006508,,,,
2026-04-22 13:31:36,287,Payment,,,,,,,,,,525.38000,Lightspeed Payments,,,,,,,,
2026-04-22 12:42:29,286,Sale,WALKIN,,,3,58.97,5.45,0.00000,0.00000,64.42,,1 X Paper Crane White Pattern Crop Top / Size M + 1 X blue and white long sleeve croptop/medium + 1 X Zara/YllwFloralCutoutDress/SizeM,POS 2,tomderobe@gmail.com,CLOSED,,,,closed,
2026-04-22 12:42:29,286,Sale Line,,,,1.00000,26.99000,2.49658,0.00000,0.00000,29.48658,,Paper Crane White Pattern Crop Top / Size M,,,,10006459,,,,
2026-04-22 12:42:29,286,Sale Line,,,,1.00000,12.99000,1.20158,0.00000,0.00000,14.19158,,blue and white long sleeve croptop/medium,,,,10006187,,,,
2026-04-22 12:42:29,286,Sale Line,,,,1.00000,18.99000,1.75658,0.00000,0.00000,20.74658,,Zara/YllwFloralCutoutDress/SizeM,,,,10007400,,,,
2026-04-22 12:42:20,286,Payment,,,,,,,,,,64.42000,Lightspeed Payments,,,,,,,,
2026-04-19 18:49:25,285,Sale,WALKIN,,,1,24.99,2.31,0.00000,0.00000,27.3,,1 X Kensie/WhitelaceDress/Size10,POS 2,tomderobe@gmail.com,CLOSED,,,,closed,
2026-04-19 18:49:25,285,Sale Line,,,,1.00000,24.99000,2.31158,0.00000,0.00000,27.30158,,Kensie/WhitelaceDress/Size10,,,,10006930,,,,
2026-04-19 18:49:20,285,Payment,,,,,,,,,,27.30000,Lightspeed Payments,,,,,,,,
2026-04-19 18:37:08,284,Sale,WALKIN,,,2,49.98,4.62,0.00000,0.00000,54.6,,1 X MissDorby/BlkWhiPadJacket/Size14 + 1 X TheSak Blk Deena Flap Bag,POS 2,tomderobe@gmail.com,CLOSED,,,,closed,
2026-04-19 18:37:08,284,Sale Line,,,,1.00000,23.99000,2.21908,0.00000,0.00000,26.20908,,MissDorby/BlkWhiPadJacket/Size14,,,,10007762,,,,
2026-04-19 18:37:08,284,Sale Line,,,,1.00000,25.99000,2.40408,0.00000,0.00000,28.39408,,TheSak Blk Deena Flap Bag,,,,10003720,,,,
2026-04-19 18:37:02,284,Payment,,,,,,,,,,54.60000,Lightspeed Payments,,,,,,,,
2026-04-19 18:05:50,283,Sale,WALKIN,,,1,25.99,2.40,0.00000,0.00000,28.39,,1 X ButterflyNecklace,POS 2,tomderobe@gmail.com,CLOSED,,,,closed,
2026-04-19 18:05:50,283,Sale Line,,,,1.00000,25.99000,2.40408,0.00000,0.00000,28.39408,,ButterflyNecklace,,,,10006150,,,,
2026-04-19 18:05:44,283,Payment,,,,,,,,,,28.39000,Lightspeed Payments,,,,,,,,
2026-04-19 18:02:53,282,Sale,WALKIN,,,3,53.97,4.99,0.00000,0.00000,58.96,,1 X Talbots White Button Up Top / Size 6 + 1 X Posty Co Black Tour Tshirt / Size 2XL + 1 X Free People Black Tank Emb / Size M,POS 2,tomderobe@gmail.com,CLOSED,,,,closed,
2026-04-19 18:02:53,282,Sale Line,,,,1.00000,14.99000,1.38658,0.00000,0.00000,16.37658,,Talbots White Button Up Top / Size 6,,,,10007711,,,,
2026-04-19 18:02:53,282,Sale Line,,,,1.00000,19.99000,1.84908,0.00000,0.00000,21.83908,,Posty Co Black Tour Tshirt / Size 2XL,,,,10007916,,,,
2026-04-19 18:02:53,282,Sale Line,,,,1.00000,18.99000,1.75658,0.00000,0.00000,20.74658,,Free People Black Tank Emb / Size M,,,,10006563,,,,
2026-04-19 18:02:41,282,Payment,,,,,,,,,,58.96000,Lightspeed Payments,,,,,,,,
2026-04-19 15:54:55,281,Sale,WALKIN,,,1,85.99,7.95,0.00000,0.00000,93.94,,1 X Desigual Green Denim Sequin Jacket / Size 46,POS 2,tomderobe@gmail.com,CLOSED,,,,closed,
2026-04-19 15:54:55,281,Sale Line,,,,1.00000,85.99000,7.95408,0.00000,0.00000,93.94408,,Desigual Green Denim Sequin Jacket / Size 46,,,,10006553,,,,
2026-04-19 15:54:47,281,Payment,,,,,,,,,,93.94000,Lightspeed Payments,,,,,,,,
2026-04-19 15:49:03,280,Sale,WALKIN,,,1,22.99,2.13,0.00000,0.00000,25.12,,1 X Wild Fable Jean Colorful Skirt / Size 4,POS 2,tomderobe@gmail.com,CLOSED,,,,closed,
2026-04-19 15:49:03,280,Sale Line,,,,1.00000,22.99000,2.12658,0.00000,0.00000,25.11658,,Wild Fable Jean Colorful Skirt / Size 4,,,,10007908,,,,
2026-04-19 15:48:54,280,Payment,,,,,,,,,,25.12000,Lightspeed Payments,,,,,,,,
2026-04-19 15:46:16,279,Sale,WALKIN,,,1,34.99,3.24,0.00000,0.00000,38.23,,1 X J Crew Pink Orange Floral SL Long Dress / Size XS,POS 2,tomderobe@gmail.com,CLOSED,,,,closed,
2026-04-19 15:46:16,279,Sale Line,,,,1.00000,34.99000,3.23658,0.00000,0.00000,38.22658,,J Crew Pink Orange Floral SL Long Dress / Size XS,,,,10007777,,,,
2026-04-19 15:46:11,279,Payment,,,,,,,,,,38.23000,Lightspeed Payments,,,,,,,,
2026-04-19 14:55:22,278,Sale,WALKIN,,,1,14.99,1.39,0.00000,0.00000,16.38,,1 X lucky brand/tank/blue/s,POS 2,tomderobe@gmail.com,CLOSED,,,,closed,
2026-04-19 14:55:22,278,Sale Line,,,,1.00000,14.99000,1.38658,0.00000,0.00000,16.37658,,lucky brand/tank/blue/s,,,,10003610,,,,
2026-04-19 14:55:16,278,Payment,,,,,,,,,,16.38000,Lightspeed Payments,,,,,,,,
2026-04-19 14:49:24,277,Sale,WALKIN,,,1,14.99,1.39,0.00000,0.00000,16.38,,1 X Next Brown Belt,POS 2,tomderobe@gmail.com,CLOSED,,,,closed,
2026-04-19 14:49:24,277,Sale Line,,,,1.00000,14.99000,1.38658,0.00000,0.00000,16.37658,,Next Brown Belt,,,,10006382,,,,
2026-04-19 14:49:13,277,Payment,,,,,,,,,,16.38000,Lightspeed Payments,,,,,,,,
2026-04-19 14:31:40,276,Sale,WALKIN,,,1,29.99,2.77,0.00000,0.00000,32.76,,1 X Madewell Brown Loafer Size 7 1/2,POS 2,tomderobe@gmail.com,CLOSED,,,,closed,
2026-04-19 14:31:40,276,Sale Line,,,,1.00000,29.99000,2.77408,0.00000,0.00000,32.76408,,Madewell Brown Loafer Size 7 1/2,,,,10003355,,,,
2026-04-19 14:31:32,276,Payment,,,,,,,,,,32.76000,Lightspeed Payments,,,,,,,,
2026-04-19 14:25:17,275,Sale,WALKIN,,,1,24.99,2.31,0.00000,0.00000,27.3,,1 X Bailey44/Sheer Blouse/Blk/Size S,POS 2,tomderobe@gmail.com,CLOSED,,,,closed,
2026-04-19 14:25:17,275,Sale Line,,,,1.00000,24.99000,2.31158,0.00000,0.00000,27.30158,,Bailey44/Sheer Blouse/Blk/Size S,,,,10005029,,,,
2026-04-19 14:25:10,275,Payment,,,,,,,,,,27.30000,Lightspeed Payments,,,,,,,,
2026-04-19 14:06:55,274,Sale,WALKIN,,,1,19.99,1.85,0.00000,0.00000,21.84,,1 X Light Wash Jean Vest / Size XL,POS 2,tomderobe@gmail.com,CLOSED,,,,closed,
2026-04-19 14:06:55,274,Sale Line,,,,1.00000,19.99000,1.84908,0.00000,0.00000,21.83908,,Light Wash Jean Vest / Size XL,,,,10006689,,,,
2026-04-19 14:06:48,274,Payment,,,,,,,,,,21.84000,Lightspeed Payments,,,,,,,,
2026-04-19 13:55:51,273,Sale,WALKIN,,,2,42.98,3.98,0.00000,0.00000,46.96,,1 X Hawaiian Punch Tee Shirt + 1 X Hem & Thread Cheetah Tank / Size L,POS 2,tomderobe@gmail.com,CLOSED,,,,closed,
2026-04-19 13:55:51,273,Sale Line,,,,1.00000,19.99000,1.84908,0.00000,0.00000,21.83908,,Hawaiian Punch Tee Shirt,,,,10003562,,,,
2026-04-19 13:55:51,273,Sale Line,,,,1.00000,22.99000,2.12658,0.00000,0.00000,25.11658,,Hem & Thread Cheetah Tank / Size L,,,,10007918,,,,
2026-04-19 13:55:44,273,Payment,,,,,,,,,,46.96000,Lightspeed Payments,,,,,,,,
2026-04-19 13:51:34,272,Sale,WALKIN,,,2,48.98,4.53,0.00000,0.00000,53.51,,1 X U.a./ Fringe Top/Size S + 1 X BCBG Tan Crochet SL Peplum Top / Size S,POS 2,tomderobe@gmail.com,CLOSED,,,,closed,
2026-04-19 13:51:34,272,Sale Line,,,,1.00000,25.99000,2.40408,0.00000,0.00000,28.39408,,U.a./ Fringe Top/Size S,,,,10003703,,,,
2026-04-19 13:51:34,272,Sale Line,,,,1.00000,22.99000,2.12658,0.00000,0.00000,25.11658,,BCBG Tan Crochet SL Peplum Top / Size S,,,,10005503,,,,
2026-04-19 13:51:27,272,Payment,,,,,,,,,,53.51000,Lightspeed Payments,,,,,,,,
2026-04-19 13:45:39,271,Sale,WALKIN,,,1,14.99,1.39,0.00000,0.00000,16.38,,1 X Merit/BrownBag,POS 2,tomderobe@gmail.com,CLOSED,,,,closed,
2026-04-19 13:45:39,271,Sale Line,,,,1.00000,14.99000,1.38658,0.00000,0.00000,16.37658,,Merit/BrownBag,,,,10007765,,,,
2026-04-19 13:45:26,271,Payment,,,,,,,,,,16.38000,Lightspeed Payments,,,,,,,,
2026-04-19 13:23:03,270,Sale,WALKIN,,,1,23.99,2.22,0.00000,0.00000,26.21,,1 X Banana Republic Black SL Dress / Size 6,POS 2,tomderobe@gmail.com,CLOSED,,,,closed,
2026-04-19 13:23:03,270,Sale Line,,,,1.00000,23.99000,2.21908,0.00000,0.00000,26.20908,,Banana Republic Black SL Dress / Size 6,,,,10007215,,,,
2026-04-19 13:22:55,270,Payment,,,,,,,,,,26.21000,Lightspeed Payments,,,,,,,,
2026-04-19 11:38:43,269,Sale,WALKIN,,,1,32.99,3.05,0.00000,0.00000,36.04,,1 X Maeve/PinkPatternDress/SizeXL,POS 2,tomderobe@gmail.com,CLOSED,,,,closed,
2026-04-19 11:38:43,269,Sale Line,,,,1.00000,32.99000,3.05158,0.00000,0.00000,36.04158,,Maeve/PinkPatternDress/SizeXL,,,,10005410,,,,
2026-04-19 11:38:32,269,Payment,,,,,,,,,,36.04000,Lightspeed Payments,,,,,,,,
2026-04-18 19:47:48,268,Sale,WALKIN,,,2,39.98,3.70,0.00000,0.00000,43.68,,1 X JackWills/JeanShort/Size6 + 1 X Ann Taylor Red Purse,POS 2,tomderobe@gmail.com,CLOSED,,,,closed,
2026-04-18 19:47:48,268,Sale Line,,,,1.00000,19.99000,1.84908,0.00000,0.00000,21.83908,,JackWills/JeanShort/Size6,,,,10006868,,,,
2026-04-18 19:47:48,268,Sale Line,,,,1.00000,19.99000,1.84908,0.00000,0.00000,21.83908,,Ann Taylor Red Purse,,,,10007453,,,,
2026-04-18 19:47:44,268,Payment,,,,,,,,,,45.00000,Cash,,,,,,,,
2026-04-18 19:47:48,268,Payment,,,,,,,,,,-1.32000,Cash,,,,,,,,
2026-04-18 19:41:54,267,Sale,WALKIN,,,3,81.97,7.58,0.00000,0.00000,89.55,,1 X Zara/ Wrap Dress/ Pnk/ Size L + 1 X Free People Tunic White / Size L + 1 X HerENSG/OrangeButtonRomper/SizeL,POS 2,tomderobe@gmail.com,CLOSED,,,,closed,
2026-04-18 19:41:54,267,Sale Line,,,,1.00000,24.99000,2.31158,0.00000,0.00000,27.30158,,Zara/ Wrap Dress/ Pnk/ Size L,,,,10005441,,,,
2026-04-18 19:41:54,267,Sale Line,,,,1.00000,26.99000,2.49658,0.00000,0.00000,29.48658,,Free People Tunic White / Size L,,,,10006768,,,,
2026-04-18 19:41:54,267,Sale Line,,,,1.00000,29.99000,2.77408,0.00000,0.00000,32.76408,,HerENSG/OrangeButtonRomper/SizeL,,,,10007701,,,,
2026-04-18 19:41:13,267,Payment,,,,,,,,,,89.55000,Lightspeed Payments,,,,,,,,
2026-04-18 19:23:12,266,Sale,WALKIN,,,2,38.99,3.61,0.00000,0.00000,42.6,,1 X BDG Jean Skirt / Size S + 1 X Rebellion Again Floral Top / Size S,POS 2,tomderobe@gmail.com,CLOSED,,,,closed,
2026-04-18 19:23:12,266,Sale Line,,,,1.00000,16.00000,1.48000,0.00000,0.00000,17.48000,,BDG Jean Skirt / Size S,,,,10006675,,,,
2026-04-18 19:23:12,266,Sale Line,,,,1.00000,22.99000,2.12658,0.00000,0.00000,25.11658,,Rebellion Again Floral Top / Size S,,,,10006280,,,,
2026-04-18 19:23:06,266,Payment,,,,,,,,,,42.60000,Lightspeed Payments,,,,,,,,
2026-04-18 19:09:29,265,Sale,WALKIN,,,4,157.96,14.61,0.00000,0.00000,172.57,,1 X ZacXRachel/GreenLaceTop/Size2X + 1 X NWT Diane Gilman Bluejeans Size 16 + 1 X Exclusive/MulticolLongSlve/SizeL + 1 X desigual black sweater jean jacket/46,POS 2,tomderobe@gmail.com,CLOSED,,,,closed,
2026-04-18 19:09:29,265,Sale Line,,,,1.00000,18.99000,1.75658,0.00000,0.00000,20.74658,,ZacXRachel/GreenLaceTop/Size2X,,,,10005288,,,,
2026-04-18 19:09:29,265,Sale Line,,,,1.00000,27.99000,2.58908,0.00000,0.00000,30.57908,,NWT Diane Gilman Bluejeans Size 16,,,,10003449,,,,
2026-04-18 19:09:29,265,Sale Line,,,,1.00000,24.99000,2.31158,0.00000,0.00000,27.30158,,Exclusive/MulticolLongSlve/SizeL,,,,10005776,,,,
2026-04-18 19:09:29,265,Sale Line,,,,1.00000,85.99000,7.95408,0.00000,0.00000,93.94408,,desigual black sweater jean jacket/46,,,,10006440,,,,
2026-04-18 19:09:24,265,Payment,,,,,,,,,,172.57000,Lightspeed Payments,,,,,,,,
2026-04-18 18:15:32,264,Sale,WALKIN,,,2,75.98,7.03,0.00000,0.00000,83.01,,1 X VINTAGE Beige Slip Dress Embr / Size S + 1 X Victoria's S Black Corset Top / Size M,POS 2,tomderobe@gmail.com,CLOSED,,,,closed,
2026-04-18 18:15:32,264,Sale Line,,,,1.00000,39.99000,3.69908,0.00000,0.00000,43.68908,,VINTAGE Beige Slip Dress Embr / Size S,,,,10004535,,,,
2026-04-18 18:15:32,264,Sale Line,,,,1.00000,35.99000,3.32908,0.00000,0.00000,39.31908,,Victoria's S Black Corset Top / Size M,,,,10006757,,,,
2026-04-18 18:15:17,264,Payment,,,,,,,,,,83.01000,Lightspeed Payments,,,,,,,,
2026-04-18 18:07:46,263,Sale,WALKIN,,,1,225.00,20.81,0.00000,0.00000,245.81,,1 X Coach Black Leather Purse,POS 2,tomderobe@gmail.com,CLOSED,,,,closed,
2026-04-18 18:07:46,263,Sale Line,,,,1.00000,225.00000,20.81250,0.00000,0.00000,245.81250,,Coach Black Leather Purse,,,,10005607,,,,
2026-04-18 18:07:39,263,Payment,,,,,,,,,,245.81000,Lightspeed Payments,,,,,,,,
2026-04-18 17:33:31,262,Sale,WALKIN,,,1,27.99,2.59,0.00000,0.00000,30.58,,1 X XXZ Black Red Dot SL Dress / Size S,POS 2,tomderobe@gmail.com,CLOSED,,,,closed,
2026-04-18 17:33:31,262,Sale Line,,,,1.00000,27.99000,2.58908,0.00000,0.00000,30.57908,,XXZ Black Red Dot SL Dress / Size S,,,,10007772,,,,
2026-04-18 17:33:21,262,Payment,,,,,,,,,,30.58000,Lightspeed Payments,,,,,,,,
2026-04-18 17:26:28,261,Sale,WALKIN,,,11,252.41,23.35,0.00000,0.00000,275.76,,1 X Love Riche + 1 X PamelaStewart/BlkstrapTop/SizeL + 1 X Vintage1978AvonShimmeringSands + 1 X Pink Snakeskin Belt + 1 X Rose Pink Half Circle Earrings + 1 X David&Young/BeadedBeachHat + 1 X Leather Strap Medallion Necklace + 1 X Gold/White Necklace + 1 X Urban Outfitters Multi Color SL Dress / Size M + 1 X Silver bracelet/ silbver + 1 X Bluebracelet/blue,POS 2,tomderobe@gmail.com,CLOSED,,,,closed,
2026-04-18 17:26:28,261,Sale Line,,,,1.00000,28.99000,2.68158,0.00000,0.00000,31.67158,,Love Riche,,,,10007161,,,,
2026-04-18 17:26:28,261,Sale Line,,,,1.00000,24.99000,2.31158,0.00000,0.00000,27.30158,,PamelaStewart/BlkstrapTop/SizeL,,,,10006359,,,,
2026-04-18 17:26:28,261,Sale Line,,,,1.00000,31.99000,2.95908,0.00000,0.00000,34.94908,,Vintage1978AvonShimmeringSands,,,,10006153,,,,
2026-04-18 17:26:28,261,Sale Line,,,,1.00000,9.99000,0.92408,0.00000,0.00000,10.91408,,Pink Snakeskin Belt,,,,10003709,,,,
2026-04-18 17:26:28,261,Sale Line,,,,1.00000,8.50000,0.78625,0.00000,0.00000,9.28625,,Rose Pink Half Circle Earrings,,,,10005587,,,,
2026-04-18 17:26:28,261,Sale Line,,,,1.00000,15.99000,1.47908,0.00000,0.00000,17.46908,,David&Young/BeadedBeachHat,,,,10007414,,,,
2026-04-18 17:26:28,261,Sale Line,,,,1.00000,21.99000,2.03408,0.00000,0.00000,24.02408,,Leather Strap Medallion Necklace,,,,10007844,,,,
2026-04-18 17:26:28,261,Sale Line,,,,1.00000,15.99000,1.47908,0.00000,0.00000,17.46908,,Gold/White Necklace,,,,10004219,,,,
2026-04-18 17:26:28,261,Sale Line,,,,1.00000,22.99000,2.12658,0.00000,0.00000,25.11658,,Urban Outfitters Multi Color SL Dress / Size M,,,,10005514,,,,
2026-04-18 17:26:28,261,Sale Line,,,,1.00000,55.00000,5.08750,0.00000,0.00000,60.08750,,Silver bracelet/ silbver,,,,10007891,,,,
2026-04-18 17:26:28,261,Sale Line,,,,1.00000,15.99000,1.47908,0.00000,0.00000,17.46908,,Bluebracelet/blue,,,,10007892,,,,
2026-04-18 17:26:22,261,Payment,,,,,,,,,,275.76000,Lightspeed Payments,,,,,,,,
2026-04-18 16:24:57,260,Sale,WALKIN,,,1,12.00,1.11,0.00000,0.00000,13.11,,1 X Cisos Design Brown Sleeveless 8,POS 2,tomderobe@gmail.com,CLOSED,,,,closed,
2026-04-18 16:24:57,260,Sale Line,,,,1.00000,12.00000,1.11000,0.00000,0.00000,13.11000,,Cisos Design Brown Sleeveless 8,,,,10007548,,,,
2026-04-18 16:24:46,260,Payment,,,,,,,,,,13.11000,Lightspeed Payments,,,,,,,,
2026-04-18 16:19:08,259,Sale,WALKIN,,,3,101.96,9.43,0.00000,0.00000,111.39,,1 X Kenneth Cole Brown Boots Size 8 + 1 X unknown/belt/bwn sprk + 1 X Pink Orange Skirt White Flowers Skirt / Size 8 + 1 X Nine West Green Flats/ Size 8 + -1 X Discount,POS 2,tomderobe@gmail.com,CLOSED,,,,closed,
2026-04-18 16:19:08,259,Sale Line,,,,1.00000,24.99000,2.31158,0.00000,0.00000,27.30158,,Kenneth Cole Brown Boots Size 8,,,,10007827,,,,
2026-04-18 16:19:08,259,Sale Line,,,,1.00000,32.99000,3.05158,0.00000,0.00000,36.04158,,unknown/belt/bwn sprk,,,,10004686,,,,
2026-04-18 16:19:08,259,Sale Line,,,,1.00000,28.99000,2.68158,0.00000,0.00000,31.67158,,Pink Orange Skirt White Flowers Skirt / Size 8,,,,10004962,,,,
2026-04-18 16:19:08,259,Sale Line,,,,1.00000,19.99000,1.84908,0.00000,0.00000,21.83908,,Nine West Green Flats/ Size 8,,,,10007043,,,,
2026-04-18 16:19:08,259,Sale Line,,,,-1.00000,-5.00000,-0.46250,0.00000,0.00000,-5.46250,,Discount,,,,vend-discount,,,,
2026-04-18 16:19:01,259,Payment,,,,,,,,,,111.39000,Lightspeed Payments,,,,,,,,
2026-04-18 15:45:13,258,Sale,WALKIN,,,1,29.99,2.77,0.00000,0.00000,32.76,,1 X Fossil Yellow Leather Belt/Size S,POS 2,tomderobe@gmail.com,CLOSED,,,,closed,
2026-04-18 15:45:13,258,Sale Line,,,,1.00000,29.99000,2.77408,0.00000,0.00000,32.76408,,Fossil Yellow Leather Belt/Size S,,,,10004067,,,,
2026-04-18 15:44:54,258,Payment,,,,,,,,,,32.76000,Lightspeed Payments,,,,,,,,
2026-04-18 15:39:36,257,Sale,WALKIN,,,3,81.97,7.58,0.00000,0.00000,89.55,,1 X Zara Sleeveless Bodysuit/ Blk & Blue Size M + 1 X JBD/skrt/denim/M + 1 X Mink Pink Multicolor SL Dress / Size S,POS 2,tomderobe@gmail.com,CLOSED,,,,closed,
2026-04-18 15:39:36,257,Sale Line,,,,1.00000,24.99000,2.31158,0.00000,0.00000,27.30158,,Zara Sleeveless Bodysuit/ Blk & Blue Size M,,,,10007028,,,,
2026-04-18 15:39:36,257,Sale Line,,,,1.00000,16.99000,1.57158,0.00000,0.00000,18.56158,,JBD/skrt/denim/M,,,,10004876,,,,
2026-04-18 15:39:36,257,Sale Line,,,,1.00000,39.99000,3.69908,0.00000,0.00000,43.68908,,Mink Pink Multicolor SL Dress / Size S,,,,10006691,,,,
2026-04-18 15:39:29,257,Payment,,,,,,,,,,89.55000,Lightspeed Payments,,,,,,,,
2026-04-18 15:29:58,256,Sale,WALKIN,,,1,26.99,2.50,0.00000,0.00000,29.49,,1 X ThadiaSoli/DenimFlowerSkirt/Size13/14,POS 2,tomderobe@gmail.com,CLOSED,,,,closed,
2026-04-18 15:29:58,256,Sale Line,,,,1.00000,26.99000,2.49658,0.00000,0.00000,29.48658,,ThadiaSoli/DenimFlowerSkirt/Size13/14,,,,10006908,,,,
2026-04-18 15:29:51,256,Payment,,,,,,,,,,29.49000,Lightspeed Payments,,,,,,,,
2026-04-18 14:51:09,255,Sale,WALKIN,,,2,58.98,5.46,0.00000,0.00000,64.44,,1 X billa bong/bls/pnk/sp + 1 X SeeYouMon/PnkAsymTubeTop/SizeL,POS 2,tomderobe@gmail.com,CLOSED,,,,closed,
2026-04-18 14:51:09,255,Sale Line,,,,1.00000,25.99000,2.40408,0.00000,0.00000,28.39408,,billa bong/bls/pnk/sp,,,,10005476,,,,
2026-04-18 14:51:09,255,Sale Line,,,,1.00000,32.99000,3.05158,0.00000,0.00000,36.04158,,SeeYouMon/PnkAsymTubeTop/SizeL,,,,10006364,,,,
2026-04-18 14:51:02,255,Payment,,,,,,,,,,64.44000,Lightspeed Payments,,,,,,,,
2026-04-18 14:05:49,254,Sale,WALKIN,,,1,29.99,2.77,0.00000,0.00000,32.76,,1 X Bar III Floral Skirt/ Size XXL,POS 2,tomderobe@gmail.com,CLOSED,,,,closed,
2026-04-18 14:05:49,254,Sale Line,,,,1.00000,29.99000,2.77408,0.00000,0.00000,32.76408,,Bar III Floral Skirt/ Size XXL,,,,10007031,,,,
2026-04-18 14:05:43,254,Payment,,,,,,,,,,32.76000,Lightspeed Payments,,,,,,,,
2026-04-18 13:35:37,253,Sale,WALKIN,,,3,59.97,5.55,0.00000,0.00000,65.52,,1 X Chinese Laundry Brown Mules Size 9 + 1 X Altard State Dress Brown Size L + 1 X The Rolling StonesTee Shirt_Ch,POS 2,tomderobe@gmail.com,CLOSED,,,,closed,
2026-04-18 13:35:37,253,Sale Line,,,,1.00000,22.99000,2.12658,0.00000,0.00000,25.11658,,Chinese Laundry Brown Mules Size 9,,,,10007082,,,,
2026-04-18 13:35:37,253,Sale Line,,,,1.00000,24.99000,2.31158,0.00000,0.00000,27.30158,,Altard State Dress Brown Size L,,,,10007190,,,,
2026-04-18 13:35:37,253,Sale Line,,,,1.00000,11.99000,1.10908,0.00000,0.00000,13.09908,,The Rolling StonesTee Shirt_Ch / Black / L / 15.47,,,,10002883,,,,
2026-04-18 13:35:29,253,Payment,,,,,,,,,,65.52000,Lightspeed Payments,,,,,,,,
2026-04-18 13:07:03,252,Sale,WALKIN,,,2,120.98,11.19,0.00000,0.00000,132.17,,1 X VINTAGE Blue Pattern LS Dress / Size 12 + 1 X SterlingSilverTigersEyeRing,POS 2,tomderobe@gmail.com,CLOSED,,,,closed,
2026-04-18 13:07:03,252,Sale Line,,,,1.00000,34.99000,3.23658,0.00000,0.00000,38.22658,,VINTAGE Blue Pattern LS Dress / Size 12,,,,10005966,,,,
2026-04-18 13:07:03,252,Sale Line,,,,1.00000,85.99000,7.95408,0.00000,0.00000,93.94408,,SterlingSilverTigersEyeRing,,,,10007382,,,,
2026-04-18 13:06:53,252,Payment,,,,,,,,,,132.17000,Lightspeed Payments,,,,,,,,
2026-04-18 12:48:49,251,Sale,WALKIN,,,3,55.97,5.18,0.00000,0.00000,61.15,,1 X UJA/ Collar Shirt/ Grey/ Size M + 1 X Loft Green Front Pocket Skirt + 1 X Signals Mulit-Color Pants Size L,POS 2,tomderobe@gmail.com,CLOSED,,,,closed,
2026-04-18 12:48:49,251,Sale Line,,,,1.00000,22.99000,2.12658,0.00000,0.00000,25.11658,,UJA/ Collar Shirt/ Grey/ Size M,,,,10005149,,,,
2026-04-18 12:48:49,251,Sale Line,,,,1.00000,19.99000,1.84908,0.00000,0.00000,21.83908,,Loft Green Front Pocket Skirt / Green / 6 / abc,,,,10003294,,,,
2026-04-18 12:48:49,251,Sale Line,,,,1.00000,12.99000,1.20158,0.00000,0.00000,14.19158,,Signals Mulit-Color Pants Size L,,,,10007442,,,,
2026-04-18 12:48:41,251,Payment,,,,,,,,,,61.15000,Lightspeed Payments,,,,,,,,
2026-04-18 12:27:12,250,Sale,WALKIN,,,1,25.99,2.40,0.00000,0.00000,28.39,,1 X Loveriche Brown Skirt/ Size S,POS 2,tomderobe@gmail.com,CLOSED,,,,closed,
2026-04-18 12:27:12,250,Sale Line,,,,1.00000,25.99000,2.40408,0.00000,0.00000,28.39408,,Loveriche Brown Skirt/ Size S,,,,10004353,,,,
2026-04-18 12:26:53,250,Payment,,,,,,,,,,28.39000,Lightspeed Payments,,,,,,,,
2026-04-18 12:20:42,249,Sale,WALKIN,,,1,55.98,5.18,0.00000,0.00000,61.16,,1 X TH Los Angeles Brown & Beige Dress / Size S + 1 X Stella Dot White Cabochon Pendant Necklace + -1 X Discount,POS 2,tomderobe@gmail.com,CLOSED,,,,closed,
2026-04-18 12:20:42,249,Sale Line,,,,1.00000,32.99000,3.05158,0.00000,0.00000,36.04158,,TH Los Angeles Brown & Beige Dress / Size S,,,,10006659,,,,
2026-04-18 12:20:42,249,Sale Line,,,,1.00000,25.99000,2.40408,0.00000,0.00000,28.39408,,Stella Dot White Cabochon Pendant Necklace,,,,10007102,,,,
2026-04-18 12:20:42,249,Sale Line,,,,-1.00000,-3.00000,-0.27750,0.00000,0.00000,-3.27750,,Discount,,,,vend-discount,,,,
2026-04-18 12:20:38,249,Payment,,,,,,,,,,61.16000,Lightspeed Payments,,,,,,,,
2026-04-18 12:19:53,248,Sale,WALKIN,,,0,24.99,2.31,0.00000,0.00000,27.3,,1 X Monteau White Lace Shorts Size L + -1 X Discount,POS 2,tomderobe@gmail.com,CLOSED,,,,closed,
2026-04-18 12:19:53,248,Sale Line,,,,1.00000,27.99000,2.58908,0.00000,0.00000,30.57908,,Monteau White Lace Shorts Size L,,,,10007613,,,,
2026-04-18 12:19:53,248,Sale Line,,,,-1.00000,-3.00000,-0.27750,0.00000,0.00000,-3.27750,,Discount,,,,vend-discount,,,,
2026-04-18 12:19:08,248,Payment,,,,,,,,,,27.30000,Lightspeed Payments,,,,,,,,
2026-04-18 12:03:37,247,Sale,WALKIN,,,1,89.98,8.32,0.00000,0.00000,98.3,,1 X Michael Kors Brown Little Bag w Tassel + 1 X Turquoise Color Silver Ring + -1 X Discount,POS 2,tomderobe@gmail.com,CLOSED,,,,closed,
2026-04-18 12:03:37,247,Sale Line,,,,1.00000,85.99000,7.95408,0.00000,0.00000,93.94408,,Michael Kors Brown Little Bag w Tassel,,,,10005941,,,,
2026-04-18 12:03:37,247,Sale Line,,,,1.00000,8.99000,0.83158,0.00000,0.00000,9.82158,,Turquoise Color Silver Ring,,,,10007407,,,,
2026-04-18 12:03:37,247,Sale Line,,,,-1.00000,-5.00000,-0.46250,0.00000,0.00000,-5.46250,,Discount,,,,vend-discount,,,,
2026-04-18 12:03:31,247,Payment,,,,,,,,,,98.30000,Lightspeed Payments,,,,,,,,
2026-04-18 11:58:14,246,Sale,WALKIN,,,1,32.99,3.05,0.00000,0.00000,36.04,,1 X Sensation Denim Dress/Size XL,POS 2,tomderobe@gmail.com,CLOSED,,,,closed,
2026-04-18 11:58:14,246,Sale Line,,,,1.00000,32.99000,3.05158,0.00000,0.00000,36.04158,,Sensation Denim Dress/Size XL,,,,10005833,,,,
2026-04-18 11:58:05,246,Payment,,,,,,,,,,36.04000,Lightspeed Payments,,,,,,,,
2026-04-18 11:26:56,245,Sale,WALKIN,,,0,25.99,2.40,0.00000,0.00000,28.39,,1 X Schutz Black Woven Flats / Size 9.5 + -1 X Discount,POS 2,tomderobe@gmail.com,CLOSED,,,,closed,
2026-04-18 11:26:56,245,Sale Line,,,,1.00000,28.99000,2.68158,0.00000,0.00000,31.67158,,Schutz Black Woven Flats / Size 9.5,,,,10007359,,,,
2026-04-18 11:26:56,245,Sale Line,,,,-1.00000,-3.00000,-0.27750,0.00000,0.00000,-3.27750,,Discount,,,,vend-discount,,,,
2026-04-18 11:26:51,245,Payment,,,,,,,,,,28.39000,Lightspeed Payments,,,,,,,,
2026-04-18 11:22:07,244,Sale,WALKIN,,,1,28.99,2.68,0.00000,0.00000,31.67,,1 X Altardstateorangeandwhitecheckeredshort/xs,POS 2,tomderobe@gmail.com,CLOSED,,,,closed,
2026-04-18 11:22:07,244,Sale Line,,,,1.00000,28.99000,2.68158,0.00000,0.00000,31.67158,,Altardstateorangeandwhitecheckeredshort/xs,,,,10007350,,,,
2026-04-18 11:21:37,244,Payment,,,,,,,,,,31.67000,Lightspeed Payments,,,,,,,,
2026-04-17 19:47:49,243,Sale,WALKIN,,,1,25.99,2.40,0.00000,0.00000,28.39,,1 X Heart Soul Light Pink & Black Blouse / Size S,POS 2,tomderobe@gmail.com,CLOSED,,,,closed,
2026-04-17 19:47:49,243,Sale Line,,,,1.00000,25.99000,2.40408,0.00000,0.00000,28.39408,,Heart Soul Light Pink & Black Blouse / Size S,,,,10005755,,,,
2026-04-17 19:47:42,243,Payment,,,,,,,,,,28.39000,Lightspeed Payments,,,,,,,,
2026-04-17 19:46:41,242,Sale,WALKIN,,,1,18.99,1.76,0.00000,0.00000,20.75,,1 X Brighton Silver Necklace,POS 2,tomderobe@gmail.com,CLOSED,,,,closed,
2026-04-17 19:46:41,242,Sale Line,,,,1.00000,18.99000,1.75658,0.00000,0.00000,20.74658,,Brighton Silver Necklace,,,,10007342,,,,
2026-04-17 19:46:34,242,Payment,,,,,,,,,,20.75000,Lightspeed Payments,,,,,,,,
2026-04-17 18:54:24,241,Sale,WALKIN,,,1,29.00,2.68,0.00000,0.00000,31.68,,1 X Sezane Black/White Pants S,POS 2,tomderobe@gmail.com,CLOSED,,,,closed,
2026-04-17 18:54:24,241,Sale Line,,,,1.00000,29.00000,2.68250,0.00000,0.00000,31.68250,,Sezane Black/White Pants S,,,,10007881,,,,
2026-04-17 18:54:17,241,Payment,,,,,,,,,,31.68000,Lightspeed Payments,,,,,,,,
2026-04-17 15:42:15,240,Sale,WALKIN,,,1,36.98,3.42,0.00000,0.00000,40.4,,1 X express/jckt/dnm/s + 1 X Patrons of Peace Top/ Floral Beige and Pink/Size XS + -1 X Discount,POS 2,tomderobe@gmail.com,CLOSED,,,,closed,
2026-04-17 15:42:15,240,Sale Line,,,,1.00000,14.99000,1.38658,0.00000,0.00000,16.37658,,express/jckt/dnm/s,,,,10004882,,,,
2026-04-17 15:42:15,240,Sale Line,,,,1.00000,24.99000,2.31158,0.00000,0.00000,27.30158,,Patrons of Peace Top/ Floral Beige and Pink/Size XS,,,,10005820,,,,
2026-04-17 15:42:15,240,Sale Line,,,,-1.00000,-3.00000,-0.27750,0.00000,0.00000,-3.27750,,Discount,,,,vend-discount,,,,
2026-04-17 15:42:08,240,Payment,,,,,,,,,,40.40000,Lightspeed Payments,,,,,,,,
2026-04-17 14:30:36,239,Sale,WALKIN,,,2,37.98,3.51,0.00000,0.00000,41.49,,1 X Nakamol Stone Wrap Bracelet + 1 X WW Black Snakeskin Belt / Size 2X,POS 2,tomderobe@gmail.com,CLOSED,,,,closed,
2026-04-17 14:30:36,239,Sale Line,,,,1.00000,18.99000,1.75658,0.00000,0.00000,20.74658,,Nakamol Stone Wrap Bracelet,,,,10007343,,,,
2026-04-17 14:30:36,239,Sale Line,,,,1.00000,18.99000,1.75658,0.00000,0.00000,20.74658,,WW Black Snakeskin Belt / Size 2X,,,,10006388,,,,
2026-04-17 14:30:28,239,Payment,,,,,,,,,,41.49000,Lightspeed Payments,,,,,,,,
2026-04-17 14:29:12,238,Sale,WALKIN,,,4,79.96,7.40,0.00000,0.00000,87.36,,1 X Zara Light Blue Dress Size XS + 1 X Tennessee Orange Gradient Tshirt / Size XS + 1 X St Johns Bay White SS Top / Size S + 1 X Lucky BrandSS Top_Za,POS 2,tomderobe@gmail.com,CLOSED,,,,closed,
2026-04-17 14:29:12,238,Sale Line,,,,1.00000,22.99000,2.12658,0.00000,0.00000,25.11658,,Zara Light Blue Dress Size XS,,,,10007241,,,,
2026-04-17 14:29:12,238,Sale Line,,,,1.00000,11.99000,1.10908,0.00000,0.00000,13.09908,,Tennessee Orange Gradient Tshirt / Size XS,,,,10006468,,,,
2026-04-17 14:29:12,238,Sale Line,,,,1.00000,19.99000,1.84908,0.00000,0.00000,21.83908,,St Johns Bay White SS Top / Size S,,,,10006970,,,,
2026-04-17 14:29:12,238,Sale Line,,,,1.00000,24.99000,2.31158,0.00000,0.00000,27.30158,,Lucky BrandSS Top_Za / White X Green / S / 13.68,,,,10002525,,,,
2026-04-17 14:29:05,238,Payment,,,,,,,,,,87.36000,Lightspeed Payments,,,,,,,,
2026-04-17 14:26:43,237,Sale,WALKIN,,,1,22.99,2.13,0.00000,0.00000,25.12,,1 X Mysteree white blouse ,POS 2,tomderobe@gmail.com,CLOSED,,,,closed,
2026-04-17 14:26:43,237,Sale Line,,,,1.00000,22.99000,2.12658,0.00000,0.00000,25.11658,,Mysteree white blouse ,,,,10007885,,,,
2026-04-17 14:26:41,237,Payment,,,,,,,,,,30.00000,Cash,,,,,,,,
2026-04-17 14:26:43,237,Payment,,,,,,,,,,-4.88000,Cash,,,,,,,,
2026-04-17 14:20:55,236,Sale,WALKIN,,,1,24.99,2.31,0.00000,0.00000,27.3,,1 X unknown/top/plad/xl,POS 2,tomderobe@gmail.com,CLOSED,,,,closed,
2026-04-17 14:20:55,236,Sale Line,,,,1.00000,24.99000,2.31158,0.00000,0.00000,27.30158,,unknown/top/plad/xl,,,,10004885,,,,
2026-04-17 14:20:44,236,Payment,,,,,,,,,,27.30000,Lightspeed Payments,,,,,,,,
2026-04-17 13:42:48,235,Sale,WALKIN,,,0,20.00,1.85,0.00000,0.00000,21.85,,1 X Boft/Broke Hearts Sweater White L + -1 X Discount,POS 2,tomderobe@gmail.com,CLOSED,,,,closed,
2026-04-17 13:42:48,235,Sale Line,,,,1.00000,23.00000,2.12750,0.00000,0.00000,25.12750,,Boft/Broke Hearts Sweater White L,,,,10007559,,,,
2026-04-17 13:42:48,235,Sale Line,,,,-1.00000,-3.00000,-0.27750,0.00000,0.00000,-3.27750,,Discount,,,,vend-discount,,,,
2026-04-17 13:42:42,235,Payment,,,,,,,,,,40.00000,Cash,,,,,,,,
2026-04-17 13:42:48,235,Payment,,,,,,,,,,-18.15000,Cash,,,,,,,,
2026-04-17 13:14:03,234,Sale,Alexandra-G5JH,Alexandra Howe,,11,221.89,20.52,0.00000,0.00000,242.41,,1 X R & K Black SS Cover Up / Size M + 1 X Green w Copper Leaf Bag + 1 X Zara/WhiWomanShirt/SizeS + 1 X Dressy Chosen Vintage LS Blouse + 1 X Express/BlkFloralTop/SizeXS + 1 X Paris Atelier SS blouse Pink Size 6 + 1 X Blue Jasmine Blue Crop Top / Size S + 1 X Hengsheng Jean Jacket M + 1 X BOG Black Floral Crop Top + 1 X vintage pant suit set/m + 1 X Chico's Black Belt,POS 2,tomderobe@gmail.com,CLOSED,,,,closed,
2026-04-17 13:14:03,234,Sale Line,,,,1.00000,15.99000,1.47908,0.00000,0.00000,17.46908,,R & K Black SS Cover Up / Size M,,,,10005621,,,,
2026-04-17 13:14:03,234,Sale Line,,,,1.00000,24.99000,2.31158,0.00000,0.00000,27.30158,,Green w Copper Leaf Bag,,,,10007599,,,,
2026-04-17 13:14:03,234,Sale Line,,,,1.00000,12.99000,1.20158,0.00000,0.00000,14.19158,,Zara/WhiWomanShirt/SizeS,,,,10006360,,,,
2026-04-17 13:14:03,234,Sale Line,,,,1.00000,24.99000,2.31158,0.00000,0.00000,27.30158,,Dressy Chosen Vintage LS Blouse,,,,10007541,,,,
2026-04-17 13:14:03,234,Sale Line,,,,1.00000,15.99000,1.47908,0.00000,0.00000,17.46908,,Express/BlkFloralTop/SizeXS,,,,10004899,,,,
2026-04-17 13:14:03,234,Sale Line,,,,1.00000,26.99000,2.49658,0.00000,0.00000,29.48658,,Paris Atelier SS blouse Pink Size 6,,,,10007263,,,,
2026-04-17 13:14:03,234,Sale Line,,,,1.00000,12.99000,1.20158,0.00000,0.00000,14.19158,,Blue Jasmine Blue Crop Top / Size S,,,,10004818,,,,
2026-04-17 13:14:03,234,Sale Line,,,,1.00000,19.99000,1.84908,0.00000,0.00000,21.83908,,Hengsheng Jean Jacket M,,,,10007874,,,,
2026-04-17 13:14:03,234,Sale Line,,,,1.00000,17.99000,1.66408,0.00000,0.00000,19.65408,,BOG Black Floral Crop Top,,,,10006685,,,,
2026-04-17 13:14:03,234,Sale Line,,,,1.00000,32.99000,3.05158,0.00000,0.00000,36.04158,,vintage pant suit set/m,,,,10006170,,,,
2026-04-17 13:14:03,234,Sale Line,,,,1.00000,15.99000,1.47908,0.00000,0.00000,17.46908,,Chico's Black Belt,,,,10006381,,,,
2026-04-17 13:13:35,234,Payment,,,,,,,,,,243.00000,Cash,,,,,,,,
2026-04-17 13:14:03,234,Payment,,,,,,,,,,-0.59000,Cash,,,,,,,,
2026-04-17 12:18:19,233,Sale,WALKIN,,,1,16.99,1.57,0.00000,0.00000,18.56,,1 X Sashu Brown Shoes Size 9,POS 2,tomderobe@gmail.com,CLOSED,,,,closed,
2026-04-17 12:18:19,233,Sale Line,,,,1.00000,16.99000,1.57158,0.00000,0.00000,18.56158,,Sashu Brown Shoes Size 9,,,,10007674,,,,
2026-04-17 12:17:56,233,Payment,,,,,,,,,,20.00000,Cash,,,,,,,,
2026-04-17 12:18:19,233,Payment,,,,,,,,,,-1.44000,Cash,,,,,,,,
2026-04-16 18:51:37,232,Sale,WALKIN,,,1,24.99,2.31,0.00000,0.00000,27.3,,1 X Green Khaki Jogger/Size M,POS 2,tomderobe@gmail.com,CLOSED,,,,closed,
2026-04-16 18:51:37,232,Sale Line,,,,1.00000,24.99000,2.31158,0.00000,0.00000,27.30158,,Green Khaki Jogger/Size M,,,,10004446,,,,
2026-04-16 18:51:31,232,Payment,,,,,,,,,,27.30000,Lightspeed Payments,,,,,,,,
2026-04-16 18:37:49,231,Sale,WALKIN,,,1,29.99,2.77,0.00000,0.00000,32.76,,1 X Floral Sheer Kimono / Size XL,POS 2,tomderobe@gmail.com,CLOSED,,,,closed,
2026-04-16 18:37:49,231,Sale Line,,,,1.00000,29.99000,2.77408,0.00000,0.00000,32.76408,,Floral Sheer Kimono / Size XL,,,,10006697,,,,
2026-04-16 18:37:43,231,Payment,,,,,,,,,,32.76000,Lightspeed Payments,,,,,,,,
2026-04-16 16:46:18,230,Sale,WALKIN,,,2,34.98,3.24,0.00000,0.00000,38.22,,1 X Cabi + 1 X WHBMSilverBracelet,POS 2,tomderobe@gmail.com,CLOSED,,,,closed,
2026-04-16 16:46:18,230,Sale Line,,,,1.00000,21.99000,2.03408,0.00000,0.00000,24.02408,,Cabi,,,,10007875,,,,
2026-04-16 16:46:18,230,Sale Line,,,,1.00000,12.99000,1.20158,0.00000,0.00000,14.19158,,WHBMSilverBracelet,,,,10006149,,,,
2026-04-16 16:46:16,230,Payment,,,,,,,,,,40.00000,Cash,,,,,,,,
2026-04-16 16:46:18,230,Payment,,,,,,,,,,-1.78000,Cash,,,,,,,,
2026-04-16 16:13:54,229,Sale,WALKIN,,,2,47.98,4.44,0.00000,0.00000,52.42,,1 X Red Velvet Lace Tank with Cross / Size M + 1 X Lulus/BlueFloralBlouse/SizeS,POS 2,tomderobe@gmail.com,CLOSED,,,,closed,
2026-04-16 16:13:54,229,Sale Line,,,,1.00000,22.99000,2.12658,0.00000,0.00000,25.11658,,Red Velvet Lace Tank with Cross / Size M,,,,10006747,,,,
2026-04-16 16:13:54,229,Sale Line,,,,1.00000,24.99000,2.31158,0.00000,0.00000,27.30158,,Lulus/BlueFloralBlouse/SizeS,,,,10005458,,,,
2026-04-16 16:13:52,229,Payment,,,,,,,,,,60.00000,Cash,,,,,,,,
2026-04-16 16:13:54,229,Payment,,,,,,,,,,-7.58000,Cash,,,,,,,,
2026-04-16 16:04:06,228,Sale,WALKIN,,,1,19.99,1.85,0.00000,0.00000,21.84,,1 X Peyton Primrase Gray Cardgian / Size XL,POS 2,tomderobe@gmail.com,CLOSED,,,,closed,
2026-04-16 16:04:06,228,Sale Line,,,,1.00000,19.99000,1.84908,0.00000,0.00000,21.83908,,Peyton Primrase Gray Cardgian / Size XL,,,,10005572,,,,
2026-04-16 16:03:41,228,Payment,,,,,,,,,,21.84000,Lightspeed Payments,,,,,,,,
2026-04-16 14:46:12,227,Sale,WALKIN,,,1,45.99,4.25,0.00000,0.00000,50.24,,1 X Saintart Army Green Satin Pants / Size S,POS 2,tomderobe@gmail.com,CLOSED,,,,closed,
2026-04-16 14:46:12,227,Sale Line,,,,1.00000,45.99000,4.25408,0.00000,0.00000,50.24408,,Saintart Army Green Satin Pants / Size S,,,,10007300,,,,
2026-04-16 14:45:58,227,Payment,,,,,,,,,,50.24000,Lightspeed Payments,,,,,,,,
2026-04-16 14:37:46,226,Sale,WALKIN,,,0,0.00,0.00,0.00000,0.00000,0,,1 X Blue Straight Leg Pants/Size 8 + -1 X Discount,POS 2,tomderobe@gmail.com,CLOSED,,,,closed,
2026-04-16 14:37:46,226,Sale Line,,,,1.00000,32.99000,3.05158,0.00000,0.00000,36.04158,,Blue Straight Leg Pants/Size 8,,,,10004449,,,,
2026-04-16 14:37:46,226,Sale Line,,,,-1.00000,-32.99000,-3.05158,0.00000,0.00000,-36.04158,,Discount,,,,vend-discount,,,,
2026-04-15 19:16:50,225,Sale,WALKIN,,,1,15.99,1.48,0.00000,0.00000,17.47,,1 X Navy Bucket Hat/Unknown,POS 2,tomderobe@gmail.com,CLOSED,,,,closed,
2026-04-15 19:16:50,225,Sale Line,,,,1.00000,15.99000,1.47908,0.00000,0.00000,17.46908,,Navy Bucket Hat/Unknown,,,,10005206,,,,
2026-04-15 19:16:43,225,Payment,,,,,,,,,,17.47000,Lightspeed Payments,,,,,,,,
2026-04-15 18:28:28,224,Sale,WALKIN,,,1,12.99,1.20,0.00000,0.00000,14.19,,1 X Urban Romantics White Crop Top / Size L,POS 2,tomderobe@gmail.com,CLOSED,,,,closed,
2026-04-15 18:28:28,224,Sale Line,,,,1.00000,12.99000,1.20158,0.00000,0.00000,14.19158,,Urban Romantics White Crop Top / Size L,,,,10005198,,,,
2026-04-15 18:28:20,224,Payment,,,,,,,,,,14.19000,Lightspeed Payments,,,,,,,,
2026-04-15 17:45:16,223,Sale,WALKIN,,,3,88.98,8.23,0.00000,0.00000,97.21,,1 X pink tanktop/medium + 1 X Wu-TangTee Shirt_La + 1 X Revlon Ivory Love Pat Compact Mirror 1960s,POS 2,tomderobe@gmail.com,CLOSED,,,,closed,
2026-04-15 17:45:16,223,Sale Line,,,,1.00000,17.99000,1.66408,0.00000,0.00000,19.65408,,pink tanktop/medium,,,,10006238,,,,
2026-04-15 17:45:16,223,Sale Line,,,,1.00000,25.00000,2.31250,0.00000,0.00000,27.31250,,Wu-TangTee Shirt_La / Pink / XL / 6.53,,,,10001098,,,,
2026-04-15 17:45:16,223,Sale Line,,,,1.00000,45.99000,4.25408,0.00000,0.00000,50.24408,,Revlon Ivory Love Pat Compact Mirror 1960s,,,,10006250,,,,
2026-04-15 17:45:08,223,Payment,,,,,,,,,,97.21000,Lightspeed Payments,,,,,,,,
2026-04-15 15:27:47,222,Sale,WALKIN,,,2,59.98,5.55,0.00000,0.00000,65.53,,1 X Gap Black Button Up SL Top / Size M + 1 X Nina Black Buttondown Sheer SS / Size M,POS 2,tomderobe@gmail.com,CLOSED,,,,closed,
2026-04-15 15:27:47,222,Sale Line,,,,1.00000,24.99000,2.31158,0.00000,0.00000,27.30158,,Gap Black Button Up SL Top / Size M,,,,10007642,,,,
2026-04-15 15:27:47,222,Sale Line,,,,1.00000,34.99000,3.23658,0.00000,0.00000,38.22658,,Nina Black Buttondown Sheer SS / Size M,,,,10006530,,,,
2026-04-15 15:27:40,222,Payment,,,,,,,,,,65.53000,Lightspeed Payments,,,,,,,,
2026-04-15 13:51:17,221,Sale,WALKIN,,,2,47.98,4.44,0.00000,0.00000,52.42,,1 X Pinque/MustardCardigan/SizeM + 1 X Coldwater Creek Purple Cardigan 10,POS 2,tomderobe@gmail.com,CLOSED,,,,closed,
2026-04-15 13:51:17,221,Sale Line,,,,1.00000,24.99000,2.31158,0.00000,0.00000,27.30158,,Pinque/MustardCardigan/SizeM,,,,10006044,,,,
2026-04-15 13:51:17,221,Sale Line,,,,1.00000,22.99000,2.12658,0.00000,0.00000,25.11658,,Coldwater Creek Purple Cardigan 10,,,,10007677,,,,
2026-04-15 13:50:51,221,Payment,,,,,,,,,,52.42000,Lightspeed Payments,,,,,,,,
2026-04-15 13:45:00,220,Sale,WALKIN,,,1,25.99,2.40,0.00000,0.00000,28.39,,1 X JoieSS Top_Pe,POS 2,tomderobe@gmail.com,CLOSED,,,,closed,
2026-04-15 13:45:00,220,Sale Line,,,,1.00000,25.99000,2.40408,0.00000,0.00000,28.39408,,JoieSS Top_Pe / Pink / S / 15.76,,,,10002942,,,,
2026-04-15 13:44:52,220,Payment,,,,,,,,,,28.39000,Lightspeed Payments,,,,,,,,
2026-04-15 13:24:42,219,Sale,WALKIN,,,1,54.99,5.09,0.00000,0.00000,60.08,,1 X Billini Silver Boots Size 7,POS 2,tomderobe@gmail.com,CLOSED,,,,closed,
2026-04-15 13:24:42,219,Sale Line,,,,1.00000,54.99000,5.08658,0.00000,0.00000,60.07658,,Billini Silver Boots Size 7,,,,10007657,,,,
2026-04-15 13:24:32,219,Payment,,,,,,,,,,60.08000,Lightspeed Payments,,,,,,,,
2026-04-15 13:09:46,218,Sale,WALKIN,,,3,47.97,4.44,0.00000,0.00000,52.41,,1 X Nanette Lepore Camisole Black + 1 X Sonoma Brown SS Top Size M + 1 X VINTAGE Studio 1940 Satin Pink Buttondown / Size M,POS 2,tomderobe@gmail.com,CLOSED,,,,closed,
2026-04-15 13:09:46,218,Sale Line,,,,1.00000,15.99000,1.47908,0.00000,0.00000,17.46908,,Nanette Lepore Camisole Black,,,,10003037,,,,
2026-04-15 13:09:46,218,Sale Line,,,,1.00000,15.99000,1.47908,0.00000,0.00000,17.46908,,Sonoma Brown SS Top Size M,,,,10007512,,,,
2026-04-15 13:09:46,218,Sale Line,,,,1.00000,15.99000,1.47908,0.00000,0.00000,17.46908,,VINTAGE Studio 1940 Satin Pink Buttondown / Size M,,,,10005129,,,,
2026-04-15 13:09:37,218,Payment,,,,,,,,,,52.41000,Lightspeed Payments,,,,,,,,
2026-04-15 13:08:25,217,Sale,WALKIN,,,2,47.99,4.44,0.00000,0.00000,52.43,,1 X Blue Canyon SS Top Size L + 1 X Free People Light Pink Pattern Long Skirt / Size 6,POS 2,tomderobe@gmail.com,CLOSED,,,,closed,
2026-04-15 13:08:25,217,Sale Line,,,,1.00000,19.00000,1.75750,0.00000,0.00000,20.75750,,Blue Canyon SS Top Size L,,,,10007556,,,,
2026-04-15 13:08:25,217,Sale Line,,,,1.00000,28.99000,2.68158,0.00000,0.00000,31.67158,,Free People Light Pink Pattern Long Skirt / Size 6,,,,10007116,,,,
2026-04-15 13:08:00,217,Payment,,,,,,,,,,42.00000,Cash,,,,,,,,
2026-04-15 13:08:13,217,Payment,,,,,,,,,,10.43000,Lightspeed Payments,,,,,,,,
2026-04-12 17:50:10,216,Sale,WALKIN,,,2,366.98,33.95,0.00000,0.00000,400.93,,1 X VINTAGE Brown Yellow Floral Umbrella + 1 X Coach Small Pink Purse Gold Hardware Zipper + -1 X Discount + 1 X Vertigo Black SL Top / Size XS,POS 2,tomderobe@gmail.com,CLOSED,,,,closed,
2026-04-12 17:50:10,216,Sale Line,,,,1.00000,35.99000,3.32908,0.00000,0.00000,39.31908,,VINTAGE Brown Yellow Floral Umbrella,,,,10006552,,,,
2026-04-12 17:50:10,216,Sale Line,,,,1.00000,295.00000,27.28750,0.00000,0.00000,322.28750,,Coach Small Pink Purse Gold Hardware Zipper,,,,10007672,,,,
2026-04-12 17:50:10,216,Sale Line,,,,-1.00000,-10.00000,-0.92500,0.00000,0.00000,-10.92500,,Discount,,,,vend-discount,,,,
2026-04-12 17:50:10,216,Sale Line,,,,1.00000,45.99000,4.25408,0.00000,0.00000,50.24408,,Vertigo Black SL Top / Size XS,,,,10005641,,,,
2026-04-12 17:50:03,216,Payment,,,,,,,,,,400.93000,Lightspeed Payments,,,,,,,,
2026-04-12 16:48:36,215,Sale,WALKIN,,,2,46.98,4.35,0.00000,0.00000,51.33,,1 X BGBCMaxazria Sweater Brown Size XS + 1 X MintQuarterButton/Size XXS,POS 2,tomderobe@gmail.com,CLOSED,,,,closed,
2026-04-12 16:48:36,215,Sale Line,,,,1.00000,24.99000,2.31158,0.00000,0.00000,27.30158,,BGBCMaxazria Sweater Brown Size XS,,,,10003534,,,,
2026-04-12 16:48:36,215,Sale Line,,,,1.00000,21.99000,2.03408,0.00000,0.00000,24.02408,,MintQuarterButton/Size XXS,,,,10004425,,,,
2026-04-12 16:48:29,215,Payment,,,,,,,,,,51.33000,Lightspeed Payments,,,,,,,,
2026-04-12 16:04:51,214,Sale,WALKIN,,,1,18.99,1.76,0.00000,0.00000,20.75,,1 X Rafaelle Turquoise Skirt/Size L,POS 2,tomderobe@gmail.com,CLOSED,,,,closed,
2026-04-12 16:04:51,214,Sale Line,,,,1.00000,18.99000,1.75658,0.00000,0.00000,20.74658,,Rafaelle Turquoise Skirt/Size L,,,,10007130,,,,
2026-04-12 16:03:53,214,Payment,,,,,,,,,,20.75000,Lightspeed Payments,,,,,,,,
2026-04-12 15:32:37,213,Sale,WALKIN,,,2,48.98,4.53,0.00000,0.00000,53.51,,1 X PositiveAtt/BlackCheetaBttnDwn/Size12 + 1 X Blu Pepper Yellow Orange Two Piece Set / Size L,POS 2,tomderobe@gmail.com,CLOSED,,,,closed,
2026-04-12 15:32:37,213,Sale Line,,,,1.00000,22.99000,2.12658,0.00000,0.00000,25.11658,,PositiveAtt/BlackCheetaBttnDwn/Size12,,,,10006889,,,,
2026-04-12 15:32:37,213,Sale Line,,,,1.00000,25.99000,2.40408,0.00000,0.00000,28.39408,,Blu Pepper Yellow Orange Two Piece Set / Size L,,,,10007773,,,,
2026-04-12 15:32:31,213,Payment,,,,,,,,,,53.51000,Lightspeed Payments,,,,,,,,
2026-04-12 15:30:58,212,Sale,WALKIN,,,2,30.98,2.87,0.00000,0.00000,33.85,,1 X DerekHeart/MulticolTieCropTop/SizeS + 1 X Lorraine Intimate Dress / Size M,POS 2,tomderobe@gmail.com,CLOSED,,,,closed,
2026-04-12 15:30:58,212,Sale Line,,,,1.00000,13.99000,1.29408,0.00000,0.00000,15.28408,,DerekHeart/MulticolTieCropTop/SizeS,,,,10006888,,,,
2026-04-12 15:30:58,212,Sale Line,,,,1.00000,16.99000,1.57158,0.00000,0.00000,18.56158,,Lorraine Intimate Dress / Size M,,,,10003935,,,,
2026-04-12 15:30:48,212,Payment,,,,,,,,,,33.85000,Lightspeed Payments,,,,,,,,
2026-04-12 14:59:26,211,Sale,WALKIN,,,2,98.38,9.10,0.00000,0.00000,107.48,,1 X Permasan Pale Pink Skirt Lace Detail / Size 8 + -1 X Discount + 1 X GigioUSA/GrnBttnDownBlouse/SizeM + 1 X JSColl/BlkWhiStripeDress/Size6,POS 2,tomderobe@gmail.com,CLOSED,,,,closed,
2026-04-12 14:59:26,211,Sale Line,,,,1.00000,35.99000,3.32908,0.00000,0.00000,39.31908,,Permasan Pale Pink Skirt Lace Detail / Size 8,,,,10005734,,,,
2026-04-12 14:59:26,211,Sale Line,,,,-1.00000,-24.59400,-2.27495,0.00000,0.00000,-26.86895,,Discount,,,,vend-discount,,,,
2026-04-12 14:59:26,211,Sale Line,,,,1.00000,26.99000,2.49658,0.00000,0.00000,29.48658,,GigioUSA/GrnBttnDownBlouse/SizeM,,,,10007736,,,,
2026-04-12 14:59:26,211,Sale Line,,,,1.00000,59.99000,5.54908,0.00000,0.00000,65.53908,,JSColl/BlkWhiStripeDress/Size6,,,,10007704,,,,
2026-04-12 14:59:19,211,Payment,,,,,,,,,,107.48000,Lightspeed Payments,,,,,,,,
2026-04-12 14:57:10,210,Sale,WALKIN,,,1,29.99,2.77,0.00000,0.00000,32.76,,1 X Express Pink Jacket/ Size M,POS 2,tomderobe@gmail.com,CLOSED,,,,closed,
2026-04-12 14:57:10,210,Sale Line,,,,1.00000,29.99000,2.77408,0.00000,0.00000,32.76408,,Express Pink Jacket/ Size M,,,,10007131,,,,
2026-04-12 14:57:04,210,Payment,,,,,,,,,,32.76000,Lightspeed Payments,,,,,,,,
2026-04-12 14:15:09,209,Sale,WALKIN,,,1,12.99,1.20,0.00000,0.00000,14.19,,1 X Max Studio Blue & White Lace Cami / Size L,POS 2,tomderobe@gmail.com,CLOSED,,,,closed,
2026-04-12 14:15:09,209,Sale Line,,,,1.00000,12.99000,1.20158,0.00000,0.00000,14.19158,,Max Studio Blue & White Lace Cami / Size L,,,,10006703,,,,
2026-04-12 14:15:04,209,Payment,,,,,,,,,,14.19000,Lightspeed Payments,,,,,,,,
2026-04-12 13:43:03,208,Sale,WALKIN,,,1,23.99,2.22,0.00000,0.00000,26.21,,1 X Voila Black SL Jumpsuit / Size S,POS 2,tomderobe@gmail.com,CLOSED,,,,closed,
2026-04-12 13:43:03,208,Sale Line,,,,1.00000,23.99000,2.21908,0.00000,0.00000,26.20908,,Voila Black SL Jumpsuit / Size S,,,,10007679,,,,
2026-04-12 13:42:52,208,Payment,,,,,,,,,,26.21000,Lightspeed Payments,,,,,,,,
2026-04-12 12:56:02,207,Sale,WALKIN,,,1,25.99,2.40,0.00000,0.00000,28.39,,1 X Altar'd State Black Denim Shorts Romper/Size S,POS 2,tomderobe@gmail.com,CLOSED,,,,closed,
2026-04-12 12:56:02,207,Sale Line,,,,1.00000,25.99000,2.40408,0.00000,0.00000,28.39408,,Altar'd State Black Denim Shorts Romper/Size S,,,,10006761,,,,
2026-04-12 12:55:57,207,Payment,,,,,,,,,,40.00000,Cash,,,,,,,,
2026-04-12 12:56:02,207,Payment,,,,,,,,,,-11.61000,Cash,,,,,,,,
2026-04-12 12:31:48,206,Sale,WALKIN,,,2,48.98,4.53,0.00000,0.00000,53.51,,1 X JudyBlue/PinkPocketPant/Size31 + 1 X Sag HarborSweatshirt_Cr,POS 2,tomderobe@gmail.com,CLOSED,,,,closed,
2026-04-12 12:31:48,206,Sale Line,,,,1.00000,32.99000,3.05158,0.00000,0.00000,36.04158,,JudyBlue/PinkPocketPant/Size31,,,,10007695,,,,
2026-04-12 12:31:48,206,Sale Line,,,,1.00000,15.99000,1.47908,0.00000,0.00000,17.46908,,Sag HarborSweatshirt_Cr / Blue / XL / 13.88,,,,10002566,,,,
2026-04-12 12:31:41,206,Payment,,,,,,,,,,53.51000,Lightspeed Payments,,,,,,,,
2026-04-12 12:18:32,205,Sale,WALKIN,,,1,18.99,1.76,0.00000,0.00000,20.75,,1 X Agenda Orange & White SL Top / Size M,POS 2,tomderobe@gmail.com,CLOSED,,,,closed,
2026-04-12 12:18:32,205,Sale Line,,,,1.00000,18.99000,1.75658,0.00000,0.00000,20.74658,,Agenda Orange & White SL Top / Size M,,,,10006446,,,,
2026-04-12 12:18:29,205,Payment,,,,,,,,,,20.75000,Cash,,,,,,,,
2026-04-12 11:52:30,204,Sale,WALKIN,,,3,81.97,7.58,0.00000,0.00000,89.55,,1 X Black Detail Skirt / Size M + 1 X Hypnotik Blue Gray Circle Dress / Size S + 1 X desigual multicolor knit dress/m,POS 2,tomderobe@gmail.com,CLOSED,,,,closed,
2026-04-12 11:52:30,204,Sale Line,,,,1.00000,32.99000,3.05158,0.00000,0.00000,36.04158,,Black Detail Skirt / Size M,,,,10003977,,,,
2026-04-12 11:52:30,204,Sale Line,,,,1.00000,15.99000,1.47908,0.00000,0.00000,17.46908,,Hypnotik Blue Gray Circle Dress / Size S,,,,10005494,,,,
2026-04-12 11:52:30,204,Sale Line,,,,1.00000,32.99000,3.05158,0.00000,0.00000,36.04158,,desigual multicolor knit dress/m,,,,10006434,,,,
2026-04-12 11:52:15,204,Payment,,,,,,,,,,89.55000,Lightspeed Payments,,,,,,,,
2026-04-12 11:04:47,203,Sale,WALKIN,,,1,24.99,2.31,0.00000,0.00000,27.3,,1 X Liz C Pale Yellow Vest & Skirt Set / Size 6,POS 2,tomderobe@gmail.com,CLOSED,,,,closed,
2026-04-12 11:04:47,203,Sale Line,,,,1.00000,24.99000,2.31158,0.00000,0.00000,27.30158,,Liz C Pale Yellow Vest & Skirt Set / Size 6,,,,10007710,,,,
2026-04-12 11:04:36,203,Payment,,,,,,,,,,27.30000,Lightspeed Payments,,,,,,,,
2026-04-11 19:18:04,202,Sale,WALKIN,,,3,58.97,5.45,0.00000,0.00000,64.42,,1 X Ann Taylor Black & White Skirt Size 8 + 1 X Ann Taylor White LS / Size S + 1 X MotherofPearlRing,POS 2,tomderobe@gmail.com,CLOSED,,,,closed,
2026-04-11 19:18:04,202,Sale Line,,,,1.00000,23.99000,2.21908,0.00000,0.00000,26.20908,,Ann Taylor Black & White Skirt Size 8,,,,10006621,,,,
2026-04-11 19:18:04,202,Sale Line,,,,1.00000,17.99000,1.66408,0.00000,0.00000,19.65408,,Ann Taylor White LS / Size S,,,,10006972,,,,
2026-04-11 19:18:04,202,Sale Line,,,,1.00000,16.99000,1.57158,0.00000,0.00000,18.56158,,MotherofPearlRing,,,,10007378,,,,
2026-04-11 19:17:51,202,Payment,,,,,,,,,,64.42000,Lightspeed Payments,,,,,,,,
2026-04-11 19:13:45,201,Sale,WALKIN,,,1,22.99,2.13,0.00000,0.00000,25.12,,1 X Indulge/BlackBBDollTop/SizeXL,POS 2,tomderobe@gmail.com,CLOSED,,,,closed,
2026-04-11 19:13:45,201,Sale Line,,,,1.00000,22.99000,2.12658,0.00000,0.00000,25.11658,,Indulge/BlackBBDollTop/SizeXL,,,,10006892,,,,
2026-04-11 19:13:41,201,Payment,,,,,,,,,,25.25000,Cash,,,,,,,,
2026-04-11 19:13:45,201,Payment,,,,,,,,,,-0.13000,Cash,,,,,,,,
2026-04-11 18:24:16,200,Sale,WALKIN,,,2,75.98,7.03,0.00000,0.00000,83.01,,1 X Entro Green Lilac Skirt / Size L + 1 X NWT Mable White Jacket Size M,POS 2,tomderobe@gmail.com,CLOSED,,,,closed,
2026-04-11 18:24:16,200,Sale Line,,,,1.00000,29.99000,2.77408,0.00000,0.00000,32.76408,,Entro Green Lilac Skirt / Size L,,,,10006681,,,,
2026-04-11 18:24:16,200,Sale Line,,,,1.00000,45.99000,4.25408,0.00000,0.00000,50.24408,,NWT Mable White Jacket Size M,,,,10007252,,,,
2026-04-11 18:24:10,200,Payment,,,,,,,,,,83.01000,Lightspeed Payments,,,,,,,,
2026-04-11 17:57:39,199,Sale,WALKIN,,,1,15.99,1.48,0.00000,0.00000,17.47,,1 X Be Smart Dress Black/Red Size 8,POS 2,tomderobe@gmail.com,CLOSED,,,,closed,
2026-04-11 17:57:39,199,Sale Line,,,,1.00000,15.99000,1.47908,0.00000,0.00000,17.46908,,Be Smart Dress Black/Red Size 8,,,,10007229,,,,
2026-04-11 17:57:35,199,Payment,,,,,,,,,,20.47000,Cash,,,,,,,,
2026-04-11 17:57:39,199,Payment,,,,,,,,,,-3.00000,Cash,,,,,,,,
2026-04-11 16:44:23,198,Sale,WALKIN,,,1,18.99,1.76,0.00000,0.00000,20.75,,1 X Qinsen Brown Bodysuit Size S,POS 2,tomderobe@gmail.com,CLOSED,,,,closed,
2026-04-11 16:44:23,198,Sale Line,,,,1.00000,18.99000,1.75658,0.00000,0.00000,20.74658,,Qinsen Brown Bodysuit Size S,,,,10007497,,,,
2026-04-11 16:44:12,198,Payment,,,,,,,,,,20.75000,Lightspeed Payments,,,,,,,,
2026-04-11 16:35:33,197,Sale,WALKIN,,,1,27.99,2.59,0.00000,0.00000,30.58,,1 X Trixxi/BlkPolkaDotDress/SizeM,POS 2,tomderobe@gmail.com,CLOSED,,,,closed,
2026-04-11 16:35:33,197,Sale Line,,,,1.00000,27.99000,2.58908,0.00000,0.00000,30.57908,,Trixxi/BlkPolkaDotDress/SizeM,,,,10007743,,,,
2026-04-11 16:35:21,197,Payment,,,,,,,,,,30.58000,Lightspeed Payments,,,,,,,,
2026-04-11 16:33:33,196,Sale,WALKIN,,,1,23.99,2.22,0.00000,0.00000,26.21,,1 X Brown Chic Vintage T Shirt Size L,POS 2,tomderobe@gmail.com,CLOSED,,,,closed,
2026-04-11 16:33:33,196,Sale Line,,,,1.00000,23.99000,2.21908,0.00000,0.00000,26.20908,,Brown Chic Vintage T Shirt Size L,,,,10007157,,,,
2026-04-11 16:33:26,196,Payment,,,,,,,,,,26.21000,Lightspeed Payments,,,,,,,,
2026-04-11 16:24:09,195,Sale,WALKIN,,,1,22.99,2.13,0.00000,0.00000,25.12,,1 X Madewell Yellow Dress Size 6,POS 2,tomderobe@gmail.com,CLOSED,,,,closed,
2026-04-11 16:24:09,195,Sale Line,,,,1.00000,22.99000,2.12658,0.00000,0.00000,25.11658,,Madewell Yellow Dress Size 6,,,,10007227,,,,
2026-04-11 16:24:02,195,Payment,,,,,,,,,,25.12000,Lightspeed Payments,,,,,,,,
2026-04-11 16:18:00,194,Sale,WALKIN,,,2,50.98,4.72,0.00000,0.00000,55.7,,1 X Serengeti White Crochet Shirt / Size M + 1 X Chicos/SilverStringNecklace,POS 2,tomderobe@gmail.com,CLOSED,,,,closed,
2026-04-11 16:18:00,194,Sale Line,,,,1.00000,24.99000,2.31158,0.00000,0.00000,27.30158,,Serengeti White Crochet Shirt / Size M,,,,10004761,,,,
2026-04-11 16:18:00,194,Sale Line,,,,1.00000,25.99000,2.40408,0.00000,0.00000,28.39408,,Chicos/SilverStringNecklace,,,,10007385,,,,
2026-04-11 16:17:50,194,Payment,,,,,,,,,,55.70000,Lightspeed Payments,,,,,,,,
2026-04-11 15:27:49,193,Sale,WALKIN,,,2,65.98,6.10,0.00000,0.00000,72.08,,1 X Michael Kors Black Top S + 1 X Live a Little Tan Jacket Size PL,POS 2,tomderobe@gmail.com,CLOSED,,,,closed,
2026-04-11 15:27:49,193,Sale Line,,,,1.00000,32.99000,3.05158,0.00000,0.00000,36.04158,,Michael Kors Black Top S,,,,10007667,,,,
2026-04-11 15:27:49,193,Sale Line,,,,1.00000,32.99000,3.05158,0.00000,0.00000,36.04158,,Live a Little Tan Jacket Size PL,,,,10007437,,,,
2026-04-11 15:27:42,193,Payment,,,,,,,,,,72.08000,Lightspeed Payments,,,,,,,,
2026-04-11 15:02:49,192,Sale,WALKIN,,,1,21.99,2.03,0.00000,0.00000,24.02,,1 X Talbots Light Beige Floral Skirt / Size 4,POS 2,tomderobe@gmail.com,CLOSED,,,,closed,
2026-04-11 15:02:49,192,Sale Line,,,,1.00000,21.99000,2.03408,0.00000,0.00000,24.02408,,Talbots Light Beige Floral Skirt / Size 4,,,,10007723,,,,
2026-04-11 15:02:47,192,Payment,,,,,,,,,,25.00000,Cash,,,,,,,,
2026-04-11 15:02:49,192,Payment,,,,,,,,,,-0.98000,Cash,,,,,,,,
2026-04-11 14:49:01,191,Sale,WALKIN,,,2,70.98,6.57,0.00000,0.00000,77.55,,1 X ArizJeanCo/StuddedJeanSkirt/Size5 + 1 X DemocracyPants,POS 2,tomderobe@gmail.com,CLOSED,,,,closed,
2026-04-11 14:49:01,191,Sale Line,,,,1.00000,24.99000,2.31158,0.00000,0.00000,27.30158,,ArizJeanCo/StuddedJeanSkirt/Size5,,,,10006940,,,,
2026-04-11 14:49:01,191,Sale Line,,,,1.00000,45.99000,4.25408,0.00000,0.00000,50.24408,,DemocracyPants / Green X Pink / S / 14.67,,,,10002724,,,,
2026-04-11 14:48:54,191,Payment,,,,,,,,,,100.00000,Cash,,,,,,,,
2026-04-11 14:49:01,191,Payment,,,,,,,,,,-22.45000,Cash,,,,,,,,
2026-04-11 14:33:01,190,Sale,WALKIN,,,2,35.99,3.33,0.00000,0.00000,39.32,,1 X Relativity Pink & Brown Cardigan / Size S + 1 X The Limited Yellow Sleeveless XS,POS 2,tomderobe@gmail.com,CLOSED,,,,closed,
2026-04-11 14:33:01,190,Sale Line,,,,1.00000,18.99000,1.75658,0.00000,0.00000,20.74658,,Relativity Pink & Brown Cardigan / Size S,,,,10005881,,,,
2026-04-11 14:33:01,190,Sale Line,,,,1.00000,17.00000,1.57250,0.00000,0.00000,18.57250,,The Limited Yellow Sleeveless XS,,,,10007551,,,,
2026-04-11 14:32:54,190,Payment,,,,,,,,,,39.32000,Lightspeed Payments,,,,,,,,
2026-04-11 14:27:10,189,Sale,WALKIN,,,1,24.99,2.31,0.00000,0.00000,27.3,,1 X NellieParton/CreamTop/SizeM,POS 2,tomderobe@gmail.com,CLOSED,,,,closed,
2026-04-11 14:27:10,189,Sale Line,,,,1.00000,24.99000,2.31158,0.00000,0.00000,27.30158,,NellieParton/CreamTop/SizeM,,,,10006410,,,,
2026-04-11 14:26:59,189,Payment,,,,,,,,,,27.30000,Lightspeed Payments,,,,,,,,
2026-04-11 13:56:56,188,Sale,WALKIN,,,5,146.94,13.59,0.00000,0.00000,160.53,,1 X Democracy Pants Pink Size 8 + -1 X Discount + 1 X Democracy Faded Purple Jeans / Size 8 + 1 X Max Studio Black Dress / Size S + 1 X Rachel Zoe Pattern Cinched Sheer Top / Size XS + 1 X AnnTaylor/BlkBttnDwnDress/Size8 + 1 X Kasper Black SL Top / Size M,POS 2,tomderobe@gmail.com,CLOSED,,,,closed,
2026-04-11 13:56:56,188,Sale Line,,,,1.00000,44.99000,4.16158,0.00000,0.00000,49.15158,,Democracy Pants Pink Size 8,,,,10003509,,,,
2026-04-11 13:56:56,188,Sale Line,,,,-1.00000,-10.00000,-0.92500,0.00000,0.00000,-10.92500,,Discount,,,,vend-discount,,,,
2026-04-11 13:56:56,188,Sale Line,,,,1.00000,27.99000,2.58908,0.00000,0.00000,30.57908,,Democracy Faded Purple Jeans / Size 8,,,,10003754,,,,
2026-04-11 13:56:56,188,Sale Line,,,,1.00000,24.99000,2.31158,0.00000,0.00000,27.30158,,Max Studio Black Dress / Size S,,,,10004634,,,,
2026-04-11 13:56:56,188,Sale Line,,,,1.00000,18.99000,1.75658,0.00000,0.00000,20.74658,,Rachel Zoe Pattern Cinched Sheer Top / Size XS,,,,10005850,,,,
2026-04-11 13:56:56,188,Sale Line,,,,1.00000,25.99000,2.40408,0.00000,0.00000,28.39408,,AnnTaylor/BlkBttnDwnDress/Size8,,,,10006133,,,,
2026-04-11 13:56:56,188,Sale Line,,,,1.00000,13.99000,1.29408,0.00000,0.00000,15.28408,,Kasper Black SL Top / Size M,,,,10006559,,,,
2026-04-11 13:56:46,188,Payment,,,,,,,,,,160.53000,Lightspeed Payments,,,,,,,,
2026-04-11 13:42:01,187,Sale,WALKIN,,,1,29.99,2.77,0.00000,0.00000,32.76,,1 X VintageRustler/Jeanshort/Size6/8,POS 2,tomderobe@gmail.com,CLOSED,,,,closed,
2026-04-11 13:42:01,187,Sale Line,,,,1.00000,29.99000,2.77408,0.00000,0.00000,32.76408,,VintageRustler/Jeanshort/Size6/8,,,,10006909,,,,
2026-04-11 13:41:54,187,Payment,,,,,,,,,,40.00000,Cash,,,,,,,,
2026-04-11 13:42:01,187,Payment,,,,,,,,,,-7.24000,Cash,,,,,,,,
2026-04-11 13:40:09,186,Sale,WALKIN,,,1,21.99,2.03,0.00000,0.00000,24.02,,1 X Loft Blue Floral Skirt / Size S,POS 2,tomderobe@gmail.com,CLOSED,,,,closed,
2026-04-11 13:40:09,186,Sale Line,,,,1.00000,21.99000,2.03408,0.00000,0.00000,24.02408,,Loft Blue Floral Skirt / Size S,,,,10006680,,,,
2026-04-11 13:40:00,186,Payment,,,,,,,,,,24.02000,Lightspeed Payments,,,,,,,,
2026-04-11 13:33:04,185,Sale,WALKIN,,,1,24.99,2.31,0.00000,0.00000,27.3,,1 X VINTAGE First Glance Red LS / Size 9,POS 2,tomderobe@gmail.com,CLOSED,,,,closed,
2026-04-11 13:33:04,185,Sale Line,,,,1.00000,24.99000,2.31158,0.00000,0.00000,27.30158,,VINTAGE First Glance Red LS / Size 9,,,,10006302,,,,
2026-04-11 13:32:36,185,Payment,,,,,,,,,,27.30000,Lightspeed Payments,,,,,,,,
2026-04-11 13:07:47,184,Sale,WALKIN,,,5,423.96,39.22,0.00000,0.00000,463.18,,1 X WhiteLaceSkort/SizeS/M + 1 X Free People Yellow Skirt/ Size S + 1 X pink oasis tanktop size large + 1 X ChloePurse_Ch + 1 X Red Boho Crochet Knitted Petite Bag,POS 2,tomderobe@gmail.com,CLOSED,,,,closed,
2026-04-11 13:07:47,184,Sale Line,,,,1.00000,22.99000,2.12658,0.00000,0.00000,25.11658,,WhiteLaceSkort/SizeS/M,,,,10006922,,,,
2026-04-11 13:07:47,184,Sale Line,,,,1.00000,27.99000,2.58908,0.00000,0.00000,30.57908,,Free People Yellow Skirt/ Size S,,,,10007330,,,,
2026-04-11 13:07:47,184,Sale Line,,,,1.00000,54.99000,5.08658,0.00000,0.00000,60.07658,,pink oasis tanktop size large,,,,10006630,,,,
2026-04-11 13:07:47,184,Sale Line,,,,1.00000,299.00000,27.65750,0.00000,0.00000,326.65750,,ChloePurse_Ch / Pink / OSFA / afr,,,,10003063,,,,
2026-04-11 13:07:47,184,Sale Line,,,,1.00000,18.99000,1.75658,0.00000,0.00000,20.74658,,Red Boho Crochet Knitted Petite Bag,,,,10007413,,,,
2026-04-11 13:07:41,184,Payment,,,,,,,,,,463.18000,Lightspeed Payments,,,,,,,,
2026-04-11 13:04:01,183,Sale,WALKIN,,,6,219.94,20.34,0.00000,0.00000,240.28,,1 X VINTAGE Lily Pink LS Buttondown / Size M + 1 X Finity Naturals Orange Silk Skirt / Size 4 + 1 X My Michelle Multi-Color Skirt M + 1 X macaramewovenhandbag/creme/neverused/2pieces + 1 X signature white dress shirt/L + 1 X hrlydvdsn/boot/bwn lthr/7,POS 2,tomderobe@gmail.com,CLOSED,,,,closed,
2026-04-11 13:04:01,183,Sale Line,,,,1.00000,39.99000,3.69908,0.00000,0.00000,43.68908,,VINTAGE Lily Pink LS Buttondown / Size M,,,,10006454,,,,
2026-04-11 13:04:01,183,Sale Line,,,,1.00000,24.99000,2.31158,0.00000,0.00000,27.30158,,Finity Naturals Orange Silk Skirt / Size 4,,,,10007724,,,,
2026-04-11 13:04:01,183,Sale Line,,,,1.00000,19.99000,1.84908,0.00000,0.00000,21.83908,,My Michelle Multi-Color Skirt M,,,,10007571,,,,
2026-04-11 13:04:01,183,Sale Line,,,,1.00000,35.99000,3.32908,0.00000,0.00000,39.31908,,macaramewovenhandbag/creme/neverused/2pieces,,,,10006065,,,,
2026-04-11 13:04:01,183,Sale Line,,,,1.00000,22.99000,2.12658,0.00000,0.00000,25.11658,,signature white dress shirt/L,,,,10006857,,,,
2026-04-11 13:04:01,183,Sale Line,,,,1.00000,75.99000,7.02908,0.00000,0.00000,83.01908,,hrlydvdsn/boot/bwn lthr/7,,,,10006056,,,,
2026-04-11 13:03:48,183,Payment,,,,,,,,,,240.28000,Lightspeed Payments,,,,,,,,
2026-04-11 12:29:53,182,Sale,WALKIN,,,1,75.99,7.03,0.00000,0.00000,83.02,,1 X Tory Burch Brown Heels/Size 8M,POS 2,tomderobe@gmail.com,CLOSED,,,,closed,
2026-04-11 12:29:53,182,Sale Line,,,,1.00000,75.99000,7.02908,0.00000,0.00000,83.01908,,Tory Burch Brown Heels/Size 8M,,,,10007063,,,,
2026-04-11 12:29:38,182,Payment,,,,,,,,,,83.02000,Lightspeed Payments,,,,,,,,
2026-04-11 12:25:22,181,Sale,WALKIN,,,3,97.97,9.06,0.00000,0.00000,107.03,,1 X Baccini Jean Jacket inc Addon Pins / Size XL + 1 X Elliot Lauren Pants Blue & White Size 8 + 1 X Desigual Jean Skirt / Size 38,POS 2,tomderobe@gmail.com,CLOSED,,,,closed,
2026-04-11 12:25:22,181,Sale Line,,,,1.00000,35.99000,3.32908,0.00000,0.00000,39.31908,,Baccini Jean Jacket inc Addon Pins / Size XL,,,,10006579,,,,
2026-04-11 12:25:22,181,Sale Line,,,,1.00000,21.99000,2.03408,0.00000,0.00000,24.02408,,Elliot Lauren Pants Blue & White Size 8,,,,10003372,,,,
2026-04-11 12:25:22,181,Sale Line,,,,1.00000,39.99000,3.69908,0.00000,0.00000,43.68908,,Desigual Jean Skirt / Size 38,,,,10006502,,,,
2026-04-11 12:25:14,181,Payment,,,,,,,,,,107.03000,Lightspeed Payments,,,,,,,,
2026-04-11 12:18:56,180,Sale,WALKIN,,,1,24.99,2.31,0.00000,0.00000,27.3,,1 X Floral Multicolor Buttondown Top / Size XXL,POS 2,tomderobe@gmail.com,CLOSED,,,,closed,
2026-04-11 12:18:56,180,Sale Line,,,,1.00000,24.99000,2.31158,0.00000,0.00000,27.30158,,Floral Multicolor Buttondown Top / Size XXL,,,,10006573,,,,
2026-04-11 12:18:48,180,Payment,,,,,,,,,,27.30000,Lightspeed Payments,,,,,,,,
2026-04-11 11:39:08,179,Sale,WALKIN,,,1,16.00,1.48,0.00000,0.00000,17.48,,1 X Emory Park Grey Dress  Size L,POS 2,tomderobe@gmail.com,CLOSED,,,,closed,
2026-04-11 11:39:08,179,Sale Line,,,,1.00000,16.00000,1.48000,0.00000,0.00000,17.48000,,Emory Park Grey Dress  Size L,,,,10007560,,,,
2026-04-11 11:38:56,179,Payment,,,,,,,,,,17.48000,Lightspeed Payments,,,,,,,,
2026-04-10 19:29:21,178,Sale,WALKIN,,,3,73.97,6.84,0.00000,0.00000,80.81,,1 X Blk&Prp Silk Dress/Size 12 + 1 X Alfani Black & Beige SL Dress / Size 16 + 1 X Philosophy Blue & Pink Tank / Size M,POS 2,tomderobe@gmail.com,CLOSED,,,,closed,
2026-04-10 19:29:21,178,Sale Line,,,,1.00000,27.99000,2.58908,0.00000,0.00000,30.57908,,Blk&Prp Silk Dress/Size 12,,,,10003844,,,,
2026-04-10 19:29:21,178,Sale Line,,,,1.00000,27.99000,2.58908,0.00000,0.00000,30.57908,,Alfani Black & Beige SL Dress / Size 16,,,,10007474,,,,
2026-04-10 19:29:21,178,Sale Line,,,,1.00000,17.99000,1.66408,0.00000,0.00000,19.65408,,Philosophy Blue & Pink Tank / Size M,,,,10006299,,,,
2026-04-10 19:29:10,178,Payment,,,,,,,,,,80.81000,Lightspeed Payments,,,,,,,,
2026-04-10 19:15:03,177,Sale,WALKIN,,,1,21.99,2.03,0.00000,0.00000,24.02,,1 X 1. State Leopard Print Dress,POS 2,tomderobe@gmail.com,CLOSED,,,,closed,
2026-04-10 19:15:03,177,Sale Line,,,,1.00000,21.99000,2.03408,0.00000,0.00000,24.02408,,1. State Leopard Print Dress,,,,10007204,,,,
2026-04-10 19:14:55,177,Payment,,,,,,,,,,24.02000,Lightspeed Payments,,,,,,,,
2026-04-10 19:13:11,176,Sale,WALKIN,,,2,60.98,5.64,0.00000,0.00000,66.62,,1 X Peter Carol Yellow Sweater/ Size L + 1 X boohoo/dress/pink/10,POS 2,tomderobe@gmail.com,CLOSED,,,,closed,
2026-04-10 19:13:11,176,Sale Line,,,,1.00000,24.99000,2.31158,0.00000,0.00000,27.30158,,Peter Carol Yellow Sweater/ Size L,,,,10006759,,,,
2026-04-10 19:13:11,176,Sale Line,,,,1.00000,35.99000,3.32908,0.00000,0.00000,39.31908,,boohoo/dress/pink/10,,,,10003662,,,,
2026-04-10 19:13:04,176,Payment,,,,,,,,,,66.62000,Lightspeed Payments,,,,,,,,
2026-04-10 18:37:40,175,Sale,WALKIN,,,3,85.97,7.95,0.00000,0.00000,93.92,,1 X Liz C Red SS Buttondown / Size S + 1 X Desigual Green Colorful Dress / Size 38 + 1 X Old Navy Blue & Pink SL Top / Size S,POS 2,tomderobe@gmail.com,CLOSED,,,,closed,
2026-04-10 18:37:40,175,Sale Line,,,,1.00000,22.99000,2.12658,0.00000,0.00000,25.11658,,Liz C Red SS Buttondown / Size S,,,,10006533,,,,
2026-04-10 18:37:40,175,Sale Line,,,,1.00000,45.99000,4.25408,0.00000,0.00000,50.24408,,Desigual Green Colorful Dress / Size 38,,,,10005913,,,,
2026-04-10 18:37:40,175,Sale Line,,,,1.00000,16.99000,1.57158,0.00000,0.00000,18.56158,,Old Navy Blue & Pink SL Top / Size S,,,,10006541,,,,
2026-04-10 18:37:34,175,Payment,,,,,,,,,,93.92000,Lightspeed Payments,,,,,,,,
2026-04-10 17:22:45,174,Sale,WALKIN,,,4,92.96,8.60,0.00000,0.00000,101.56,,1 X Altarxd State Orange Pink FL Crop Top / Size S + 1 X Long white skirt/S + 1 X Haute Monde Pink Tulle Skirt / Size L + 1 X JapnaCrop Top_Ho,POS 2,tomderobe@gmail.com,CLOSED,,,,closed,
2026-04-10 17:22:45,174,Sale Line,,,,1.00000,15.99000,1.47908,0.00000,0.00000,17.46908,,Altarxd State Orange Pink FL Crop Top / Size S,,,,10004842,,,,
2026-04-10 17:22:45,174,Sale Line,,,,1.00000,49.99000,4.62408,0.00000,0.00000,54.61408,,Long white skirt/S,,,,10006847,,,,
2026-04-10 17:22:45,174,Sale Line,,,,1.00000,10.99000,1.01658,0.00000,0.00000,12.00658,,Haute Monde Pink Tulle Skirt / Size L,,,,10007681,,,,
2026-04-10 17:22:45,174,Sale Line,,,,1.00000,15.99000,1.47908,0.00000,0.00000,17.46908,,JapnaCrop Top_Ho / Red X White / M / 14.66,,,,10002722,,,,
2026-04-10 17:22:37,174,Payment,,,,,,,,,,101.56000,Lightspeed Payments,,,,,,,,
2026-04-10 16:16:11,173,Sale,WALKIN,,,1,74.99,6.94,0.00000,0.00000,81.93,,1 X Vintage Lamp Black & Brown,POS 2,tomderobe@gmail.com,CLOSED,,,,closed,
2026-04-10 16:16:11,173,Sale Line,,,,1.00000,74.99000,6.93658,0.00000,0.00000,81.92658,,Vintage Lamp Black & Brown,,,,10006495,,,,
2026-04-10 16:16:05,173,Payment,,,,,,,,,,81.93000,Lightspeed Payments,,,,,,,,
2026-04-10 16:14:39,172,Sale,WALKIN,,,1,12.99,1.20,0.00000,0.00000,14.19,,1 X unknown/bls/blk/m,POS 2,tomderobe@gmail.com,CLOSED,,,,closed,
2026-04-10 16:14:39,172,Sale Line,,,,1.00000,12.99000,1.20158,0.00000,0.00000,14.19158,,unknown/bls/blk/m,,,,10005348,,,,
2026-04-10 16:14:27,172,Payment,,,,,,,,,,14.19000,Lightspeed Payments,,,,,,,,
2026-04-10 15:45:40,171,Sale,WALKIN,,,2,42.98,3.98,0.00000,0.00000,46.96,,1 X Black Crop Top Spaghetti Strap / Size L + 1 X Beatles Grey Tee/Size M,POS 2,tomderobe@gmail.com,CLOSED,,,,closed,
2026-04-10 15:45:40,171,Sale Line,,,,1.00000,14.99000,1.38658,0.00000,0.00000,16.37658,,Black Crop Top Spaghetti Strap / Size L,,,,10006283,,,,
2026-04-10 15:45:40,171,Sale Line,,,,1.00000,27.99000,2.58908,0.00000,0.00000,30.57908,,Beatles Grey Tee/Size M,,,,10004343,,,,
2026-04-10 15:45:35,171,Payment,,,,,,,,,,46.96000,Lightspeed Payments,,,,,,,,
2026-04-10 15:42:25,170,Sale,WALKIN,,,1,24.99,2.31,0.00000,0.00000,27.3,,1 X KimRogers/BrwnPolkaDotDress/Size6,POS 2,tomderobe@gmail.com,CLOSED,,,,closed,
2026-04-10 15:42:25,170,Sale Line,,,,1.00000,24.99000,2.31158,0.00000,0.00000,27.30158,,KimRogers/BrwnPolkaDotDress/Size6,,,,10005467,,,,
2026-04-10 15:42:17,170,Payment,,,,,,,,,,27.30000,Lightspeed Payments,,,,,,,,
2026-04-10 14:07:56,169,Sale,WALKIN,,,1,39.99,3.70,0.00000,0.00000,43.69,,1 X Yellow Floral Suede SL Dress / Size XXL,POS 2,tomderobe@gmail.com,CLOSED,,,,closed,
2026-04-10 14:07:56,169,Sale Line,,,,1.00000,39.99000,3.69908,0.00000,0.00000,43.68908,,Yellow Floral Suede SL Dress / Size XXL,,,,10007299,,,,
2026-04-10 14:07:52,169,Payment,,,,,,,,,,45.00000,Cash,,,,,,,,
2026-04-10 14:07:56,169,Payment,,,,,,,,,,-1.31000,Cash,,,,,,,,
2026-04-10 12:57:26,168,Sale,WALKIN,,,1,21.99,2.03,0.00000,0.00000,24.02,,1 X Rolling S Tshirt / Size L,POS 2,tomderobe@gmail.com,CLOSED,,,,closed,
2026-04-10 12:57:26,168,Sale Line,,,,1.00000,21.99000,2.03408,0.00000,0.00000,24.02408,,Rolling S Tshirt / Size L,,,,10004590,,,,
2026-04-10 12:57:16,168,Payment,,,,,,,,,,24.02000,Lightspeed Payments,,,,,,,,
2026-04-10 12:36:16,167,Sale,WALKIN,,,1,32.99,3.05,0.00000,0.00000,36.04,,1 X VintageKingsRoad/GrnBttnDwn/Size40,POS 2,tomderobe@gmail.com,CLOSED,,,,closed,
2026-04-10 12:36:16,167,Sale Line,,,,1.00000,32.99000,3.05158,0.00000,0.00000,36.04158,,VintageKingsRoad/GrnBttnDwn/Size40,,,,10006002,,,,
2026-04-10 12:36:02,167,Payment,,,,,,,,,,36.04000,Lightspeed Payments,,,,,,,,
2026-04-09 20:36:20,166,Sale,WALKIN,,,1,11.99,1.11,0.00000,0.00000,13.1,,1 X Suuksess Camisole Pink Size S,POS 2,tomderobe@gmail.com,CLOSED,,,,closed,
2026-04-09 20:36:20,166,Sale Line,,,,1.00000,11.99000,1.10908,0.00000,0.00000,13.09908,,Suuksess Camisole Pink Size S,,,,10007605,,,,
2026-04-09 20:36:08,166,Payment,,,,,,,,,,13.10000,Lightspeed Payments,,,,,,,,
2026-04-09 20:34:58,165,Sale,WALKIN,,,1,25.99,2.40,0.00000,0.00000,28.39,,1 X Ktoo Pink Skirt,POS 2,tomderobe@gmail.com,CLOSED,,,,closed,
2026-04-09 20:34:58,165,Sale Line,,,,1.00000,25.99000,2.40408,0.00000,0.00000,28.39408,,Ktoo Pink Skirt,,,,10006779,,,,
2026-04-09 20:34:50,165,Payment,,,,,,,,,,28.39000,Lightspeed Payments,,,,,,,,
2026-04-09 20:12:41,164,Sale,WALKIN,,,2,45.98,4.25,0.00000,0.00000,50.23,,1 X Express Beige & Lace Cami / Size L + 1 X Highway/JemDenimSkirt/Size13,POS 2,tomderobe@gmail.com,CLOSED,,,,closed,
2026-04-09 20:12:41,164,Sale Line,,,,1.00000,12.99000,1.20158,0.00000,0.00000,14.19158,,Express Beige & Lace Cami / Size L,,,,10006704,,,,
2026-04-09 20:12:41,164,Sale Line,,,,1.00000,32.99000,3.05158,0.00000,0.00000,36.04158,,Highway/JemDenimSkirt/Size13,,,,10005773,,,,
2026-04-09 20:12:34,164,Payment,,,,,,,,,,50.23000,Lightspeed Payments,,,,,,,,
2026-04-09 15:34:36,163,Sale,WALKIN,,,1,22.99,2.13,0.00000,0.00000,25.12,,1 X London Times Teal Pink Dress / Size 6,POS 2,tomderobe@gmail.com,CLOSED,,,,closed,
2026-04-09 15:34:36,163,Sale Line,,,,1.00000,22.99000,2.12658,0.00000,0.00000,25.11658,,London Times Teal Pink Dress / Size 6,,,,10006310,,,,
2026-04-09 15:34:34,163,Payment,,,,,,,,,,25.12000,Cash,,,,,,,,
2026-04-09 14:00:11,162,Sale,Lex-BR77,Lex Anderson,,1,35.99,3.33,0.00000,0.00000,39.32,,1 X Nicole MillerNicole Miller Feather Tank,POS 2,tomderobe@gmail.com,CLOSED,,,,closed,
2026-04-09 14:00:11,162,Sale Line,,,,1.00000,35.99000,3.32908,0.00000,0.00000,39.31908,,Nicole MillerNicole Miller Feather Tank / Black / XS / abc,,,,10003315,,,,
2026-04-09 14:00:11,162,Payment,,,,,,,,,,39.32000,Store Credit,,,,,,,,
2026-04-09 13:51:14,161,Sale,WALKIN,,,5,94.95,8.78,0.00000,0.00000,103.73,,1 X Mariokart Tee Shirt/Size XL + 1 X PinkFloyd Baby Tee/Size S + 1 X pink/sweatshirt/burgundy/xs + 1 X Entro Burnt Orange Skirt Size L + 1 X LaneBryant/NashvilleTshirt/Size22/24,POS 2,tomderobe@gmail.com,CLOSED,,,,closed,
2026-04-09 13:51:14,161,Sale Line,,,,1.00000,14.99000,1.38658,0.00000,0.00000,16.37658,,Mariokart Tee Shirt/Size XL,,,,10005242,,,,
2026-04-09 13:51:14,161,Sale Line,,,,1.00000,20.99000,1.94158,0.00000,0.00000,22.93158,,PinkFloyd Baby Tee/Size S,,,,10004132,,,,
2026-04-09 13:51:14,161,Sale Line,,,,1.00000,22.99000,2.12658,0.00000,0.00000,25.11658,,pink/sweatshirt/burgundy/xs,,,,10003727,,,,
2026-04-09 13:51:14,161,Sale Line,,,,1.00000,18.99000,1.75658,0.00000,0.00000,20.74658,,Entro Burnt Orange Skirt Size L,,,,10007287,,,,
2026-04-09 13:51:14,161,Sale Line,,,,1.00000,16.99000,1.57158,0.00000,0.00000,18.56158,,LaneBryant/NashvilleTshirt/Size22/24,,,,10006156,,,,
2026-04-09 13:51:03,161,Payment,,,,,,,,,,103.73000,Lightspeed Payments,,,,,,,,
2026-04-08 18:01:12,160,Sale,WALKIN,,,1,23.99,2.22,0.00000,0.00000,26.21,,1 X Pink Chic Vintage T Shirt Size M,POS 2,tomderobe@gmail.com,CLOSED,,,,closed,
2026-04-08 18:01:12,160,Sale Line,,,,1.00000,23.99000,2.21908,0.00000,0.00000,26.20908,,Pink Chic Vintage T Shirt Size M,,,,10007146,,,,
2026-04-08 18:01:03,160,Payment,,,,,,,,,,26.21000,Lightspeed Payments,,,,,,,,
2026-04-08 17:25:53,159,Sale,WALKIN,,,3,70.97,6.56,0.00000,0.00000,77.53,,1 X Altard State Overalls White Size L + 1 X Sweet Storm Multi-Color Dress M + 1 X She's Cool Red Blue Strapless Dress / Size XL,POS 2,tomderobe@gmail.com,CLOSED,,,,closed,
2026-04-08 17:25:53,159,Sale Line,,,,1.00000,19.99000,1.84908,0.00000,0.00000,21.83908,,Altard State Overalls White Size L,,,,10007279,,,,
2026-04-08 17:25:53,159,Sale Line,,,,1.00000,22.99000,2.12658,0.00000,0.00000,25.11658,,Sweet Storm Multi-Color Dress M,,,,10007566,,,,
2026-04-08 17:25:53,159,Sale Line,,,,1.00000,27.99000,2.58908,0.00000,0.00000,30.57908,,She's Cool Red Blue Strapless Dress / Size XL,,,,10007470,,,,
2026-04-08 17:25:46,159,Payment,,,,,,,,,,77.53000,Lightspeed Payments,,,,,,,,
2026-04-08 17:01:32,158,Sale,WALKIN,,,1,23.99,2.22,0.00000,0.00000,26.21,,1 X Pink Chic Vintage T Shirt Size XL,POS 2,tomderobe@gmail.com,CLOSED,,,,closed,
2026-04-08 17:01:32,158,Sale Line,,,,1.00000,23.99000,2.21908,0.00000,0.00000,26.20908,,Pink Chic Vintage T Shirt Size XL,,,,10007148,,,,
2026-04-08 17:01:24,158,Payment,,,,,,,,,,26.21000,Lightspeed Payments,,,,,,,,
2026-04-08 16:57:18,157,Sale,WALKIN,,,1,18.99,1.76,0.00000,0.00000,20.75,,1 X WHBM/ Ruched Blouse/ Prpl/ Size S,POS 2,tomderobe@gmail.com,CLOSED,,,,closed,
2026-04-08 16:57:18,157,Sale Line,,,,1.00000,18.99000,1.75658,0.00000,0.00000,20.74658,,WHBM/ Ruched Blouse/ Prpl/ Size S,,,,10005032,,,,
2026-04-08 16:57:10,157,Payment,,,,,,,,,,20.75000,Lightspeed Payments,,,,,,,,
2026-04-08 16:49:29,156,Sale,WALKIN,,,2,52.98,4.90,0.00000,0.00000,57.88,,1 X Abercrombie & F Blue Cardigan / Size XS + 1 X J Jill Biege LS Cardigan / Size XS,POS 2,tomderobe@gmail.com,CLOSED,,,,closed,
2026-04-08 16:49:29,156,Sale Line,,,,1.00000,31.99000,2.95908,0.00000,0.00000,34.94908,,Abercrombie & F Blue Cardigan / Size XS,,,,10005880,,,,
2026-04-08 16:49:29,156,Sale Line,,,,1.00000,20.99000,1.94158,0.00000,0.00000,22.93158,,J Jill Biege LS Cardigan / Size XS,,,,10005547,,,,
2026-04-08 16:49:22,156,Payment,,,,,,,,,,57.88000,Lightspeed Payments,,,,,,,,
2026-04-08 16:48:04,155,Sale,WALKIN,,,4,57.96,5.36,1.99800,0.00000,63.32,,1 X Stylus/WhilaceFlwrDressCover/Size + 1 X vanity fair/ngt gwn/cream/38 + 1 X Gold Bronze Necklace + 1 X FlowerGemEarrings,POS 2,tomderobe@gmail.com,CLOSED,,,,closed,
2026-04-08 16:48:04,155,Sale Line,,,,1.00000,24.99000,2.31158,0.00000,0.00000,27.30158,,Stylus/WhilaceFlwrDressCover/Size,,,,10006932,,,,
2026-04-08 16:48:04,155,Sale Line,,,,1.00000,15.99000,1.47908,0.00000,0.00000,17.46908,,vanity fair/ngt gwn/cream/38,,,,10003674,,,,
2026-04-08 16:48:04,155,Sale Line,,,,1.00000,8.99000,0.83158,0.00000,0.00000,9.82158,,Gold Bronze Necklace,,,,10006581,,,,
2026-04-08 16:48:04,155,Sale Line,,,,1.00000,7.99200,0.73926,1.99800,0.00000,8.73126,,FlowerGemEarrings,,,,10007376,,,,
2026-04-08 16:47:58,155,Payment,,,,,,,,,,63.32000,Lightspeed Payments,,,,,,,,
2026-04-08 16:09:27,154,Sale,WALKIN,,,1,28.99,2.68,0.00000,0.00000,31.67,,1 X Cole&Han Taupe Loafer/Size 8.5,POS 2,tomderobe@gmail.com,CLOSED,,,,closed,
2026-04-08 16:09:27,154,Sale Line,,,,1.00000,28.99000,2.68158,0.00000,0.00000,31.67158,,Cole&Han Taupe Loafer/Size 8.5,,,,10004105,,,,
2026-04-08 16:09:18,154,Payment,,,,,,,,,,31.67000,Lightspeed Payments,,,,,,,,
2026-04-08 14:48:13,153,Sale,WALKIN,,,1,39.99,3.70,0.00000,0.00000,43.69,,1 X Sharmark Black/Gold Shawl,POS 2,tomderobe@gmail.com,CLOSED,,,,closed,
2026-04-08 14:48:13,153,Sale Line,,,,1.00000,39.99000,3.69908,0.00000,0.00000,43.68908,,Sharmark Black/Gold Shawl,,,,10007634,,,,
2026-04-08 14:48:11,153,Payment,,,,,,,,,,45.00000,Cash,,,,,,,,
2026-04-08 14:48:13,153,Payment,,,,,,,,,,-1.31000,Cash,,,,,,,,
2026-04-08 13:37:07,152,Sale,WALKIN,,,6,131.94,12.20,0.00000,0.00000,144.14,,1 X Lila Rose Black Floral SL Dress / Size L + 1 X Loft Colorful Sheer SS / Size L + 1 X TanFloralPullOver/SizeL + 1 X Calvin Klein Black SL Top / Size L + 1 X Cable & Gauge Black SL Lace Top / Size XL + 1 X Mellowday White & Blue Top / Size XL,POS 2,tomderobe@gmail.com,CLOSED,,,,closed,
2026-04-08 13:37:07,152,Sale Line,,,,1.00000,28.99000,2.68158,0.00000,0.00000,31.67158,,Lila Rose Black Floral SL Dress / Size L,,,,10005122,,,,
2026-04-08 13:37:07,152,Sale Line,,,,1.00000,14.99000,1.38658,0.00000,0.00000,16.37658,,Loft Colorful Sheer SS / Size L,,,,10004766,,,,
2026-04-08 13:37:07,152,Sale Line,,,,1.00000,22.99000,2.12658,0.00000,0.00000,25.11658,,TanFloralPullOver/SizeL,,,,10005463,,,,
2026-04-08 13:37:07,152,Sale Line,,,,1.00000,22.99000,2.12658,0.00000,0.00000,25.11658,,Calvin Klein Black SL Top / Size L,,,,10005658,,,,
2026-04-08 13:37:07,152,Sale Line,,,,1.00000,18.99000,1.75658,0.00000,0.00000,20.74658,,Cable & Gauge Black SL Lace Top / Size XL,,,,10006538,,,,
2026-04-08 13:37:07,152,Sale Line,,,,1.00000,22.99000,2.12658,0.00000,0.00000,25.11658,,Mellowday White & Blue Top / Size XL,,,,10006571,,,,
2026-04-08 13:36:55,152,Payment,,,,,,,,,,144.14000,Lightspeed Payments,,,,,,,,
2026-04-08 12:08:39,151,Sale,WALKIN,,,1,14.99,1.39,0.00000,0.00000,16.38,,1 X Divided White Blouse / Size 8,POS 2,tomderobe@gmail.com,CLOSED,,,,closed,
2026-04-08 12:08:39,151,Sale Line,,,,1.00000,14.99000,1.38658,0.00000,0.00000,16.37658,,Divided White Blouse / Size 8,,,,10006959,,,,
2026-04-08 12:08:25,151,Payment,,,,,,,,,,16.38000,Lightspeed Payments,,,,,,,,
2026-04-08 11:48:04,150,Sale,WALKIN,,,1,32.99,3.05,0.00000,0.00000,36.04,,1 X NWT Doe & Rae Black SL Top S,POS 2,tomderobe@gmail.com,CLOSED,,,,closed,
2026-04-08 11:48:04,150,Sale Line,,,,1.00000,32.99000,3.05158,0.00000,0.00000,36.04158,,NWT Doe & Rae Black SL Top S,,,,10005588,,,,
2026-04-08 11:47:53,150,Payment,,,,,,,,,,36.04000,Lightspeed Payments,,,,,,,,
2026-04-05 18:18:40,149,Sale,WALKIN,,,1,59.99,5.55,0.00000,0.00000,65.54,,1 X Tory Burch Pink Blue Small Purse,POS 2,tomderobe@gmail.com,CLOSED,,,,closed,
2026-04-05 18:18:40,149,Sale Line,,,,1.00000,59.99000,5.54908,0.00000,0.00000,65.53908,,Tory Burch Pink Blue Small Purse,,,,10005853,,,,
2026-04-05 18:18:31,149,Payment,,,,,,,,,,65.54000,Lightspeed Payments,,,,,,,,
2026-04-05 18:11:40,148,Sale,WALKIN,,,1,25.99,2.40,0.00000,0.00000,28.39,,1 X Mlle Gabrielle White Orange Floral Dress / Size 18W,POS 2,tomderobe@gmail.com,CLOSED,,,,closed,
2026-04-05 18:11:40,148,Sale Line,,,,1.00000,25.99000,2.40408,0.00000,0.00000,28.39408,,Mlle Gabrielle White Orange Floral Dress / Size 18W,,,,10006708,,,,
2026-04-05 18:11:35,148,Payment,,,,,,,,,,28.39000,Lightspeed Payments,,,,,,,,
2026-04-05 17:43:37,147,Sale,WALKIN,,,1,15.99,1.48,0.00000,0.00000,17.47,,1 X GC White/Beige Sandals/Size 6.5,POS 2,tomderobe@gmail.com,CLOSED,,,,closed,
2026-04-05 17:43:37,147,Sale Line,,,,1.00000,15.99000,1.47908,0.00000,0.00000,17.46908,,GC White/Beige Sandals/Size 6.5,,,,10007069,,,,
2026-04-05 17:43:30,147,Payment,,,,,,,,,,17.47000,Lightspeed Payments,,,,,,,,
2026-04-05 17:41:35,146,Sale,WALKIN,,,2,48.99,4.53,0.00000,0.00000,53.52,,1 X VINTAGE Maverick Jean Blazer / Size M + 1 X H&M Orange Sweater Size M,POS 2,tomderobe@gmail.com,CLOSED,,,,closed,
2026-04-05 17:41:35,146,Sale Line,,,,1.00000,25.99000,2.40408,0.00000,0.00000,28.39408,,VINTAGE Maverick Jean Blazer / Size M,,,,10006289,,,,
2026-04-05 17:41:35,146,Sale Line,,,,1.00000,23.00000,2.12750,0.00000,0.00000,25.12750,,H&M Orange Sweater Size M,,,,10007555,,,,
2026-04-05 17:41:29,146,Payment,,,,,,,,,,53.52000,Lightspeed Payments,,,,,,,,
2026-04-05 17:03:13,145,Sale,WALKIN,,,7,161.93,14.98,0.00000,0.00000,176.91,,1 X Free People Blue Skirt / Size 6 + 1 X Zara Cream SL Bodysuit / Size S + 1 X Majora Purple Strapless Jumpsuit / Size M + 1 X Tahari Arthur Blue Green SL Top / Size L + 1 X Designers  Original Sleeveless Top Black Size L + 1 X AnnTaylor/ LeafPrint Top/ Grn/ Size M + 1 X Flying T NWT Black Brown Knit Dress / Size L,POS 2,tomderobe@gmail.com,CLOSED,,,,closed,
2026-04-05 17:03:13,145,Sale Line,,,,1.00000,23.99000,2.21908,0.00000,0.00000,26.20908,,Free People Blue Skirt / Size 6,,,,10007360,,,,
2026-04-05 17:03:13,145,Sale Line,,,,1.00000,12.99000,1.20158,0.00000,0.00000,14.19158,,Zara Cream SL Bodysuit / Size S,,,,10005100,,,,
2026-04-05 17:03:13,145,Sale Line,,,,1.00000,32.99000,3.05158,0.00000,0.00000,36.04158,,Majora Purple Strapless Jumpsuit / Size M,,,,10005529,,,,
2026-04-05 17:03:13,145,Sale Line,,,,1.00000,18.99000,1.75658,0.00000,0.00000,20.74658,,Tahari Arthur Blue Green SL Top / Size L,,,,10006570,,,,
2026-04-05 17:03:13,145,Sale Line,,,,1.00000,19.99000,1.84908,0.00000,0.00000,21.83908,,Designers  Original Sleeveless Top Black Size L,,,,10003382,,,,
2026-04-05 17:03:13,145,Sale Line,,,,1.00000,17.99000,1.66408,0.00000,0.00000,19.65408,,AnnTaylor/ LeafPrint Top/ Grn/ Size M,,,,10005071,,,,
2026-04-05 17:03:13,145,Sale Line,,,,1.00000,34.99000,3.23658,0.00000,0.00000,38.22658,,Flying T NWT Black Brown Knit Dress / Size L,,,,10006519,,,,
2026-04-05 17:03:07,145,Payment,,,,,,,,,,176.91000,Lightspeed Payments,,,,,,,,
2026-04-05 15:23:13,144,Sale,WALKIN,,,1,19.99,1.85,0.00000,0.00000,21.84,,1 X Muse Valley Sheer Baby Pink Dress / Size L,POS 2,tomderobe@gmail.com,CLOSED,,,,closed,
2026-04-05 15:23:13,144,Sale Line,,,,1.00000,19.99000,1.84908,0.00000,0.00000,21.83908,,Muse Valley Sheer Baby Pink Dress / Size L,,,,10006699,,,,
2026-04-05 15:23:05,144,Payment,,,,,,,,,,21.84000,Lightspeed Payments,,,,,,,,
2026-04-05 15:22:33,143,Sale,WALKIN,,,2,33.98,3.14,0.00000,0.00000,37.12,,1 X Guns & Roses Graphic T / Size L + 1 X Entro Black Skirt Size L,POS 2,tomderobe@gmail.com,CLOSED,,,,closed,
2026-04-05 15:22:33,143,Sale Line,,,,1.00000,14.99000,1.38658,0.00000,0.00000,16.37658,,Guns & Roses Graphic T / Size L,,,,10004589,,,,
2026-04-05 15:22:33,143,Sale Line,,,,1.00000,18.99000,1.75658,0.00000,0.00000,20.74658,,Entro Black Skirt Size L,,,,10007243,,,,
2026-04-05 15:22:26,143,Payment,,,,,,,,,,37.12000,Lightspeed Payments,,,,,,,,
2026-04-05 13:47:53,142,Sale,WALKIN,,,1,14.99,1.39,0.00000,0.00000,16.38,,1 X Arizona Pink Lace SS Skirt / Size M,POS 2,tomderobe@gmail.com,CLOSED,,,,closed,
2026-04-05 13:47:53,142,Sale Line,,,,1.00000,14.99000,1.38658,0.00000,0.00000,16.37658,,Arizona Pink Lace SS Skirt / Size M,,,,10004819,,,,
2026-04-05 13:47:51,142,Payment,,,,,,,,,,17.00000,Cash,,,,,,,,
2026-04-05 13:47:53,142,Payment,,,,,,,,,,-0.62000,Cash,,,,,,,,
2026-04-05 13:34:00,141,Sale,WALKIN,,,2,41.98,3.88,0.00000,0.00000,45.86,,1 X Black & White Knit Cover Up / Size M + 1 X Elite Belt Silver Checkered,POS 2,tomderobe@gmail.com,CLOSED,,,,closed,
2026-04-05 13:34:00,141,Sale Line,,,,1.00000,25.99000,2.40408,0.00000,0.00000,28.39408,,Black & White Knit Cover Up / Size M,,,,10005965,,,,
2026-04-05 13:34:00,141,Sale Line,,,,1.00000,15.99000,1.47908,0.00000,0.00000,17.46908,,Elite Belt Silver Checkered,,,,10006599,,,,
2026-04-05 13:33:46,141,Payment,,,,,,,,,,45.86000,Lightspeed Payments,,,,,,,,
2026-04-05 13:09:58,140,Sale,WALKIN,,,1,24.99,2.31,0.00000,0.00000,27.3,,1 X Asos Design White Dress/ Size 2,POS 2,tomderobe@gmail.com,CLOSED,,,,closed,
2026-04-05 13:09:58,140,Sale Line,,,,1.00000,24.99000,2.31158,0.00000,0.00000,27.30158,,Asos Design White Dress/ Size 2,,,,10007336,,,,
2026-04-05 13:09:52,140,Payment,,,,,,,,,,27.30000,Lightspeed Payments,,,,,,,,
2026-04-05 13:04:57,139,Sale,WALKIN,,,1,39.99,3.70,0.00000,0.00000,43.69,,1 X Desigual Army Green Jacket w Beading / Size 44,POS 2,tomderobe@gmail.com,CLOSED,,,,closed,
2026-04-05 13:04:57,139,Sale Line,,,,1.00000,39.99000,3.69908,0.00000,0.00000,43.68908,,Desigual Army Green Jacket w Beading / Size 44,,,,10006580,,,,
2026-04-05 13:04:49,139,Payment,,,,,,,,,,43.69000,Lightspeed Payments,,,,,,,,
2026-04-05 12:35:45,138,Sale,WALKIN,,,2,111.98,10.36,0.00000,0.00000,122.34,,1 X brown leather corral cowboy boot/8-8.5 + 1 X Madison/ Knit Cover/ Red/ Size L,POS 2,tomderobe@gmail.com,CLOSED,,,,closed,
2026-04-05 12:35:45,138,Sale Line,,,,1.00000,85.99000,7.95408,0.00000,0.00000,93.94408,,brown leather corral cowboy boot/8-8.5,,,,10006668,,,,
2026-04-05 12:35:45,138,Sale Line,,,,1.00000,25.99000,2.40408,0.00000,0.00000,28.39408,,Madison/ Knit Cover/ Red/ Size L,,,,10005431,,,,
2026-04-05 12:35:37,138,Payment,,,,,,,,,,122.34000,Lightspeed Payments,,,,,,,,
2026-04-05 12:18:45,137,Sale,WALKIN,,,1,20.00,1.85,0.00000,0.00000,21.85,,1 X Flowers,POS 2,tomderobe@gmail.com,CLOSED,,,,closed,
2026-04-05 12:18:45,137,Sale Line,,,,1.00000,20.00000,1.85000,0.00000,0.00000,21.85000,,Flowers,,,,10007594,,,,
2026-04-05 12:18:38,137,Payment,,,,,,,,,,21.85000,Lightspeed Payments,,,,,,,,
2026-04-05 11:55:57,136,Sale,WALKIN,,,1,14.99,1.39,0.00000,0.00000,16.38,,1 X Black & Green Floral Skirt / Size M,POS 2,tomderobe@gmail.com,CLOSED,,,,closed,
2026-04-05 11:55:57,136,Sale Line,,,,1.00000,14.99000,1.38658,0.00000,0.00000,16.37658,,Black & Green Floral Skirt / Size M,,,,10005526,,,,
2026-04-05 11:55:51,136,Payment,,,,,,,,,,16.38000,Lightspeed Payments,,,,,,,,
2026-04-05 11:08:40,135,Sale,WALKIN,,,1,45.99,4.25,0.00000,0.00000,50.24,,1 X Listicle Light Blue Dress Size L,POS 2,tomderobe@gmail.com,CLOSED,,,,closed,
2026-04-05 11:08:40,135,Sale Line,,,,1.00000,45.99000,4.25408,0.00000,0.00000,50.24408,,Listicle Light Blue Dress Size L,,,,10007261,,,,
2026-04-05 11:08:13,135,Payment,,,,,,,,,,50.24000,Lightspeed Payments,,,,,,,,
2026-04-05 11:06:34,134,Sale,WALKIN,,,1,49.99,4.62,0.00000,0.00000,54.61,,1 X house of harlow multi color maxi dress/S,POS 2,tomderobe@gmail.com,CLOSED,,,,closed,
2026-04-05 11:06:34,134,Sale Line,,,,1.00000,49.99000,4.62408,0.00000,0.00000,54.61408,,house of harlow multi color maxi dress/S,,,,10006649,,,,
2026-04-05 11:06:24,134,Payment,,,,,,,,,,54.61000,Lightspeed Payments,,,,,,,,
2026-04-04 19:35:36,133,Sale,WALKIN,,,4,81.97,7.58,0.00000,0.00000,89.55,,1 X Allegra White Blouse Bodysuit / Size XS + 1 X Flowers + 1 X Banana Republic Black Dress Size 0 + 1 X Banana Republic Blue Striped Dress / Size 00,POS 2,tomderobe@gmail.com,CLOSED,,,,closed,
2026-04-04 19:35:36,133,Sale Line,,,,1.00000,16.99000,1.57158,0.00000,0.00000,18.56158,,Allegra White Blouse Bodysuit / Size XS,,,,10006973,,,,
2026-04-04 19:35:36,133,Sale Line,,,,1.00000,20.00000,1.85000,0.00000,0.00000,21.85000,,Flowers,,,,10007594,,,,
2026-04-04 19:35:36,133,Sale Line,,,,1.00000,25.99000,2.40408,0.00000,0.00000,28.39408,,Banana Republic Black Dress Size 0,,,,10007195,,,,
2026-04-04 19:35:36,133,Sale Line,,,,1.00000,18.99000,1.75658,0.00000,0.00000,20.74658,,Banana Republic Blue Striped Dress / Size 00,,,,10005495,,,,
2026-04-04 19:35:30,133,Payment,,,,,,,,,,89.55000,Lightspeed Payments,,,,,,,,
2026-04-04 19:27:28,132,Sale,WALKIN,,,1,23.99,2.22,0.00000,0.00000,26.21,,1 X Ilaria Sartori Black Gold Sandals/7.5,POS 2,tomderobe@gmail.com,CLOSED,,,,closed,
2026-04-04 19:27:28,132,Sale Line,,,,1.00000,23.99000,2.21908,0.00000,0.00000,26.20908,,Ilaria Sartori Black Gold Sandals/7.5,,,,10007083,,,,
2026-04-04 19:27:22,132,Payment,,,,,,,,,,26.21000,Lightspeed Payments,,,,,,,,
2026-04-04 17:50:21,131,Sale,WALKIN,,,2,33.98,3.14,0.00000,0.00000,37.12,,1 X red skirt/2 + 1 X DeltaPW/Underdog/SizeM,POS 2,tomderobe@gmail.com,CLOSED,,,,closed,
2026-04-04 17:50:21,131,Sale Line,,,,1.00000,22.99000,2.12658,0.00000,0.00000,25.11658,,red skirt/2,,,,10006178,,,,
2026-04-04 17:50:21,131,Sale Line,,,,1.00000,10.99000,1.01658,0.00000,0.00000,12.00658,,DeltaPW/Underdog/SizeM,,,,10007396,,,,
2026-04-04 17:50:13,131,Payment,,,,,,,,,,37.12000,Lightspeed Payments,,,,,,,,
2026-04-04 17:46:44,130,Sale,WALKIN,,,1,14.99,1.39,0.00000,0.00000,16.38,,1 X Life is Good Pink Adjustable Size Hat,POS 2,tomderobe@gmail.com,CLOSED,,,,closed,
2026-04-04 17:46:44,130,Sale Line,,,,1.00000,14.99000,1.38658,0.00000,0.00000,16.37658,,Life is Good Pink Adjustable Size Hat,,,,10006624,,,,
2026-04-04 17:46:28,130,Payment,,,,,,,,,,16.38000,Lightspeed Payments,,,,,,,,
2026-04-04 17:15:42,129,Sale,WALKIN,,,3,86.97,8.04,0.00000,0.00000,95.01,,1 X NBD Sequin Top Size S + 1 X Daytrip Red Lace Tshirt / Size S + 1 X Pimatee Rascal Flatts T-Shirt XL,POS 2,tomderobe@gmail.com,CLOSED,,,,closed,
2026-04-04 17:15:42,129,Sale Line,,,,1.00000,49.99000,4.62408,0.00000,0.00000,54.61408,,NBD Sequin Top Size S,,,,10007498,,,,
2026-04-04 17:15:42,129,Sale Line,,,,1.00000,18.99000,1.75658,0.00000,0.00000,20.74658,,Daytrip Red Lace Tshirt / Size S,,,,10005748,,,,
2026-04-04 17:15:42,129,Sale Line,,,,1.00000,17.99000,1.66408,0.00000,0.00000,19.65408,,Pimatee Rascal Flatts T-Shirt XL,,,,10007565,,,,
2026-04-04 17:15:36,129,Payment,,,,,,,,,,95.01000,Lightspeed Payments,,,,,,,,
2026-04-04 16:57:54,128,Sale,WALKIN,,,5,131.95,12.21,0.00000,0.00000,144.16,,1 X Coast Rainbow Tank / Size 10 + 1 X Bisou Bisou Lavender Satin Tank / Size L + 1 X Urban O Green Purple Sheer Tank / Size M + 1 X Victoria Secret purple tanktop/xl + 1 X Sears Yellow Intimate Slip / Size M,POS 2,tomderobe@gmail.com,CLOSED,,,,closed,
2026-04-04 16:57:54,128,Sale Line,,,,1.00000,32.99000,3.05158,0.00000,0.00000,36.04158,,Coast Rainbow Tank / Size 10,,,,10005612,,,,
2026-04-04 16:57:54,128,Sale Line,,,,1.00000,27.99000,2.58908,0.00000,0.00000,30.57908,,Bisou Bisou Lavender Satin Tank / Size L,,,,10006751,,,,
2026-04-04 16:57:54,128,Sale Line,,,,1.00000,22.99000,2.12658,0.00000,0.00000,25.11658,,Urban O Green Purple Sheer Tank / Size M,,,,10005845,,,,
2026-04-04 16:57:54,128,Sale Line,,,,1.00000,25.99000,2.40408,0.00000,0.00000,28.39408,,Victoria Secret purple tanktop/xl,,,,10007454,,,,
2026-04-04 16:57:54,128,Sale Line,,,,1.00000,21.99000,2.03408,0.00000,0.00000,24.02408,,Sears Yellow Intimate Slip / Size M,,,,10003934,,,,
2026-04-04 16:57:48,128,Payment,,,,,,,,,,144.16000,Lightspeed Payments,,,,,,,,
2026-04-04 16:47:54,127,Sale,WALKIN,,,2,58.98,5.46,0.00000,0.00000,64.44,,1 X Zara White SL Crop Top / Size XS + 1 X cloth & stone white linen dress shirt/L,POS 2,tomderobe@gmail.com,CLOSED,,,,closed,
2026-04-04 16:47:54,127,Sale Line,,,,1.00000,28.99000,2.68158,0.00000,0.00000,31.67158,,Zara White SL Crop Top / Size XS,,,,10006961,,,,
2026-04-04 16:47:54,127,Sale Line,,,,1.00000,29.99000,2.77408,0.00000,0.00000,32.76408,,cloth & stone white linen dress shirt/L,,,,10006855,,,,
2026-04-04 16:47:47,127,Payment,,,,,,,,,,64.44000,Lightspeed Payments,,,,,,,,
2026-04-04 16:38:49,126,Sale,WALKIN,,,1,20.00,1.85,0.00000,0.00000,21.85,,1 X Flowers,POS 2,tomderobe@gmail.com,CLOSED,,,,closed,
2026-04-04 16:38:49,126,Sale Line,,,,1.00000,20.00000,1.85000,0.00000,0.00000,21.85000,,Flowers,,,,10007594,,,,
2026-04-04 16:38:43,126,Payment,,,,,,,,,,21.85000,Lightspeed Payments,,,,,,,,
2026-04-04 16:11:24,125,Sale,WALKIN,,,1,15.99,1.48,0.00000,0.00000,17.47,,1 X OldNavy/OrangeTankTop/SizeM,POS 2,tomderobe@gmail.com,CLOSED,,,,closed,
2026-04-04 16:11:24,125,Sale Line,,,,1.00000,15.99000,1.47908,0.00000,0.00000,17.46908,,OldNavy/OrangeTankTop/SizeM,,,,10004864,,,,
2026-04-04 16:11:17,125,Payment,,,,,,,,,,17.47000,Lightspeed Payments,,,,,,,,
2026-04-04 15:37:28,124,Sale,WALKIN,,,1,24.99,2.31,0.00000,0.00000,27.3,,1 X JCrew/BlackFlats/Size7,POS 2,tomderobe@gmail.com,CLOSED,,,,closed,
2026-04-04 15:37:28,124,Sale Line,,,,1.00000,24.99000,2.31158,0.00000,0.00000,27.30158,,JCrew/BlackFlats/Size7,,,,10004406,,,,
2026-04-04 15:37:18,124,Payment,,,,,,,,,,27.30000,Lightspeed Payments,,,,,,,,
2026-04-04 15:16:41,123,Sale,WALKIN,,,1,20.00,1.85,0.00000,0.00000,21.85,,1 X Flowers,POS 2,tomderobe@gmail.com,CLOSED,,,,closed,
2026-04-04 15:16:41,123,Sale Line,,,,1.00000,20.00000,1.85000,0.00000,0.00000,21.85000,,Flowers,,,,10007594,,,,
2026-04-04 15:16:32,123,Payment,,,,,,,,,,21.85000,Lightspeed Payments,,,,,,,,
2026-04-04 14:34:50,122,Sale,WALKIN,,,5,136.95,12.67,0.00000,0.00000,149.62,,1 X Karlie Pink Dress/Size XL + 1 X KateLord Prp StripeShrt/Size M + 1 X Resa Blue and Tan Dress/Size XS REAL SIZE OS + 1 X Lovestitch Dress Pink/White Size M + 1 X Perceptions White Knit Throw / Size 1X,POS 2,tomderobe@gmail.com,CLOSED,,,,closed,
2026-04-04 14:34:50,122,Sale Line,,,,1.00000,25.99000,2.40408,0.00000,0.00000,28.39408,,Karlie Pink Dress/Size XL,,,,10006775,,,,
2026-04-04 14:34:50,122,Sale Line,,,,1.00000,19.99000,1.84908,0.00000,0.00000,21.83908,,KateLord Prp StripeShrt/Size M,,,,10004117,,,,
2026-04-04 14:34:50,122,Sale Line,,,,1.00000,32.99000,3.05158,0.00000,0.00000,36.04158,,Resa Blue and Tan Dress/Size XS REAL SIZE OS,,,,10005831,,,,
2026-04-04 14:34:50,122,Sale Line,,,,1.00000,37.99000,3.51408,0.00000,0.00000,41.50408,,Lovestitch Dress Pink/White Size M,,,,10007179,,,,
2026-04-04 14:34:50,122,Sale Line,,,,1.00000,19.99000,1.84908,0.00000,0.00000,21.83908,,Perceptions White Knit Throw / Size 1X,,,,10006975,,,,
2026-04-04 14:34:43,122,Payment,,,,,,,,,,149.62000,Lightspeed Payments,,,,,,,,
2026-04-04 14:08:13,121,Sale,WALKIN,,,1,19.99,1.85,0.00000,0.00000,21.84,,1 X GAP/WhiDotBttnDown/SizeS,POS 2,tomderobe@gmail.com,CLOSED,,,,closed,
2026-04-04 14:08:13,121,Sale Line,,,,1.00000,19.99000,1.84908,0.00000,0.00000,21.83908,,GAP/WhiDotBttnDown/SizeS,,,,10006873,,,,
2026-04-04 14:08:08,121,Payment,,,,,,,,,,21.84000,Lightspeed Payments,,,,,,,,
2026-04-04 13:41:58,120,Sale,WALKIN,,,1,18.99,1.76,0.00000,0.00000,20.75,,1 X Wrangler/JeanFlowerShorts/Size4,POS 2,tomderobe@gmail.com,CLOSED,,,,closed,
2026-04-04 13:41:58,120,Sale Line,,,,1.00000,18.99000,1.75658,0.00000,0.00000,20.74658,,Wrangler/JeanFlowerShorts/Size4,,,,10006790,,,,
2026-04-04 13:41:31,120,Payment,,,,,,,,,,20.75000,Lightspeed Payments,,,,,,,,
2026-04-04 13:40:29,119,Sale,WALKIN,,,1,20.00,1.85,0.00000,0.00000,21.85,,1 X Flowers,POS 2,tomderobe@gmail.com,CLOSED,,,,closed,
2026-04-04 13:40:29,119,Sale Line,,,,1.00000,20.00000,1.85000,0.00000,0.00000,21.85000,,Flowers,,,,10007594,,,,
2026-04-04 13:40:22,119,Payment,,,,,,,,,,21.85000,Lightspeed Payments,,,,,,,,
2026-04-04 13:18:48,118,Sale,WALKIN,,,3,55.97,5.18,0.00000,0.00000,61.15,,1 X Von Dutch Pink & Brown Hat + 1 X C&C red and white crochet dress/S + 1 X Zara/ Ruche Crop/ Cream/ Size XS,POS 2,tomderobe@gmail.com,CLOSED,,,,closed,
2026-04-04 13:18:48,118,Sale Line,,,,1.00000,29.99000,2.77408,0.00000,0.00000,32.76408,,Von Dutch Pink & Brown Hat,,,,10006615,,,,
2026-04-04 13:18:48,118,Sale Line,,,,1.00000,12.99000,1.20158,0.00000,0.00000,14.19158,,C&C red and white crochet dress/S,,,,10006839,,,,
2026-04-04 13:18:48,118,Sale Line,,,,1.00000,12.99000,1.20158,0.00000,0.00000,14.19158,,Zara/ Ruche Crop/ Cream/ Size XS,,,,10005087,,,,
2026-04-04 13:18:41,118,Payment,,,,,,,,,,61.15000,Lightspeed Payments,,,,,,,,
2026-04-04 12:43:29,117,Sale,WALKIN,,,1,32.99,3.05,0.00000,0.00000,36.04,,1 X dELia's Dress Blue Size XS,POS 2,tomderobe@gmail.com,CLOSED,,,,closed,
2026-04-04 12:43:29,117,Sale Line,,,,1.00000,32.99000,3.05158,0.00000,0.00000,36.04158,,dELia's Dress Blue Size XS,,,,10007262,,,,
2026-04-04 12:43:23,117,Payment,,,,,,,,,,36.04000,Lightspeed Payments,,,,,,,,
2026-04-04 12:05:23,116,Sale,WALKIN,,,3,78.97,7.30,0.00000,0.00000,86.27,,1 X Le Lis Black SL Silver Fringe Top / Size S + 1 X olivaceous/GrnCamotieShirt/SizeS + 1 X BCBG Burgundy Dress w Sleeves / Size M,POS 2,tomderobe@gmail.com,CLOSED,,,,closed,
2026-04-04 12:05:23,116,Sale Line,,,,1.00000,19.99000,1.84908,0.00000,0.00000,21.83908,,Le Lis Black SL Silver Fringe Top / Size S,,,,10006994,,,,
2026-04-04 12:05:23,116,Sale Line,,,,1.00000,22.99000,2.12658,0.00000,0.00000,25.11658,,olivaceous/GrnCamotieShirt/SizeS,,,,10006054,,,,
2026-04-04 12:05:23,116,Sale Line,,,,1.00000,35.99000,3.32908,0.00000,0.00000,39.31908,,BCBG Burgundy Dress w Sleeves / Size M,,,,10005984,,,,
2026-04-04 12:05:16,116,Payment,,,,,,,,,,86.27000,Lightspeed Payments,,,,,,,,
2026-04-04 12:02:33,115,Sale,WALKIN,,,1,29.99,2.77,0.00000,0.00000,32.76,,1 X Lydia USA Black Rhinestone Corset,POS 2,tomderobe@gmail.com,CLOSED,,,,closed,
2026-04-04 12:02:33,115,Sale Line,,,,1.00000,29.99000,2.77408,0.00000,0.00000,32.76408,,Lydia USA Black Rhinestone Corset,,,,10007124,,,,
2026-04-04 12:02:15,115,Payment,,,,,,,,,,100.00000,Cash,,,,,,,,
2026-04-04 12:02:33,115,Payment,,,,,,,,,,-67.24000,Cash,,,,,,,,
2026-04-04 11:54:04,114,Sale,WALKIN,,,1,13.99,1.29,0.00000,0.00000,15.28,,1 X National Coll Gray Vols Tshirt / Size S,POS 2,tomderobe@gmail.com,CLOSED,,,,closed,
2026-04-04 11:54:04,114,Sale Line,,,,1.00000,13.99000,1.29408,0.00000,0.00000,15.28408,,National Coll Gray Vols Tshirt / Size S,,,,10006523,,,,
2026-04-04 11:53:49,114,Payment,,,,,,,,,,15.28000,Lightspeed Payments,,,,,,,,
2026-04-04 11:23:08,113,Sale,WALKIN,,,1,45.99,4.25,0.00000,0.00000,50.24,,1 X NWT draper james/dress/org/4,POS 2,tomderobe@gmail.com,CLOSED,,,,closed,
2026-04-04 11:23:08,113,Sale Line,,,,1.00000,45.99000,4.25408,0.00000,0.00000,50.24408,,NWT draper james/dress/org/4,,,,10005819,,,,
2026-04-04 11:22:54,113,Payment,,,,,,,,,,50.24000,Lightspeed Payments,,,,,,,,
2026-04-04 11:21:47,112,Sale,WALKIN,,,1,24.99,2.31,0.00000,0.00000,27.3,,1 X Mariella B Sheer Longsleeve Duo / Size S,POS 2,tomderobe@gmail.com,CLOSED,,,,closed,
2026-04-04 11:21:47,112,Sale Line,,,,1.00000,24.99000,2.31158,0.00000,0.00000,27.30158,,Mariella B Sheer Longsleeve Duo / Size S,,,,10004537,,,,
2026-04-04 11:21:24,112,Payment,,,,,,,,,,27.30000,Lightspeed Payments,,,,,,,,
2026-04-04 11:16:45,111,Sale,WALKIN,,,1,24.99,2.31,0.00000,0.00000,27.3,,1 X Maggy London Blue & White SS Dress / Size 2,POS 2,tomderobe@gmail.com,CLOSED,,,,closed,
2026-04-04 11:16:45,111,Sale Line,,,,1.00000,24.99000,2.31158,0.00000,0.00000,27.30158,,Maggy London Blue & White SS Dress / Size 2,,,,10007464,,,,
2026-04-04 11:16:36,111,Payment,,,,,,,,,,27.30000,Lightspeed Payments,,,,,,,,
2026-04-04 11:05:24,110,Sale,WALKIN,,,1,45.99,4.25,0.00000,0.00000,50.24,,1 X Lily Pulitzer Orange Dress,POS 2,tomderobe@gmail.com,CLOSED,,,,closed,
2026-04-04 11:05:24,110,Sale Line,,,,1.00000,45.99000,4.25408,0.00000,0.00000,50.24408,,Lily Pulitzer Orange Dress,,,,10006809,,,,
2026-04-04 11:05:12,110,Payment,,,,,,,,,,50.24000,Lightspeed Payments,,,,,,,,
2026-04-04 10:53:45,109,Sale,WALKIN,,,1,15.99,1.48,0.00000,0.00000,17.47,,1 X Express/LaceCami/Lilac/SizeXL,POS 2,tomderobe@gmail.com,CLOSED,,,,closed,
2026-04-04 10:53:45,109,Sale Line,,,,1.00000,15.99000,1.47908,0.00000,0.00000,17.46908,,Express/LaceCami/Lilac/SizeXL,,,,10004095,,,,
2026-04-04 10:53:33,109,Payment,,,,,,,,,,17.47000,Lightspeed Payments,,,,,,,,
2026-04-03 20:29:54,108,Sale,WALKIN,,,1,22.99,2.13,0.00000,0.00000,25.12,,1 X Zara Blue Flats/Size 11,POS 2,tomderobe@gmail.com,CLOSED,,,,closed,
2026-04-03 20:29:54,108,Sale Line,,,,1.00000,22.99000,2.12658,0.00000,0.00000,25.11658,,Zara Blue Flats/Size 11,,,,10007092,,,,
2026-04-03 20:29:46,108,Payment,,,,,,,,,,25.12000,Lightspeed Payments,,,,,,,,
2026-04-03 20:07:56,107,Sale,WALKIN,,,1,23.99,2.22,0.00000,0.00000,26.21,,1 X Billabong white dress/M,POS 2,tomderobe@gmail.com,CLOSED,,,,closed,
2026-04-03 20:07:56,107,Sale Line,,,,1.00000,23.99000,2.21908,0.00000,0.00000,26.20908,,Billabong white dress/M,,,,10006652,,,,
2026-04-03 20:07:50,107,Payment,,,,,,,,,,26.21000,Lightspeed Payments,,,,,,,,
2026-04-03 19:34:14,106,Sale,WALKIN,,,1,18.99,1.76,0.00000,0.00000,20.75,,1 X Apollo Jeans Sleeveless Denim Jacket / Size S,POS 2,tomderobe@gmail.com,CLOSED,,,,closed,
2026-04-03 19:34:14,106,Sale Line,,,,1.00000,18.99000,1.75658,0.00000,0.00000,20.74658,,Apollo Jeans Sleeveless Denim Jacket / Size S,,,,10007126,,,,
2026-04-03 19:34:07,106,Payment,,,,,,,,,,20.75000,Lightspeed Payments,,,,,,,,
2026-04-03 19:33:37,105,Sale,WALKIN,,,1,15.99,1.48,0.00000,0.00000,17.47,,1 X Brown Belt with Gold Beads,POS 2,tomderobe@gmail.com,CLOSED,,,,closed,
2026-04-03 19:33:37,105,Sale Line,,,,1.00000,15.99000,1.47908,0.00000,0.00000,17.46908,,Brown Belt with Gold Beads,,,,10006371,,,,
2026-04-03 19:33:29,105,Payment,,,,,,,,,,17.47000,Lightspeed Payments,,,,,,,,
2026-04-03 19:05:47,104,Sale,WALKIN,,,2,32.98,3.05,0.00000,0.00000,36.03,,1 X Blowfish Brown Sandals/Size 7.5 + 1 X Hand Painted Owl Pin VINTAGE,POS 2,tomderobe@gmail.com,CLOSED,,,,closed,
2026-04-03 19:05:47,104,Sale Line,,,,1.00000,16.99000,1.57158,0.00000,0.00000,18.56158,,Blowfish Brown Sandals/Size 7.5,,,,10007079,,,,
2026-04-03 19:05:47,104,Sale Line,,,,1.00000,15.99000,1.47908,0.00000,0.00000,17.46908,,Hand Painted Owl Pin VINTAGE,,,,10007406,,,,
2026-04-03 19:05:42,104,Payment,,,,,,,,,,50.00000,Cash,,,,,,,,
2026-04-03 19:05:47,104,Payment,,,,,,,,,,-13.97000,Cash,,,,,,,,
2026-04-03 18:56:06,103,Sale,WALKIN,,,4,96.96,8.97,0.00000,0.00000,105.93,,1 X stjohnsbay/sht/rd strip/1x + 1 X Chelsea Red Floral SS Top / Size 1X + 1 X Johnny Was/ Shoulder Bag + 1 X Chistopher Banks Grey Blazer Size XL,POS 2,tomderobe@gmail.com,CLOSED,,,,closed,
2026-04-03 18:56:06,103,Sale Line,,,,1.00000,16.99000,1.57158,0.00000,0.00000,18.56158,,stjohnsbay/sht/rd strip/1x,,,,10004950,,,,
2026-04-03 18:56:06,103,Sale Line,,,,1.00000,24.99000,2.31158,0.00000,0.00000,27.30158,,Chelsea Red Floral SS Top / Size 1X,,,,10005634,,,,
2026-04-03 18:56:06,103,Sale Line,,,,1.00000,25.99000,2.40408,0.00000,0.00000,28.39408,,Johnny Was/ Shoulder Bag,,,,10005083,,,,
2026-04-03 18:56:06,103,Sale Line,,,,1.00000,28.99000,2.68158,0.00000,0.00000,31.67158,,Chistopher Banks Grey Blazer Size XL,,,,10007257,,,,
2026-04-03 18:55:59,103,Payment,,,,,,,,,,105.93000,Lightspeed Payments,,,,,,,,
2026-04-03 18:22:43,102,Sale,WALKIN,,,1,23.00,2.13,0.00000,0.00000,25.13,,1 X Comfort Orange Heels Size 8,POS 2,tomderobe@gmail.com,CLOSED,,,,closed,
2026-04-03 18:22:43,102,Sale Line,,,,1.00000,23.00000,2.12750,0.00000,0.00000,25.12750,,Comfort Orange Heels Size 8,,,,10007545,,,,
2026-04-03 18:22:35,102,Payment,,,,,,,,,,25.13000,Lightspeed Payments,,,,,,,,
2026-04-03 17:37:51,101,Sale,WALKIN,,,1,25.99,2.40,0.00000,0.00000,28.39,,1 X Blk&WhiLaceSkirt/SizeS,POS 2,tomderobe@gmail.com,CLOSED,,,,closed,
2026-04-03 17:37:51,101,Sale Line,,,,1.00000,25.99000,2.40408,0.00000,0.00000,28.39408,,Blk&WhiLaceSkirt/SizeS,,,,10004856,,,,
2026-04-03 17:37:42,101,Payment,,,,,,,,,,28.39000,Lightspeed Payments,,,,,,,,
2026-04-03 17:21:18,100,Sale,WALKIN,,,1,24.99,2.31,0.00000,0.00000,27.3,,1 X Nubile Jean Lightwash Miniskirt / Size XL,POS 2,tomderobe@gmail.com,CLOSED,,,,closed,
2026-04-03 17:21:18,100,Sale Line,,,,1.00000,24.99000,2.31158,0.00000,0.00000,27.30158,,Nubile Jean Lightwash Miniskirt / Size XL,,,,10005252,,,,
2026-04-03 17:21:09,100,Payment,,,,,,,,,,27.30000,Lightspeed Payments,,,,,,,,
2026-04-03 17:18:15,99,Sale,WALKIN,,,1,17.99,1.66,0.00000,0.00000,19.65,,1 X Unknown Black Top Size M,POS 2,tomderobe@gmail.com,CLOSED,,,,closed,
2026-04-03 17:18:15,99,Sale Line,,,,1.00000,17.99000,1.66408,0.00000,0.00000,19.65408,,Unknown Black Top Size M,,,,10007592,,,,
2026-04-03 17:18:08,99,Payment,,,,,,,,,,19.65000,Lightspeed Payments,,,,,,,,
2026-04-03 17:13:16,98,Sale,WALKIN,,,1,16.00,1.48,0.00000,0.00000,17.48,,1 X Garage Jean Skort / Size S,POS 2,tomderobe@gmail.com,CLOSED,,,,closed,
2026-04-03 17:13:16,98,Sale Line,,,,1.00000,16.00000,1.48000,0.00000,0.00000,17.48000,,Garage Jean Skort / Size S,,,,10006676,,,,
2026-04-03 17:13:10,98,Payment,,,,,,,,,,17.48000,Lightspeed Payments,,,,,,,,
2026-04-03 17:08:56,97,Sale,WALKIN,,,1,14.99,1.39,0.00000,0.00000,16.38,,1 X Eunina White Shorts/Size S,POS 2,tomderobe@gmail.com,CLOSED,,,,closed,
2026-04-03 17:08:56,97,Sale Line,,,,1.00000,14.99000,1.38658,0.00000,0.00000,16.37658,,Eunina White Shorts/Size S,,,,10007029,,,,
2026-04-03 17:08:45,97,Payment,,,,,,,,,,16.38000,Lightspeed Payments,,,,,,,,
2026-04-03 16:26:53,96,Sale,Ashley-GLP2,Ashley Lee,,2,42.99,3.98,0.00000,0.00000,46.97,,1 X CttnCandyLA/AniPrintTop/SizeS + 1 X Freys/BrwnSunglasses,POS 2,tomderobe@gmail.com,CLOSED,,,,closed,
2026-04-03 16:26:53,96,Sale Line,,,,1.00000,12.99000,1.20158,0.00000,0.00000,14.19158,,CttnCandyLA/AniPrintTop/SizeS,,,,10005319,,,,
2026-04-03 16:26:53,96,Sale Line,,,,1.00000,30.00000,2.77500,0.00000,0.00000,32.77500,,Freys/BrwnSunglasses,,,,10007312,,,,
2026-04-03 16:26:44,96,Payment,,,,,,,,,,29.00000,Store Credit,,,,,,,,
2026-04-03 16:26:47,96,Payment,,,,,,,,,,17.97000,Lightspeed Payments,,,,,,,,
2026-04-03 15:38:44,95,Sale,WALKIN,,,1,22.99,2.13,0.00000,0.00000,25.12,,1 X The Sak Hot Pink Bag,POS 2,tomderobe@gmail.com,CLOSED,,,,closed,
2026-04-03 15:38:44,95,Sale Line,,,,1.00000,22.99000,2.12658,0.00000,0.00000,25.11658,,The Sak Hot Pink Bag,,,,10007108,,,,
2026-04-03 15:38:37,95,Payment,,,,,,,,,,25.12000,Lightspeed Payments,,,,,,,,
2026-04-03 15:25:43,94,Sale,WALKIN,,,1,75.00,6.94,0.00000,0.00000,81.94,,1 X Silver Metal Skulls Ring Purse,POS 2,tomderobe@gmail.com,CLOSED,,,,closed,
2026-04-03 15:25:43,94,Sale Line,,,,1.00000,75.00000,6.93750,0.00000,0.00000,81.93750,,Silver Metal Skulls Ring Purse,,,,10007197,,,,
2026-04-03 15:25:24,94,Payment,,,,,,,,,,81.94000,Lightspeed Payments,,,,,,,,
2026-04-03 15:24:53,93,Sale,WALKIN,,,1,22.99,2.13,0.00000,0.00000,25.12,,1 X Indulge Dress Black/White Size M,POS 2,tomderobe@gmail.com,CLOSED,,,,closed,
2026-04-03 15:24:53,93,Sale Line,,,,1.00000,22.99000,2.12658,0.00000,0.00000,25.11658,,Indulge Dress Black/White Size M,,,,10007260,,,,
2026-04-03 15:24:37,93,Payment,,,,,,,,,,25.12000,Lightspeed Payments,,,,,,,,
2026-04-03 14:37:56,92,Sale,WALKIN,,,1,20.00,1.85,0.00000,0.00000,21.85,,1 X Flowers,POS 2,tomderobe@gmail.com,CLOSED,,,,closed,
2026-04-03 14:37:56,92,Sale Line,,,,1.00000,20.00000,1.85000,0.00000,0.00000,21.85000,,Flowers,,,,10007594,,,,
2026-04-03 14:37:49,92,Payment,,,,,,,,,,21.85000,Lightspeed Payments,,,,,,,,
2026-04-03 14:32:07,91,Sale,Nicole-VGFQ,Nicole Workman,,2,31.98,2.96,0.00000,0.00000,34.94,,1 X Unknown Tan Hat + 1 X Parkhurst Silver Sequin Vest / Size L,POS 2,tomderobe@gmail.com,CLOSED,,,,closed,
2026-04-03 14:32:07,91,Sale Line,,,,1.00000,7.99000,0.73908,0.00000,0.00000,8.72908,,Unknown Tan Hat,,,,10007093,,,,
2026-04-03 14:32:07,91,Sale Line,,,,1.00000,23.99000,2.21908,0.00000,0.00000,26.20908,,Parkhurst Silver Sequin Vest / Size L,,,,10006516,,,,
2026-04-03 14:32:07,91,Payment,,,,,,,,,,34.94000,Store Credit,,,,,,,,
2026-04-03 14:13:41,90,Sale,WALKIN,,,2,50.98,4.72,0.00000,0.00000,55.7,,1 X Abercrombie & F Blue Crop Cardigan / Size XS + 1 X NWT PrettyLittle Thing Skirt Size 8,POS 2,tomderobe@gmail.com,CLOSED,,,,closed,
2026-04-03 14:13:41,90,Sale Line,,,,1.00000,24.99000,2.31158,0.00000,0.00000,27.30158,,Abercrombie & F Blue Crop Cardigan / Size XS,,,,10005967,,,,
2026-04-03 14:13:41,90,Sale Line,,,,1.00000,25.99000,2.40408,0.00000,0.00000,28.39408,,NWT PrettyLittle Thing Skirt Size 8,,,,10007203,,,,
2026-04-03 14:13:25,90,Payment,,,,,,,,,,55.70000,Lightspeed Payments,,,,,,,,
2026-04-03 14:07:25,89,Sale,WALKIN,,,3,63.97,5.92,0.00000,0.00000,69.89,,1 X Silence&Noise Multi-Color Tube Top S + 1 X TheOutfit/White Floral Top/Size S + 1 X Nanette Lepore Camisole Black,POS 2,tomderobe@gmail.com,CLOSED,,,,closed,
2026-04-03 14:07:25,89,Sale Line,,,,1.00000,25.99000,2.40408,0.00000,0.00000,28.39408,,Silence&Noise Multi-Color Tube Top S,,,,10007572,,,,
2026-04-03 14:07:25,89,Sale Line,,,,1.00000,21.99000,2.03408,0.00000,0.00000,24.02408,,TheOutfit/White Floral Top/Size S,,,,10003903,,,,
2026-04-03 14:07:25,89,Sale Line,,,,1.00000,15.99000,1.47908,0.00000,0.00000,17.46908,,Nanette Lepore Camisole Black,,,,10003037,,,,
2026-04-03 14:07:19,89,Payment,,,,,,,,,,69.89000,Lightspeed Payments,,,,,,,,
2026-04-03 13:54:59,88,Sale,WALKIN,,,2,40.98,3.79,0.00000,0.00000,44.77,,1 X Express/ Sequin Cami/ Gld&Blk/ Size S + 1 X vera bradley fabric belt,POS 2,tomderobe@gmail.com,CLOSED,,,,closed,
2026-04-03 13:54:59,88,Sale Line,,,,1.00000,27.99000,2.58908,0.00000,0.00000,30.57908,,Express/ Sequin Cami/ Gld&Blk/ Size S,,,,10005043,,,,
2026-04-03 13:54:59,88,Sale Line,,,,1.00000,12.99000,1.20158,0.00000,0.00000,14.19158,,vera bradley fabric belt,,,,10006442,,,,
2026-04-03 13:54:51,88,Payment,,,,,,,,,,44.77000,Lightspeed Payments,,,,,,,,
2026-04-03 13:34:13,87,Sale,WALKIN,,,1,14.99,1.39,0.00000,0.00000,16.38,,1 X Moa Moa Red Crop Top / Size M,POS 2,tomderobe@gmail.com,CLOSED,,,,closed,
2026-04-03 13:34:13,87,Sale Line,,,,1.00000,14.99000,1.38658,0.00000,0.00000,16.37658,,Moa Moa Red Crop Top / Size M,,,,10004816,,,,
2026-04-03 13:34:03,87,Payment,,,,,,,,,,16.38000,Lightspeed Payments,,,,,,,,
2026-04-03 12:54:08,86,Sale,WALKIN,,,1,45.99,4.25,0.00000,0.00000,50.24,,1 X Akira Cream Boots/Size 8,POS 2,tomderobe@gmail.com,CLOSED,,,,closed,
2026-04-03 12:54:08,86,Sale Line,,,,1.00000,45.99000,4.25408,0.00000,0.00000,50.24408,,Akira Cream Boots/Size 8,,,,10007055,,,,
2026-04-03 12:53:57,86,Payment,,,,,,,,,,50.24000,Lightspeed Payments,,,,,,,,
2026-04-02 20:17:03,85,Sale,WALKIN,,,5,160.96,14.89,0.00000,0.00000,175.85,,1 X Brown Blue Crochet Purse + 1 X ThrEightyTwo/BlueBlouse/SizeS + 1 X arden b/swtr/grn/m + 1 X Macrame Bag + 1 X Coach Madison Phoebe Gold Studded Bag,POS 2,tomderobe@gmail.com,CLOSED,,,,closed,
2026-04-02 20:17:03,85,Sale Line,,,,1.00000,21.99000,2.03408,0.00000,0.00000,24.02408,,Brown Blue Crochet Purse,,,,10006555,,,,
2026-04-02 20:17:03,85,Sale Line,,,,1.00000,22.99000,2.12658,0.00000,0.00000,25.11658,,ThrEightyTwo/BlueBlouse/SizeS,,,,10005330,,,,
2026-04-02 20:17:03,85,Sale Line,,,,1.00000,24.99000,2.31158,0.00000,0.00000,27.30158,,arden b/swtr/grn/m,,,,10004692,,,,
2026-04-02 20:17:03,85,Sale Line,,,,1.00000,25.99000,2.40408,0.00000,0.00000,28.39408,,Macrame Bag,,,,10004788,,,,
2026-04-02 20:17:03,85,Sale Line,,,,1.00000,65.00000,6.01250,0.00000,0.00000,71.01250,,Coach Madison Phoebe Gold Studded Bag,,,,10003439,,,,
2026-04-02 20:17:00,85,Payment,,,,,,,,,,176.00000,Cash,,,,,,,,
2026-04-02 20:17:03,85,Payment,,,,,,,,,,-0.15000,Cash,,,,,,,,
2026-04-02 18:51:46,84,Sale,WALKIN,,,1,32.99,3.05,0.00000,0.00000,36.04,,1 X Crisis Floral Button Down/Size S,POS 2,tomderobe@gmail.com,CLOSED,,,,closed,
2026-04-02 18:51:46,84,Sale Line,,,,1.00000,32.99000,3.05158,0.00000,0.00000,36.04158,,Crisis Floral Button Down/Size S,,,,10005230,,,,
2026-04-02 18:51:40,84,Payment,,,,,,,,,,36.04000,Lightspeed Payments,,,,,,,,
2026-04-02 15:25:19,83,Sale,WALKIN,,,1,18.99,1.76,0.00000,0.00000,20.75,,1 X Dress Forum Lemon Wrap Dress / Size M,POS 2,tomderobe@gmail.com,CLOSED,,,,closed,
2026-04-02 15:25:19,83,Sale Line,,,,1.00000,18.99000,1.75658,0.00000,0.00000,20.74658,,Dress Forum Lemon Wrap Dress / Size M,,,,10006608,,,,
2026-04-02 15:25:10,83,Payment,,,,,,,,,,20.75000,Lightspeed Payments,,,,,,,,
2026-04-02 14:48:04,82,Sale,WALKIN,,,1,25.99,2.40,0.00000,0.00000,28.39,,1 X NWT Ryu Skirt Brown Size S,POS 2,tomderobe@gmail.com,CLOSED,,,,closed,
2026-04-02 14:48:04,82,Sale Line,,,,1.00000,25.99000,2.40408,0.00000,0.00000,28.39408,,NWT Ryu Skirt Brown Size S,,,,10007265,,,,
2026-04-02 14:47:43,82,Payment,,,,,,,,,,28.39000,Lightspeed Payments,,,,,,,,
2026-04-02 13:04:40,81,Sale,WALKIN,,,0,0.00,0.00,0.00000,0.00000,0,,1 X Vintage Marino Orlandi Italian Leather Bag/AS IS + -1 X Discount,POS 2,tomderobe@gmail.com,CLOSED,,,,closed,
2026-04-02 13:04:40,81,Sale Line,,,,1.00000,22.99000,2.12658,0.00000,0.00000,25.11658,,Vintage Marino Orlandi Italian Leather Bag/AS IS,,,,10007096,,,,
2026-04-02 13:04:40,81,Sale Line,,,,-1.00000,-22.99000,-2.12658,0.00000,0.00000,-25.11658,,Discount,,,,vend-discount,,,,
2026-04-02 12:55:10,80,Sale,WALKIN,,,3,187.98,17.39,0.00000,0.00000,205.37,,1 X Just G Shorts Jumper Size 2 + 1 X DerekHeart/GreenKnitTank/Size S + 1 X VINTAGE 90s Rafe Designer Handbag,POS 2,tomderobe@gmail.com,CLOSED,,,,closed,
2026-04-02 12:55:10,80,Sale Line,,,,1.00000,22.99000,2.12658,0.00000,0.00000,25.11658,,Just G Shorts Jumper Size 2,,,,10006279,,,,
2026-04-02 12:55:10,80,Sale Line,,,,1.00000,14.99000,1.38658,0.00000,0.00000,16.37658,,DerekHeart/GreenKnitTank/Size S,,,,10004295,,,,
2026-04-02 12:55:10,80,Sale Line,,,,1.00000,150.00000,13.87500,0.00000,0.00000,163.87500,,VINTAGE 90s Rafe Designer Handbag,,,,10006578,,,,
2026-04-02 12:54:55,80,Payment,,,,,,,,,,205.37000,Lightspeed Payments,,,,,,,,
2026-04-02 12:34:07,79,Sale,WALKIN,,,1,17.99,1.66,0.00000,0.00000,19.65,,1 X Unknown White Camisole Size Med,POS 2,tomderobe@gmail.com,CLOSED,,,,closed,
2026-04-02 12:34:07,79,Sale Line,,,,1.00000,17.99000,1.66408,0.00000,0.00000,19.65408,,Unknown White Camisole Size Med,,,,10003419,,,,
2026-04-02 12:33:54,79,Payment,,,,,,,,,,19.65000,Lightspeed Payments,,,,,,,,
2026-04-01 19:34:33,78,Sale,WALKIN,,,4,90.96,8.41,0.00000,0.00000,99.37,,1 X FP Movement Purple Sweatshirt / Size S + 1 X J. Gee yellow floral dress size SP + 1 X Wild Fable Red Orange Crop Top / Size S + 1 X Sigrid Khaki Pants Pink Stitch / Size 2,POS 2,tomderobe@gmail.com,CLOSED,,,,closed,
2026-04-01 19:34:33,78,Sale Line,,,,1.00000,24.99000,2.31158,0.00000,0.00000,27.30158,,FP Movement Purple Sweatshirt / Size S,,,,10005969,,,,
2026-04-01 19:34:33,78,Sale Line,,,,1.00000,22.99000,2.12658,0.00000,0.00000,25.11658,,J. Gee yellow floral dress size SP,,,,10006643,,,,
2026-04-01 19:34:33,78,Sale Line,,,,1.00000,8.99000,0.83158,0.00000,0.00000,9.82158,,Wild Fable Red Orange Crop Top / Size S,,,,10006585,,,,
2026-04-01 19:34:33,78,Sale Line,,,,1.00000,33.99000,3.14408,0.00000,0.00000,37.13408,,Sigrid Khaki Pants Pink Stitch / Size 2,,,,10003854,,,,
2026-04-01 19:34:22,78,Payment,,,,,,,,,,99.37000,Lightspeed Payments,,,,,,,,
2026-04-01 18:50:06,77,Sale,WALKIN,,,1,9.99,0.92,0.00000,0.00000,10.91,,1 X CreamBondedLeatherBelt/SizeXL,POS 2,tomderobe@gmail.com,CLOSED,,,,closed,
2026-04-01 18:50:06,77,Sale Line,,,,1.00000,9.99000,0.92408,0.00000,0.00000,10.91408,,CreamBondedLeatherBelt/SizeXL,,,,10004409,,,,
2026-04-01 18:49:40,77,Payment,,,,,,,,,,10.91000,Lightspeed Payments,,,,,,,,
2026-04-01 18:03:25,76,Sale,WALKIN,,,1,25.99,2.40,0.00000,0.00000,28.39,,1 X Blue Floral SL Dress / Size XS,POS 2,tomderobe@gmail.com,CLOSED,,,,closed,
2026-04-01 18:03:25,76,Sale Line,,,,1.00000,25.99000,2.40408,0.00000,0.00000,28.39408,,Blue Floral SL Dress / Size XS,,,,10007222,,,,
2026-04-01 18:03:16,76,Payment,,,,,,,,,,28.39000,Lightspeed Payments,,,,,,,,
2026-04-01 16:54:57,75,Sale,WALKIN,,,3,71.97,6.66,0.00000,0.00000,78.63,,1 X red and white plaid dress shirt/small + 1 X BananaR/PinkTankTop/SizeS + 1 X Express Pale Pink SL Top Tie Front  / Size M,POS 2,tomderobe@gmail.com,CLOSED,,,,closed,
2026-04-01 16:54:57,75,Sale Line,,,,1.00000,29.99000,2.77408,0.00000,0.00000,32.76408,,red and white plaid dress shirt/small,,,,10006199,,,,
2026-04-01 16:54:57,75,Sale Line,,,,1.00000,22.99000,2.12658,0.00000,0.00000,25.11658,,BananaR/PinkTankTop/SizeS,,,,10006087,,,,
2026-04-01 16:54:57,75,Sale Line,,,,1.00000,18.99000,1.75658,0.00000,0.00000,20.74658,,Express Pale Pink SL Top Tie Front  / Size M,,,,10007448,,,,
2026-04-01 16:54:49,75,Payment,,,,,,,,,,78.63000,Lightspeed Payments,,,,,,,,
2026-04-01 15:39:46,74,Sale,WALKIN,,,2,41.98,3.88,0.00000,0.00000,45.86,,1 X Sunday in Brooklyn Blue/White Top XS + 1 X AltardState/StripeBttnSkirt/SizeS,POS 2,tomderobe@gmail.com,CLOSED,,,,closed,
2026-04-01 15:39:46,74,Sale Line,,,,1.00000,18.99000,1.75658,0.00000,0.00000,20.74658,,Sunday in Brooklyn Blue/White Top XS,,,,10007503,,,,
2026-04-01 15:39:46,74,Sale Line,,,,1.00000,22.99000,2.12658,0.00000,0.00000,25.11658,,AltardState/StripeBttnSkirt/SizeS,,,,10005792,,,,
2026-04-01 15:39:40,74,Payment,,,,,,,,,,45.86000,Lightspeed Payments,,,,,,,,
2026-04-01 15:23:46,73,Sale,WALKIN,,,2,32.98,3.05,0.00000,0.00000,36.03,,1 X Ocean Drive Light Green & White Dress / Size S + 1 X Zara Basic Cream Off Shoulder Top / Size XS,POS 2,tomderobe@gmail.com,CLOSED,,,,closed,
2026-04-01 15:23:46,73,Sale Line,,,,1.00000,18.99000,1.75658,0.00000,0.00000,20.74658,,Ocean Drive Light Green & White Dress / Size S,,,,10006683,,,,
2026-04-01 15:23:46,73,Sale Line,,,,1.00000,13.99000,1.29408,0.00000,0.00000,15.28408,,Zara Basic Cream Off Shoulder Top / Size XS,,,,10006968,,,,
2026-04-01 15:23:28,73,Payment,,,,,,,,,,36.03000,Lightspeed Payments,,,,,,,,
2026-04-01 14:01:32,72,Sale,WALKIN,,,4,84.96,7.86,0.00000,0.00000,92.82,,1 X DKNY jacket + 1 X JCrew  Purp Floral Long Sleeve / Size M + 1 X brandolino floral jacket/10p + 1 X The Sak Green Satchel,POS 2,tomderobe@gmail.com,CLOSED,,,,closed,
2026-04-01 14:01:32,72,Sale Line,,,,1.00000,19.99000,1.84908,0.00000,0.00000,21.83908,,DKNY jacket,,,,10007516,,,,
2026-04-01 14:01:32,72,Sale Line,,,,1.00000,19.99000,1.84908,0.00000,0.00000,21.83908,,JCrew  Purp Floral Long Sleeve / Size M,,,,10003858,,,,
2026-04-01 14:01:32,72,Sale Line,,,,1.00000,24.99000,2.31158,0.00000,0.00000,27.30158,,brandolino floral jacket/10p,,,,10006435,,,,
2026-04-01 14:01:32,72,Sale Line,,,,1.00000,19.99000,1.84908,0.00000,0.00000,21.83908,,The Sak Green Satchel,,,,10007446,,,,
2026-04-01 14:01:26,72,Payment,,,,,,,,,,92.82000,Lightspeed Payments,,,,,,,,
2026-04-01 13:58:28,71,Sale,WALKIN,,,1,24.99,2.31,0.00000,0.00000,27.3,,1 X Nine West Yellow Jacket/SIze 4,POS 2,tomderobe@gmail.com,CLOSED,,,,closed,
2026-04-01 13:58:28,71,Sale Line,,,,1.00000,24.99000,2.31158,0.00000,0.00000,27.30158,,Nine West Yellow Jacket/SIze 4,,,,10007123,,,,
2026-04-01 13:58:20,71,Payment,,,,,,,,,,27.30000,Lightspeed Payments,,,,,,,,
2026-04-01 12:25:27,70,Sale,WALKIN,,,1,18.99,1.76,0.00000,0.00000,20.75,,1 X LRL Black Purse Gold Zipper,POS 2,tomderobe@gmail.com,CLOSED,,,,closed,
2026-04-01 12:25:27,70,Sale Line,,,,1.00000,18.99000,1.75658,0.00000,0.00000,20.74658,,LRL Black Purse Gold Zipper,,,,10004523,,,,
2026-04-01 12:25:21,70,Payment,,,,,,,,,,20.75000,Lightspeed Payments,,,,,,,,
2026-04-01 12:12:53,69,Sale,WALKIN,,,1,34.99,3.24,0.00000,0.00000,38.23,,1 X J Brand white jeans/26,POS 2,tomderobe@gmail.com,CLOSED,,,,closed,
2026-04-01 12:12:53,69,Sale Line,,,,1.00000,34.99000,3.23658,0.00000,0.00000,38.22658,,J Brand white jeans/26,,,,10006843,,,,
2026-04-01 12:12:39,69,Payment,,,,,,,,,,38.23000,Lightspeed Payments,,,,,,,,
2026-03-29 18:47:36,68,Sale,WALKIN,,,1,21.99,2.03,0.00000,0.00000,24.02,,1 X H/PinklaceTop/SizeS,POS 2,tomderobe@gmail.com,CLOSED,,,,closed,
2026-03-29 18:47:36,68,Sale Line,,,,1.00000,21.99000,2.03408,0.00000,0.00000,24.02408,,H/PinklaceTop/SizeS,,,,10006367,,,,
2026-03-29 18:47:27,68,Payment,,,,,,,,,,24.02000,Lightspeed Payments,,,,,,,,
2026-03-29 18:41:43,67,Sale,WALKIN,,,1,12.99,1.20,0.00000,0.00000,14.19,,1 X CoPremium/JeanStitchShorts/Size9,POS 2,tomderobe@gmail.com,CLOSED,,,,closed,
2026-03-29 18:41:43,67,Sale Line,,,,1.00000,12.99000,1.20158,0.00000,0.00000,14.19158,,CoPremium/JeanStitchShorts/Size9,,,,10007417,,,,
2026-03-29 18:41:37,67,Payment,,,,,,,,,,14.19000,Lightspeed Payments,,,,,,,,
2026-03-29 18:41:13,66,Sale,WALKIN,,,1,18.99,1.76,0.00000,0.00000,20.75,,1 X Promod/PnkPurpLaceShirt/SizeS,POS 2,tomderobe@gmail.com,CLOSED,,,,closed,
2026-03-29 18:41:13,66,Sale Line,,,,1.00000,18.99000,1.75658,0.00000,0.00000,20.74658,,Promod/PnkPurpLaceShirt/SizeS,,,,10007366,,,,
2026-03-29 18:41:07,66,Payment,,,,,,,,,,20.75000,Lightspeed Payments,,,,,,,,
2026-03-29 18:33:49,65,Sale,WALKIN,,,1,18.99,1.76,0.00000,0.00000,20.75,,1 X Altard State Green Top Size S,POS 2,tomderobe@gmail.com,CLOSED,,,,closed,
2026-03-29 18:33:49,65,Sale Line,,,,1.00000,18.99000,1.75658,0.00000,0.00000,20.74658,,Altard State Green Top Size S,,,,10007202,,,,
2026-03-29 18:33:41,65,Payment,,,,,,,,,,20.75000,Lightspeed Payments,,,,,,,,
2026-03-29 16:46:58,64,Sale,WALKIN,,,1,32.99,3.05,0.00000,0.00000,36.04,,1 X MotiviJacket_Lo,POS 2,tomderobe@gmail.com,CLOSED,,,,closed,
2026-03-29 16:46:58,64,Sale Line,,,,1.00000,32.99000,3.05158,0.00000,0.00000,36.04158,,MotiviJacket_Lo / Black / S / 14.54,,,,10002698,,,,
2026-03-29 16:46:49,64,Payment,,,,,,,,,,36.04000,Lightspeed Payments,,,,,,,,
2026-03-29 16:44:06,63,Sale,WALKIN,,,1,15.99,1.48,0.00000,0.00000,17.47,,1 X Sincerely Jules Orange SL Crop Top / Size S,POS 2,tomderobe@gmail.com,CLOSED,,,,closed,
2026-03-29 16:44:06,63,Sale Line,,,,1.00000,15.99000,1.47908,0.00000,0.00000,17.46908,,Sincerely Jules Orange SL Crop Top / Size S,,,,10004953,,,,
2026-03-29 16:43:59,63,Payment,,,,,,,,,,17.47000,Lightspeed Payments,,,,,,,,
2026-03-29 16:34:04,62,Sale,WALKIN,,,2,48.98,4.53,0.00000,0.00000,53.51,,1 X AeroSoles/BrwnBuckleHeel/Size7.5 + 1 X CreamRuffleHalterTop/SizeXS/S,POS 2,tomderobe@gmail.com,CLOSED,,,,closed,
2026-03-29 16:34:04,62,Sale Line,,,,1.00000,25.99000,2.40408,0.00000,0.00000,28.39408,,AeroSoles/BrwnBuckleHeel/Size7.5,,,,10004322,,,,
2026-03-29 16:34:04,62,Sale Line,,,,1.00000,22.99000,2.12658,0.00000,0.00000,25.11658,,CreamRuffleHalterTop/SizeXS/S,,,,10007397,,,,
2026-03-29 16:33:57,62,Payment,,,,,,,,,,53.51000,Lightspeed Payments,,,,,,,,
2026-03-29 16:19:17,61,Sale,WALKIN,,,1,64.99,6.01,0.00000,0.00000,71,,1 X VINTAGE Duckhead Jean Striped Overalls / Size XS,POS 2,tomderobe@gmail.com,CLOSED,,,,closed,
2026-03-29 16:19:17,61,Sale Line,,,,1.00000,64.99000,6.01158,0.00000,0.00000,71.00158,,VINTAGE Duckhead Jean Striped Overalls / Size XS,,,,10006688,,,,
2026-03-29 16:19:03,61,Payment,,,,,,,,,,71.00000,Lightspeed Payments,,,,,,,,
2026-03-29 16:08:37,60,Sale,WALKIN,,,1,55.99,5.18,0.00000,0.00000,61.17,,1 X THML/Blk&WhipatternTop/SizeS,POS 2,tomderobe@gmail.com,CLOSED,,,,closed,
2026-03-29 16:08:37,60,Sale Line,,,,1.00000,55.99000,5.17908,0.00000,0.00000,61.16908,,THML/Blk&WhipatternTop/SizeS,,,,10006038,,,,
2026-03-29 16:08:28,60,Payment,,,,,,,,,,61.17000,Lightspeed Payments,,,,,,,,
2026-03-29 15:33:35,59,Sale,WALKIN,,,1,31.99,2.96,0.00000,0.00000,34.95,,1 X PlaidDress/Bl&Wht/Size S,POS 2,tomderobe@gmail.com,CLOSED,,,,closed,
2026-03-29 15:33:35,59,Sale Line,,,,1.00000,31.99000,2.95908,0.00000,0.00000,34.94908,,PlaidDress/Bl&Wht/Size S,,,,10004436,,,,
2026-03-29 15:33:27,59,Payment,,,,,,,,,,34.95000,Lightspeed Payments,,,,,,,,
2026-03-29 15:07:52,58,Sale,WALKIN,,,4,47.96,4.44,0.00000,0.00000,52.4,,1 X Pink Baseball Cap + 1 X Avon Vintage Rose Ring + 1 X Brown & White Belt + 1 X VINTAGE Hot Pink Beaded Purse,POS 2,tomderobe@gmail.com,CLOSED,,,,closed,
2026-03-29 15:07:52,58,Sale Line,,,,1.00000,7.99000,0.73908,0.00000,0.00000,8.72908,,Pink Baseball Cap,,,,10004234,,,,
2026-03-29 15:07:52,58,Sale Line,,,,1.00000,6.99000,0.64658,0.00000,0.00000,7.63658,,Avon Vintage Rose Ring,,,,10007408,,,,
2026-03-29 15:07:52,58,Sale Line,,,,1.00000,16.99000,1.57158,0.00000,0.00000,18.56158,,Brown & White Belt,,,,10006393,,,,
2026-03-29 15:07:52,58,Sale Line,,,,1.00000,15.99000,1.47908,0.00000,0.00000,17.46908,,VINTAGE Hot Pink Beaded Purse,,,,10005053,,,,
2026-03-29 15:07:44,58,Payment,,,,,,,,,,52.40000,Lightspeed Payments,,,,,,,,
2026-03-29 14:29:13,57,Sale,WALKIN,,,3,81.97,7.58,0.00000,0.00000,89.55,,1 X VINTAGE unknown/dress/prp floral/s + 1 X Levi's Cut Off Shorts 501 + 1 X VINTAGE Collage Green Plaid Buttonup / Size S,POS 2,tomderobe@gmail.com,CLOSED,,,,closed,
2026-03-29 14:29:13,57,Sale Line,,,,1.00000,22.99000,2.12658,0.00000,0.00000,25.11658,,VINTAGE unknown/dress/prp floral/s,,,,10003743,,,,
2026-03-29 14:29:13,57,Sale Line,,,,1.00000,18.99000,1.75658,0.00000,0.00000,20.74658,,Levi's Cut Off Shorts 501,,,,10007319,,,,
2026-03-29 14:29:13,57,Sale Line,,,,1.00000,39.99000,3.69908,0.00000,0.00000,43.68908,,VINTAGE Collage Green Plaid Buttonup / Size S,,,,10006679,,,,
2026-03-29 14:29:06,57,Payment,,,,,,,,,,89.55000,Lightspeed Payments,,,,,,,,
2026-03-29 14:21:10,56,Sale,WALKIN,,,1,22.99,2.13,0.00000,0.00000,25.12,,1 X BluPepper/BrwnPolkaDCard/SizeS,POS 2,tomderobe@gmail.com,CLOSED,,,,closed,
2026-03-29 14:21:10,56,Sale Line,,,,1.00000,22.99000,2.12658,0.00000,0.00000,25.11658,,BluPepper/BrwnPolkaDCard/SizeS,,,,10006045,,,,
2026-03-29 14:21:04,56,Payment,,,,,,,,,,25.12000,Lightspeed Payments,,,,,,,,
2026-03-29 13:59:22,55,Sale,WALKIN,,,1,32.99,3.05,0.00000,0.00000,36.04,,1 X VintageSO/PinkBttnDwnTop/SizeL,POS 2,tomderobe@gmail.com,CLOSED,,,,closed,
2026-03-29 13:59:22,55,Sale Line,,,,1.00000,32.99000,3.05158,0.00000,0.00000,36.04158,,VintageSO/PinkBttnDwnTop/SizeL,,,,10004667,,,,
2026-03-29 13:59:12,55,Payment,,,,,,,,,,36.04000,Lightspeed Payments,,,,,,,,
2026-03-29 13:54:04,54,Sale,WALKIN,,,4,94.96,8.78,0.00000,0.00000,103.74,,1 X Casual Corner Red Skirt Pattern / Size 12 + 1 X Talbots/brwnbttnshirt/SizeM + 1 X Town & Country VINTAGE Red Purse + 1 X Tan Purse,POS 2,tomderobe@gmail.com,CLOSED,,,,closed,
2026-03-29 13:54:04,54,Sale Line,,,,1.00000,26.99000,2.49658,0.00000,0.00000,29.48658,,Casual Corner Red Skirt Pattern / Size 12,,,,10004805,,,,
2026-03-29 13:54:04,54,Sale Line,,,,1.00000,22.99000,2.12658,0.00000,0.00000,25.11658,,Talbots/brwnbttnshirt/SizeM,,,,10006048,,,,
2026-03-29 13:54:04,54,Sale Line,,,,1.00000,25.99000,2.40408,0.00000,0.00000,28.39408,,Town & Country VINTAGE Red Purse,,,,10004555,,,,
2026-03-29 13:54:04,54,Sale Line,,,,1.00000,18.99000,1.75658,0.00000,0.00000,20.74658,,Tan Purse,,,,10003985,,,,
2026-03-29 13:53:58,54,Payment,,,,,,,,,,103.74000,Lightspeed Payments,,,,,,,,
2026-03-29 13:36:05,53,Sale,WALKIN,,,1,18.99,1.76,0.00000,0.00000,20.75,,1 X Talbot's Green Hat,POS 2,tomderobe@gmail.com,CLOSED,,,,closed,
2026-03-29 13:36:05,53,Sale Line,,,,1.00000,18.99000,1.75658,0.00000,0.00000,20.74658,,Talbot's Green Hat,,,,10007238,,,,
2026-03-29 13:35:58,53,Payment,,,,,,,,,,20.75000,Lightspeed Payments,,,,,,,,
2026-03-29 13:06:06,52,Sale,WALKIN,,,1,22.99,2.13,0.00000,0.00000,25.12,,1 X CabiLS Top_Vi,POS 2,tomderobe@gmail.com,CLOSED,,,,closed,
2026-03-29 13:06:06,52,Sale Line,,,,1.00000,22.99000,2.12658,0.00000,0.00000,25.11658,,CabiLS Top_Vi / Blue X White / M / 6.91,,,,10001173,,,,
2026-03-29 13:05:57,52,Payment,,,,,,,,,,25.12000,Lightspeed Payments,,,,,,,,
2026-03-29 12:24:22,51,Sale,WALKIN,,,1,21.99,2.03,0.00000,0.00000,24.02,,1 X Briggs NY Floral Skirt/Black,POS 2,tomderobe@gmail.com,CLOSED,,,,closed,
2026-03-29 12:24:22,51,Sale Line,,,,1.00000,21.99000,2.03408,0.00000,0.00000,24.02408,,Briggs NY Floral Skirt/Black,,,,10004169,,,,
2026-03-29 12:24:13,51,Payment,,,,,,,,,,24.02000,Lightspeed Payments,,,,,,,,
2026-03-29 12:02:52,50,Sale,WALKIN,,,3,81.97,7.58,0.00000,0.00000,89.55,,1 X JimiHendrixTShirt/SizeM + 1 X guessTee Shirt_Gue + 1 X VintageFlowerNecklace,POS 2,tomderobe@gmail.com,CLOSED,,,,closed,
2026-03-29 12:02:52,50,Sale Line,,,,1.00000,29.99000,2.77408,0.00000,0.00000,32.76408,,JimiHendrixTShirt/SizeM,,,,10006101,,,,
2026-03-29 12:02:52,50,Sale Line,,,,1.00000,32.99000,3.05158,0.00000,0.00000,36.04158,,guessTee Shirt_Gue / Pink / M / abc,,,,10004027,,,,
2026-03-29 12:02:52,50,Sale Line,,,,1.00000,18.99000,1.75658,0.00000,0.00000,20.74658,,VintageFlowerNecklace,,,,10007375,,,,
2026-03-29 12:02:47,50,Payment,,,,,,,,,,89.55000,Lightspeed Payments,,,,,,,,
2026-03-29 12:02:03,49,Sale,WALKIN,,,3,75.97,7.03,0.00000,0.00000,83,,1 X Lulus/PinkHalterBodysuit/SizeS + 1 X Ammo Blk Tank NWT/ Size S + 1 X FreePeople/PinkTanktop/SizeXS,POS 2,tomderobe@gmail.com,CLOSED,,,,closed,
2026-03-29 12:02:03,49,Sale Line,,,,1.00000,23.99000,2.21908,0.00000,0.00000,26.20908,,Lulus/PinkHalterBodysuit/SizeS,,,,10007374,,,,
2026-03-29 12:02:03,49,Sale Line,,,,1.00000,28.99000,2.68158,0.00000,0.00000,31.67158,,Ammo Blk Tank NWT/ Size S,,,,10007026,,,,
2026-03-29 12:02:03,49,Sale Line,,,,1.00000,22.99000,2.12658,0.00000,0.00000,25.11658,,FreePeople/PinkTanktop/SizeXS,,,,10006404,,,,
2026-03-29 12:01:56,49,Payment,,,,,,,,,,83.00000,Lightspeed Payments,,,,,,,,
2026-03-29 12:00:39,48,Sale,WALKIN,,,1,27.99,2.59,0.00000,0.00000,30.58,,1 X JuliaTee Shirt_Cu,POS 2,tomderobe@gmail.com,CLOSED,,,,closed,
2026-03-29 12:00:39,48,Sale Line,,,,1.00000,27.99000,2.58908,0.00000,0.00000,30.57908,,JuliaTee Shirt_Cu / White / L / 14.68,,,,10002725,,,,
2026-03-29 12:00:27,48,Payment,,,,,,,,,,30.58000,Lightspeed Payments,,,,,,,,
2026-03-29 11:52:39,47,Sale,WALKIN,,,2,41.98,3.88,0.00000,0.00000,45.86,,1 X Free People Yellow LS Top Size XS + 1 X Jeuvre Snakeskin & Floral Dress / Size XS,POS 2,tomderobe@gmail.com,CLOSED,,,,closed,
2026-03-29 11:52:39,47,Sale Line,,,,1.00000,22.99000,2.12658,0.00000,0.00000,25.11658,,Free People Yellow LS Top Size XS,,,,10007283,,,,
2026-03-29 11:52:39,47,Sale Line,,,,1.00000,18.99000,1.75658,0.00000,0.00000,20.74658,,Jeuvre Snakeskin & Floral Dress / Size XS,,,,10006727,,,,
2026-03-29 11:52:33,47,Payment,,,,,,,,,,45.86000,Lightspeed Payments,,,,,,,,
2026-03-29 11:48:43,46,Sale,WALKIN,,,1,15.99,1.48,0.00000,0.00000,17.47,,1 X PS LATee Shirt_Ex,POS 2,tomderobe@gmail.com,CLOSED,,,,closed,
2026-03-29 11:48:43,46,Sale Line,,,,1.00000,15.99000,1.47908,0.00000,0.00000,17.46908,,PS LATee Shirt_Ex / Black / S / 14.41,,,,10002672,,,,
2026-03-29 11:48:36,46,Payment,,,,,,,,,,17.47000,Lightspeed Payments,,,,,,,,
2026-03-29 11:16:00,45,Sale,WALKIN,,,1,18.99,1.76,0.00000,0.00000,20.75,,1 X Oz Red Leather Purse,POS 2,tomderobe@gmail.com,CLOSED,,,,closed,
2026-03-29 11:16:00,45,Sale Line,,,,1.00000,18.99000,1.75658,0.00000,0.00000,20.74658,,Oz Red Leather Purse,,,,10007100,,,,
2026-03-29 11:15:52,45,Payment,,,,,,,,,,20.75000,Lightspeed Payments,,,,,,,,
2026-03-29 11:06:27,44,Sale,WALKIN,,,1,19.99,1.85,0.00000,0.00000,21.84,,1 X Dusty Pink Intimate Slip / Size M,POS 2,tomderobe@gmail.com,CLOSED,,,,closed,
2026-03-29 11:06:27,44,Sale Line,,,,1.00000,19.99000,1.84908,0.00000,0.00000,21.83908,,Dusty Pink Intimate Slip / Size M,,,,10003936,,,,
2026-03-29 11:06:17,44,Payment,,,,,,,,,,21.84000,Lightspeed Payments,,,,,,,,
2026-03-28 21:11:25,43,Sale,WALKIN,,,1,17.99,1.66,0.00000,0.00000,19.65,,1 X Silver Metal Black Leather Bracelet,POS 2,tomderobe@gmail.com,CLOSED,,,,closed,
2026-03-28 21:11:25,43,Sale Line,,,,1.00000,17.99000,1.66408,0.00000,0.00000,19.65408,,Silver Metal Black Leather Bracelet / Metal / OSFM / abc,,,,10003246,,,,
2026-03-28 21:11:18,43,Payment,,,,,,,,,,19.65000,Lightspeed Payments,,,,,,,,
2026-03-28 21:09:51,42,Sale,WALKIN,,,1,17.99,1.66,0.00000,0.00000,19.65,,1 X Brown & Silver Bracelet,POS 2,tomderobe@gmail.com,CLOSED,,,,closed,
2026-03-28 21:09:51,42,Sale Line,,,,1.00000,17.99000,1.66408,0.00000,0.00000,19.65408,,Brown & Silver Bracelet / Brown & Silver / OSFM / abc,,,,10003242,,,,
2026-03-28 21:08:52,42,Payment,,,,,,,,,,19.65000,Lightspeed Payments,,,,,,,,
2026-03-28 20:50:09,41,Sale,WALKIN,,,1,45.99,4.25,0.00000,0.00000,50.24,,1 X Desigual Yellow Leather Jacket / Size M,POS 2,tomderobe@gmail.com,CLOSED,,,,closed,
2026-03-28 20:50:09,41,Sale Line,,,,1.00000,45.99000,4.25408,0.00000,0.00000,50.24408,,Desigual Yellow Leather Jacket / Size M,,,,10006609,,,,
2026-03-28 20:50:04,41,Payment,,,,,,,,,,50.24000,Lightspeed Payments,,,,,,,,
2026-03-28 20:37:46,40,Sale,WALKIN,,,2,35.98,3.33,0.00000,0.00000,39.31,,1 X MichelleNicole/BrownJewelShirt/SizeS + 1 X Chicos Flower Sprakley Bracelet,POS 2,tomderobe@gmail.com,CLOSED,,,,closed,
2026-03-28 20:37:46,40,Sale Line,,,,1.00000,19.99000,1.84908,0.00000,0.00000,21.83908,,MichelleNicole/BrownJewelShirt/SizeS,,,,10006896,,,,
2026-03-28 20:37:46,40,Sale Line,,,,1.00000,15.99000,1.47908,0.00000,0.00000,17.46908,,Chicos Flower Sprakley Bracelet,,,,10007344,,,,
2026-03-28 20:37:41,40,Payment,,,,,,,,,,39.31000,Lightspeed Payments,,,,,,,,
2026-03-28 20:37:09,39,Sale,WALKIN,,,2,57.98,5.36,0.00000,0.00000,63.34,,1 X Kourt Black Dress/Size M + 1 X Express DS Blue Dress SS Shirt / Size S,POS 2,tomderobe@gmail.com,CLOSED,,,,closed,
2026-03-28 20:37:09,39,Sale Line,,,,1.00000,42.99000,3.97658,0.00000,0.00000,46.96658,,Kourt Black Dress/Size M,,,,10007328,,,,
2026-03-28 20:37:09,39,Sale Line,,,,1.00000,14.99000,1.38658,0.00000,0.00000,16.37658,,Express DS Blue Dress SS Shirt / Size S,,,,10004733,,,,
2026-03-28 20:37:04,39,Payment,,,,,,,,,,63.34000,Lightspeed Payments,,,,,,,,
2026-03-28 20:34:49,38,Sale,WALKIN,,,1,24.99,2.31,0.00000,0.00000,27.3,,1 X ODM Premium GoodsTee Shirt_Odm,POS 2,tomderobe@gmail.com,CLOSED,,,,closed,
2026-03-28 20:34:49,38,Sale Line,,,,1.00000,24.99000,2.31158,0.00000,0.00000,27.30158,,ODM Premium GoodsTee Shirt_Odm / Brown / M / abc,,,,10004041,,,,
2026-03-28 20:34:46,38,Payment,,,,,,,,,,30.00000,Cash,,,,,,,,
2026-03-28 20:34:49,38,Payment,,,,,,,,,,-2.70000,Cash,,,,,,,,
2026-03-28 20:29:21,37,Sale,WALKIN,,,1,175.00,16.19,0.00000,0.00000,191.19,,1 X Desigual Blue Black Red Long Coat / Size 40,POS 2,tomderobe@gmail.com,CLOSED,,,,closed,
2026-03-28 20:29:21,37,Sale Line,,,,1.00000,175.00000,16.18750,0.00000,0.00000,191.18750,,Desigual Blue Black Red Long Coat / Size 40,,,,10006331,,,,
2026-03-28 20:29:14,37,Payment,,,,,,,,,,191.19000,Lightspeed Payments,,,,,,,,
2026-03-28 20:04:33,36,Sale,WALKIN,,,1,15.99,1.48,0.00000,0.00000,17.47,,1 X Loft Off White Pattern Shorts/Size 8,POS 2,tomderobe@gmail.com,CLOSED,,,,closed,
2026-03-28 20:04:33,36,Sale Line,,,,1.00000,15.99000,1.47908,0.00000,0.00000,17.46908,,Loft Off White Pattern Shorts/Size 8,,,,10006823,,,,
2026-03-28 20:03:42,36,Payment,,,,,,,,,,17.47000,Lightspeed Payments,,,,,,,,
2026-03-28 19:52:56,35,Sale,WALKIN,,,2,57.98,5.36,0.00000,0.00000,63.34,,1 X AveMaria/MeshOutdoorShirt/Size40 + 1 X Audrey Talbott Purple Watercolor LS,POS 2,tomderobe@gmail.com,CLOSED,,,,closed,
2026-03-28 19:52:56,35,Sale Line,,,,1.00000,32.99000,3.05158,0.00000,0.00000,36.04158,,AveMaria/MeshOutdoorShirt/Size40,,,,10006365,,,,
2026-03-28 19:52:56,35,Sale Line,,,,1.00000,24.99000,2.31158,0.00000,0.00000,27.30158,,Audrey Talbott Purple Watercolor LS,,,,10004996,,,,
2026-03-28 19:52:44,35,Payment,,,,,,,,,,63.34000,Lightspeed Payments,,,,,,,,
2026-03-28 19:35:14,34,Sale,WALKIN,,,1,21.99,2.03,0.00000,0.00000,24.02,,1 X vintage purple patterned pants/small,POS 2,tomderobe@gmail.com,CLOSED,,,,closed,
2026-03-28 19:35:14,34,Sale Line,,,,1.00000,21.99000,2.03408,0.00000,0.00000,24.02408,,vintage purple patterned pants/small,,,,10006181,,,,
2026-03-28 19:35:08,34,Payment,,,,,,,,,,40.00000,Cash,,,,,,,,
2026-03-28 19:35:14,34,Payment,,,,,,,,,,-15.98000,Cash,,,,,,,,
2026-03-28 19:34:06,33,Sale,WALKIN,,,2,32.98,3.05,0.00000,0.00000,36.03,,1 X Red Oak Tennessee Tshirt / Size XL + 1 X Gray Tennessee Tshirt / Size L,POS 2,tomderobe@gmail.com,CLOSED,,,,closed,
2026-03-28 19:34:06,33,Sale Line,,,,1.00000,15.99000,1.47908,0.00000,0.00000,17.46908,,Red Oak Tennessee Tshirt / Size XL,,,,10004828,,,,
2026-03-28 19:34:06,33,Sale Line,,,,1.00000,16.99000,1.57158,0.00000,0.00000,18.56158,,Gray Tennessee Tshirt / Size L,,,,10006465,,,,
2026-03-28 19:34:00,33,Payment,,,,,,,,,,36.03000,Lightspeed Payments,,,,,,,,
2026-03-28 19:33:20,32,Sale,WALKIN,,,1,32.99,3.05,0.00000,0.00000,36.04,,1 X Hollister Dark Gray Bomber Jacket / Size XXS,POS 2,tomderobe@gmail.com,CLOSED,,,,closed,
2026-03-28 19:33:20,32,Sale Line,,,,1.00000,32.99000,3.05158,0.00000,0.00000,36.04158,,Hollister Dark Gray Bomber Jacket / Size XXS,,,,10005124,,,,
2026-03-28 19:33:06,32,Payment,,,,,,,,,,36.04000,Lightspeed Payments,,,,,,,,
2026-03-28 19:30:49,31,Sale,WALKIN,,,1,22.99,2.13,0.00000,0.00000,25.12,,1 X Ekouaer Grey Sweater/Shorts Size L,POS 2,tomderobe@gmail.com,CLOSED,,,,closed,
2026-03-28 19:30:49,31,Sale Line,,,,1.00000,22.99000,2.12658,0.00000,0.00000,25.11658,,Ekouaer Grey Sweater/Shorts Size L,,,,10007159,,,,
2026-03-28 19:30:43,31,Payment,,,,,,,,,,25.12000,Lightspeed Payments,,,,,,,,
2026-03-28 19:28:57,30,Sale,WALKIN,,,1,25.99,2.40,0.00000,0.00000,28.39,,1 X DolceVita/CreamHeelBoot/Size7.5,POS 2,tomderobe@gmail.com,CLOSED,,,,closed,
2026-03-28 19:28:57,30,Sale Line,,,,1.00000,25.99000,2.40408,0.00000,0.00000,28.39408,,DolceVita/CreamHeelBoot/Size7.5,,,,10005450,,,,
2026-03-28 19:28:49,30,Payment,,,,,,,,,,28.39000,Lightspeed Payments,,,,,,,,
2026-03-28 19:19:35,29,Sale,WALKIN,,,3,72.97,6.75,0.00000,0.00000,79.72,,1 X White SL Ruffle Neck Top / Size M + 1 X NineWVintAmer/WhiJeanJacket/SizeL + 1 X Nautica white blouse/M,POS 2,tomderobe@gmail.com,CLOSED,,,,closed,
2026-03-28 19:19:35,29,Sale Line,,,,1.00000,14.99000,1.38658,0.00000,0.00000,16.37658,,White SL Ruffle Neck Top / Size M,,,,10006965,,,,
2026-03-28 19:19:35,29,Sale Line,,,,1.00000,32.99000,3.05158,0.00000,0.00000,36.04158,,NineWVintAmer/WhiJeanJacket/SizeL,,,,10006871,,,,
2026-03-28 19:19:35,29,Sale Line,,,,1.00000,24.99000,2.31158,0.00000,0.00000,27.30158,,Nautica white blouse/M,,,,10006842,,,,
2026-03-28 19:19:24,29,Payment,,,,,,,,,,79.72000,Lightspeed Payments,,,,,,,,
2026-03-28 19:11:35,28,Sale,WALKIN,,,1,55.99,5.18,0.00000,0.00000,61.17,,1 X Anthropologie Reformation Plaid Top/Size L,POS 2,tomderobe@gmail.com,CLOSED,,,,closed,
2026-03-28 19:11:35,28,Sale Line,,,,1.00000,55.99000,5.17908,0.00000,0.00000,61.16908,,Anthropologie Reformation Plaid Top/Size L,,,,10006814,,,,
2026-03-28 19:11:27,28,Payment,,,,,,,,,,61.17000,Lightspeed Payments,,,,,,,,
2026-03-28 18:59:25,27,Sale,WALKIN,,,1,15.99,1.48,0.00000,0.00000,17.47,,1 X Divided Red Gray LS / Size 8,POS 2,tomderobe@gmail.com,CLOSED,,,,closed,
2026-03-28 18:59:25,27,Sale Line,,,,1.00000,15.99000,1.47908,0.00000,0.00000,17.46908,,Divided Red Gray LS / Size 8,,,,10005708,,,,
2026-03-28 18:59:00,27,Payment,,,,,,,,,,17.47000,Lightspeed Payments,,,,,,,,
2026-03-28 18:45:44,26,Sale,WALKIN,,,5,196.95,18.22,0.00000,0.00000,215.17,,1 X Vintage Sunflower Dress/ Size 14 + 1 X Fore Multicolor Floral Crop Top / Size M + 1 X LAHearts/GrnBlueHalterTop/SizeM + 1 X Green Tan Satin SL Top / Size M + 1 X Theory Dress Black Size 4,POS 2,tomderobe@gmail.com,CLOSED,,,,closed,
2026-03-28 18:45:44,26,Sale Line,,,,1.00000,85.99000,7.95408,0.00000,0.00000,93.94408,,Vintage Sunflower Dress/ Size 14,,,,10006771,,,,
2026-03-28 18:45:44,26,Sale Line,,,,1.00000,28.99000,2.68158,0.00000,0.00000,31.67158,,Fore Multicolor Floral Crop Top / Size M,,,,10006583,,,,
2026-03-28 18:45:44,26,Sale Line,,,,1.00000,15.99000,1.47908,0.00000,0.00000,17.46908,,LAHearts/GrnBlueHalterTop/SizeM,,,,10006900,,,,
2026-03-28 18:45:44,26,Sale Line,,,,1.00000,19.99000,1.84908,0.00000,0.00000,21.83908,,Green Tan Satin SL Top / Size M,,,,10006996,,,,
2026-03-28 18:45:44,26,Sale Line,,,,1.00000,45.99000,4.25408,0.00000,0.00000,50.24408,,Theory Dress Black Size 4,,,,10007188,,,,
2026-03-28 18:45:38,26,Payment,,,,,,,,,,215.17000,Lightspeed Payments,,,,,,,,
2026-03-28 18:41:58,25,Sale,WALKIN,,,1,22.99,2.13,0.00000,0.00000,25.12,,1 X Stella Dot Gold Multi Color Necklace,POS 2,tomderobe@gmail.com,CLOSED,,,,closed,
2026-03-28 18:41:58,25,Sale Line,,,,1.00000,22.99000,2.12658,0.00000,0.00000,25.11658,,Stella Dot Gold Multi Color Necklace,,,,10007346,,,,
2026-03-28 18:41:52,25,Payment,,,,,,,,,,25.12000,Lightspeed Payments,,,,,,,,
2026-03-28 18:34:56,24,Sale,WALKIN,,,2,47.98,4.44,0.00000,0.00000,52.42,,1 X Brown Chic Vintage T Shirt Size L + 1 X Pink Chic Vintage T Shirt Size M,POS 2,tomderobe@gmail.com,CLOSED,,,,closed,
2026-03-28 18:34:56,24,Sale Line,,,,1.00000,23.99000,2.21908,0.00000,0.00000,26.20908,,Brown Chic Vintage T Shirt Size L,,,,10007157,,,,
2026-03-28 18:34:56,24,Sale Line,,,,1.00000,23.99000,2.21908,0.00000,0.00000,26.20908,,Pink Chic Vintage T Shirt Size M,,,,10007146,,,,
2026-03-28 18:34:49,24,Payment,,,,,,,,,,52.42000,Lightspeed Payments,,,,,,,,
2026-03-28 18:06:59,23,Sale,WALKIN,,,1,300.00,27.75,0.00000,0.00000,327.75,,1 X Pink coach mini purse,POS 2,tomderobe@gmail.com,CLOSED,,,,closed,
2026-03-28 18:06:59,23,Sale Line,,,,1.00000,300.00000,27.75000,0.00000,0.00000,327.75000,,Pink coach mini purse,,,,10006670,,,,
2026-03-28 18:06:52,23,Payment,,,,,,,,,,327.75000,Lightspeed Payments,,,,,,,,
2026-03-28 17:21:16,22,Sale,WALKIN,,,2,61.98,5.73,0.00000,0.00000,67.71,,1 X Frederick's of Hollywood Leopard Slip / Size M + 1 X Sasson Black Slip Dress / Size L,POS 2,tomderobe@gmail.com,CLOSED,,,,closed,
2026-03-28 17:21:16,22,Sale Line,,,,1.00000,33.99000,3.14408,0.00000,0.00000,37.13408,,Frederick's of Hollywood Leopard Slip / Size M,,,,10007174,,,,
2026-03-28 17:21:16,22,Sale Line,,,,1.00000,27.99000,2.58908,0.00000,0.00000,30.57908,,Sasson Black Slip Dress / Size L,,,,10003910,,,,
2026-03-28 17:21:10,22,Payment,,,,,,,,,,67.71000,Lightspeed Payments,,,,,,,,
2026-03-28 16:52:59,21,Sale,WALKIN,,,3,67.97,6.29,0.00000,0.00000,74.26,,1 X The territory ahead white dress shirt/M + 1 X Patterned Top/ Wht&Orng/ Size XS + 1 X Lapis Pink & Brown Strapless Dress / One Size,POS 2,tomderobe@gmail.com,CLOSED,,,,closed,
2026-03-28 16:52:59,21,Sale Line,,,,1.00000,19.99000,1.84908,0.00000,0.00000,21.83908,,The territory ahead white dress shirt/M,,,,10006856,,,,
2026-03-28 16:52:59,21,Sale Line,,,,1.00000,15.99000,1.47908,0.00000,0.00000,17.46908,,Patterned Top/ Wht&Orng/ Size XS,,,,10005061,,,,
2026-03-28 16:52:59,21,Sale Line,,,,1.00000,31.99000,2.95908,0.00000,0.00000,34.94908,,Lapis Pink & Brown Strapless Dress / One Size,,,,10007110,,,,
2026-03-28 16:52:34,21,Payment,,,,,,,,,,74.26000,Lightspeed Payments,,,,,,,,
2026-03-28 16:44:37,20,Sale,WALKIN,,,1,25.99,2.40,0.00000,0.00000,28.39,,1 X Canyon River Army Green Overalls / Size M,POS 2,tomderobe@gmail.com,CLOSED,,,,closed,
2026-03-28 16:44:37,20,Sale Line,,,,1.00000,25.99000,2.40408,0.00000,0.00000,28.39408,,Canyon River Army Green Overalls / Size M,,,,10006692,,,,
2026-03-28 16:44:31,20,Payment,,,,,,,,,,28.39000,Lightspeed Payments,,,,,,,,
2026-03-28 16:29:43,19,Sale,WALKIN,,,1,19.99,1.85,0.00000,0.00000,21.84,,1 X Moth/Amber Knit Sweater/Size S,POS 2,tomderobe@gmail.com,CLOSED,,,,closed,
2026-03-28 16:29:43,19,Sale Line,,,,1.00000,19.99000,1.84908,0.00000,0.00000,21.83908,,Moth/Amber Knit Sweater/Size S,,,,10004283,,,,
2026-03-28 16:29:36,19,Payment,,,,,,,,,,21.84000,Lightspeed Payments,,,,,,,,
2026-03-28 16:15:00,18,Sale,WALKIN,,,1,26.99,2.50,0.00000,0.00000,29.49,,1 X Essence/BlPatternedSkirtWRuffle/SizeM,POS 2,tomderobe@gmail.com,CLOSED,,,,closed,
2026-03-28 16:15:00,18,Sale Line,,,,1.00000,26.99000,2.49658,0.00000,0.00000,29.48658,,Essence/BlPatternedSkirtWRuffle/SizeM,,,,10004896,,,,
2026-03-28 16:14:55,18,Payment,,,,,,,,,,29.49000,Lightspeed Payments,,,,,,,,
2026-03-28 16:07:39,17,Sale,WALKIN,,,1,45.99,4.25,0.00000,0.00000,50.24,,1 X Isaac Mizrahi White Dress / Size 6,POS 2,tomderobe@gmail.com,CLOSED,,,,closed,
2026-03-28 16:07:39,17,Sale Line,,,,1.00000,45.99000,4.25408,0.00000,0.00000,50.24408,,Isaac Mizrahi White Dress / Size 6,,,,10006983,,,,
2026-03-28 16:07:19,17,Payment,,,,,,,,,,50.24000,Lightspeed Payments,,,,,,,,
2026-03-28 14:46:42,16,Sale,WALKIN,,,1,125.00,11.56,0.00000,0.00000,136.56,,1 X Desigual Purple Orange Boots / Size 9.5,POS 2,tomderobe@gmail.com,CLOSED,,,,closed,
2026-03-28 14:46:42,16,Sale Line,,,,1.00000,125.00000,11.56250,0.00000,0.00000,136.56250,,Desigual Purple Orange Boots / Size 9.5,,,,10005957,,,,
2026-03-28 14:46:34,16,Payment,,,,,,,,,,136.56000,Lightspeed Payments,,,,,,,,
2026-03-28 14:36:03,15,Sale,WALKIN,,,2,54.98,5.09,0.00000,0.00000,60.07,,1 X White Mountain Slip on Sandals Gold/Size 9 + 1 X West 36th Denim Skirt Brown/Size L,POS 2,tomderobe@gmail.com,CLOSED,,,,closed,
2026-03-28 14:36:03,15,Sale Line,,,,1.00000,18.99000,1.75658,0.00000,0.00000,20.74658,,White Mountain Slip on Sandals Gold/Size 9,,,,10007065,,,,
2026-03-28 14:36:03,15,Sale Line,,,,1.00000,35.99000,3.32908,0.00000,0.00000,39.31908,,West 36th Denim Skirt Brown/Size L,,,,10007107,,,,
2026-03-28 14:35:56,15,Payment,,,,,,,,,,60.07000,Lightspeed Payments,,,,,,,,
2026-03-28 14:33:47,14,Sale,WALKIN,,,6,290.94,26.91,0.00000,0.00000,317.85,,1 X Highway Jeans Jean Vest / Size M + 1 X blue patterned dress/medium + 1 X VINTAGE Magica Blue 2 Piece Set / Size M + 1 X VINTAGE/studioI/blouse/grn/14 + 1 X Badgley Mischka Dress Floral Black + 1 X RefugeDenim/LightDenimVest/SizeM,POS 2,tomderobe@gmail.com,CLOSED,,,,closed,
2026-03-28 14:33:47,14,Sale Line,,,,1.00000,15.99000,1.47908,0.00000,0.00000,17.46908,,Highway Jeans Jean Vest / Size M,,,,10005098,,,,
2026-03-28 14:33:47,14,Sale Line,,,,1.00000,44.99000,4.16158,0.00000,0.00000,49.15158,,blue patterned dress/medium,,,,10006185,,,,
2026-03-28 14:33:47,14,Sale Line,,,,1.00000,49.99000,4.62408,0.00000,0.00000,54.61408,,VINTAGE Magica Blue 2 Piece Set / Size M,,,,10006479,,,,
2026-03-28 14:33:47,14,Sale Line,,,,1.00000,28.99000,2.68158,0.00000,0.00000,31.67158,,VINTAGE/studioI/blouse/grn/14,,,,10003665,,,,
2026-03-28 14:33:47,14,Sale Line,,,,1.00000,125.99000,11.65408,0.00000,0.00000,137.64408,,Badgley Mischka Dress Floral Black / Black / 8 / abc,,,,10003335,,,,
2026-03-28 14:33:47,14,Sale Line,,,,1.00000,24.99000,2.31158,0.00000,0.00000,27.30158,,RefugeDenim/LightDenimVest/SizeM,,,,10006411,,,,
2026-03-28 14:33:39,14,Payment,,,,,,,,,,317.85000,Lightspeed Payments,,,,,,,,
2026-03-28 14:24:19,13,Sale,WALKIN,,,1,45.99,4.25,0.00000,0.00000,50.24,,1 X TheSak/BrwnFloralBag,POS 2,tomderobe@gmail.com,CLOSED,,,,closed,
2026-03-28 14:24:19,13,Sale Line,,,,1.00000,45.99000,4.25408,0.00000,0.00000,50.24408,,TheSak/BrwnFloralBag,,,,10005997,,,,
2026-03-28 14:24:13,13,Payment,,,,,,,,,,50.24000,Lightspeed Payments,,,,,,,,
2026-03-28 14:19:42,12,Sale,WALKIN,,,1,45.99,4.25,0.00000,0.00000,50.24,,1 X NWT BCBG Brown Dress Size 8,POS 2,tomderobe@gmail.com,CLOSED,,,,closed,
2026-03-28 14:19:42,12,Sale Line,,,,1.00000,45.99000,4.25408,0.00000,0.00000,50.24408,,NWT BCBG Brown Dress Size 8,,,,10007250,,,,
2026-03-28 14:19:35,12,Payment,,,,,,,,,,50.24000,Lightspeed Payments,,,,,,,,
2026-03-28 14:19:04,11,Sale,WALKIN,,,1,19.99,1.85,0.00000,0.00000,21.84,,1 X Urban Behavior Multicolor Sheer Tank / Size S,POS 2,tomderobe@gmail.com,CLOSED,,,,closed,
2026-03-28 14:19:04,11,Sale Line,,,,1.00000,19.99000,1.84908,0.00000,0.00000,21.83908,,Urban Behavior Multicolor Sheer Tank / Size S,,,,10006564,,,,
2026-03-28 14:17:31,11,Payment,,,,,,,,,,21.84000,Lightspeed Payments,,,,,,,,
2026-03-28 14:13:11,10,Sale,WALKIN,,,1,23.99,2.22,0.00000,0.00000,26.21,,1 X Do & Be Brown & Green Tank / Size M,POS 2,tomderobe@gmail.com,CLOSED,,,,closed,
2026-03-28 14:13:11,10,Sale Line,,,,1.00000,23.99000,2.21908,0.00000,0.00000,26.20908,,Do & Be Brown & Green Tank / Size M,,,,10007210,,,,
2026-03-28 14:13:04,10,Payment,,,,,,,,,,26.21000,Lightspeed Payments,,,,,,,,
2026-03-28 13:47:34,9,Sale,WALKIN,,,1,15.99,1.48,0.00000,0.00000,17.47,,1 X Gianni Bini Red Shoes Size 11,POS 2,tomderobe@gmail.com,CLOSED,,,,closed,
2026-03-28 13:47:34,9,Sale Line,,,,1.00000,15.99000,1.47908,0.00000,0.00000,17.46908,,Gianni Bini Red Shoes Size 11,,,,10006254,,,,
2026-03-28 13:47:29,9,Payment,,,,,,,,,,17.47000,Lightspeed Payments,,,,,,,,
2026-03-28 13:46:44,8,Sale,WALKIN,,,2,54.98,5.09,0.00000,0.00000,60.07,,1 X Abercrombie & F Black White Floral LS / Size L + 1 X Wit X WisdomPants,POS 2,tomderobe@gmail.com,CLOSED,,,,closed,
2026-03-28 13:46:44,8,Sale Line,,,,1.00000,24.99000,2.31158,0.00000,0.00000,27.30158,,Abercrombie & F Black White Floral LS / Size L,,,,10005629,,,,
2026-03-28 13:46:44,8,Sale Line,,,,1.00000,29.99000,2.77408,0.00000,0.00000,32.76408,,Wit X WisdomPants / Plum / 14 / abc,,,,10004024,,,,
2026-03-28 13:46:37,8,Payment,,,,,,,,,,60.07000,Lightspeed Payments,,,,,,,,
2026-03-28 13:44:12,7,Sale,WALKIN,,,2,53.98,4.99,0.00000,0.00000,58.97,,1 X Levi's White Shorts / Size 30 + 1 X GAP White Lace Top/Size L,POS 2,tomderobe@gmail.com,CLOSED,,,,closed,
2026-03-28 13:44:12,7,Sale Line,,,,1.00000,26.99000,2.49658,0.00000,0.00000,29.48658,,Levi's White Shorts / Size 30,,,,10007301,,,,
2026-03-28 13:44:12,7,Sale Line,,,,1.00000,26.99000,2.49658,0.00000,0.00000,29.48658,,GAP White Lace Top/Size L,,,,10006275,,,,
2026-03-28 13:43:59,7,Payment,,,,,,,,,,58.97000,Lightspeed Payments,,,,,,,,
2026-03-28 13:37:50,651,Sale,WALKIN,,,2,54.49,5.04,0.00000,0.00000,59.53,,1 X VINTAGE Floral Orange/Tan Shirt/ Size 12 + 1 X Orange Drop Earrings,Main Register,leegallagher99@hotmail.com,CLOSED,,,,closed,
2026-03-28 13:37:50,651,Sale Line,,,,1.00000,45.99000,4.25408,0.00000,0.00000,50.24408,,VINTAGE Floral Orange/Tan Shirt/ Size 12,,,,10006274,,,,
2026-03-28 13:37:50,651,Sale Line,,,,1.00000,8.50000,0.78625,0.00000,0.00000,9.28625,,Orange Drop Earrings,,,,10003994,,,,
2026-03-28 13:37:33,651,Payment,,,,,,,,,,60.00000,Cash,,,,,,,,
2026-03-28 13:37:50,651,Payment,,,,,,,,,,-0.47000,Cash,,,,,,,,
2026-03-28 12:56:56,650,Sale,WALKIN,,,0,185.00,17.11,0.00000,0.00000,202.11,,1 X 1883 Teal and Brown Cowgirl Boots / Size 7.5 + -1 X Discount,Main Register,leegallagher99@hotmail.com,CLOSED,,,,closed,
2026-03-28 12:56:56,650,Sale Line,,,,1.00000,224.99000,20.81158,0.00000,0.00000,245.80158,,1883 Teal and Brown Cowgirl Boots / Size 7.5,,,,10003761,,,,
2026-03-28 12:56:56,650,Sale Line,,,,-1.00000,-39.99000,-3.69908,0.00000,0.00000,-43.68908,,Discount,,,,vend-discount,,,,
2026-03-28 12:56:50,650,Payment,,,,,,,,,,202.11000,Lightspeed Payments,,,,,,,,
2026-03-28 12:32:26,649,Sale,WALKIN,,,1,28.99,2.68,0.00000,0.00000,31.67,,1 X LaceLongsleeve/SizeS,Main Register,leegallagher99@hotmail.com,CLOSED,,,,closed,
2026-03-28 12:32:26,649,Sale Line,,,,1.00000,28.99000,2.68158,0.00000,0.00000,31.67158,,LaceLongsleeve/SizeS,,,,10006030,,,,
2026-03-28 12:32:20,649,Payment,,,,,,,,,,31.67000,Lightspeed Payments,,,,,,,,
2026-03-28 12:23:41,648,Sale,WALKIN,,,1,39.99,3.70,0.00000,0.00000,43.69,,1 X Fleur Silk Scarf,Main Register,leegallagher99@hotmail.com,CLOSED,,,,closed,
2026-03-28 12:23:41,648,Sale Line,,,,1.00000,39.99000,3.69908,0.00000,0.00000,43.68908,,Fleur Silk Scarf,,,,10007094,,,,
2026-03-28 12:23:35,648,Payment,,,,,,,,,,43.69000,Lightspeed Payments,,,,,,,,
2026-03-28 12:07:36,647,Sale,WALKIN,,,1,175.00,16.19,0.00000,0.00000,191.19,,1 X Desigual Multicolor Coat / Size 40,Main Register,leegallagher99@hotmail.com,CLOSED,,,,closed,
2026-03-28 12:07:36,647,Sale Line,,,,1.00000,175.00000,16.18750,0.00000,0.00000,191.18750,,Desigual Multicolor Coat / Size 40,,,,10005733,,,,
2026-03-28 12:07:29,647,Payment,,,,,,,,,,191.19000,Lightspeed Payments,,,,,,,,
2026-03-28 11:32:11,646,Sale,WALKIN,,,2,43.98,4.07,0.00000,0.00000,48.05,,1 X Limited Black Skirt/Size 2 + 1 X Naturalizer Lime Green Mules/Size 8.5,Main Register,leegallagher99@hotmail.com,CLOSED,,,,closed,
2026-03-28 11:32:11,646,Sale Line,,,,1.00000,22.99000,2.12658,0.00000,0.00000,25.11658,,Limited Black Skirt/Size 2,,,,10005210,,,,
2026-03-28 11:32:11,646,Sale Line,,,,1.00000,20.99000,1.94158,0.00000,0.00000,22.93158,,Naturalizer Lime Green Mules/Size 8.5,,,,10007064,,,,
2026-03-28 11:31:50,646,Payment,,,,,,,,,,48.05000,Lightspeed Payments,,,,,,,,
2026-03-28 11:21:48,645,Sale,WALKIN,,,2,41.98,3.88,0.00000,0.00000,45.86,,1 X VINTAGE Black Blouse Gold Leaf / Size Large + 1 X VintageSears/WhiRuffleBtnDwn/Size8,Main Register,leegallagher99@hotmail.com,CLOSED,,,,closed,
2026-03-28 11:21:48,645,Sale Line,,,,1.00000,22.99000,2.12658,0.00000,0.00000,25.11658,,VINTAGE Black Blouse Gold Leaf / Size Large,,,,10005697,,,,
2026-03-28 11:21:48,645,Sale Line,,,,1.00000,18.99000,1.75658,0.00000,0.00000,20.74658,,VintageSears/WhiRuffleBtnDwn/Size8,,,,10006127,,,,
2026-03-28 11:21:17,645,Payment,,,,,,,,,,45.86000,Lightspeed Payments,,,,,,,,
2026-03-28 10:46:59,644,Sale,WALKIN,,,2,21.49,1.99,0.00000,0.00000,23.48,,1 X Biviar Black Hat + 1 X Pink Trio Flower Earrings,Main Register,leegallagher99@hotmail.com,CLOSED,,,,closed,
2026-03-28 10:46:59,644,Sale Line,,,,1.00000,12.99000,1.20158,0.00000,0.00000,14.19158,,Biviar Black Hat,,,,10007325,,,,
2026-03-28 10:46:59,644,Sale Line,,,,1.00000,8.50000,0.78625,0.00000,0.00000,9.28625,,Pink Trio Flower Earrings,,,,10003993,,,,
2026-03-28 10:46:43,644,Payment,,,,,,,,,,23.48000,Lightspeed Payments,,,,,,,,
2026-03-27 20:08:42,643,Sale,WALKIN,,,1,22.99,2.13,0.00000,0.00000,25.12,,1 X Jason Maxwell Green Floral Hoodie/ Size XL,Main Register,leegallagher99@hotmail.com,CLOSED,,,,closed,
2026-03-27 20:08:42,643,Sale Line,,,,1.00000,22.99000,2.12658,0.00000,0.00000,25.11658,,Jason Maxwell Green Floral Hoodie/ Size XL,,,,10007125,,,,
2026-03-27 20:08:35,643,Payment,,,,,,,,,,25.12000,Lightspeed Payments,,,,,,,,
2026-03-27 20:06:51,642,Sale,WALKIN,,,2,38.98,3.61,0.00000,0.00000,42.59,,1 X ClothXStone/WhiteSlvlessBttnDwn/SizeM + 1 X unknown/tank/blk/m,Main Register,leegallagher99@hotmail.com,CLOSED,,,,closed,
2026-03-27 20:06:51,642,Sale Line,,,,1.00000,22.99000,2.12658,0.00000,0.00000,25.11658,,ClothXStone/WhiteSlvlessBttnDwn/SizeM,,,,10006927,,,,
2026-03-27 20:06:51,642,Sale Line,,,,1.00000,15.99000,1.47908,0.00000,0.00000,17.46908,,unknown/tank/blk/m,,,,10006071,,,,
2026-03-27 20:06:43,642,Payment,,,,,,,,,,42.59000,Lightspeed Payments,,,,,,,,
2026-03-27 19:02:11,641,Sale,WALKIN,,,1,25.99,2.40,0.00000,0.00000,28.39,,1 X ZaraSweater_Cu,Main Register,leegallagher99@hotmail.com,CLOSED,,,,closed,
2026-03-27 19:02:11,641,Sale Line,,,,1.00000,25.99000,2.40408,0.00000,0.00000,28.39408,,ZaraSweater_Cu / blue / M / 1.35,,,,10000062,,,,
2026-03-27 19:01:58,641,Payment,,,,,,,,,,28.39000,Lightspeed Payments,,,,,,,,
2026-03-27 18:55:37,640,Sale,WALKIN,,,1,32.99,3.05,0.00000,0.00000,36.04,,1 X VINTAGE Zayre Black & W Polka Dot Top / Size M,Main Register,leegallagher99@hotmail.com,CLOSED,,,,closed,
2026-03-27 18:55:37,640,Sale Line,,,,1.00000,32.99000,3.05158,0.00000,0.00000,36.04158,,VINTAGE Zayre Black & W Polka Dot Top / Size M,,,,10006471,,,,
2026-03-27 18:55:28,640,Payment,,,,,,,,,,36.04000,Lightspeed Payments,,,,,,,,
2026-03-27 18:06:25,639,Sale,WALKIN,,,1,39.99,3.70,0.00000,0.00000,43.69,,1 X SamEdelman/Blk&GoldLoafer/Size8.5M,Main Register,leegallagher99@hotmail.com,CLOSED,,,,closed,
2026-03-27 18:06:25,639,Sale Line,,,,1.00000,39.99000,3.69908,0.00000,0.00000,43.68908,,SamEdelman/Blk&GoldLoafer/Size8.5M,,,,10004395,,,,
2026-03-27 18:06:17,639,Payment,,,,,,,,,,43.69000,Lightspeed Payments,,,,,,,,
2026-03-27 18:02:10,638,Sale,WALKIN,,,1,21.99,2.03,0.00000,0.00000,24.02,,1 X Ronni Nicole Green Cardigan / Size 1x,Main Register,leegallagher99@hotmail.com,CLOSED,,,,closed,
2026-03-27 18:02:10,638,Sale Line,,,,1.00000,21.99000,2.03408,0.00000,0.00000,24.02408,,Ronni Nicole Green Cardigan / Size 1x,,,,10005889,,,,
2026-03-27 18:01:48,638,Payment,,,,,,,,,,24.02000,Lightspeed Payments,,,,,,,,
2026-03-27 17:37:23,637,Sale,WALKIN,,,3,37.97,3.51,0.00000,0.00000,41.48,,1 X beige ribbed tanktop/large/xl + 1 X BodyCentral/ Sheer Top/ Camel/ Size M + 1 X AC DCTee Shirt_Ne,Main Register,leegallagher99@hotmail.com,CLOSED,,,,closed,
2026-03-27 17:37:23,637,Sale Line,,,,1.00000,8.99000,0.83158,0.00000,0.00000,9.82158,,beige ribbed tanktop/large/xl,,,,10006186,,,,
2026-03-27 17:37:23,637,Sale Line,,,,1.00000,15.99000,1.47908,0.00000,0.00000,17.46908,,BodyCentral/ Sheer Top/ Camel/ Size M,,,,10005154,,,,
2026-03-27 17:37:23,637,Sale Line,,,,1.00000,12.99000,1.20158,0.00000,0.00000,14.19158,,AC DCTee Shirt_Ne / Pink / S / 11.86,,,,10002161,,,,
2026-03-27 17:37:16,637,Payment,,,,,,,,,,41.48000,Lightspeed Payments,,,,,,,,
2026-03-27 17:13:13,636,Sale,WALKIN,,,1,45.99,4.25,0.00000,0.00000,50.24,,1 X Elana Kattau Rainbow Jumpsuit/ Size S,Main Register,leegallagher99@hotmail.com,CLOSED,,,,closed,
2026-03-27 17:13:13,636,Sale Line,,,,1.00000,45.99000,4.25408,0.00000,0.00000,50.24408,,Elana Kattau Rainbow Jumpsuit/ Size S,,,,10007128,,,,
2026-03-27 17:13:04,636,Payment,,,,,,,,,,50.24000,Lightspeed Payments,,,,,,,,
2026-03-27 17:11:42,635,Sale,WALKIN,,,0,8.99,0.83,0.00000,0.00000,9.82,,1 X Crm & Bronze Belt/Size S + -1 X Discount,Main Register,leegallagher99@hotmail.com,CLOSED,,,,closed,
2026-03-27 17:11:42,635,Sale Line,,,,1.00000,9.99000,0.92408,0.00000,0.00000,10.91408,,Crm & Bronze Belt/Size S,,,,10003705,,,,
2026-03-27 17:11:42,635,Sale Line,,,,-1.00000,-0.99900,-0.09241,0.00000,0.00000,-1.09141,,Discount,,,,vend-discount,,,,
2026-03-27 17:11:24,635,Payment,,,,,,,,,,9.82000,Lightspeed Payments,,,,,,,,
2026-03-27 16:57:16,634,Sale,WALKIN,,,1,18.99,1.76,0.00000,0.00000,20.75,,1 X Brown Leather Belt Brass Buckle,Main Register,leegallagher99@hotmail.com,CLOSED,,,,closed,
2026-03-27 16:57:16,634,Sale Line,,,,1.00000,18.99000,1.75658,0.00000,0.00000,20.74658,,Brown Leather Belt Brass Buckle,,,,10006376,,,,
2026-03-27 16:55:58,634,Payment,,,,,,,,,,21.00000,Cash,,,,,,,,
2026-03-27 16:57:16,634,Payment,,,,,,,,,,-0.25000,Cash,,,,,,,,
2026-03-27 16:54:19,633,Sale,WALKIN,,,1,69.99,6.47,0.00000,0.00000,76.46,,1 X 12th Tribe White Sequin Jacket / Size M,Main Register,leegallagher99@hotmail.com,CLOSED,,,,closed,
2026-03-27 16:54:19,633,Sale Line,,,,1.00000,69.99000,6.47408,0.00000,0.00000,76.46408,,12th Tribe White Sequin Jacket / Size M,,,,10003950,,,,
2026-03-27 16:54:12,633,Payment,,,,,,,,,,76.46000,Lightspeed Payments,,,,,,,,
2026-03-27 16:53:12,632,Sale,WALKIN,,,2,74.98,6.94,0.00000,0.00000,81.92,,1 X Allegria Red Sling Backs/Size7-7.5 + 1 X Persaman Pink & Yellow Skirt / Size 10,Main Register,leegallagher99@hotmail.com,CLOSED,,,,closed,
2026-03-27 16:53:12,632,Sale Line,,,,1.00000,35.99000,3.32908,0.00000,0.00000,39.31908,,Allegria Red Sling Backs/Size7-7.5,,,,10007080,,,,
2026-03-27 16:53:12,632,Sale Line,,,,1.00000,38.99000,3.60658,0.00000,0.00000,42.59658,,Persaman Pink & Yellow Skirt / Size 10,,,,10005918,,,,
2026-03-27 16:53:07,632,Payment,,,,,,,,,,81.92000,Lightspeed Payments,,,,,,,,
2026-03-27 16:36:31,631,Sale,WALKIN,,,3,60.48,5.59,0.00000,0.00000,66.07,,1 X August Animal Print Hat + 1 X Lace Long Tunic Apricot/Size L + 1 X Wood Flower Earrings,Main Register,leegallagher99@hotmail.com,CLOSED,,,,closed,
2026-03-27 16:36:31,631,Sale Line,,,,1.00000,15.99000,1.47908,0.00000,0.00000,17.46908,,August Animal Print Hat,,,,10007087,,,,
2026-03-27 16:36:31,631,Sale Line,,,,1.00000,35.99000,3.32908,0.00000,0.00000,39.31908,,Lace Long Tunic Apricot/Size L,,,,10004168,,,,
2026-03-27 16:36:31,631,Sale Line,,,,1.00000,8.50000,0.78625,0.00000,0.00000,9.28625,,Wood Flower Earrings,,,,10003996,,,,
2026-03-27 16:36:24,631,Payment,,,,,,,,,,66.07000,Lightspeed Payments,,,,,,,,
2026-03-27 16:35:02,630,Sale,WALKIN,,,1,45.99,4.25,0.00000,0.00000,50.24,,1 X Metalpurse,Main Register,leegallagher99@hotmail.com,CLOSED,,,,closed,
2026-03-27 16:35:02,630,Sale Line,,,,1.00000,45.99000,4.25408,0.00000,0.00000,50.24408,,Metalpurse,,,,10007316,,,,
2026-03-27 16:34:53,630,Payment,,,,,,,,,,50.24000,Lightspeed Payments,,,,,,,,
2026-03-27 15:09:49,629,Sale,WALKIN,,,1,25.99,2.40,0.00000,0.00000,28.39,,1 X J.Crew/ Wrap Blouse/Grn/Size M,Main Register,leegallagher99@hotmail.com,CLOSED,,,,closed,
2026-03-27 15:09:49,629,Sale Line,,,,1.00000,25.99000,2.40408,0.00000,0.00000,28.39408,,J.Crew/ Wrap Blouse/Grn/Size M,,,,10005030,,,,
2026-03-27 15:09:43,629,Payment,,,,,,,,,,28.39000,Lightspeed Payments,,,,,,,,
2026-03-27 15:00:07,628,Sale,WALKIN,,,2,44.98,4.16,0.00000,0.00000,49.14,,1 X InnerMost Ppl Slip/Size S + 1 X Moda/PurplaceTop/SizeXS,Main Register,leegallagher99@hotmail.com,CLOSED,,,,closed,
2026-03-27 15:00:07,628,Sale Line,,,,1.00000,15.99000,1.47908,0.00000,0.00000,17.46908,,InnerMost Ppl Slip/Size S,,,,10003912,,,,
2026-03-27 15:00:07,628,Sale Line,,,,1.00000,28.99000,2.68158,0.00000,0.00000,31.67158,,Moda/PurplaceTop/SizeXS,,,,10006019,,,,
2026-03-27 15:00:01,628,Payment,,,,,,,,,,49.14000,Lightspeed Payments,,,,,,,,
2026-03-27 14:57:27,627,Sale,WALKIN,,,2,47.98,4.44,0.00000,0.00000,52.42,,1 X J CrewSkirt_vi + 1 X Red & White Necklace,Main Register,leegallagher99@hotmail.com,CLOSED,,,,closed,
2026-03-27 14:57:27,627,Sale Line,,,,1.00000,29.99000,2.77408,0.00000,0.00000,32.76408,,J CrewSkirt_vi / Black and Pink / M / 12.87,,,,10002363,,,,
2026-03-27 14:57:27,627,Sale Line,,,,1.00000,17.99000,1.66408,0.00000,0.00000,19.65408,,Red & White Necklace / Red & White / OSFM / abc,,,,10003248,,,,
2026-03-27 14:56:52,627,Payment,,,,,,,,,,52.42000,Lightspeed Payments,,,,,,,,
2026-03-27 14:53:48,626,Sale,WALKIN,,,4,107.96,9.99,0.00000,0.00000,117.95,,1 X Clarks Brown Leather Boots Size 9M + 1 X Citizens of Humanity Bluejeans / Size 30 + 1 X FP One White Dress Size XL + 1 X Old Navy Brown Dress Size M,Main Register,leegallagher99@hotmail.com,CLOSED,,,,closed,
2026-03-27 14:53:48,626,Sale Line,,,,1.00000,32.99000,3.05158,0.00000,0.00000,36.04158,,Clarks Brown Leather Boots Size 9M,,,,10003309,,,,
2026-03-27 14:53:48,626,Sale Line,,,,1.00000,29.99000,2.77408,0.00000,0.00000,32.76408,,Citizens of Humanity Bluejeans / Size 30,,,,10005674,,,,
2026-03-27 14:53:48,626,Sale Line,,,,1.00000,28.99000,2.68158,0.00000,0.00000,31.67158,,FP One White Dress Size XL,,,,10007290,,,,
2026-03-27 14:53:48,626,Sale Line,,,,1.00000,15.99000,1.47908,0.00000,0.00000,17.46908,,Old Navy Brown Dress Size M,,,,10007186,,,,
2026-03-27 14:53:41,626,Payment,,,,,,,,,,117.95000,Lightspeed Payments,,,,,,,,
2026-03-27 14:45:50,625,Sale,WALKIN,,,1,19.99,1.85,0.00000,0.00000,21.84,,1 X green with white flowers blouse/small,Main Register,leegallagher99@hotmail.com,CLOSED,,,,closed,
2026-03-27 14:45:50,625,Sale Line,,,,1.00000,19.99000,1.84908,0.00000,0.00000,21.83908,,green with white flowers blouse/small,,,,10006206,,,,
2026-03-27 14:45:43,625,Payment,,,,,,,,,,21.84000,Lightspeed Payments,,,,,,,,
2026-03-27 14:43:29,624,Sale,WALKIN,,,2,44.98,4.16,0.00000,0.00000,49.14,,1 X DieselJeans_Al + 1 X LeviJeans,Main Register,leegallagher99@hotmail.com,CLOSED,,,,closed,
2026-03-27 14:43:29,624,Sale Line,,,,1.00000,15.99000,1.47908,0.00000,0.00000,17.46908,,DieselJeans_Al / Bluejeans / 8 / 11.83,,,,10002156,,,,
2026-03-27 14:43:29,624,Sale Line,,,,1.00000,28.99000,2.68158,0.00000,0.00000,31.67158,,LeviJeans / Bluejeans / S,,,,10003054,,,,
2026-03-27 14:43:16,624,Payment,,,,,,,,,,49.14000,Lightspeed Payments,,,,,,,,
2026-03-27 14:10:04,623,Sale,WALKIN,,,1,175.00,16.19,0.00000,0.00000,191.19,,1 X Desigual/GrnPatternJacket/Size38,Main Register,leegallagher99@hotmail.com,CLOSED,,,,closed,
2026-03-27 14:10:04,623,Sale Line,,,,1.00000,175.00000,16.18750,0.00000,0.00000,191.18750,,Desigual/GrnPatternJacket/Size38,,,,10006403,,,,
2026-03-27 14:09:54,623,Payment,,,,,,,,,,191.19000,Lightspeed Payments,,,,,,,,
2026-03-27 14:02:46,622,Sale,WALKIN,,,1,22.99,2.13,0.00000,0.00000,25.12,,1 X Zara Basic White Top Size XS,Main Register,leegallagher99@hotmail.com,CLOSED,,,,closed,
2026-03-27 14:02:46,622,Sale Line,,,,1.00000,22.99000,2.12658,0.00000,0.00000,25.11658,,Zara Basic White Top Size XS,,,,10007201,,,,
2026-03-27 14:02:38,622,Payment,,,,,,,,,,25.12000,Lightspeed Payments,,,,,,,,
2026-03-27 13:18:57,621,Sale,WALKIN,,,1,15.99,1.48,0.00000,0.00000,17.47,,1 X Socialite White Cami Top/Size S,Main Register,leegallagher99@hotmail.com,CLOSED,,,,closed,
2026-03-27 13:18:57,621,Sale Line,,,,1.00000,15.99000,1.47908,0.00000,0.00000,17.46908,,Socialite White Cami Top/Size S,,,,10007142,,,,
2026-03-27 13:18:42,621,Payment,,,,,,,,,,17.47000,Lightspeed Payments,,,,,,,,
2026-03-27 12:58:17,620,Sale,WALKIN,,,1,32.99,3.05,0.00000,0.00000,36.04,,1 X Libra LS Blouse Multi-Color Size XL,Main Register,leegallagher99@hotmail.com,CLOSED,,,,closed,
2026-03-27 12:58:17,620,Sale Line,,,,1.00000,32.99000,3.05158,0.00000,0.00000,36.04158,,Libra LS Blouse Multi-Color Size XL,,,,10007162,,,,
2026-03-27 12:58:10,620,Payment,,,,,,,,,,36.04000,Lightspeed Payments,,,,,,,,
2026-03-27 12:54:32,619,Sale,WALKIN,,,1,21.95,2.03,0.00000,0.00000,23.98,,1 X Blue Purse Silver Hardware,Main Register,leegallagher99@hotmail.com,CLOSED,,,,closed,
2026-03-27 12:54:32,619,Sale Line,,,,1.00000,21.95000,2.03038,0.00000,0.00000,23.98038,,Blue Purse Silver Hardware,,,,10006576,,,,
2026-03-27 12:54:24,619,Payment,,,,,,,,,,23.98000,Lightspeed Payments,,,,,,,,
2026-03-27 12:48:53,618,Sale,WALKIN,,,1,22.99,2.13,0.00000,0.00000,25.12,,1 X Juicy Couture 2 Piece Baby Pink Velvet / Size M,Main Register,leegallagher99@hotmail.com,CLOSED,,,,closed,
2026-03-27 12:48:53,618,Sale Line,,,,1.00000,22.99000,2.12658,0.00000,0.00000,25.11658,,Juicy Couture 2 Piece Baby Pink Velvet / Size M,,,,10003983,,,,
2026-03-27 12:48:46,618,Payment,,,,,,,,,,25.12000,Lightspeed Payments,,,,,,,,
2026-03-27 12:36:36,617,Sale,WALKIN,,,2,41.98,3.88,0.00000,0.00000,45.86,,1 X Gypsies & Moondust Red Blue Stripe Top / Size M + 1 X St Johns Bay Brown & White SS / Size L,Main Register,leegallagher99@hotmail.com,CLOSED,,,,closed,
2026-03-27 12:36:36,617,Sale Line,,,,1.00000,22.99000,2.12658,0.00000,0.00000,25.11658,,Gypsies & Moondust Red Blue Stripe Top / Size M,,,,10006339,,,,
2026-03-27 12:36:36,617,Sale Line,,,,1.00000,18.99000,1.75658,0.00000,0.00000,20.74658,,St Johns Bay Brown & White SS / Size L,,,,10005954,,,,
2026-03-27 12:35:43,617,Payment,,,,,,,,,,45.86000,Lightspeed Payments,,,,,,,,
2026-03-27 12:24:26,616,Sale,WALKIN,,,1,27.99,2.59,0.00000,0.00000,30.58,,1 X SincerelyJules/WhiCrewSweater/SizeM,Main Register,leegallagher99@hotmail.com,CLOSED,,,,closed,
2026-03-27 12:24:26,616,Sale Line,,,,1.00000,27.99000,2.58908,0.00000,0.00000,30.57908,,SincerelyJules/WhiCrewSweater/SizeM,,,,10006872,,,,
2026-03-27 12:24:20,616,Payment,,,,,,,,,,30.58000,Lightspeed Payments,,,,,,,,
2026-03-27 12:11:14,615,Sale,WALKIN,,,1,22.99,2.13,0.00000,0.00000,25.12,,1 X Land's End Pink Zip Up Jacket / Size XL,Main Register,leegallagher99@hotmail.com,CLOSED,,,,closed,
2026-03-27 12:11:14,615,Sale Line,,,,1.00000,22.99000,2.12658,0.00000,0.00000,25.11658,,Land's End Pink Zip Up Jacket / Size XL,,,,10004767,,,,
2026-03-27 12:11:07,615,Payment,,,,,,,,,,25.12000,Lightspeed Payments,,,,,,,,
2026-03-27 11:43:11,614,Sale,WALKIN,,,1,24.99,2.31,0.00000,0.00000,27.3,,1 X Lulus White Ruffle Two Piece Set / Size M,Main Register,leegallagher99@hotmail.com,CLOSED,,,,closed,
2026-03-27 11:43:11,614,Sale Line,,,,1.00000,24.99000,2.31158,0.00000,0.00000,27.30158,,Lulus White Ruffle Two Piece Set / Size M,,,,10004223,,,,
2026-03-27 11:43:03,614,Payment,,,,,,,,,,27.30000,Lightspeed Payments,,,,,,,,
2026-03-27 11:39:47,613,Sale,WALKIN,,,1,25.99,2.40,0.00000,0.00000,28.39,,1 X Comsic Aura Black Lace Kimono/Size M/L,Main Register,leegallagher99@hotmail.com,CLOSED,,,,closed,
2026-03-27 11:39:47,613,Sale Line,,,,1.00000,25.99000,2.40408,0.00000,0.00000,28.39408,,Comsic Aura Black Lace Kimono/Size M/L,,,,10007135,,,,
2026-03-27 11:39:38,613,Payment,,,,,,,,,,28.39000,Lightspeed Payments,,,,,,,,
2026-03-27 11:22:08,612,Sale,WALKIN,,,10,249.90,23.12,0.00000,0.00000,273.02,,1 X Nine West Pink Rain Jacket/ Size S + 1 X Carolina Belle Montreal Blue Jacket/Size S + 1 X Sophie Max Black Shortsleeve Dress / Size S + 1 X Chico's Dark Blue Top / Size S + 1 X Gibson/BlackTop/SizeS + 1 X Banana Republic Green Sleeveless Top/Size S + 1 X White House Black Market Skirt Black Size 4 + 1 X WhBmNWT Multicolor Skirt/Size 4 + 1 X Stella & Dot Silver Stretch Bracelet + 1 X Bracelet metal,Main Register,leegallagher99@hotmail.com,CLOSED,,,,closed,
2026-03-27 11:22:08,612,Sale Line,,,,1.00000,27.99000,2.58908,0.00000,0.00000,30.57908,,Nine West Pink Rain Jacket/ Size S,,,,10007121,,,,
2026-03-27 11:22:08,612,Sale Line,,,,1.00000,45.99000,4.25408,0.00000,0.00000,50.24408,,Carolina Belle Montreal Blue Jacket/Size S,,,,10007127,,,,
2026-03-27 11:22:08,612,Sale Line,,,,1.00000,13.99000,1.29408,0.00000,0.00000,15.28408,,Sophie Max Black Shortsleeve Dress / Size S,,,,10004613,,,,
2026-03-27 11:22:08,612,Sale Line,,,,1.00000,18.99000,1.75658,0.00000,0.00000,20.74658,,Chico's Dark Blue Top / Size S,,,,10006340,,,,
2026-03-27 11:22:08,612,Sale Line,,,,1.00000,22.99000,2.12658,0.00000,0.00000,25.11658,,Gibson/BlackTop/SizeS,,,,10005292,,,,
2026-03-27 11:22:08,612,Sale Line,,,,1.00000,14.99000,1.38658,0.00000,0.00000,16.37658,,Banana Republic Green Sleeveless Top/Size S,,,,10005228,,,,
2026-03-27 11:22:08,612,Sale Line,,,,1.00000,31.99000,2.95908,0.00000,0.00000,34.94908,,White House Black Market Skirt Black Size 4,,,,10003455,,,,
2026-03-27 11:22:08,612,Sale Line,,,,1.00000,21.99000,2.03408,0.00000,0.00000,24.02408,,WhBmNWT Multicolor Skirt/Size 4,,,,10004504,,,,
2026-03-27 11:22:08,612,Sale Line,,,,1.00000,25.99000,2.40408,0.00000,0.00000,28.39408,,Stella & Dot Silver Stretch Bracelet,,,,10006730,,,,
2026-03-27 11:22:08,612,Sale Line,,,,1.00000,24.99000,2.31158,0.00000,0.00000,27.30158,,Bracelet metal,,,,10007284,,,,
2026-03-27 11:21:59,612,Payment,,,,,,,,,,273.02000,Lightspeed Payments,,,,,,,,
2026-03-27 11:12:12,611,Sale,WALKIN,,,1,27.99,2.59,0.00000,0.00000,30.58,,1 X floral maxi dress size large,Main Register,leegallagher99@hotmail.com,CLOSED,,,,closed,
2026-03-27 11:12:12,611,Sale Line,,,,1.00000,27.99000,2.58908,0.00000,0.00000,30.57908,,floral maxi dress size large,,,,10006645,,,,
2026-03-27 11:12:06,611,Payment,,,,,,,,,,30.58000,Lightspeed Payments,,,,,,,,
2026-03-27 10:39:07,610,Sale,WALKIN,,,1,29.99,2.77,0.00000,0.00000,32.76,,1 X Stella & Dot Gold Circles Necklace,Main Register,leegallagher99@hotmail.com,CLOSED,,,,closed,
2026-03-27 10:39:07,610,Sale Line,,,,1.00000,29.99000,2.77408,0.00000,0.00000,32.76408,,Stella & Dot Gold Circles Necklace,,,,10006729,,,,
2026-03-27 10:38:54,610,Payment,,,,,,,,,,32.76000,Lightspeed Payments,,,,,,,,
2026-03-26 20:26:10,609,Sale,WALKIN,,,4,198.96,18.40,0.00000,0.00000,217.36,,1 X VINTAGE Luisa Spagnoli Top Blck/Size L + 1 X Sanctuary NWT Black Mustard Jumpsuit / Size 8 + 1 X Rag&Bone/BlkBacklessChunkyHeels/Size39.5 + 1 X Manolo Blahnik Black Studded Heels/Size 9,Main Register,leegallagher99@hotmail.com,CLOSED,,,,closed,
2026-03-26 20:26:10,609,Sale Line,,,,1.00000,42.99000,3.97658,0.00000,0.00000,46.96658,,VINTAGE Luisa Spagnoli Top Blck/Size L,,,,10004199,,,,
2026-03-26 20:26:10,609,Sale Line,,,,1.00000,69.99000,6.47408,0.00000,0.00000,76.46408,,Sanctuary NWT Black Mustard Jumpsuit / Size 8,,,,10005008,,,,
2026-03-26 20:26:10,609,Sale Line,,,,1.00000,29.99000,2.77408,0.00000,0.00000,32.76408,,Rag&Bone/BlkBacklessChunkyHeels/Size39.5,,,,10004402,,,,
2026-03-26 20:26:10,609,Sale Line,,,,1.00000,55.99000,5.17908,0.00000,0.00000,61.16908,,Manolo Blahnik Black Studded Heels/Size 9,,,,10007059,,,,
2026-03-26 20:26:03,609,Payment,,,,,,,,,,217.36000,Lightspeed Payments,,,,,,,,
2026-03-26 20:18:16,608,Sale,WALKIN,,,1,50.00,4.63,0.00000,0.00000,54.63,,1 X VINTAGE MaryFrances Hndbg,Main Register,leegallagher99@hotmail.com,CLOSED,,,,closed,
2026-03-26 20:18:16,608,Sale Line,,,,1.00000,50.00000,4.62500,0.00000,0.00000,54.62500,,VINTAGE MaryFrances Hndbg,,,,10004513,,,,
2026-03-26 20:18:11,608,Payment,,,,,,,,,,54.63000,Lightspeed Payments,,,,,,,,
2026-03-26 20:17:09,607,Sale,WALKIN,,,1,39.99,3.70,0.00000,0.00000,43.69,,1 X Colebrook Blk Leather Coat/Size S,Main Register,leegallagher99@hotmail.com,CLOSED,,,,closed,
2026-03-26 20:17:09,607,Sale Line,,,,1.00000,39.99000,3.69908,0.00000,0.00000,43.68908,,Colebrook Blk Leather Coat/Size S,,,,10007122,,,,
2026-03-26 20:17:03,607,Payment,,,,,,,,,,43.69000,Lightspeed Payments,,,,,,,,
2026-03-26 20:01:49,606,Sale,WALKIN,,,1,46.99,4.35,0.00000,0.00000,51.34,,1 X Bisou Bisou Silver Bracelet Black Stone,Main Register,leegallagher99@hotmail.com,CLOSED,,,,closed,
2026-03-26 20:01:49,606,Sale Line,,,,1.00000,46.99000,4.34658,0.00000,0.00000,51.33658,,Bisou Bisou Silver Bracelet Black Stone,,,,10006739,,,,
2026-03-26 20:01:43,606,Payment,,,,,,,,,,60.00000,Cash,,,,,,,,
2026-03-26 20:01:49,606,Payment,,,,,,,,,,-8.66000,Cash,,,,,,,,
2026-03-26 19:30:17,605,Sale,WALKIN,,,2,48.98,4.53,0.00000,0.00000,53.51,,1 X Linda Anderson black sundress/L + 1 X Naya Makani Wedge/ Size 11,Main Register,leegallagher99@hotmail.com,CLOSED,,,,closed,
2026-03-26 19:30:17,605,Sale Line,,,,1.00000,25.99000,2.40408,0.00000,0.00000,28.39408,,Linda Anderson black sundress/L,,,,10006838,,,,
2026-03-26 19:30:17,605,Sale Line,,,,1.00000,22.99000,2.12658,0.00000,0.00000,25.11658,,Naya Makani Wedge/ Size 11,,,,10007072,,,,
2026-03-26 19:30:08,605,Payment,,,,,,,,,,53.51000,Lightspeed Payments,,,,,,,,
2026-03-26 19:25:04,604,Sale,WALKIN,,,1,24.99,2.31,0.00000,0.00000,27.3,,1 X August Silk Black Sheer Colorful Flower / Size M,Main Register,leegallagher99@hotmail.com,CLOSED,,,,closed,
2026-03-26 19:25:04,604,Sale Line,,,,1.00000,24.99000,2.31158,0.00000,0.00000,27.30158,,August Silk Black Sheer Colorful Flower / Size M,,,,10004824,,,,
2026-03-26 19:24:58,604,Payment,,,,,,,,,,27.30000,Lightspeed Payments,,,,,,,,
2026-03-26 19:15:41,603,Sale,WALKIN,,,1,39.99,3.70,0.00000,0.00000,43.69,,1 X JR Nites Black Sheer Longsleeve / Size 12,Main Register,leegallagher99@hotmail.com,CLOSED,,,,closed,
2026-03-26 19:15:41,603,Sale Line,,,,1.00000,39.99000,3.69908,0.00000,0.00000,43.68908,,JR Nites Black Sheer Longsleeve / Size 12,,,,10003944,,,,
2026-03-26 19:15:35,603,Payment,,,,,,,,,,43.69000,Lightspeed Payments,,,,,,,,
2026-03-26 17:42:09,602,Sale,WALKIN,,,1,15.00,1.39,0.00000,0.00000,16.39,,1 X Brown Grommet Belt_Un,Main Register,leegallagher99@hotmail.com,CLOSED,,,,closed,
2026-03-26 17:42:09,602,Sale Line,,,,1.00000,15.00000,1.38750,0.00000,0.00000,16.38750,,Brown Grommet Belt_Un / Brown / Unknown / 19.900000000000006,,,,10003079,,,,
2026-03-26 17:42:01,602,Payment,,,,,,,,,,16.39000,Lightspeed Payments,,,,,,,,
2026-03-26 17:25:21,601,Sale,WALKIN,,,1,17.99,1.66,0.00000,0.00000,19.65,,1 X Pac Sun Rhinestone Denim Top/Size S,Main Register,leegallagher99@hotmail.com,CLOSED,,,,closed,
2026-03-26 17:25:21,601,Sale Line,,,,1.00000,17.99000,1.66408,0.00000,0.00000,19.65408,,Pac Sun Rhinestone Denim Top/Size S,,,,10007134,,,,
2026-03-26 17:25:13,601,Payment,,,,,,,,,,19.65000,Lightspeed Payments,,,,,,,,
2026-03-26 16:24:35,600,Sale,WALKIN,,,1,21.99,2.03,0.00000,0.00000,24.02,,1 X Charlotte Russe Green Faux Satin Jogger/ Size M,Main Register,leegallagher99@hotmail.com,CLOSED,,,,closed,
2026-03-26 16:24:35,600,Sale Line,,,,1.00000,21.99000,2.03408,0.00000,0.00000,24.02408,,Charlotte Russe Green Faux Satin Jogger/ Size M,,,,10003863,,,,
2026-03-26 16:24:29,600,Payment,,,,,,,,,,25.02000,Cash,,,,,,,,
2026-03-26 16:24:35,600,Payment,,,,,,,,,,-1.00000,Cash,,,,,,,,
2026-03-26 16:18:25,599,Sale,WALKIN,,,1,16.99,1.57,0.00000,0.00000,18.56,,1 X Banana Republic Orange Button SL / Size XS,Main Register,leegallagher99@hotmail.com,CLOSED,,,,closed,
2026-03-26 16:18:25,599,Sale Line,,,,1.00000,16.99000,1.57158,0.00000,0.00000,18.56158,,Banana Republic Orange Button SL / Size XS,,,,10005639,,,,
2026-03-26 16:18:19,599,Payment,,,,,,,,,,18.56000,Lightspeed Payments,,,,,,,,
2026-03-26 16:17:17,598,Sale,WALKIN,,,3,59.97,5.55,0.00000,0.00000,65.52,,1 X 10007212 + 1 X CalStyle/GrnTanSkirt/SizeL + 1 X BlackStuddedBelt,Main Register,leegallagher99@hotmail.com,CLOSED,,,,closed,
2026-03-26 16:17:17,598,Sale Line,,,,1.00000,22.99000,2.12658,0.00000,0.00000,25.11658,,10007212,,,,10007213,,,,
2026-03-26 16:17:17,598,Sale Line,,,,1.00000,24.99000,2.31158,0.00000,0.00000,27.30158,,CalStyle/GrnTanSkirt/SizeL,,,,10006911,,,,
2026-03-26 16:17:17,598,Sale Line,,,,1.00000,11.99000,1.10908,0.00000,0.00000,13.09908,,BlackStuddedBelt,,,,10004412,,,,
2026-03-26 16:17:07,598,Payment,,,,,,,,,,65.52000,Lightspeed Payments,,,,,,,,
2026-03-26 15:03:33,597,Sale,WALKIN,,,2,51.98,4.81,0.00000,0.00000,56.79,,1 X Christian Siriano Floral Black Top/ Real Size S + 1 X TCR/MulticolTankTop/SizeS,Main Register,leegallagher99@hotmail.com,CLOSED,,,,closed,
2026-03-26 15:03:33,597,Sale Line,,,,1.00000,26.99000,2.49658,0.00000,0.00000,29.48658,,Christian Siriano Floral Black Top/ Real Size S,,,,10005366,,,,
2026-03-26 15:03:33,597,Sale Line,,,,1.00000,24.99000,2.31158,0.00000,0.00000,27.30158,,TCR/MulticolTankTop/SizeS,,,,10005403,,,,
2026-03-26 15:03:21,597,Payment,,,,,,,,,,56.79000,Lightspeed Payments,,,,,,,,
2026-03-26 15:00:45,596,Sale,WALKIN,,,2,39.98,3.70,0.00000,0.00000,43.68,,1 X TwoPiecePinkSet/SizeS + 1 X ArizonaJeanCo/JeanSkirt/Size3,Main Register,leegallagher99@hotmail.com,CLOSED,,,,closed,
2026-03-26 15:00:45,596,Sale Line,,,,1.00000,18.99000,1.75658,0.00000,0.00000,20.74658,,TwoPiecePinkSet/SizeS,,,,10006162,,,,
2026-03-26 15:00:45,596,Sale Line,,,,1.00000,20.99000,1.94158,0.00000,0.00000,22.93158,,ArizonaJeanCo/JeanSkirt/Size3,,,,10006918,,,,
2026-03-26 15:00:39,596,Payment,,,,,,,,,,43.68000,Lightspeed Payments,,,,,,,,
2026-03-26 14:35:31,595,Sale,WALKIN,,,8,236.92,21.92,0.00000,0.00000,258.84,,1 X Allison B SL Dress Multicolor Texture / Size S + 1 X JS Signature Black Cut Layer Skirt / Size 8 + 1 X Willi Smith Chunky Lace Skirt/Size S + 1 X VINTAGE Paper Doll Pink Longsleeve Pattern / Size M + 1 X Ixee DRess Blk Wht Peach/Size S + 1 X navy skirt with flowers/8 + 1 X Persaman Black Skirt White Flw / Size 8 + 1 X Black sequin,Main Register,leegallagher99@hotmail.com,CLOSED,,,,closed,
2026-03-26 14:35:31,595,Sale Line,,,,1.00000,15.99000,1.47908,0.00000,0.00000,17.46908,,Allison B SL Dress Multicolor Texture / Size S,,,,10005199,,,,
2026-03-26 14:35:31,595,Sale Line,,,,1.00000,25.99000,2.40408,0.00000,0.00000,28.39408,,JS Signature Black Cut Layer Skirt / Size 8,,,,10004775,,,,
2026-03-26 14:35:31,595,Sale Line,,,,1.00000,24.99000,2.31158,0.00000,0.00000,27.30158,,Willi Smith Chunky Lace Skirt/Size S,,,,10003716,,,,
2026-03-26 14:35:31,595,Sale Line,,,,1.00000,35.99000,3.32908,0.00000,0.00000,39.31908,,VINTAGE Paper Doll Pink Longsleeve Pattern / Size M,,,,10004538,,,,
2026-03-26 14:35:31,595,Sale Line,,,,1.00000,32.99000,3.05158,0.00000,0.00000,36.04158,,Ixee DRess Blk Wht Peach/Size S,,,,10006810,,,,
2026-03-26 14:35:31,595,Sale Line,,,,1.00000,35.99000,3.32908,0.00000,0.00000,39.31908,,navy skirt with flowers/8,,,,10006182,,,,
2026-03-26 14:35:31,595,Sale Line,,,,1.00000,35.99000,3.32908,0.00000,0.00000,39.31908,,Persaman Black Skirt White Flw / Size 8,,,,10006293,,,,
2026-03-26 14:35:31,595,Sale Line,,,,1.00000,28.99000,2.68158,0.00000,0.00000,31.67158,,Black sequin,,,,10007187,,,,
2026-03-26 14:35:21,595,Payment,,,,,,,,,,258.84000,Lightspeed Payments,,,,,,,,
2026-03-26 14:11:06,594,Sale,WALKIN,,,4,101.96,9.43,0.00000,0.00000,111.39,,1 X Black Velvet Hat + 1 X Mona Mode Vest Black w Flowers/ Size M + 1 X Allison T Brown Buttondown SL Dress / Size L + 1 X Pilcro Striped Pants / Size 31,Main Register,leegallagher99@hotmail.com,CLOSED,,,,closed,
2026-03-26 14:11:06,594,Sale Line,,,,1.00000,14.99000,1.38658,0.00000,0.00000,16.37658,,Black Velvet Hat,,,,10006587,,,,
2026-03-26 14:11:06,594,Sale Line,,,,1.00000,32.99000,3.05158,0.00000,0.00000,36.04158,,Mona Mode Vest Black w Flowers/ Size M,,,,10006262,,,,
2026-03-26 14:11:06,594,Sale Line,,,,1.00000,25.99000,2.40408,0.00000,0.00000,28.39408,,Allison T Brown Buttondown SL Dress / Size L,,,,10006713,,,,
2026-03-26 14:11:06,594,Sale Line,,,,1.00000,27.99000,2.58908,0.00000,0.00000,30.57908,,Pilcro Striped Pants / Size 31,,,,10003785,,,,
2026-03-26 14:10:42,594,Payment,,,,,,,,,,111.39000,Lightspeed Payments,,,,,,,,
2026-03-26 14:05:11,593,Sale,WALKIN,,,1,21.99,2.03,0.00000,0.00000,24.02,,1 X Zara White Collared SS Dress / Size S,Main Register,leegallagher99@hotmail.com,CLOSED,,,,closed,
2026-03-26 14:05:11,593,Sale Line,,,,1.00000,21.99000,2.03408,0.00000,0.00000,24.02408,,Zara White Collared SS Dress / Size S,,,,10006980,,,,
2026-03-26 14:05:04,593,Payment,,,,,,,,,,24.02000,Lightspeed Payments,,,,,,,,
2026-03-26 13:51:08,592,Sale,WALKIN,,,3,75.97,7.03,0.00000,0.00000,83,,1 X alfred dunner green knit blouse/L + 1 X WHBM Shiny Zebra Print Shirt / Size M + 1 X Loft Black Dress/ Size LP,Main Register,leegallagher99@hotmail.com,CLOSED,,,,closed,
2026-03-26 13:51:08,592,Sale Line,,,,1.00000,23.99000,2.21908,0.00000,0.00000,26.20908,,alfred dunner green knit blouse/L,,,,10006433,,,,
2026-03-26 13:51:08,592,Sale Line,,,,1.00000,25.99000,2.40408,0.00000,0.00000,28.39408,,WHBM Shiny Zebra Print Shirt / Size M,,,,10006719,,,,
2026-03-26 13:51:08,592,Sale Line,,,,1.00000,25.99000,2.40408,0.00000,0.00000,28.39408,,Loft Black Dress/ Size LP,,,,10006264,,,,
2026-03-26 13:50:54,592,Payment,,,,,,,,,,83.00000,Lightspeed Payments,,,,,,,,
2026-03-26 13:39:38,591,Sale,WALKIN,,,4,241.97,22.38,0.00000,0.00000,264.35,,1 X Vintage Club 515 Yellow Floral Dress/Sz  M + 1 X VINTAGE Beige Pink Floral LS Dress / Size M + 1 X Lanz VINTAGE Pink Colorful Dress / Size L + 1 X MulticolFlowerDress/Size11,Main Register,leegallagher99@hotmail.com,CLOSED,,,,closed,
2026-03-26 13:39:38,591,Sale Line,,,,1.00000,75.99000,7.02908,0.00000,0.00000,83.01908,,Vintage Club 515 Yellow Floral Dress/Sz  M,,,,10006772,,,,
2026-03-26 13:39:38,591,Sale Line,,,,1.00000,28.99000,2.68158,0.00000,0.00000,31.67158,,VINTAGE Beige Pink Floral LS Dress / Size M,,,,10005097,,,,
2026-03-26 13:39:38,591,Sale Line,,,,1.00000,36.99000,3.42158,0.00000,0.00000,40.41158,,Lanz VINTAGE Pink Colorful Dress / Size L,,,,10004596,,,,
2026-03-26 13:39:38,591,Sale Line,,,,1.00000,100.00000,9.25000,0.00000,0.00000,109.25000,,MulticolFlowerDress/Size11,,,,10006788,,,,
2026-03-26 13:39:28,591,Payment,,,,,,,,,,264.35000,Lightspeed Payments,,,,,,,,
2026-03-26 13:32:24,590,Sale,WALKIN,,,2,195.98,18.13,0.00000,0.00000,214.11,,1 X VINTAGE 2 Piece Bogart Brown Set / Size 9 + 1 X Vero Cuoio Metal Toe Boots / Size 7.5,Main Register,leegallagher99@hotmail.com,CLOSED,,,,closed,
2026-03-26 13:32:24,590,Sale Line,,,,1.00000,59.99000,5.54908,0.00000,0.00000,65.53908,,VINTAGE 2 Piece Bogart Brown Set / Size 9,,,,10006474,,,,
2026-03-26 13:32:24,590,Sale Line,,,,1.00000,135.99000,12.57908,0.00000,0.00000,148.56908,,Vero Cuoio Metal Toe Boots / Size 7.5,,,,10005971,,,,
2026-03-26 13:28:56,590,Payment,,,,,,,,,,214.11000,Lightspeed Payments,,,,,,,,
2026-03-26 13:28:13,589,Sale,WALKIN,,,1,21.99,2.03,0.00000,0.00000,24.02,,1 X Skies are Blue,Main Register,leegallagher99@hotmail.com,CLOSED,,,,closed,
2026-03-26 13:28:13,589,Sale Line,,,,1.00000,21.99000,2.03408,0.00000,0.00000,24.02408,,Skies are Blue,,,,10006812,,,,
2026-03-26 13:28:07,589,Payment,,,,,,,,,,24.02000,Lightspeed Payments,,,,,,,,
2026-03-26 13:27:20,588,Sale,WALKIN,,,1,16.99,1.57,0.00000,0.00000,18.56,,1 X The Limited Floral Dress / Size 8,Main Register,leegallagher99@hotmail.com,CLOSED,,,,closed,
2026-03-26 13:27:20,588,Sale Line,,,,1.00000,16.99000,1.57158,0.00000,0.00000,18.56158,,The Limited Floral Dress / Size 8,,,,10006726,,,,
2026-03-26 13:27:00,588,Payment,,,,,,,,,,18.56000,Lightspeed Payments,,,,,,,,
2026-03-26 13:17:34,587,Sale,WALKIN,,,1,14.99,1.39,0.00000,0.00000,16.38,,1 X Generation Kiss Denim Top/ Size L,Main Register,leegallagher99@hotmail.com,CLOSED,,,,closed,
2026-03-26 13:17:34,587,Sale Line,,,,1.00000,14.99000,1.38658,0.00000,0.00000,16.37658,,Generation Kiss Denim Top/ Size L,,,,10007106,,,,
2026-03-26 13:17:32,587,Payment,,,,,,,,,,20.00000,Cash,,,,,,,,
2026-03-26 13:17:34,587,Payment,,,,,,,,,,-3.62000,Cash,,,,,,,,
2026-03-26 13:09:40,586,Sale,WALKIN,,,1,22.99,2.13,0.00000,0.00000,25.12,,1 X Pearl Beach Visor,Main Register,leegallagher99@hotmail.com,CLOSED,,,,closed,
2026-03-26 13:09:40,586,Sale Line,,,,1.00000,22.99000,2.12658,0.00000,0.00000,25.11658,,Pearl Beach Visor,,,,10004790,,,,
2026-03-26 13:09:32,586,Payment,,,,,,,,,,25.12000,Lightspeed Payments,,,,,,,,
2026-03-26 13:02:07,585,Sale,WALKIN,,,1,14.00,1.30,0.00000,0.00000,15.3,,1 X Skirt,Main Register,leegallagher99@hotmail.com,CLOSED,,,,closed,
2026-03-26 13:02:07,585,Sale Line,,,,1.00000,14.00000,1.29500,0.00000,0.00000,15.29500,,Skirt,,,,10007170,,,,
2026-03-26 13:02:00,585,Payment,,,,,,,,,,15.30000,Lightspeed Payments,,,,,,,,
2026-03-26 12:58:06,584,Sale,WALKIN,,,4,80.96,7.49,0.00000,0.00000,88.45,,1 X JCrew/NavyWhiPlkaDotShorts/Size10 + 1 X MaxStudio/FloralruffleDress/SizeM + 1 X AmericanEagle/BlackCorsetTop/SizeM + 1 X Absolutely Tie Dye Crop Top / Size L,Main Register,leegallagher99@hotmail.com,CLOSED,,,,closed,
2026-03-26 12:58:06,584,Sale Line,,,,1.00000,18.99000,1.75658,0.00000,0.00000,20.74658,,JCrew/NavyWhiPlkaDotShorts/Size10,,,,10006914,,,,
2026-03-26 12:58:06,584,Sale Line,,,,1.00000,25.99000,2.40408,0.00000,0.00000,28.39408,,MaxStudio/FloralruffleDress/SizeM,,,,10006143,,,,
2026-03-26 12:58:06,584,Sale Line,,,,1.00000,24.99000,2.31158,0.00000,0.00000,27.30158,,AmericanEagle/BlackCorsetTop/SizeM,,,,10006878,,,,
2026-03-26 12:58:06,584,Sale Line,,,,1.00000,10.99000,1.01658,0.00000,0.00000,12.00658,,Absolutely Tie Dye Crop Top / Size L,,,,10005107,,,,
2026-03-26 12:57:45,584,Payment,,,,,,,,,,88.45000,Lightspeed Payments,,,,,,,,
2026-03-26 12:54:53,583,Sale,WALKIN,,,1,25.99,2.40,0.00000,0.00000,28.39,,1 X Pink Kigi Platform Sandals/Size 7,Main Register,leegallagher99@hotmail.com,CLOSED,,,,closed,
2026-03-26 12:54:53,583,Sale Line,,,,1.00000,25.99000,2.40408,0.00000,0.00000,28.39408,,Pink Kigi Platform Sandals/Size 7,,,,10007057,,,,
2026-03-26 12:54:47,583,Payment,,,,,,,,,,28.39000,Lightspeed Payments,,,,,,,,
2026-03-26 12:52:58,582,Sale,WALKIN,,,1,150.00,13.88,0.00000,0.00000,163.88,,1 X Timmy Woods/ Tortoise Shell Purse,Main Register,leegallagher99@hotmail.com,CLOSED,,,,closed,
2026-03-26 12:52:58,582,Sale Line,,,,1.00000,150.00000,13.87500,0.00000,0.00000,163.87500,,Timmy Woods/ Tortoise Shell Purse,,,,10005090,,,,
2026-03-26 12:52:47,582,Payment,,,,,,,,,,163.88000,Lightspeed Payments,,,,,,,,
2026-03-26 12:49:52,581,Sale,WALKIN,,,1,35.99,3.33,0.00000,0.00000,39.32,,1 X VintageSarahCoventry/GoldSToneBracelet,Main Register,leegallagher99@hotmail.com,CLOSED,,,,closed,
2026-03-26 12:49:52,581,Sale Line,,,,1.00000,35.99000,3.32908,0.00000,0.00000,39.31908,,VintageSarahCoventry/GoldSToneBracelet,,,,10006137,,,,
2026-03-26 12:49:46,581,Payment,,,,,,,,,,39.32000,Lightspeed Payments,,,,,,,,
2026-03-26 12:25:40,580,Sale,WALKIN,,,2,52.98,4.90,0.00000,0.00000,57.88,,1 X grey tennessee vols tshirt/medium + 1 X Scotch and Soda Blue and Brown Striped Sweater / Size M,Main Register,leegallagher99@hotmail.com,CLOSED,,,,closed,
2026-03-26 12:25:40,580,Sale Line,,,,1.00000,19.99000,1.84908,0.00000,0.00000,21.83908,,grey tennessee vols tshirt/medium,,,,10006228,,,,
2026-03-26 12:25:40,580,Sale Line,,,,1.00000,32.99000,3.05158,0.00000,0.00000,36.04158,,Scotch and Soda Blue and Brown Striped Sweater / Size M,,,,10006256,,,,
2026-03-26 12:25:33,580,Payment,,,,,,,,,,57.88000,Lightspeed Payments,,,,,,,,
2026-03-26 12:24:56,579,Sale,WALKIN,,,1,15.99,1.48,0.00000,0.00000,17.47,,1 X Dark Blue Buttondown Seethrough / Size XS,Main Register,leegallagher99@hotmail.com,CLOSED,,,,closed,
2026-03-26 12:24:56,579,Sale Line,,,,1.00000,15.99000,1.47908,0.00000,0.00000,17.46908,,Dark Blue Buttondown Seethrough / Size XS,,,,10006589,,,,
2026-03-26 12:24:44,579,Payment,,,,,,,,,,17.47000,Lightspeed Payments,,,,,,,,
2026-03-26 10:44:19,6,Sale,WALKIN,,,-1,-14.99,-1.39,0.00000,0.00000,-16.38,,-1 X Eunina White Shorts/Size S,POS 2,tomderobe@gmail.com,CLOSED,,,,closed,
2026-03-26 10:44:19,6,Sale Line,,,,-1.00000,-14.99000,-1.38658,0.00000,0.00000,-16.37658,,Eunina White Shorts/Size S,,,,10007029,,,,
2026-03-26 10:44:19,6,Payment,,,,,,,,,,-16.38000,Lightspeed Payments,,,,,,,,
2026-03-26 10:43:13,5,Sale,WALKIN,,,1,14.99,1.39,0.00000,0.00000,16.38,,1 X Eunina White Shorts/Size S,POS 2,tomderobe@gmail.com,CLOSED,,,,closed,
2026-03-26 10:43:13,5,Sale Line,,,,1.00000,14.99000,1.38658,0.00000,0.00000,16.37658,,Eunina White Shorts/Size S,,,,10007029,,,,
2026-03-26 10:43:13,5,Payment,,,,,,,,,,16.38000,Lightspeed Payments,,,,,,,,
2026-03-25 19:45:26,578,Sale,WALKIN,,,2,45.98,4.25,0.00000,0.00000,50.23,,1 X Beige/ Twist Top/ Nvy/ Size L + 1 X Calvin Klein Black LS Top Size L,Main Register,leegallagher99@hotmail.com,CLOSED,,,,closed,
2026-03-25 19:45:26,578,Sale Line,,,,1.00000,13.99000,1.29408,0.00000,0.00000,15.28408,,Beige/ Twist Top/ Nvy/ Size L,,,,10005091,,,,
2026-03-25 19:45:26,578,Sale Line,,,,1.00000,31.99000,2.95908,0.00000,0.00000,34.94908,,Calvin Klein Black LS Top Size L,,,,10003371,,,,
2026-03-25 19:44:58,578,Payment,,,,,,,,,,50.23000,Lightspeed Payments,,,,,,,,
2026-03-25 18:44:24,577,Sale,WALKIN,,,5,149.95,13.87,0.00000,0.00000,163.82,,1 X THML Cream Sweater/Size XS + 1 X Altar'd State Pink Floral SS Ruffle Dress / Size S + 1 X TommyH/BlkFloralDress/Size2 + 1 X BR/BlkFloralKnotDress/Size2P + 1 X Johnny Was Beige Dress / Size S,Main Register,leegallagher99@hotmail.com,CLOSED,,,,closed,
2026-03-25 18:44:24,577,Sale Line,,,,1.00000,18.99000,1.75658,0.00000,0.00000,20.74658,,THML Cream Sweater/Size XS,,,,10003690,,,,
2026-03-25 18:44:24,577,Sale Line,,,,1.00000,25.99000,2.40408,0.00000,0.00000,28.39408,,Altar'd State Pink Floral SS Ruffle Dress / Size S,,,,10007112,,,,
2026-03-25 18:44:24,577,Sale Line,,,,1.00000,22.99000,2.12658,0.00000,0.00000,25.11658,,TommyH/BlkFloralDress/Size2,,,,10004324,,,,
2026-03-25 18:44:24,577,Sale Line,,,,1.00000,25.99000,2.40408,0.00000,0.00000,28.39408,,BR/BlkFloralKnotDress/Size2P,,,,10005471,,,,
2026-03-25 18:44:24,577,Sale Line,,,,1.00000,55.99000,5.17908,0.00000,0.00000,61.16908,,Johnny Was Beige Dress / Size S,,,,10005865,,,,
2026-03-25 18:44:11,577,Payment,,,,,,,,,,163.82000,Lightspeed Payments,,,,,,,,
2026-03-25 18:04:18,576,Sale,WALKIN,,,2,43.98,4.07,0.00000,0.00000,48.05,,1 X Jane Delancy NWT Black Orange Floral Top/Size M + 1 X Heart Soul Blue Black Top / Size L,Main Register,leegallagher99@hotmail.com,CLOSED,,,,closed,
2026-03-25 18:04:18,576,Sale Line,,,,1.00000,28.99000,2.68158,0.00000,0.00000,31.67158,,Jane Delancy NWT Black Orange Floral Top/Size M,,,,10005238,,,,
2026-03-25 18:04:18,576,Sale Line,,,,1.00000,14.99000,1.38658,0.00000,0.00000,16.37658,,Heart Soul Blue Black Top / Size L,,,,10005667,,,,
2026-03-25 18:04:12,576,Payment,,,,,,,,,,48.05000,Lightspeed Payments,,,,,,,,
2026-03-25 17:10:20,575,Sale,WALKIN,,,1,8.99,0.83,0.00000,0.00000,9.82,,1 X Pink Furry Purse French Bee,Main Register,leegallagher99@hotmail.com,CLOSED,,,,closed,
2026-03-25 17:10:20,575,Sale Line,,,,1.00000,8.99000,0.83158,0.00000,0.00000,9.82158,,Pink Furry Purse French Bee,,,,10007088,,,,
2026-03-25 17:10:10,575,Payment,,,,,,,,,,9.82000,Lightspeed Payments,,,,,,,,
2026-03-25 15:33:56,574,Sale,WALKIN,,,1,58.99,5.46,0.00000,0.00000,64.45,,1 X NWT Guess Denim Shorts Jumper/Size S,Main Register,leegallagher99@hotmail.com,CLOSED,,,,closed,
2026-03-25 15:33:56,574,Sale Line,,,,1.00000,58.99000,5.45658,0.00000,0.00000,64.44658,,NWT Guess Denim Shorts Jumper/Size S,,,,10007037,,,,
2026-03-25 15:33:40,574,Payment,,,,,,,,,,64.45000,Lightspeed Payments,,,,,,,,
2026-03-22 17:00:10,573,Sale,WALKIN,,,1,35.99,3.33,0.00000,0.00000,39.32,,1 X anthropologie/skrt/flr/2p,Main Register,leegallagher99@hotmail.com,CLOSED,,,,closed,
2026-03-22 17:00:10,573,Sale Line,,,,1.00000,35.99000,3.32908,0.00000,0.00000,39.31908,,anthropologie/skrt/flr/2p,,,,10004886,,,,
2026-03-22 16:59:58,573,Payment,,,,,,,,,,39.32000,Lightspeed Payments,,,,,,,,
2026-03-22 16:53:37,572,Sale,WALKIN,,,1,36.99,3.42,0.00000,0.00000,40.41,,1 X Metal Scales Belt Floral Buckle,Main Register,leegallagher99@hotmail.com,CLOSED,,,,closed,
2026-03-22 16:53:37,572,Sale Line,,,,1.00000,36.99000,3.42158,0.00000,0.00000,40.41158,,Metal Scales Belt Floral Buckle,,,,10006638,,,,
2026-03-22 16:53:08,572,Payment,,,,,,,,,,40.41000,Lightspeed Payments,,,,,,,,
2026-03-22 16:24:20,571,Sale,WALKIN,,,2,33.98,3.14,0.00000,0.00000,37.12,,1 X TNVolsTshirt/sizeL + 1 X Izod Pink & White Collared SL Tank / Size M,Main Register,leegallagher99@hotmail.com,CLOSED,,,,closed,
2026-03-22 16:24:20,571,Sale Line,,,,1.00000,17.99000,1.66408,0.00000,0.00000,19.65408,,TNVolsTshirt/sizeL,,,,10006899,,,,
2026-03-22 16:24:20,571,Sale Line,,,,1.00000,15.99000,1.47908,0.00000,0.00000,17.46908,,Izod Pink & White Collared SL Tank / Size M,,,,10005606,,,,
2026-03-22 16:24:10,571,Payment,,,,,,,,,,37.12000,Lightspeed Payments,,,,,,,,
2026-03-22 15:52:28,570,Sale,WALKIN,,,1,25.99,2.40,0.00000,0.00000,28.39,,1 X Zara/ Baby Tee/ Maroon/ Size M,Main Register,leegallagher99@hotmail.com,CLOSED,,,,closed,
2026-03-22 15:52:28,570,Sale Line,,,,1.00000,25.99000,2.40408,0.00000,0.00000,28.39408,,Zara/ Baby Tee/ Maroon/ Size M,,,,10005060,,,,
2026-03-22 15:52:19,570,Payment,,,,,,,,,,28.39000,Lightspeed Payments,,,,,,,,
2026-03-22 15:45:02,569,Sale,WALKIN,,,3,54.97,5.08,0.00000,0.00000,60.05,,1 X RedMidiPoofySkirt/SizeM + 1 X Southwest Burgundy Patterned Skirt / Size XL + 1 X Light Blue Cotton Vest w Buttons / Size XL,Main Register,leegallagher99@hotmail.com,CLOSED,,,,closed,
2026-03-22 15:45:02,569,Sale Line,,,,1.00000,19.99000,1.84908,0.00000,0.00000,21.83908,,RedMidiPoofySkirt/SizeM,,,,10006876,,,,
2026-03-22 15:45:02,569,Sale Line,,,,1.00000,22.99000,2.12658,0.00000,0.00000,25.11658,,Southwest Burgundy Patterned Skirt / Size XL,,,,10006698,,,,
2026-03-22 15:45:02,569,Sale Line,,,,1.00000,11.99000,1.10908,0.00000,0.00000,13.09908,,Light Blue Cotton Vest w Buttons / Size XL,,,,10006705,,,,
2026-03-22 15:44:54,569,Payment,,,,,,,,,,60.05000,Lightspeed Payments,,,,,,,,
2026-03-22 15:12:41,568,Sale,WALKIN,,,1,19.99,1.85,0.00000,0.00000,21.84,,1 X Bisou Denin Top Size 16,Main Register,leegallagher99@hotmail.com,CLOSED,,,,closed,
2026-03-22 15:12:41,568,Sale Line,,,,1.00000,19.99000,1.84908,0.00000,0.00000,21.83908,,Bisou Denin Top Size 16,,,,10006623,,,,
2026-03-22 15:12:30,568,Payment,,,,,,,,,,21.84000,Lightspeed Payments,,,,,,,,
2026-03-22 13:19:07,567,Sale,WALKIN,,,1,25.99,2.40,0.00000,0.00000,28.39,,1 X NicoleM/MulticolBlouse/SizeS,Main Register,leegallagher99@hotmail.com,CLOSED,,,,closed,
2026-03-22 13:19:07,567,Sale Line,,,,1.00000,25.99000,2.40408,0.00000,0.00000,28.39408,,NicoleM/MulticolBlouse/SizeS,,,,10006017,,,,
2026-03-22 13:19:00,567,Payment,,,,,,,,,,28.39000,Lightspeed Payments,,,,,,,,
2026-03-22 13:05:30,566,Sale,WALKIN,,,1,32.99,3.05,0.00000,0.00000,36.04,,1 X BrooksBro/MulticolSkirt/Size8,Main Register,leegallagher99@hotmail.com,CLOSED,,,,closed,
2026-03-22 13:05:30,566,Sale Line,,,,1.00000,32.99000,3.05158,0.00000,0.00000,36.04158,,BrooksBro/MulticolSkirt/Size8,,,,10006405,,,,
2026-03-22 13:05:19,566,Payment,,,,,,,,,,36.04000,Cash,,,,,,,,
2026-03-22 13:02:49,565,Sale,WALKIN,,,2,55.98,5.18,0.00000,0.00000,61.16,,1 X Calvin Klein Gold Studded Belt + 1 X Harper Blush Pink Jacket Ruffle / Size S,Main Register,leegallagher99@hotmail.com,CLOSED,,,,closed,
2026-03-22 13:02:49,565,Sale Line,,,,1.00000,22.99000,2.12658,0.00000,0.00000,25.11658,,Calvin Klein Gold Studded Belt,,,,10006394,,,,
2026-03-22 13:02:49,565,Sale Line,,,,1.00000,32.99000,3.05158,0.00000,0.00000,36.04158,,Harper Blush Pink Jacket Ruffle / Size S,,,,10005700,,,,
2026-03-22 13:02:40,565,Payment,,,,,,,,,,61.16000,Lightspeed Payments,,,,,,,,
2026-03-22 11:27:32,564,Sale,WALKIN,,,2,40.99,3.79,0.00000,0.00000,44.78,,1 X Stella & Dot Gold Dangle Necklace + 1 X Esprit White and Tan belt_Un,Main Register,leegallagher99@hotmail.com,CLOSED,,,,closed,
2026-03-22 11:27:32,564,Sale Line,,,,1.00000,25.99000,2.40408,0.00000,0.00000,28.39408,,Stella & Dot Gold Dangle Necklace,,,,10006732,,,,
2026-03-22 11:27:32,564,Sale Line,,,,1.00000,15.00000,1.38750,0.00000,0.00000,16.38750,,Esprit White and Tan belt_Un / White X Tan / Unknown / 18.1,,,,10003073,,,,
2026-03-22 11:27:15,564,Payment,,,,,,,,,,44.78000,Lightspeed Payments,,,,,,,,
2026-03-21 19:58:02,563,Sale,WALKIN,,,4,128.96,11.93,0.00000,0.00000,140.89,,1 X Cable & G Green Cheetah Print SL / Size S + 1 X black tank with shoulder ruffles/small + 1 X Born Tan Boots Size 10 + 1 X Desigual Pink Embroidered Dress / Size 36,Main Register,leegallagher99@hotmail.com,CLOSED,,,,closed,
2026-03-21 19:58:02,563,Sale Line,,,,1.00000,18.99000,1.75658,0.00000,0.00000,20.74658,,Cable & G Green Cheetah Print SL / Size S,,,,10004835,,,,
2026-03-21 19:58:02,563,Sale Line,,,,1.00000,19.99000,1.84908,0.00000,0.00000,21.83908,,black tank with shoulder ruffles/small,,,,10006212,,,,
2026-03-21 19:58:02,563,Sale Line,,,,1.00000,49.99000,4.62408,0.00000,0.00000,54.61408,,Born Tan Boots Size 10,,,,10003350,,,,
2026-03-21 19:58:02,563,Sale Line,,,,1.00000,39.99000,3.69908,0.00000,0.00000,43.68908,,Desigual Pink Embroidered Dress / Size 36,,,,10006301,,,,
2026-03-21 19:57:54,563,Payment,,,,,,,,,,140.89000,Lightspeed Payments,,,,,,,,
2026-03-21 19:42:49,562,Sale,WALKIN,,,1,39.99,3.70,0.00000,0.00000,43.69,,1 X Ann TaylorJacket_La,Main Register,leegallagher99@hotmail.com,CLOSED,,,,closed,
2026-03-21 19:42:49,562,Sale Line,,,,1.00000,39.99000,3.69908,0.00000,0.00000,43.68908,,Ann TaylorJacket_La / Pink Multi-Color / 6 / 14.97,,,,10002784,,,,
2026-03-21 19:42:43,562,Payment,,,,,,,,,,43.69000,Lightspeed Payments,,,,,,,,
2026-03-21 19:14:37,561,Sale,WALKIN,,,1,26.99,2.50,0.00000,0.00000,29.49,,1 X Petra Fashions Camisole Orange Size M,Main Register,leegallagher99@hotmail.com,CLOSED,,,,closed,
2026-03-21 19:14:37,561,Sale Line,,,,1.00000,26.99000,2.49658,0.00000,0.00000,29.48658,,Petra Fashions Camisole Orange Size M,,,,10003420,,,,
2026-03-21 19:14:34,561,Payment,,,,,,,,,,30.00000,Cash,,,,,,,,
2026-03-21 19:14:37,561,Payment,,,,,,,,,,-0.51000,Cash,,,,,,,,
2026-03-21 19:13:11,560,Sale,WALKIN,,,2,36.98,3.42,0.00000,0.00000,40.4,,1 X La Castellana Pink Camisole Size S + 1 X Unknown Camisole Light Blue M,Main Register,leegallagher99@hotmail.com,CLOSED,,,,closed,
2026-03-21 19:13:11,560,Sale Line,,,,1.00000,19.99000,1.84908,0.00000,0.00000,21.83908,,La Castellana Pink Camisole Size S,,,,10003378,,,,
2026-03-21 19:13:11,560,Sale Line,,,,1.00000,16.99000,1.57158,0.00000,0.00000,18.56158,,Unknown Camisole Light Blue M,,,,10003379,,,,
2026-03-21 19:13:05,560,Payment,,,,,,,,,,40.40000,Lightspeed Payments,,,,,,,,
2026-03-21 18:55:09,559,Sale,WALKIN,,,0,0.00,0.00,0.00000,0.00000,0,,1 X Patricia Nash House Scene Design Brown Handle + -1 X Discount,Main Register,leegallagher99@hotmail.com,CLOSED,,,,closed,
2026-03-21 18:55:09,559,Sale Line,,,,1.00000,50.00000,4.62500,0.00000,0.00000,54.62500,,Patricia Nash House Scene Design Brown Handle,,,,10004557,,,,
2026-03-21 18:55:09,559,Sale Line,,,,-1.00000,-50.00000,-4.62500,0.00000,0.00000,-54.62500,,Discount,,,,vend-discount,,,,
2026-03-21 18:50:24,558,Sale,WALKIN,,,1,31.99,2.96,0.00000,0.00000,34.95,,1 X Additions by Chico's Gray Jean Jacket / Size 2,Main Register,leegallagher99@hotmail.com,CLOSED,,,,closed,
2026-03-21 18:50:24,558,Sale Line,,,,1.00000,31.99000,2.95908,0.00000,0.00000,34.94908,,Additions by Chico's Gray Jean Jacket / Size 2,,,,10006677,,,,
2026-03-21 18:50:18,558,Payment,,,,,,,,,,34.95000,Lightspeed Payments,,,,,,,,
2026-03-21 16:08:50,557,Sale,WALKIN,,,1,13.99,1.29,0.00000,0.00000,15.28,,1 X PinkCropTop/SizeM,Main Register,leegallagher99@hotmail.com,CLOSED,,,,closed,
2026-03-21 16:08:50,557,Sale Line,,,,1.00000,13.99000,1.29408,0.00000,0.00000,15.28408,,PinkCropTop/SizeM,,,,10006040,,,,
2026-03-21 16:08:45,557,Payment,,,,,,,,,,15.28000,Lightspeed Payments,,,,,,,,
2026-03-21 15:57:48,556,Sale,WALKIN,,,1,24.99,2.31,0.00000,0.00000,27.3,,1 X Banana RepublicLS Top_Ag,Main Register,leegallagher99@hotmail.com,CLOSED,,,,closed,
2026-03-21 15:57:48,556,Sale Line,,,,1.00000,24.99000,2.31158,0.00000,0.00000,27.30158,,Banana RepublicLS Top_Ag / Black / S / 14.16,,,,10002622,,,,
2026-03-21 15:57:33,556,Payment,,,,,,,,,,27.30000,Lightspeed Payments,,,,,,,,
2026-03-21 15:20:03,555,Sale,WALKIN,,,2,43.98,4.07,0.00000,0.00000,48.05,,1 X NVGTN Black LS Top / Size M + 1 X Philosophy Dress Black and White/Size S/P,Main Register,leegallagher99@hotmail.com,CLOSED,,,,closed,
2026-03-21 15:20:03,555,Sale Line,,,,1.00000,18.99000,1.75658,0.00000,0.00000,20.74658,,NVGTN Black LS Top / Size M,,,,10005977,,,,
2026-03-21 15:20:03,555,Sale Line,,,,1.00000,24.99000,2.31158,0.00000,0.00000,27.30158,,Philosophy Dress Black and White/Size S/P,,,,10006265,,,,
2026-03-21 15:19:57,555,Payment,,,,,,,,,,48.05000,Lightspeed Payments,,,,,,,,
2026-03-21 14:59:17,554,Sale,WALKIN,,,5,123.95,11.47,0.00000,0.00000,135.42,,1 X Marks & Spencer Beige Top Sleevelesee/Size M + 1 X BluPe/BlkLaceSlvzlessTop/SizeM + 1 X yellow floral design blouse/medium + 1 X Maison Yellow & White Blouse / Size S + 1 X Ninewest/PinkTwistTop/SizeM,Main Register,leegallagher99@hotmail.com,CLOSED,,,,closed,
2026-03-21 14:59:17,554,Sale Line,,,,1.00000,25.99000,2.40408,0.00000,0.00000,28.39408,,Marks & Spencer Beige Top Sleevelesee/Size M,,,,10005207,,,,
2026-03-21 14:59:17,554,Sale Line,,,,1.00000,22.99000,2.12658,0.00000,0.00000,25.11658,,BluPe/BlkLaceSlvzlessTop/SizeM,,,,10003637,,,,
2026-03-21 14:59:17,554,Sale Line,,,,1.00000,27.99000,2.58908,0.00000,0.00000,30.57908,,yellow floral design blouse/medium,,,,10006229,,,,
2026-03-21 14:59:17,554,Sale Line,,,,1.00000,24.99000,2.31158,0.00000,0.00000,27.30158,,Maison Yellow & White Blouse / Size S,,,,10005595,,,,
2026-03-21 14:59:17,554,Sale Line,,,,1.00000,21.99000,2.03408,0.00000,0.00000,24.02408,,Ninewest/PinkTwistTop/SizeM,,,,10006041,,,,
2026-03-21 14:59:09,554,Payment,,,,,,,,,,135.42000,Lightspeed Payments,,,,,,,,
2026-03-21 14:39:53,553,Sale,WALKIN,,,2,30.98,2.87,0.00000,0.00000,33.85,,1 X White Multicolor Embroidered Top / Size M + 1 X Old Navy SL Jean Jumper / Size S,Main Register,leegallagher99@hotmail.com,CLOSED,,,,closed,
2026-03-21 14:39:53,553,Sale Line,,,,1.00000,15.99000,1.47908,0.00000,0.00000,17.46908,,White Multicolor Embroidered Top / Size M,,,,10006565,,,,
2026-03-21 14:39:53,553,Sale Line,,,,1.00000,14.99000,1.38658,0.00000,0.00000,16.37658,,Old Navy SL Jean Jumper / Size S,,,,10006666,,,,
2026-03-21 14:39:40,553,Payment,,,,,,,,,,33.85000,Lightspeed Payments,,,,,,,,
2026-03-21 14:27:00,552,Sale,WALKIN,,,4,86.96,8.04,0.00000,0.00000,95,,1 X wonderly/skrt/flr/s + 1 X Liz Claiborne Black Denim Dress/ Size 8 + 1 X skies are blue/jumper/red/m + 1 X unknown/belt/multicolor leather,Main Register,leegallagher99@hotmail.com,CLOSED,,,,closed,
2026-03-21 14:27:00,552,Sale Line,,,,1.00000,22.99000,2.12658,0.00000,0.00000,25.11658,,wonderly/skrt/flr/s,,,,10004887,,,,
2026-03-21 14:27:00,552,Sale Line,,,,1.00000,24.99000,2.31158,0.00000,0.00000,27.30158,,Liz Claiborne Black Denim Dress/ Size 8,,,,10006268,,,,
2026-03-21 14:27:00,552,Sale Line,,,,1.00000,21.99000,2.03408,0.00000,0.00000,24.02408,,skies are blue/jumper/red/m,,,,10005358,,,,
2026-03-21 14:27:00,552,Sale Line,,,,1.00000,16.99000,1.57158,0.00000,0.00000,18.56158,,unknown/belt/multicolor leather,,,,10005859,,,,
2026-03-21 14:26:26,552,Payment,,,,,,,,,,100.00000,Cash,,,,,,,,
2026-03-21 14:27:00,552,Payment,,,,,,,,,,-5.00000,Cash,,,,,,,,
2026-03-21 14:00:39,551,Sale,WALKIN,,,2,49.98,4.62,0.00000,0.00000,54.6,,1 X Arizona Jean Overalls / Size L + 1 X Pink cami,Main Register,leegallagher99@hotmail.com,CLOSED,,,,closed,
2026-03-21 14:00:39,551,Sale Line,,,,1.00000,19.99000,1.84908,0.00000,0.00000,21.83908,,Arizona Jean Overalls / Size L,,,,10006673,,,,
2026-03-21 14:00:39,551,Sale Line,,,,1.00000,29.99000,2.77408,0.00000,0.00000,32.76408,,Pink cami,,,,10006859,,,,
2026-03-21 14:00:33,551,Payment,,,,,,,,,,54.60000,Lightspeed Payments,,,,,,,,
2026-03-21 13:40:45,550,Sale,WALKIN,,,1,23.99,2.22,0.00000,0.00000,26.21,,1 X BGBGMaxazria Beige Bodysuit Size S,Main Register,leegallagher99@hotmail.com,CLOSED,,,,closed,
2026-03-21 13:40:45,550,Sale Line,,,,1.00000,23.99000,2.21908,0.00000,0.00000,26.20908,,BGBGMaxazria Beige Bodysuit Size S,,,,10003377,,,,
2026-03-21 13:40:38,550,Payment,,,,,,,,,,26.21000,Lightspeed Payments,,,,,,,,
2026-03-21 13:28:56,549,Sale,WALKIN,,,1,23.99,2.22,0.00000,0.00000,26.21,,1 X Maggy London Green SL Dress / Size 10,Main Register,leegallagher99@hotmail.com,CLOSED,,,,closed,
2026-03-21 13:28:56,549,Sale Line,,,,1.00000,23.99000,2.21908,0.00000,0.00000,26.20908,,Maggy London Green SL Dress / Size 10,,,,10006702,,,,
2026-03-21 13:28:50,549,Payment,,,,,,,,,,26.21000,Lightspeed Payments,,,,,,,,
2026-03-21 12:54:25,548,Sale,WALKIN,,,1,24.99,2.31,0.00000,0.00000,27.3,,1 X Beige Sequin Shorts / Size 8,Main Register,leegallagher99@hotmail.com,CLOSED,,,,closed,
2026-03-21 12:54:25,548,Sale Line,,,,1.00000,24.99000,2.31158,0.00000,0.00000,27.30158,,Beige Sequin Shorts / Size 8,,,,10003953,,,,
2026-03-21 12:54:18,548,Payment,,,,,,,,,,27.30000,Lightspeed Payments,,,,,,,,
2026-03-21 12:37:32,547,Sale,WALKIN,,,1,32.99,3.05,0.00000,0.00000,36.04,,1 X Armani Jeans Tan Dress/ Size S,Main Register,leegallagher99@hotmail.com,CLOSED,,,,closed,
2026-03-21 12:37:32,547,Sale Line,,,,1.00000,32.99000,3.05158,0.00000,0.00000,36.04158,,Armani Jeans Tan Dress/ Size S,,,,10006766,,,,
2026-03-21 12:37:24,547,Payment,,,,,,,,,,36.04000,Lightspeed Payments,,,,,,,,
2026-03-21 12:21:04,546,Sale,WALKIN,,,2,172.99,16.00,0.00000,0.00000,188.99,,1 X Calvin Klein Black Studded Belt + 1 X RLL Black Fringe Purse,Main Register,leegallagher99@hotmail.com,CLOSED,,,,closed,
2026-03-21 12:21:04,546,Sale Line,,,,1.00000,17.99000,1.66408,0.00000,0.00000,19.65408,,Calvin Klein Black Studded Belt,,,,10006378,,,,
2026-03-21 12:21:04,546,Sale Line,,,,1.00000,155.00000,14.33750,0.00000,0.00000,169.33750,,RLL Black Fringe Purse,,,,10004527,,,,
2026-03-21 12:20:55,546,Payment,,,,,,,,,,188.99000,Lightspeed Payments,,,,,,,,
2026-03-21 12:15:27,545,Sale,WALKIN,,,4,109.96,10.17,0.00000,0.00000,120.13,,1 X Harley Davidson Blue Tshirt White LS  / Size L + 1 X white skirt with design/10 + 1 X Vol. 1 Pink Brown Floral Blouse / Size L + 1 X Halogen/BlkLaceTanktop/SizeM,Main Register,leegallagher99@hotmail.com,CLOSED,,,,closed,
2026-03-21 12:15:27,545,Sale Line,,,,1.00000,19.99000,1.84908,0.00000,0.00000,21.83908,,Harley Davidson Blue Tshirt White LS  / Size L,,,,10006700,,,,
2026-03-21 12:15:27,545,Sale Line,,,,1.00000,34.99000,3.23658,0.00000,0.00000,38.22658,,white skirt with design/10,,,,10006174,,,,
2026-03-21 12:15:27,545,Sale Line,,,,1.00000,35.99000,3.32908,0.00000,0.00000,39.31908,,Vol. 1 Pink Brown Floral Blouse / Size L,,,,10006750,,,,
2026-03-21 12:15:27,545,Sale Line,,,,1.00000,18.99000,1.75658,0.00000,0.00000,20.74658,,Halogen/BlkLaceTanktop/SizeM,,,,10005788,,,,
2026-03-21 12:15:17,545,Payment,,,,,,,,,,120.13000,Lightspeed Payments,,,,,,,,
2026-03-21 12:04:55,544,Sale,WALKIN,,,1,28.99,2.68,0.00000,0.00000,31.67,,1 X dialogue/skt/brw/12,Main Register,leegallagher99@hotmail.com,CLOSED,,,,closed,
2026-03-21 12:04:55,544,Sale Line,,,,1.00000,28.99000,2.68158,0.00000,0.00000,31.67158,,dialogue/skt/brw/12,,,,10005386,,,,
2026-03-21 12:04:48,544,Payment,,,,,,,,,,31.67000,Lightspeed Payments,,,,,,,,
2026-03-21 11:42:00,543,Sale,WALKIN,,,2,51.98,4.81,0.00000,0.00000,56.79,,1 X VINTAGE MJ Soffe TN Orange Crewneck / Size L + 1 X Port & Co Orange TN Fitted Tshirt / Size S,Main Register,leegallagher99@hotmail.com,CLOSED,,,,closed,
2026-03-21 11:42:00,543,Sale Line,,,,1.00000,37.99000,3.51408,0.00000,0.00000,41.50408,,VINTAGE MJ Soffe TN Orange Crewneck / Size L,,,,10006475,,,,
2026-03-21 11:42:00,543,Sale Line,,,,1.00000,13.99000,1.29408,0.00000,0.00000,15.28408,,Port & Co Orange TN Fitted Tshirt / Size S,,,,10004833,,,,
2026-03-21 11:41:55,543,Payment,,,,,,,,,,56.79000,Lightspeed Payments,,,,,,,,
2026-03-21 11:26:17,542,Sale,WALKIN,,,1,18.99,1.76,0.00000,0.00000,20.75,,1 X VINTAGE Lady O Red Striped Shortsleeve / Size L,Main Register,leegallagher99@hotmail.com,CLOSED,,,,closed,
2026-03-21 11:26:17,542,Sale Line,,,,1.00000,18.99000,1.75658,0.00000,0.00000,20.74658,,VINTAGE Lady O Red Striped Shortsleeve / Size L,,,,10004080,,,,
2026-03-21 11:26:03,542,Payment,,,,,,,,,,20.75000,Lightspeed Payments,,,,,,,,
2026-03-20 19:52:41,541,Sale,WALKIN,,,1,225.00,20.81,0.00000,0.00000,245.81,,1 X VINTAGE Coach Pink Soho Flap Bag,Main Register,leegallagher99@hotmail.com,CLOSED,,,,closed,
2026-03-20 19:52:41,541,Sale Line,,,,1.00000,225.00000,20.81250,0.00000,0.00000,245.81250,,VINTAGE Coach Pink Soho Flap Bag,,,,10003432,,,,
2026-03-20 19:52:33,541,Payment,,,,,,,,,,245.81000,Lightspeed Payments,,,,,,,,
2026-03-20 19:48:16,540,Sale,WALKIN,,,1,28.99,2.68,0.00000,0.00000,31.67,,1 X Flying Tomato Jean Jacket/ Size L,Main Register,leegallagher99@hotmail.com,CLOSED,,,,closed,
2026-03-20 19:48:16,540,Sale Line,,,,1.00000,28.99000,2.68158,0.00000,0.00000,31.67158,,Flying Tomato Jean Jacket/ Size L,,,,10006269,,,,
2026-03-20 19:47:54,540,Payment,,,,,,,,,,31.67000,Lightspeed Payments,,,,,,,,
2026-03-20 19:16:28,539,Sale,WALKIN,,,1,15.99,1.48,0.00000,0.00000,17.47,,1 X Russel Tennessee Orange Shirt / Size L,Main Register,leegallagher99@hotmail.com,CLOSED,,,,closed,
2026-03-20 19:16:28,539,Sale Line,,,,1.00000,15.99000,1.47908,0.00000,0.00000,17.46908,,Russel Tennessee Orange Shirt / Size L,,,,10005664,,,,
2026-03-20 19:16:23,539,Payment,,,,,,,,,,17.47000,Lightspeed Payments,,,,,,,,
2026-03-20 19:13:51,538,Sale,WALKIN,,,2,240.99,22.29,0.00000,0.00000,263.28,,1 X Coach Mini Bennett Satchel w Studs + 1 X Persaman Biege Corduory Jacket / Size S,Main Register,leegallagher99@hotmail.com,CLOSED,,,,closed,
2026-03-20 19:13:51,538,Sale Line,,,,1.00000,195.00000,18.03750,0.00000,0.00000,213.03750,,Coach Mini Bennett Satchel w Studs,,,,10005903,,,,
2026-03-20 19:13:51,538,Sale Line,,,,1.00000,45.99000,4.25408,0.00000,0.00000,50.24408,,Persaman Biege Corduory Jacket / Size S,,,,10006307,,,,
2026-03-20 19:13:44,538,Payment,,,,,,,,,,263.28000,Lightspeed Payments,,,,,,,,
