Product,SKU,Supplier Code,Brand,Supplier,Category,Tag,Closing Inventory,Revenue,Inventory Cost
&merci/blouse/brgndy/M,10004872,,&merci,,,,0,0,0
1 State Pink Floral Blouse M,10009270,,,,,,1,0,4.35
1 State Pink LS Sheer Pattern / Size M,10004993,,1. State,,,,1,0,0
1 State Red Tank & Shorts Set / Size M,10009001,,1. State,,,,1,0,7.6
1. State Leopard Print Dress,10007204,,,,,,0,0,0
100005553,10006616,,,,,,-1,0,0
10002312,10008085,,,,,,-1,0,0
10003259,10005795,,,,,,0,0,0
10003277,10005798,,,,,,0,0,0
10003884,10005996,,,,,,-1,0,0
10003992,10005796,,,,,,-1,0,0
10005204,10005900,,,,,,-1,0,0
10007212,10007213,,,,,,-1,0,0
10009363,10009364,,,,,,-1,0,0
12th Tribe White Sequin Jacket / Size M,10003950,,12th Tribe,,,,0,0,0
1822 Denim Blk Jean/Size 10,10003830,,1822 Denim,,,,1,0,0
1883 Teal and Brown Cowgirl Boots / Size 7.5,10003761,,1883 by Luccheen,,,,0,0,0
1950sCaroAuroraBrac&earrSET,10007377,,unknown,,,,1,0,0
2000's Abstract Print Top S,10009260,,,,,,1,0,6.55
2000's Abstract Satin Slip Dress M,10009497,,,,,,1,0,5
21 Saints Black Bodysuit S,10008930,,,,,,1,0,6.75
21Saints/ Ruche Blouse/ Blk/ Size M,10005144,,21 Saints,,,,1,0,0
2pc Sophia Pajama Set L,10008678,,,,,,1,0,7
2to-Ky/ SquarePattern Top/ Prpl&Bl/ Size L,10005181,,2to-Ky,,,,1,0,0
3 Suiesses Red Spaghetti Strap Dress / Size L,10004617,,3 Suiesses Collection,,,,0,0,0
32 D Purple Puffer Jacket / Size M,10003876,,32 Degreees,,,,1,0,0
41 Hawthorm Purple Polka Dot SL / Size S,10004213,,41 Hawthorn,,,,1,0,0
514 slim straight dark jean,10006423,,Levi Strauss X Co,,,,1,0,0
5a7/jns/dnm/2,10004883,,5a7,,,,0,0,0
7 FAM Black Jeans / Size 28,10004336,,7 For All Mankind,,,,1,0,0
7 FAMK Skinny Jeans / Size 27,10003794,,7 For All Mankind,,,,0,0,0
7 For all Mankind Black Skirt / Size 32,10005698,,7 For All Mankind,,,,1,0,0
7 For all Mankind Blue Ombre SL Top / Size M,10006987,,7 for all mandkind,,,,1,0,0
7 for All Mankind Jacket Pink Size XS,10003524,,7 For All Mankind,,,,1,0,0
7 for Mankind Brown Leather Jacket S,10007510,,,,,,1,0,24.99
7th Avenue B & W Checkered Skirt / Size 12,10005712,,7th Avenue Design,,,,1,0,0
7th Avenue Bright Red Shorts / Size 12,10007582,,7th Avenue Design,,,,1,0,0
89th & Madi Yellow LS Design Top / Size M,10006607,,89th X Madison,,,,1,0,0
89th & madison/swtr/gry/m,10004684,,89th X Madison,,,,1,0,0
8byYook/BlueTieTop/Size40,10008356,,8 by Yook,,,,0,0,0
90's Big Boy Sportswear Tee,10009434,,,,,,1,0,8.75
90's Vintage Floral Satin Cami M,10008804,,,,,,1,0,7.5
A Beautiful Soul Blush & Black Dress / XL,10004609,,A Beautiful Soul,,,,0,0,0
A Byer Pink Floral Ruffle SL Top / Size S,10005195,,A. Byer,,,,0,0,0
A Father's Love Orange Skirt Size S,10007552,,,,,,0,0,0
A New Day Beige Heels 8,10008987,,,,,,1,0,10.95
A New Day Black & White Dress / Size M,10004616,,A New Day,,,,1,0,0
A New Day Black SL Dress / Size L,10007473,,A New Day,,,,0,0,0
A New Day Black Slip NWT / Size M,10003937,,A New Day,,,,1,0,0
A New Day Black Top Size XS,10007267,,,,,,1,0,0
A New Day Kelsey Rhinestone Slides 8,10007660,,,,,,1,0,12
A New Day Purple Tank / Size M,10006539,,A New Day,,,,1,0,0
A New Day Yellow Dress / Size 6,10009283,,A New Day,,,,1,0,8
A New DayTank Top_Ra,10002227,,A New Day,,,,1,0,0
A'gaci Floral Halter Top M,10008618,,,,,,1,0,3.25
A'nye Ligne White LS / Size L,10006974,,Iaxnue Ligne,,,,1,0,0
A.N.A. Purple Sleeveless Top M,10008211,,,,,,1,0,6
ABSOLIUTELY Sweater,10003191,,Absolutely,,,,1,0,0
AC DCTee Shirt_Ne,10002161,,AC DC,,,,0,0,0
ACDC Sleeveless Tee,10001104,,AC DC,,,,1,0,0
AFRM Black Sheer Floral SS / Size XS,10005189,,AFRM,,,,0,0,0
AFRM White Floral Skirt / Size 29,10007706,,AFRM,,,,1,0,0
AGB Black Dress / Size 6,10004631,,AGB,,,,1,0,0
AK/swtr/pnk/xL,10005814,,Ann Klein,,,,1,0,0
ALYX Floral Dress Size 8,10009428,,,,,,1,0,5.45
AMI Pink Leather Jacket L,10008893,,,,,,0,0,0
AND Beige Chiffon LS Top / Size 8,10006292,,AND,,,,0,0,0
ANewDay/WhiSequinDress/SizeM,10005419,,A New Day,,,,1,0,0
AS IS Bed of Roses Black Heart Cherry Tank / Size L,10005104,,Bed of Roses,,,,0,0,0
AS IS Missguided Gold Pants/Size 2,10005823,,Missguided,,,,1,0,0
AS IS Ralph Lauren Booties / Size 9.5,10004793,,Lauren Ralph Lauren,,,,1,0,0
AS IS Vintage Pink Dress w Scarf / Size 10,10007768,,,,,,1,0,245
ASISAlfaniBlackSkirt/SizeM,10008964,,Alfani,,,,1,0,8
ASISBCBG Beige Embroid Buttondown / Size S,10006512,,BCBG Maxazria,,,,0,0,0
ASISBloomingdoles/WovenbowHat,10009322,,Bloomingdoles,,,,1,0,8
ASISCoachRedBucklePurse,10008958,,Coach,,,,1,0,8
ASISGianniBini/SilvertieDress/SizeXL,10009532,,Gianni Bini,,,,1,0,8
ASISSuprDwn/SequinOneslDress/SizeS,10008579,,SuperDown,,,,0,0,0
ASOS/StripedTubeTop/SizeL,10006095,,Asos Design,,,,1,0,0
ASTR Beige LS Top Size M,10007271,,,,,,1,0,0
ASTR Black Smocked Crop Top L,10009180,,,,,,1,0,4.25
ASTR White Dress / Size M,10007337,,ASTR,,,,0,0,0
ASTR/WhiBrwnStripeCover/SizeL,10009362,,ASTR,,,,1,0,8
ATLoft/BrwnStripeCrdign/SizeXS,10005329,,Ann Taylor Loft,,,,1,0,0
AUW Blue Camisole Size L,10008238,,,,,,0,0,0
AW Bridal Floral Dress/Size 20,10003973,,AW Bridal,,,,0,0,0
AXF/RedJumpsuit/SizeM,10009557,,Abercrombie X Fitch,,,,1,0,8
AbeltLabel/WhiGreenDress/SizeXS,10008584,,Abel the Label,,,,0,0,0
AbercmxFitch/BrwnBowTop/SizeM,10006357,,Abercrombie X Fitch,,,,0,0,0
Abercombie/BluGrnSwter/SizeXS,10006005,,Abercrombie X Fitch,,,,1,0,0
Abercrombie & F Beige Satin Crop Top / Size M,10007791,,Abercrombie X Fitch,,,,1,0,0
Abercrombie & F Black SL Dress / Size M,10007475,,Abercrombie X Fitch,,,,1,0,0
Abercrombie & F Black White Floral LS / Size L,10005629,,Abercrombie X Fitch,,,,0,0,0
Abercrombie & F Blue Cardigan / Size XS,10005880,,Abercrombie X Fitch,,,,0,0,0
Abercrombie & F Blue Crop Cardigan / Size XS,10005967,,Abercrombie X Fitch,,,,0,0,0
Abercrombie & F Brown Faded Jeans / Size 14,10005691,,Abercrombie X Fitch,,,,1,0,0
Abercrombie & F Gray Cardigan / Size XL,10005571,,Abercrombie X Fitch,,,,1,0,0
Abercrombie & F NWT Black Satin Tank / Size XL,10005974,,Abercrombie X Fitch,,,,1,0,0
Abercrombie & F Pale Pink Satin Dress / Size S,10006674,,Abercrombie X Fitch,,,,1,0,0
Abercrombie & F Strapless Orange Dress / Size S,10006712,,Abercrombie X Fitch,,,,0,0,0
Abercrombie & F Tan Satin Bodysuit / Size XL,10005937,,Abercrombie X Fitch,,,,1,0,0
Abercrombie & F White Crop Top / Size S,10006290,,Abercrombie X Fitch,,,,1,0,0
Abercrombie & Fitch Brown Crop Top S,10009242,,,,,,1,0,5.45
Abercrombie & Fitch Floral Dress 6,10009411,,,,,,1,0,6.55
Abercrombie & Fitch Floral Top M,10008208,,,,,,1,0,6
Abercrombie & Fitch Tank Bodysuit/Pink/Size L,10005225,,Abercrombie,,,,1,0,0
Abercrombie & Fitch White Dress XL,10009131,,,,,,1,0,6.25
Abercrombie Floral Tube Top / Size XS,10005308,,Abercrombie X Fitch,,,,1,0,0
Abercrombie Green Blue LS Flannel / Size L,10005118,,Abercrombie X Fitch,,,,1,0,0
Abercrombie X FitchSkirt_H,10001914,,Abercrombie X Fitch,,,,1,0,0
Abercrombie Yellow SS Top/Size S,10007333,,Abercrombie,,,,1,0,0
Abercrombie&Finch/ Floral Top/ Size XXS,10005447,,Abercrombie X Fitch,,,,0,0,0
Abercrombie/GryTanHalterTop/SizeM,10008337,,Abercrombie X Fitch,,,,0,0,0
AbercrombieXF/FloralCropTop/SizeM,10006351,,Abercrombie X Fitch,,,,1,0,0
Abollria/FloralBlouse/SizeM,10005781,,Abollria,,,,1,0,0
Absolutely Tie Dye Crop Top / Size L,10005107,,Absolutely Love it,,,,0,0,0
Acacia Orange Zip Up Hoodie / Size M,10006988,,Acacia,,,,1,0,0
Active USA Green Floral Wrap Top,10005372,,Active USA,,,,1,0,0
Adam Levine Faux Leather Floral Jacket / Size S,10003871,,Adam Levine,,,,0,0,0
Addie Top Black Multi Color/Size OS,10005834,,Addie,,,,1,0,0
Additions by Chico's Gray Jean Jacket / Size 2,10006677,,Chico's,,,,0,0,0
AdelynRae/MulticolStripeDress/SizeXS,10007416,,adelyn rae,,,,1,0,0
Adidas Black Shorts Size 6,10007444,,,,,,1,0,0
Adidas Tennessee Orange Tshirt / Size 2X,10006456,,Adidas,,,,1,0,0
Adiva Brown SS Top L,10008251,,,,,,0,0,0
Adiva Pale Pink & White Tank / Size XL,10005605,,Adiva,,,,0,0,0
Adiva Vintage LS Blouse Size S,10007505,,,,,,0,0,0
Adiva White LS Blouse M,10008207,,,,,,0,0,0
Adonna Slip Dress Black Size M,10003406,,Adonna,,,,1,0,0
Adonna Slip Dress Black Size S,10003474,,Adonna,,,,0,0,0
Adora Tie Top Black/Size M,10009798,,Adora,,,,0,0,0
Adore/SilverDress/SizeL,10009531,,Adore,,,,1,0,8
Adriana P Black SL Top / Size L,10005655,,Adrianna Papell,,,,1,0,0
Adrianna Papell Black Top M,10009388,,,,,,1,0,6.55
Adrianna Papell Brown Blazer 6,10008229,,,,,,1,0,8.75
Adrianna Papell Burgundy Dress 6,10008226,,,,,,1,0,15
Adrianna Papell Gold Heels/Size 7.5,10007071,,,,,,0,0,0
Adrianna Papell Yellow Crochet Dress 8,10008277,,,,,,1,0,8
Adrianna Papell/ Blouse/ Pink/ Size M,10005046,,Adrianna Papell,,,,0,0,0
Adrianna PapellDress_Az,10003042,,Adrianna Papell,,,,1,0,0
AdriannaP/PnkPearlSwter/SizeXL,10006004,,Adrianna Papell,,,,0,0,0
Adrienne VittadinVest_Al,10002809,,Adrienne Vittadin,,,,1,0,0
Adrienne VittadiniSweater_J,10000058,,Adrienne Vittadini,,,,1,0,0
AdrienneV/Blk&NavyPant/Size6,10004314,,Adrienne Vittadini,,,,1,0,0
Aeda Tan Flower Cardigan/ Size S,10006258,,Aeda,,,,0,0,0
Aerie Halter Top Size S,10008624,,,,,,0,0,0
Aerie/BurgBralette/SizeL,10008586,,Aerie,,,,0,0,0
AeroSoles/BrwnBuckleHeel/Size7.5,10004322,,Aerosoles,,,,0,0,0
Aeropostale Brown Belt with Beige Stitch,10007984,,Aeropostale,,,,0,0,0
Aeropostale Tie-Dye Top S,10008439,,,,,,1,0,4
Aerosoles/GreyBuckledHeels/Size9,10004379,,Aerosoles,,,,1,0,0
Affinites AT Wrap LS Top / Size S,10006324,,Affinites Armand Thiery,,,,0,0,0
Agenda Orange & White SL Top / Size M,10006446,,Agenda,,,,0,0,0
Akemi & Kim Floral Skirt XL,10008394,,,,,,0,0,0
Akemi Black Embroider Tank / Size XS,10003798,,Akemi X Kin,,,,1,0,0
Akira B & W Corset Top / Size S,10009279,,Akira,,,,0,9.5,0
Akira Chicago Black Label Dress,10003326,,Akira Chicago,,,,1,0,0
Akira Cream Boots/Size 8,10007055,,Akira,,,,0,0,0
Akira Pink Velvet Crop Top / Size XL,10007214,,Akira,,,,1,0,0
Akira Tan Banded Skirt/Size S,10004501,,Akira,,,,0,0,0
Akira/BlkFloralDress/SizeS,10009556,,Akira,,,,1,0,8
Akira/Brwn&BlkSheerTop/SizeS,10006412,,Akira,,,,0,0,0
AlbM Tan Button down/ Size M,10004351,,Alberto Makali,,,,0,0,0
Alberto Black Sequin Tank / Size M,10007871,,Alberto Makali,,,,1,0,0
Alberto Makali Lace Top Black Size M,10003551,,Alberto Makali,,,,0,0,0
Aldo Yellowjacket ankle boots Size 7 1/2,10003559,,Aldo,,,,1,0,0
Alex & Ani Tree of Life Bangle,10008613,,,,,,1,0,5.99
Alex Evening Black Dress 8,10009463,,,,,,1,0,5
Alex Evenings Black Blue Shimmer Tank / Size 2X,10006562,,Alex Evenings,,,,1,0,0
Alex Evenings Black Satin Jacket M,10009468,,,,,,1,0,5.75
Alex Evenings PnkSequin Coat/Size L,10004061,,Alex Evenings,,,,1,0,0
Alex Marie Black Sequin Pants 12,10008424,,,,,,1,0,9
Alex Marie Black/Pink w Floral Embroid/Size 14,10009803,,Alex Marie,,,,1,0,0
AlexEvenings/GreyTieBlouse/SizeS,10005464,,Alex Evenings,,,,1,0,0
AlexMarie/BlkHeeledFlats/Size9M,10004378,,Alex Marie,,,,0,0,0
AlexXAni/SSilverRing/Size7.5,10008792,,Alex x Ani Alexander,,,,1,0,8
Alexandria Barlett Black Colorful Capris / Size 8,10007447,,Alexandria Bartlett,,,,0,0,0
Alexis Bittar Gold Colored Enamel Ring,10003226,,Alexis Bitlar,,,,0,0,0
Alfani Black & Beige SL Dress / Size 16,10007474,,Alfani,,,,0,0,0
Alfani Black Trouser/ Size 18,10004357,,Alfani,,,,1,0,0
Alfani/Blue&BlkDress/SizeXXL,10004909,,Alfani,,,,0,0,0
Alfred Dunner Beige Beaded SS / Size XL,10004760,,Alfred Dunner,,,,1,0,0
Ali & Chris Black LS Sheer Tie Front / Size M,10005531,,Ali X Chris,,,,1,0,0
Ali & Christ Gray SS / Size M,10004730,,Ali X Chris,,,,0,0,0
Alia Pink & White Buttondown SS / Size 14,10005600,,Alia Petite,,,,1,0,0
Alice+Olivia White Lace Top 6,10008981,,,,,,1,0,8.75
AliceM/Pink&BlkFloralShirt/SizeS,10004862,,Alice Moon,,,,1,0,0
All in Favor Dark Blue Sweater / Size M,10004236,,All in Favor,,,,1,0,0
All in Favor White Dress S,10008843,,,,,,1,0,8.5
All in Motion Orange Shorts M,10008511,,,,,,1,0,10.95
AllSaints/BlkSweater/SizeXS,10004657,,All Saints,,,,1,0,0
Allegra White Blouse Bodysuit / Size XS,10006973,,Allegra K,,,,0,0,0
Allegria Red Sling Backs/Size7-7.5,10007080,,Allegria,,,,0,0,0
Allison B SL Dress Multicolor Texture / Size S,10005199,,Allison Brittney,,,,0,0,0
Allison Brittney Cream Open Cardigan S,10009050,,,,,,1,0,5.35
Allison D Blue QS / Size M,10004994,,Allison Dailey,,,,1,0,0
Allison Daley Black Vest,10008276,,,,,,1,0,5.5
Allison Joy Red Print Dress S,10007859,,,,,,1,0,0
Allison Morgan Brown SS Top M,10009141,,,,,,1,0,5.75
Allison T Brown Buttondown SL Dress / Size L,10006713,,Allison Taylor,,,,0,0,0
AllisonDaley Multicolor Sweater/Size M,10003826,,Allison Dailey,,,,1,0,0
AllisonJoy Grey Sequin Blouse/Size XS,10003974,,Allison Joy,,,,2,0,0
Alloy Plum Ruffle Pant/Size XXL,10004023,,Alloy Apparel,,,,1,0,0
Alma Mater Orange & White Chevron / Size M,10005110,,Alma-Mater Collection,,,,0,0,0
Alo Black Bodysuit M,10007603,,,,,,1,0,0
Altar'd State  Blue & Orange Flw LS Dress / Size L,10005005,,Altarxd State,,,,1,0,0
Altar'd State Beige Crop Sweater / Size M,10005016,,Altarxd State,,,,1,0,0
Altar'd State Black Denim Shorts Romper/Size S,10006761,,Altarxd State,,,,0,0,0
Altar'd State Black Sheer LS Embroid / Size M,10005021,,Altarxd State,,,,0,0,0
Altar'd State Black Shorts XS,10008943,,,,,,1,0,4.99
Altar'd State Black Textured Tank / Size L,10006605,,Altarxd State,,,,1,0,0
Altar'd State Blue Dress/Size S,10005821,,Altarxd State,,,,0,0,0
Altar'd State Blue Floral Romper / Size M,10005120,,Altarxd State,,,,0,0,0
Altar'd State Blush Sweater / Size S,10005254,,Altarxd State,,,,1,0,0
Altar'd State Brown Floral Dress XS,10009250,,,,,,1,0,7.65
Altar'd State Burgundy & Gold SL Dress / Size S,10005260,,Altarxd State,,,,1,0,0
Altar'd State Burgundy Fringe Skirt / Size M,10007021,,Altarxd State,,,,1,0,0
Altar'd State Burnt Orange Skirt / Size M,10006556,,Altarxd State,,,,1,0,0
Altar'd State Cream Crochet / Size S,10009282,,Altarxd State NWT,,,,1,0,14.5
Altar'd State Lace SL Blouse / Size M,10005597,,Altarxd State,,,,0,0,0
Altar'd State NWT Linen Crop Top / Size S,10006593,,Altarxd State NWT,,,,1,0,0
Altar'd State Orange Polka Dot Skirt / Size S,10005706,,Altarxd State,,,,0,0,0
Altar'd State Peachy Pink Skirt / Size S,10005717,,Altarxd State,,,,1,0,0
Altar'd State Pink Cherry Tank Top / Size S,10008153,,Altarxd State,,,,0,0,0
Altar'd State Pink Floral SS Ruffle Dress / Size S,10007112,,Altarxd State,,,,0,0,0
Altar'd State Purple SS Top S,10008635,,,,,,0,0,0
Altar'd State Purple Sweater / Size XS,10005961,,Altarxd State,,,,1,0,0
Altar'd State Red LS / Size XS,10005952,,Altarxd State,,,,0,0,0
Altar'd State Tank Black/Size S,10005215,,Altarxd State,,,,0,0,0
Altar'd State White/Pink LS Top S,10008236,,,,,,0,0,0
AltarXdS/LightBrwnSkirt/SizeXS,10004858,,Altarxd State,,,,0,0,0
Altard Black Skirt,10007212,,Altarxd State,,,,1,0,0
Altard State Black Tank Top L,10009010,,,,,,0,0,0
Altard State Blk White Dress Size M,10009535,,Altarxd State,,,,1,0,8
Altard State Blue Dress S,10008466,,,,,,1,0,8
Altard State Blue Ruffle Skirt S,10009052,,,,,,0,0,0
Altard State Brown Skort S,10008508,,,,,,0,0,0
Altard State Dress Brown Size L,10007190,,,,,,0,0,0
Altard State Dusty Rose Dress S,10008798,,,,,,1,0,7.5
Altard State Floral Dress S,10008445,,,,,,1,0,14.99
Altard State Green LS Top XS,10009164,,,,,,1,0,5
Altard State Green Top Size S,10007202,,,,,,0,0,0
Altard State Jean Skorts Size S,10009139,,,,,,-1,0,-7.25
Altard State Maroon Cami,10009039,,,,,,1,0,6.55
Altard State Overalls White Size L,10007279,,,,,,0,0,0
Altard State Pink Dress L,10008468,,,,,,0,0,0
Altard State Red Floral Dress S,10007542,,,,,,1,0,0
Altard State White Lace LS Top S,10009409,,,,,,1,0,7.65
Altard State White Sweater Size M,10007557,,,,,,0,0,0
Altard State White Textured Skirt S,10009402,,,,,,1,0,6.55
Altard State black/white pants S,10008683,,,,,,0,0,0
Altard State blue lace dress/L,10006840,,Altarxd State,,,,1,0,0
AltardS/Whi&BluTop/SizeS,10006024,,Altarxd State,,,,1,0,0
AltardS/WhiZipUpSleeveless/SizeM,10004943,,Altarxd State,,,,1,0,0
AltardSt/MulticolFloralCropTop/SizeS,10006129,,Altarxd State,,,,1,0,0
AltardState/ Pattern Crop/ Brn&Prpl/ Size M,10005183,,Altarxd State,,,,1,0,0
AltardState/ Slvlss Top/ Peach/ Size L,10005047,,Altarxd State,,,,1,0,0
AltardState/StripeBttnSkirt/SizeS,10005792,,Altarxd State,,,,0,0,0
Altardstate/MulticolFloralDress/SizeS,10006114,,Altarxd State,,,,1,0,0
Altardstateorangeandwhitecheckeredshort/xs,10007350,,Altarxd State,,,,0,0,0
Altarxd State Orange Pink FL Crop Top / Size S,10004842,,Altarxd State,,,,0,0,0
Altarxd StateDress_H,10002225,,Altarxd State,,,,1,0,0
Altarxd StateShirt_Cr,10002834,,Altarxd State,,,,1,0,0
Altarxd StateSweater_A,10000105,,Altarxd State,,,,1,0,0
AltarxdS/BeigeSweater/SizeXL,10004656,,Altarxd State,,,,1,0,0
AlterdState Orange Blouse/Size S,10004742,,Altarxd State,,,,1,0,0
Alya Mint Green Fuzzy Sweater/Size L,10007012,,Alya,,,,1,0,0
AlynPa/OneSlvMulticolDress/Size7/8,10007741,,Alyn Paige,,,,1,0,0
Amanda Smith LS Blouse Green Size S,10007585,,,,,,1,0,0
Amang Blue White Sheer SS Top / Size M,10006613,,Amang NY,,,,1,0,0
Amarsi Black SL Vest / Size L,10006544,,Amarsi,,,,1,0,0
AmberNecklace,10006128,,unknown,,,,0,0,0
Ambience Apparel Size L Floral Sleeveless Tank,10005367,,Ambience Apparel,,,,1,0,0
Ambrose/LeatherAnkleBoots/Size8,10004377,,Ambrose,,,,0,0,0
Ameri Leather Brown Bag,10005615,,Ameri Leather,,,,0,0,0
American E Dusty Blue Striped Off Shoulder / Size S,10005134,,American Eagle Outfitters,,,,1,0,0
American Eagle Floral Print Shorts 8,10009490,,,,,,1,0,5
American Eagle Green Smiley Hi-Top 7,10008878,,,,,,1,0,16.25
American Eagle Lace Mesh Skirt / Size XS,10005721,,American Eagle Outfitters,,,,0,0,0
American Eagle Maroon Cardigan S,10009253,,,,,,1,0,6.55
American Eagle Orange Floral Shorts XS,10009374,,,,,,0,0,0
American Eagle Red/White Halter S,10009205,,,,,,1,0,5.25
American Eagle Rust Tube Top S,10009209,,,,,,1,0,5.25
American Eagle White Tank Top XS,10008651,,,,,,0,0,0
AmericanEagle/ Knit Sweater/ Pnk&Orng/ Size M,10005147,,American Eagle,,,,0,0,0
AmericanEagle/ Ruche Crop/ Multicolor/ Size S,10005171,,American Eagle Outfitters,,,,0,0,0
AmericanEagle/BlackCorsetTop/SizeM,10006878,,American Eagle,,,,0,0,0
AmericanEagle/RedWhiSkirt/SizeM,10006937,,American Eagle,,,,0,0,0
Amethyst/CapriJean/Size14,10005779,,Amethyst,,,,1,0,0
Ammo Blk Tank NWT/ Size S,10007026,,Ammo,,,,0,0,0
AnGi/ShortSleeve/Tan/SizeS,10004097,,An. Gi,,,,1,0,0
Ana Sui Red & Black Bag,10008770,,Ana Sui,,,,1,0,6.5
Analogy Detitier Green Multicolor/Size  S,10004736,,Analogy Detiter,,,,1,0,0
Ande Black Purse Gold Hardware,10007928,,Ande,,,,0,0,0
Andrea Jovine Black/Fish Dress 6,10007970,,,,,,0,0,0
Andree Army Green Vest / Size S,10006548,,Andree,,,,0,0,0
Andree White Frayed Top S,10008526,,,,,,1,0,13.15
Andres White Dress L,10007975,,,,,,0,0,0
Angel Biba Floral Print Dress M,10007856,,,,,,1,0,0
Angel Biba White Lace Dress / Size S,10006725,,Angel Biba,,,,0,0,0
Angels Never Die White Pants / Size 29,10008160,,Angels Never Die,,,,1,0,8
Angie/ Embellished Plaid Flannel/ Brn/ Size S,10005140,,Angie,,,,1,0,0
Angie/BlkPurpFloralHalter/SizeS,10005473,,Angie,,,,0,0,0
AnimalPrintFurHat,10009367,,unknown,,,,1,0,8
AnimalPrintHandBag,10009321,,unknown,,,,0,0,0
Ann Klein Cardigan Pink Size S,10003390,,Ann Klein,,,,1,0,0
Ann M White Floral Buttondown / Size M,10006305,,Ann Mashburn,,,,1,0,0
Ann May Black Silk Tank / Size XL,10004849,,Ann May,,,,1,0,0
Ann Taylor Baby Pink Tank / Size L,10006288,,Ann Taylor,,,,0,0,0
Ann Taylor Black & White Skirt Size 8,10006621,,,,,,0,0,0
Ann Taylor Black Blouse/ Size XS,10004359,,Ann Taylor,,,,1,0,0
Ann Taylor Black Crochet Tank S,10008831,,,,,,1,0,6.75
Ann Taylor Black LS Bodysuit / Size S,10009288,,Ann Taylor,,,,1,0,11
Ann Taylor Black Leather Skirt / Size 8,10005716,,Ann Taylor,,,,0,0,0
Ann Taylor Black Pants / Size 8,10003773,,Ann Taylor Loft,,,,1,0,0
Ann Taylor Black SS Top/Size XL,10005585,,Ann Taylor,,,,1,0,0
Ann Taylor Black Skirt/Size 4P,10007001,,Ann Taylor,,,,1,0,0
Ann Taylor Black Sleeveless Shirt / Size M,10004649,,Ann Taylor,,,,0,0,0
Ann Taylor Blazer Black Size 8,10003396,,Ann Taylor,,,,1,0,0
Ann Taylor Blue SS Top/Size XS,10005583,,Ann Taylor,,,,1,0,0
Ann Taylor Blue Striped Top 10,10008401,,,,,,1,0,5
Ann Taylor Blush Pink Cardigan / Size M,10006614,,Ann Taylor,,,,1,0,0
Ann Taylor Brown SS Cover Up / Size 2,10005929,,Ann Taylor,,,,0,0,0
Ann Taylor Cami Top/ Size L,10007323,,Ann Taylor,,,,1,0,0
Ann Taylor Dark Blue Shorts / Size 12,10007580,,Ann Taylor,,,,1,0,0
Ann Taylor Green SS Top M,10009140,,,,,,1,0,6
Ann Taylor Long Sleeve Burgundy / Size M,10003774,,Ann Taylor,,,,1,0,0
Ann Taylor NWTBlazer_Ca,10000324,,Ann Taylor NWT,,,,1,0,0
Ann Taylor Navy Lace Top XS,10009037,,,,,,1,0,4.35
Ann Taylor Nude Camisole M,10008517,,,,,,1,0,10.95
Ann Taylor Orange & Pink SL Top / Size S,10005501,,Ann Taylor,,,,1,0,0
Ann Taylor Orange Top XS,10008816,,,,,,1,0,4.75
Ann Taylor Pants Herringbone,10004100,,Ann Taylor,,,,1,0,0
Ann Taylor Pink Shorts Size 4,10008951,,,,,,1,0,4.45
Ann Taylor Purple Ombre Cardigan / Size S,10003770,,Ann Taylor Loft,,,,1,0,0
Ann Taylor Purple Ruffle Tank / Size LP,10005610,,Ann Taylor Loft,,,,1,0,0
Ann Taylor Purple SS Top / Size XL,10006534,,Ann Taylor,,,,1,0,0
Ann Taylor Purple Top XL,10008652,,,,,,1,0,4.5
Ann Taylor Red Purse,10007453,,Ann Taylor,,,,0,0,0
Ann Taylor Skirt Black & White Size 6,10003501,,Ann Taylor,,,,0,0,0
Ann Taylor Sleeveless Top XS,10008519,,,,,,1,0,10.95
Ann Taylor White LS / Size S,10006972,,Ann Taylor,,,,0,0,0
Ann Taylor White SL Long Dress / Size 6,10007114,,Ann Taylor,,,,0,0,0
Ann Taylor Yellow Sleeveless M,10008032,,,,,,1,0,7.25
Ann Taylor Yellow/White Top S,10008470,,,,,,0,0,0
Ann TaylorJacket_La,10002784,,Ann Taylor,,,,0,0,0
Ann TaylorLS Top_Al,10000402,,Ann Taylor,,,,1,0,0
Ann TaylorPants_Ay,10004019,,Ann Taylor,,,,1,0,0
Ann TaylorSS Top_Ja,10002723,,Ann Taylor,,,,1,0,0
Ann TaylorSkirt_Ex,10001483,,Ann Taylor,,,,0,0,0
Ann TaylorSweater_Am,10000098,,Ann Taylor,,,,1,0,0
AnnT/BlkAnimalBlouse/SizeS,10004368,,Ann Taylor,,,,1,0,0
AnnT/BlkGreyPant/Size4,10003591,,Ann Taylor,,,,0,0,0
AnnTLoft/GreyTop/SizeXS,10004367,,Ann Taylor Loft,,,,1,0,0
AnnTLoft/Yellow&GrnTop/SizeMP,10005418,,Ann Taylor Loft,,,,0,0,0
AnnTaylor Black Animal Print Skirt/ Size 2,10004354,,Ann Taylor,,,,1,0,0
AnnTaylor/ LeafPrint Top/ Grn/ Size M,10005071,,Ann Taylor,,,,0,0,0
AnnTaylor/ Slvless Top/ Pink/ Size M,10005055,,Ann Taylor,,,,1,0,0
AnnTaylor/BlkBttnDwnDress/Size8,10006133,,Ann Taylor,,,,0,0,0
AnnTaylor/BrwnFloralTop/Size14,10008358,,Ann Taylor,,,,1,0,0
AnnTaylor/Pink&WhiLaceTop/Size10,10004935,,Ann Taylor,,,,0,0,0
AnnTaylor/PinkRuffleSKirt/Size12,10009360,,Ann Taylor,,,,1,0,8
AnnTaylor/PinkSleevlessTop/SizeSP,10005302,,Ann Taylor,,,,1,0,0
AnnTaylor/PnkPurpSkirt/Size8,10006122,,Ann Taylor,,,,1,0,0
AnnTaylor/Red&WhiFloralSkirt/Size4,10004870,,Ann Taylor,,,,0,0,0
AnnTaylor/RedTop/SizeM,10006107,,Ann Taylor,,,,1,0,0
AnnTaylorP/BlkDottedSkirt/Size8p,10007754,,Ann Taylor Petites,,,,1,0,0
Anna Sui Black Detail Skirt / Size 8,10008013,,Anna Sui,,,,0,0,0
Anna-Kaci Blk Sequin Top/Size XL,10003968,,Anna-Kaci,,,,1,0,0
Anne Klein Black Sleeveless Dress / Size 12,10004618,,Anne Klein,,,,1,0,0
Anne Klein Fushia Floral Sheer Cardigan / Size 6,10005257,,Anne Klein,,,,1,0,0
Anne Klein Iflex Suede Loafers 7,10009226,,,,,,1,0,19.55
Anne Klein Pink Sleeveless Top XL,10009489,,,,,,1,0,5
Anne Klein multi-color blazer 6,10007591,,,,,,1,0,0
Anne Klein white dress shirt/L,10006849,,Anne Klein,,,,0,0,0
Anne KleinCardigan_Ga,10001187,,Anne Klein,,,,0,0,0
AnneKlein/BlkSparkleDress/Size10,10004603,,Anne Klein,,,,1,0,0
AnneKlein/MulticolDress/Size4,10007415,,Anne Klein,,,,1,0,0
AnneKlein/WhiruffleSlvlssShirt/Size14,10007399,,Anne Klein,,,,1,0,0
Annex/GreenAniPrintPurse,10008970,,Annex,,,,0,0,0
Another Label Orange & Black Jacket / Size S,10005701,,Another Label,,,,0,0,0
Anthro Nashville Yellow  SS/ Size M,10009278,,Anthropologie,,,,1,0,8
Anthro Off White Crochet Skirt / Size 10,10007708,,Anthropologie,,,,1,0,0
Anthro White SS Top w Yellow Ruffle / Size S,10005591,,Anthropologie,,,,1,0,0
Anthropologie Black Balloon Pants/ Size M,10006267,,Anthropologie,,,,0,0,0
Anthropologie Black Textured Tank / Size M,10005105,,Anthropologie,,,,1,0,0
Anthropologie Gray Crop Top w Tie Back/Size M,10006263,,Anthropologie,,,,0,0,0
Anthropologie M Albright Turquoise 7.5,10007658,,,,,,1,0,25
Anthropologie Moon Faux Suede Vest M,10008888,,,,,,1,0,12.5
Anthropologie Open Front Cardi Beige M,10009015,,,,,,1,0,8.75
Anthropologie Pants Brown Size 0,10003510,,Anthropologie,,,,1,0,0
Anthropologie Reformation Plaid Top/Size L,10006814,,Anthropologie,,,,0,0,0
Anthropologie SL NWT Colorful Striped Dress / Size S,10005025,,Anthropologie,,,,1,0,0
Anthropologie White Lace Sweater M,10009448,,,,,,1,0,8.75
Anthropologie Yellow SS Blouse L,10007525,,,,,,1,0,0
Anthropologie/PinkLaceTop/SizeS,10005783,,Anthropologie,,,,0,0,0
Antonio Melani White Tank Top Size S,10006945,,,,,,0,0,0
Antropologie Burgundy Embroidered LS / Size L,10006330,,Anthropologie,,,,1,0,0
Apollo Jeans Sleeveless Denim Jacket / Size S,10007126,,Apollo,,,,0,0,0
Apostrophe Beige SS Top L,10009182,,,,,,1,0,5.5
Apperloth Black Feux Leather Shorts L,10007607,,,,,,1,0,0
Appraisal Houndstooth Jacket L,10008682,,,,,,1,0,8.5
AprilCornell/BlkSheerSlvlssShirt/SizeM,10007392,,April Cornell,,,,1,0,0
Apt 9 Black Tank / Size S,10006344,,Apt 9,,,,1,0,0
Apt 9 Brown Cami / Size L,10003933,,Apt 9 Essentials,,,,0,0,0
Apt 9 Floral Brown Top M,10009624,,,,,,1,0,5
Apt 9 Purple Stretch LS Top M,10009603,,,,,,1,0,5
Apt. 9 Black/Blue Dress XL,10008653,,,,,,0,0,0
Apt. 9 Brown LS Top Size L,10009629,,,,,,1,0,5
Apt. 9 SS Blouse Black Size S,10007168,,,,,,1,0,0
Apt9/ BrwnFloralBlouse/SizeS,10004948,,Apt 9,,,,1,0,0
Apt9/FloralTopandTank/SizeL,10006901,,Apt 9,,,,1,0,0
Apt9/GrnSPotBttnDwn/Size2X,10005472,,Apt 9,,,,0,0,0
Aqua Blue Black Top / Size XS,10006338,,Aqua,,,,1,0,0
Aquatalia/AshBoots/Size9,10004316,,Aquatalia,,,,1,0,0
Arden B Bluejeans Size 0,10003442,,Arden B,,,,1,0,0
ArdenB/PinkLaceCami/SizeM/L,10008583,,Arden B,,,,1,0,8
Ariat Black Cowgirl Boots / Size 7.5,10008995,,Ariat,,,,0,0,0
Ariat Brown and Pink Cowgirl Boots / Size 9,10003780,,Ariat,,,,0,0,0
Ariat Red Leather Ankle Boots 6.5,10009431,,,,,,1,0,8.75
Ariat/MulticolBelt/SizeM,10004411,,Ariat,,,,0,0,0
Ariya Jeans Capri's 12,10008728,,,,,,1,0,4.5
AriyaJeans/BlackStitchShorts/Size9/10,10006916,,Ariya Jeans,,,,1,0,0
ArizJeanCo/StuddedJeanSkirt/Size5,10006940,,Arizona Jean Co,,,,0,0,0
Arizona Jean Overalls / Size L,10006673,,Arizona,,,,0,0,0
Arizona Pink Lace SS Skirt / Size M,10004819,,Arizona,,,,0,0,0
ArizonaJeanCo/JeanSkirt/Size3,10006918,,Arizona Jean Co,,,,0,0,0
Ark & Co Pink Skirt M,10008485,,,,,,1,0,10.9
ArkXCo/PinkFlowerDress/SizeM,10008547,,ark X Co,,,,1,0,0
Armani Jeans Tan Dress/ Size S,10006766,,Armani,,,,0,0,0
Armani NWT Purple Gray Dress / Size L,10004598,,Armani Exchange NWT,,,,0,0,0
Armani/WhiQuarterShirt/Size6,10006869,,Armani,,,,0,0,0
Art Class Yellow Black Striped SL Dress / Size Y12,10005493,,Art Class,,,,1,0,0
Artemis Slip Dress Brown Size S,10003398,,Artemis,,,,1,0,0
Artka Blue & White Plaid Skirt / Size S/M,10005988,,Artka,,,,1,0,0
Arula White Dress Size L,10009132,,,,,,1,0,7
Aryeh Brown Fringe Dress M,10008756,,,,,,1,0,6.25
Aryeh Navy LS Top XL,10008769,,,,,,0,0,0
Aryeh Pink/Green Dress L,10007971,,,,,,1,0,6.25
Aryeh Sleeveless Top Blue XL,10007978,,,,,,1,0,4.25
Aryeh White Floral Pants NWT / Size S,10008171,,Aryeh,,,,1,0,8
Aryeh/MulticolDiamDress/SizeM,10008291,,Aryeh,,,,0,0,0
As Is Vintage 70's Floral V-Neck  M,10009384,,,,,,1,0,8.75
As U Wish Sequin one Shoulder Dress / Size M,10003957,,As U Wish,,,,1,0,0
As is Vintage 2000's Leather Star Belt,10009033,,,,,,1,0,4.35
As-is Vint. Kooba Tan Leather Hobo,10009115,,,,,,0,0,0
As-is Vintage 60's Paisley Shorts S,10009609,,,,,,1,0,10
As-is Vintage Sailor Top/ Size S,10007309,,unknown,,,,0,0,0
Asos Blk Skirt/Size 6,10004505,,Asos Design,,,,1,0,0
Asos Denim Black Overall Size 8,10007610,,,,,,1,0,0
Asos Design White Dress/ Size 2,10007336,,Asos Design,,,,0,0,0
Asos/PurpPatternedShorts/SizeXS,10007756,,Asos Design,,,,1,0,0
AsosDesign/PnkOrFloralSkirt/Size2,10008548,,Asos Design,,,,0,0,0
Atamet Black Fringe Vest / Size XL,10005702,,Atamet,,,,0,0,0
Athleta Black Tank / Size S,10005277,,Athleta,,,,1,0,0
Athleta Black Tee / Size L,10004752,,Athleta,,,,1,0,0
Athleta Lavender Pullover/Size XS,10003692,,Athleta,,,,1,0,0
Athleta Navy Pants / Size 4,10003804,,Athleta,,,,0,0,0
Athleta Orng TieDye Tee/Size S,10004124,,Athleta,,,,1,0,0
Athleta Red Tankini Size M,10008902,,,,,,0,0,0
Athleta Savannah Black Dress L,10008697,,,,,,0,0,0
Athleta/ Athletic Longsleeve/ Pnk/ Size M,10005187,,Athleta,,,,1,0,0
Athleta/BleCrewneck/SizeXXS,10006158,,Athleta,,,,1,0,0
Athleta/BlueSkirt/SizeM,10004923,,Athleta,,,,0,0,0
Athleta/Pink WrapSweatshirt/Size S,10003684,,Athleta,,,,1,0,0
Atina Cristina Black Floral Top XS,10009122,,,,,,1,0,5.45
Attention Multicolor Skirt / Size 6,10005732,,Attention,,,,1,0,0
Atticus Light Green Black Heart Cap,10006745,,Atticus,,,,1,0,0
Attyre Navy Blue Skirt / Size 12,10004539,,Attyre NY,,,,1,0,0
Audrey Brook Pink Flats/Size 9,10007050,,Audrey Brook,,,,1,0,0
Audrey Talbott Purple Watercolor LS,10004996,,Audrey Talbott,,,,0,0,0
August Animal Print Hat,10007087,,August,,,,0,0,0
August Max Vintage Silk Tank 12,10008503,,,,,,1,0,6.99
August Silk Black Sheer Colorful Flower / Size M,10004824,,August Silk,,,,0,0,0
Aureum NWT Yellow Blue Shorts / Size M,10007838,,Aureum NWT,,,,0,0,0
Austin Hill Plaid Skirt Size 10,10007678,,,,,,1,0,5.75
Ava & Viv Cardigan Beige Size XL,10003469,,Ava & Viv,,,,1,0,0
Ava James Dark Blue Blouse / Size S,10005979,,Ava James,,,,0,0,0
Ava James Orange Blouse / Size XXL,10005635,,Ava James,,,,1,0,0
AvaXGrace/BlkWhiFloralDress/SizeL,10007698,,Ava & Grace,,,,1,0,0
AveMaria/MeshOutdoorShirt/Size40,10006365,,Ave Maria,,,,0,0,0
Avenue Beige Brown Red Blouse / Size 22,10008408,,Avenue,,,,1,0,4.25
Avenue Brown Sleeveless Top XL,10008897,,,,,,1,0,7.5
Avenue Jeans Denim Vest  Size 18,10003451,,Avenue Jeans,,,,1,0,14
Avenue Red Knit Dresses 3X,10009487,,,,,,1,0,5
Avenue/MulticolSkirt/Size18/20,10006145,,Avenue,,,,0,0,0
Avery Sheer Horse Print Shirt / Size L,10004986,,Avery,,,,1,0,0
Avid Love Pink Lingerie Top / Size M,10007833,,Avid Love,,,,1,0,0
Avidlove LS Black Top Size XL,10008631,,,,,,1,0,2.75
Avon Vintage Rose Ring,10007408,,Avon,,,,0,0,0
Axcess Beige Bow Blazer / Size M,10004162,,Axcess,,,,1,0,0
Axcess Black Skirt Stich Emb / Size 14,10006511,,Axcess,,,,1,0,0
Axes Brown Pleated Plaid Skirt / Size M,10005125,,axes,,,,0,0,0
Axyeh Red Beige LS Dress / Size M,10005542,,Axyeh,,,,0,0,0
Ayla Blk Cropped Shirt/Size M,10003895,,Ayla,,,,1,0,0
B. Darlin Tn&Blk Lace Dress/Size 4,10004060,,B. Darlin,,,,1,0,0
B. Right Pink Rose Strapless Dress / Size S,10007836,,B. Right,,,,0,0,0
B.P.  Gold Sequin Skirt/Size XS,10003961,,B.P.,,,,1,0,0
BB Linen Beige Sleeveless / Size L,10003857,,Brooks Brothers,,,,1,0,0
BBColl/SilverJumpsuit/Size6,10008064,,B B Collection,,,,1,0,0
BBDakota/BlkShorts/SizeS,10009514,,BB Dakota,,,,1,0,8
BC Vintage Faux Leather Jacket/Size L/Black,10004166,,BC,,,,0,0,0
BCBG Black & White SL Top / Size S,10007915,,BCBG Maxazria,,,,0,0,0
BCBG Black Leather Jacket  M,10007251,,,,,,0,0,0
BCBG Black Seethrough LS / Size L,10008023,,BCBG Maxazria,,,,1,0,6.25
BCBG Burgundy Dress w Sleeves / Size M,10005984,,BCBG Maxazria,,,,0,0,0
BCBG Maxazria White Cardigan S,10008456,,,,,,1,0,15
BCBG Maxazria maxi dress/M,10006648,,BCBG Maxazria,,,,1,0,0
BCBG Maxmara Brown Sundress/Size M,10006807,,BCBG Maxazria,,,,0,0,0
BCBG Pink Silk Dress / Size 6,10007463,,BCBG Maxazria,,,,1,0,0
BCBG SS Blouse Green Size XS,10007266,,,,,,1,0,0
BCBG Shiny Black Sleeveless Shirt / Size M,10003952,,BCBGeneration,,,,1,0,0
BCBG Tan & Beige SL Dress / Size 2,10005492,,BCBG Maxazria,,,,1,0,0
BCBG Tan Crochet SL Peplum Top / Size S,10005503,,BCBG Maxazria,,,,0,0,0
BCBG Tan Fur Coat / Size L,10004089,,BCBGeneration,,,,1,0,0
BCBG White/Black Pants M,10007508,,,,,,1,0,0
BCBG Yellow Skirt / Size 2,10005744,,BCBGeneration,,,,0,0,0
BCBG/BlkCardigan/SizeM,10004456,,BCBG Maxazria,,,,1,0,0
BCBG/FloralTieBodySuit/SizeXS,10006361,,BCBG generations,,,,1,0,0
BCBG/RedGreyDress/Size6,10009561,,BCBGeneration,,,,1,0,8
BCBGMax Black/Grey SS Top,10007965,,,,,,0,0,0
BCBGMax Dress Size M,10009011,,,,,,1,0,8.75
BCBGMax Grey Dress Size 8,10007477,,,,,,1,0,0
BCBGMax White Stripe Pants M,10009417,,,,,,1,0,8.75
BCBGMax/BlkBlueSkirt/SizeM,10008319,,BCBG Maxazria,,,,1,0,0
BCBGMax/StripedDress/SizeS,10009569,,BCBG Maxazria,,,,1,0,8
BCBGeneration Peach Top S,10008650,,,,,,1,0,4.75
BCBGeneration/ Knit Top/ Prp&Wht/ SIze XL,10005076,,BCBGeneration,,,,0,0,0
BCBGenerationSkirt_En,10002418,,BCBGeneration,,,,0,0,0
BDG Jean Skirt / Size S,10006675,,BDG,,,,0,0,0
BDG Pink Cords Size 4,10004021,,BOG,,,,0,0,0
BDG/hat/creme,10005483,,BDG,,,,2,0,0
BDarlin/GrnfloralRuffleDress/Size7/8,10007373,,B Darlin,,,,0,0,0
BGBCMaxazria Sweater Brown Size XS,10003534,,BCBGMaxazria,,,,0,0,0
BGBGMaxazria Beige Bodysuit Size S,10003377,,BCBG Maxazria,,,,0,0,0
BKE Belt / Size S,10006635,,BKE,,,,0,0,0
BKE Boutique/ Knit Shawl/ Wht/ Size M,10005437,,BKE Boutique,,,,0,0,0
BL Paul Smith Sequin White Dress NWT / Size 10,10004779,,Black Label Paul Smith,,,,1,0,0
BNDI Sweater Brown Size M,10003385,,BNDI,,,,0,0,0
BOA Black Leather Pants Size M,10007480,,,,,,1,0,0
BOC Black Slip on Shoes / Size 8,10004198,,BOC,,,,1,0,0
BOC Black Strappy Wedges / Size 9,10007639,,BOC,,,,1,0,0
BOC/Blk&TanBoots/Size7,10004404,,BOC,,,,1,0,0
BOG Black Floral Crop Top,10006685,,BOG,,,,0,0,0
BOG Collective Black Top Size L,10007507,,,,,,1,0,0
BP.,10004014,,BP.,,,,1,0,0
BP/Striped Cream Sweater/Size S,10004285,,BP.,,,,1,0,0
BPTank Top_BC,10002419,,BP,,,,1,0,0
BR NWT Brown Faux Leather Pants / Size 12,10003860,,Banana Republic NWT,,,,1,0,0
BR Orange Belt/Size M,10004066,,Banana Republic,,,,0,0,0
BR/BlkFloralKnotDress/Size2P,10005471,,Banana Republic,,,,0,0,0
BR/BlkOffShoulderTop/SizeL,10009348,,BR,,,,1,0,8
BR/OfftheShoulderTop/SizeL,10009347,,BR,,,,1,0,8
BVLCARI/PinkPouch,10007419,,BVLCARI,,,,1,0,0
Baby Pink Cowgirl Boots / Size 9,10003764,,,,,,0,0,0
Baby Pink SL Ruffle Top / Size S,10009595,,unknown,,,,1,0,4.75
Baccini Jean Jacket inc Addon Pins / Size XL,10006579,,Baccini,,,,0,0,0
Badgley Mischka Dress Floral Black,10003335,,Badgley Mischka,,,,0,0,0
Badgley Mischka Golf Flats/ Size 7,10007041,,Badgley Mischka,,,,1,0,0
Bae City Black Jeggings / Size 1X,10006722,,Bae City,,,,1,0,0
Bagatelle CollectionBlazer_Ex,10002872,,Bagatelle Collection,,,,1,0,0
Bagatelle CollectionJacket,10002699,,Bagatelle Collection,,,,0,0,0
Bagatelle Pink Black Multi Jacket / Size M,10003850,,Bagatelle Collection,,,,1,0,0
Bagatelle/BlkLthrpant/SizeXL,10005765,,Bagatelle Collection,,,,1,0,0
Bailey44/Sheer Blouse/Blk/Size S,10005029,,Bailey 44,,,,0,0,0
BaileyBlue/BlueBlouse/SizeM,10005998,,Bailey Blue,,,,0,0,0
BaileyRose/GreenFlowerPants/SizeM,10008360,,Bailey Rose,,,,0,0,0
Balenciaga/PinkPurse,10004486,,Balenciaga,,,,1,0,0
BambooT/Grn&PinkSkirt?SizeL,10004938,,Bamboo Traders,,,,0,0,0
BanRep Bl&Wht Blouse/Size XS,10004743,,Banana Republic,,,,1,0,0
BanRep Blk&Wht Jckt/Size L,10004739,,Banana Republic,,,,1,0,0
Banana Boat NWTDress_Ho,10000839,,Banana Boat NWT,,,,0,0,0
Banana NWT Lace Sleeveless / Size XS,10003767,,Banana Republic NWT,,,,1,0,0
Banana Pink Floral Sleeveless / Size XS,10003813,,Banana Republic,,,,1,0,0
Banana R Black Mini White Polka Dot / Size 4,10004633,,Banana Republic,,,,1,0,0
Banana R Black Seethrough LS / Size M,10005015,,Banana Republic,,,,0,0,0
Banana R Cream & Brown Dress / Size 4,10004630,,Banana Republic,,,,0,0,0
Banana R White Knit Tank / Size L,10009000,,Banana Republic,,,,1,0,6.35
Banana R Yellow & White Top / Size 8,10006721,,Banana Republic,,,,1,0,0
Banana Rep Army Green Shorts / Size 00,10007364,,Banana Republic,,,,0,11.495,0
Banana Rep Beige Cardigan / Size XS,10005893,,Banana Republic,,,,0,0,0
Banana Rep Brown Knit Poncho / Size XS,10003870,,Banana Republic,,,,1,0,0
Banana Rep Emerald Green SL Top / Size M,10006574,,Banana Republic,,,,0,0,0
Banana Rep Hot Pink Cardigan / Size L,10005882,,Banana Republic,,,,1,0,0
Banana Rep NWT Black LS Dress / Size S,10007225,,Banana Republic NWT,,,,1,0,0
Banana Rep NWT Cream Tank / Size M,10006560,,Banana Republic NWT,,,,1,0,0
Banana Rep Purple Black White Top / Size M,10006537,,Banana Republic,,,,1,0,0
Banana Rep Red LS Dress / Size M,10007457,,Banana Republic,,,,0,0,0
Banana Rep White Jean Jacket / Size S,10006982,,Banana Republic,,,,0,0,0
Banana Republic Beige Hoodie / Size XS,10005922,,Banana Republic,,,,1,0,0
Banana Republic Beige Knit Sweater / Size S,10005512,,Banana Republic,,,,1,0,0
Banana Republic Black Beaded Skirt 10,10009223,,,,,,1,0,7.65
Banana Republic Black Dress Size 0,10007195,,,,,,0,0,0
Banana Republic Black SL Crop Top / Size 6,10004827,,Banana Republic,,,,0,0,0
Banana Republic Black SL Dress / Size 6,10007215,,Banana Republic,,,,0,0,0
Banana Republic Black Sheer Tank / Size XS,10005267,,Banana Republic,,,,1,0,0
Banana Republic Black Tank / Size XS,10005311,,Banana Republic,,,,1,0,0
Banana Republic Blue Dress Beige Flower / Size 18,10004608,,Banana Republic,,,,1,0,0
Banana Republic Blue Striped Dress / Size 00,10005495,,Banana Republic,,,,0,0,0
Banana Republic Blue/White Dress 12,10009416,,,,,,1,0,8.75
Banana Republic Blue/White Pants 28P,10008910,,,,,,1,0,6
Banana Republic Blue/White Sleeveless 10,10009196,,,,,,1,0,4.25
Banana Republic Fuchsia Tank SL / Size L,10004825,,Banana Republic,,,,1,0,0
Banana Republic Green Design Top / Size M,10006591,,Banana Republic,,,,1,0,0
Banana Republic Green Sleeveless Top,10009077,,J Crew,,,,1,0,8
Banana Republic Green Sleeveless Top/Size S,10005228,,Banana Republic,,,,0,0,0
Banana Republic Grey Blazer 16,10009380,,,,,,1,0,8.75
Banana Republic Jacket Red Size XS,10003395,,Banana Republic,,,,1,0,0
Banana Republic Multicolor Top XS,10009007,,,,,,1,0,5.4
Banana Republic Orange Button SL / Size XS,10005639,,Banana Republic,,,,0,0,0
Banana Republic Orange Tank XS,10008525,,,,,,0,0,0
Banana Republic Pants Black Size M,10003547,,Banana Republic,,,,1,0,0
Banana Republic Pants Green Size 4,10003516,,Banana Republic,,,,0,0,0
Banana Republic Pants Grey Size 0,10003402,,Banana Republic,,,,0,0,0
Banana Republic Pink & Brown Tank / Size XL,10005852,,Banana Republic,,,,1,0,0
Banana Republic Pink SL Top / Size XS,10007646,,Banana Republic,,,,1,0,0
Banana Republic Plaid Wrap Skirt 12,10009303,,,,,,1,0,5
Banana Republic Red Belt L,10009036,,,,,,1,0,3.35
Banana Republic Red Dress / Size XXL,10006717,,Banana Republic,,,,1,0,0
Banana Republic Red Print Tank Top M,10009306,,,,,,1,0,4.35
Banana Republic Red Tank w Sequin / Size M,10005982,,Banana Republic,,,,1,0,0
Banana Republic Snake Print Tank Brown/Size XS,10005226,,,,,,0,0,0
Banana Republic White Tank Top Size 8,10006948,,,,,,1,0,0
Banana Republic filpucci Off-white Sweater / Size S,10005568,,Banana Republic,,,,1,0,0
Banana Republic pink sleeveless blouse/xxs,10008374,,Banana Republic,,,,1,0,8.99
Banana RepublicLS Top_Ag,10002622,,Banana Republic,,,,0,0,0
Banana RepublicLSTop,10000156,,Banana Republic,,,,1,0,0
Banana RepublicPants_Ho,10001775,,Banana Republic,,,,1,0,0
Banana RepublicSleeveless Top_Ja,10002545,,Banana Republic,,,,1,0,0
Banana RepublicSweater_El,10000096,,Banana Republic,,,,1,0,0
Banana RepublicTank Top_Ec,10002219,,Banana Republic,,,,0,0,0
BananaR/BlkSlvlessTop/SizeM,10009337,,Banana Republic,,,,1,0,8
BananaR/BlkStrapDress/Size10,10005449,,Banana Republic,,,,1,0,0
BananaR/BlkTankTop/SizeL,10009345,,Banana Republic,,,,0,5.995,0
BananaR/BlueTop/SizeM,10009333,,Banana Republic,,,,1,0,8
BananaR/ChainGemNecklace,10007381,,Banana Republic,,,,0,0,0
BananaR/CrmCardigan/SizeS,10006007,,Banana Republic,,,,1,0,0
BananaR/PinkTankTop/SizeS,10006087,,Banana Republic,,,,0,0,0
BananaR/TanCardigan/SizeS,10006025,,Banana Republic,,,,1,0,0
BananaR/WhiBttnDownDress/SizeL,10009357,,Banana Republic,,,,1,0,8
BananaRep/BlkDress/Size0,10008574,,Banana Republic,,,,0,0,0
BananaRep/BlkLaceDress/Size0,10008576,,Banana Republic,,,,0,0,0
BananaRep/PinkcoverShirt/SizeM,10008320,,Banana Republic,,,,0,0,0
BananaRep/PinktiedyeShirt/SizeXS,10006902,,Banana Republic,,,,1,0,0
BananaRepublic Blk Coat/Size M,10004280,,Banana Republic,,,,0,0,0
BananaRepublic Blk Lace Skirt/Size 8,10004498,,Banana Republic,,,,1,0,0
Band of Gypsies Cover Pink/Green M/L,10008206,,,,,,1,0,6
Banjul Black and Rhinestone Dress,10003345,,Banjul,,,,1,0,0
Bar III Floral Skirt/ Size XXL,10007031,,Bar III,,,,0,0,0
Bar IIICardigan_Zi,10002759,,Bar III,,,,0,0,0
Bar ||| LS Lace Seethrough Top / Size S,10007652,,Bar III,,,,1,0,0
Barbie Back Tshirt / Size S,10005663,,Barbie,,,,1,0,0
Barbie Brown T-Shirt M,10008836,,,,,,1,0,4
Barbour/Purpvest/Size6,10005317,,Barbour,,,,1,0,0
Bardot Black Sleeveless Top S,10008261,,,,,,1,0,8
BasicPM/GrnPinkPlaidTop/SizeXS,10009516,,Basic Pleasure Mode,,,,1,0,8
Basket Tote/Purse,10006271,,unknown,,,,0,0,0
Bass Pink Leather Bow Loafers 8.5,10008497,,,,,,1,0,8.3
Bay Island Billy Joel Tshirt / Size M,10005113,,Bay Island,,,,1,0,0
Be Bop Capri Pants / Size 9,10003882,,Be Bop,,,,1,0,0
Be Inspired Zip Up Hoodie/Black & Pink/PL,10007014,,Be Inspired,,,,1,0,0
Be Smart Dress Black/Red Size 8,10007229,,,,,,0,0,0
BeCool/BlueSlvlessTop/SizeL,10009343,,Be cool,,,,1,0,8
BeDivine/GreenRuffleTop/SizeS,10009103,,Be Divine,,,,0,0,0
Beaded Brown Waist Belt,10007982,,unknown,,,,0,0,0
Beatles Blk LongSleeve/Size M,10004342,,unknown,,,,1,0,0
Beatles Grey Tee/Size M,10004343,,unknown,,,,0,0,0
Beautees/ Sheer Cover/ Pnk&Yllw/ Size M,10005095,,Beautees,,,,1,0,0
Bebe Black Lace Zipper Dress / Size M,10003948,,Bebe,,,,1,0,0
Bebe Black Top/Size S,10005241,,Bebe,,,,0,0,0
Bebe Blk Top Size S,10009584,,Bebe,,,,1,0,6
Bebe/BlkBlouse/SizeS,10005412,,Bebe,,,,0,0,0
Bechamel Black Embroider / Size XL,10003778,,Bechamel,,,,1,0,0
Bechamel Brown Woven Leather Bag,10006577,,Bechamel,,,,0,0,0
Bechamel/BrownWovenBag,10007764,,Bechamel,,,,0,75,0
Beige Cardigan / Size XL,10006448,,unknown,,,,1,0,0
Beige Cardigan w/ Trim / Size M,10005553,,unknown,,,,1,0,0
Beige Crochet Fringe Vest L,10008723,,,,,,0,0,0
Beige Sequin Shorts / Size 8,10003953,,,,,,0,0,0
Beige Shiny Detail Dress Pants / Size 8,10004967,,unknown,,,,1,0,0
Beige/ Twist Top/ Nvy/ Size L,10005091,,Beige,,,,0,0,0
Bejeweled Jean/ Size 12,10004444,,Christine Alexander,,,,1,0,0
Beldini Grey Cardigan Size L,10006500,,,,,,1,0,0
Beli Fama Dress Size,10007232,,,,,,0,0,0
Belissima Hat Brown w Flowers,10005365,,,,,,0,0,0
Beliza Purple Shimmer Blazer / Size S,10005574,,Beliza,,,,1,0,0
Bella Barnett Hot Pink Dress/ Size S,10007036,,Bella Barnett,,,,1,0,0
Bella D Muave Blouse/Size M,10003837,,Bella D,,,,1,0,0
Bella Red Tennessee Flag Tank S,10008875,,,,,,1,0,4.25
BellaCanvas Teal Tank/Size M,10004341,,Bella Canvas,,,,1,0,0
Belldini Gray Cardigan / Size XL,10005978,,Belldini,,,,1,0,0
Belldini Orange SL Top / Size M,10007714,,Belldini,,,,1,0,0
Belldini SS Top Red Size S,10007183,,,,,,1,0,0
Belt,10006240,,,,,,0,0,0
BenSH/MulticolStripeBttnDwn/SizeXS,10006135,,Ben Sherman,,,,1,0,0
Benneton Black Pants/Size 10,10007015,,Benneton,,,,1,0,0
Bernardo/Blk&WhiSkirt/Size10,10008329,,Bernardo,,,,0,0,0
Bershka Cream Jacket / Size XS,10006989,,Bershka,,,,0,0,0
Bershka/PinkCorsetTop/SizeM,10004867,,Bershka,,,,1,0,0
Betmar knit black sunhat,10009059,,betmar,,,,1,0,10.99
Betsey Johnson Lime Green Gingham 7,10009215,,,,,,1,0,21.55
Betsey Johnson Mint/Pink Dress 6,10009166,,,,,,0,0,0
Betsey Johnson White Beaded Size 8 1/2,10003360,,Betsey Johnson,,,,1,0,14.99
Betsy Johnson Burgundy Crochet Dress / Size M,10004087,,Betsey Johnson,,,,0,0,0
BetsyL/GrnAniprintJacket/Size16,10008362,,Betsy Lauren,,,,0,0,0
Better Together Green Strechy Shorts / Size L,10006991,,Better Together,,,,1,0,0
Better Together Sage Green Top L,10008253,,,,,,1,0,6
Biaggini Blue & White Skirt / Size 40,10006506,,Biaggini,,,,1,0,0
BiagginiSkirt_3,10002002,,Biaggini,,,,1,0,0
BillLevkoff/BlkDress/Size16,10009560,,Bill Levkoff,,,,1,0,8
Billabong Burgundy Fuzzy Sweater / Size M,10004989,,Billabong,,,,0,0,0
Billabong Coral Pants / Size 31,10008162,,Billabong,,,,1,0,8
Billabong white dress/M,10006652,,Billabong,,,,0,0,0
Billabong/YellowFlowerSkirt/SizeM,10006886,,Billabong,,,,0,0,0
Billini Silver Boots Size 7,10007657,,,,,,0,0,0
Birch Hill Black Jacket S,10007669,,,,,,1,0,12
Birkenstock Black Slides 7.5,10009432,,,,,,1,0,3.75
Bishop Metallic Rose Longsleeve Dress / Size M,10003946,,Bishop X Young,,,,1,0,0
BishopY/PinkSleevlessBlouse/SizeS,10005286,,Bishop X Young,,,,0,0,0
Bisou Bisou Blue Skirt L,10008411,,,,,,1,0,5
Bisou Bisou Lavender Satin Tank / Size L,10006751,,Bisou Bisou,,,,0,0,0
Bisou Bisou Purple Red SL Dress / Size 8,10007467,,Bisou Bisou,,,,1,0,0
Bisou Bisou Silver Bracelet Black Stone,10006739,,Bisou Bisou,,,,0,0,0
Bisou Denin Top Size 16,10006623,,,,,,0,0,0
Bisou Pink Brown Dressy Tank / Size 16,10004810,,Bisou Bisou,,,,1,0,0
Bisou/BlkBeadedBlouse/SizeM,10004929,,Bisou Bisou,,,,1,0,0
Biviar Black Hat,10007325,,Biviar,,,,0,0,0
Bizz/ Slvlss Top/ Grey/ Size S,10005073,,Bizz,,,,1,0,0
Bjorndal Black Shoes Size 10,10003358,,Bjorndal,,,,1,0,9.99
Black & Beige Lingerie Tank / Size XXL,10006752,,unknown,,,,1,0,0
Black & Gold Knot Necklace,10007933,,unknown,,,,1,0,0
Black & Gold Lingerie Dress / Size L,10006758,,unknown,,,,1,0,0
Black & Gold sequin pants Size M,10007254,,,,,,1,0,0
Black & Green Floral Skirt / Size M,10005526,,unknown,,,,0,0,0
Black & White Knit Cover Up / Size M,10005965,,unknown,,,,0,0,0
Black & White Pattern Sheer LS Turtleneck / Size S,10005520,,unknown,,,,1,0,0
Black Beaded Bracelet Multilayer,10008998,,unknown,,,,1,0,3.25
Black Belt Stitch Design,10003752,,,,,,0,0,0
Black Belt w Silver Buckle & Studs,10007988,,unknown,,,,1,0,0
Black Bodysuit w Rhinestones Size S,10004164,,unknown,,,,1,0,0
Black Cardigan/ Size M,10004364,,unknown,,,,0,0,0
Black Chiffon Tank / Size M,10004960,,unknown,,,,1,0,0
Black Chifon Dress Size M,10008933,,,,,,0,0,0
Black Colorful Floral Underskirt / Size S,10008177,,unknown,,,,0,0,0
Black Crop Top / Size XS,10008287,,unknown,,,,0,0,0
Black Crop Top Spaghetti Strap / Size L,10006283,,unknown,,,,0,0,0
Black Detail Skirt / Size M,10003977,,,,,,0,0,0
Black Dress Size S,10007269,,,,,,1,0,0
Black Faux Leather Jacket / Size S,10004340,,Black Rivet,,,,1,0,0
Black Flower SS Coverup / Size L,10005743,,unknown,,,,1,0,0
Black Jean Mini Dress with Metal Button / Size M,10004534,,,,,,0,0,0
Black Jean Strapless Denim Dress / Size XS,10005535,,unknown,,,,0,0,0
Black Jewel Necklace Gold Detail,10008996,,unknown,,,,0,0,0
Black LS Lace Top / Size M,10006482,,unknown,,,,1,0,0
Black LS Shirt Bedazzle / Size M,10004802,,unknown,,,,1,0,0
Black Lace Dress/Size XS,10004483,,White House Black Market,,,,1,0,0
Black Lace Halter Top XL,10009041,,,,,,1,0,16.25
Black Lace Seethrough Blouse / Size M,10005870,,unknown,,,,1,0,0
Black Lace Top Cover Up / Size XXL,10006748,,unknown,,,,1,0,0
Black Leather Belt / Size 44,10006390,,unknown,,,,1,0,0
Black Leather Belt with Brown Design,10007983,,unknown,,,,0,0,0
Black Leather Pyramid Stud Belt XL,10009228,,,,,,1,0,4.35
Black Leather w gold bullet stud belt_Un,10003080,,unknown,,,,0,0,0
Black Mesh Top Size M,10008210,,,,,,0,0,0
Black P Blue Peacock Feather Top / Size L,10008202,,Black Poppy,,,,1,0,6
Black Pleather Purse Silver Hardware,10007452,,unknown,,,,0,0,0
Black Red White SL Top / SIze M,10005624,,unknown,,,,1,0,0
Black Rhinestone Multi Strand,10007340,,unknown,,,,0,0,0
Black Ruffle Dress / Size M,10004796,,unknown,,,,1,0,0
Black SL Rose Ruffle Dress / Size M,10007788,,unknown,,,,1,0,0
Black Seethrough Top / Size S,10006557,,unknown,,,,0,0,0
Black Sequin Dress Size 12,10007618,,,,,,1,0,0
Black Sheer Butterfly Mesh Top S,10009199,,,,,,0,0,0
Black Silk Tank / Size 10,10009597,,unknown,,,,1,0,3.25
Black Skirt Blue Flowers / Size 14,10008176,,unknown,,,,1,0,8
Black Skirt w Beaded Flower,10003332,,Joe Benbasset,,,,1,0,0
Black Sleeveless Top Size M,10009445,,,,,,1,0,4.35
Black Stitch Wide-Leg Pant/Size 10,10003583,,Elexenses,,,,1,0,0
Black Tank / Size M,10005192,,unknown,,,,0,0,0
Black Velvet Belt with Jewels / Size 2X,10006377,,unknown,,,,1,0,0
Black Velvet Hat,10006587,,unknown,,,,0,0,0
Black W/Gold Sleeveless Top M,10009135,,,,,,1,0,6.25
Black W/Lace Accents Tank Top XL,10009160,,,,,,1,0,3
Black White Tie Back QS / Size M/L,10004979,,unknown,,,,1,0,0
Black Woven Belt,10008879,,,,,,1,0,5.25
Black belt with silver,10006422,,,,,,-1,0,0
Black coach purse,10006830,,Coach,,,,1,0,0
Black floral shirt,10005901,,,,,,-1,0,0
Black lace coverall  OSFM,10008666,,,,,,0,0,0
Black leather coach purse,10006832,,Coach,,,,0,0,0
Black sequin,10007187,,,,,,0,0,0
Black/White Abstract Midi Skirt XL,10009386,,,,,,1,0,8.75
Black/Yellow Silver Necklace,10007994,,,,,,1,0,13.1
BlackBeadFurrBag,10008590,,unknown,,,,1,0,8
BlackBoot/Size7.5,10004913,,unknown,,,,1,0,0
BlackCrochetCover,10008354,,unknown,,,,0,0,0
BlackCrossBag,10008313,,unknown,,,,1,0,0
BlackItalianLeatherBag,10007766,,unknown,,,,1,0,0
BlackLaceCoverUpDress/SizeM,10008591,,unknown,,,,1,0,8
BlackLoopTieBelt,10003597,,unknown,,,,0,0,0
BlackPantwBows/SizeS,10006880,,unknown,,,,0,0,0
BlackRuffleSkort/SizeXL,10006904,,unknown,,,,0,0,0
BlackScrunchBag,10007372,,unknown,,,,0,0,0
BlackSheerdesignTop,10007394,,unknown,,,,0,0,0
BlackSkirt/SizeM,10008346,,unknown,,,,0,0,0
BlackStuddedBelt,10004412,,unknown,,,,0,0,0
BlackTape/ Strappy Tank/ Pink/ Size M,10005094,,Black Tank,,,,0,0,0
BlackZipUp/SizeS,10004451,,unknown,,,,1,0,0
BlackZipupJacket/SizeM/L,10006898,,unknown,,,,1,0,0
Blackheart Denim Shorts Size 13 (M),10007133,,Blackheart,,,,1,0,0
Blank NYC NWT Purple Skirt / Size 30,10009588,,Blank NYC,,,,1,0,6.5
Blank NYC Overalls/Green/Size 2,10009805,,Blank NYC,,,,1,0,0
BlankNYC Beige Jacket Size M,10007527,,,,,,1,0,0
BlankNYC Tan Suede Zip Up Jacket,10005194,,Blank NYC,,,,0,0,0
Blashe Muave Leotard/Size L,10003909,,Blashe,,,,0,0,0
Blashe PInk Tank Top L,10009153,,,,,,1,0,4.25
Blenca Black Lace Top M,10008847,,,,,,1,0,6.25
Blk Jeweled Mickey Tee/Size 4,10004128,,unknown,,,,1,0,0
Blk&Prp Silk Dress/Size 12,10003844,,Signature,,,,0,0,0
Blk&WhiLaceSkirt/SizeS,10004856,,unknown,,,,0,0,0
Blk&WhiPatternDress/SizeM,10006000,,unknown,,,,1,0,0
Blk&White Floral Top/Size L,10003699,,unknown,,,,0,0,0
Blk/Purp/RedHat,10009067,,unknown,,,,1,0,8
Blk/Wht Spotted Ruffle Skirt/Size SM,10004250,,unknown,,,,1,0,0
BlkBuckleHat,10009065,,unknown,,,,1,0,8
BlkChainBag,10006350,,unknown,,,,1,0,0
BlkDottedtieTop/SizeM,10005770,,unknown,,,,1,0,0
BlkFauxLeatherBelt,10004413,,unknown,,,,0,0,0
BlkFloralTop/SizeL,10004934,,unknown,,,,1,0,0
BlkGoldCoverUp,10009576,,unknown,,,,1,0,8
BlkKnitPinkintBag,10009320,,unknown,,,,1,0,8
BlkLaceDress/SizeS,10009562,,unknown,,,,1,0,8
BlkMulticolStripeTankTop/SizeM,10005453,,unknown,,,,1,0,0
BlkSheerTshirt/SizeL,10006108,,unknown,,,,0,0,0
Bloomingdoles/BlackCrossoverBag,10009319,,Bloomingdoles,,,,1,0,8
Blowfish Brown Sandals/Size 7.5,10007079,,,,,,0,0,0
Blu Pepper Black LS Pink Floral / Size L,10005119,,Blu Pepper,,,,1,0,0
Blu Pepper Cardigan Green Size L,10003470,,Blu Pepper,,,,1,0,0
Blu Pepper Cardigan Green Size XL,10003466,,Blu Pepper,,,,0,0,0
Blu Pepper Lavendar Sleeveless S,10008859,,,,,,1,0,5.75
Blu Pepper Yellow Orange Two Piece Set / Size L,10007773,,Blu Pepper,,,,0,0,0
Blu&Blk Polka Pant NWT /Size 4,10003569,,Loft NWT,,,,1,0,0
BluPe/BlkLaceSlvzlessTop/SizeM,10003637,,Blu Pepper,,,,0,0,0
BluPepper/BrwnPolkaDCard/SizeS,10006045,,Blu Pepper,,,,0,0,0
Blue Athleisure Jacket/Size SM,10004256,,Athleta,,,,1,0,0
Blue Blush Brown Strapless Dress / Size M,10007216,,blue blush,,,,0,0,0
Blue Blush Red Dress/Size M,10006816,,blue blush,,,,0,0,0
Blue Blush White Crop Top L,10009436,,,,,,1,0,5.45
Blue Canyon SS Top Size L,10007556,,,,,,0,0,0
Blue Floral SL Dress / Size XS,10007222,,Band of the Free,,,,0,0,0
Blue Green Black Groovy Sleeveless / Size M,10004759,,unknown,,,,1,0,0
Blue Green Knit Scarf,10004145,,unknown,,,,1,0,0
Blue Jasmine Blue Crop Top / Size S,10004818,,Blue Jasmine,,,,0,0,0
Blue Knit LS Cardigan / Size M,10005559,,unknown,,,,0,0,0
Blue Pink Beaded Baseball Cap,10004233,,Olive & Qique,,,,0,0,0
Blue Purse Silver Hardware,10006576,,unknown,,,,0,0,0
Blue Rain NWT Gray Skirt / Size S,10005662,,Blue Rain NWT,,,,1,0,0
Blue Rain Off Shoulder Striped Top / Size L,10005631,,Blue Rain,,,,0,25.99,0
Blue Rain Pink Pattern Halter Tank / SIze S,10005604,,Blue Rain,,,,0,0,0
Blue Shorts / Size S,10007365,,unknown,,,,1,0,0
Blue Straight Leg Pants/Size 8,10004449,,unknown,,,,0,0,0
Blue Tank Reversible / Size M,10005609,,unknown,,,,1,0,0
Blue Tassel Pink Shirt/Size S,10005218,,Blue Tassel,,,,1,0,0
Blue Tiedye Tee/Size M,10004130,,unknown,,,,1,0,0
Blue Whiskey Shirt Size M,10008900,,,,,,0,0,0
Blue White Crochet Bag,10009520,,unknown,,,,1,0,3.75
Blue bracelet,10007890,,,,,,0,0,0
Blue&WhiDress/SizeM,10005417,,unknown,,,,1,0,0
Blue&YellowSweatrTank/SizeM,10008071,,unknown,,,,0,0,0
Blue/Black Lace Undergarment M,10008733,,,,,,1,0,8.7
Blue/White Crop Top L,10008975,,,,,,1,0,4.35
Blue/White Sheer Dress Size L,10009471,,,,,,1,0,5
BlueGoldGemDressSet/SizeM,10007393,,unknown,,,,1,0,0
BlueSFA/WhiNavyRedTop/SizeS,10006783,,Blue Saks Fifth Avenue,,,,1,0,0
BlueSteel/ Multipttrn Crop/ Size M,10005180,,Bluesteel,,,,0,0,0
BlueTique/OrangeTankTop/SizeS,10006803,,BlueTique,,,,1,0,0
Bluebird Sleeveless Top Grey S,10008636,,,,,,0,0,0
Bluebracelet/blue,10007892,,unknown,,,,0,0,0
Blueh Ciel Pink/Beige Top L,10008259,,,,,,0,0,0
Bluetique/OrangeSlvlessTop/SizeS,10006827,,BlueTique,,,,1,0,0
Blush Green Cargo Pants NWT / Size M,10007690,,Blush,,,,0,39.99,0
Blush Jumpsuit Heart Btns As-Is / Size S,10006985,,unknown,,,,0,0,0
Blush Lavender Lingerie Romper / Size L,10004540,,Blush,,,,0,0,0
Blush Orange & White Floral Shawl / Size M,10004753,,Blush,,,,0,0,0
Blush Slip Dress/Size M,10003929,,unknown,,,,1,0,0
Blush Striped Dress Size M,10009620,,,,,,1,0,5
Blush/ Floral Crop/ Prpl/ Size L,10005048,,Blush,,,,1,0,0
Blush/ Pattern Top/ Brwn&Crm/ Size S,10005153,,Blush,,,,0,0,0
Bob Mackie Lavender SS Blouse L,10008672,,,,,,0,0,0
Bob Mackie Leopard Top Size 10,10008477,,,,,,1,0,8
Bobbi Brooks Gray Knit SS / Size L,10004757,,Bobbi Brooks,,,,0,0,0
Bobbie Brooks Romper Pink Size M,10006499,,,,,,1,0,0
Bobeau Pink/White SS Top M,10008871,,,,,,1,0,5.5
Boden Blue & White Skirt / Size 6,10004977,,Boden,,,,0,0,0
Boden Blue Multicolor Skirt/Size 2,10004507,,Boden,,,,1,0,0
Boden Floral Black Top/Size 2,10005221,,Boden,,,,1,0,0
Boden Green LS Top 10,10007973,,,,,,0,0,0
Boden/JeanDress/Size8p,10004607,,Boden,,,,1,0,0
Body Beautiful Black Lace Cami L,10009175,,,,,,1,0,2.75
Body Central Blk Top/Size M,10007334,,Body Central,,,,1,0,0
Body Jewels Red Lingerie Top / Size M,10008175,,Body Jewels,,,,1,0,6
BodyCentral/ Sheer Top/ Camel/ Size M,10005154,,Body Central,,,,0,0,0
Boft/Broke Hearts Sweater White L,10007559,,,,,,0,0,0
Boldrini Orange Leather Bag w Hyde,10006639,,Boldrini Selleria,,,,0,0,0
Bombay & Paisley Pink Dress Size M,10007280,,,,,,1,0,0
Bongo Grey Sequin Top/Size L,10003963,,Bongo,,,,1,0,0
Boohoo NWT White Crop Top / Size 6,10006981,,Boohoo NWT,,,,1,0,0
Boohoo/SparkleDress/Size6,10009549,,Boohoo NWT,,,,1,0,8
Boom Boom Black Skirt Zipper / Size S,10007944,,Boom Boom,,,,1,0,0
Born Beige Knit Slip Ons / Size 9,10006327,,Born,,,,0,0,0
Born Black Patent Leather 10,10007895,,,,,,1,0,10.5
Born Brown Suede Ankle Boots 7.5,10008877,,,,,,1,0,6.55
Born Tan Boots Size 10,10003350,,Born,,,,0,0,0
Born White Sandals/Size 8,10007075,,Born,,,,1,0,0
BostonProper/GoldSequinPant/SizeM,10007757,,Boston Proper,,,,1,0,0
Bracelet,10006636,,,,,,-1,0,0
Bracelet metal,10007284,,,,,,-1,0,0
Bracelet\silver,10007889,,,,,,0,0,0
Brahman Brown Leather Purse,10003984,,Brahman,,,,0,0,0
Braided Leather Belt,10003704,,unknown,,,,0,0,0
Brandon Thomas B/W Sleeveless S,10008883,,,,,,1,0,6.25
Brass & Onyx Bracelet,10007841,,,,,,1,0,14
Brass Metal Belt with Blue,10006370,,unknown,,,,0,0,0
BrassBracelettrio,10006151,,unknown,,,,0,0,0
Bravado Tupac Black T Shirt L,10009461,,,,,,1,0,5.45
Breckenridge Lemonade Cardigan L,10008721,,,,,,0,0,0
Briggs NY Floral Skirt/Black,10004169,,Briggs New York,,,,0,0,0
Briggs Pink Floral Skirt / Size 8,10008658,,Briggs New York,,,,1,0,4.5
Brighton 65106 Rio Brown Belt 36,10009032,,,,,,1,0,3.3
Brighton Silver Necklace,10007342,,Brighton,,,,0,0,0
Brighton/WeaveShoulderBag,10007402,,Brighton,,,,0,0,0
Brittany Black Beige ShortSleeve / Size XL,10002634,,Brittany Black,,,,1,0,0
Brittany Black Brown Sweater Size M,10007661,,,,,,1,0,0
Brittany Purple LS Top / Size XL,10005012,,Brittany Black,,,,1,0,0
BrntOrangeLaceBodysuit/SizeS,10008559,,unknown,,,,1,0,8
Bronks Brothers Pale Pink Buttondown / Size 10,10005270,,Bronks Brothers,,,,1,0,0
Bronze Bracelet,10006735,,unknown,,,,1,0,0
Bronze Square-Toe Boot/Size 9,10004248,,Gianni Bini,,,,0,0,0
Brooks Bro Pink LS Buttondown / Size L,10004724,,Brooks Brothers,,,,1,0,0
Brooks Brothers Black Heels 8.5,10007893,,,,,,1,0,25
Brooks Brothers Pants Black Size 10,10003512,,Brooks Brothers,,,,1,0,0
Brooks BrothersBlazer,10002678,,Brooks Brothers,,,,1,0,0
BrooksB/MultiColPocketDress/Size2,10006118,,Brooks Brothers,,,,1,0,0
BrooksBro/MulticolSkirt/Size8,10006405,,Brooks Brothers,,,,0,0,0
BrooksBros/StripeCollarDress/SizeL,10008328,,Brooks Brothers,,,,0,0,0
Brown & Black Skull Sweater / Size XL,10004794,,unknown,,,,1,0,0
Brown & Silver Bracelet,10003242,,unknown,,,,0,0,0
Brown & White Belt,10006393,,unknown,,,,0,0,0
Brown Belt with Gold Beads,10006371,,unknown,,,,0,0,0
Brown Belt with Jeweled Buckle,10006374,,unknown,,,,0,0,0
Brown Blue Crochet Purse,10006555,,unknown,,,,0,0,0
Brown Braid Knit Belt,10006391,,unknown,,,,1,0,0
Brown Braided Belt,10006384,,unknown,,,,0,0,0
Brown Chic Vintage T Shirt Size L,10007157,,,,,,23,0,368
Brown Chic Vintage T Shirt Size M,10007156,,,,,,24,0,384
Brown Chic Vintage T Shirt Size S,10007155,,,,,,23,0,368
Brown Chic Vintage T Shirt Size XL,10007158,,,,,,25,0,400
Brown Chic Vintage T Shirt Size XS,10007154,,,,,,25,0,400
Brown Choker w Bedazzled Pendant,10006738,,unknown,,,,1,0,0
Brown Cutout Design Leather Belt,10007985,,unknown,,,,0,0,0
Brown Dangle Earrings,10007941,,unknown,,,,0,0,0
Brown Floral Skirt / Size 6,10006245,,unknown,,,,1,0,0
Brown Fringe Belt,10006383,,unknown,,,,0,0,0
Brown Grommet Belt_Un,10003079,,unknown,,,,0,0,0
Brown Lace Bodysuit L,10009043,,,,,,0,8.995,0
Brown Leather Bedazzled Belt,10006736,,unknown,,,,0,0,0
Brown Leather Belt,10006380,,unknown,,,,0,0,0
Brown Leather Belt Brass Buckle,10006376,,unknown,,,,0,0,0
Brown Leather Belt Design,10006392,,unknown,,,,1,0,0
Brown Leather Belt Red Blue Studs,10007987,,unknown,,,,0,0,0
Brown Leaves Sheer Turtleneck / Size M,10005561,,unknown,,,,1,0,0
Brown Light Trench Coat S,10007878,,,,,,1,0,6.5
Brown Suede Boots Size 11,10003313,,unknown,,,,0,0,0
Brown Tassel Beaded Necklace,10006582,,unknown,,,,1,0,0
Brown Tote Bag M/L,10008249,,,,,,0,0,0
Brown Waist Belt Double Loop,10004566,,,,,,0,0,0
Bruce Lee Hat,10006778,,Bruce Lee,,,,0,0,0
BrushedTwillPant/Tan/Size12,10004423,,Jones New York,,,,1,0,0
Brwn Gry Pink Wrap Dress/ Size L,10006318,,Good Yarn,,,,1,0,0
Brwn&BlueDress/SizeS,10004470,,unknown,,,,0,0,0
BrwnFloralStitchSkirt/Size9,10004853,,unknown,,,,1,0,0
BrwnLeafScarf,10008326,,unknown,,,,1,0,0
BrwnxGreyCroppedVest/SizeM/L,10008352,,unknown,,,,0,0,0
BrynWalker/BrwnBttnDwn/SizeS,10008339,,Bryn Walker,,,,0,0,0
Brz&Gld Chunky Necklace,10004518,,unknown,,,,1,0,0
Bubble Necklace,10007845,,,,,,1,0,12
Buckle Belt Off White with Gem Buckle / Size L,10006667,,Buckle,,,,0,0,0
Buckle Black Jeans/Size 4,10004437,,Buckle Black,,,,1,0,0
Buddy Basics RWB Sleeveless S,10009123,,,,,,1,0,7.65
Buffalo David Bitton Pants Brown Size 14,10003496,,David Bitton,,,,1,0,0
Bugatti/Reddetailedboots/Size9.5,10003649,,bugatti,,,,1,0,0
BullHead/JeanShorts/Size7,10006917,,Bullhead,,,,1,0,0
Burgundy Cold Shoulder Top / Size M,10005752,,unknown,,,,1,0,0
Burgundy Floral Corduroy LS Buttondown / Size L,10004984,,unknown,,,,1,0,0
Burgundy Velvet Red Collar Dress / Size M,10003945,,,,,,1,0,0
BurntOrangeTop/SizeXL,10006141,,unknown,,,,1,0,0
Buttans tubetop/s,10008376,,buttans,,,,1,0,7.99
Butterfly Dropout Purple Top XL,10008254,,,,,,1,0,3.25
ButterflyNecklace,10006150,,unknown,,,,0,0,0
ButtonSkirt/Blk/Size S,10004422,,Sanctuary,,,,0,0,0
By Together Gray Velvet Tank Lace Trim / Size L,10005117,,By Together,,,,0,0,0
ByTogether/Blk&WhiSkirt/SizeS,10005774,,By Together,,,,0,0,0
ByTogether/PinkWhiTop/SizeL,10009087,,By Together,,,,1,0,8
Byer California Teal Neck Blouse S,10009382,,,,,,1,0,4.35
Byer Red Cold Shoulder Shirt / Size M,10005622,,Byer California,,,,1,0,0
Byron Lars Black Dress Size M,10008617,,,,,,1,0,24.99
C & E NWT Black One Shoulder Top / Size M,10006546,,C & E,,,,1,0,0
C Gray Pattern Knit Top / Size XL,10005562,,C C,,,,1,0,0
C Wonder Blue Dress Size M,10009148,,,,,,1,0,5.75
C by One Silver Blazer M,10008412,,,,,,1,0,9.25
C&B/BrownFloralSkirt/Size12,10004925,,Christopher & Banks,,,,1,0,0
C&C red and white crochet dress/S,10006839,,C&C california,,,,0,0,0
CIO Yellow Purse,10007315,,CIO,,,,0,0,0
CPOProvisions/ Flannel/ Grn&Peach/ Size S,10005146,,CPO Provisions,,,,1,0,0
CR Army Green Zip Up Vest / Size M,10003757,,Cynthia Rowley,,,,1,0,0
CR Black Skirt / Size L,10003759,,Charlotte Russe,,,,1,0,0
CR Sportswear Acrylic Coat L,10008817,,,,,,0,0,0
Cabi,10007875,,,,,,-1,0,0
Cabi Black & Pink LS Top / Size M,10005646,,Cabi,,,,1,0,0
Cabi Black/White Top XS,10008985,,,,,,0,0,0
Cabi Blk Pttrn Skirt/Size L,10004502,,Cabi,,,,1,0,0
Cabi Jean Skirt / Size 4,10005711,,Cabi,,,,0,0,0
Cabi Magenta SL Top / Size S,10006603,,Cabi,,,,1,0,0
Cabi Mint Gray Black Pattern SL Sheer Top / Size M,10005266,,Cabi,,,,1,0,0
Cabi Orange Chiffon SL Top / Size S,10005594,,Cabi,,,,1,0,0
Cabi Red Sleeveless Top XS,10008506,,,,,,1,0,5.3
Cabi Yellow Sheer SL Top / Size XL,10006455,,Cabi,,,,1,0,0
Cabi/GreyMulticolTop/SizeL,10005279,,Cabi,,,,1,0,0
Cabi/WhiteLaceShirt/SizeM,10008565,,Cabi,,,,0,0,0
CabiCoat_Go,10002398,,Cabi,,,,1,0,0
CabiLS Top_Vi,10001173,,Cabi,,,,0,0,0
Cabin Creek Red Zebra Shirt L,10008676,,,,,,1,0,6.5
Cable & G Green Cheetah Print SL / Size S,10004835,,Cable X Gauge,,,,0,0,0
Cable & Gauge Black SL Lace Top / Size XL,10006538,,Cable X Gauge,,,,0,0,0
Cable & Gauge Cardigan Pink Size XL,10003465,,Cable X Gauge,,,,1,0,0
Cable & Gauge Lime Top S,10009035,,,,,,1,0,4.35
Cable & Gauge Velvet Dk Green Top/Size 1X,10004265,,Cable X Gauge,,,,1,0,0
Cable Gauge Tan SL Embroider / Size S,10005018,,Cable X Gauge,,,,0,0,0
Cable Top/ Pink/ Size M,10005058,,unknown,,,,0,0,0
Cable X GaugeSweater_An,10000078,,Cable X Gauge,,,,2,0,0
Cache Gray Pants Tan Stitch / Size 0,10003849,,Cache,,,,0,0,0
CalStyle/GrnTanSkirt/SizeL,10006911,,Cal Style,,,,0,0,0
Caleaas Purple Jacket / Size S,10008045,,Caleaas,,,,0,0,0
Cali 1850 Bluejeans Size 6,10003441,,Cali 1850,,,,0,0,0
Calia Patterned Sweater/ Size M,10003693,,Calia,,,,1,0,0
Calia/PurpleSweater/SizeXS,10006797,,Calia,,,,1,0,0
Calis/GreyLongsleeve/SizeS,10004666,,Calia,,,,1,0,0
Calvin K Beige Dress / Size 4,10004639,,Calvin Klein,,,,1,0,0
Calvin K Black Cardigan Lace Sleeve / Size S,10007363,,Calvin Klein,,,,1,0,0
Calvin K Black Puffer Vest / Size XL,10007685,,Calvin Klein,,,,1,0,0
Calvin K Gray Silk Tank / Size XS,10007868,,Calvin Klein,,,,0,0,0
Calvin Klein Beige Cardigan / Size XL,10003758,,Calvin Klein Jeans,,,,1,0,0
Calvin Klein Beige Dress Size 4,10009004,,,,,,0,0,0
Calvin Klein Black Dress / Size 12,10004623,,Calvin Klein,,,,0,0,0
Calvin Klein Black LS Top Size L,10003371,,Calvin Klein,,,,0,0,0
Calvin Klein Black Mock Sweater S,10009254,,,,,,1,0,7.65
Calvin Klein Black SL Top / Size L,10005658,,Calvin Klein,,,,0,0,0
Calvin Klein Black Studded Belt,10006378,,Calvin Klein,,,,0,0,0
Calvin Klein Blk Sequin Top/Size M,10003686,,Calvin Klein,,,,1,0,0
Calvin Klein Denim Romper 8,10008729,,,,,,0,0,0
Calvin Klein Gold Studded Belt,10006394,,Calvin Klein,,,,0,0,0
Calvin Klein Jumpsuit,10004196,,Calvin Klein,,,,1,0,0
Calvin Klein Light Pink Sweater / Size M,10005970,,Calvin Klein Jeans,,,,1,0,0
Calvin Klein Turquoise Hoodie/Size Xl,10007006,,Calvin Klein,,,,1,0,0
Calvin Klein White Pants / Size M,10006956,,Calvin Klein,,,,1,0,0
Calvin Klein/Light Blue Distressed Hoodie/Size L,10004279,,Calvin Klein,,,,1,0,0
Calvin KleinCalvin Klein Black w Diamonds Pants,10003195,,Calvin Klein,,,,1,0,0
Calvin KleinPants_ca,10000428,,Calvin Klein,,,,1,0,0
Calvin KleinSleeveless Top_Za,10002801,,Calvin Klein,,,,2,0,0
CalvinK/Blk&OrngSweater/SizeL,10003585,,Calvin Klein,,,,1,0,0
CalvinK/PinkJacket/SizeS,10007697,,Calvin Klein Jeans,,,,0,0,0
CalvinK/PinkTop/SizeXL,10006047,,Calvin Klein,,,,0,0,0
CalvinKlein Jean Skirt/Size 6,10003907,,Calvin Klein,,,,0,0,0
CalvinKlein/BlkDress/Size6,10009570,,Calvin Klein,,,,1,0,8
CalvinKlein/BlkTanDress/Size 16,10004298,,Calvin Klein,,,,0,0,0
CalvinKlein/GreyDress/Size22,10009566,,Calvin Klein,,,,1,0,8
CalvinKlein/GreyDress/SizeL,10009542,,Calvin Klein,,,,1,0,8
Calvinklein/BlkJumpsuit/Size2,10009567,,Calvin Klein,,,,1,0,8
Calvinklein/RedDress/Size4,10009575,,Calvin Klein,,,,1,0,8
Camel Silk Cashmere Sweater/Size XS,10004258,,Banana Republic,,,,1,0,0
Camel Slacks/Size 18,10004477,,unknown,,,,1,0,0
Camel Thin Waistbelt,10003711,,unknown,,,,0,0,0
Camelot Camisole White Size L,10003423,,Camelot,,,,0,0,0
Camille Black Longsleeve Red Zipper / Size L,10003987,,Camille,,,,1,0,0
Can't Miss Black Ruffle Tank / Size L,10005530,,can't miss,,,,1,0,0
Candalite Petite Pink Dress/ PM,10005236,,Candalite Petite,,,,1,0,0
Candie's Black Blazer / Size M,10006586,,Candiexs,,,,1,0,0
Candie's Girl Black Skirt XL,10008452,,,,,,1,0,10.95
Candie's Lilac Halter Dress / Size S,10006706,,Candiexs,,,,1,0,0
Candies Pink Jacket Size XL,10008480,,,,,,0,0,0
Canyon River Army Green Overalls / Size M,10006692,,Canyon River Blues,,,,0,0,0
Canyon Road Tan Skirt w Stitch Detail/Size 3X,10004190,,Canyon Road,,,,1,0,0
Cappagallo Pink Butterfly Pants / Size 12,10006510,,Cappagallo,,,,1,0,0
Cara Santana Black Velvet Blazer / Size L,10005548,,Cara Santana X Nine West,,,,0,0,0
Caramela/Blksequintop/SizeS,10005413,,Caramela,,,,0,0,0
Carbon Black Leggings / Size XXL,10005688,,Carbon,,,,1,0,0
Carhart Purp x Yellow Plaid SS / Size XL,10004728,,Carhartt,,,,1,0,0
Carlisle Black Skirt White Details / Size 4,10003978,,Carlisle,,,,1,0,0
Carly Jeans LA Denim Shorts S,10008917,,,,,,1,0,4.5
Carole Little Pink Skirt / Size 4,10005713,,Carole Little,,,,1,0,0
Carolina Belle Montreal Blue Jacket/Size S,10007127,,Carolina Belle,,,,0,0,0
Carolina Belle Sleeveless Top Brown Size S,10003468,,Carolina Belle,,,,1,0,0
Carolina BelleJacket_Ba,10002691,,Carolina Belle,,,,1,0,0
CarolinaB/RedWhiteShorts/Size10,10008322,,Carolina Blues,,,,0,0,0
Caroline Hill Beige Tank w Fringe / Size L,10005653,,Caroline Hill,,,,0,0,0
CarvenSkirt_Ri,10002019,,Carven,,,,1,0,0
Casa Lee Beige Black Skull Vest 1 / Size S,10008021,,Casa Lee,,,,0,0,0
Casa Lee Beige Black Skull Vest 2 / Size S,10008022,,Casa Lee,,,,0,0,0
Caslon Pink Strappy Boots/ Size 9,10007049,,caslon,,,,1,0,0
Castaways Orange Vols T-Shirt Size L,10008806,,,,,,1,0,5.25
Castaways YL Tennessee NC Bball T,10008501,,,,,,1,0,4.99
Caston/Blk&WhSkirt/Size14,10004311,,Caston,,,,1,0,0
Casual Corner Black SL White Lining / Size L,10006536,,Casual Corner,,,,1,0,0
Casual Corner Red Skirt Pattern / Size 12,10004805,,Casual Corner,,,,0,0,0
Catherine's Blue/White Dress 4X,10008732,,,,,,1,0,10.95
Catherine's Sleeveless Top Pink 4X,10008691,,,,,,1,0,6
Cation Black SS Top S,10009181,,,,,,1,0,3
Cato Brown Tinsel Cardigan / Size L,10005009,,Cato,,,,1,0,0
Cato Cream Lace Dress L,10009460,,,,,,1,0,5.45
Cato Orange Knit Cardigan / Size XL,10007680,,Cato,,,,1,0,0
Cato Red Skirt Size S,10008420,,,,,,1,0,9
Cato Sleeveless Beige/Green Top L,10008814,,,,,,1,0,4.75
Cato Sleeveless Top M,10008272,,,,,,1,0,3.75
Cato Yellow Dress Size M,10008655,,,,,,1,0,3
Cato/ Multipattern Top/ Brwn/ Size XL,10005169,,Cato,,,,1,0,0
Cato/JeanDetailSkirt/Size14,10006934,,Cato,,,,1,0,0
Cato/SilverTop/Size18,10005401,,Cato,,,,1,0,0
Cattiva Black Ruffle Off Shoulder Top / Size XL,10006515,,Cattiva New York,,,,1,0,0
CautTTW/WhiFlowerTank/SizeS,10008120,,Caution to the Wind,,,,1,0,0
CeCe Paisley off shoulder top XL,10008487,,,,,,1,0,7.6
CeCe Pink Sheer Top/Size S,10004746,,Cece,,,,1,0,0
Cece Pink Ruffle Blouse / Size XS,10004578,,Cece,,,,0,0,0
Cece Sleeveless Top Size M,10008622,,,,,,1,0,4
CeceSweater_La,10000008,,Cece,,,,1,0,0
Celebrity Pink Black Cardigan/ Size L,10006257,,Celebrity Pink,,,,1,0,0
Ceres Green Ruffle Tie Around SS Blouse / Size M,10005101,,Ceres,,,,0,0,0
Cezanne Silver Clutch,10004514,,,,,,1,0,0
ChadwicksBlazer_J,10002736,,Chadwicks,,,,1,0,0
Chalet Green Coat/Size M,10006266,,Chalet,,,,0,0,0
Chaps Black & White Jacket / Size L,10005626,,chaps,,,,1,0,0
Chaps Bllk&Wht Sweater Vest/Size M,10003839,,chaps,,,,1,0,0
Chaps Polka Dot Black Dress / SIze L,10005515,,chaps,,,,1,0,0
Chaps Sleeveless Vest Black L,10007590,,,,,,0,0,0
Chaps/SheerPurple/Size S,10004415,,chaps,,,,1,0,0
Chaps/WhMulticolButtnDwn/SizeM,10004326,,chaps,,,,1,0,0
Chapter One White Pants / Size 10,10006504,,Chapter One,,,,1,0,0
CharR/MaroonLaceBdySuit/SizeS,10008581,,Charlotte Russe,,,,0,0,0
Charles River Zipper Jacket / Size L,10004079,,Charles River,,,,1,0,0
Charlie Horse Handcrafted Brazilian Boots 8.5,10006617,,,,,,0,0,0
Charlotte Blk Pant/ Size 10,10003570,,Charolette Russe,,,,1,0,0
Charlotte R Floral One Shoulder Dress / Size S,10007860,,Charlotte Russe,,,,0,0,0
Charlotte Russe Black Floral Strapless Dress / Size XL,10005524,,Charlotte Russe,,,,1,0,0
Charlotte Russe Green Faux Satin Jogger/ Size M,10003863,,Charlotte Russe,,,,0,0,0
Charlotte Russe Grey Hoodie M,10007587,,,,,,1,0,0
Charlotte Russe Pink Lace Dress L,10009117,,,,,,1,0,5
Charlotte Russe Pink Sweater / Size XL,10005555,,Charlotte Russe,,,,1,0,0
Charlotte Russe Yellow Dress / Size M,10006484,,Charlotte Russe,,,,1,0,0
CharlotteR Black Skirt/ Size M,10004352,,Charlotte Russe,,,,1,0,0
CharlotteR/BlktoolSkirt/SizeS,10008560,,Charlotte Russe,,,,0,0,0
CharlotteR/GreyBttnDwnShirt/SizeL,10005757,,Charlotte Russe,,,,0,0,0
CharlotteReidBrownPurse,10008957,,Charlotte Reid,,,,1,0,8
CharlotteRusse/ Halter Top/ Prple&Gry/ Size S,10005178,,Charlotte Russe,,,,0,0,0
CharlotteRusse/Blkdress/SizeXS,10009558,,Charlotte Russe,,,,1,0,8
CharmianStmWrkBustier/SizeM,10006789,,Charmian,,,,1,0,0
Charming Charlie Silver Metallic Purse,10003976,,Charming Charlie,,,,0,0,0
Charter Club  Black Ribbed Tank L,10008521,,,,,,1,0,10.95
Chase/CowTshirt/Size2,10005315,,Chase New Design,,,,1,0,0
Chaser/Muave ACDC Pullover/Size L,10004273,,Chaser,,,,1,0,0
Chatoyant Black Strechy Pants / Size 2X,10008000,,chatoyant,,,,1,0,0
Chatoyant Blue Stretch Pants M,10008034,,,,,,1,0,6.25
Chaus NY Floral V-Neck Blouse M,10009311,,,,,,1,0,4.5
Chaus New York Floral Sleeveless XL,10009251,,,,,,1,0,5.45
CheetaScarf,10008318,,unknown,,,,0,0,0
Chelsea & Theodore Sweater Brown Size XS,10003529,,Chelsea X Theodore,,,,1,0,0
Chelsea & Violet Red Shorts M,10008446,,,,,,0,0,0
Chelsea Crew Black Loafers / Size 6,10004184,,Chelsea Crew,,,,1,0,0
Chelsea Red Floral SS Top / Size 1X,10005634,,Chelsea X Theodore,,,,0,0,0
Chelsea Violet Green LS / Size M,10008014,,Chelsea Violet,,,,1,0,6.25
Chelsea&Theo/GreySweater/SizeS,10004369,,Chelsea X Theodore,,,,1,0,0
ChelseaNiles/BlkPinkDress/Size8,10009555,,Chelsea Niles,,,,0,25.99,0
ChelseaV/BluePatternedSkirt/SizeM,10004854,,Chelsea Violet,,,,1,0,0
ChelseaxT/MulticolsheerDress/SizeS,10006100,,Chelsea X Theodore,,,,1,0,0
ChettaB/GreenBttnBeltDress/Size14,10008333,,Chetta B,,,,0,0,0
ChiaraF/BlackChainPurse,10008971,,Chiara Ferretti,,,,1,0,8
Chico's Black Belt,10006381,,Chico's,,,,0,0,0
Chico's Black Satin Sleeveless Top 3,10009188,,,,,,1,0,3.75
Chico's Black Sequin SL Tank / Size 2,10005933,,Chico's,,,,1,0,0
Chico's Black Skirt S,10008722,,,,,,1,0,8.5
Chico's Burgundy LS Top / Size XL,10007793,,Chico's,,,,1,0,0
Chico's Chunky Knit Cardigan S,10009377,,,,,,1,0,5.45
Chico's Dark Blue Top / Size S,10006340,,Chico's,,,,0,0,0
Chico's Pink Tank Top 3,10008516,,,,,,1,0,10.95
Chico's Tan&Gold Blazer / Size 0,10004360,,Chico's,,,,0,0,0
Chico's White Cardigan / Size 3XL,10005269,,Chico's,,,,1,0,0
Chico's White Jeans / Size 6,10007770,,Chico's,,,,1,0,0
Chico's White Silver Knit Sweater / Size 0,10005890,,Chico's,,,,0,0,0
Chico's/AniPrintPant/SizeR,10003588,,Chico's,,,,1,0,0
Chicos Blue Faux Suede Jacket/Size 4X,10004262,,Chicoxs,,,,1,0,0
Chicos Flower Sprakley Bracelet,10007344,,Chicos,,,,0,0,0
Chicos Gold Puffer Vest/Size 2,10007321,,,,,,1,0,0
Chicos Grn Jacket/Size M,10004137,,Chicos,,,,1,0,0
Chicos Jeans / Size 2x,10003795,,So Slimming by Chicos,,,,1,0,0
Chicos Orange Cheetah LS / Size 8,10006312,,Chico's,,,,1,0,0
Chicos So Slimming Pant,10004050,,Chicoxs,,,,1,0,0
Chicos Vintage Necklace,10007339,,Chicos,,,,0,0,0
Chicos White Pants/Size 4P,10009802,,Chico's,,,,1,0,0
Chicos White/Orng Sweater/ Size 0,10006824,,Chicos,,,,1,0,0
Chicos/ Bttn Dwn/ Blue/ Size 2,10005446,,Chicos,,,,1,0,0
Chicos/ Jeweled Shawl/ Nvy&Slvr/ Size S,10005151,,Chicos,,,,1,0,0
Chicos/BlackSheerPatternCardigan/SizeXL,10007388,,Chicos,,,,1,0,0
Chicos/BluePatternCard/Size3,10006010,,Chico's,,,,0,0,0
Chicos/EmbroidPants/Size44,10007691,,Chico's,,,,1,0,0
Chicos/JeanJacket/Size L,10004299,,Chicoxs,,,,0,0,0
Chicos/MulticolFloralSweater/Size0,10006805,,Chicos,,,,1,0,0
Chicos/SilverStringNecklace,10007385,,Chico's,,,,0,0,0
ChicosJacket,10002693,,Chicoxs,,,,1,0,0
ChicoxsCoat,10002146,,Chicoxs,,,,1,0,0
ChicoxsJacket,10002767,,Chicoxs,,,,1,0,0
Chinese Laundry Brown Mules Size 9,10007082,,Chinese Laundry,,,,0,0,0
Chinese Laundry Pink Heels/Size 6.5,10007046,,Chinese Laundry,,,,1,0,0
Chinese Laundry Red Pumps/Size 1/2,10004261,,Chinese Laundry,,,,0,0,0
Chista Beaded Handbag,10003144,,Chista,,,,0,0,0
Chistopher Banks Grey Blazer Size XL,10007257,,,,,,0,0,0
Chloe & Katie Yellow Skirt / Size L,10007207,,Chloe & Katie,,,,0,0,0
Chloe Pants Black Size L,10003542,,Chloe,,,,1,0,45
Chloe Suede Brown Marcie,10003438,,Chloe,,,,1,0,0
ChloePants_St,10000201,,Chloe,,,,2,0,0
ChloePurse_Ch,10003063,,Chloe,,,,0,0,0
Chocolate/BlkPants/SizeS,10004463,,Chocolate USA,,,,1,0,0
ChrisXBanks/BwnBttnDwnVest/SizeL,10006903,,Christopher & Banks,,,,0,0,0
Christian Siriano Floral Black Top/ Real Size S,10005366,,christian siriano,,,,0,0,0
ChristianS/GoldTassleFlats/Size9,10007370,,christian siriano,,,,1,0,0
Christina Black/White Sleeveless L,10008245,,,,,,0,0,0
Christopher & Banks Beige Tank / Size L,10005709,,Christopher & Banks,,,,0,0,0
Christopher & Banks Jacket Blue & White,10003545,,Christopher & Banks,,,,1,0,0
Christopher Banks Green Jacket XL,10008490,,,,,,0,0,0
Christopher Banks Purple Skorts 10,10008205,,,,,,1,0,6
Christopher Blue White Pants / Size 4,10007303,,Christopher Blue,,,,0,0,0
Christopher X BanksCoat_D,10002522,,Christopher X Banks,,,,1,0,0
Christopher&B/RedBttnSwtr/SizeS,10007367,,Christopher & Banks,,,,1,0,0
Chuhuan Brown Ballet Flats/Size 9-9.5,10007081,,Chuhuan,,,,1,0,0
Cider Black LS Tie Front / Size S,10005278,,Cider,,,,0,0,0
Cider Pink Print Crop Top L,10009208,,,,,,1,0,5.25
Cider SS Top Size S,10008481,,,,,,0,0,0
Cinema Etoile Back Sequin Top XXL,10009174,,,,,,1,0,5
Cinema Pink Lace Tulle Lingerie / Size M,10004782,,Cinema Etoile,,,,0,0,0
Circle G Beige Emb Cowgirl Boots / Size 8,10008539,,Circle G,,,,0,0,0
CircleBuckleBrwnBelt,10004410,,unknown,,,,0,0,0
Circuit G Pink Boots,10003205,,Circle G,,,,1,0,0
Cisos Design Brown Sleeveless 8,10007548,,,,,,0,0,0
Citizens of Humanity,10001792,,Citizens of Humanity,,,,1,0,0
Citizens of Humanity Bluejeans / Size 30,10005674,,Citizens of Humanity,,,,0,0,0
City Triangles Blue Dress/Size L,10005233,,City Triangles,,,,0,0,0
CityTriangles/BlkGemDress/Size9,10009547,,City Triangles,,,,1,0,8
CityTriangles/FloralDress/SizeL,10006109,,City Triangles,,,,1,0,0
Claire/BrwnStripeBlouse/Size11,10008558,,Claire,,,,1,0,8
Clara J. Long Sleeve Top Black & Green Size XL,10003457,,Clara J,,,,1,0,0
Clarks Beige Shoes,10003357,,Clarks,,,,1,0,9.99
Clarks Brown Leather Boots Size 9M,10003309,,Clarks,,,,0,0,0
Classic Peach Dress XL,10008654,,,,,,1,0,3.75
Classiques Black Pattern SL Dress / Size 6,10007867,,Classiques,,,,1,0,0
Classiques/Blk&TanCardigan/SizeS,10003639,,Classiques,,,,1,0,0
Claude Brown Brown Capri's Size 8,10007495,,,,,,1,0,0
Claudia Strater Green & Gold Dress / Size XL,10004620,,Claudia Strater,,,,0,0,0
ClaudiePierlot/SpottedBrwnPant/Size36,10004387,,Claudie Pierlot,,,,1,0,0
Clear Studded Bag,10004516,,,,,,0,0,0
Cleobella/BlkSingetop/SizeS,10009510,,Cleobella,,,,1,0,8
Closed Brown Cargo Pants Size S,10007496,,,,,,1,0,0
Cloth X StoneLS Top_On,10000908,,Cloth X Stone,,,,1,0,0
ClothXStone/GrnJumpsuit/SizeXS,10006008,,Cloth X Stone,,,,0,0,0
ClothXStone/WhiteSlvlessBttnDwn/SizeM,10006927,,Cloth X Stone,,,,0,0,0
Club Monaco LS Top Pink XS,10008233,,,,,,1,0,6.5
ClubM/PeachLongsleeve/SizeM,10006026,,Club Monaco,,,,1,0,0
CoPremium/JeanStitchShorts/Size9,10007417,,1 co Premium,,,,0,0,0
Coach Apple Green Suede Hobo Bag,10003436,,Coach,,,,0,0,0
Coach Audrey Tote Seafoam Green,10005052,,Coach,,,,0,0,0
Coach Black Heeled Boots / Size 10,10008992,,Coach,,,,1,0,35
Coach Black Leather Purse,10005607,,Coach,,,,0,0,0
Coach Blk Jackson Heel/Size 9,10004112,,Coach,,,,1,0,0
Coach Dark Brown Purse Tan Strap,10004553,,Coach,,,,0,0,0
Coach Dark Tan Leather Purse Duo Pocket,10004529,,Coach,,,,0,0,0
Coach Erin Leather Shoulder Bag,10003148,,Coach,,,,0,0,0
Coach Flower Shopper Bag,10003433,,Coach,,,,1,0,0
Coach Fringe Brown Purse AS IS,10005738,,Coach,,,,0,0,0
Coach Fuchsia Mauve Purse,10008780,,Coach,,,,1,0,0
Coach Green Purse Leather Handle,10004522,,Coach,,,,0,0,0
Coach Hampton Satchel Barbie Pink,10003429,,Coach,,,,1,0,0
Coach Hamptons Straw Floral Bag,10005580,,Coach,,,,1,0,0
Coach Lavender Turnlock Bag,10008737,,,,,,0,0,0
Coach Leatherware Bag,10004520,,Coach,,,,0,0,0
Coach Legacy Bag Tan,10007095,,Coach,,,,0,0,0
Coach Legacy Tan Leather Hobo Bag,10008738,,,,,,1,0,120
Coach Luna Pink Bag,10006598,,Coach,,,,1,0,0
Coach Madison Bronze Pebbled Satchel Shoulder Bag,10003435,,Coach,,,,1,0,0
Coach Madison Phoebe Gold Studded Bag,10003439,,Coach,,,,0,0,0
Coach Mini Bennett Satchel w Studs,10005903,,Coach,,,,0,0,0
Coach Pink EUC Wallet Clutch,10007597,,,,,,1,0,0
Coach Pink Hampton Leather Bag,10007843,,,,,,0,0,0
Coach Pink Leather Shoulder Purse,10007499,,,,,,0,0,0
Coach Pink Leather Stud Snap Wallet,10009112,,,,,,1,0,110
Coach Pink Madison Hobo,10008270,,,,,,0,0,0
Coach Pink Sequin Bag,10008777,,Coach,,,,1,0,37.5
Coach Purple Leather Soho NS Tote,10008474,,,,,,1,0,90
Coach Small Pink Purse Gold Hardware Zipper,10007672,,Coach,,,,0,0,0
Coach Tan Brown Leather Purse,10008779,,Coach,,,,1,0,0
Coach Vintage Soho Pink Stud Bag,10008534,,,,,,1,0,250
Coach Yellow Tan Handbag,10008778,,Coach,,,,1,0,43.75
Coach Yllw Houndstooth Handbag,10004519,,Coach,,,,0,0,0
Coach/JadeGreyPurse,10007763,,Coach,,,,0,0,0
Coach/PinkFlowerBag,10006436,,Coach,,,,1,0,0
Coach/PinkPurse,10003648,,Coach,,,,0,0,0
Coach/PinkStitchedSoho,10004488,,Coach,,,,0,0,0
Coach/Tan&BlkFlat/Size7,10005407,,Coach,,,,0,0,0
Coach/lightPinkPurse,10008580,,Coach,,,,1,0,3.99
CoachBasketPinkPurse,10008962,,Coach,,,,1,0,8
CoachBluePurse,10008963,,Coach,,,,0,0,0
CoachGoldWallet/Wristlet,10008959,,Coach,,,,0,0,0
CoachMiniEdiewStudsBlack,10003650,,Coach,,,,1,0,0
CoachPinkCamoPurse,10008969,,Coach,,,,0,0,0
CoachPurse_Cx,10003129,,Coach,,,,0,0,0
CoachPurse_Cy,10003131,,Coach,,,,0,0,0
CoachWhiCrmPurse,10008956,,Coach,,,,1,0,8
CoachWhiteStudBag,10008961,,Coach,,,,0,0,0
CoachYellowFlowerPurse,10008955,,Coach,,,,0,0,0
Coast Rainbow Tank / Size 10,10005612,,Coast,,,,0,0,0
Coast Strapless White Gold Satin Dress / Size 12,10005544,,Coast,,,,1,0,0
Coca Cola Red Tee,10001105,,Coca Cola,,,,1,0,0
Coca Cola White Tee/Size M,10003689,,Coca Cola,,,,0,0,0
Coca ColaTee Shirt_Le,10001107,,Coca Cola,,,,0,0,0
Coca ColaTee Shirt_Pr,10002327,,Coca Cola,,,,0,0,0
Coco + Jamieson Sequin Skirt S,10009240,,,,,,1,0,5.45
Coco Bianco Top,10003182,,Coco Bianco,,,,1,0,0
Cocomo Orange Pink SL Top / Size 1X,10008199,,Cocomo,,,,1,0,6
Cocomo Teal Brown SL Shirt / Size M,10004812,,Cocomo,,,,0,0,0
CodexMode Paisley Dress M,10008472,,,,,,1,0,8
Coin 1804 Brown Sleeveless Coverall,10008280,,,,,,1,0,5.5
Coin Brown Patchwork Shiny SL Top / Size L,10004954,,Coin,,,,0,0,0
Coincidence & C Black Sweater Pink Flw / Size S,10005931,,Coincidence & Change,,,,0,0,0
Coke T-shirt,10008952,,,,,,-1,0,0
ColdShoulder/Blk/Size L,10004416,,Banana Republic,,,,1,0,0
ColdWCr/BrwnPant/Size18,10003635,,Coldwater Creek,,,,1,0,0
ColdWCreek/MulticolCardigan/SizeL,10004937,,Coldwater Creek,,,,1,0,0
ColdwCreek/PurpLaceTank/SizeXL,10007699,,Coldwater Creek,,,,1,0,0
Coldwater C Beige Tank / Size L,10007684,,Coldwater Creek,,,,1,0,0
Coldwater C Black Tank w Lace Trim / Size L,10007683,,Coldwater Creek,,,,1,0,0
Coldwater Creek Black Floral Velvet Skirt / Size XL,10004776,,Coldwater Creek,,,,0,0,0
Coldwater Creek Coral Blazer / Size L,10006483,,Coldwater Creek,,,,1,0,0
Coldwater Creek Jacket Copper Size 6,10003412,,Coldwater Creek,,,,1,0,0
Coldwater Creek Orange & White Blouse / Size XL,10006466,,Coldwater Creek,,,,1,0,0
Coldwater Creek Pants Orange Size 6,10003513,,Coldwater Creek,,,,0,0,0
Coldwater Creek Purple Cardigan 10,10007677,,,,,,0,0,0
ColdwaterC/BlkPant/SizeXL,10005758,,Coldwater Creek,,,,1,0,0
ColdwaterC/PinkTankTop/SizeXL,10006142,,Coldwater Creek,,,,1,0,0
Cole&Han Taupe Loafer/Size 8.5,10004105,,Cole Haan,,,,0,0,0
ColeHaan Tan AnkleBoot/Size 8,10004110,,Cole Haan,,,,1,0,0
ColeHaan/BlackFlat/Size7.5,10004912,,Cole Haan,,,,1,0,0
Colebrook Blk Leather Coat/Size S,10007122,,Colebrook,,,,0,0,0
ColesceC/Blk&Wh/SizeS,10004474,,Colesce Couture,,,,0,0,0
Collection Royale Boho Shoulder Bag,10008219,,,,,,1,0,8.99
Collective Concepts Sheer LS White Flw / Size S,10005132,,Collective Concepts,,,,1,0,0
Colleen L Brown Long Pleather Coat / Size XXXL,10004808,,Colleen Lopez,,,,0,0,0
Colleen L Burgundy Fuzzy Tank / Size S,10005598,,Colleen Lopez,,,,1,0,0
Colleen Lopez Black Knit Poncho / Size XS,10007644,,Colleen Lopez,,,,1,0,0
Collegiate Coll Vols Blazer L,10009385,,,,,,1,0,8.75
Colour Works Bronze LS Blouse XL,10008281,,,,,,1,0,6.25
Colsie White Cherry Tank / Size XL,10006716,,Colsie,,,,1,0,0
Columbia Beige SL Collared / Size L,10006550,,Columbia,,,,1,0,0
Columbia Black Jacket/Size L,10004266,,Columbia,,,,1,0,0
Columbia Grn&Bwn Fleece/Size S,10004138,,Columbia,,,,1,0,0
Columbia Pale Pink Hoodie / Size L,10003852,,Columbia,,,,1,0,0
Columbia Pink Jacket/Size M,10004171,,Columbia,,,,1,0,0
Columbia Pnk&Prp Fleece/Size L,10004143,,Columbia,,,,1,0,0
Columbia Red Pattern Dress / Size L,10004599,,Columbia,,,,1,0,0
Columbia/GrnCapri/SIze14,10007401,,Columbia,,,,1,0,0
ColumbiaVest,10002201,,Columbia,,,,1,0,0
Comfort Blue Acid Wash Tee/Size M,10004115,,Comfort Colors,,,,0,0,0
Comfort Orange Heels Size 8,10007545,,,,,,0,0,0
Comfortiva Pink Sandals/Size 7,10007042,,Comfortiva,,,,0,0,0
Commando Black Faux Leather Leggings / Size M,10003751,,Commando,,,,1,0,0
CommenceSweater_BK,10000076,,Commence,,,,1,0,0
Commense/GreenWrapTop/SizeS,10005320,,Commense NWT,,,,0,0,0
Common Thread Burgundy Silk Top S,10009387,,,,,,1,0,31.89
Comsic Aura Black Lace Kimono/Size M/L,10007135,,Cosmic Aura,,,,0,0,0
Connected Apparel Purple Dress / Size 10,10006298,,Connected Apparel,,,,1,0,0
Connected ApparelDress_Ry,10002934,,Connected Apparel,,,,1,0,0
Context Pink SS Top 12,10008901,,,,,,1,0,4.25
Converse AS Black Zip-Up Jacket,10008669,,,,,,1,0,5.25
Converse Pink Chuck Taylor/Size 7,10007054,,Converse,,,,1,0,0
Cool It Cowboy Hat,10007317,,unknown,,,,1,0,0
Copper Multi-Layer Necklace,10004217,,unknown,,,,1,0,0
CopperLey/WhiteDress/SizeS,10008344,,Copper Key,,,,0,0,0
Corduroy Red & Beige Skirt / Size 10,10006513,,unknown,,,,0,0,0
Corey Lynn Calter Teal Cami S,10008867,,,,,,1,0,8.5
CorralBoots/MarronStudBoots/Size8,10008297,,Corral Boots,,,,0,0,0
CorsetDress/Blk/Size S,10004421,,Urban Outfitters,,,,0,0,0
CortefielLS Top_Ma,10000617,,Cortefiel,,,,1,0,0
Cos Offwhite Sheer Dress / Size M,10007873,,COS,,,,1,0,0
CosaBella Peach Chemise M,10008821,,,,,,0,31.61484,0
Cosmo/PinkMeshTop/SizeM,10005326,,cosmo,,,,0,0,0
Cosmopolitan Jeans Studded Size 16,10009119,,,,,,1,0,5
CoteFemme/Grey&PinkDress/Size10,10004605,,Cote Femme,,,,1,0,0
Cotton Candy Black Faux Fur Coat / Size S,10004206,,Cotton Candy LA,,,,1,0,0
Cotton Candy LA Black Dress / Size S,10007173,,Cotton Candy LA,,,,1,0,0
Cotton EmporiumCardigan_Lu,10003013,,Cotton Emporium,,,,0,0,0
CottonEmp/PinkCardigan/SizeS,10006787,,Cotton Emporium,,,,1,0,0
Country Gentleman brown wool felt hat,10009064,,country gentleman,,,,1,0,10.99
Courtenay VintageJacket,10002885,,Courtenay Vintage,,,,0,0,0
Courtenay Yellow Floral Pants 12,10008926,,,,,,1,0,4.95
CourtenayS/GrnBttnDwnVest/SizeL,10006124,,Courtenay Stretch,,,,1,0,0
Couture Blue Lace Top S,10008863,,,,,,1,0,8.85
Coverall Black/Grey OSFM,10008279,,,,,,1,0,5
Covington/TanfloralBlazer/Size22,10004462,,Covington,,,,0,0,0
Crave Fame Floral Ruched Crop Top M,10008915,,,,,,1,0,4.5
Cream Bubble Dress/Size S,10003702,,Cooper X Eila,,,,1,0,0
Cream Camo Pant/Size 16,10004440,,Democracy,,,,1,0,0
Cream Lace Scarf OS,10004055,,unknown,,,,0,0,0
Cream Lace Top/Size L,10003917,,unknown,,,,1,0,0
CreamBondedLeatherBelt/SizeXL,10004409,,unknown,,,,0,0,0
CreamCircleHatSet,10008314,,unknown,,,,0,0,0
CreamRuffleHalterTop/SizeXS/S,10007397,,unknown,,,,0,0,0
Creative Apparel UT Tie-Dyed T L,10008403,,,,,,1,0,5
Crisis Floral Button Down/Size S,10005230,,crisis,,,,0,0,0
Cristina Love Multicolor Dress L,10009022,,,,,,0,0,0
CristinaJacket_J,10002639,,Cristina,,,,0,0,0
Crm & Bronze Belt/Size S,10003705,,unknown,,,,0,0,0
Crm&Gld Hard Knit Dress/Size L,10003967,,Joeoy,,,,1,0,0
Croft & Barrow Pink Plaid LS / Size XL,10004722,,Croft X Barrow,,,,1,0,0
Croft & Barrow Pink SS Top M,10008512,,,,,,1,0,12.2
CroftxBarrow/Blk&RedSkirt/Size6,10006419,,Croft X Barrow,,,,1,0,0
Cross Necklace,10004220,,,,,,0,0,0
Crown & Ivy Pink SS Top M,10007966,,,,,,1,0,4.25
Crown & Ivy Red Plaid LS Top / Size L,10006521,,Crown X Ivy,,,,1,0,0
Crown&Ivy/OrangePuffVest/SizeXS,10004489,,Crown X Ivy,,,,1,0,0
CrystalSky/BlkJumpSuit/SizeS,10005761,,Crystal Sky,,,,1,0,0
CttnCandyLA/AniPrintTop/SizeS,10005319,,Cotton Candy LA,,,,0,0,0
Cuddl Duds White Cami XL,10009030,,,,,,1,0,4.35
Culture Vintage NWTSkirt_Ma,10000379,,Culture Vintage NWT,,,,1,0,0
CultureVint/WhiZipSkirt/Size2,10006140,,Culture Vintage NWT,,,,1,0,0
CupcakeSweater_W5,10000061,,Cupcake,,,,1,0,0
Cupcakes and CashmereJacket_GA,10002702,,Cupcakes and Cashmere,,,,0,0,0
Cupio/ Texture Tunic/ Pink/ Size M,10005065,,Cupio,,,,1,0,0
Cupshe Orange Skirt / Size XL,10007206,,Cupshe,,,,1,0,0
Cupshe/PinkSKirt/SizeS,10006159,,Cupshe,,,,1,0,0
Current Air Cord Jacket Blue/Size L,10004263,,Current Air,,,,1,0,0
CurrentAir/BlueRuffleDress/SizeM,10009329,,Current Air,,,,1,0,8
Cuts Peach T-Shirt Size L,10008840,,,,,,1,0,6
Cutter & Buck Beige Shorts 6,10008941,,,,,,1,0,6.65
Cutter&Buck Crl Collar Tank/Size S,10004346,,Cutter X Buck,,,,1,0,0
CutterXBuck/Grn Jacket/Size XS,10003901,,Cutter X Buck,,,,1,0,0
Cynthia R SL Peach Dress / Size S,10007362,,Cynthia Rowley,,,,0,0,0
Cynthia Rowley Floral Camisole XL,10009042,,,,,,1,0,4.35
Cynthia Steffe Skirt Red Size 2,10007163,,,,,,0,0,0
CynthiaR/BluePatternPant/Size8,10003638,,Cynthia Rowley,,,,1,0,0
Cyrus Beige Cardigan / Size M,10004750,,Cyrus,,,,1,0,0
Cyrus Dark Blue Knit Sweater / Size XL,10003763,,Cyrus,,,,1,0,0
Cyrus/BrntOraneCover/SizeM,10006154,,Cyrus,,,,1,0,0
D & Y Multicolor Hat,10004786,,D & Y,,,,0,0,0
D Couture Blue Sheer Puff Sleeve / Size M,10005121,,D Couture,,,,1,0,0
D Jeans Brown Pants / Size 8,10003786,,D Jeans,,,,1,0,0
D X Co/ cami/animal prnt/s,10004676,,D X Co,,,,1,0,0
D&G/ Floral Jacket/ Size 2,10005165,,Dolce X Gabbana,,,,0,0,0
D&Y Black Corduroy Hat,10007606,,,,,,0,0,0
D&Y/hat/plad,10005861,,D&Y,,,,0,0,0
D.Jeans Bl&Wht Printed Pant/Size 22,10004047,,D.Jeans,,,,1,0,0
DB Jacket Black Size S,10003488,,DB,,,,1,0,0
DCCJunior/WhimulticolBttnDwn/SizeL,10006012,,DCC Junior,,,,1,0,0
DFA NY Orange Dress XL,10009625,,,,,,1,0,5
DFA NYC White/Purp Skorts 8,10008734,,,,,,1,0,6.5
DG2 Diane Gilman Grey Pants Size 6,10007244,,,,,,1,0,0
DG2/GreenGemPant/Size16,10007693,,DG2,,,,1,0,0
DJ Jaz Black Dress/ Size 8,10005240,,DJ Jaz,,,,1,0,0
DKNY jacket,10007516,,,,,,0,0,0
DKNY/ Embellished Floral Top/ Blk/ Size XL,10005162,,DKNY,,,,0,0,0
DKNY/PinkTankTop/SizeL,10005790,,DKNY,,,,1,0,0
DPC Army Green Hat with Flower,10006742,,Doreman Pacific Co.,,,,0,0,0
DR 2 Pink Patterned SS Top / Size S,10007929,,Dr 2,,,,0,0,0
Daisy Fuentes Brown Buckle Capri / Size 8,10005103,,Daisy Fuentes,,,,0,0,0
DakotaDan/PinkCamoHat,10006912,,Dakota Dan,,,,1,0,0
Dalia Collection Plum Coat/Size 8,10004201,,Dalia,,,,1,0,0
DaliaPants_Gr,10001777,,Dalia,,,,1,0,0
Dana B Black Silk Skirt / Size M,10008001,,Dana Buchman,,,,0,0,0
Dana B Black Sleeveless / Size M,10003775,,Dana Buchman,,,,1,0,0
Dana Buchman Blk TrnchCoat/Size S,10004063,,Dana Buchman,,,,1,0,0
Dana Buchman Red and Black Sleeveless / Size S,10003765,,Dana Buchman,,,,1,0,0
DanaB/BlkLeafsheertop/SizeM,10006023,,Dana Buchman,,,,1,0,0
DanaB/Grn&BlkBlouse/SizeS,10004363,,Dana Buchman,,,,1,0,0
DanaBuchman/MulticolTop/SizeL,10006938,,Dana Buchman,,,,1,0,0
DanaBuchman/Pink Shawl/Size M,10004286,,Dana Buckman,,,,0,0,0
Daniel Rainn Blue SS Top M,10009017,,,,,,1,0,6.55
Daniel Rainn Blush Pink Top / Size L,10005659,,Danielrainn,,,,1,0,0
DanielRainn Orange SL White FL / Size S,10005006,,Danielrainn,,,,1,0,0
DanielRainn/MulticolTop/SizeM,10009104,,Danielle Rainn,,,,1,0,8
Danskin Prp Athleisure/Size L,10004347,,Danskin,,,,1,0,0
Danskin/Pinkzipup/SizeL,10004669,,Danskin,,,,1,0,0
Dansko/BlackClog/Size41,10004398,,Dansko,,,,1,0,0
Dark Blue Buttondown Seethrough / Size XS,10006589,,unknown,,,,0,0,0
Dark Blue Suede Slip In Boots / Size 7,10007931,,unknown,,,,1,0,0
Dark Brown Waist Belt Silver Circle Lock,10004564,,,,,,0,0,0
Dark Gray TN Vols Tshirt / Size L,10006467,,unknown,,,,1,0,0
Darling London Blue Jacket M,10008904,,,,,,1,0,25
Darling floral jean jacket/M,10008372,,darling,,,,1,0,10.99
Das Beste Pink Sweater / Size M,10005878,,Das Beste aus Wolle,,,,0,0,0
Dash Blk Jeggings/Size M,10003696,,Dash,,,,1,0,0
Dave & JohnnyDress_Dy,10003041,,Dave & Johnny,,,,1,0,0
David Bowie Black T-Shirt Size XL,10007523,,,,,,1,0,0
David BowieTee Shirt_To,10000881,,David Bowie,,,,1,0,0
David Meister Red Dress Size 2,10009537,,David Meister,,,,1,0,8
David N Striped Capri Size 10,10008884,,,,,,1,0,6.5
David&Young/BeadedBeachHat,10007414,,David & Young,,,,0,0,0
DavidLove Green Lace Coverall,10008664,,,,,,0,0,0
DavidsBridal/GenStrapDress/Size8,10009552,,Davids Bridal,,,,1,0,8
Dawn of the Dead T-Shirt S,10009435,,,,,,1,0,8.75
Day & Moon Halter Top Size M,10009029,,,,,,1,0,3.75
Daytrip Red Lace Tshirt / Size S,10005748,,Daytrip,,,,0,0,0
Dazy Blue Sheer LS / Size L,10004999,,Dazy,,,,1,0,0
Dazy Blue Sheer LS W Tie Front / Size L,10005188,,Dazy,,,,0,0,0
Dazy/CrmCroppedPolo/SizeL,10006402,,Dazy,,,,1,0,0
De Mi Loov Cherry Tank / Size M,10004839,,De Mi Loov,,,,0,0,0
Decorative Necklace,10007837,,,,,,0,0,0
Deep Red Fuzzy Hat,10006746,,unknown,,,,1,0,0
Deep Self NWT Green Dress / Size XL,10005513,,Deep Self,,,,0,0,0
Def Leopard Tiger One Shoulder Crop Top / Size S,10004829,,Def Leopard,,,,0,0,0
Deletta Green Ruffle Top / Size S,10005099,,Deletta,,,,0,0,0
Deletta Lace Green Top,10004333,,Deletta,,,,1,0,0
Delia's Red Floral Strapless Romper / Size M,10007010,,Deliaxs,,,,1,0,0
Delias Blue and Floral Dress/Size M,10005832,,Delias,,,,0,0,0
Delicates Bl Lace Slip/Size S,10003930,,,,,,0,0,0
Delicates Camisole Green Size S,10003443,,Delicates,,,,0,0,0
DeltaPW/Underdog/SizeM,10007396,,Delta Pro Weight,,,,0,0,0
Democracy,10001758,,Democracy,,,,1,0,0
Democracy Ab Tech Pink Pants 16,10008268,,,,,,1,0,10
Democracy Blue Squared LS Top / Size M,10005536,,Democracy,,,,1,0,0
Democracy Camo Jeans,10000874,,Democracy,,,,1,0,0
Democracy Denim Blue Jeans/Size 20W,10009799,,Democracy,,,,1,0,0
Democracy Faded Purple Jeans / Size 8,10003754,,Democracy,,,,0,0,0
Democracy Grayish Zipper Pants / Size 2,10003777,,Democracy,,,,1,0,0
Democracy Jeans,10003072,,unknown,,,,1,0,0
Democracy Pants Black Size 12,10005683,,,,,,1,0,0
Democracy Pants Pink Size 8,10003509,,Democracy,,,,0,0,0
Democracy/GreenPant/Size8,10004947,,Democracy,,,,1,0,0
Democracy/TanCardigan/SizeS,10004455,,Democracy,,,,1,0,0
DemocracyPants,10000175,,Democracy,,,,0,0,0
Denim & C Black Button Down Vest SL / Size XXL,10004841,,Denim & Co,,,,1,0,0
DenimFlower/BlkDotShirt/Size9/10,10009095,,Denim & Flower,,,,1,0,8
Dennis Basso Black Trenchcoat / Size L,10004077,,Dennis Basso,,,,1,0,0
Dennis Goldsmith Black Dress 6,10009466,,,,,,1,0,10
Dennis Wht Fur Vest/Size XL,10003848,,Dennis Basso,,,,1,0,0
Dentelle White Slip/Size M,10003925,,Dentelle,,,,1,0,0
Derek Heart Brown Light Sweater / Size M,10005895,,Derek Heart,,,,1,0,0
Derek Heart Green Sheer Top L,10009462,,,,,,1,0,5.5
Derek HeartSweater_Za,10000063,,Derek Heart,,,,1,0,0
DerekHeart/GreenKnitTank/Size S,10004295,,Derek Heart,,,,0,0,0
DerekHeart/MulticolTieCropTop/SizeS,10006888,,Derek Heart,,,,0,0,0
Design HIstory Cashmere Sweater,10004002,,Design History,,,,1,0,0
Design Hist Black Beaded Top L,10009200,,,,,,1,0,5
Designal/MulticolCrossDress/Size42,10006406,,Designal,,,,0,0,0
Designers  Original Sleeveless Top Black Size L,10003382,,Designers Original,,,,0,0,0
Desigual Army Green Jacket w Beading / Size 44,10006580,,Desigual,,,,0,0,0
Desigual Black Beaded Dress / Size 46,10006326,,Desigual,,,,1,0,0
Desigual Black Embroidered Skirt / Size 46,10005944,,Desigual,,,,1,0,0
Desigual Black Long Beaded Dress / Size 42,10005911,,Desigual,,,,1,0,0
Desigual Black Sheer Colorful Skirt / Size L,10005916,,Desigual,,,,0,0,0
Desigual Blue Black Red Long Coat / Size 40,10006331,,Desigual,,,,0,0,0
Desigual Blue Multicolor Coat / Size 40,10005740,,Desigual,,,,0,0,0
Desigual Blue Skirt / Size XXL,10005915,,Desigual,,,,0,0,0
Desigual Blue White Longcoat / Size 36,10005741,,Desigual,,,,0,0,0
Desigual Blue/Black Coat/ Size S,10006769,,Desigual,,,,1,0,0
Desigual Brown Pattern Dress / Size XXL,10006297,,Desigual,,,,1,0,0
Desigual Burgundy & Beige Coat / Size 36,10006551,,Desigual,,,,1,0,0
Desigual Colorful Green Coat 40,10009440,,,,,,0,0,0
Desigual Colorful Green Coat 46,10009441,,,,,,0,0,0
Desigual Colorful Patchwork Black Jacket,10007943,,Desigual NWT,,,,1,0,0
Desigual Colorful SL Dress / Size 36,10005912,,Desigual,,,,1,0,0
Desigual Colorful Skirt Size S,10007903,,,,,,1,0,0
Desigual Gray Floral Dress/ Size 8,10006281,,Desigual,,,,1,0,0
Desigual Green Colorful Dress / Size 38,10005913,,Desigual,,,,0,0,0
Desigual Green Denim Sequin Jacket / Size 46,10006553,,Desigual,,,,0,0,0
Desigual Green Skirt w Buckle / Size 38,10005910,,Desigual,,,,0,0,0
Desigual Jean Jacket Knit Sleeves / Size 38,10006594,,Desigual,,,,1,0,0
Desigual Jean Skirt / Size 38,10006502,,Desigual,,,,0,0,0
Desigual Multi-Color Dress M,10007901,,,,,,1,0,0
Desigual Multi-Color Dress Size M,10007947,,,,,,1,0,0
Desigual Multicolor Coat / Size 40,10005733,,Desigual,,,,0,0,0
Desigual Pink Embroidered Dress / Size 36,10006301,,Desigual,,,,0,0,0
Desigual Pink Sweater NWT / Size L,10005948,,Desigual,,,,1,0,0
Desigual Purple Orange Boots / Size 9.5,10005957,,Desigual,,,,0,0,0
Desigual Purple Strapless Top / Size XXS,10005917,,Desigual,,,,0,0,0
Desigual Red Black Skirt / Size XL,10007904,,Desigual,,,,1,0,0
Desigual Red Dress / Size L,10004593,,Desigual,,,,1,0,0
Desigual Red Dress Size S/M,10007939,,,,,,1,0,0
Desigual Skirt Size M/L,10007902,,,,,,1,0,0
Desigual White Pink Blue Dress / Size 40,10006300,,Desigual,,,,1,0,0
Desigual Yellow Leather Jacket / Size M,10006609,,Desigual,,,,0,0,0
Desigual/BlueFloralDress/SizeL,10006413,,Desigual,,,,1,0,0
Desigual/CateyeCoat/Size44,10009541,,Desigual,,,,1,0,8
Desigual/GrnPatternJacket/Size38,10006403,,Desigual,,,,0,0,0
Desigual/RedPatternJacket/Size40/US6,10007595,,Desigual,,,,0,0,0
Desigual/ombrePnkDress/Size40,10006052,,Desigual,,,,1,0,0
DesigualNWT/MulticolJacket/Size38/US4,10007596,,Desigual NWT,,,,1,0,0
DialogueCoat_Ar,10002529,,Dialogue,,,,0,0,0
Diane Vonfurstenberg Lace Skirt/Black/Size 4,10004172,,Diane Vonfurstenberg,,,,1,0,0
Dickies Pink Yellow Plaid SS Buttondown / Size L,10005616,,Dickies,,,,1,0,0
DieselJeans_Al,10000949,,Diesel,,,,0,0,0
DieselSkirt_un,10000333,,Diesel,,,,0,0,0
Dina Ariel Metallic Swirl Top S,10009044,,,,,,1,0,0
Dirty Laundry Y2K Pink Clogs 7.5,10008527,,,,,,0,0,0
Disney Gray Minnie Mouse Tshirt / Size S,10005543,,Disney,,,,1,0,0
Disney Minnie Mouse Tank Top Black Size S,10003409,,Disney,,,,1,0,0
Disney Princess Black Tshirt / Size S,10005509,,Disney,,,,1,0,0
Dissh/BlackDress/Size6,10005461,,Dissh,,,,0,0,0
Distressed Hat_Un,10003300,,DKNY,,,,0,0,0
DivaAppared/BlackLaceTankTop/SizeL,10009108,,Diva Appared,,,,1,0,8
Divided Beige Strechy Shorts / Size S,10006978,,Divided,,,,1,0,0
Divided Black Tank Top XS,10009443,,,,,,1,0,3.25
Divided Black Top Size 4,10008389,,,,,,0,0,0
Divided Blue/White Tank Top XS,10008839,,,,,,0,0,0
Divided Bodysuit,10002337,,H X M,,,,1,0,0
Divided Red Gray LS / Size 8,10005708,,Divided,,,,0,0,0
Divided White Blouse / Size 8,10006959,,Divided,,,,0,0,0
Divided/RedPolkaDotDress/Size2,10007738,,Divided,,,,0,0,0
Dizzy Black Puffer Vest / Size M,10004083,,Dizzy Lizzie,,,,1,0,0
Djer Kiss Kissing Fairies Compact 1920s,10006252,,Djer Kiss,,,,0,0,0
Do & Be Brown & Green Tank / Size M,10007210,,,,,,0,0,0
Do + Be Green/Gold Skirt Size S,10008861,,,,,,1,0,6.75
DoXBe/WhiteTieSkirt/SizeM,10006920,,DO X BE,,,,1,0,0
Doe X RaeDress_Dx,10003035,,Doe X Rae,,,,1,0,0
Doe&Rae Wht&Blk Blouse/Size S,10004748,,Doe X Rae,,,,0,0,0
DogScarf,10008348,,unknown,,,,0,0,0
Dokotoo/BlkWhiStripedetailShirt/SizeL,10007389,,Dokotoo,,,,1,0,0
Dolan LS Green Top/ Size XS,10005223,,Dolan,,,,1,0,0
Dolce & Gabbana Black/Red Dress,10008944,,,,,,1,0,0
Dolce C Black Faux Leather Shorts / Size XL,10008774,,Dolce Cabo,,,,1,0,6.25
Dolce Vita Brown Fringe Peep Toe Boots/ SIZE 8,10007040,,Dolce Vita,,,,1,0,0
DolceCabo Brown Pants M,10008039,,,,,,1,0,6.5
DolceVita/CreamHeelBoot/Size7.5,10005450,,Dolce Vita,,,,0,0,0
Dollywood Tee,10003146,,Dooney & Burke,,,,1,0,0
Dollywood Tshirt / Size L,10004588,,Anvil by Gildan,,,,1,0,0
Domain Blue Jeans / Size 5,10003806,,Domaine,,,,0,0,0
Donald J Pilner Cork Wedge Shoes 11,10007899,,,,,,1,0,0
Donald Pilner Woven Raffia Sandals 8.5,10009415,,,,,,1,0,8.75
Doncaster/BrwnBeadedJacket/Size6,10009509,,Doncaster Collection,,,,0,0,0
DoncasterC/WhiCardigan/SizeXS,10006860,,Doncaster Collection,,,,1,0,0
Donna KaranBodysuit,10003046,,Donna Karan,,,,1,0,0
Donna S Black Faux Fur Leather Fringe  / Size XS,10004428,,Donna Salyers,,,,2,0,0
Dooney & B Small Navy Blue Wristlet Tan Strap,10004554,,Dooney & Burke,,,,0,0,0
Dooney & Bourke Pebble Grain Top Zip Satchel,10005581,,Dooney & Burke,,,,1,0,0
Dooney Burke Samba Brwn,10003221,,Dr Martens,,,,1,0,0
DooneyXB/PinkWhiPurse,10008556,,Dooney & Burke,,,,1,0,0
Dorothy Perkins Gold Shiny LS Top/Size 14,10005245,,Dorothy Perkins,,,,1,0,0
Dorothy Perkins Purple Tank Top/Size 4,10005368,,Dorothy Perkins,,,,1,0,0
DorsetRex5ThAveBag,10008541,,Dorset,,,,1,0,0
Downey purse,10005797,,,,,,-1,0,0
Drake's LS Blouse Blue Size 8,10007519,,,,,,1,0,0
Draper J NWT Orange Blouse / Size XS,10006540,,Draper James NWT,,,,0,0,0
DraperJNWT/DarkPurpSkirt/SizeL,10004866,,Draper James NWT,,,,0,0,0
DraperJames/LightPinkDress/SizeXS,10004327,,Draper James,,,,0,0,0
DraperJames/PinkSkirt/SizeXL,10007745,,Draper James NWT,,,,1,0,0
Dream Out Loud Blue Sheer Floral LS / Size M,10005507,,Dream Out Loud,,,,1,0,0
Dreamers by DebutSweater_Wh,10000073,,Dreamers by Debut,,,,1,0,0
Dress Forum Lemon Wrap Dress / Size M,10006608,,Dress Forum,,,,0,0,0
DressBarn/BrwnFlowyBlouse/SizeL,10004450,,Dressbarn,,,,1,0,0
Dressbarn Black Sheer Longsleeve / Size 18,10003861,,Dressbarn,,,,1,0,0
Dressbarn Black Sleeveless Top S,10007668,,,,,,0,0,0
Dressbarn Burgundy Sleeveless L,10008905,,,,,,1,0,5.5
Dressbarn Gray Swirl Design Top / Size L,10006478,,Dressbarn,,,,1,0,0
Dressbarn NWT Pink Black Sparkle Top / Size XL,10006567,,Dressbarn NWT,,,,1,0,0
Dressy Chosen Vintage LS Blouse,10007541,,,,,,0,0,0
Dromedaris/BrwnCutoutShoes/Size10,10004321,,Dromedaris,,,,0,36.99,0
Ducati Monster Catz Yellow T Shirt,10007524,,,,,,1,0,0
Dusty Pink Intimate Slip / Size M,10003936,,,,,,0,0,0
Dusty Pink Scarf,10003982,,,,,,1,0,0
Dylan/WhiRuffleBttnDwn/SizeM,10006861,,Dylan,,,,1,0,0
E39 by Erve White Denim Vest M,10009370,,,,,,1,0,5.45
ECHO Red Satin Corset Top S,10009504,,,,,,0,0,0
EM Mustard Yellow Top/Size S,10005828,,EM,,,,0,0,0
ETC Blue Orange Wool Skirt / Size 2,10008184,,Etcetera,,,,1,0,6
ETWO/MulticolBlouse/SizeS,10004380,,ETWO,,,,0,0,0
Eagel/Pink/PrplSweater/Size1X,10003586,,Eagel LA,,,,1,0,0
Eagle's Eye Black Cardigan w Flw / Size S,10005885,,Eagle's Eye,,,,0,0,0
Earl Jean Jean Jacket / Size S,10005506,,Earl Jean,,,,0,0,0
EarlJean/JeanSkirt/SizeM,10006935,,Earl Jean,,,,1,0,0
EartchBound bandana design tanktop/L,10006657,,EarthBound,,,,0,0,0
Earth Blue Slide Ons Heels/Size  6.5,10007062,,Earth,,,,1,0,0
Easel Beige Floral Kimono Top / Size L,10006612,,Easel,,,,0,0,0
Easel Gray Buttondown Cardigan / Size L,10005024,,Easel,,,,1,0,0
Easel Green Flare Pants / Size S,10007999,,Easel,,,,1,0,0
Easel Grey LS Top Size L,10007492,,,,,,0,0,0
Easel Pink Floral Dress S,10007858,,,,,,1,0,0
East 5th Pink Top Size XL,10008671,,,,,,1,0,4.5
Ecko UnitedTank Top_Za,10002218,,Ecko United,,,,1,0,0
Eclipse Black Leather Skirt S/M,10008213,,,,,,1,0,8
Eclipse Pink Black White Striped Romper / Size M,10005558,,Eclipse,,,,0,0,0
Ecote Black Tube Top S,10009161,,,,,,1,0,6
EdHardy/PinkDetailShoe/Size10,10005336,,Ed Hardy,,,,0,0,0
Eddie B Green Shorts / Size 4,10007578,,Eddie Bauer,,,,1,0,0
Eddie Bauer Blk Trench/Size S,10004071,,Eddie Bauer,,,,1,0,0
Eddie Bauer Camo Shorts 10,10009055,,,,,,1,0,6.55
Eddie Bauer Cardigan,10003283,,Eddie Bauer,,,,1,0,0
Eddie Bauer Cream Floral SS Dress / Size 6,10007785,,Eddie Bauer,,,,1,0,0
Eddie Bauer Pale Green Pants / Size 4,10003749,,Eddie Bauer,,,,1,0,0
Eddie Bauer White Blue Striped Top / Size XL,10006642,,Eddie Bauer,,,,1,0,0
Eddieb/PurpleButtonDwn/SizeL,10004458,,Eddie Bauer,,,,1,0,0
Edikted Pink Skirt Size  M,10007253,,,,,,1,0,0
Edikted Satin Tie-Front Crop Top XS,10009247,,,,,,1,0,5.45
Edikted/PinkMiniskirt/SizeS,10008545,,edikted,,,,0,22.03168,0
Edward Green Sleeveless Top M,10009128,,,,,,1,0,7.65
Eight Sixty Blue & White Pattern Tank / Size M,10005306,,Eight Sixty,,,,1,0,0
EileenFisher/OrangeSwtrSet/SizeM,10008331,,Eileen Fisher,,,,1,0,0
Ekouaer Grey Sweater/Shorts Size L,10007159,,,,,,0,0,0
Elan Black Dress / Size M,10004648,,Elan,,,,1,0,0
Elan grey blouse/s,10007353,,Elan,,,,0,0,0
Elan/ScrunchShorts/SizeS,10009511,,Elan,,,,1,0,8
ElanSweater_Fr,10000095,,Elan,,,,1,0,0
Elana Kattau Rainbow Jumpsuit/ Size S,10007128,,Elana Kattau,,,,0,0,0
Elgin American Gold Powder 1950s Compact,10006251,,Elgin American,,,,0,0,0
EliTahari/RedChainTanktop/SizeS,10006800,,Eli Tahari,,,,1,0,0
Elie Tahari Pink Jacket Size XS,10008478,,,,,,1,0,22
Eliie Tahari Red Sleeveless Top/Size M,10006825,,Ellie Tahari,,,,1,0,0
Elise Ryan Green Dress Size S/M,10009539,,Elise Ryan,,,,1,0,8
Elite Belt Silver Checkered,10006599,,Elite,,,,0,0,0
Elite Colorful Gold Belt,10006387,,Elite,,,,1,0,0
Eliza Black Tulle Dress / Size 14,10003947,,Eliza J,,,,1,0,0
Eliza J Blue Green Dress / Size 10,10005725,,Eliza J,,,,1,0,0
Eliza J Multicolor Halter Neck Gold / Size 10,10004225,,Eliza J,,,,1,0,0
Ella Moss Green & Purple Tank / Size S,10006549,,ella moss,,,,1,0,0
Ellcont Floral Dress Vintage,10004011,,Ellcont,,,,0,0,0
Elle Baby Pink & Black SL Dress / Size 16,10006709,,Elle,,,,1,0,0
Elle Blue Sleeveless Top XL,10008260,,,,,,1,0,6
Elle Cardigan Pink Size M,10003523,,Elle,,,,1,0,0
Elle Red Tank Top L,10009051,,,,,,1,0,3.25
EllenTracy/Pnk&YllwTop/SizeS,10006013,,Ellen Tracy,,,,1,0,0
EllenTracy/SlvlessTurtleneck/SizeM,10007734,,Ellen Tracy,,,,1,0,0
Ellie KaiDress_Te,10002319,,Ellie Kai,,,,1,0,0
Ellie Tahari Dress Multi Color/Size 2,10008569,,Ellie Tahari,,,,1,0,8
Ellie Tahari Orange Ribbed Top S,10009261,,,,,,1,0,5.45
Ellie Tahari/ Blouse/ Pnk/ Size M,10005444,,Ellie Tahari,,,,1,0,0
Elliot Lauren Pants Blue & White Size 8,10003372,,Elliott Lauren,,,,0,0,0
ElodieSkirt_De,10000664,,Elodie,,,,1,0,0
Eloise Black Tank / Size M,10005309,,Eloise,,,,0,0,0
Elora by GFDress_Co,10000037,,Elora by GF,,,,1,0,0
Embrase/GreenBlouse/SizeM,10008357,,Embrace Los Angeles,,,,1,0,0
Embroidered Pink ZIp-Up/Size M,10004431,,Ashley,,,,1,0,0
Emerald Pink Floral Sheer Top / Size XXL,10005647,,Emerald,,,,1,0,0
Emily Daniels LS Multi Color XL,10008230,,,,,,1,0,5.75
Emma & Michele Green Linen Dress / Size M,10006334,,Emma & Michele,,,,1,0,0
Emma James Black Tank Top L,10008935,,,,,,1,0,5.25
Emma James Tank Top Gold Size 14,10003392,,Emma James,,,,0,0,0
Emma James White Lace LS Top / Size 12,10009521,,Emma James,,,,1,0,8.75
Emma JamesLS Top_Em,10004016,,Emma James,,,,1,0,0
EmmaJames/PinkFloralSkirt/SizeL,10008336,,Emma James,,,,0,0,0
EmmaJames/VintageFloralBlouse/SizeP,10003606,,Emma James,,,,1,0,0
Emory Park Grey Dress  Size L,10007560,,,,,,0,0,0
Emory Park White Crop Top/Size S,10005246,,Emory Park,,,,1,0,0
Emporio Cueros Jacket Beige Size XL,10003479,,Emporio Cueros,,,,1,0,0
En Saison Dress Brown Size S,10007160,,,,,,1,0,24
EnFocus/ RoseDress/ Rd&Blk/ Size 4,10005145,,Enfocus Studio,,,,1,0,0
Endless Rose Shiny Pink Skirt / Size S,10005754,,Endless Rose,,,,1,0,0
Enfocus Black Dress / Size 8,10004644,,Enfocus Studio,,,,1,0,0
EnfocusStudio/FlowerDress/Size4,10009553,,Enfocus Studio,,,,0,0,0
Entro Beige Dress Size M,10008761,,,,,,0,0,0
Entro Black Skirt Size L,10007243,,,,,,0,0,0
Entro Burnt Orange Skirt Size L,10007287,,,,,,0,0,0
Entro Green Lilac Skirt / Size L,10006681,,Entro,,,,0,0,0
Entro Teal Checkered Top/Size L,10003843,,Entro,,,,1,0,0
Entro/WhiteBlouse/SizeL,10004865,,Entro,,,,1,0,0
Envy Me Sequin Skirt L,10008493,,,,,,1,0,5.5
Enzo Angiolini Tan Loafers/Size 9,10007066,,Enzo Angiolini,,,,1,0,0
Epoch Hat / Size XL,10008004,,Epoch,,,,1,0,0
Eri/Ali Black/multi-color skirt S,10007960,,,,,,1,0,6.25
EriXAll/HotpinkruffleTop/Size6,10006890,,Eri X All,,,,0,0,0
Eric Javits purple hat,10009056,,eric javits,,,,1,0,0
Erin London Brown Blazer M,10007949,,,,,,1,0,0
Escada Pants Black XS,10005682,,,,,,0,0,0
Esley Black Dress M,10008434,,,,,,1,0,6
Esley Yellow Beige Colorful Skirt / Size S,10008182,,Esley,,,,1,0,6
Espirit Black Jacket/Size S,10007331,,Espirit,,,,1,0,0
Espirit Pale Pink Spagetti Strap Dress / Size 6,10007458,,Espirit,,,,1,0,0
Espirit black coat/s,10008406,,Espirit,,,,1,0,11.75
Esprit VINTAGE Brown Leopard / Size 6,10004615,,Esprit,,,,0,0,0
Esprit White and Tan belt_Un,10003073,,unknown,,,,0,0,0
Esqualo/OrangeLSTop/SizeL,10009335,,Esqualo,,,,1,0,8
Essence/BlPatternedSkirtWRuffle/SizeM,10004896,,Essence,,,,0,0,0
Est 1946 Cardigan Sweater,10003176,,EST 1946,,,,1,0,0
EsteeLauder/MulticolFruitBag,10009318,,Estee Lauder,,,,1,0,8
Etam/BrwnBttnJacket/Size38,10005313,,Etam,,,,1,0,0
Etc Gray Skirt Pink Beading / Size 4,10004964,,Etcetera,,,,0,0,0
Etc Pink Orange Design Skirt / Size 6,10005112,,Etcetera,,,,1,0,0
Etcetera Grey Sequin Sweater S,10007670,,,,,,1,0,7
Etcetera Leopard Print Skirt Size 6,10006620,,,,,,1,0,0
Etcetera Skirt Beige Multi-Color Size 10,10003544,,Etcetera,,,,1,0,0
Etcetera chain design skirt/0,10006656,,Etcetera,,,,1,0,0
Etcetera/WhiTanstitchSkirt/Size4,10006919,,Etcetera,,,,1,0,0
EtceteraVest_Wa,10002351,,Etcetera,,,,0,0,0
Ethereal Fuzzy Vest w Drape / Size S,10007728,,Ethereal,,,,1,0,0
Eunina White Shorts/Size S,10007029,,Eunina,,,,0,0,0
European Black Leather Boots 6,10008214,,,,,,1,0,12.99
Eurosoft Brown Tassel Loafer Heel 9,10009217,,,,,,1,0,8
Eva Franco Black Sleeveless 6,10008989,,,,,,1,0,6.55
Evan Picone Blk Jckt/Size 6,10004738,,Evan Picone,,,,1,0,0
Evan-Picone,10004008,,Evan-Picone,,,,1,0,0
EvanPicone/BlackDress/Size4,10007702,,Evan-Picone,,,,0,0,0
EvanPicone/BlkDress/Size12,10009574,,Evan Picone,,,,1,0,8
Evereve Pink/Cream/Tan Patternd Sweater/Size S,10004264,,Evereve,,,,1,0,0
Evereve Red LS Top / Size XS,10007784,,Evereve,,,,1,0,0
Evereve Top,10001095,,Evereve,,,,1,0,0
Everly Navy Floral Top S,10009264,,,,,,1,0,4.35
Everly Pink Green SL Dress / Size S,10006678,,Everly,,,,1,0,0
Everly Tank Top Leopard Print Size S,10003567,,Everly,,,,1,0,0
Exclusive/MulticolLongSlve/SizeL,10005776,,Exclusive,,,,0,0,0
Express Beige & Lace Cami / Size L,10006704,,Express,,,,0,0,0
Express Beige Top Size XL,10009162,,,,,,1,0,13.25
Express Black Dress Size XS,10008454,,,,,,1,0,7.5
Express Black Jumpsuit / Size 0,10004222,,Express,,,,1,0,0
Express Black Lace Crop Top / Size L,10006284,,Express,,,,1,0,0
Express Black Lace Fringe Card. OSFA,10008830,,,,,,0,0,0
Express Black Light Cardigan XS,10007501,,,,,,1,0,0
Express Black SL Romper / Size 8,10006247,,Express,,,,1,0,0
Express Black Sequin Skirt XS,10008496,,,,,,1,0,8.3
Express Black Sheer SS Top / Size S,10006992,,Express,,,,1,0,0
Express Black Tank Polka Dot / Size S,10005936,,Express,,,,1,0,0
Express Black White Pattern Pants / Size 8,10004777,,Express Design Studio,,,,1,0,0
Express Bleus Sage Green Sweatervest / Size L,10007011,,Express Bleus,,,,0,0,0
Express Blue & White Polka Dot SL Top / Size L,10006602,,Express,,,,1,0,0
Express Blue Velvet Top M,10008921,,,,,,1,0,6.65
Express Blush Pink Black Striped Tank / Size S,10005867,,Express,,,,1,0,0
Express DS Blue Dress SS Shirt / Size S,10004733,,Express Design Studio,,,,0,0,0
Express Gray Sequin Skirt / Size M,10009600,,Express,,,,1,0,5.75
Express Jeans Y2K Rhinestone 6,10008809,,,,,,1,0,7.25
Express Mrn Floral Sheer Leotard/Size XS,10003975,,Express,,,,0,30.99,0
Express Orange Pants / Size 16,10004749,,Express,,,,1,0,0
Express Orange Pink Floral SL Tank / Size L,10005272,,Express,,,,0,0,0
Express Pale Pink Chiffon Skirt / Size 8,10007924,,Express,,,,1,0,0
Express Pale Pink SL Top Tie Front  / Size M,10007448,,Express,,,,0,0,0
Express Pink Jacket/ Size M,10007131,,Express,,,,0,0,0
Express Pink Pumps 7,10009225,,,,,,1,0,16.25
Express Pink Tank Lace Detail / Size M,10005866,,Express,,,,1,0,0
Express Pink White Off Shoulder / Size M,10006561,,Express,,,,1,0,0
Express Pnk MiniSkirt/Size 6,10004496,,Express,,,,1,0,0
Express Turtleneck Sweater,10001084,,Express,,,,1,0,0
Express Yellow Bodysuit / Size XS,10006588,,Express,,,,0,0,0
Express/ Sequin Cami/ Gld&Blk/ Size S,10005043,,Express,,,,0,0,0
Express/BlkCutoutBlouse/SizeM,10008551,,Express,,,,1,0,0
Express/BlkFloralTop/SizeXS,10004899,,Express,,,,0,0,0
Express/JeanMidiSkirts/Size4,10006915,,Express,,,,1,0,0
Express/LaceCami/Lilac/SizeXL,10004095,,Express,,,,0,0,0
Express/MulticolStripeJumpsuit/SizeXS,10007705,,Express,,,,0,0,0
Express/PinkFloralTunic/Size M,10004301,,Express,,,,1,0,0
Express/PnkFloralTop/SizeM,10005780,,Express,,,,1,0,0
Express/SparkletubeDress/SizeS,10009543,,Express,,,,1,0,8
Express/TieCropTop/SizeL,10006121,,Express,,,,1,0,0
Express/WhiLaceCami/SizeM,10006161,,Express,,,,0,0,0
Express/WhiteBlouse/SizeM,10006866,,Express,,,,1,0,0
Express/WhiteDress/SizeXS,10008570,,Express,,,,0,0,0
ExpressJacket,10002618,,Express,,,,0,0,0
ExpressJcket,10002770,,Express,,,,1,0,0
ExpressSweater_Im,10002877,,Express,,,,0,0,0
ExpressTank Top_Ju,10002499,,Express,,,,0,0,0
Expressions NYC Black Chain Small Purse,10004787,,Expressions NYC,,,,1,0,0
ExpressionsPlus/CreamCoverUp/Size27,10006925,,Expressions Plus,,,,0,0,0
Eye Candy Y2K Red PaisleyTop L,10009210,,,,,,0,0,0
Eyeshadow Gray Tank / Size L,10005307,,Eyeshadow,,,,0,0,0
Eyeshadow/ Floral Shawl/ Trqse/Size S,10005031,,Eye Shadow,,,,1,0,0
F.Fashion/ Sequin Tank/ Prpl&Blk/ Size S,10005179,,F. Fashion,,,,1,0,0
FC Jeanswear Denim Jacket M,10008684,,,,,,0,0,0
FC Red Floral Dress Size M,10009444,,,,,,1,0,5.45
FP Beach Black Mini Skirt / Size M,10005907,,FP Beach,,,,0,0,0
FP Blue Floral Sheer Blouse / Size XS,10008285,,Free People,,,,0,0,0
FP Movement Purple Sweatshirt / Size S,10005969,,fp Movement,,,,0,0,0
FP One Cami Dress Size XS,10007285,,,,,,0,0,0
FP One White Dress Size XL,10007290,,,,,,0,0,0
FP Silver Sequin Long Sleeve / Size M,10004235,,Free People,,,,1,0,0
"FRH Green Heels with White Polka Dots, size 8",10003320,,FHR,,,,2,0,0
FYEO/BlkChainMiniBag,10004391,,For Your Ease Only Inc,,,,0,0,0
Fabindia Black Capri's Size L,10007445,,,,,,1,0,0
Fabletics Grey Waffle Hoodie Size S,10007491,,,,,,1,0,0
Fabrik/GrnBacklessDress/SizeL,10007746,,Fabrik,,,,0,0,0
Fabulous Furs Donna Salyers/ M Brown Faux Fur,10004851,,Donna Salyers,,,,1,0,0
Faded Glory Denim Jacket Size M,10007533,,,,,,1,0,0
Faith Passion Blue Floral Dress Size 8,10007235,,,,,,1,0,0
Faith of Zoe Teal Sweater / Size L,10005877,,Faith of Zoe,,,,1,0,0
Falls Creek Gray Jean Skirt / Size 6,10005730,,Falls Creek,,,,1,0,0
Falls Creek Raw Denim Jacket S,10009294,,,,,,0,0,0
Fanatics Vols Hoodie Size L,10008825,,,,,,0,0,0
Fang Blue/White Camisole M,10007968,,,,,,1,0,3.75
Fang SL Beige Black Top / Size M,10008165,,Fang,,,,1,0,6
Fantastic F Blush LS Dress / Size M,10008187,,Fantastic Fawn,,,,0,0,0
Fantazia LS Top Black Multi-Color L,10009118,,,,,,1,0,5
FarmRio/PinkMulticolDress/SizeL,10004376,,Farm Rio,,,,0,0,0
Fashion Nova Brown Overalls XL,10008912,,,,,,0,0,0
Fate/MulticolPinkSequinDress/SizeL,10009068,,fate,,,,0,0,0
Faux White Crocodile Bag Floral,10007917,,unknown,,,,0,0,0
Fei Pink & White Dress / Size 4,10004626,,Fei,,,,1,0,0
Fendi/BrwnSunglasses,10007314,,Fendi,,,,1,0,0
Fendissime Saddlebag,10004521,,Fendissime,,,,1,0,0
Fever London Floral Print Size 8,10008797,,,,,,1,0,8.25
Fiestar Silver Dress/Size M,10005231,,Fiestar,,,,1,0,0
Fig & Flower Orange Top / Size L,10005726,,Fig X Flower,,,,1,0,0
Fig&Flowr/PinkMulticolBlouse/SizeXL,10004328,,Fig X Flower,,,,1,0,0
FigxFlower/YllwBttnDwnBlouse/SizeM,10006134,,Fig X Flower,,,,1,0,0
FinalTouch/RedBlouse/SizeM,10008564,,Final Touch,,,,1,0,13
FinalTouch/RedLongslveDress/SizeS,10006163,,Final Touch,,,,1,0,0
Finity Naturals Orange Silk Skirt / Size 4,10007724,,Finity Naturals,,,,0,0,0
Fiorlini/BlkGreyCollarTop/SizeM,10006793,,fiorlini,,,,1,0,0
Fire LA Blue/Purple Skirt M,10008248,,,,,,1,0,6
Fitz and the Tantrums Black Baseball Hat,10007099,,Fitz and the Tantrums,,,,1,0,0
Fizz Orange/White Check Skirt S,10008768,,,,,,2,0,12.5
Flat White Cardigan OSFM,10008225,,,,,,0,0,0
Fleur Silk Scarf,10007094,,Fleur,,,,0,0,0
FlirtatiousPants_Fli,10004025,,Flirtatious,,,,1,0,0
Flora White Robe / Size S,10006322,,Flora,,,,0,0,0
Floral Clam Bag,10004550,,unknown,,,,1,0,0
Floral Coat/Wht&Blk/Size XXL,10004484,,Talbots,,,,1,0,0
Floral Midi Skirt/ Brwn&Pnk/ Size L,10005432,,unknown,,,,0,0,0
Floral Multicolor Buttondown Top / Size XXL,10006573,,unknown,,,,0,0,0
Floral Print Faux-Wrap Dress L,10009610,,,,,,1,0,5
Floral Shawl/ Blk&Wht/ Size XL,10005434,,unknown,,,,2,0,0
Floral Sheer Kimono / Size XL,10006697,,unknown,,,,0,0,0
Floral Sheer Open Cardigan L,10008212,,,,,,1,0,6
FloralWrapSkirt/SizeM/L,10006363,,unknown,,,,1,0,0
Flower Charm Bracelet,10008611,,,,,,1,0,5
FlowerGemEarrings,10007376,,unknown,,,,0,0,0
Flowers,10007594,,,,,,1,0,0
Flutterbye Blue Red Skirt / Size L,10007774,,Flutterbye,,,,1,0,0
Flying T NWT Black Brown Knit Dress / Size L,10006519,,Flying Tomato,,,,0,0,0
Flying Tomato Beige/Blue Dress 8,10008217,,,,,,1,0,6.25
Flying Tomato Jean Jacket/ Size L,10006269,,Flying Tomato,,,,0,0,0
Flying Tomato Multi-Color Dress L,10007969,,,,,,1,0,6.25
Flying Tomato White Floral LS / SIze L,10005630,,Flying Tomato,,,,1,0,0
Foiled Mini Skirt/Size S,10003698,,unknown,,,,0,0,0
For Her Black Skirt Size XXL,10007481,,,,,,1,0,0
ForallMankind/LightdenimSkirt/Size26,10007422,,7 for all mandkind,,,,1,0,0
Fore Multicolor Floral Crop Top / Size M,10006583,,Fore,,,,0,0,0
Fore Top Multi-Color Size L,10007273,,,,,,1,0,0
Fore sleeveless Tank Top Size M,10007247,,,,,,1,0,0
Fore-Te Blue Tank Top M,10009197,,,,,,1,0,7
Fore-Te Red Tank Top M,10008937,,,,,,1,0,5.95
Forever 21 Beige Utility Jacket S,10009291,,,,,,1,0,5.45
Forever 21 Black Dress S,10008701,,,,,,0,0,0
Forever 21 Black Seethrough Dress / Size M,10006686,,Forever 21,,,,1,0,0
Forever 21 Black Sequin Top S,10009262,,,,,,1,0,5.45
Forever 21 Black Sheer Top / Size M,10006343,,Forever 21,,,,0,0,0
Forever 21 Black Studded Shorts S,10008833,,,,,,1,0,5.5
Forever 21 Blue Satin Skirt / Size S,10005541,,Forever 21,,,,0,0,0
Forever 21 Blue/White SS Top S,10009447,,,,,,1,0,4.35
Forever 21 Cream Smocked Skirt M,10009238,,,,,,1,0,4.35
Forever 21 Gray Knit Light Longsleeve / Size M,10004970,,Forever 21,,,,1,0,0
Forever 21 Jean Skirt / Size L,10006687,,Forever 21,,,,1,0,0
Forever 21 Metallic Mesh Top S,10009212,,,,,,1,0,4.35
Forever 21 Multicolor Romper / Size S,10006977,,Forever 21,,,,1,0,0
Forever 21 Sequin Skirt / Size S,10004756,,Forever 21,,,,1,0,0
Forever/ Sheer Top/ Grn&Brwn/ Size M,10005433,,Forever,,,,1,0,0
Forever21 shear longsleeve blouse/xs,10007354,,Forever 21,,,,0,0,0
Forever21/ Aztec Skirt/ Blk&Pnk/ Size S,10005166,,Forever21,,,,0,0,0
Fossil Hobo Handbag,10003434,,Fossil,,,,0,0,0
Fossil Hobo Multicolor Bag,10008687,,,,,,1,0,125
Fossil Rd Stch Leather/Size S,10004068,,Fossil,,,,1,0,0
Fossil Yellow Leather Belt/Size S,10004067,,Fossil,,,,0,0,0
Fossil/PinkDotBlouse/SizeS,10004920,,Fossil,,,,1,0,0
Fossil/PinkDotDress/SizeXS,10007751,,Fossil,,,,0,0,0
Fox Brand Belt Black,10003404,,Fox,,,,0,0,0
Foxblood Black Dress 4X,10008742,,,,,,0,39,0
Foxblood Black Dress S,10008741,,,,,,0,0,0
Foxblood Black Dress XXL,10008743,,,,,,0,0,0
Foxblood Black LS Blouse L,10008751,,,,,,1,0,6.25
Foxblood Black LS Blouse XXL,10008752,,,,,,1,0,6.25
Foxblood Black Sheer SS Dress / Size XS,10008011,,Foxblood,,,,0,0,0
Frame/Whi/OrangeTankTop/SizeSP,10005294,,frame,,,,1,0,0
Francesca Black Lace Dress / Size M,10004642,,Francesca's,,,,1,0,0
Francesca's Blue Rain Black Dress XS,10008712,,,,,,1,0,8.5
Francescas/PinkSweater/SizeS,10008562,,Francesca's,,,,0,0,0
Franco Sarto Shoes Size 8.5,10007937,,,,,,1,0,18.5
Franco Sarto Tan Leather Slip Ons / Size 10,10007358,,Franco Sarto,,,,0,0,0
Franco Sarto White Loafers/ Size 8.5,10007045,,Franco Sarto,,,,1,0,0
Franco/BlackBoot/Size9.5,10004914,,Franco Sarto,,,,1,0,0
FrancoS/BllLoafer/Size9,10005408,,Franco Sarto,,,,0,0,0
Frank Eileen White Cotton Pants / Size 8,10007689,,Frank & Eileen,,,,1,0,0
Frankie&Johnny Mhgny Purse,10004059,,Frankie X Johnny,,,,0,0,0
Fred David Black & White Dress / Size 2X,10007682,,Fred David,,,,1,0,0
Fred David Red Skirt XL,10008398,,,,,,1,0,5
Frederick's Pink Corset Black Detail / Size 38,10006749,,Frederick's of Hollywood,,,,1,0,0
Frederick's of Hollywood Leopard Slip / Size M,10007174,,Frederick's of Hollywood,,,,0,0,0
Free People Black Faux Shiny Pants / Size 10,10007998,,Free People,,,,1,0,0
Free People Black Tank Emb / Size M,10006563,,Free People,,,,0,0,0
Free People Black Top XS,10008036,,,,,,1,0,4.75
Free People Blue Skirt / Size 6,10007360,,Free People,,,,0,0,0
Free People Burgundy Cardigan L,10007554,,,,,,1,0,5
Free People Intimately Romper Blue M,10008428,,,,,,0,0,0
Free People Light Pink Pattern Long Skirt / Size 6,10007116,,Free People,,,,0,0,0
Free People Lilac Dress / Size S,10006662,,Free People,,,,0,0,0
Free People NWT Yellow Dress / Size XS,10006711,,Free People NWT,,,,0,0,0
Free People Orange Gold SL Dress / Size 10,10005517,,Free People,,,,1,0,0
Free People Overalls Blue Jeans Size 4,10003506,,Free People,,,,1,0,0
Free People Pink Velvet Skirt L,10009269,,,,,,1,0,6.55
Free People Red NWT Lace Dress / Size 8,10007913,,Free People NWT,,,,0,0,0
Free People Shag Vest Black & White Size S,10003483,,Free People,,,,1,0,0
Free People Snakeskin Skirt / Size 4,10006986,,Free People,,,,1,0,0
Free People Tan Trucker Jacket XS,10009292,,,,,,1,0,8.75
Free People Top Floral Black & White SIze S,10004150,,Free People,,,,1,0,0
Free People Tunic White / Size L,10006768,,Free People,,,,0,0,0
Free People White LS Top M,10008762,,,,,,0,0,0
Free People Yellow LS Top Size XS,10007283,,,,,,0,0,0
Free People Yellow Skirt/ Size S,10007330,,Free People,,,,0,0,0
Free for Love Corsette L,10008040,,,,,,1,0,3.75
FreePeople/ Shoulder Top/ Orng/ Size S,10005069,,Free People,,,,0,0,0
FreePeople/PinkTanktop/SizeXS,10006404,,Free People,,,,0,0,0
FreePeople/Whi&BlkDress/SizeS,10006117,,Free People,,,,1,0,0
FreePeople/WhiSingeTop/SizeL,10008592,,Free People,,,,1,0,8
Freebird Tank Top Green Size L,10003415,,Freebird,,,,1,0,0
Freemarket White Floral Top / Size S,10006575,,Freemarket,,,,0,0,0
French C Black Dress / Size 4,10004624,,French Connection,,,,1,0,0
French Closet White Shorts / Size M,10007775,,The French Closet,,,,1,0,0
French Conn Orange Kisses Dress / Size 8,10006463,,French Connection,,,,1,0,0
French Conn Red Mini Dress 0,10008940,,,,,,1,0,8.9
French Connection Brown Heals Size 8,10003362,,French Connection,,,,1,0,7.99
French Toast Black School Skirt / Size 18,10004848,,French Toast,,,,1,0,0
FrenchC/BlackDress/Size0,10008585,,French Connection,,,,0,0,0
Frenchi floral skirt/xl,10008375,,Frenchi,,,,1,0,8.99
Frenchi/Blk&WhiSheerlayerTop/SizeS,10006111,,Frenchi,,,,0,0,0
Freshwear Brown Halter Top M/L,10008619,,,,,,1,0,2.25
Freyrs/LightSunglasseswCase,10007313,,Freyrs,,,,0,0,0
Freys/BrwnSunglasses,10007312,,Freyrs,,,,0,0,0
Fruit of Loom Vols LS T-Shirt XL,10008735,,,,,,1,0,6.5
Frye Dahlia Rivet Leather Shoes 7,10007659,,,,,,1,0,0
Frye Embroidered  Boot/Size 5 1/2,10004244,,Frye,,,,0,0,0
Frye Wood Heels / Size 7.5,10006328,,Frye,,,,0,0,0
Fun2Fun/YellowFloralShirt/SizeL,10006794,,fun2fun,,,,1,0,0
Fun2Fun/YellowFlowerShirt/SizeL,10006829,,fun2fun,,,,1,0,0
Funky/BlueDress/SizeS,10008067,,Funky,,,,1,0,0
Fur Vest Jacket,10003198,,unknown,,,,1,0,0
G Dresses Tan Long Sweater Feather / Size S,10004781,,G Dresses,,,,0,0,0
G by Giuliana Grey Coat Size L,10007553,,,,,,1,0,7.5
GAP Black Tank Top S,10008886,,,,,,1,0,4.6
GAP Black/White Floral Top M,10009454,,,,,,1,0,5.45
GAP Light Brown Cardigan / Size L,10006460,,GAP,,,,1,0,0
GAP Pink Sleeveless Dress 10,10008829,,,,,,0,0,0
GAP Red Shorts/Size 12S,10006819,,GAP,,,,1,0,0
GAP Sweater Pink Size L,10003533,,GAP,,,,1,0,0
GAP White Lace Top/Size L,10006275,,GAP,,,,0,0,0
GAP camo tshirt/m,10006429,,GAP,,,,1,0,0
GAP/MulticolStripeShort/Size14,10006906,,GAP,,,,1,0,0
GAP/PnkLongsleeve/SizeXS,10006022,,GAP,,,,1,0,0
GAP/WhiDotBttnDown/SizeS,10006873,,GAP,,,,0,0,0
GAP/WhiteBttnDwnSkirt/Size16,10006923,,GAP,,,,1,0,0
GAPJacket_Di,10002701,,GAP,,,,1,0,0
GAPSweater_Su,10001339,,GAP,,,,1,0,0
GB Brown Heels Gold Studs / Size 11,10008993,,Gianni Bini,,,,1,0,12
GB Hot Pink Floral Wrap Dress / Size M,10006661,,GB,,,,1,0,0
GB Sequin Shorts Jumpsuit,10009585,,GB,,,,1,0,20
GB Yellow Striped Crop Top M,10009257,,,,,,1,0,5.45
GC White/Beige Sandals/Size 6.5,10007069,,,,,,0,0,0
GC2B Green Compression Tank S,10009198,,,,,,1,0,7.5
GTWUrban/RedDress/SizeM,10005423,,GTW Urban,,,,0,0,0
GabrieleK/KidsGreenBeeSet/SizeS,10008126,,Gabriele Knecht,,,,1,0,0
GabrieleK/kettomyheartSet/SizeS,10008125,,Gabriele Knecht,,,,1,0,0
Gaby Burgundy SS w Hood / Size M,10005955,,Gaby,,,,1,0,0
Gaiam Athleisure Pnk Size S,10003889,,gaiam,,,,1,0,0
Gantos/TanAniPrintTop/Size8,10004932,,Gantos,,,,1,0,0
Gap Black Button Up SL Top / Size M,10007642,,GAP,,,,0,0,0
Gap Black Leather Brass Belt / Size M,10004792,,GAP,,,,0,0,0
Gap Black Tee / Size M,10005623,,GAP,,,,1,0,0
Gap Dark Blue Stripe Top / Size XS,10006282,,GAP,,,,1,0,0
Gap White Lace Top XS,10007822,,,,,,0,0,0
Gap/ Embrdrd Blouse/ Wht&Blk/ Size XS,10005040,,GAP,,,,1,0,0
Gap/Raspberry Sweater/Size L,10004294,,GAP,,,,1,0,0
Garage Brown Vest L,10009190,,,,,,1,0,5
Garage Gray Longsleeve / Size XS,10003792,,Garage,,,,0,0,0
Garage Jean Skort / Size S,10006676,,Garage,,,,0,0,0
Garnet Hill Black Sweater S,10008271,,,,,,1,0,8
Gaslon Orange Cardigan / Size M,10005892,,Gaslon,,,,1,0,0
Gaze Baby Pink Tie Front LS / Size L,10004988,,gaze,,,,1,0,0
Gemstone Hide Belt with Crosses,10006637,,Wholesay by Atlas,,,,1,0,0
Gemstone White Mesh Ruffle Top L,10009177,,,,,,0,0,0
GenLeather/BrwnLeatherJacket/Size5,10004916,,Genuine Leather,,,,1,0,0
Gene Meyer Beige Skirt Size 6,10007946,,,,,,1,0,0
Generation Kiss Denim Top/ Size L,10007106,,Generation Kiss,,,,0,0,0
Geoffrey Beene Black Floral Skirt 12,10009259,,,,,,1,0,6.55
Geoffrey Beene White & Black Floral Skirt / Size 10,10007119,,Geoffrey Beene,,,,1,0,0
Georciou Studio Black Sequin Clutch,10004528,,Georciou Studio,,,,0,0,0
George Brown Floral Skirt / Size 4,10008158,,George,,,,0,0,0
George LS Top Black & White Size M,10003522,,George,,,,1,0,0
George White Printed Blouse L,10009373,,,,,,1,0,4.35
Geox Blk Wedge Heel/Size 7.5,10004058,,Geox,,,,1,0,0
Gerry Reversible Gray Vest w Hood / Size XL,10004820,,Gerry,,,,1,0,0
Giani Bini Green Puffy Skirt / Size S,10004973,,Giani Bini,,,,1,0,0
GianiBini/ Lace Dress/ Blk&Crm/ Size XS,10005429,,Giani Bini,,,,1,0,0
GianiBini/TanCropTankTop/SizeM,10006875,,Giani Bini,,,,0,0,0
Gianni Bini Brown Boots 7.5,10007676,,,,,,0,0,0
Gianni Bini NWT Dress/Size 12/Taupe,10002063,,Gianni Bini NWT,,,,1,0,0
Gianni Bini Orange/Pink Dress L,10009452,,,,,,1,0,8.75
Gianni Bini Red Shoes Size 11,10006254,,Giani Bini,,,,0,0,0
GianniBini Jeweled Heel/Size 7.5,10004051,,Gianni Bini,,,,1,0,0
Gibson LS Top Blue Size S,10003467,,Gibson,,,,1,0,0
Gibson Look Sleeveless Floral Top/Size S,10005209,,Gibson,,,,1,0,0
Gibson/BlackTop/SizeS,10005292,,Gibson,,,,0,0,0
GigioUSA/GrnBttnDownBlouse/SizeM,10007736,,Gigio USA,,,,0,0,0
GildanTee Shirt_Gil,10004042,,Gildan,,,,1,0,0
Gilla Multicolor Crop Top / Size L,10005707,,Gilla,,,,0,24.99,0
Gilli Beige SS Top M,10009195,,,,,,0,0,0
Gilli Magenta SS Top L,10009394,,,,,,0,0,0
Gilli Maxi Skirt Blue Size L,10008419,,,,,,1,0,9.75
Gilli Rose Gold Zebra Silky Tank / Size L,10004846,,Gilli,,,,1,0,0
GilliganOMalley Slip,10002396,,Gilligan X OxMalley,,,,1,0,0
Gina Kahiki Pants / Size 38,10003768,,gina Tricot,,,,1,0,0
Giorgio Brato Studded Black Handbag,10003437,,Girgio Brato,,,,1,0,0
Giorgio St Angelo Wool Pants / Size 14,10005689,,Giorgio Saint Angelo,,,,1,0,0
Giorgio red shirt,10005720,,,,,,-1,0,0
GirlsFromSavoy/PurpSleevlessDress/Size4,10005420,,Girls From Savoy,,,,0,0,0
Glam Hot Pink Crop Top / Size M,10005102,,Glam,,,,1,0,0
Glam/GreySweater/SizeS/M,10004372,,Glam,,,,0,0,0
Glitter Belt,10008473,,,,,,1,0,3.99
Globus Blue SS Top / Size M,10008169,,Globus,,,,1,0,8
GloriaVand/TanLongShorts/Size10P,10006867,,Gloria Vanderbalt,,,,1,0,0
Gold & Silver Necklace,10003267,,unknown,,,,1,0,0
Gold Bronze Necklace,10006581,,unknown,,,,0,0,0
Gold Circle Design Necklace,10006597,,unknown,,,,0,0,0
Gold Sequin Collar Top/Size S,10003972,,Grace Karin,,,,1,0,0
Gold Wire Metal Purse,10006740,,unknown,,,,1,0,0
Gold/White Necklace,10004219,,unknown,,,,0,0,0
Golftini/NavyWhitrimSkirt/Size10,10006119,,Golftini,,,,1,0,0
Good Yarn Wrap Skirt Red / Size L,10006319,,Good Yarn,,,,1,0,0
GoodAmerican/BlkLthrSkirt/Size14,10009327,,Good American,,,,1,0,8
GoodChoice/PinkFlowerShoe/Size9.5,10007767,,Good Choice,,,,0,0,0
Goodr/Sunglasses,10009366,,goodr,,,,1,0,8
Goodtime USA Top/Pants M,10009628,,,,,,1,0,10
Gorgeous Blue Lace Top Polka Dot / Size S,10005590,,Gorgeous,,,,1,0,0
Gorgeous Blue Lace Top/Size S,10005582,,Gorgeous,,,,1,0,0
Grace Karin Beige Cardigan / Size XXL,10005570,,Grace Karin,,,,1,0,0
Grace Karin Pink Cardigan / Size L,10005939,,Grace Karin,,,,1,0,0
GraceK/BlkBlouse/SizeS,10004464,,Grace Karin,,,,0,0,0
Gracia Black Fishnet Top / Size M,10005190,,Gracia,,,,0,0,0
GradeXG/WhiBlouse/SizeM,10008343,,Grade X Gather,,,,0,0,0
Gradual Camo Athletic Skirt / Size L,10005551,,Gradual,,,,1,0,0
Grateful Dead Tee,10003156,,Cha Sor,,,,1,0,0
Grateful Dead Tie Dye Graphic Tee / Size M,10004586,,Grateful Dead,,,,1,0,0
Gray Floral Sparkly Hat,10007086,,unknown,,,,0,0,0
Gray Jean Vest / Size M,10007727,,unknown,,,,0,0,0
Gray Jewelstone Necklace Silver,10004531,,,,,,1,0,0
Gray Metal Black Flower Necklace,10003999,,,,,,1,0,0
Gray Suede Jacket/ Size S,10003572,,Blank NYC,,,,1,0,0
Gray Tennessee Tshirt / Size L,10006465,,unknown,,,,0,0,0
Great Northwest Tan SS Top S,10009189,,,,,,0,7.495,0
Green & Pink Sports Jacket / Size XL,10004803,,unknown,,,,1,0,0
Green Bikini Top L,10009159,,,,,,1,0,2.75
Green E Black Tank / Size XXL,10004843,,Green Envelope,,,,1,0,0
Green Envelope Green LS / Size L,10005651,,Green Envelope,,,,1,0,0
Green Envelope LA Blue Top L,10008727,,,,,,0,0,0
Green Envelope LA Rose Top S,10009308,,,,,,1,0,5
Green Flower Necklace Choker,10007940,,unknown,,,,0,0,0
Green Jeggings/Size 8,10003582,,D.Jeans,,,,1,0,0
Green Khaki Jogger/Size M,10004446,,Banana Republic,,,,0,0,0
Green Knit Sweater/Size L,10004253,,unknown,,,,1,0,0
Green Leather Belt,10004791,,unknown,,,,0,0,0
Green Necklace,10007932,,unknown,,,,0,0,0
Green Peas Necklace,10007996,,,,,,1,0,10.95
Green Pink Embroided Top / Size L,10008192,,unknown,,,,1,0,6
Green Quarter Zip / Size M,10004990,,unknown,,,,1,0,0
Green Stone Earings,10007952,,,,,,0,0,0
Green Studded Belt,10006375,,unknown,,,,1,0,0
Green Suede Boots La Canadienne  Size 6 1/2,10003347,,La Canadienne,,,,0,0,0
Green Swirl Print Mesh Skirt S,10009244,,,,,,1,0,5.45
Green Tan Satin SL Top / Size M,10006996,,unknown,,,,0,0,0
Green Tank w Feather / Size M,10005539,,unknown,,,,1,0,0
Green Tea Gray Fuzzy Zip Up / Size XL,10006696,,Green Tea,,,,1,0,0
Green Yellow Orange Necklace,10007942,,unknown,,,,0,0,0
Green w Copper Leaf Bag,10007599,,,,,,0,0,0
Green wallflower dress/M,10006837,,Wallflower Vintage Collection,,,,1,0,0
GreenFlowerHat,10009066,,unknown,,,,1,0,8
GreenPurse,10009577,,unknown,,,,1,0,8
GreenStripeCrochetPoncho,10008127,,unknown,,,,1,0,0
GretchenS/Grn&PinkBlouse/SizeL,10005455,,Gretchen Scott,,,,1,0,0
GretchenS/TanFlowerDress/SizeXS,10008573,,Gretchen Scott,,,,1,0,8
Grey Adora Hat,10007237,,,,,,0,0,0
Grey Button-Up Sweater/Size XL,10004269,,Coldwater Creek,,,,1,0,0
Grey Kiss Tee/Size S,10004121,,Recycled Karma,,,,0,0,0
Grey Lab White Top Size S,10009449,,,,,,1,0,6.55
Grey Multi-Color Sweater,10004242,,Aldomartins,,,,1,0,0
Grey Skull Tank/Size M,10004129,,Chasor,,,,1,0,0
GreyCrochetTankTop/SizeS,10004900,,unknown,,,,0,0,0
GreyLongSleeve/SizeM,10006031,,unknown,,,,1,0,0
GreyMetallicQtrButton/Size M,10004427,,Pilcro,,,,1,0,0
GreylinDress_Ak,10001072,,Greylin,,,,0,0,0
Griffen Blue Cashmere Sweater / Size M,10005896,,Griffen,,,,0,0,0
GrnAnimalPrSheerTop/SizeS,10008593,,unknown,,,,1,0,8
Guess Black Dress/Size M,10005232,,guess,,,,1,0,0
Guess Blk Buckle Boot/Size 6.5,10004054,,guess,,,,1,0,0
Guess Dress Black Size 12,10003477,,guess,,,,1,0,0
Guess Jean Skirt  / Size 27,10007922,,,,,,1,0,0
Guess Jeans Green Tank / Size S,10005953,,Guess Jeans,,,,0,0,0
Guess Magenta Dress Size XS,10008568,,,,,,1,0,8
Guess Red High Neck Dress / Size 4,10007022,,guess,,,,1,0,0
Guess Wool Jacket Black Size L,10003476,,guess,,,,1,0,0
Guess/Blk&GoldHeels/Size9,10004407,,guess,,,,1,0,0
Guess/SilverDress/Size7,10008603,,Guess Jeans,,,,1,0,8
Guinevere SS Beige Cardigan XS,10008827,,,,,,1,0,9.5
Guns & Roses Graphic T / Size L,10004589,,Guns N Roses,,,,0,0,0
Gypsies & Moondust Red Blue Stripe Top / Size M,10006339,,Gypsies & Moondust,,,,0,0,0
H & M Beige Cardigan / Size L,10005884,,H X M,,,,1,0,0
H & M Black Crop Top SL White Embroidery / Size S,10005274,,H X M,,,,0,0,0
H & M Black Jean Skirt / Size 4,10006610,,H&M,,,,1,0,0
H & M Black Satin SS Tank / Size L,10004804,,HXM,,,,1,0,0
H & M Dark Green Gold Top / Size XL,10007647,,HXM,,,,1,0,0
H & M Purple Bugundy Skirt / Size 8,10005533,,H X M,,,,1,0,0
H & M Red Crochet Shorts / Size L,10007577,,H X M,,,,0,0,0
H&M Beige LS Open Back Top / Size S,10006572,,H&M,,,,1,0,0
H&M Black SS Top S,10008616,,,,,,0,0,0
H&M Black/White Sleeveless Top S,10008703,,,,,,1,0,4.25
H&M Dress Black Size 8,10007194,,,,,,0,0,0
H&M Green & White Top Size 8,10008467,,,,,,0,0,0
H&M Houndstooth Pattern Pants S,10009618,,,,,,1,0,5
H&M Orange Sweater Size M,10007555,,,,,,0,0,0
H&M Pink Sleeveless Dress L,10009152,,,,,,0,19.99,0
H&M Ruffle Bodysuit Blk/Size M,10003964,,H&M,,,,0,0,0
H&M White Cross Top Size M,10008873,,,,,,0,0,0
H&M White SS Top S,10009446,,,,,,1,0,4.35
H&M/CrmCropTop/SizeS,10006110,,H&M,,,,1,0,0
H&M/PatternPant/Size10,10003589,,H X M,,,,1,0,0
H/PinklaceTop/SizeS,10006367,,H by bordeaux,,,,0,0,0
HC/PurpleCrochetShirt/SizeM,10008121,,Hand Crocheted,,,,1,0,0
HOLDINGITEM,10008300,,unknown,,,,24,0,0
HSTrask/BlackBoot/Size8,10004907,,H S Trask,,,,1,0,0
HXM/BlkWHiDress/Size6,10009554,,HXM,,,,1,0,8
HYFVE Green Halter Top L,10008625,,,,,,0,0,0
HYFVE Yellow Top Size M,10008645,,,,,,0,0,0
HYFVE/LilaccinchTop/SizeS,10005791,,HYFVE,,,,1,0,0
Habitat Green LS Blouse L,10008680,,,,,,0,0,0
Haeof Black Long Skirt / Size S,10005908,,Haeof,,,,0,0,0
HaliBob/MulticolBlouse/SizeM,10007739,,Hali Bob,,,,1,0,0
Halogen Pink & Black Embroidered Skirt,10003319,,Halogen,,,,1,0,0
Halogen Sleeveless Blouse Size M,10007169,,,,,,1,0,0
Halogen/BlkLaceTanktop/SizeM,10005788,,Halogen,,,,0,0,0
Halston NWT Brown Dress / Size M,10004638,,Halston NWT,,,,1,0,0
HamptonCourtKnits/GreyPurpTank/SizeM,10008070,,Hampton Court Knits,,,,1,0,0
Hand Painted Owl Pin VINTAGE,10007406,,unknown,,,,0,0,0
Hanes (collector item)Tee Shirt_Za,10002474,,Hanes (collector item),,,,0,0,0
Hanes Harley Dragon Black T XL,10008850,,,,,,0,0,0
Hanes LS VOLS T-Shirt M,10008927,,,,,,1,0,5.35
Hanes Tennessee Grey/Orange T S,10008450,,,,,,1,0,6.4
Hanes Vols Truck T-Shirt L,10008824,,,,,,1,0,6.25
Hanky Panky Pink Lace Size M,10007824,,,,,,1,0,24
HannaGracie Grey Layered Skirt/Size S,10003691,,Hanna Gracie,,,,0,0,0
Hannah Brown/Beige Cardigan S,10008719,,,,,,1,0,6.25
Harding-Lane Kids Pink Cherry BBall Hat,10005310,,Harding-Lane,,,,0,0,0
Harey D Black Tank / Size XXL,10004591,,Harley Davidson,,,,1,0,0
Harley D. Leather Boots / Size 9.5,10004185,,Harley Davidson,,,,0,0,0
Harley Davidson Black Leather Hat,10005586,,Harley Davidson,,,,1,0,0
Harley Davidson Blue Tshirt White LS  / Size L,10006700,,Harley Davidson,,,,0,0,0
Harley Davidson Grey T-Shirt XXL,10008639,,,,,,1,0,6.25
Harley Davidson Tank Top/Size L,10007136,,Harley Davidson,,,,0,0,0
Harley DavidsonJacket_HDJ,10004031,,Harley Davidson,,,,0,0,0
Harley DavidsonTank Top_HD,10004028,,Harley Davidson,,,,0,0,0
Harley DavidsonTank Top_Hdaa,10004032,,Harley Davidson,,,,0,0,0
Harley DavidsonTee Shirt_Hdae,10004035,,Harley Davidson,,,,1,0,0
Harley DavidsonTee Shirt_Hdaf,10004037,,Harley Davidson,,,,0,0,0
Harley DavidsonTee Shirt_Hdah,10004039,,Harley Davidson,,,,0,0,0
Harley DavidsonTee Shirt_Hdba,10004040,,Harley Davidson,,,,1,0,0
Harley DavidsonTee Shirt_Li,10001050,,Harley Davidson,,,,0,0,0
Harley DavidsonTee Shirt_hdac,10004034,,Harley Davidson,,,,0,0,0
HarleyDavidson Cropped Sweatshirt/Size L,10003834,,Harley Davidson,,,,1,0,0
HarleyDavidson/ZipupShirt/SizeXL,10009361,,Harley Davidson,,,,1,0,8
HarloweXG/RedBlkLaceTop/SizeM,10008351,,Harlowe X Graham,,,,0,0,0
Harlyn Orange Knit Tank Top M,10009482,,,,,,1,0,5
Harold's B/W Strapless Dress 12,10008939,,,,,,0,0,0
Harold's Beige Skirt Size 8,10008216,,,,,,0,0,0
Harper Blush Pink Jacket Ruffle / Size S,10005700,,Harper Heritage,,,,0,0,0
HarperHer/YllwBttndwn/SizeM,10006016,,Harper Heritage,,,,1,0,0
Harve B & W Jacket / Size 12,10004339,,Harve Benard,,,,0,0,0
Harve B NWT Light Pink Buttondown / Size XL,10006509,,Harve Benard,,,,1,0,0
Harve Bernard Sweater Blue Size XL,10003386,,Harve Benard,,,,1,0,0
Haute Hippie Gray Sequin Skirt / Size XS,10006518,,Haute Hippie,,,,1,0,0
Haute Monde Black Lace Bodysuit M,10008811,,,,,,1,0,5
Haute Monde Pink Tulle Skirt / Size L,10007681,,Haute Monde,,,,0,0,0
Have Black & White Striped Romper w Bow / Size L,10005203,,Have,,,,1,0,0
Haven + Blair Mint Green Top LS/ Size S,10006276,,Haven + Blair,,,,1,0,0
HavenBlair/LemonBlouse/SizeM,10006782,,Haven + Blair,,,,1,0,0
Hawaiian Punch Tee Shirt,10003562,,Hawaiian Punch,,,,0,0,0
Hayden LA Rose Lace Top S/M,10009408,,,,,,1,0,5.45
Hazel Brown Green SS Dress / Size M,10007462,,Hazel,,,,1,0,0
Hazel M Pink Cherry Sheer SS / Size L,10006718,,Hazel Moon,,,,1,0,0
Heart Ring,10007428,,,,,,1,0,0
Heart Soul Blue Black Top / Size L,10005667,,Heart Soul,,,,0,0,0
Heart Soul Light Pink & Black Blouse / Size S,10005755,,Heart Soul,,,,0,0,0
Heart Soul Multi-Color Dress L,10008802,,,,,,1,0,7
Heart Soul Pink Ruffle Tank / Size M,10005749,,Heart Soul,,,,0,0,0
Heart Soul Red Green SL Top / Size L,10008166,,Heart Soul,,,,1,0,8
Heifer Black Tshirt / Size S,10005511,,unknown,,,,1,0,0
Heirloom Ltd White SS Top S,10009146,,,,,,0,0,0
Helena Fejkova Beige Dress M/L,10008441,,,,,,0,0,0
Helix Black Zip Up Jacket / Size S,10007451,,Helix,,,,1,0,0
Hello Franki Cream Blue Flannel / Size L,10004980,,Hello Franki,,,,1,0,0
HelloFranki/Blue&WhiTop/SizeL,10008292,,Hello Franki,,,,0,0,0
Helmut Army Green Pants / Size 28,10003776,,Helmut,,,,1,0,0
Helmut Lang NWT red fuzzy skirt/M,10006650,,Helmut Lang NWT,,,,1,0,0
Hem & Thread Cheetah Tank / Size L,10007918,,Hem & Thread,,,,0,0,0
Hengsheng Jean Jacket M,10007874,,,,,,0,0,0
Hengsheng Jean Jacket/ Size M,10006762,,Hengsheng,,,,1,0,0
Her/PnkFlareSleeveBttnDwn/SizeS,10006115,,Her,,,,0,0,0
HerENSG/OrangeButtonRomper/SizeL,10007701,,Her Entire Name Says Grace,,,,0,0,0
Heritage 81 Humane Society S,10009430,,,,,,1,0,5.45
Hers & Mine Black Ruffle Top S,10009619,,,,,,1,0,5
Hidden Black Button Up Jacket / Size M,10003814,,Hidden,,,,1,0,0
HighSecret/BlkMulticolJacket/SizeL,10006414,,High Secret,,,,1,0,0
Highway Jeans Jacket Size L,10007950,,,,,,0,0,0
Highway Jeans Jean Vest / Size M,10005098,,Highway Jeans,,,,0,0,0
Highway/JemDenimSkirt/Size13,10005773,,Highway Jeans,,,,0,0,0
Hilary Radley Green V Neck Sweater,10007005,,Hilary Radley,,,,1,0,0
Hint of MintLS Top_P,10002371,,Hint of Mint,,,,1,0,0
Hippie Rose 2-pc top/shorts size S,10007612,,,,,,1,0,0
HoldingHorses/BlkReddetailHeel/Size9,10005409,,Holding Horses,,,,1,0,0
HoldingHorses/BrwnLacedBoot/Size39,10004394,,Holding Horses,,,,0,0,0
Hollister Black Crop Top M,10009176,,,,,,1,0,3.25
Hollister Camo Pants / Size 29,10005123,,Hollister,,,,0,0,0
Hollister Dark Gray Bomber Jacket / Size XXS,10005124,,Hollister,,,,0,0,0
Hollister Jeans Light/Dark Blue/Size 4,10007019,,Hollister,,,,1,0,0
Hollister Pants Black & White Size M,10003518,,Hollister,,,,1,0,0
Hollister Red Floral Skirt / Size L,10008044,,Hollister,,,,1,0,4.25
Hollister SS Top Blue Size XS,10008633,,,,,,1,0,4.5
HollisterJeans/ Size 6,10000771,,Hollister,,,,0,0,0
Holloway Burgundy Rain Jacket / Size S,10007564,,Holloway,,,,1,0,0
Honey Peach Green Sleeveless Dress S,10008656,,,,,,0,0,0
Honey Punch Blue Lace Bodysuit / Size S,10007921,,Honey Punch,,,,1,0,0
Honey Punch Cardigan,10004007,,Honey Punch,,,,1,0,0
Hooters Tank,10003312,,Hooters,,,,0,0,0
Hot Pink One Shoulder Crop Top / Size XS,10006723,,unknown,,,,1,0,0
Hot Tees SL Pink Graphic / Size L,10004801,,Hot Tees,,,,0,0,0
HotKiss/PinkDrawSTringPant/SizeS/XS,10006804,,Hot Kiss,,,,1,0,0
House of Harlow Green & White Crop Top / Size S,10005951,,House of Harlow 1960,,,,1,0,0
House of Harlow Nicole Richie Jacket M,10009295,,,,,,1,0,12.5
House of Harlow Orange Tube Top M,10009207,,,,,,1,0,5.25
House of Harlow Satin Collared Blouse / Size M,10007731,,House of Harlow 1960,,,,0,0,0
House of Harlow Tank Top Beige Size M,10003565,,House of Harlow,,,,1,0,0
How Very Loved Red Floral Dress L,10007528,,,,,,1,0,0
Hudson Gray LS Top Size M,10007484,,,,,,0,0,0
Hudson Green Shorts/ Size 29,10006822,,hudson,,,,1,0,0
Hudson/BlackPant/Size8,10003602,,hudson,,,,1,0,0
Hudson/BlkShort/SizeXS,10006349,,hudson,,,,1,0,0
HummingBird/PinkWrapBodySuit/SizeL,10006415,,Humming Bird,,,,1,0,0
Hunt Club Beige / Size 10,10005666,,Hunt Club,,,,0,0,0
Hurley Leopard Shorts,10008025,,Hurley,,,,0,0,0
Hurley/Pink Pullover/Size M,10003887,,Hurley,,,,1,0,0
HyFve Black Top/Size M,10005375,,HYFVE,,,,0,0,0
Hydraulic Jean Skirt/Size 14,10004503,,Hydraulic,,,,0,0,0
Hyfve White Skirt / Size S,10008283,,HYFVE,,,,0,0,0
Hype & Vice Vols Crop Top XS,10009425,,,,,,1,0,3.75
Hypnotik Blue Gray Circle Dress / Size S,10005494,,Hypnotik,,,,0,0,0
I.C.E pink jacket/4,10007456,,I.C.E.,,,,1,0,0
I.N Purple Floral Satin Tank / Size L,10006756,,I.N. San Francisco,,,,1,0,0
I.N. Black Floral SL Dress Glitter / Size M,10004823,,I.N. San Francisco,,,,0,0,0
ICE Purp Pink Longsleeve Dress / Size S,10003868,,ICE,,,,1,0,0
IErelaxed/GrnPatternShirt/SizeM,10006051,,ie relaxed,,,,0,0,0
IHeartU/CrochetCover/SizeS,10008973,,I Heart U,,,,1,0,8
IISLI Black Dress Size S,10008909,,,,,,1,0,11
IISLI Black Tank w Details / Size M,10008015,,IISLI,,,,1,0,6.5
IN MULTI,10005825,,,,,,-1,0,0
INC Black & Rose SL Top / Size L,10006543,,INC,,,,1,0,0
INC Black & White Polka Dot Top / Size XL,10005636,,INC,,,,1,0,0
INC Black Jacket Size L,10007441,,,,,,1,0,0
INC Blue SL Top / Size M,10007020,,INC,,,,0,0,0
INC Bronze Heels Size 10,10003356,,INC,,,,1,0,8
INC Coat Size M,10008030,,,,,,0,0,0
INC LS Top Black Size L,10003399,,INC,,,,1,0,0
INC Leopard Blk&Beige Top/Size S,10004741,,INC,,,,1,0,0
INC Navy Floral Top/Size S,10004747,,INC,,,,1,0,0
INC Orange&Red Floral Blouse,10004361,,INC,,,,1,0,0
INC Pink Pattern Top / Size L,10006520,,INC,,,,1,0,0
INC Red Pink Black LS Top / Size XL,10005648,,INC,,,,1,0,0
INC black tank brown Size M,10008928,,,,,,-1,0,0
INC/ Floral Slvlss Top/ Blue/ Size S,10005066,,INC,,,,1,0,0
INC/ Sequin Top/ Rose Gold/ Size S,10005082,,INC,,,,2,0,0
INC/Blk&lime/multicolTop/Size6,10006033,,INC,,,,1,0,0
INC/BlkWhiFlowerTop/SizeL,10006882,,INC,,,,1,0,0
INC/BluMulticolBttndwn/SizeS,10006136,,INC,,,,1,0,0
INC/BrwnsLongSleeve/SizeM,10004472,,INC,,,,1,0,0
INC/MulticolButtonDown/SizeS,10004457,,INC,,,,1,0,0
INC/PinkGreyDress/SizeXS,10007747,,INC,,,,0,0,0
INC/SilverTieTop/SizeXL,10009091,,INC,,,,1,0,8
INC/swtr/grn/XL,10004712,,INC,,,,1,0,0
IRE Black Open Back Top / Size M,10004092,,Ire,,,,1,0,0
ITOO Italy Multicolor Skirt / Size S,10005724,,Itoo Italy,,,,0,0,0
Ideology Purple Silk Blouse / Size 6,10006336,,Ideology,,,,0,0,0
Idyllwind/WhiskeyTankTop/SizeM,10009351,,IDYLLWind,,,,1,0,8
Ilaria Sartori Black Gold Sandals/7.5,10007083,,Ilaria,,,,0,0,0
Imagine Dragons Evolve Tee S,10008837,,,,,,1,0,4
Iman Red Pants / Size L,10008161,,Iman,,,,1,0,8
Impeccable Pig Red & Black LS Top / Size L,10005650,,the impeccable pig,,,,1,0,0
Imperial Vtg Pink Sequin Tank Size Lg,10009581,,Imperial,,,,1,0,25
Impressions Leaf Dress S,10008715,,,,,,0,39.99,0
In BloomCamisole,10002403,,In Bloom,,,,1,0,0
In BloomCamisole_Je,10002408,,In Bloom,,,,0,0,0
In Cashmere/Wool Pearl Black Scarf,10003329,,in,,,,1,0,0
Ina/BlueSlvlssFlowerTop/SizeM,10007735,,Ina,,,,1,0,0
Inc Black Vest Size S,10009389,,,,,,1,0,4.35
Inc Denim Lace-up Dress 2,10009410,,,,,,0,0,0
Inc Purple Camisole M,10008203,,,,,,1,0,6
Inc Silver Heels/Size 10,10007052,,INC,,,,0,0,0
India Boutique Paisley Dress M,10009149,,,,,,1,0,6.55
India faux Pearl Necklace,10008448,,,,,,1,0,12.5
Indigo by Clarks Pink Sandals/Size 8.5,10007044,,Clarks,,,,1,0,0
Indulge Dress Black/White Size M,10007260,,,,,,0,0,0
Indulge/BlackBBDollTop/SizeXL,10006892,,Indulge in Style,,,,0,0,0
Ines de la White LS Buttondown / Size XS,10005846,,Ines De La Fressange,,,,1,0,0
Inge Sport Orange Summer Bag,10007097,,Inge Sport,,,,1,0,0
InnerMost Ppl Slip/Size S,10003912,,Inner Most,,,,0,0,0
IntFreeP/Pnk&NavyDress/SizeXS,10006093,,Intimately,,,,1,0,0
IntimateMoods Pnk Slip/Size S,10003918,,Intimate Moods,,,,1,0,0
Intimately FB Red Swoop Neck LS / Size S,10005013,,Intimately,,,,1,0,0
Intimately FP Mauve Lace LS Top S,10009606,,,,,,1,0,5
Intimately by FP Lilac SL Blouse / Size M,10006995,,Free People,,,,0,0,0
Intimately/YllwTop/SizeSP,10009508,,Intimately,,,,0,0,0
Intimissimi Black Cami w Lace / Size S,10005926,,Intimissimi,,,,0,0,0
Intuitions/EmbroidedVest/Size6,10008290,,intuitions,,,,0,0,0
Investments/Tan Tweed Pant/Size 14,10004290,,Investments,,,,1,0,0
Ipanema Brown Shoes / Size 8M,10007056,,Ipanema,,,,1,0,0
Iris Black Tank / Size S,10005751,,Iris Los Angeles,,,,1,0,0
Iris Pink Satin Embroidered Jacket / Size L,10005935,,Iris Los Angeles,,,,0,0,0
Iris/PinkTieShirt/SizeXL,10007692,,Iris,,,,1,0,0
Isaac Mizrahi Black Skirt Size 10,10007205,,,,,,1,0,0
Isaac Mizrahi White Dress / Size 6,10006983,,Isaac Mizrahi,,,,0,0,0
Isabel Blue Jean Overalls / Size 6,10007295,,Isabel,,,,1,0,0
Isabella D Black Skirt / Size 8,10004957,,Isabella DeMarco,,,,1,0,0
Isabella DeMarco Brwn Skrt Size 10P,10009583,,Isabella DeMarco,,,,1,0,8
IslandPlanet/MulticolTubeTop/SizeXS,10008355,,Island Planet,,,,1,0,0
Isle Blue Beige Dress / Size S,10004612,,Isle,,,,1,0,0
It's Our Time Gray Knit Sweater / Size M,10004769,,It's Our Time,,,,1,0,0
Itsu Green Floral Skirt / Size 8,10007787,,Itsu,,,,0,0,0
Ivanka Trump Beige Heels Size 10,10007090,,Ivanka Trump,,,,1,0,0
Ivy Jane Pink Green Floral SS Top / Size S,10007297,,Ivy Jane,,,,1,0,0
IvyRidge/Blue&WhiLongSL/SizeL,10005298,,Ivy Ridge,,,,1,0,0
Ixee DRess Blk Wht Peach/Size S,10006810,,Ixee,,,,0,0,0
Izod Blue Polka Dot Slip / Size M,10007835,,Izod,,,,0,12.45332,0
Izod Pink & White Collared SL Tank / Size M,10005606,,Izod,,,,0,0,0
Izod Pink Tennis Skirt w Buckle / Size 4,10004965,,Izod,,,,1,0,0
Izod Purple Skirt White Stitching / Size 16,10005522,,Izod,,,,0,0,0
J & X Black Beaded Peacock Scarf,10008008,,J & X,,,,0,0,0
J Brand white jeans/26,10006843,,J Brand,,,,0,0,0
J Crew Beige Red Blue Cashmere Sweater / Size M,10005960,,J Crew,,,,0,0,0
J Crew Beige Skirt Size 10,10007979,,,,,,1,0,6
J Crew Black SL Top / Size XS,10008170,,J Crew,,,,1,0,8
J Crew Blue Dress Size 4,10008720,,,,,,0,0,0
J Crew Chambray Tank 6,10008714,,,,,,1,0,7.5
J Crew Classic Pink Cardigan S,10009014,,,,,,1,0,6.55
J Crew Green/Beige Skirt 10,10007967,,,,,,1,0,6
J Crew Honeycomb Gray LS / Size M,10004731,,J Crew,,,,1,0,0
J Crew Navy Lace Top/Size 8,10005373,,J Crew,,,,1,0,0
J Crew Off White Sweater / Size XS,10005565,,J Crew,,,,1,0,0
J Crew Pale Nude Silk Top / Size 8,10007997,,J Crew,,,,1,0,0
J Crew Pale Peach SS Shirt / Size 6,10004758,,J Crew,,,,1,0,0
J Crew Peach Pencil Skirt 4,10009485,,,,,,1,0,5
J Crew Pink & White Cardigan / Size XL,10005879,,J Crew,,,,1,0,0
J Crew Pink Blouse 10,10008033,,,,,,1,0,7.25
J Crew Pink Knit Tank / Size L,10005844,,JCrew,,,,1,0,0
J Crew Pink Orange Floral SL Long Dress / Size XS,10007777,,J Crew,,,,0,0,0
J Crew Pink Red Floral Dress / Size 12,10006763,,J Crew,,,,0,0,0
J Crew Pink SS Blouse / Size 12,10006979,,J Crew,,,,0,0,0
J Crew Pink Satin Skirt / Size 6,10007866,,J Crew,,,,0,0,0
J Crew Pink Sequin Top S,10007818,,,,,,1,0,64.99
J Crew Pink V-Neck SS Top S,10009186,,,,,,1,0,4.75
J Crew Pink and Blue Striped Skirt/Size 0,10007007,,J Crew,,,,1,0,0
J Crew Plaid Button Down Size S Blue/Pink,10004116,,J Crew,,,,1,0,0
J Crew Purple LS Striped Top / Size XS,10005115,,J Crew,,,,1,0,0
J Crew Red Dress Size XXS,10007177,,,,,,1,0,0
J Crew Red Floral Skirt XS,10009626,,,,,,1,0,5
J Crew Red Scallop Tank / Size 2,10005642,,J Crew,,,,0,0,0
J Crew Teal Camisole 4,10009379,,,,,,1,0,6.55
J Crew Teal SL Top / Size 2X,10006535,,J Crew,,,,1,0,0
J Crew Toothpick Colorful 29,10008708,,,,,,1,0,8.5
J Crew Top White Size 6,10003411,,J Crew,,,,0,0,0
J Crew White Button-up Vest 12,10008949,,,,,,0,0,0
J Crew White Pants / Size 29,10003807,,J Crew,,,,1,0,0
J Crew White Skirt / Size 27,10007115,,J Crew,,,,0,0,0
J Crew White Sleeveless Top 12,10008938,,,,,,1,0,6.65
J Crew White/Black Sequin Top S,10007820,,,,,,1,0,35
J CrewLS Button Down_Sa,10002952,,J Crew,,,,1,0,0
J CrewLS Flannel_De,10001166,,J Crew,,,,1,0,0
J CrewLS Top_89,10002738,,J Crew,,,,1,0,0
J CrewSkirt_vi,10000475,,J Crew,,,,0,0,0
J CrewSleeveless Top_Au,10002807,,J Crew,,,,1,0,0
J Gee Black Midi Skirt XL,10008702,,,,,,1,0,8
J Jill Biege LS Cardigan / Size XS,10005547,,J Jill,,,,0,0,0
J Jill Blue Floral Dress 4P,10009491,,,,,,1,0,5
J Jill Floral LS / Size XS,10004735,,J Jill,,,,1,0,0
J Jill Floral Print Skirt M,10009372,,,,,,1,0,13.25
J Jill Paisley LS Top LP,10008870,,,,,,1,0,4.5
J Jill Pink Sweater / Size L,10007645,,J Jill,,,,1,0,0
J JillCoat,10002074,,J Jill,,,,1,0,0
J JillCoverall_Br,10002930,,J Jill,,,,1,0,0
J JillLS Top_Wa,10002745,,J Jill,,,,1,0,0
J McLaughlin Blue & White Skirt / Size 6,10006462,,J McLaughlin,,,,1,0,0
J crew floral tank/s,10009070,,J Crew,,,,1,0,10.99
J. Crew Cardigan Black & White Size M,10003473,,J Crew,,,,1,0,0
J. Crew Pink Silky LS Pattern Tie Front / Size S,10004991,,J.Crew,,,,1,0,0
J. Crew Top Beige Size M,10007180,,,,,,0,0,0
J. Crew White LS Blouse Size XXS,10006947,,,,,,1,0,0
J. Gee yellow floral dress size SP,10006643,,J. Gee,,,,0,0,0
J. JIll Beige Long Cardigan / Size XS,10005017,,J.Jill,,,,1,0,0
J. Jill  Black Floral Dress Size S,10007198,,,,,,0,0,0
J. Jill Blue/White Pants Size M,10007436,,,,,,0,0,0
J. Jill Peach Dress Size M,10007291,,,,,,1,0,0
J. Welly Pink Jeans / Size M,10008042,,J Welly,,,,1,0,4
J. crew blouse/0,10009083,,J Crew,,,,1,0,11.99
J.Crew/ Lace Blouse/ Blk/ Size S,10005143,,J.Crew,,,,1,0,0
J.Crew/ Texture Tank/ Cream/ Size S,10005086,,J.Crew,,,,1,0,0
J.Crew/ Wrap Blouse/Grn/Size M,10005030,,J.Crew,,,,0,0,0
J.Crew/Blk&Wt Checker/Size M,10003683,,J.Crew,,,,1,0,0
J.CrewNWT/ Gnghm Shoulder Top/ Rd&Wht/ Size M,10005079,,J.Crew NWT,,,,1,0,0
J.Jill Blue Long Cardigan / Size 1X,10004969,,J.Jill,,,,1,0,0
J.Jill/ Navy Kit Sweater/Size XS,10004272,,J.Jill,,,,1,0,0
JA Black Vols Hoodie M,10008718,,,,,,1,0,7.5
JA Volunteers LS T-Shirt XL,10008709,,,,,,1,0,5.25
JAmerica/tshrt/org/M,10004881,,JAmerica,,,,1,0,0
JB Dillon Cream Cowgirl Boots / Size 9,10003883,,JB Dillon,,,,0,0,0
JBD/skrt/denim/M,10004876,,JBD,,,,0,0,0
JBSWomen/PurpDress/Size22,10009572,,JBS Women,,,,1,0,8
JBrand/Blk Wax Jean/ Size 3,10004292,,J Brand,,,,1,0,0
JC JO Purple Stretch Pants XL,10007976,,,,,,0,0,0
JCrew  Purp Floral Long Sleeve / Size M,10003858,,J Crew,,,,0,0,0
JCrew OrngxWht Skirt/Size 0,10004508,,J Crew,,,,1,0,0
JCrew White Long Skirt / Size S,10008286,,JCrew,,,,0,0,0
JCrew/BlackFlats/Size7,10004406,,J Crew,,,,0,0,0
JCrew/BlkMultiColTop/Size8,10008550,,JCrew,,,,1,0,0
JCrew/GreenDotTop/SizeXL,10009339,,JCrew,,,,1,0,8
JCrew/GrnButtonSweater/SizeL,10004382,,J Crew,,,,1,0,0
JCrew/NavyWhiPlkaDotShorts/Size10,10006914,,JCrew,,,,0,0,0
JCrew/PinkTankTop/SizeM,10005297,,JCrew,,,,1,0,0
JCrew/PinkTanktop/SizeS,10006160,,JCrew,,,,1,0,0
JCrew/PinkruffleTankTop/SizeXS,10005295,,JCrew,,,,1,0,0
JCrew/PurpMulticolButtnDwn/Size4,10004325,,J Crew,,,,1,0,0
JCrew/Purple&WhButtonDown/SizeS,10004471,,J Crew,,,,1,0,0
JCrew/PurpruffleTank/SizeXS,10006098,,JCrew,,,,1,0,0
JCrew/WhiFlowyTop/SizeL,10009332,,JCrew,,,,1,0,8
JCrewNWT/ Scallop Tank/ Bl&Wht/ Size M,10005072,,JCrew,,,,1,0,0
JF/BlueShoe/Size6.5,10008068,,John Fluevog,,,,1,0,0
JGalt/BlueJean/SizeM,10004465,,J Galt,,,,1,0,0
JH Collectible LS Shirt Size 18,10007431,,,,,,1,0,0
JJ Basics Vest Brown Size M,10003384,,JJ Basics,,,,1,0,0
JJBasics/PinkSweater/SizeM,10004386,,JJ Basics,,,,1,0,0
JJill/GreyCardigan/SizeXL,10003636,,J Jill,,,,1,0,0
JJill/RedCardigan/SizeS,10004654,,J Jill,,,,1,0,0
JJill/YellowLongSleeve/SizeXL,10005282,,J Jill,,,,1,0,0
JJxs/WhiLayeredBlouse/SizeL,10005771,,JJXs Fairyland,,,,0,0,0
JKLA/BrwnflorallayerTop/SizeM,10006034,,JKLA California,,,,0,0,0
JM Collection Black Knit Sweater / Size M,10004774,,JM Collection,,,,1,0,0
JM Collection Green Shirt/Size 2X,10005234,,JM Collection,,,,0,0,0
JM Collection Pink Sheer Top / Size L,10005909,,JM Collection,,,,1,0,0
JM/LightBlue$GrnSweater/SizeXL,10004329,,JM Collection,,,,1,0,0
JMcollect/skrt/multibeige/16P,10004874,,JM Collection,,,,0,0,0
JO COBodysuit_An,10002543,,JO CO,,,,0,0,0
JPR/MulticolCardigan/SizeXL,10006039,,John Paul Richard,,,,1,0,0
JR Nites Black Sheer Longsleeve / Size 12,10003944,,JR Nites,,,,0,0,0
JR Nites Blk & Red Red Top,10009079,,JR Nites,,,,1,0,8
JR Nites NWT Black Tank Sequin / Size 14,10006335,,JR Nites,,,,1,0,0
JS Collection / Blue Floral LS Top / Size 14,10007649,,JS Collection,,,,1,0,0
JS Collection Black Dress Size 14,10007588,,,,,,0,0,0
JS Signature Black Cut Layer Skirt / Size 8,10004775,,JS Signature,,,,0,0,0
JSColl/BlkWhiStripeDress/Size6,10007704,,JS Collection,,,,0,0,0
JSCollection/BlkLayerDress/Size4,10009534,,JS Collection,,,,1,0,8
JackWills/JeanShort/Size6,10006868,,Jack Wills,,,,0,0,0
Jackpot Ombre Rayon Maxi Skirt M,10009483,,,,,,1,0,5
Jaclyn Smith Black Dressy Tank w Metal Cuff / Size L,10004978,,Jaclyn Smithxs Studio,,,,0,0,0
JacquelineF/BrownCrossBag,10008316,,jacqueline ferrar,,,,0,0,0
Jade Bl&Wht Top/Size S,10004745,,Jade,,,,1,0,0
Jade Pink LS Cardigan S,10008498,,,,,,1,0,8.3
Jaipur Green Print LS Top L,10009397,,,,,,1,0,6.55
Jaipur/GrnBlkPrintFlareBlouse/SizeM,10006792,,Jaipur,,,,0,0,0
James Jeans Jacket Blk Wax Denim,10004189,,James Jeans,,,,0,0,0
Jane & D Black & Gold Sheer LS / Size L,10007650,,Jane & Delancy,,,,0,0,0
Jane A Pink Skirt / Size 2X,10008198,,Jane Ashley,,,,1,0,6
Jane Delancy NWT Black Orange Floral Top/Size M,10005238,,Jane Delancy,,,,1,0,0
Jane&Delancy Tie Die SwtShirt,10003188,,Jane & Delancy,,,,1,0,0
JaneDelancy TieDye Pull/Size L,10004135,,Jane & Delancy,,,,1,0,0
Japna Blue/White Halter Top S,10008626,,,,,,1,0,3
Japna Blue/White SS Top S,10008637,,,,,,0,0,0
Japna Sleeveless Blouse Pink M,10007530,,,,,,0,0,0
Japna checkered tanktop/m,10008371,,Japna,,,,1,0,8.99
Japna/PnkFloralDetailTop/SizeL,10005784,,Japna,,,,1,0,0
JapnaCrop Top_Ho,10002722,,Japna,,,,0,0,0
Jason Maxwell Green Floral Hoodie/ Size XL,10007125,,Jason Maxwell,,,,0,0,0
Jax Black Dress / Size 4,10004643,,Jax,,,,1,0,0
Jcrew/Blk&WhiSkirt/Size8,10005762,,J Crew,,,,0,0,0
Jcrew/BlueLongsleeve/SizeXL,10006037,,J Crew,,,,1,0,0
Jcrew/MulticolDress/Size4,10008571,,JCrew,,,,1,0,8
Jcrew/MulticolFloralTop/Size2,10008588,,JCrew,,,,1,0,8
Jcrew/WhiBlkStitchShirt/SizeXS,10006942,,JCrew,,,,0,0,0
JealTom/GrnMulticolTop/SizeS,10005333,,Jealous Tomato,,,,0,9.995,0
Jean Midi-Pencil Skirt,10004251,,Bisou Bisou,,,,1,0,0
Jean Purse,10009580,,unknown,,,,1,0,6
Jeanne Pierre Orange SL Top / Size L,10006682,,jeanne pierre,,,,1,0,0
Jen 7 Straight Black Jeans / Size 4,10003796,,Jen 7,,,,0,0,0
Jennie & Marlis Blue Print Neck Top XL,10009305,,,,,,1,0,4.5
Jennifer L 2 Piece Satin Sleepwear / Size XL,10007831,,Jennifer Lopez,,,,1,0,0
Jenny Jen Blue Lace Camisole S,10008247,,,,,,0,0,0
JennyHan/YllwFeatherDress/SizeM,10009328,,Jenny Han,,,,1,0,8
Jessica H Blk Sweater/Size S,10003697,,jessica howard,,,,1,0,0
Jessica H Dark Blue Cover Up / Size S,10005756,,jessica howard,,,,1,0,0
Jessica Howard Floral Print Dress 22,10009422,,,,,,1,0,7.65
Jessica M Black Skirt VINTAGE / Size 5,10003769,,Jessica McClintock,,,,0,0,0
Jessica S NWT White Sweater w Pink / Size M,10005947,,Jessica Simpson,,,,0,0,0
Jessica SImpson purple striped skirt/L,10006671,,Jessica Simpson,,,,1,0,0
Jessica Simpson,10005219,,Jessica Simpson,,,,0,0,0
Jessica Simpson Multi-Color Heels 9,10007602,,,,,,0,0,0
Jeuvre Snakeskin & Floral Dress / Size XS,10006727,,Jeuvre,,,,0,0,0
JezebelCamisole,10002407,,Jezebel,,,,0,0,0
JforJustify/FloralChainBttnDwn/SizeM,10006418,,j for justify,,,,1,0,0
Jillian Jones Beige Skirt 14,10009204,,,,,,1,0,5
JimiHendrixTShirt/SizeM,10006101,,Authentic Hendrix,,,,0,0,0
JimmyChoo/YllwLthrTanPurse,10008954,,Jimmy Choo,,,,1,0,8
Jint Black SS Shirt w Buttons / Size M,10005613,,Jint,,,,1,0,0
Jkara/BllBeadedTop/SizeL,10004583,,Jkara,,,,1,0,0
Jodi K White Floral Satin Crop Top / Size 1,10005703,,Jodi Kristopher,,,,1,0,0
Joe B & Red Thread Skirt / Size M,10009589,,Joe B,,,,1,0,5.75
Joe's Bluejeans Size S,10003527,,,,,,0,0,0
Johnny Cash Tee,10004012,,Cash,,,,0,0,0
Johnny Was Beige Dress / Size S,10005865,,Johnny Was,,,,0,0,0
Johnny Was Green Trench Midi L,10008435,,,,,,1,0,25
Johnny Was SS Blouse Purple XL,10007961,,,,,,1,0,6
Johnny Was/ Shoulder Bag,10005083,,Johnny Was,,,,0,0,0
JohnnyM/BlkHalterDress/SizeM,10008327,,Johnny Martin,,,,0,0,0
Johnston & Murphy Gold Flats/Size 6.5,10007084,,Johnston X Murphy,,,,1,0,0
JohnstonXM/OrangeShirt/SizeM,10006032,,Johnston X Murphy,,,,1,0,0
Joie/BabyPinkBlouse/SizeS,10005293,,Joie,,,,1,0,0
Joie/PinkFloralTop/SizeS,10006354,,Joie,,,,1,0,0
JoieSS Top_Pe,10002942,,Joie,,,,0,0,0
Jolie & Joy Green Crop Top / Size XL,10006485,,Jolie & Joy,,,,1,0,0
Jolt Black Pants Size 4,10008763,,,,,,1,0,5.5
Jonathan Logan green sweater dress/7,10008093,,Jonathan Logan,,,,1,0,0
Jones NY Black Jacket XL,10008679,,,,,,1,0,8
Jones NY Leather Jacket / Size 1X,10004785,,Jones New York,,,,1,0,0
Jones NY White Denim Skirt 6,10009419,,,,,,1,0,5.5
Jones New York Grey LS Top S,10007515,,,,,,1,0,0
Jones New York Red Multi Color Hoodie Sweater/Size 2X,10007013,,Jones New York,,,,1,0,0
Jones Studio Purple Red Floral LS / Size XL,10005649,,Jones Studio,,,,1,0,0
Jones/BrwnFurrTrimCoat/SizeS,10003601,,Jones New York,,,,1,0,0
JonesNY/ Jean Vest/ Size S,10005170,,Jones New York,,,,0,0,0
JonesNY/BlackBttnDwnDress/Size10,10008334,,Jones New York,,,,0,0,0
JonesNY/Blk&TanFloralDress/Size8,10004604,,Jones New York,,,,1,0,0
JonesNY/BlkTieTop/SizeM,10005775,,Jones New York,,,,1,0,0
JonesNY/Grn&PnkBttnDwn/SizeXL,10006088,,Jones New York,,,,1,0,0
JonesNYNWT/WhiSlipDress/SizeM,10007390,,Jones New York NWT,,,,1,0,0
Jordache Butterfly Jeans As-Is,10006780,,Jordache,,,,1,0,0
Jordans/PinkSlides/Size9,10009365,,Jordan,,,,1,0,8
Joseph A Blk Sleeveless Top,10009080,,joseph a.,,,,1,0,8
Joseph A Pink Blue Sweater / Size S,10006476,,joseph a.,,,,1,0,0
Joseph A. MulticolorSweater/Size M,10003718,,unknown,,,,1,0,0
Joseph Black & White Leopard Cardigan / Size S,10005875,,joseph a.,,,,1,0,0
Joseph R Silver Metallic Jacket / Size 10,10007991,,Joseph Ribhoff,,,,1,0,0
Josephine Chaus Pink Cardigan / Size XL,10005945,,Josephine Chaus,,,,1,0,0
Josephine White Dress Pants 6,10009404,,,,,,1,0,5.45
Jou Jou Bronze LS Top L,10008489,,,,,,1,0,8.5
JouJou Brown Pleather Jacket / Size M,10004799,,JouJou,,,,0,0,0
JouJou Calico Fur Vest/Size 2X,10004057,,JouJou,,,,1,0,0
JouJou/LimeGrnJacket/SizeM,10004492,,JouJou,,,,0,0,0
JrTheme/Brwn Jewel Dress/Size L,10004663,,Jr. Theme,,,,1,0,0
Judith Hart Green SS Top / Size 8,10007716,,Judith Hart,,,,0,0,0
JudyBlue/PinkPocketPant/Size31,10007695,,Judy Blue Los Angeles,,,,0,0,0
Juicy C White SS Dress / Size 4,10005200,,Juicy Couture,,,,0,0,0
Juicy Couture 2 Piece Baby Pink Velvet / Size M,10003983,,Juicy Couture,,,,0,0,0
Juicy Couture Pink Eyelet Dress 6,10009502,,,,,,1,0,8.75
Juicy Couture White Hoodie/Size S,10005250,,Juicy Couture,,,,1,0,0
Juicy Couture White Stretch Pants 10,10009442,,,,,,1,0,7.65
JuicyC/BlkGemBlouse/SizeS,10006400,,Juicy Couture,,,,1,0,0
JuicyC/MulticolFloralTop/SizeL,10006085,,Juicy Couture,,,,1,0,0
Jules & Leo Pink Pants / Size L,10004762,,Jules X Leopold,,,,1,0,0
Jules & Leopold Black and Grey Pants,10005681,,,,,,1,0,0
Jules & Leopold Floral Pants,10003288,,Jules X Leopold,,,,0,0,0
JuliaTee Shirt_Cu,10002725,,Julia,,,,0,0,0
Julian T Blue & Pink Dress / Size 16,10004622,,Julian Taylor,,,,1,0,0
JulianT/MulticolTop/Size16,10005280,,Julian Taylor,,,,1,0,0
Juliet Dunn London Blue Dress 2,10007816,,,,,,1,0,177
Jun & Ivy Blue & White Crop Top / Size XS,10005986,,Jun X Ivy,,,,0,0,0
Jun & Ivy Blue Bodysuit Size S,10008842,,,,,,1,0,5.5
Just Fab Lemon Heels / Size 8.5,10007638,,JustFab,,,,0,0,0
Just G Shorts Jumper Size 2,10006279,,Just G,,,,0,0,0
Just Polly/ Swirl Tee/ Multicolor/ Size XL,10005430,,Just Polly,,,,0,0,0
Just West Pants Blue Size M,10003514,,Just West,,,,1,0,0
JustFab Blue Boots Size 8 1/2,10003352,,JustFab,,,,1,0,0
Justice Blue Jean Shorts / Size S,10007579,,Justice,,,,1,0,0
Justice White Shorts / Size 0,10007304,,Justice,,,,1,0,0
Justice/WhiteShort/Size14P,10006905,,Justice,,,,1,0,0
Justify Burgundy Jacket,10000605,,Justify,,,,1,0,0
Justin pink and brown leather boot,10008366,,Justin Boots,,,,1,0,90.45
JustinBoots/BrownStitchBoots/Size8.5,10008295,,Justin Boots,,,,0,0,0
K&K/BlueRuffleSkirt/SizeL,10004895,,Kendall X Kylie,,,,1,0,0
KLD Black SL Dress / Size L,10007469,,KLD,,,,1,0,0
KUT Black Jeans / Size 10,10005566,,Kut,,,,1,0,0
KUT Black Pants NWT / Size 8,10004771,,KUT NWT,,,,1,0,0
KUT Blk Multicolor LngSLve/Size S,10004744,,Kut,,,,1,0,0
KUT Burgundy Corduroy Pants / Size 2,10003781,,Kut,,,,1,0,0
KUT Jean Shorts / Size 6,10006993,,Kut,,,,1,0,0
KUT Red Floral Chiffon SL / Size XXL,10004798,,Kut,,,,1,0,0
Kaari Blue Burnt Orange Pants / Size 14,10007782,,Kaari blue,,,,1,0,0
Kachel Black Dress Size 4,10007819,,,,,,1,0,111
Kadence White Fur Vest / Size M,10004086,,Kadence,,,,1,0,0
Kaileigh/BlkFloralDress/SIzeS,10007703,,Kaileigh,,,,1,0,0
Karen A White LS Lace / Size 6,10006486,,Karen Alexander,,,,0,0,0
Karen Kane Black Lace Top/Size S,10005376,,Karen Kane,,,,1,0,0
Karen Kane Brown SS Top M,10008810,,,,,,0,0,0
Karen Kane Multi-Color Top XL,10008388,,,,,,1,0,6.5
Karen Scott Jean Skirt / Size 8,10005987,,Karen Scott,,,,0,0,0
Karen Scott Red Sweatshirt Size S,10007535,,,,,,1,0,0
Karen ScottSweater_Em,10002610,,Karen Scott,,,,1,0,0
KarenK/MulticolBlouse/SizeL,10004473,,Karen Kane,,,,1,0,0
KarenM/GreyButtonDown/Size6,10003647,,Karen Millen,,,,1,0,0
KarenMillen/BlkGreyDress/Size4,10009545,,Karen Millen,,,,1,0,8
Karessah White Tank Detail Straps / Size M,10008999,,Karessah,,,,0,0,0
KarinStevens/PinkYllwFloralTop/Size16,10009110,,Karin Stevens,,,,1,0,8
Karl L Black Purse NWT,10008077,,Karl Lagerfeld,,,,0,0,0
Karlie Pink Dress/Size XL,10006775,,Karlie,,,,0,0,0
Kasper Black & White SL Tank / Size 12,10005669,,Kasper,,,,1,0,0
Kasper Black SL Top / Size M,10006559,,Kasper Knits,,,,0,0,0
Kasper Red Jacket Size 14,10007629,,,,,,1,0,6
Kasper/WhiteTieTop/SizeM,10006924,,Kasper,,,,1,0,0
Kate KasinNWT/ Sheer Shirt/ Nvy/ Size XL,10005034,,Kate Kasin,,,,1,0,0
Kate Park Pink Capri's L,10008711,,,,,,1,0,6.25
Kate Spade B/W Leather Crossbody,10008795,,,,,,1,0,30
Kate Spade Basket Floral Purse,10007308,,Kate Spade,,,,1,0,0
Kate Spade PInk Lola Tote Bag,10008443,,,,,,0,0,0
KateHill/Grey&PurpZipup/SizeL,10005321,,Kate Hill,,,,1,0,0
KateLord Prp StripeShrt/Size M,10004117,,Kate Lord,,,,0,0,0
Kathie Lee Coll. White Top XL,10008872,,,,,,1,0,5.75
Keepsake White Dress M,10008845,,,,,,1,0,12.5
Kenar Black SL Top / Size S,10008189,,Kenar,,,,1,0,6
Kenar Black Skirt Size 6,10007293,,,,,,1,0,0
Kenar Blue Red Shorts / Size 6,10007576,,Kenar,,,,0,0,0
Kenar Yellow Button-Up Top XL,10009423,,,,,,1,0,5.45
Kendall & Kylie Blue Satin Crop Top / Size S,10007172,,Kendall X Kylie,,,,1,0,0
Kendall X KylieJeans_Lu,10001212,,Kendall X Kylie,,,,1,0,0
KendallXKylie/ Brown Suede Coat/Size M,10004278,,Kendall X Kylie,,,,1,0,0
KendalxKylie Blk Crop Top/Size S,10003896,,Kendall X Kylie,,,,1,0,0
KendraS/BowNecklace,10008786,,Kendra Scott,,,,1,0,8
KendraS/CircleNecklace,10008790,,Kendra Scott,,,,1,0,8
KendraS/DiamFlowerNecklace,10008787,,Kendra Scott,,,,1,0,8
KendraS/GoldBracelet,10008785,,Kendra Scott,,,,1,0,8
KendraScottFlowerEarrings,10008784,,Kendra Scott,,,,1,0,8
Kenneth Cole Blk Sandals/Size 9.5,10007074,,Kenneth Cole,,,,1,0,0
Kenneth Cole Brown Boots Size 8,10007827,,,,,,0,0,0
KennethC/BrownPurse,10008062,,Kenneth Cole,,,,0,0,0
KennethC/GreyPurse,10008063,,Kenneth Cole,,,,0,0,0
Kensie Orange Jeans,10004009,,Kensie,,,,1,0,0
Kensie/WhitelaceDress/Size10,10006930,,Kensie,,,,0,0,0
Kenzie Black SL Dress / Size S,10007357,,Kenzie,,,,0,0,0
Kenzie Green Colorful SL Dress / Size M,10007224,,Kenzie,,,,1,0,0
Keren Hart Hot Pink LS Knit Cardigan / Size XL,10007794,,Keren Hart,,,,1,0,0
Khaki Pant/Size 12,10004439,,Joes,,,,1,0,0
Khaki Straight Leg/ Size 6,10004447,,Levi Strauss X Co,,,,1,0,0
KidsCrochetFlowerShirt/SizeS,10008124,,Bobbi Brooks,,,,1,0,0
KidsKnitStrawBSkirt/SizeS,10008123,,unknown,,,,1,0,0
KidsKnitSweater/SizeS,10008122,,unknown,,,,1,0,0
Kilo Brava Pink Dress Size XL,10007199,,,,,,1,0,0
Kim R Red Tank w Embroidered / Size L,10008244,,Kim Rogers,,,,1,0,4
Kim Rogers Brown Pants Size 12,10008731,,,,,,1,0,4.5
Kim Rogers Red Pink Orange Dot DressNWT / Size 8,10004981,,Kim Rogers,,,,1,0,0
"Kim Rogers Red, White Blue Skirt / Size 12",10005989,,Kim Rogers,,,,0,0,0
Kim Rogers Red/Beige Skirt L,10008698,,,,,,1,0,7.5
KimRogers/BrwnPolkaDotDress/Size6,10005467,,Kim Rogers,,,,0,0,0
KimRogers/MulticolFloralTop/SizeXL,10009099,,Kim Rogers,,,,1,0,8
Kimchi Blue Floral Halter Dress / Size S,10005871,,Kimchi Blue,,,,0,0,0
Kimchi Blue Pink Lace Top/Size Lg,10005237,,Kimchi Blue,,,,0,0,0
KimchiBlue/GreySweater/SizeS,10004373,,Kimchi Blue,,,,1,0,0
Kimcine Multi-Color Pants Size M,10007517,,,,,,1,0,0
Kirundo/RustBubbleTop/SizeL,10005299,,Kirundo,,,,1,0,0
Kiwi & Punch Black LS Top XL,10008882,,,,,,1,0,6.5
Kiwi Black White Striped Dress / Size XL,10005632,,Kiwi & Punch,,,,0,0,0
Knight Orange Smokey T-Shirt M,10009481,,,,,,0,0,0
Knit tote bag with circular handles,10008367,,unknown,,,,0,0,0
Knit70/TanDress/SizeP,10008080,,Knit 70,,,,1,0,0
KnitShawl/Navy/SizeM,10004096,,unknown,,,,1,0,0
Known Supply Green SS Shirt / Size S,10006641,,Known Supply,,,,0,0,0
Kokin Black Tulle Hat,10003979,,Kokin,,,,1,0,0
Kokin brown suede hat,10009058,,Kokin,,,,1,0,35.99
Komarov/GreyDress/SizeM,10009565,,Komarov,,,,1,0,8
Koral Orange Hoodie,10004001,,Koral,,,,1,0,0
Koret/BlkVelvetVest/SizeS,10005457,,Koret,,,,1,0,0
Kori Blue Floral LS Dress / Size L,10004226,,Kori America,,,,0,0,0
Kori Multi-Color Dress S,10008759,,,,,,1,0,6
Kori/MulticolBlouse/SizeS,10004917,,Kori America,,,,0,0,0
Kourt Black Dress/Size M,10007328,,Kourt,,,,0,0,0
Kouture by Kimora Black Blouse M,10009241,,,,,,1,0,7.65
KrazyLarry/KhakiAnimalPrintLeggings/Size6,10004305,,Krazy Larry,,,,1,0,0
Krisa Black Floral Tank / Size XS,10006333,,Krisa,,,,1,0,0
Kristin D White LS Buttondown / Size L,10008046,,Kristin Davis,,,,0,0,0
Ktoo Pink Skirt,10006779,,K Too,,,,0,0,0
KuYue/BrwnTrouser/SizeXL,10004452,,Ku Yue,,,,1,0,0
Kut Blk Skinny Pant/ Size 6,10003829,,Kut,,,,1,0,0
Kut NWT Tan Pants/Size 2,10004178,,KUT NWT,,,,0,0,0
Kut from the Cloth Pants Brown Size 4,10003500,,Kut,,,,1,0,0
Kut/BlackSpeckledButtonDown/SizeL,10004371,,Kut,,,,1,0,0
Kut/MulticolSheerTop/SizeS,10006784,,Kut,,,,1,0,0
Kut/WhiteShorts/Size8,10006926,,Kut,,,,1,0,0
Kut/YllwBttnDwn/SizeM,10006104,,Kut,,,,1,0,0
KutPants_Me,10000276,,Kut,,,,1,0,0
KymarSlvlss Slip,10002413,,Kymar,,,,1,0,0
L'Agence Copper Pants M,10007242,,,,,,1,0,0
L'Artiste Black Sandals/ Size 6.5,10007048,,L'Artiste,,,,0,0,0
L'Artiste Boots Brown/ Size 7.5,10006270,,,,,,0,0,0
L'Pogee Multicolor Tank Size L,10008838,,,,,,0,0,0
L.S. Dunes Tee Shirt Beige Size S,10003408,,L.S. Dunes,,,,0,0,0
LA Hearts Cream Corsett S,10009437,,,,,,1,0,5.45
LA Hearts Orange Knit Crop Top S,10008918,,,,,,1,0,4.5
LA Hearts Purple Top Size S,10008627,,,,,,0,0,0
LA Hearts black floral tanktop/s,10008378,,LA Hearts,,,,1,0,7.99
LA lille navy blouse/24L,10007355,,LA lille,,,,1,0,0
LAHearts/GrnBlueHalterTop/SizeM,10006900,,LA Hearts,,,,0,0,0
LAL/AnimalPrintJacket/SizeS,10006791,,Lal,,,,1,0,0
LCW/dess/denim/XL,10005815,,LCW jeans,,,,0,0,0
LIV Los Angeles White Seethrough LS / Size 2x,10006960,,LIV Los Angeles,,,,0,0,0
LIV White Sweater w/ Sequins / Size M,10005556,,LIV Milano,,,,1,0,0
LIVE/BlkCoverUptop/SizeS,10009515,,Live!,,,,1,0,8
LJC Khaki Pants / Size 4,10003855,,Lauren Jeans Company,,,,1,0,0
LJC/PinkCorduroy/SizeXL,10006796,,Lauren Jeans Company,,,,1,0,0
LLBean Pnk Puff Vest/Size M,10004142,,LLBean,,,,1,0,0
LOL Vintage Super Gal Tee Shirt Grey Size S,10003416,,LOL Vintage,,,,1,0,0
LRL Beige Button LS / Size S,10005949,,Lauren Ralph Lauren,,,,1,0,0
LRL Black Purse Gold Zipper,10004523,,Lauren Ralph Lauren,,,,0,0,0
LRL Brown Floral Cardigan / Size L,10005950,,Lauren Ralph Lauren,,,,1,0,0
LRL Gold Skirt / Size 8,10005705,,Lauren Ralph Lauren,,,,1,0,0
LRL Green LS / Size XL,10005886,,Lauren Ralph Lauren,,,,0,0,0
LRL Hot Pink SL Dress / Size 6,10004976,,Lauren Ralph Lauren,,,,1,0,0
LRL Lauren Jeans Green Size 6,10008223,,,,,,1,0,8.99
LRL Orange Colorful Skirt / Size M,10008159,,Lauren Ralph Lauren,,,,0,0,0
LRL Red & Blue Dress / Size 10,10004594,,Lauren Ralph Lauren,,,,1,0,0
LRL VINTAGE Blue Pants / Size 4,10003808,,Lauren Jeans Company,,,,1,0,0
LTDL/Pink&prpSweater/SizeS,10004652,,Les Tricots De Lea,,,,0,0,0
LTX Orange LS Top XL,10008765,,,,,,1,0,6.25
LTX Orange LS Top XXL,10008764,,,,,,1,0,6.25
LV Canvas Bandouliere,10009627,,,,,,1,0,500
La Castellana Pink Camisole Size S,10003378,,La Castellana,,,,0,0,0
La Lavon White Floral Dress Size L,10008422,,,,,,0,0,0
La Peche SS Top Size M,10008621,,,,,,1,0,4.5
La Ranchita Leopard Reversible Tote,10009522,,La Ranchita,,,,1,0,6.25
La Sensa Ylw&Gry Halter/Size L,10003913,,La Sensa,,,,0,0,0
LaMode/MulticolSwtrVest/SizeXL,10006043,,La Mode,,,,0,0,0
LaVigna Brown Cashmere Jacket M,10007621,,,,,,1,0,21.5
Lace Long Tunic Apricot/Size L,10004168,,unknown,,,,0,0,0
Lace Red Rose Corset/Size L,10003571,,Lavish,,,,0,0,0
LaceLongsleeve/SizeS,10006030,,unknown,,,,0,0,0
Lady&B/MaroonVest/SizeM,10005327,,Lady and Butler NY,,,,0,0,0
Lafayette 148 khaki  pant/M,10006672,,Lafayette 148,,,,1,0,0
Lafayette Brown Skirt w Embroid / Size 14,10005715,,Lafayette 148,,,,1,0,0
Lagence/BlkBeadedTop/Size4,10009090,,L'Agence,,,,1,0,8
Lala Red & White Sheer SL Top / Size M,10005932,,Lala,,,,0,0,0
Land's End Pink Zip Up Jacket / Size XL,10004767,,Lands End,,,,0,0,0
Lands End Cardigan Sweater Gray/Size M,10005244,,Lands End,,,,0,0,0
Lands End Gray Jacket/Size S,10005212,,Lands End,,,,1,0,0
Lands End Red & White Pattern Buttondown / Size 10,10005617,,Lands End,,,,1,0,0
LandsEnd/BurntPinkPant/Size16,10004310,,Lands End,,,,1,0,0
LandsEnd/Pinkzipup/Size2X,10004668,,Lands End,,,,1,0,0
Lane Bryant Black Metallic Skirt / Size 16,10005714,,Lane Bryant,,,,1,0,0
Lane Bryant Black Sequin Sleeveless / Size XXL,10004094,,Lane Bryant,,,,1,0,0
Lane Bryant Blk Cardigan/Size 22/24,10007004,,Lane Bryant,,,,1,0,0
Lane Bryant Floral Top XXL,10009054,,,,,,1,0,4.35
Lane Bryant Jeans/ Size 16,10004355,,Lane Bryant,,,,1,0,0
Lane Bryant Red SL Thin Vest / Size S,10008173,,Lane Bryant,,,,1,0,6
Lane Bryant Red Sequin Tank / Size 14,10005564,,Lane Bryant,,,,1,0,0
LaneB/GrnFloralTop/Size28,10005465,,Lane Bryant,,,,1,0,0
LaneBryant/GrnPant/Size14,10005766,,Lane Bryant NWT,,,,1,0,0
LaneBryant/NashvilleTshirt/Size22/24,10006156,,Lane Bryant,,,,0,0,0
LaneNWT Pink Cowboy Boots/Size 8,10003888,,Lane,,,,1,0,0
Lanidor Co Black Dress Gold Studs / Size 34,10005742,,Lanidor Collection,,,,0,0,0
Lanz VINTAGE Pink Colorful Dress / Size L,10004596,,Lanz Vintage,,,,0,0,0
Lanz VINTAGE Yellow Dress / Size M,10004093,,Lanz Vintage,,,,1,0,0
Lapis Pink & Brown Strapless Dress / One Size,10007110,,Lapis,,,,0,0,0
Laredo/BrwnBlkStitchBoots/Size9,10008296,,Laredo,,,,0,0,0
Large Brown Braided Belt / S,10006389,,unknown,,,,0,0,0
Large Gld&Blk Necklace,10004517,,unknown,,,,1,0,0
Lark&Grey/BrownJemJacket/SizeS,10004491,,Lark X Grey,,,,1,0,0
Larry Levine White Skirt Size 8,10009413,,,,,,1,0,7.65
Larry LevineBlazer,10002703,,Larry Levine,,,,1,0,0
Laundry Black Lace SS Top / Size S,10005841,,Laundry,,,,0,0,0
Laundry Black Print Dress 12,10007855,,,,,,1,0,0
Laundry Black Strap Dress / Size 4,10004629,,Laundry,,,,1,0,0
Laundry Multi-Color Dress Size M,10008455,,,,,,0,0,0
Laundry Pink & Green SL Dress / Size 6,10007217,,Laundry by Shelli Segal,,,,1,0,0
Laundry Shimmer Pattern Skirt / Size 10,10009592,,Laundry,,,,1,0,6.5
Laundry Striped Gray Hoodie Cardigan / Size XL,10005925,,Laundry by Shelli Segal,,,,1,0,0
Laundry White Gold Dress / Size 2,10003951,,Laundry by Design NWT,,,,1,0,0
Laundry/BlkBowDress/Size8,10009546,,Laundry,,,,1,0,8
Laundry/PurpHalterJumpsuit/SizeL,10009524,,Laundry by Shelli Segal,,,,0,32.99,0
LaurJeanCo/BrwnSweater/SizeM,10003644,,Lauren Jeans Company,,,,1,0,0
Laura Ashley  Purple SL Top / Size XL,10005665,,Laura Ashley,,,,1,0,0
Laura Ashley LS Top Black & White Size S,10003403,,Laura Ashley,,,,1,0,0
Laura Scott Black SL Mock Neck / Size 20W,10004975,,Laura Scott,,,,1,0,0
Laura ScottCover All_Si,10002677,,Laura Scott,,,,1,0,0
Laura ScottCoverall_PS,10002673,,Laura Scott,,,,1,0,0
LauraAshley/BlkShirt/Size11,10006368,,Laura Ashley,,,,1,0,0
LauraAshley/Gld Kitten/Size 7.5,10004070,,Laura Ashley,,,,0,0,0
Lauren Conrad Black Uni Top/Size M,10005827,,Lauren Conrad,,,,0,0,0
Lauren Conrad Jacket Brown Size S,10003394,,Lauren Conrad,,,,1,0,0
Lauren Green Jeans/Size 6,10007318,,Ralph Lauren,,,,1,0,0
Lauren JamesJacket_Ta,10002681,,Lauren James,,,,1,0,0
Lauren Jeans Co Khaki Util Jacket L,10009293,,,,,,1,0,12.5
Lauren Jeans LS Buttondown / Size M,10004732,,Lauren Ralph Lauren,,,,0,0,0
Lauren RL Pink SS Top XL,10008849,,,,,,1,0,8.75
Lauren RL White Off Shoulder Top / Size S,10006966,,Lauren Ralph Lauren,,,,0,0,0
Lauren Ralph Lauren Faux Fur Vest XXL,10008688,,,,,,1,0,8
Lauren Ralph Lauren Green T-Shirt L,10008713,,,,,,1,0,7.5
Lauren Ralph Lauren White Shorts 10,10008235,,,,,,1,0,6.5
LaurenC/BlkShortSlveTop/SizeM,10006106,,Lauren Conrad,,,,0,0,0
LaurenRLBrwnFringeBag,10008960,,Lauren Ralph Lauren,,,,1,0,8
Lavender Cargo/ Size XS,10004441,,Soho Blue,,,,1,0,0
Lavender Field Purple Blouse/ Size M,10004362,,Lavender Field,,,,1,0,0
Laxman Collection Rainbow Hoodie/ Size M,10006774,,Laxman Collection,,,,0,0,0
Layered Purple and Beige Stone Necklace,10008997,,unknown,,,,1,0,10.95
Le Chateau Leopard Boustier M,10007972,,,,,,0,0,0
Le Lis Black Knit Dress / Size M,10008007,,Le Lis,,,,1,0,0
Le Lis Black SL Silver Fringe Top / Size S,10006994,,Le Lis,,,,0,0,0
Le Lis Lt Blue Sleeveless Sweater S,10009621,,,,,,1,0,5
Le Lis Orange Romper Size M,10007226,,,,,,0,0,0
LeLis Grey/White SS Top M,10008647,,,,,,1,0,4
Leader Pink Butterfly Bedazzled Hat,10006743,,Leader,,,,1,0,0
Leather Fringe Dress / Size S,10004548,,,,,,0,0,0
Leather Strap Medallion Necklace,10007844,,,,,,0,0,0
Led Zeppelin Tee,10001106,,Led Zeppelin,,,,0,0,0
Lei Low Rise Jean/Size 12,10003845,,Lei,,,,1,0,0
Lela Rose Dress Beige Size M,10007165,,,,,,1,0,0
Lellis Collection Jean Romper / Size L,10006584,,Lelis Collection,,,,0,0,0
Lena Gabrielle Black Design Leggings / Size 8,10005694,,Lena Gabrielle,,,,1,0,0
Lena Gabrielle Floral Leggings/Size 10,10003831,,Lena Gabrielle,,,,1,0,0
Lena Orange Knit Dress M,10009266,,,,,,0,0,0
LenaG/CreamBttnBlazer/Size12,10008543,,Lena Gabrielle,,,,0,0,0
Leo & Nicole Cardigan Grey Size XXL,10003471,,Leo & Nicole,,,,1,0,0
Les Serein SS Top Bluegreen XL,10008661,,,,,,1,0,4.5
Letty & Me,10000064,,Letty & Me,,,,0,0,0
Letty & Me Cardigan,10003161,,Letty & Me,,,,1,0,0
Level 99 Army Green Button Up Pants NWT / Size 27,10004783,,Level 99,,,,1,0,0
Levi Strauss X CoJeans_Ba,10000168,,Levi Strauss X Co,,,,1,0,0
Levi's 314 Stretch Jeans S,10007877,,,,,,1,0,4.75
Levi's 314 stretch black S,10007876,,,,,,1,0,4.75
Levi's Beige Pants Size 8,10007493,,,,,,1,0,0
Levi's Cut Off Shorts 501,10007319,,Levi Strauss X Co,,,,0,0,0
Levi's Jean Skirt VINTAGE / Size 3,10007909,,Levi Strauss X Co,,,,1,0,0
Levi's Jeans Pink Size XL,10003511,,Levi Strauss X Co,,,,1,0,0
Levi's White Shorts / Size 30,10007301,,Levi Strauss X Co,,,,0,0,0
LeviJeans,10003054,,levixs,,,,0,0,0
Levis Black Jeans,10001565,,levixs,,,,1,0,0
Levis Cut Off Black Shorts/ Size 29 W,10007332,,Levi Strauss X Co,,,,0,0,0
Levis/ Jeans/ Pnk/ Size 6,10005172,,Levi Strauss X Co,,,,1,0,0
Levis/ Slm Strght Jeans/ Size 2,10005036,,Levi Strauss X Co,,,,1,0,0
Levis/SkinnyJeans/Size31,10009353,,Levi Strauss X Co,,,,1,0,8
LewMagram/GoldDress/Size6,10009527,,Lew Magram,,,,1,0,8
Lia Sophia Necklace,10007840,,,,,,0,0,0
Liangcai Black & Yellow Dress / Size XL,10004619,,Liangcai,,,,0,15.995,0
Libra LS Blouse Multi-Color Size XL,10007162,,,,,,0,0,0
Life Stride Black Riding Boots / Size 11,10005905,,Life Stride,,,,0,0,0
Life is Good Pink Adjustable Size Hat,10006624,,,,,,0,0,0
LifeStride/BrwnAnklBoots/Size9,10004320,,Life Stride,,,,1,0,0
Light Blue Cotton Vest w Buttons / Size XL,10006705,,unknown,,,,0,0,0
Light Wash Jean Vest / Size XL,10006689,,unknown,,,,0,0,0
Light Wash Straight Leg/Size 16,10004448,,Abercrombie X Fitch,,,,1,0,0
LightWashJeans/Size20,10004420,,Kut,,,,1,0,0
Like an Angel Pink Multi Color Pants / Size M,10003874,,Like an Angel,,,,1,0,0
Lila & Sophie NWT Black Pants w Sequins/Size 4,10009806,,Lila & Sophie,,,,0,0,0
Lila Rose Black Floral SL Dress / Size L,10005122,,Lila Rose,,,,0,0,0
Lili Sidonio Pink Floral Skirt / Size XS,10005735,,lili sidonio,,,,0,0,0
Lilly Pulitzer Green Crochet Dress M,10009418,,,,,,1,0,8.75
Lilly Pulitzer White Dress XS,10007654,,,,,,1,0,34
LillyP/LightBluCardigan/SizeS,10006112,,Lilly Pulitzer,,,,1,0,0
Lily Bleu Yellow SS Top,10008667,,,,,,0,0,0
Lily Brown SS Top / Size L,10005654,,Lily White,,,,0,0,0
Lily Pulitzer Orange Dress,10006809,,Lily Pulitzer,,,,0,0,0
Lily White/ Floral Top/ Brwn&Pnk/ Size S,10005150,,Lily White,,,,0,0,0
Lily white NWT shear white long sleeve blouse/XL,10006853,,Lily White,,,,1,0,0
Lime Green Sleeveless Top L,10009136,,,,,,1,0,4.25
Limited Black Skirt/Size 2,10005210,,The Limited,,,,0,0,0
Limited Navy Blue Green Pattern LS / Size XS,10004998,,The Limited,,,,1,0,0
Limited Shiny Shortsleeve / S,10004577,,The Limited,,,,1,0,0
Limited/BlkSequintop/Size12,10005759,,The Limited,,,,1,0,0
Limited/BlkSheerBttnDwn/SizeM,10006407,,The Limited,,,,0,0,0
Linda Anderson black sundress/L,10006838,,Linda Anderson,,,,0,0,0
Linden Hill Red Buttondown LS / SIze XL,10005197,,Linden Hill,,,,1,0,0
Linea Donatella Blue Camisole XL,10008423,,,,,,0,0,0
LineaD/WhtLaceDress/SizeS,10004660,,Linea Donatella,,,,0,0,0
Linen BttnDwn/ Teal/ Size L,10005067,,unknown,,,,1,0,0
Lisa Says Gah Strawberry Sweater Blue/Size M/L,10006261,,Lisa Says Gah,,,,0,0,0
LiseC/BluelaceCami/SizeXS,10006099,,Lise Charmel,,,,0,0,0
Lisette Floral Pants Offwhite/Size M,10005370,,Lisette,,,,0,0,0
Lisette/BrwnGreyPant/Size10/12,10007750,,Lisette,,,,1,0,0
Listicle Light Blue Dress Size L,10007261,,,,,,0,0,0
Little Caesars Hat Orange,10007101,,Little Caesars,,,,1,0,0
LiuJo/PurpKnitDress/SizeS,10005415,,Liu Jo,,,,0,0,0
Live To Be Spoiled Red Striped Crop Top / Size XL,10004821,,Live To Be Spoiled,,,,1,0,0
Live a Little Tan Jacket Size PL,10007437,,,,,,0,0,0
Live in the Moment Beige SL Crop Top / Size S,10005003,,Live in the Moment,,,,0,0,0
Liverpool Gray Dress Pants / Size 12,10005692,,Liverpool,,,,1,0,0
Liverpool Jeans Black Size 6,10003498,,Liverpool,,,,1,0,0
LiverpoolLA/BlueLongsleeveTop/SizeXS,10006887,,Liverpool LA,,,,1,0,0
LiverpoolLA/PinkButtonDown/SizeM,10004487,,Liverpool LA,,,,1,0,0
Livi White Sleeveless Tank Top M,10008860,,,,,,1,0,6.75
Liz & Me Hot Pink Buttondown / Size XXL,10006529,,Liz & Me,,,,1,0,0
Liz & Sara Blue Bodysuit XL,10008644,,,,,,1,0,4.75
Liz C Black Leather Belt / Size Medium,10007986,,Liz Claiborne,,,,0,0,0
Liz C Pale Yellow Vest & Skirt Set / Size 6,10007710,,Liz Claiborne,,,,0,0,0
Liz C Pink Floral Blouse / Size XL,10005661,,Liz Claiborne,,,,1,0,0
Liz C Red SS Buttondown / Size S,10006533,,Liz Claiborne,,,,0,0,0
Liz Claiborne Black Denim Dress/ Size 8,10006268,,Liz Claiborne,,,,0,0,0
Liz Claiborne Brown Flats/Size 8.5,10007070,,Liz Claiborne,,,,0,0,0
Liz Claiborne Pants Beige,10003508,,Liz Claiborne,,,,1,0,0
Liz Claiborne Red Sling FLats/Size 8.5,10007060,,Liz Claiborne,,,,1,0,0
Liz Claiborne White Capri's Size 14,10006949,,,,,,1,0,0
Liz ClaibornePants,10000176,,Liz Claiborne,,,,1,0,0
LizClaiborne/BlkTop/SizeM,10009109,,Liz Claiborne,,,,1,0,8
LizClaiborne/FlowerScarf,10008315,,Liz Claiborne,,,,0,0,0
Loft B/W Houdstooth Top S,10009310,,,,,,1,0,3.75
Loft B/W SS Top M,10009390,,,,,,1,0,5.45
Loft Beige Green Skirt 2P,10008215,,,,,,1,0,5.5
Loft Beige White Flw Shirt / Size L,10006522,,Loft,,,,1,0,0
Loft Black & White Stripe Dress NWT / Size 00,10004204,,Ann Taylor Loft,,,,0,0,0
Loft Black & Wht Shorts/Size XL,10007129,,Loft,,,,1,0,0
Loft Black Cardigan/ Size S,10006260,,Loft,,,,0,0,0
Loft Black Dress/ Size LP,10006264,,Loft,,,,0,0,0
Loft Black Floral Dress / Size 8,10005133,,Loft,,,,0,0,0
Loft Black Lace SS Top M,10009045,,,,,,1,0,13.25
Loft Black Ruffle Skirt / Size 4,10009599,,Ann Taylor Loft,,,,1,0,5.75
Loft Black Sequin Tank / Size L,10006955,,Loft,,,,1,0,0
Loft Black Sleeveless Top XS,10008436,,,,,,1,0,5.25
Loft Black/White Top M,10008461,,,,,,0,0,0
Loft Blk&Wh Plaid Top/ Size S,10004350,,Loft,,,,1,0,0
Loft Blue Blouse / Size S,10005593,,Loft,,,,1,0,0
Loft Blue Floral Skirt / Size S,10006680,,Loft,,,,0,0,0
Loft Blue Striped Pants 4,10008392,,,,,,1,0,7
Loft Blue/Black Dress 12,10009420,,,,,,1,0,7.65
Loft Blue/White Pants 2P,10008397,,,,,,1,0,5
Loft Blush Floral SL Top / Size S,10007008,,Loft,,,,1,0,0
Loft Colorful Sheer SS / Size L,10004766,,Loft,,,,0,0,0
Loft Corral Silk Sleeveless Top 2,10009187,,,,,,1,0,5
Loft Dark Blue Tank w White Stars / Size M,10005619,,Loft,,,,0,0,0
Loft Gray Light Cardigan / Size M,10005563,,Loft,,,,1,0,0
Loft Gray SL Top / Size L,10005652,,Loft,,,,1,0,0
Loft Gray Satin Tank w Design / Size M,10005975,,Loft,,,,1,0,0
Loft Gray Skirt / Size 4,10004183,,Ann Taylor Loft,,,,1,0,0
Loft Gray Sweater w Floral Underlayer / Size S,10005537,,Loft,,,,1,0,0
Loft Green Army Jacket/Size XS,10007018,,Loft,,,,1,0,0
Loft Green Corduroy Pants / Size 10,10007795,,Loft,,,,1,0,0
Loft Green Front Pocket Skirt,10003294,,Loft,,,,0,0,0
Loft Green Pink Top / Size L,10005671,,Loft,,,,1,0,0
Loft Green Suede Skirt / Size 14,10006611,,Loft,,,,1,0,0
Loft Houndstooth Pants Red & Black Size XXL,10003464,,Loft,,,,1,0,0
Loft LS Black Dress with Colors / Size M,10004974,,Loft,,,,1,0,0
Loft Long Sleeve Blk&Brwn Top/Size S,10004152,,Loft,,,,1,0,0
Loft Magenta Pattern SS Top / Size XL,10005599,,Loft,,,,1,0,0
Loft Navy Blue Floral Shortsleeve / Size L,10004334,,Loft,,,,1,0,0
Loft Off White Cardigan w Ruffles / Size S,10005549,,Ann Taylor Loft,,,,1,0,0
Loft Off White Pattern Shorts/Size 8,10006823,,Loft,,,,0,0,0
Loft Pants Black & White Size 10,10005685,,,,,,1,0,0
Loft Pink Capri Pants / Size 8,10004755,,Loft,,,,1,0,0
Loft Pink Floral LS Top S,10009407,,,,,,1,0,6.55
Loft Pink Pattern SL Top / Size M,10006532,,Loft,,,,1,0,0
Loft Pink Short Size XS,10007608,,,,,,1,0,0
Loft Pink Shortsleeve Shirt / Size XS,10004205,,Loft NWT,,,,0,0,0
Loft Pink Sleeveless Top 6,10008475,,,,,,1,0,6
Loft Pink Sleeveless Top M,10008681,,,,,,1,0,4.5
Loft Pink/White Shorts Size 8,10008914,,,,,,1,0,7.5
Loft Red Patterned Skirt / Size XS,10006714,,Loft,,,,0,0,0
Loft SL Animal Print Top / Size S,10007449,,Loft,,,,1,0,0
Loft Sleeveless Blue/White Top M,10008250,,,,,,0,0,0
Loft Sleeveless Top Size S,10008641,,,,,,0,0,0
Loft Tan Shorts / Size 8,10007583,,Loft,,,,1,0,0
Loft Tan Skirt/ Size 10P,10006767,,Loft,,,,1,0,0
Loft Tank Top Brown Size M,10003387,,Loft,,,,1,0,0
Loft White Cherry LS Blouse S,10008204,,,,,,0,0,0
Loft White Knit Cardigan / Size XS,10005554,,Loft,,,,1,0,0
Loft White Skirt w Buttons / Size 6,10007306,,Loft,,,,1,0,0
Loft White Wrap Sweater / Size XL,10005888,,Loft,,,,1,0,0
Loft Yellow Button up Dress M,10008919,,,,,,1,0,6.5
Loft knit tanktop/m,10008112,,Loft,,,,0,0,0
Loft/ Floral Slvlss Top/ Grn/ Size M,10005093,,Loft,,,,1,0,0
Loft/ Scallop Tank/ Teal/Size M,10005092,,Loft,,,,1,0,0
Loft/ Slvss Top/ Purple/ Size XS,10005070,,Loft,,,,1,0,0
Loft/BlkLaceTop/SizeS,10009094,,Loft,,,,1,0,8
Loft/BlkWhiKnitTop/SizeXL,10009344,,Loft,,,,1,0,8
Loft/BlkWhiStripedTankTop/SizeL,10009325,,Loft,,,,1,0,8
Loft/BlueFloralTop/SizeXS,10003641,,Loft,,,,1,0,0
Loft/GreyFloral/SizeS,10005291,,Loft,,,,1,0,0
Loft/GreySweater/SizeS,10004655,,Loft,,,,1,0,0
Loft/LaceShirt/SizeSP,10005778,,Loft,,,,1,0,0
Loft/MulticolPatternSkirt/Size0,10007740,,Loft,,,,0,0,0
Loft/Pink Sweater/Size XS,10004300,,Loft,,,,1,0,0
Loft/PinkButtnDwnBlouse/SizeXS,10006802,,Loft,,,,1,0,0
Loft/PinkCardigan/SizeXSP,10005316,,Loft,,,,1,0,0
Loft/PinkFloralShorts/Size8,10006086,,Loft,,,,1,0,0
Loft/PnkCardigan/SizeXS,10006015,,Loft,,,,1,0,0
Loft/PnkFloralTop/SizeM,10006091,,Loft,,,,1,0,0
Loft/PurpCardigan/SizeXL,10006006,,Loft,,,,1,0,0
Loft/RedfloralTop/SizeXS,10006894,,Loft,,,,0,0,0
Loft/WhiBlueSlvLessTop/SizeL,10009349,,Loft,,,,1,0,8
Loft/YellowleafTop/SizeS,10005283,,Loft,,,,0,0,0
LoftSleeveless Top_Ce,10002961,,Loft,,,,1,0,0
LoftSweater_Do,10000887,,Loft,,,,0,0,0
LoftTank Top_Ba,10002220,,Loft,,,,1,0,0
LoftTee Shirt_Mi,10002179,,Loft,,,,1,0,0
Lohla sport checkered navy skirt/0,10007352,,Lohla,,,,0,0,0
Lola Green Dress Size M,10008442,,,,,,0,0,0
London Sole Lime Green Loafers,10009227,,,,,,1,0,15.25
London Times Blue White SL Dress / Size 8,10007468,,london times,,,,0,0,0
London Times Brown Print Dress 14,10009456,,,,,,1,0,6.55
London Times Teal Pink Dress / Size 6,10006310,,london times,,,,0,0,0
LondonFog/LilacTranchCoat/SizeM,10006893,,London Fog,,,,1,0,0
Long white skirt/S,10006847,,unknown,,,,0,0,0
Looks/GrnFloralBttnDwn/SizeXL,10005421,,Looks,,,,1,0,0
Lord & Taylor Copper Heal's Size 10,10007423,,,,,,1,0,0
Lorraine Intimate Dress / Size M,10003935,,Lorraine,,,,0,0,0
Los Angeles Atelier Black Dress Size 6,10007192,,,,,,1,0,0
Lost & Wander Beige Overall Dress / Size L,10007910,,Lost & Wander,,,,1,0,0
Lottie Moss Yellow Crop Top / Size M,10003801,,Lottie Moss,,,,1,0,0
Lou & Grey Multicolor Striped Top / Size M,10006720,,Lou X Grey by Loft,,,,0,0,0
LouXGrey/CreamCardigan/SizeS,10006870,,Lou X Grey,,,,1,0,0
Loudmouth/ Multi-Pattern Skirt/ Size 6,10005041,,Loudmouth Ladies,,,,1,0,0
Louis Vuitton Black Sunglasses Blue Box,10009277,,Louis Vuitton,,,,0,0,0
LouiseEtCie/SilverpointShoe/Size8.5,10005451,,Louise Et Cie,,,,1,0,0
LouxGrey/CrmAsymmJacket/SizeXL,10006355,,Lou X Grey by Loft,,,,1,0,0
Love 21 Purple Pink Patterned Skirt / Size S,10005202,,Love21,,,,1,0,0
Love Blossom Blue Sleeveless Top M,10008668,,,,,,1,0,4
Love Blossom White Camisole M,10008922,,,,,,0,0,0
Love Change Purple Sweater / Size S,10005920,,Love Change,,,,1,0,0
Love ChangeSweater,10000127,,Love Change,,,,1,0,0
Love Culture Button Jacket / Size S,10004078,,Love Culture,,,,1,0,0
Love Fire Bodysuit Black,10002204,,Love Fire,,,,0,0,0
Love JBodysuit_St,10002177,,Love J,,,,1,0,0
Love Riche,10007161,,,,,,0,0,0
Love Tree Black Top Size M,10007274,,,,,,0,0,0
Love Tree Camo Vest Size S,10008700,,,,,,1,0,6.5
Love Tree Faux Fur Hoodie Vest M,10007627,,,,,,0,0,0
Love TreeJacket_St,10002697,,Love Tree,,,,0,0,0
Love on Yellow Blue Skirt / Size 5,10008186,,love on a hanger,,,,0,0,0
Love on a hanger Embroidered Cami L,10008258,,,,,,0,0,0
Loveriche Brown Skirt/ Size S,10004353,,Loveriche,,,,0,0,0
Loverocks Sheer Floral Top / Size S,10005750,,Loverocks,,,,0,0,0
Lovers& Friends Floral Mini Dress/Sz S,10006776,,Lovers + Friends,,,,0,0,0
Lovesick jean short/5,10007349,,LOVEsick,,,,1,0,0
Lovestitch Burgundy Camisole M,10008892,,,,,,1,0,7.7
Lovestitch Dress Pink/White Size M,10007179,,,,,,0,0,0
Lucca C Hot Pink Skirt / Size S,10009593,,Lucca Couture,,,,1,0,5.75
Luciano Dante Green/White Top S,10009021,,,,,,0,10.995,0
Lucky Blue Jeans / Size 10,10005673,,Lucky Brand,,,,1,0,0
Lucky Brand Burgundy Boots Size 8,10003359,,Lucky Brand,,,,1,0,14.99
Lucky Brand Heel Sandals Tan/Size 10,10007051,,Lucky,,,,1,0,0
Lucky Brand Shoes / Size 8,10004175,,Lucky Brand,,,,1,0,0
Lucky Brand Tan & Black Sweater / Size S,10003822,,Lucky Brand,,,,1,0,0
Lucky BrandLS Top_Ke,10002751,,Lucky Brand,,,,1,0,0
Lucky BrandSS Top_Za,10000155,,Lucky Brand,,,,0,0,0
Lucky BrandSweater_Ge,10002028,,Lucky Brand,,,,1,0,0
Lucky BrandTee Shirt_DI,10002378,,Lucky Brand,,,,0,0,0
Lucky Brands Camo Pants Size 6,10007433,,,,,,1,0,0
Lucky Legend Red Pants Size M,10007518,,,,,,1,0,0
LuckyB/BlueJeans/Size8,10004466,,Lucky Brand,,,,1,0,0
LuckyB/RedWhiBlShirt/SizeXS,10005328,,Lucky Brand,,,,1,0,0
LuckyBrand/ FluerDeLis Shirt/ Blk&Wht/ Size S,10005057,,Lucky Brand,,,,0,0,0
LuckyBrand/ PinkFloyd Tee/ Yllw/ Size S,10005064,,Lucky Brand,,,,0,0,0
LuckyBrand/Blk&TanBlouse/SizeL,10005777,,Lucky Brand,,,,1,0,0
LuckyBrand/GreySweater/SizeL,10006806,,Lucky Brand,,,,1,0,0
LuckyBrand/PnkRedLongSlve/SizeXS,10006138,,Lucky Brand,,,,1,0,0
LuckyBrand/RedbttnBlouse/SizeXL,10005404,,Lucky Brand,,,,1,0,0
LuckyBrand/USAlongsleeve/SizeS,10006801,,Lucky Brand,,,,1,0,0
Lucy in the Sky Black Sequin Mini Dress / Size M,10004576,,Lucy in the Sky,,,,1,0,0
Luii Black Fashion Trenchcoat / Size M,10004337,,Luii,,,,1,0,0
LulaRoe Orange Floral Shawl / Size L,10006461,,LulaRoe,,,,1,0,0
Lulu's Gold Dress Size S,10007292,,,,,,0,0,0
Lulus Black Floral Bodysuit / Size L,10006342,,Lulus,,,,1,0,0
Lulus Blue SL Dress / Size M,10007221,,Lulus,,,,1,0,0
Lulus Blue White Detail Skirt / Size XL,10006997,,Lulus,,,,1,0,0
Lulus Floral Smock Crop Top M,10008507,,,,,,1,0,5.3
Lulus Satin Off White Top / Size S,10008284,,Lulus,,,,0,0,0
Lulus White Ruffle Two Piece Set / Size M,10004223,,Lulus,,,,0,0,0
Lulus/BlueFloralBlouse/SizeS,10005458,,Lulus,,,,0,0,0
Lulus/CreamLaceBttnDress/SizeS,10008345,,Lulus,,,,0,0,0
Lulus/PinkHalterBodysuit/SizeS,10007374,,Lulus,,,,0,0,0
Lulus/SilverxGoldDress/SizeM,10009530,,Lulus,,,,1,0,8
Lupe Fiasco Purple Graphic Tee S,10009427,,,,,,1,0,5.45
Lush Black Chiffon Dress / Size M,10004595,,Lush,,,,1,0,0
Lush Dark Blue Satin Top / Size M,10004800,,Lush,,,,0,0,0
Lush Hot Pink Halter Dress / Size M,10006291,,Lush,,,,0,0,0
Lush/BlkBlouse/SizeM,10004459,,Lush,,,,1,0,0
Lush/BlkDress/SizeXS,10008575,,Lush,,,,1,0,8
Lush/MulticolDress/SizeS,10004931,,Lush,,,,1,0,0
Lush/PinkDress/SizeL,10009330,,Lush,,,,1,0,8
LushBlkSheermulticolTop/SizeS,10007420,,Lush,,,,0,0,0
LushLS Top_Ro,10002653,,Lush,,,,1,0,0
LushNWT/Navy&RedBlouse/SizeS,10005331,,Lush,,,,0,0,0
Luxe LS Blouse Green S,10007662,,,,,,1,0,7
Luxe Pink Floral Tank / Size S,10005842,,Luxe,,,,1,0,0
Luxology Beige Pink SL Long Dress / Size L,10007930,,Luxology,,,,0,0,0
Lydia USA Black Rhinestone Corset,10007124,,Lydia,,,,0,0,0
Lyn Burcher Clay Orange Top / Size L,10008191,,Lyn Burcher,,,,0,0,0
Lysse NY Pants Brown Size M,10003505,,Lysse New York,,,,0,0,0
M Jeans Dusty Pink Pants / Size 10,10003784,,M Jeans,,,,1,0,0
M USA Black Top Lace Detail / Size L,10008657,,M Usa,,,,0,10.32839,0
M&M/Strplss Dress/ Grn&Blk/ Size XL,10005175,,M&M,,,,0,0,0
MFL/GreenZipUp/SizeM/L,10006417,,Made For Life,,,,1,0,0
MINS Brown Knit SS / Size M,10005873,,MINS,,,,1,0,0
"MIckey, IncTee Shirt_MM",10004033,,"MIckey, Inc",,,,1,0,0
MNG Dark Green Dress 12,10009459,,,,,,1,0,6.55
MNG white and blue floral blouse/4,10008381,,MNG,,,,0,0,0
MSK/MulticolFloralDress/SizeM,10005314,,MSK,,,,1,0,0
MSKMSK Sporty Dress,10001115,,MSK,,,,1,0,0
MTC/BlktieCover/SizeL,10005411,,More To Come,,,,0,0,0
MTV Branded White Tshirt / Size S,10005508,,MTV,,,,0,0,0
Maariyah Green/White Halter Top XS,10007600,,,,,,1,0,0
Mable Peach Ribbed Crop Top S,10009265,,,,,,1,0,5.45
Mable Purple LS Crop Top / Size S,10005135,,Mable,,,,1,0,0
Mable/BrntOrangeTop/SizeS,10006055,,Mable,,,,0,0,0
Mable/SilverSparkleSkirt/SizeS,10006166,,Mable,,,,1,0,0
Mac & Jac Green Blazer / Size XL,10008312,,mac & jac,,,,0,0,0
Macrame Bag,10004788,,unknown,,,,0,0,0
Madden Girl Daisy Flats Size 6.5,10009414,,,,,,1,0,8.75
Madden Girl Flower Cork 7.5,10008528,,,,,,1,0,27.25
Madden Girl Pink Strap Leather Heals,10003333,,Madden Girl,,,,0,0,0
Madden NYC Beige Skirt XL,10008812,,,,,,0,0,0
Madden NYCTank Top_Su,10002658,,Madden NYC,,,,1,0,0
MaddenGirl/SilverBag,10003599,,Madden Girl,,,,1,0,0
Madewell Black Buttondown Cardigan / Size L,10005864,,Madewell,,,,1,0,0
Madewell Black Embroidered Dress L,10009169,,,,,,1,0,7.25
Madewell Blue Skirt Size 0,10007880,,,,,,0,0,0
Madewell Bluejeans Size L,10003517,,Madewell,,,,1,0,0
Madewell Brown Loafer Size 7 1/2,10003355,,Madewell,,,,0,0,0
Madewell Cream Sleeveless Top M,10008907,,,,,,1,0,5.5
Madewell Green Bodysuit Size S,10007630,,,,,,1,0,0
Madewell Jean Skirt / Size 26,10006990,,Madewell,,,,0,0,0
Madewell Long Sleeve Black / Size S,10003789,,Madewell,,,,1,0,0
Madewell Pink WindbreakerSize M,10007482,,,,,,1,0,0
Madewell Striped Dress/Size 6,10005822,,Madewell,,,,0,0,0
Madewell Tank Top Light Green/Size S,10005222,,Madwell,,,,1,0,0
Madewell White Shorts Size 27,10009403,,,,,,1,0,6.55
Madewell White/Blue SS Top XS,10009173,,,,,,1,0,6
Madewell Yellow Dress Size 6,10007227,,,,,,0,0,0
Madewell stretch Jean Shorts 27,10009458,,,,,,1,0,6.55
Madewell/ Jeans/ Grey/ Size 0,10005037,,Madewell,,,,1,0,0
Madewell/ Sknny Jeans/ Size 0,10005035,,Madewell,,,,1,0,0
Madewell/DenimTop/SizeXS,10006028,,Madewell,,,,1,0,0
Madewell/PinkPant/Size8,10003587,,Madewell,,,,1,0,0
Madewell/WhiteDress/Size12,10004941,,Madewell,,,,1,0,0
MadewellButton Down_Fr,10003015,,Madewell,,,,1,0,0
MadewellJeans,10000429,,Madewell,,,,1,0,0
MadewellJeans_Vi,10001414,,Madewell,,,,1,0,0
Madison & Berk Beige Velvet Crop Top / Size S,10007925,,Madison & Berkeley,,,,0,0,0
Madison Red Pattern SS Top / Size L,10008179,,Madison,,,,1,0,6
Madison/ Knit Cover/ Red/ Size L,10005431,,Madison,,,,0,0,0
MadisonStudio/WhiDress/Size6,10009368,,Madison Studio,,,,1,0,8
Madwell Skinny Jean/Size 4,10003827,,Madwell,,,,0,0,0
Madwell Straight Leg Jean/Size 4,10003828,,Madwell,,,,1,0,0
Madwell/WhiCroptop/SizeM,10006933,,Madewell,,,,1,0,0
Maeve Apple Tee / Size Small,10008195,,Maeve,,,,0,0,0
Maeve Black Dress Size 14,10009008,,,,,,1,0,8.75
Maeve Brown Orange Stitch LS Dress / Size S,10005128,,Maeve,,,,1,0,0
Maeve/ Sheer Floral Top/ Multicolor/ Size XS,10005155,,Maeve,,,,0,0,0
Maeve/PinkPatternDress/SizeXL,10005410,,Maeve,,,,0,0,0
Magenta Fur-Lined Coat/Size S,10003715,,unknown,,,,1,0,0
Maggie Barnes Green SS Top 16WP,10009127,,,,,,1,0,6.55
Maggie Lawrence Black/Grey Vest S,10007549,,,,,,0,0,0
Maggy London Blue & White SS Dress / Size 2,10007464,,Maggy London,,,,0,0,0
Maggy London Dress Pink Size 6,10006618,,,,,,0,0,0
Maggy London Green SL Dress / Size 10,10006702,,Maggy London,,,,0,0,0
MaggyLondon/BlkruffleDress/Size10,10009573,,Maggy London,,,,1,0,8
Main Strip Black Skirt Size M,10007546,,,,,,0,20,0
MainEvents/BrownSliponShoe/Size7,10008305,,Main Events,,,,0,35.99,0
Maison Jules Red Sweater w Hearts / Size S,10005505,,maison jules,,,,1,0,0
Maison Yellow & White Blouse / Size S,10005595,,Maison d' Amelie,,,,0,0,0
Maison d Amelie Floral Satin Pants M,10008505,,,,,,1,0,8.3
Majora Purple Strapless Jumpsuit / Size M,10005529,,Majora,,,,0,0,0
Majorelle Black & Floral Sheer LS Crop Top / Size XL,10005130,,Majorelle,,,,0,0,0
Man Nat Teal Embroidered Longsleeve Dress/ Size M,10003873,,Man Nat,,,,1,0,0
Maner Sequin Top Size L,10009138,,,,,,1,0,6.25
Maner/OmbreSequinSkirt/SizeS,10007391,,Maner,,,,1,0,0
Mangosteen Black TN Tshirt / Size XL,10008775,,Mangosteen,,,,1,0,3.75
Maniere De Voir WhtSatin Bustier/  L,10003928,,Maniere De Voir,,,,0,0,0
Maniju/WhiteDress/SizeS,10006928,,Maniju,,,,1,0,0
Manolo Blahnik Black Studded Heels/Size 9,10007059,,Manolo Blahnik,,,,0,0,0
MantanaW/Wrislet,10007403,,Mantana West,,,,1,0,0
Marc Andrews Burgundy LS Top M,10008726,,,,,,1,0,4.5
Marc NY Burgundy Pleather Skirt / Size L,10003823,,Marc New York,,,,1,0,0
Marc New York Green Vest Jacket M,10008415,,,,,,1,0,11.25
Marciano Pink Blazer Size 4,10007245,,,,,,1,0,0
Marciano/ReversibleTankTop/SizeL,10009336,,Marciano,,,,1,0,8
Mardini Black Leather Vest / Size L,10007209,,Mardini,,,,0,0,0
Margo Paige Clear Purse,10007089,,Margo Paige,,,,0,0,0
Margo Paige Fringe Crossbody,10004065,,Marco Paige,,,,0,0,0
Margon Italy Top Size L,10007655,,,,,,0,0,0
Maria Bonita Dress / Size M,10004646,,Maria Bonita,,,,0,0,0
Maria Pinto Purple Bustier M,10008642,,,,,,1,0,19
Marie Oliver Ppl Patterned Blouse/ Size M,10003687,,Marie Oliver,,,,1,0,0
Mariella B Sheer Longsleeve Duo / Size S,10004537,,Mariella Burani,,,,0,0,0
Marilyn Monroe Pink Camisole L,10008240,,,,,,1,0,6
Marilyn MonroeTank Top_Gr,10002630,,Marilyn Monroe,,,,0,0,0
Marilyn Pink & Black 2 Piece Sleepwear Set / Size S,10007834,,Marilyn Monroe,,,,0,0,0
MarilynM/FlamingoDress/SizeM,10007752,,Marilyn Monroe,,,,0,0,0
Mario Serrani Italy B/W Skirt 4,10009020,,,,,,1,0,8.75
Mariokart Tee Shirt/Size XL,10005242,,Mariokart,,,,0,0,0
Markay/PinkBag,10008542,,Markay,,,,0,0,0
Marks & Spencer Beige Top Sleevelesee/Size M,10005207,,Marks & Spencer,,,,0,0,0
Marled,10004005,,Marled,,,,1,0,0
Marled Brown Faux Leather Blazer / Size M,10009289,,Marled,,,,0,0,0
Marled Striped Tank Top Size M,10008854,,,,,,0,0,0
MarlowePants_My,10004020,,Marlowe,,,,1,0,0
Maroon Long Sleeve Crop,10004239,,Kimchi Blue,,,,0,0,0
Marques Almeda Black Top,10003306,,Marques Almeda,,,,0,0,0
Marvel Black Tshirt / Size L,10005550,,Marvel,,,,1,0,0
Mary Englebrief Yellow SS Top XS,10009245,,,,,,1,0,5.45
Massini Black Leather Block Jacket / Size L,10004082,,Massini,,,,1,0,0
Matilda Jane Blue Green LS Dress / Size S,10007990,,Matilda Jane,,,,1,0,0
Matilda June White Top M,10007828,,,,,,1,0,41.2
Maurice's Black Sparkly Top S,10007666,,,,,,1,0,12
Maurices American Guitar White Tshirt / Size S,10005201,,Maurices,,,,1,0,0
Maurices Blue Satin Top L,10009478,,,,,,0,0,0
Maurices Multi-Color Top Size L,10007277,,,,,,1,0,0
Maurices SS Top Pink Size S,10007255,,,,,,1,0,0
Maurices/Floral Embroidered Sweater/Size M,10004281,,Maurices,,,,1,0,0
Maurizio Floral Long Clutch,10004532,,Maurizio Taiuti,,,,0,0,0
Mavinelle/BrnPatternSheerDress/SizeM,10007369,,Mavinelle,,,,1,0,0
Max Studio Black Dress / Size S,10004634,,Max Studio,,,,0,0,0
Max Studio Black SS Dress / Size S,10007461,,Max Studio,,,,1,0,0
Max Studio Black Satin Jumpsuit / Size XS,10005497,,Max Studio Specialty Products,,,,1,0,0
Max Studio Black Sequin Lace Top XXL,10008495,,,,,,1,0,4.99
Max Studio Blue & White Lace Cami / Size L,10006703,,Max Studio,,,,0,0,0
Max Studio Blue Pattern Dress / Size L,10004627,,Max Studio,,,,0,0,0
Max Studio Brown & White Top / Size M,10006451,,Max Studio,,,,1,0,0
Max Studio Dark Blue Floral SL Top / Size S,10005839,,Max Studio,,,,1,0,0
Max Studio Green SS Top S,10009235,,,,,,0,0,0
Max Studio Purple Dress S,10008399,,,,,,0,0,0
Max Studio Suede Tan Pants/L,10007017,,Max Studio,,,,1,0,0
Max Studios Black/White Top M,10008979,,,,,,0,0,0
MaxStudio/BlkDetailedSkirt/SizeXS,10005760,,Max Studio,,,,1,0,0
MaxStudio/FloralruffleDress/SizeM,10006143,,Max Studio,,,,0,0,0
MaxStudio/GreyScrunchTop/SizeM,10009098,,Max Studio,,,,1,0,8
MaxStudio/RedFlowerTop/SizeXS,10009096,,Max Studio,,,,1,0,8
MaxXCo/BrwnMetalicSkirt/Size12,10004861,,Max X Co,,,,1,0,0
Maze Collection Black Pants Size M,10007589,,,,,,1,0,0
McDowell VNTAGE Rhnstne Hat,10008084,,Shellie McDowell,,,,1,0,80
MeToo/BlackShoes/Size9,10004388,,Me Too,,,,1,0,0
Meadow Rue Pink SS Top M,10007511,,,,,,1,0,0
Mele e Pere,10006325,,,,,,-1,0,0
Mellowday White & Blue Top / Size XL,10006571,,Melloday,,,,0,0,0
Melody Gray Intimate Skirt / Size L,10003875,,Melody,,,,0,0,0
Melrose & Market Blue Sleeveless L,10008858,,,,,,1,0,5.75
MelroseM/TanStripeShorts/SizeM,10008341,,Melrose X Market,,,,0,0,0
MelroseXMar/BlackLaceTop/SizeL,10005789,,Melrose X Market,,,,0,0,0
Mephisto White Leather Loafers 8.5,10009400,,,,,,1,0,14.95
Merc Black Floral Pattern Skirt / Size 6,10004966,,Mercantile by JCrew,,,,1,0,0
Merit/BrownBag,10007765,,Merit,,,,0,0,0
Merrell/BrownClogShoe/Size11,10004911,,Merrell,,,,1,0,0
Metal Chain Necklace,10006596,,unknown,,,,1,0,0
Metal Scales Belt Buckle with Rhinestones,10006737,,unknown,,,,0,42.99,0
Metal Scales Belt Floral Buckle,10006638,,unknown,,,,0,0,0
Metalpurse,10007316,,,,,,-1,0,0
Metropolis Metallic Skirt L,10009616,,,,,,1,0,5
"Metropolitan Multi Color Red, Blk/Size OS",10005579,,Metropolitan,,,,0,0,0
Metropolitan Multi Color Top / One Size,10005670,,Metropolitan,,,,1,0,0
Metrowear Black Pleated Skirt M,10008826,,,,,,1,0,7.25
Mexicali Blues Red Tie-Dye Dress M,10009475,,,,,,1,0,5
Mexx/GrnLeafyTop/SizeS,10006035,,Mexx,,,,0,0,0
Mi Ami Burgundy Velvet Dress / Size XL,10004611,,Mi Ami,,,,1,0,0
Mi Ami Crochet Fringe Skirt M,10009615,,,,,,1,0,0
Miami Burgundy Dress Size XS,10007178,,,,,,0,0,0
Micas Red Sheer LS / Size S,10009280,,Micas,,,,1,0,9
Michael Kors Black LS Top / Size M,10005645,,Michael Kors,,,,1,0,0
Michael Kors Black Leather Heel Silver Toe  / Size 9,10004229,,Michael Kors,,,,1,0,0
Michael Kors Black Top S,10007667,,,,,,0,0,0
Michael Kors Brown Crossbody Purse,10008257,,,,,,0,0,0
Michael Kors Brown Little Bag w Tassel,10005941,,Michael Kors,,,,0,0,0
Michael Kors Burgundy Flare Dress S,10008906,,,,,,1,0,7.85
Michael Kors Tan Medium Bag w Tassel,10005942,,Michael Kors,,,,1,0,0
MichaelKors/RedWhiStripeTop/SizeL,10006897,,Michael Kors,,,,1,0,0
MichaelStars Thermal/Grey/Size M,10005027,,Michael Stars,,,,1,0,0
Michele Michelle Red SS Top L,10009012,,,,,,0,0,0
MichelleNicole/BrownJewelShirt/SizeS,10006896,,Michelle Nicole,,,,0,0,0
MidiDress/Blk/Size 4,10004426,,Ann Taylor,,,,1,0,0
MidiDress/MultiColor/Size XS,10004419,,Intropia,,,,1,0,0
Midnight Doll Floral Top Size L,10007233,,,,,,1,0,0
Midnight Doll Orante/White Floral L,10008799,,,,,,1,0,5
Midnight Sky Blue Blouse L,10008686,,,,,,1,0,4.5
Midnight/Blk&WhiTop/SizeL,10005763,,Midnight,,,,1,0,0
Migsuided Black Dress Sheer Puff Sleeves / Size 4,10005516,,Misguided,,,,1,0,0
MiiM/PinkBoots/Size7.5,10009513,,Mi iM,,,,0,0,0
Milan Kiss Coral Dress L,10009192,,,,,,1,0,6.5
Mile Gabrielle Orange Shift Dress 14,10009486,,,,,,1,0,5
Milena Nicole Black SL Top / Size M,10006285,,Milena Nicole,,,,1,0,0
MilkXH/LemonBttnDwnTop/SizeXL,10005470,,Milk X Honey,,,,0,0,0
Mimi Chica Green Floral SL Dress / Size XS,10007223,,Mimi Chica,,,,1,0,0
Mina Self Beige Collared Vest Top / Size L,10007651,,Mina Self,,,,0,0,0
Mine Pants Black Size M,10003499,,Mine,,,,1,0,0
Mine Tank Top Yellow,10000304,,Mine,,,,0,0,0
Mine/BlkShrTop/SizeM,10008587,,Mine,,,,1,0,8
Mine/Blue&YllwTop/SizeS,10006356,,Mine,,,,1,0,0
Minimalist Tan Collarless Jacket L,10008491,,,,,,1,0,8.5
Mink Pink Multicolor SL Dress / Size S,10006691,,MinkPink,,,,0,0,0
Minkpink Blue/White Tank Top S,10009232,,,,,,1,0,4.35
Minkpink Pink Sleeveless Top XS,10008648,,,,,,1,0,6.25
Mint Green Lingerie Top / Size M,10006690,,unknown,,,,1,0,0
MintQuarterButton/Size XXS,10004425,,Armani Exchange,,,,0,0,0
Misia Blue and White SS w Hoodie / Size 3X,10005874,,Misia,,,,1,0,0
Misia Red Light Hoodie / Size S,10005921,,Misia,,,,1,0,0
Miss CaptainSkirt_Cl,10002006,,Miss Captain,,,,1,0,0
Miss Cocoa Salmon Halter Top Metal / Size M,10005502,,Miss Cocoa,,,,0,0,0
Miss Me Black SS Top XS,10009121,,,,,,1,0,5
Miss Me Yellow Pants M,10008459,,,,,,1,0,5.5
Miss Sixty Green Dress Size M,10007234,,,,,,1,0,0
Miss Sixty Tube Top Black Green Velvet / Size S,10005262,,Miss Sixty,,,,0,0,0
MissDorby/BlkWhiPadJacket/Size14,10007762,,Miss Dorby,,,,0,0,0
MissMe/JeweledJeanSkirt/Size27,10006910,,Miss Me,,,,1,0,0
MissRita/OrangeDress/SizeS,10008075,,Miss Rita,,,,1,0,0
MissSelfridge/ Velvet Wrap Top/ Pnk/ Size S,10005184,,Miss Selfridge,,,,0,0,0
Missguided Rose Gold Satin Crop Top / Size 8,10009002,,Missguided,,,,1,0,5.45
Missguided White Halter Romper Blue Emb / Size 6,10005540,,Missguided,,,,1,0,0
Missguided/ Satin Crop/ Blk/ Size 12,10005445,,Missguided,,,,1,0,0
Missoni Black Gold Knit Skirt M/L,10008222,,,,,,1,0,16
Missoni Brown Dress Size M,10008740,,,,,,0,0,0
Mixed Metal Cuff Bracelet,10007347,,unknown,,,,1,0,0
Mixed Metal Necklace,10004215,,,,,,1,0,0
Mlle Gabrielle White Orange Floral Dress / Size 18W,10006708,,Mlle Gabrielle,,,,0,0,0
Moa Moa Red Crop Top / Size M,10004816,,Moa Moa,,,,0,0,0
Mod Ref White Jacket Size L,10007479,,,,,,0,0,0
Moda Int Burgundy LS Top XS,10007532,,,,,,0,0,0
Moda Int. LS Top Size XS,10007573,,,,,,1,0,0
Moda Intl Black Dress XS,10008695,,,,,,0,0,0
Moda Intl Black Halter,10008221,,,,,,0,0,0
Moda Lyle Fringe Purse,10003152,,Moda,,,,0,0,0
Moda/PurplaceTop/SizeXS,10006019,,Moda,,,,0,0,0
Modern Citizen Brown Cardigan / Size XL,10005876,,Modern Citizen,,,,1,0,0
Molly Bracken Top Blue Size S,10007272,,,,,,1,0,0
Molly G Gray Velvet Crop Top / Size S,10005106,,Molly Green,,,,1,0,0
Molly Green / Pink Mint Sequin Dress NWT / Size L,10003954,,Molly Green,,,,1,0,0
Molly Green Pants Pink Size  S,10003401,,Molly Green,,,,1,0,0
Molly Green Pink/White Shorts S,10008458,,,,,,0,9.995,0
MollyB/MulticolFloralTop/SizeM,10008544,,Molly Bracken,,,,1,0,0
MollyB/WhiteFlwrPoofySkirt/SizeS/M,10006921,,Molly Bracken,,,,1,0,0
Mona Mode Vest Black w Flowers/ Size M,10006262,,Mona Mode,,,,0,0,0
Mondessa/RedFlowerlouse/SizeS,10008079,,Mondessa,,,,0,0,0
Mondetta Grey Fleece Size M,10007537,,,,,,1,0,0
Monteau Dress Beige Size S,10007228,,,,,,0,0,0
Monteau Dusty Pink Lace Top / Size L,10005668,,Monteau,,,,1,0,0
Monteau Green/Beige Jumpsuit S,10008464,,,,,,0,0,0
Monteau LA Pink Slip Dress/Size S,10004267,,Monteau Los Angeles,,,,1,0,0
Monteau Pink/White SS Top S,10009453,,,,,,1,0,5.45
Monteau Purple SS Top L,10008663,,,,,,1,0,3
Monteau Red SS Tie Front Shirt / Size XL,10004840,,Monteau Los Angeles,,,,1,0,0
Monteau Silver SS Top M,10008857,,,,,,1,0,8.75
Monteau White Lace Shorts Size L,10007613,,,,,,0,0,0
Monteau/Blue&WhiCroptop/SizeS,10008289,,Monteau,,,,0,0,0
Monteau/RedpolkadotTop/SizeS,10006885,,Monteau,,,,1,0,0
Monteau/WhilaceTop/SizeM,10008552,,Monteau,,,,0,25.99,0
Montego Bay Club Espadrille/ Size 8,10007067,,Montego Bay Club,,,,1,0,0
Montego Bay Club Sandals/Size 7,10007078,,,,,,0,0,0
Montego Bay Shoes 7.5,10007897,,,,,,0,0,0
Moon Collection Dress Brown Size S,10003463,,Moon Collection,,,,0,0,0
Moon Collection White Skirt / Size S,10005753,,Moon Collection,,,,1,0,0
Moon X Madi Pink Smiley Face Sweater / Size M,10004982,,Moon X Madison,,,,0,0,0
Moon X MadisonSweater_Dr,10000074,,Moon X Madison,,,,0,0,0
Moonlight Bay Blue/Black Sweater L,10008694,,,,,,1,0,8.5
Morgan Wallen Graphic Tee S,10009433,,,,,,1,0,6.55
MorganT/FloralMeshIntDress/SizeP,10007753,,Morgan Taylor Intimates,,,,0,0,0
Moschino VINTAGE Rare Blue Yellow Skirt / Size 8,10005710,,Moschino,,,,1,0,0
MoschinoSkirt_Wi,10001470,,Moschino,,,,1,0,0
Mossimo Orange Multicolor Skirt / Size XS,10005699,,Mossimo,,,,0,0,0
Motel Pink Tank Top/ Size L,10007032,,Motel,,,,1,0,0
Motel Sunset Pants / Size S,10005872,,Motel,,,,1,0,0
Motel/BlkBrownSwrlPant/ Size S,10004297,,Motel,,,,0,0,0
Moth/Amber Knit Sweater/Size S,10004283,,Moth,,,,0,0,0
Moth/PnkGreaySweater/SizeM,10006014,,Moth,,,,1,0,0
MotherofPearlRing,10007378,,unknown,,,,0,0,0
MotiviJacket_Lo,10002698,,Motivi,,,,0,0,0
Motto Orange Pleated Jacket L,10008675,,,,,,1,0,8.25
Moulinette Soeurs Dress 4,10007830,,,,,,1,0,41.5
Moulinette Soeurs Dress Violet Size 6,10007181,,,,,,1,0,0
Mountain Graphic Tshirt / Size S,10004085,,,,,,0,0,0
Mountain Hardware Brown Skirt / Size 10,10006492,,Mountain Hardware,,,,0,0,0
MountainH Blk Althleisure/Size M,10004114,,Mountain Hardware,,,,1,0,0
Movie Star VINTAGE Pink Nightgown / Size M,10003932,,Movie Star,,,,1,0,0
Mudd Cheetah Brown Skirt / Size 11,10004807,,Mudd,,,,0,0,0
Mudd Mauve Velvet Camisole M,10009213,,,,,,1,0,5.45
Mudd Sheer Blue Pink Tank / Size M,10006472,,Mudd,,,,1,0,0
MulicolStripSweater/SizeM,10008566,,unknown,,,,0,0,0
Multi Color Sheer Tie Front Short Sleeve / Size XL,10003815,,,,,,1,0,0
Multi-Color Cardigan/Size M,10004241,,Aldomartins,,,,1,0,0
Multi-Color Halter Top Size M,10007567,,,,,,1,0,0
Multi-Color Ring,10007427,,,,,,1,0,0
Multi-Pattern Maroon Pullover,10004257,,Under Armor,,,,1,0,0
Multi-Patterned Sheer Fitted Dress/Size 2XL,10004255,,Bluebell,,,,0,0,0
Multi-stone Necklace,10007954,,,,,,1,0,8.75
MulticolFloralShirt/SizeM,10007421,,unknown,,,,1,0,0
MulticolFlowerDress/Size11,10006788,,unknown,,,,0,0,0
MulticolFlowerearrings,10008347,,unknown,,,,0,0,0
MulticolHalter/SizeM,10004944,,unknown,,,,1,0,0
MulticolStripeCropTop/SizeL,10008601,,unknown,,,,0,0,0
Multicolor Bead Earrings,10008433,,,,,,0,0,0
Multiples/Grn&Whi&OrangeJacket/SizeM,10006120,,Multiples,,,,1,0,0
Mumu Satin Muted Brown Dress / Size L,10007771,,Show me your Mumu,,,,1,0,0
Mumu/StripedTieTop/SizeS,10008972,,Mumu,,,,1,0,8
Muse Valley Sheer Baby Pink Dress / Size L,10006699,,Muse Valley,,,,0,0,0
Muse/PinkDress/Size10,10004601,,Muse,,,,1,0,0
Mushkaby Siena Watercolor Top L,10009399,,,,,,0,0,0
MushroomBrwnTankTop/SizeM,10008066,,unknown,,,,0,0,0
Mustard Yellow Lace Bra,10003885,,,,,,1,0,0
My Michelle Multi-Color Skirt M,10007571,,,,,,0,0,0
Mysteree white blouse ,10007885,,,,,,-1,0,0
Mystree Pants Black & Grey Size L,10005678,,,,,,1,0,0
Mystree/BrwnStripeSweater/SizeS,10006011,,Mystree,,,,0,0,0
NASCAR OTW/ Earnheart QrtrZip/ Prpl/ Size S,10005142,,Over the Wall,,,,1,0,0
NBD Sequin Top Size S,10007498,,,,,,0,0,0
ND Intimates Pink Nightgown XL,10008393,,,,,,1,0,6.25
NFL Tn Titans Tee/Size M,10003899,,NFL Team Apparel,,,,1,0,0
NKN NekaneSweater_YF,10000100,,NKN Nekane,,,,1,0,0
NLApparel/BrantleyGilbertTop/SizeL,10009352,,Next Level Apparel,,,,1,0,8
NLW/FloralSleevlessJumper/SizeM,10005416,,NLW,,,,1,0,0
NR/GrnSet/SizeL,10005424,,Natural Reflections,,,,1,0,0
NVGTN Black LS Top / Size M,10005977,,NVGTN,,,,0,0,0
NWOT C Wonder PInk LS Top S,10009290,,,,,,1,0,5.45
NWOT Franco Sarto Shoes Size 8,10007424,,,,,,1,0,0
NWOT Free People Dress Size M,10007264,,,,,,0,0,0
NWOT Naturalizer Brown Shoes  6.5,10007434,,,,,,0,0,0
NWOT Pink Boots Size 9,10008444,,,,,,0,0,0
NWOT Timing Orange Top Real XS,10008767,,,,,,0,0,0
NWOT Y2K Rhinestone stud Belt,10009503,,,,,,1,0,5.45
NWOT Zara Hot Pink SS Top M,10008932,,,,,,1,0,6.75
NWT 80 Park LS Black Top L,10007625,,,,,,1,0,5.75
NWT Adelyn Rae Top Beige Size M,10007288,,,,,,1,0,0
NWT Adrianna Papell Gold LS Top XL,10007620,,,,,,1,0,6.25
NWT Alden Adair Yellow Floral S,10008460,,,,,,1,0,32
NWT Allen B. Dress Size L,10007848,,,,,,0,0,0
NWT Altar'd State Pink Fringe Top/ Size XS,10007103,,Altarxd State NWT,,,,0,0,0
NWT Altard State Floral Dress L,10009133,,,,,,1,0,7
NWT Altard State Rose Lace Dress L,10009267,,,,,,1,0,7.65
NWT AmerDarling Pink Leather Shoulder Bag,10006496,,,,,,1,0,231.07
NWT Anthropologie Reformation Top/Size L,10006781,,Reformation,,,,0,0,0
NWT Ardashian Black Skirt Size L,10007615,,,,,,0,0,0
NWT Art Class Silver Pants Size 16,10009116,,,,,,1,0,5
NWT Aryeh Green Sleeveless L,10008936,,,,,,0,0,0
NWT BCBG Brown Dress Size 8,10007250,,,,,,0,0,0
NWT Baevely Black T-Shirt XL,10008851,,,,,,1,0,7.99
NWT Banana Boat Blue UPF Dress M,10008945,,,,,,1,0,12.5
NWT Banana Boat UPF Dress M,10008942,,,,,,1,0,12.99
NWT Banana Republic B/W Skirt 12,10009301,,,,,,1,0,7.5
NWT Caballero Top Size M,10007823,,,,,,1,0,111.25
NWT Calvin Klein Black Dress Size 8,10007622,,,,,,1,0,6.25
NWT Charlotte Russe Mauve  Dress L,10009498,,,,,,1,0,5.45
NWT Ciebon Multi-Color Dress Size L,10007258,,,,,,1,0,0
NWT Coach Leather May Tote,10007842,,,,,,1,0,256.68
NWT Cozy Rozy Black Floral Cami/Size M,10007105,,Cozy Rozy,,,,1,0,0
NWT DO + BE floral skirt S,10008416,,,,,,1,0,7
NWT Daniel Rainn Blue Tank Top L,10009307,,,,,,1,0,6.55
NWT Democracy Pink SS Top XL,10008659,,,,,,1,0,5.5
NWT Desigual Jacket/Size 8/10,10006272,,Desigual NWT,,,,1,0,0
NWT Diane Gilman Bluejeans Size 16,10003449,,Diane Gilman,,,,0,0,0
NWT Doe & Rae Black SL Top S,10005588,,Doe X Rae,,,,1,0,0
NWT Eliza J Dress Black & White Size 12,10006622,,,,,,1,0,0
NWT Eloquii Black Top / Size 20,10005747,,Eloquii,,,,0,0,0
NWT EnFocus Studio Dress 12,10007616,,,,,,1,0,0
NWT Espresso Gold/Grey Dress L,10007635,,,,,,0,0,0
NWT FarmRio LS Top XS,10008471,,,,,,1,0,40
NWT Flax Black Pants Size M,10008037,,,,,,1,0,6.25
NWT Flora Blue Babydoll Top M,10008898,,,,,,1,0,9.95
NWT Foxblood Black Dress L,10008746,,,,,,1,0,9.75
NWT Foxblood Black Dress XL,10008744,,,,,,0,0,0
NWT Foxblood Shawl OSFM,10008749,,,,,,1,0,6.25
NWT Free People LS Top Black Size XS,10003566,,Free People NWT,,,,1,0,0
NWT Free People Mulberry Pants M,10007574,,,,,,1,0,0
NWT Gibson Red Velvet Top M,10008990,,,,,,1,0,8.75
NWT Guess Denim Shorts Jumper/Size S,10007037,,guess,,,,0,0,0
NWT H&M Peach Top/Size S,10007104,,H&M,,,,0,0,0
NWT Hearts & Hips Black Dress L,10007624,,,,,,1,0,4.75
NWT JCrew Pink & White Dress/Size XS,10007039,,JCrew,,,,1,0,0
NWT Jane Delancey LS Top Brown M,10007617,,,,,,1,0,0
NWT Jodifi Orange SS Sweater L,10008978,,,,,,0,0,0
NWT Karl Lagerfeld Paris White Shoulder,10009272,,,,,,0,0,0
NWT Lady Black Tie Blush Pink Dress / Size 14,10005736,,Lady Black Tie,,,,0,0,0
NWT Levi Jean Overalls / Size S,10006664,,Levi Strauss X Co,,,,0,0,0
NWT Liliana Beige Sequin Blouse M,10008239,,,,,,1,0,10.9
NWT Liz Claiborne Brown Hat,10007900,,,,,,0,0,0
NWT Loft Orange Shorts 8,10008453,,,,,,1,0,15
NWT Lulu's Blue Floral Dress L,10009134,,,,,,1,0,19.25
NWT Lush Ruched Oranges Top S,10008896,,,,,,1,0,13
NWT M McDowell Orange Dress L,10008499,,,,,,1,0,17.25
NWT M Rena Black Dress M,10008035,,,,,,0,0,0
NWT Mable White Jacket Size M,10007252,,,,,,0,0,0
NWT Maje Black Top Size S,10007276,,,,,,0,0,0
NWT Marc NY Faux Fur Yellow M,10007628,,,,,,0,0,0
NWT Michael Kors Black Leather Belt L,10009034,,,,,,1,0,3.3
NWT Miou Muse Sage Lace Cami S,10009248,,,,,,1,0,5.45
NWT Nanette Lepore Black Dress 0,10007633,,,,,,0,0,0
NWT Nina Leonard Black Dress Size L,10007623,,,,,,0,0,0
NWT Once Again Black Design Top L,10007663,,,,,,1,0,16
NWT Onyx LS Top Red Size XL,10003531,,Onyx,,,,1,0,0
NWT Philomenia Petti Cardigan M,10007439,,,,,,1,0,0
NWT Pink Shear Long Cardigan OSFA,10008029,,,,,,1,0,6.75
NWT PrettyLittle Thing Skirt Size 8,10007203,,,,,,0,0,0
NWT Red Multicolor Dress / Size M,10004645,,unknown,,,,0,0,0
NWT Rip Curl Red Top Size S,10007632,,,,,,0,0,0
NWT Rock & Republic Black Top / Size S,10005746,,Rock & Republic,,,,1,0,0
NWT Rolla's Pants Beige Size 32,10003546,,Rollaxs NWT,,,,1,0,24
NWT Ryu Skirt Brown Size S,10007265,,,,,,0,0,0
NWT Saks Fifth Ave White Dress M,10007852,,,,,,1,0,0
NWT Self Esteem Floral LS Top S,10009401,,,,,,1,0,5.45
NWT Simply Blessed Top L,10008427,,,,,,1,0,7.5
NWT Sincerely Ours Multi-Color Tank Top  S,10007249,,,,,,0,0,0
NWT Spy Zone Ex Red Floral S,10008747,,,,,,0,0,0
NWT Strut & Bolt Multi-Color Skorts L,10007248,,,,,,1,0,0
NWT Talbot's Pants Red & White Size 18,10003450,,Talbots,,,,1,0,0
NWT Taupe Shawl/Size XL,10004062,,R&M Richards,,,,1,0,27.99
NWT The Bee Peace Tee Shirt/ Size S,10007038,,The Bee,,,,1,0,0
NWT Tiana B Black Dress L,10007626,,,,,,1,0,4
NWT Timing Orange Top Real S,10008766,,,,,,1,0,3
NWT Undiz crochet croptop/s,10008369,,undiz,,,,0,0,0
NWT WHBM Sequin Corset Black/Size 12,10007139,,WHBM,,,,1,0,0
NWT WHBM Skirt Black & White Size 0,10003549,,White House Black Market,,,,1,0,0
NWT White Zara Halter Top/ Size XS,10007141,,Zara NWT,,,,1,0,0
NWT Wisck Black Sequin Top L,10007656,,,,,,1,0,0
NWT Zara Basic Red Slip Dress S,10008887,,,,,,1,0,6.5
NWT Zara Pants Grey Size L,10003493,,Zara NWT,,,,0,0,0
NWT altard state cow print crop tank/S,10008145,,Altarxd State,,,,0,0,0
NWT ann taylor/bls/prp/L,10005388,,Ann Taylor,,,,1,0,0
NWT coach/ 1964 suede fringe/ tan,10004701,,Coach,,,,0,0,0
NWT draper james/bls/prp/L,10005475,,Draper James,,,,1,0,0
NWT draper james/dress/org/4,10005819,,Draper James NWT,,,,0,0,0
NWTAureum/Grn&WhDress/SizeL,10005460,,Aureum NWT,,,,1,0,0
NWTChicos/DenimEmbJacket/Size0,10007696,,Chico's,,,,0,0,0
NWTChicos/PinkPant/Size0,10007700,,Chicos,,,,1,0,0
NWTMM/Pink&OrangeTop/SizeS,10005456,,Michelle Mcdowell,,,,0,0,0
NWTMarieGray/YellowPant/Size8,10007694,,Marie Gray,,,,1,0,0
NWTNylonAp/SparkleSkirt/SizeXL,10008538,,Nylon Apparel NWT,,,,1,0,0
NWTPLT/PinkCorset/Size16,10006164,,PrettyLittleThings NWT,,,,1,0,0
NWTPinkFloralTote,10008540,,unknown,,,,1,0,0
NWTRamyB/Navy Dress/SizeL,10008081,,Ramy Brook NWT,,,,1,0,0
NWTellamoss/MulticolBlouse/SizeXS,10006001,,ella moss,,,,1,0,0
NY & CO. colorful maxi dress/M,10006653,,NY & Co,,,,1,0,0
NY & Co Beige Buttondown Ruffle / Size M,10005532,,New York X Company,,,,1,0,0
NY & Co Blue Gradient SL Top / Size M,10005608,,New York X Company,,,,1,0,0
NY & Co Brown Silver Satin Top / Size L,10005628,,New York X Company,,,,1,0,0
NY & Co Pink White Design Tank / Size S,10005602,,New York X Company,,,,1,0,0
NY & Co Silver Sheer Top / Size L,10007648,,New York X Company,,,,1,0,0
NY & Co. Red Snake Silk Top L,10009040,,,,,,1,0,6.55
NY&Com BgFloral Skirt/Size 8,10004497,,New York X Company,,,,1,0,0
NYC Blk NSYNC Crop Hoodie/Size M,10003890,,Blank NYC,,,,1,0,0
NYC Blush Blue Lace Top/Size 2,10005213,,NYC Blush,,,,1,0,0
NYDJ Beige Tank / Size S/M,10005589,,NYDJ,,,,1,0,0
NYDJ Jeans,10000419,,not your daughters jeans,,,,1,0,0
NYDJ Pants Brown Size 14,10003447,,NYDJ,,,,1,0,0
NYDJ/swtr/brgndy/L,10004697,,NYDJ,,,,1,0,0
NYXCo/GrnLeafShirt/SizeM,10008563,,New York X Company,,,,1,0,13
NYXCompany/GreenLayerTop/SizeS,10005787,,New York X Company,,,,1,0,0
NYxCompany Purple Coat/Size M,10003836,,New York X Company,,,,1,0,0
Naf Naf Copper Shimmer Skirt/Size 10/12,10004194,,NafNaf,,,,1,0,0
Nakamol Stone Wrap Bracelet,10007343,,Nakamol,,,,0,0,0
Nanette Hot Pink Lace Blouse / Size M,10005614,,Nanette Lepore,,,,1,0,0
Nanette L Black Fringe Skirt / Size 8,10008012,,Nanette Lepore,,,,1,0,0
Nanette L Blue Red Striped Skirt / Size 8,10008155,,Nanette Lepore,,,,1,0,6.75
Nanette Lepore Black Top L,10008438,,,,,,1,0,5.75
Nanette Lepore Brown Blouse 10,10008031,,,,,,0,0,0
Nanette Lepore Brown Sleeveless Top 8,10008256,,,,,,1,0,8
Nanette Lepore Camisole Black,10003037,,Nanette Lepore,,,,0,0,0
Nanette Lepore Purple Dress M,10008750,,,,,,1,0,15
Nanette Lepore Suede Mules Pink/Size 9.5,10007058,,Nanette Lepore,,,,0,0,0
NanetteL/BlkxPinkDress/Size0,10009533,,Nanette Lepore,,,,1,0,8
NanetteL/CreamLaceTop/SizeM,10008304,,Nanette Lepore,,,,0,0,0
NanetteL/RedDotSheerDress/Size10,10006362,,Nanette Lepore,,,,1,0,0
NanetteLepore/ Midi Dress/ Grn/ Size 10,10005186,,Nanette Lepore,,,,1,0,0
NaraCamicie/BlkLaceBlouse/SizeS,10004313,,Nara Camicie,,,,1,0,0
Nashvlle GrnHotYoga Tank/Size S,10004345,,Comfort Colors,,,,1,0,0
Nasty Girl Silver Top Size 10,10007278,,,,,,0,0,0
Nation Green Sleeveless Top M,10008386,,,,,,1,0,8.25
National Coll Gray Vols Tshirt / Size S,10006523,,National Collegian,,,,0,0,0
Natural Refl Beige Crossfront Sweater / Size XXL,10005569,,Natural Reflections,,,,1,0,0
NaturalLife/SheerFlowerShirt/SizeXL,10008311,,Natural Life,,,,0,0,0
Naturalizer Blk KittenHeel/Size 7,10004109,,Naturalizer,,,,1,0,0
Naturalizer Lime Green Mules/Size 8.5,10007064,,Naturalizer,,,,0,0,0
NaughtyMonk/RedFlats/Size10,10004319,,Naughty Monkey,,,,1,0,0
Nautica Black & White Striped SS / Size L,10005993,,Nautica,,,,1,0,0
Nautica Blk Loafer/Size 7,10004107,,Nautica,,,,0,0,0
Nautica Off White Pinstripe Vest Top / Size 4,10007721,,Nautica,,,,0,0,0
Nautica white blouse/M,10006842,,Nautica,,,,0,0,0
NauticaSS Top_Nav,10004048,,Nautica,,,,1,0,0
Navy Blue LS Blouse Size S,10007521,,,,,,1,0,0
Navy Bucket Hat/Unknown,10005206,,unknown,,,,1,0,0
Naya Makani Wedge/ Size 11,10007072,,Naya,,,,0,0,0
Neesh Orange Cropped Sweater / Size M,10008196,,Neesh,,,,1,0,6
NellieParton/CreamTop/SizeM,10006410,,Nellie Parton,,,,0,0,0
Nellis Orange Dress Size S,10008846,,,,,,1,0,5.5
Neon Yellow See-through tshirt / Size L,10004832,,unknown,,,,0,0,0
New Belgium Red Tank Top L,10008982,,,,,,1,0,6.59
New Directions Black Sleeveless Top M,10008510,,,,,,1,0,13.15
New Directions Blue Green Top / Size XL,10006568,,New Directions,,,,1,0,0
New Directions NWT B & W Tank / Size M,10006508,,New Directions,,,,0,0,0
New Directions Sleeveless Top L,10008660,,,,,,1,0,5.5
New Fantasy Patterned Lemon SL Top / Size L,10005992,,New Fantasy,,,,1,0,0
New In Pink Skirt / Size S,10005727,,New In,,,,0,0,0
New In Sage Green Skirt / Size M,10004955,,New In,,,,0,0,0
New Look Sleeveless Top 16,10008264,,,,,,1,0,6
New York & Co Black White Sheer Shawl / Size L,10004227,,New York X Company,,,,0,0,0
New York & Co Blue Green Top / Size S,10006469,,New York X Company,,,,1,0,0
New York & Co Pink Sleeveless XL,10009145,,,,,,1,0,5.5
New York Laundry Green Hoodie S,10007526,,,,,,1,0,0
New with tags pink coach purse,10007760,,Coach,,,,1,0,0
New'm/ Floral Top/ Size S,10005045,,New'm,,,,0,0,0
NewDirect/ Multipattern Top/ Size XL,10005164,,New Direct,,,,1,0,0
NewYork Grey Sequin Shawl/Size S,10003713,,New York X Company,,,,1,0,0
Newbury Kuston Pink SS Top M,10008638,,,,,,0,0,0
Newport News Pink Crochet Top L,10007665,,,,,,0,0,0
NewportNews/FloralSkirt/Size12,10008309,,newport news,,,,0,37.56548,0
Next Black Sheer Top/Size 12,10005208,,Next,,,,0,0,0
Next Brown Belt,10006382,,Next,,,,0,0,0
Next Exclusive/ Sheer Top/ Rd&Wht/ Size S,10005085,,Next Exclusive,,,,1,0,0
Next Tall WindbreakerBlack Size 10,10007166,,,,,,1,0,0
Nic & Zoe Beige LS Top Size L,10007570,,,,,,0,0,0
Nic & Zoe Black SL Top / Size M,10007643,,Nic X Zoe,,,,1,0,0
Nic & Zoe Red Sweater / Size S,10005946,,Nic X Zoe,,,,1,0,0
Nic ZoeCardigan_Za,10003034,,Nic Zoe,,,,0,0,0
Nic&Zoe/MulticolorBlouse/SizeM,10004365,,Nic X Zoe,,,,1,0,0
Nicfazy Green Yellow Dress / Size XL,10003866,,Nicfazy,,,,0,0,0
Nick X MoJacket_SB,10002762,,Nick X Mo,,,,1,0,0
Nick&Mo Prp&Blk Square Coat/Size XL,10004740,,Nick X Mo,,,,0,0,0
Nicola/Multicolbttndwn/Size1X,10006027,,Nicola,,,,1,0,0
Nicole Brown Blue Colorful Sleevless / Size L,10004768,,Nicole Miller,,,,1,0,0
Nicole Miller Blue/Brown 6,10007826,,,,,,1,0,171
Nicole Miller Colorful Silk Tank / Size S,10005672,,Nicole Miller,,,,0,0,0
Nicole Miller SL Colorful Silk Tank / Size S,10004836,,Nicole Miller,,,,2,0,0
Nicole Miller Sequin Jumpsuit / Size L,10003958,,Nicole Miller,,,,1,0,0
Nicole Miller Tan Cardigan,10001110,,Nicole Miller,,,,1,0,0
Nicole MillerNicole Miller Feather Tank,10003315,,Nicole Miller,,,,0,0,0
NicoleLee/GreenSequinflowerPurse,10008298,,Nicole Lee,,,,0,0,0
NicoleM/MulticolBlouse/SizeS,10006017,,Nicole Miller,,,,0,0,0
Nie & Zoe Red SS Knit Top / Size S,10005840,,Nie & Zoe,,,,1,0,0
Nike Dry-Fit Orange T-Shirt M,10008818,,,,,,1,0,6
Nike Grey/Pink Sweatshirt Size XL,10007504,,,,,,1,0,0
Nike Knoxville Tshirt / Size XXL,10006489,,Nike,,,,0,0,0
Nike Orange Tenn. Sweatshirt L,10008391,,,,,,1,0,7.5
Nike VFL Orange T-Shirt L,10008400,,,,,,1,0,4.75
NikeTeam/ Vols TrackJacket/ Orng/ Size M,10005157,,Nike,,,,0,0,0
NikiBiki Black Bodycon Dress 1 / One Size,10008009,,NikiBiki,,,,1,0,0
NikiBiki Black Bodycon Dress 2 / One Size,10008010,,NikiBiki,,,,0,0,0
NikiBiki Leopard Dress 1 / One Size,10008018,,NikiBiki,,,,1,0,4.75
NikiBiki Leopard Dress 2 / One Size,10008020,,NikiBiki,,,,1,0,4.75
Nina Black Buttondown Sheer SS / Size M,10006530,,Nina,,,,0,0,0
Nina DrakeBlazer_X,10002887,,Nina Drake,,,,1,0,0
Nina Tan Slingback Heels / Size 8,10008991,,Nina,,,,1,0,11.25
Nine & Company Brown Sweater M,10008269,,,,,,1,0,6
Nine West B & W Blue SL Top / Size XXL,10006569,,Nine West,,,,1,0,0
Nine West Black Dress / Size 14,10004610,,Nine West,,,,1,0,0
Nine West Black Flower Bucket Hat,10004765,,Nine West,,,,0,0,0
Nine West Black Sleeveless Top 8,10009314,,,,,,1,0,3.75
Nine West Brown Strappy Heel / Size 7,10007361,,Nine West,,,,0,0,0
Nine West Dark Blue Ruffle Sleeveless,10003756,,Nine West,,,,0,0,0
Nine West Floral Dress/Size XXL,10004482,,Nine West,,,,1,0,0
Nine West Green Flats/ Size 8,10007043,,,,,,0,0,0
Nine West Jean Shorts/Size 8,10006818,,Nine West,,,,1,0,0
Nine West Leather Belt / Size L,10006373,,Nine West,,,,1,0,0
Nine West Orange & Pink Dress / Size L,10007920,,Nine West,,,,1,0,0
Nine West Pink Rain Jacket/ Size S,10007121,,Nine West,,,,0,0,0
Nine West Pink Yellow Tie Up Wedges / Size 9,10007641,,Nine West,,,,0,0,0
Nine West Red LS Blouse Size S,10007520,,,,,,1,0,0
Nine West Silver Shoes 10,10008988,,,,,,1,0,6.55
Nine West Silver Shoes 5,10007980,,,,,,1,0,0
Nine West Silver Wallet,10003747,,Nine West,,,,1,0,0
Nine West White Camisole M,10008983,,,,,,1,0,5.45
Nine West Yellow Jacket/SIze 4,10007123,,Nine West,,,,0,0,0
Nine WestJacket_W5,10002684,,Nine West,,,,1,0,0
Nine/Yllw Flower HndBag,10004074,,Nine West,,,,0,0,0
NineWVintAmer/WhiJeanJacket/SizeL,10006871,,Nine West,,,,0,0,0
NineWest/ Pink Multi-Pattern Jacket/Size XL,10004276,,Nine West,,,,0,0,0
NineWest/BlkAniPrintHeels/Size7.5,10004317,,Nine West,,,,0,0,0
NineWest/BluedenimHeels/Size8,10008306,,Nine West,,,,0,0,0
NineWest/PnkTieDress/SizeS,10006102,,Nine West,,,,0,0,0
Ninety Brown Orange LS Top / Size XL,10008407,,ninety,,,,1,0,6.25
Ninewest/BlkSparkleBodySuit/SizeL,10009101,,Nine West,,,,1,0,8
Ninewest/PinkTwistTop/SizeM,10006041,,Nine West,,,,0,0,0
Ninexis Tan Bodysuit LS / Size XL,10005538,,Ninexis,,,,1,0,0
Nirvana Band Tshirt / Size S,10004968,,Nirvana,,,,0,0,0
No Boudaries Red Lace Cami Dress L,10009193,,,,,,1,0,6.25
No Boundaries Black Lace Top XS,10009120,,,,,,1,0,4.35
No Boundaries Gray Jean Crop Top / Size L,10005136,,No Boundaries,,,,1,0,0
No Boundaries Green Flower Cardigan/ Size M,10006259,,No Boundaries,,,,0,0,0
No Boundaries White Crop Top Pink FL / Size 11,10004850,,No Boundaries,,,,1,0,0
No Frills LA Rust Pinafore Dress L,10009300,,,,,,1,0,4.75
Noa/RedGemTop/SizeL,10008361,,Noa,,,,1,0,0
Nocona Tan Cowgirl Boots / Size 9,10003779,,Nocona Boots,,,,1,0,0
North End Red/White Top S,10008707,,,,,,1,0,6.5
North Face Orange Fleece M,10007509,,,,,,1,0,0
Northeast/ Flannel BttnDwn/ Bl&Wht/ Size M,10005139,,Northeast Outfitters,,,,1,0,0
Norton Studio Pink LS Top Size XXL,10007538,,,,,,1,0,0
Not Your Daughter's Jeans Bluejeans Size 6,10003454,,not your daughters jeans,,,,1,0,0
Notations Beige Sleeveless Top L,10009006,,,,,,0,0,0
Notations/BlkDress/Size3X,10009544,,Notations,,,,1,0,8
Notations/BlkFloralTop/SizeXL,10005289,,Notations,,,,1,0,0
Nouveaux Yellow Asian Skirt 12,10008417,,,,,,1,0,6.25
Nouvida/GrnLaceTankTop/SizeL,10006437,,Nouvida,,,,0,0,0
Novica/BlkBeadedCardigan/SizeS,10006785,,Novica,,,,1,0,0
Nubile Jean Lightwash Miniskirt / Size XL,10005252,,Nubile Jeans,,,,0,0,0
Nygard Foil Jacket/Size M,10004064,,Nygard,,,,1,0,0
Nygard/BlklaceWhiTop/Size12,10006358,,Nygard,,,,0,0,0
O'Neill Floral Stretch Pants / Size M,10006715,,OxNeill,,,,1,0,0
O'Neill White LS Top M,10009439,,,,,,1,0,6.55
O.titude Italian Red Dress M,10009143,,,,,,1,0,6.25
OC/BlkOneSlvfloralDress/Size4,10007742,,OC by OC,,,,1,0,0
ODM Premium GoodsTee Shirt_Odm,10004041,,ODM Premium Goods,,,,0,0,0
OSC VINTAGE Floral Vest / Size M,10006684,,OSC,,,,1,0,0
OXOXO/BlackHrtCharmBag,10006348,,OXOXO,,,,1,0,0
OYROSY Jumpsuit w Fringe,10002456,,Oyrosy NWT,,,,1,0,0
Oak & Trellis White Romper / Size S,10006971,,Oak X Trellis,,,,1,0,0
Oasis Blue Tank w Flowers / Size 12,10005560,,Oasis,,,,1,0,0
Ocean Drive Light Green & White Dress / Size S,10006683,,ocean drive,,,,0,0,0
Odille long green skirt/0,10008113,,Odille,,,,1,0,0
OdilleYellow/Black Skirt Size 0,10008228,,,,,,0,0,0
Off Shoulder Checkered Sheer Floral LS / Size M,10005268,,unknown,,,,1,0,0
Offline croped workout top/M,10006841,,aerie offline,,,,0,0,0
Offwhite Purple Bedazzle Cardigan / Size L,10004971,,unknown,,,,1,0,0
Oktober VINTAGE Red & White Plaid / Size M,10003771,,Oktoberzanber,,,,1,0,0
Old Navy Beige High Rise Pants / Size 6,10007305,,Old Navy,,,,0,0,0
Old Navy Blue & Pink SL Top / Size S,10006541,,Old Navy,,,,0,0,0
Old Navy Blue Floral Top M,10008437,,,,,,1,0,3.75
Old Navy Boyfriend Shorts 0,10008706,,,,,,0,0,0
Old Navy Brown Dress Size M,10007186,,,,,,0,0,0
Old Navy Brown Sequin Belt / Size L,10006386,,Old Navy,,,,1,0,0
Old Navy Brown Skirt / Size 16,10005719,,Old Navy,,,,1,0,0
Old Navy SL Jean Jumper / Size S,10006666,,Old Navy,,,,0,0,0
Old Navy White Floral Wrap Top / Size S,10006287,,Old Navy,,,,0,0,0
Old Navy White SS Top S,10009047,,,,,,1,0,4.35
Old Navy White Skirt Size 8,10009421,,,,,,1,0,5.45
Old Navy White Stretch Pants 12,10007938,,,,,,1,0,0
Old Navy Yellow SL Dress / Size M,10007707,,Old Navy,,,,1,0,0
Old Navy/ Floral Top/ Pnk&Orng/ Size M,10005096,,Old Navy,,,,0,0,0
Old West Pink Glitter Boot/Size 8,10004052,,Old West,,,,1,0,0
OldCountyRoad/RedStripeBag,10008307,,Old County Road,,,,0,0,0
OldNavy/BlueStripeTop/SizeM,10006399,,Old Navy,,,,1,0,0
OldNavy/OrangeTankTop/SizeM,10004864,,Old Navy,,,,0,0,0
OldNavy/StrawBerryTop/SizeXXL,10009100,,Old Navy,,,,1,0,8
Olive Hill Pink Green Sheer QS Shirt / Size S,10005111,,Olive Hill,,,,1,0,0
OliviaxMartin/PinkStitchBlouse/SizeS,10004940,,Olivia & Martin,,,,1,0,0
One Floral Pants Size XS,10008518,,,,,,1,0,10.95
One Secret Beige w Stripe Panel / Size L,10005657,,One Secret,,,,0,0,0
One September Blue Sleeveless Top M,10008620,,,,,,1,0,4.5
One World Beige Bedazzled Top / Size XL,10006604,,One World,,,,1,0,0
One World Pink Multicolor SL Dress / Size M,10007472,,One World,,,,1,0,0
OneClothing/BlkWhiTiedye/SizeL,10008594,,One Clothing,,,,0,0,0
Oneleven Biege Pants / Size L,10007687,,Oneleven,,,,1,0,0
OnlyHearts/GreenTankTop/SizeM,10006165,,Only Hearts,,,,1,0,0
Onzie Flare Leggings / Size M,10008163,,onzie,,,,1,0,6.5
Orange Drop Earrings,10003994,,,,,,0,0,0
Orange High-Top Converse/Size 6,10003581,,Converse,,,,1,0,0
Orange Michel Jacket Sleeve Design / Size M,10007673,,Michel,,,,1,0,0
Orange Necklace,10007440,,,,,,0,0,0
Orange Ruched Tiered Mini Skirt L,10009381,,,,,,1,0,4.35
Orange Ruffle Blouse / Size S,10005983,,unknown,,,,1,0,0
Orange SL Beaded Tank / Size M,10004838,,unknown,,,,1,0,0
Orange Vote T Tshirt / Size M,10004822,,unknown,,,,0,0,0
Orange Watercolor SL Tank / Size XS,10004837,,unknown,,,,1,0,0
OrangeBralette/SizeS/M,10006097,,unknown,,,,1,0,0
Origami Shortsleeve Sequin Shirt / Size S,10003959,,Origami,,,,0,0,0
OrigamiDress_An,10000330,,Origami,,,,1,0,0
Oriole Mill Gray LS / Size L,10007870,,the Oriole Mill,,,,1,0,0
Orvis Orange Plaid LS / Size L,10004723,,Orvis,,,,1,0,0
Otto Baseball Hat,10005687,,Otto,,,,0,0,0
OutFromUnder/PinkGrnRomper/SizeS,10009519,,Out from under,,,,0,0,0
Outback Red Green Skirt 8,10008267,,,,,,1,0,5.75
Outdoor Voices Pink Poppy Dress XL,10009168,,,,,,1,0,12.5
OutfitJPR/MulticolStripeTank/SizeS,10005339,,Outfit JPR,,,,0,0,0
Oz Red Leather Purse,10007100,,Oz,,,,0,0,0
P&S Blk Jean MidiSkirt/Size L,10004499,,P&S,,,,0,0,0
PGA TourSS Top_Iz,10003003,,PGA Tour,,,,0,0,0
PJ Salvage Grey Tank Top Size S,10007246,,,,,,1,0,0
PLL/WhiteShellBlouse/Size8,10004922,,Pretty Little Thing,,,,0,0,0
PLT Burgundy Denim Corset 4,10008986,,,,,,1,0,4.35
PLT MultiColor Asymmetrical Pants / Size 12,10004795,,Pretty Little Thing,,,,1,0,0
PLT/ Sheer Twist Top/ Teal/ Size M,10005156,,Pretty Little Thing,,,,1,0,0
PLT/Pink&WhiTop/Size6,10005764,,Pretty Little Thing,,,,1,0,0
POL Sweatshirt Grey Size M,10003536,,POL,,,,1,0,0
PS LATee Shirt_Ex,10002672,,PS LA,,,,0,0,0
Paani Luv Blue Floral Skirt / Size S,10008017,,Paani Luv,,,,0,0,0
Paani/MulticolFlowerDress/SizeS,10008293,,Paani,,,,0,0,0
Pac Sun Rhinestone Denim Top/Size S,10007134,,Pac Sun,,,,0,0,0
Pacsun White Jeans / Size 29,10005695,,Pacsun,,,,1,0,0
Paddle & Saddle Brown VINTAGE SL Jumpsuit,10007584,,Paddle & Saddle,,,,0,0,0
Paige Black Pants Size S,10005679,,,,,,1,0,0
Paige Bluejeans Size S,10003448,,Paige,,,,1,0,0
Paige Mayslie Coated Pants Black Size M,10003548,,Paige,,,,1,0,0
Paige Novella Black Overalls Size S,10007851,,,,,,1,0,0
Paige Small Bluejeans,10008266,,,,,,1,0,9
PaigeJeans_Ju,10002587,,Paige,,,,1,0,0
PaigePants_Ci,10002584,,Paige,,,,1,0,0
Palm White Sleeveless Top 14,10008255,,,,,,1,0,6
Paloma Red Shoes/Size 11.5,10007053,,Paloma,,,,1,0,0
PamelaStewart/BlkstrapTop/SizeL,10006359,,Pamela Stewart,,,,0,0,0
Pandora/CirchollowEarrings,10008789,,Pandora,,,,1,0,8
Pandora/PrincessRing,10008793,,Pandora,,,,1,0,8
PandoraCircleEarrings,10008788,,Pandora,,,,1,0,8
PandoraDiamondGemRing7.5,10008968,,Pandora,,,,1,0,8
PandoraDotRing/Size7.5,10008966,,Pandora,,,,1,0,8
PandoraInfinityRing/Size7.5,10008967,,Pandora,,,,1,0,8
PandoraPinkFlowerRing/Size7.5,10008965,,Pandora,,,,1,0,8
Papaya Dress Multi-Color Size M,10007550,,,,,,0,0,0
Papaya Gray Light Hoodie / Size M,10005959,,papaya,,,,1,0,0
Papaya/DrawStringShirt/SizeM,10006879,,papaya,,,,0,0,0
Paper Crane Green White Crop Top / Size M,10003800,,Paper Crane,,,,0,0,0
Paper Crane White Pattern Crop Top / Size M,10006459,,Paper Crane,,,,0,0,0
Paper Lacer white longsleeve blouse/s,10008373,,paper lacer,,,,0,0,0
Paper Moon Orange Tube Top M,10009211,,,,,,1,0,5.25
Paper crane floral crop tank/s,10008370,,Paper Crane,,,,1,0,7.99
PaperCrane/ Floral Crop/ Blk/ Size XS,10005443,,Paper Crane,,,,1,0,0
PaperD&C/GrnKhakiPant/Size34/32,10004469,,Paper Denim & Cloth,,,,1,0,0
Paperwhite Floral White Top/ Size 12,10006278,,Paperwhite,,,,1,0,0
PapillonLS Top_Ve,10002323,,Papillon,,,,1,0,0
Parallel Skies Blush Pink SS / Size S,10005026,,Parallel Skies,,,,1,0,0
Pariah Geometric Skirt Size 4,10008841,,,,,,1,0,8.25
Paris Atelier SS blouse Pink Size 6,10007263,,,,,,0,0,0
Parisian Coral Silk Blazer,10006491,,Parisian,,,,1,0,0
ParkerLS Top_Par,10004043,,Parker,,,,1,0,0
Parkhurst Silver Sequin Vest / Size L,10006516,,Parkhurst,,,,0,0,0
Pashina Green Silk Scarf,10005557,,Pashmina,,,,0,0,0
Passport Baby Pink Plaid / Size 6,10003782,,Passport,,,,1,0,0
Passport Denim Jacket Size,10007536,,,,,,1,0,0
Patagonia Orange T-Shirt Size XS,10007500,,,,,,1,0,0
Patagonia/BlackShorts/SizeM,10008335,,patagonia,,,,0,0,0
Patagonia/PinkShorts/SizeM,10008338,,patagonia,,,,0,0,0
Patagonia/YellowShorts/SIzeM,10008340,,patagonia,,,,0,0,0
Patchington Snakeskin V-Neck Top S/M,10009156,,,,,,1,0,5.45
Patricia Nash Brown Purse,10007404,,Patricia Nash,,,,0,0,0
Patricia Nash Floral Garden Map Purse,10003430,,Patricia Nash,,,,1,0,0
Patricia Nash House Scene Design Brown Handle,10004557,,Patricia Nash,,,,0,0,0
Patrons of Peace Floral Crop Top / Size S,10005980,,Patrons of Peace,,,,1,0,0
Patrons of Peace Top/ Floral Beige and Pink/Size XS,10005820,,Patrons of Peace,,,,0,0,0
Patterned Top/ Wht&Orng/ Size XS,10005061,,unknown,,,,0,0,0
Paul Green Lace Up Heel / Size 7,10007640,,Paul Green,,,,1,0,0
Paul McCartneyTee Shirt_SO,10002392,,Paul McCartney,,,,0,0,0
Peace of Cloth,10000166,,Peace of Cloth,,,,1,0,0
Peace of Cloth Pants Black Size S,10003515,,Peace of Cloth,,,,1,0,0
Peach Love Purp Shiny Dress / Size S,10003955,,Peach Love,,,,1,0,0
PeachLove/PinkFloralBlouse/SizeL,10006409,,Peach Love,,,,1,0,0
Peacock Pendant,10004218,,unknown,,,,0,0,0
Pear Culture Black Dress / Size 3,10004778,,Pear Culture,,,,2,0,0
Pearl Beach Visor,10004790,,unknown,,,,0,0,0
Pearle 88 Pink Dress XS,10007568,,,,,,1,0,0
Peck & Peck Pink V-Neck LS,10008502,,,,,,1,0,5.99
Peck & Peck Sleeveless Top L,10008513,,,,,,1,0,13.25
PeckxPeck/Grn&BlBlouse/SizeXL,10006353,,Peck X Peck,,,,1,0,0
People Like Frank Gray Blazer / Size 14,10006694,,People Like Frank,,,,1,0,0
PepperMayoNWT/Jean Halter/Size M,10004433,,Peppermayo NWT,,,,0,0,0
Peppermint Velvet Longsleeve Dress / Size S,10004575,,Peppermint,,,,1,0,0
Per Se Beige Top Size 2,10007948,,,,,,1,0,0
Per Se Offwhite Black Grommet LS Top / Size 6,10006963,,Per Se,,,,1,0,0
PerUna/MulticolBttnDwn/Size10,10005422,,Per una,,,,0,0,0
Perceptions White Knit Throw / Size 1X,10006975,,Perceptions,,,,0,0,0
Permasan Pale Pink Skirt Lace Detail / Size 8,10005734,,Persaman,,,,0,0,0
Persaman Biege Corduory Jacket / Size S,10006307,,Persaman,,,,0,0,0
Persaman Black & Gray Lace Skirt / Size 12,10006304,,Persaman,,,,1,0,0
Persaman Black Jean Jacket / Size L,10006308,,Persaman,,,,1,0,0
Persaman Black LS Beaded Cardigan / Size L,10006309,,Persaman,,,,1,0,0
Persaman Black Pink Skirt / Size 16,10006493,,Persaman,,,,1,0,0
Persaman Black Skirt White Flw / Size 8,10006293,,Persaman,,,,0,0,0
Persaman Blue & Yellow Skirt / Size 8,10005919,,Persaman,,,,0,0,0
Persaman Brown Beaded Skirt / Size 8,10006295,,Persaman,,,,1,0,0
Persaman Pink & Yellow Skirt / Size 10,10005918,,Persaman,,,,0,0,0
Persaman Pink Design Skirt / Size 8,10005943,,Persaman,,,,1,0,0
Persaman Pink Embroidered Skirt / Size 12,10005914,,Persaman,,,,1,0,0
Persaman Red & Black Skirt 10,10006296,,Persaman,,,,0,0,0
Persaman/GreyGrn&BluedetailDress/SizeL,10006408,,Persaman,,,,1,0,0
Perseption Concept Gray SL Vest / Size L,10005956,,Perseption Concept,,,,1,0,0
Petal & Pup Red Dress,10005235,,Petal X Pup,,,,0,0,0
Petal + Pup Red Top 12,10008984,,,,,,1,0,5.45
Peter Carol Yellow Sweater/ Size L,10006759,,Peter Carol,,,,0,0,0
Peter Som Striped Blk Skirt,10003304,,Peter Som,,,,1,0,0
PeterNd/BlackDresswBelt/Size16,10008330,,Peter Nygard,,,,1,0,0
Petite Soph B/W SS Top S,10009147,,,,,,1,0,5.5
Petra Fashions Camisole Orange Size M,10003420,,Petra Fashions,,,,0,0,0
Petticoat Alley Black Multicolor Top / Size M,10005958,,Petticoat Alley,,,,1,0,0
Peyton Primrase Gray Cardgian / Size XL,10005572,,Peyton Primrase,,,,0,0,0
Philosophy Black/White Dress Size S,10007196,,,,,,0,0,0
Philosophy Blue & Pink Tank / Size M,10006299,,Philosophy,,,,0,0,0
Philosophy Dress Black and White/Size S/P,10006265,,Philosophy,,,,0,0,0
Philosophy Floral Print Top L,10009309,,,,,,1,0,3.75
Philosophy Orange Collared Top / Size XL,10005637,,Philosophy,,,,1,0,0
Philosophy Pink SS Top SP,10009144,,,,,,1,0,5.5
Philosophy Star Tee/Size L,10004125,,Philosophy,,,,1,0,0
Philosophy Sweater Black Multi Color Size S,10003530,,Philosophy,,,,1,0,0
Philosophy White Pants/Size L,10004191,,Philosophy,,,,1,0,0
Philosophy/ Sheer Blouse/ Wht&blk/ Size L,10005038,,Philosophy,,,,1,0,0
Philosophy/BlackTieTop/SizeM,10009092,,Philosophy,,,,1,0,8
Philosophy/Butterflyshirt/SizeL,10009102,,Philosophy,,,,1,0,8
PiaMia Shoes Size 7.5,10007815,,,,,,1,0,16
Piano Pink and Brown Ruffle Sleeveless / Size M,10003750,,Piano,,,,1,0,0
Picadilly/BlkWhiPatternShirt/SizeXS,10007398,,Picadilly,,,,1,0,0
Pikolinos Black Leather Boots,10003349,,Pikolinos,,,,1,0,0
Pikolinos/BuckleAnkleBoots/Size37,10004399,,Pikolinos,,,,1,0,0
Pilcro ColdShldr Yllw Tee/Size S,10004348,,Pilcro,,,,1,0,0
Pilcro Orange Top Size M,10008864,,,,,,0,0,0
Pilcro Striped Pants / Size 31,10003785,,Pilcro,,,,0,0,0
Pimatee Rascal Flatts T-Shirt XL,10007565,,,,,,0,0,0
Pine Needles Sleeveless Card M,10008218,,,,,,1,0,6.75
Pineharsh Black Slip Dress / Size 34,10004560,,Pineharsh Lingerie,,,,1,0,0
Pink & White SL Romper / Size S,10007604,,unknown,,,,0,0,0
Pink Baseball Cap,10004234,,unknown,,,,0,0,0
Pink Blouse W Ruffles / Size S,10006341,,unknown,,,,0,0,0
Pink Butterfly Hat,10007601,,,,,,0,0,0
Pink Chain Waistbelt,10004249,,unknown,,,,1,0,0
Pink Chic Vintage T Shirt Size L,10007147,,,,,,25,0,400
Pink Chic Vintage T Shirt Size M,10007146,,,,,,22,0,352
Pink Chic Vintage T Shirt Size S,10007145,,,,,,23,0,368
Pink Chic Vintage T Shirt Size XL,10007148,,,,,,23,0,368
Pink Chic Vintage T Shirt Size XS,10007144,,,,,,25,0,400
Pink Cotton Tank / Size M,10008193,,unknown,,,,1,0,6
Pink Crochet Halter Top S,10009023,,,,,,1,0,4.35
Pink FloydTee Shirt_Al,10002865,,Pink Floyd,,,,0,0,0
Pink Furry Purse French Bee,10007088,,French Bee,,,,0,0,0
Pink Kigi Platform Sandals/Size 7,10007057,,Pink Kigi,,,,0,0,0
Pink Lily Brown Dress Size M,10007544,,,,,,1,0,0
Pink Lily Brown/White Sleeveless Top XXL,10008263,,,,,,0,0,0
Pink Lily Flower Dress Size L,10008463,,,,,,1,0,8
Pink Lily Jean Skirt Embro / Size S,10007709,,Pink Lily,,,,0,0,0
Pink Lily Orange Knit Dress / Size L,10006707,,Pink Lily,,,,0,0,0
Pink Multi-Pattern Heel/Size 9,10004245,,Shi,,,,1,0,0
Pink Multicolor Floral Sheer Tank / Size S,10008197,,unknown,,,,1,0,6
Pink Multicolor Tank / Size 00,10006558,,Loft,,,,1,0,0
Pink Orange Skirt White Flowers Skirt / Size 8,10004962,,unknown,,,,0,0,0
Pink Orange Striped Multicolor SS / Size XL,10006525,,unknown,,,,0,0,0
Pink Plaid Skirt/Size L,10004268,,Draper James NWT,,,,1,0,0
Pink Plastic Purse,10003154,,unknown,,,,0,0,0
Pink Puff Cardigan w Blk Detail / Size XL,10005891,,unknown,,,,1,0,0
Pink Republic Gray Sweater / Size S,10005534,,Pink Republic,,,,1,0,0
Pink Republic Navy Blue Red Pattern Tank / Size S,10005271,,Pink Republic,,,,1,0,0
Pink Rhinestone Skirt NWT/Size M,10004271,,Nylon Apparel NWT,,,,1,0,0
Pink Rose Mustard Sweater / Size M,10005964,,Pink Rose,,,,1,0,0
Pink Ruched Top / Size S,10006998,,unknown,,,,0,0,0
Pink SL Dress / Size M,10006663,,unknown,,,,1,0,0
Pink Skinny Belt,10009221,,,,,,1,0,3.25
Pink Snakeskin Belt,10003709,,,,,,0,0,0
Pink Striped Pleated Sleeveless Maxi M,10008913,,,,,,0,0,0
Pink Sweater Size S,10007502,,,,,,1,0,0
Pink Trio Flower Earrings,10003993,,,,,,0,0,0
Pink Tweed Blazer Dress M,10009275,,,,,,1,0,13
Pink Wild West Tee/Size M,10003694,,unknown,,,,1,0,0
Pink and Brown Dress Sequin / Size 15,10004547,,,,,,1,0,0
Pink cami,10006859,,,,,,-1,0,0
Pink coach mini purse,10006670,,Coach,,,,0,0,0
Pink w Lemon Coverall OSFM,10008486,,,,,,0,0,0
Pink&Whi/SizeM,10003594,,unknown,,,,1,0,0
Pink/White Floral Midi Skirt M,10009614,,,,,,1,0,10
PinkCropTop/SizeM,10006040,,unknown,,,,0,0,0
PinkFloralSkirt/SizeXXL,10004906,,unknown,,,,1,0,0
PinkFloyd Baby Tee/Size S,10004132,,unknown,,,,0,0,0
PinkFloyd/Tshirt/SizeM,10007368,,Pink Floyd,,,,0,0,0
PinkFringeCowBoyBoots/Size8,10009507,,unknown,,,,1,0,8
PinkLaceSlipDress,10008349,,unknown,,,,0,0,0
PinkLily/BlkWhitrimSET/SizeS,10007744,,Pink Lily,,,,1,0,0
PinkNightGown/SizeM,10008325,,unknown,,,,1,0,0
PinkRepublic/Pink&Blktop/SizeL,10003642,,Pink Republic,,,,1,0,0
PinkSilkTop/SizeM,10006345,,unknown,,,,1,0,0
PinkSweatshirt_Bl,10003020,,Pink,,,,1,0,0
PinkWrapBracelet,10008610,,unknown,,,,1,0,8
PinkbuckleCoachPurse,10008783,,Coach,,,,1,0,8
Pinque/MustardCardigan/SizeM,10006044,,Pinque,,,,0,0,0
Pistola Burgundy Pants,10001076,,Pistola,,,,2,0,0
PixleyMulticolor Green/Orange/Sleeveless Top/Size S,10005577,,Pixley,,,,1,0,0
PlaidDress/Bl&Wht/Size S,10004436,,Loveriche,,,,0,0,0
Plain Jane Red Gold LS Dress / Size 5,10008078,,plain jane,,,,1,0,0
Please LS Top Black Size M,10003564,,Please,,,,1,0,0
PleaseLS Top_Lo,10000043,,Please,,,,1,0,0
PleioneSS Top_Sk,10002321,,Pleione,,,,1,0,0
Plenty Orange Floral Skirt / Size S,10007208,,Plenty by Tracy Reese,,,,1,0,0
Plenty Purple Dress / Size 6,10007865,,Plenty by Tracy Reese,,,,1,0,0
Plenty/Blue&BlkFlowerDress/Size6,10006113,,Plenty,,,,0,0,0
Plush Bottoms Jeans / Size 4,10006517,,Plush Bottoms,,,,1,0,0
Pnk&BrwnTssleBag/HandcraftedGenLthr,10006346,,unknown,,,,1,0,0
Pnk/Prp Button Down/Size L,10003842,,Ann Taylor,,,,1,0,0
Poetry White Tank Top L,10008929,,,,,,1,0,6.95
Poetry/AnimalPrintTop/SizeL,10008353,,Poetry,,,,1,0,0
Polly Black Tie-Front Crop Top 4,10009185,,,,,,1,0,4.35
Polo Denim Skirt/Size 4,10007098,,Polo Ralph Lauren,,,,1,0,0
Polo Garage Pink Sweater / Size XS,10005897,,Polo Garage,,,,0,0,0
Polo Jean Co Navy Cotton Skirt 12,10009371,,,,,,1,0,7.65
Polo RL Purple/White Shorts 6,10009484,,,,,,1,0,5
Polo US Open Sweatshirt / Size XL,10003809,,Polo Ralph Lauren,,,,0,0,0
Polo/BlkQuarterZip/SizeL,10006799,,Polo by Ralph Lauren,,,,1,0,0
PoloRL/PinkzipupJacket/SizeXL,10005337,,Polo by Ralph Lauren,,,,0,0,0
Pom Pom Red Beanie,10004231,,Kyi Kyi Canada,,,,1,0,0
Pom Pom White Beanie,10004230,,Kyi Kyi Canada,,,,1,0,0
Poof/BlkhighneckTop/SizeM,10006021,,Poof,,,,1,0,0
Poppy Jones Gray Studded Small Purse,10004076,,Poppy Jones,,,,1,0,0
PopsiCamisole,10002349,,Popsi,,,,1,0,0
Port & Co Orange TN Fitted Tshirt / Size S,10004833,,Port & Co,,,,0,0,0
Port Authority Red Bball Cap Bedazzeled Heart,10006595,,Port Authority,,,,1,0,0
Portraits Black Vest White Emb / Size S,10006487,,Portraits by Northern Isles,,,,0,0,0
PositiveAtt/BlackCheetaBttnDwn/Size12,10006889,,Positive Attitude,,,,0,0,0
Possible F21 Black Pants / Size 4,10003803,,Forever 21,,,,1,0,0
Posty Co Black Tour Tshirt / Size 2XL,10007916,,Posty Co,,,,0,0,0
Prabal Gurung Rainbow Skirt/Size 4,10007326,,Prabal Gurung,,,,1,0,0
Prada Fur Trim Dress,10003297,,Prada,,,,1,0,0
Prairie Underground Grey Pants S,10007958,,,,,,1,0,4
Pressbox Tennessee Grey T-Shirt S,10009496,,,,,,1,0,5
Pretty Little Thing Black Skirt Tassle / Size M,10005265,,Pretty Little Thing,,,,0,0,0
Pretty Little Thing Orange Colorful Dress / Size 8,10004641,,Pretty Little Thing,,,,1,0,0
Pretty Little Thing White Bodysuit / Size 0,10006954,,Pretty Little Thing,,,,1,0,0
Pretty Little Things Multi Color Dress/Size 8,10005829,,Pretty Little Thing,,,,1,0,0
PrettyLittleThing/TanLaceDress/Size4,10005785,,Pretty Little Thing,,,,0,0,0
PrettyLittleThingsBodysuit_Ur,10002222,,PrettyLittleThings,,,,1,0,0
Primark Orange Skirt / Size 12,10005731,,Primark,,,,1,0,0
Primark Pink SL Blouse / Size 8,10006337,,Primark,,,,0,0,0
Princess Polly Black Skirt / Size 6,10009287,,Princess Polly,,,,1,0,10
Princess Polly Blk Leather Pant/Size 4,10003685,,Princess Polly,,,,0,0,0
Princess Polly Green Cardigan XS,10009630,,,,,,1,0,5
Princess Polly NWT Pink Lace Dress / Size 8,10005906,,Princess Polly NWT,,,,1,0,0
Princess Polly NWT White SL Crop Top / Size 4,10006967,,Princess Polly NWT,,,,1,0,0
Princess Polly Patterned Pants/Size 6,10003695,,Princess Polly,,,,1,0,0
Princess Polly Peach Halter Top 6,10008632,,,,,,1,0,4.5
Principle Jeans / Size 28,10003810,,Principle,,,,1,0,0
Promod/PnkPurpLaceShirt/SizeS,10007366,,Promod,,,,0,0,0
Prospect Ave Green Sleeveless XL,10009239,,,,,,0,0,0
Proxy/BrwnSnakeShoe/Size8.5,10004389,,Proxy,,,,2,0,0
Purple Athletic Tank Top S,10008894,,,,,,1,0,4.99
Purple Blue Yellow Tank / Size M,10005869,,unknown,,,,1,0,0
Purple Floral Velcro Tube Top / Size L,10006473,,unknown,,,,1,0,0
Purple Flowers Bustier White Mesh / Size XXL,10004543,,,,,,0,0,0
Purple Rain Tank Top Size M,10008848,,,,,,1,0,8.75
Purple Stone Necklace,10007993,,,,,,1,0,13.1
Purple/White Sleeveless Top L,10009130,,,,,,1,0,6.55
PurpleBeadedTop/SizeL,10006883,,unknown,,,,1,0,0
PurpleSilverDress/SizeL,10009525,,unknown,,,,1,0,8
QED Black Floral Satin Skirt / Size 8,10009590,,QED London,,,,1,0,5.5
QXA/Whi&PnkTop/SizeS,10006046,,Q X A Los Angeles,,,,1,0,0
Qinsen Blue Tank Top S,10008924,,,,,,0,0,0
Qinsen Brown Bodysuit Size S,10007497,,,,,,0,0,0
Queens Way & Fashion Slip Dress Orange Size L,10003422,,Queens Way & Fashion,,,,1,0,0
Quepasa White Shorts/Size 6,10006821,,Que Pasa,,,,1,0,0
Quince NWTPants_Li,10000398,,Quince NWT,,,,1,0,0
Qupid Lt. Blue Platform Slides 8,10009214,,,,,,1,0,7.65
R & K Black SS Cover Up / Size M,10005621,,R & K Originals,,,,0,0,0
R & K Yellow Pant Top Set / Size 10,10007718,,R X K,,,,0,0,0
R X M RichardsLS Top_Sk,10002798,,R X M Richards,,,,1,0,0
R&M Richards Gray Tank Top/Size 16W,10007030,,R&M Richards,,,,1,0,0
R&R Prem Rust Coruroy Shorts 9,10009604,,,,,,1,0,5
REdTOP/SizeM,10008589,,unknown,,,,0,0,0
RK Tri Pink Color Beanie,10004232,,RK,,,,1,0,0
RLL Black Fringe Purse,10004527,,Lauren Ralph Lauren,,,,0,0,0
RXB Red Black Sheer Tank / Size L,10004817,,RXB,,,,1,0,0
Rachel R Pink SL Dress / Size S,10008190,,Rachel Roy,,,,1,0,6
Rachel Roy Pink Bodysuit XXL,10008856,,,,,,1,0,6.95
Rachel Zoe NWT Teal Orange Satin LS / Size L,10005504,,Rachel Zoe NWT,,,,1,0,0
Rachel Zoe Orange Satin Tank / Size M,10005273,,rachel zoe,,,,0,0,0
Rachel Zoe Pattern Cinched Sheer Top / Size XS,10005850,,rachel zoe,,,,0,0,0
Rafaella Black SL Top / Size S,10007720,,Rafaella,,,,1,0,0
Rafaella Black/White Capris Size 14,10007435,,,,,,1,0,0
Rafaella Coral Sleeveless Sweater M,10009369,,,,,,1,0,4.35
Rafaella Faux Leather Jacket Black/Size 12,10009801,,Rafaella,,,,1,0,0
Rafaella Green White SL Top / Size S,10006445,,Rafaella,,,,1,0,0
Rafaella Pink/Black Top Petite,10008813,,,,,,1,0,4
Rafaella Studio SS Top Red Size M,10007185,,,,,,1,0,0
Rafaelle Turquoise Skirt/Size L,10007130,,Rafaella,,,,0,0,0
Rag & Bone Gray Jean Skirt / Size 29,10005264,,Rag X Bone,,,,1,0,0
Rag & Bone White Pants S,10007850,,,,,,1,0,0
Rag & Bone White SL Collared Top / Size S,10006962,,Rag X Bone,,,,1,0,0
Rag Black White Fuzzy Dress / Size M,10005930,,Rag,,,,1,0,0
Rag X Bone Red Plaid / Size M,10003783,,Rag X Bone,,,,1,0,0
Rag x Bone Brown Pleather Leggings / Size 6,10003753,,Rag X Bone,,,,1,0,0
Rag&Bone/BlkBacklessChunkyHeels/Size39.5,10004402,,Rag X Bone,,,,0,0,0
Rainbow Thread Belt / Size L,10007981,,unknown,,,,1,0,0
Rainbow fuzzy UGG slippers/8,10006831,,UGG,,,,1,0,0
Raisin' Hell Beige BBall Cap,10006741,,unknown,,,,0,0,0
Ralph Lauren Brown Knit Sweater XS,10008974,,,,,,1,0,8.8
Ralph Lauren Coll White Linen Skirt 2,10009315,,,,,,1,0,15
Ralph Lauren Pink Red Polo  / Size L,10006323,,Ralph Lauren,,,,0,0,0
Ralph Lauren Pink Yellow Floral SL / Size 10,10007023,,Ralph Lauren,,,,1,0,0
Ralph Lauren White Skirt Size 12,10006950,,,,,,1,0,0
Ralph LaurenSweatshirt_Ur,10003027,,Ralph Lauren,,,,1,0,0
RalphL/CrmBttnDownSwtr/SizeXS,10004385,,Polo Ralph Lauren,,,,1,0,0
RalphL/MulticolPttrnBtnDwn/SizePM,10006092,,Lauren Ralph Lauren,,,,1,0,0
RalphL/Navy&RedBttnDwn/SizeXSP,10006089,,Lauren Ralph Lauren,,,,1,0,0
RalphLauren Pink Tee/Size M,10003892,,Ralph Lauren Sport,,,,0,0,0
RalphLauren/ Purple Deep Neck/Size M,10004277,,Lauren Ralph Lauren,,,,1,0,0
Ramones Brwn Tee/Size S,10004119,,1234,,,,1,0,0
Ramy Brook Multi-Color Dress XS,10009201,,,,,,1,0,30
Ramy Brook NWT Red Pants,10003339,,Ramy Brook,,,,1,0,0
RamyB/NavyDress/SizeM,10008082,,Ramy Brook NWT,,,,1,0,0
Ranelle/GreenFloralDress/Size8,10006929,,Ranelle,,,,1,0,0
Rawgear/Black Cropped Pullover/Size M,10004275,,Rawgear,,,,1,0,0
Rd&Blk Jeweled Skirt/Size M,10003971,,Wow Couture,,,,1,0,0
Real Comfort Brown Jacket / Size 8,10006600,,real comfort,,,,0,0,0
Rebecca Minkoff Black Stars Purse,10007310,,rebecca minkoff,,,,1,0,0
Rebecca Minkoff Blue Sleeveless XS,10008868,,,,,,1,0,7.75
Rebelious Dreamer Violet SS Top M,10008649,,,,,,1,0,4.25
Rebellion Again Floral Top / Size S,10006280,,Rebellion Again,,,,0,0,0
Red & White Necklace,10003248,,unknown,,,,0,0,0
Red Beaded Purse,10006372,,unknown,,,,0,0,0
Red Boho Crochet Knitted Petite Bag,10007413,,,,,,0,0,0
Red Camel Sleeveless Cardigan Sweater/Size XL/Tan,10004167,,Red Camel,,,,1,0,0
Red Camisole Size M,10007951,,,,,,1,0,0
Red Colorful Striped Belt,10006379,,unknown,,,,0,0,0
Red Dress w Buckle Size S,10007857,,,,,,1,0,0
Red Front-Tie Satin Slip,10003931,,unknown,,,,0,0,0
Red Halter Bra / Size S,10008164,,unknown,,,,0,0,0
Red Halter Top Size M,10009163,,,,,,1,0,4.35
Red Lace Slip/Size S,10003920,,unknown,,,,0,0,0
Red Lace Tube Top M,10008724,,,,,,1,0,4.25
Red Oak Tennessee Tshirt / Size XL,10004828,,Red Oak,,,,0,0,0
Red Seethrough SL Poncho / Size M,10007992,,unknown,,,,0,0,0
Red Top w Sequins Size S,10009538,,unknown,,,,1,0,3
Red Velvet Lace Tank with Cross / Size M,10006747,,unknown,,,,0,0,0
Red White Blue Pong Tank Top M,10009125,,,,,,1,0,5.35
Red/White Polka Dot Flare Dress S,10009167,,,,,,1,0,8.25
RedMidiPoofySkirt/SizeM,10006876,,unknown,,,,0,0,0
RedandBlackLacyTrimDress/SizeS,10009526,,unknown,,,,1,0,8
Reebok Pink Jacket / Size M,10003877,,Reebok,,,,1,0,0
Reebok Rain Coat Off White/ Size S,10006760,,Reebok,,,,1,0,0
Reformation/WhiMockneckTop/SizeS,10009518,,Reformation,,,,0,0,0
Reformed B & W Floral Skirt / Size 6,10008172,,Reformed,,,,0,0,0
Refuge Blush Shorts / Size 2,10006693,,Refuge,,,,1,0,0
Refuge Denim Bluejean Overalls XL,10007609,,,,,,1,0,0
Refuge Jean Shorts / Size 12,10007575,,Refuge,,,,1,0,0
RefugeDenim/LightDenimVest/SizeM,10006411,,Refuge Denim,,,,0,0,0
Reitman's Black Check Skirt Size 4,10007883,,,,,,1,0,4.25
Reitmans Black Stretchy Tie Pants / Size M,10005523,,Reitmans,,,,1,0,0
Relativity Jeans Size 10,10007256,,,,,,1,0,0
Relativity Pink & Brown Cardigan / Size S,10005881,,Relativity,,,,0,0,0
Renaissance Angel SL Dress / Size M,10005256,,unknown,,,,1,0,0
Reneec/MulticolTop/SizeM,10007418,,ReneeC,,,,1,0,0
Reo Red Off Shoulder Top Black Trim / Size L,10005499,,Reo,,,,1,0,0
Reoria SS Top Pink Size L,10007282,,,,,,0,0,0
Resa Blue and Tan Dress/Size XS REAL SIZE OS,10005831,,Resa,,,,0,0,0
Retro Stage Pink Romper S,10008402,,,,,,1,0,6
RetroMTVTee/SizeXL,10006130,,MTV,,,,1,0,0
ReversNWT/PinkOrangeJacket/SizeM,10005312,,unknown,,,,1,0,0
Reversable Pink Floral Tube Top,10008832,,,,,,0,0,0
Reversable Wrap Skirt XL,10009025,,,,,,0,0,0
Reversible Print Tank Top M,10009455,,,,,,1,0,5.45
Revlon Ivory Love Pat Compact Mirror 1960s,10006250,,Revlon,,,,0,0,0
Revlon Vintage Compact Mirror,10008530,,Revlon,,,,1,0,0
Rewind Blue Tank Top S,10009237,,,,,,1,0,4.35
Rhinestone Heel/Size 10,10004246,,Steve Madden,,,,1,0,0
Rhinestone Square-Toe Heel/Size 8,10004247,,Betsey Johnson,,,,1,0,0
Rhythm/WhiBlueFloralTop/SizeXS,10008342,,Rhythm,,,,0,0,0
Richard Beige Knit Shortsleeve / Size S,10004209,,Richard Kristall,,,,0,0,0
Ricki'sd Purple Black Satin SS Top / Size 12,10005627,,Ricki's,,,,1,0,0
RickieFreeman/GrnPurpFlowerDress,10008310,,Rickie Freeman,,,,0,0,0
Ridgecut Green Pants L,10008241,,,,,,1,0,6
Rima Multi Color Pattern Coverup / Size S,10005276,,Rima Beachworld,,,,0,0,0
Rita's Closet Black Top M,10008874,,,,,,1,0,3.75
River Island Faux Leather Pants Black Size M,10003554,,River Island,,,,1,0,0
River Island Pink Triangle Shimmer Skirt / Size 12,10005263,,River Island,,,,1,0,0
RiverIsland/LeafBeadShirt/Size10,10006036,,River Island,,,,0,0,0
RoXRy/StripedTankTop/SizeS,10008595,,Roan x Ryan,,,,1,0,8
Roaman's Yellow SS Top XXL,10009172,,,,,,1,0,6.25
Robbie Bee Pink SS Cardigan / Size M,10005994,,Robbie Bee,,,,1,0,0
RobbieR/GreenFlowerDress/SizeP,10008072,,Robbie Rivers,,,,1,0,0
Rock & Republic Bluejeans Size S,10003555,,Rock & Republic,,,,0,0,0
Rock X Republic,10000217,,Rock X Republic,,,,0,0,0
Rodd X GunnJacket_un,10002813,,Rodd X Gunn,,,,1,0,0
Rolling S Tshirt / Size L,10004590,,The Rolling Stones,,,,0,0,0
Rolling Stones Black Tshirt Pink Graphic / Size S,10005510,,The Rolling Stones,,,,1,0,0
Rolling Stones Logo T-Shirt XL,10009426,,,,,,1,0,3.75
Rolling Stones Tee Shirt Black & Red Size M,10003520,,The Rolling Stones,,,,1,0,0
Romeo & Juliet Top Red and Black,10005675,,,,,,0,0,0
Romeo X Juliet Red Multi Design Dress / Size M,10003865,,Romeo X Juliet,,,,1,0,0
RomeoXJuliet/Cardigan/Whi&Blk/SizeL,10004098,,Romeo X Juliet,,,,1,0,0
Romwe Pink Floyd Crop Top L,10009477,,,,,,1,0,5
Romwe/WaveCroppedTshirt/SizeS,10006895,,Romwe,,,,1,0,0
Ronni Nicole Green Cardigan / Size 1x,10005889,,Ronni Nicole,,,,0,0,0
RonnieS/Blk&WhiCardigan/SizeS,10006020,,Ronnie Salloway,,,,1,0,0
Rose Gold Belt,10006369,,unknown,,,,1,0,0
Rose Gold Belt Rhinestones,10004567,,,,,,1,0,0
Rose Pink Half Circle Earrings,10005587,,unknown,,,,0,0,0
Rouge Black Loafers with Crystal Accents Size 8 1/2,10003321,,Rouge,,,,1,0,0
Roxy Green Top Size L,10007561,,,,,,0,0,0
Royal Standard O/W Top Size M,10008820,,,,,,1,0,5
Roz & Ali Black Sleeveless Top XL,10008699,,,,,,1,0,6.5
Roz & Ali Blue Black Dress / Size L,10004597,,Roz X Ali,,,,1,0,0
Roz & Ali Burgundy Sweater M,10008414,,,,,,1,0,7
Roz X Ali Black Green Skirt / Size 1x,10003748,,Roz X Ali,,,,1,0,0
RozAli/AniPrintBttnDown/Size2X,10005454,,Roz X Ali,,,,1,0,0
RozXali/BlackZipperJacket/SizeM,10006798,,Roz X Ali,,,,1,0,0
Ruby Rd Black & Gold Knit LS / Size M,10007653,,Ruby Rd,,,,1,0,0
Ruby Rd White LS Blouse 16,10007664,,,,,,1,0,6
Ruby RdSweater_Gi,10002401,,Ruby Rd,,,,1,0,0
RubyRd/BlkCoverBttnDown/Size14P,10006874,,Ruby Rd,,,,1,0,0
Rue + Halter Boho Sundress XL,10009203,,,,,,1,0,7.5
Rue 21 Boustier Black Size XL,10007294,,,,,,0,0,0
Rue 21 Pink Floral Pants / Size 5,10008043,,Rue 21,,,,1,0,6.25
Rue 21 Pink/Brown Dress M,10008717,,,,,,1,0,6.25
Rue 21 Red SS Top S,10009124,,,,,,1,0,4.35
Rue21/LacePulloverShirt/SizeXL,10005459,,Rue 21,,,,1,0,0
Rumwe Brown Tank W Pink Butterflies/Size S,10005224,,Rumwe,,,,0,0,0
Runway/WhiteShawl/SizeS/M,10008303,,runway,,,,0,0,0
Rus Tee Gray & Orange TN Tshirt,10008772,,Rus Tee,,,,1,0,3.75
RusTee Cream & Orange TN Sweatshirt,10008771,,Rus Tee,,,,3,0,18.75
Russel Tennessee Orange Shirt / Size L,10005664,,Russel,,,,0,0,0
Russell Orange UT T=Shirt M,10008451,,,,,,1,0,6.4
Ryu Skirt Cream Size M,10007268,,,,,,1,0,0
Ryu Tan & Teal SL Dress / Size S,10008006,,Ryu,,,,1,0,0
Ryu/BrwnWhiFeatherDress/SizeM,10008578,,Ryu,,,,1,0,8
Ryu/swtr/gry wht/L,10004698,,Ryu,,,,1,0,0
S.C. Society Orange Floral Blouse / Size L,10006724,,S.C. Society,,,,0,0,0
SB/MaroonDress/Size10,10004600,,SB,,,,1,0,0
SBJActive/RedTankTop/SizeS,10005322,,SJB Active,,,,1,0,0
SJB Active White Gray Tank / Size S,10006244,,SJB Active,,,,0,0,0
SKY Black Silver Sparkly SL Tank / Size XXL,10004845,,Sky Plus,,,,1,0,0
SL Fashions Blue SL Dress NWT / Size 14,10007476,,SL Fashions,,,,1,0,0
SL Fashions Pink/White Dress 6,10008674,,,,,,1,0,8
SLB Floral LS Top M,10009605,,,,,,1,0,5
SLB White Sheer Ruffle Top / Size M,10006329,,SLB,,,,1,0,0
SLB/pnts/blk/10,10005387,,SLB,,,,1,0,0
SLNY Black Floral SL Dress / Size 14,10007459,,SLNY,,,,1,0,0
SLNY Blk&Gld Dress/Size XL,10003841,,SLNY,,,,1,0,0
SLNYDress_Ba,10000407,,SLNY,,,,1,0,0
SMYM/ Shldr Bodysuit/ Orng/ Size M,10005148,,Show me your Mumu,,,,1,0,0
SO Blue Jean LS Lace Up Top / Size S,10005633,,SO,,,,1,0,0
SO Brown Corduroy Blazer / Size M,10006701,,SO,,,,0,0,0
SO Pink Blue Flannel LS / Size L,10004985,,SO,,,,1,0,0
SOLDSEPByJJ/BlkFlowPant/SizeL,10009323,,by JJ,,,,0,0,0
SOLDSEPByJJ/BlkFlowShirt/SizeL,10009324,,by JJ,,,,0,0,0
SOLDSEPWHBM/BlkPant/Size12,10009355,,White House Black Market,,,,1,0,8
SOLDSEPWHBM/BlksideTieTop/Size12,10009354,,White House Black Market,,,,1,0,8
SONG/Bluejeans/Size15/36,10004460,,Song,,,,1,0,0
SOliver/BlueJeans/Size6,10004468,,S Oliver,,,,1,0,0
SW3 Bespoke  Lace Sleeveless Top XS,10008524,,,,,,1,0,10.95
Sabina Musayev Black/Blue Tank XS,10008855,,,,,,1,0,9.95
Sadie & Sage Blush Overall Dress / Size S,10008410,,sadie & sage,,,,0,0,0
Sag Harbor Brown SS Top L,10009126,,,,,,0,0,0
Sag Harbor Purple Skirt/Size 18W,10007003,,Sag Harbor,,,,1,0,0
Sag Harbor Red Paisley LS Top M,10009391,,,,,,1,0,5.45
Sag HarborSweatshirt_Cr,10002566,,Sag Harbor,,,,0,0,0
SagHarbor/BrwnCover/SizeL,10009111,,Sag Harbor,,,,1,0,8
SageHarbor / Velvet BttnDwn/ Blk/ Size XL,10005176,,Sage Harbor,,,,3,0,0
Sagp Pargo Black Skirt w Beading/Size L,10009807,,Sago Pargo,,,,1,0,0
Saintart Army Green Satin Pants / Size S,10007300,,Saintart,,,,0,0,0
Sak 5th Ave Button Down Red,10007009,,saks 5th ave,,,,1,0,0
Saks shirt red,10005810,,,,,,-1,0,0
Saks/BlkstudTop/SizeSP,10006029,,saks 5th ave,,,,1,0,0
Saks/WhiCreamDress/SizeL,10008083,,saks 5th ave,,,,0,0,0
Saldirini/GreenFlowerScarf,10008317,,Saldirini,,,,1,0,0
Sam Edelman Laurs Lug Loafer/Size 8.5,10007077,,Sam Edelman,,,,0,0,0
SamEdelman/Blk&GoldLoafer/Size8.5M,10004395,,Sam Edelman,,,,0,0,0
Sami & Jo Green Sleeveless Top L,10008520,,,,,,1,0,10.95
Sami & Jo Yellow SS Sequin Top / Size L,10008242,,Sami & Jo,,,,1,0,6.25
Sanctuary Black Pants Size M,10008440,,,,,,1,0,5.75
Sanctuary Denim Hew Skirt 28,10008916,,,,,,1,0,7.5
Sanctuary NWT Black Mustard Jumpsuit / Size 8,10005008,,Sanctuary,,,,0,0,0
Sanctuary Pants Black & Burgundy Size 10,10005684,,,,,,1,0,0
Sanctuary Pants Black Plaid Size XL,10003552,,Sanctuary,,,,1,0,0
Sanctuary Pink Sleeveless Top Size L,10007270,,,,,,0,0,0
Sanctuary Red One Shoulder Top/Size S,10004192,,Sanctuary,,,,1,0,0
Sanctuary Sweater Grey Size M,10003495,,Sanctuary,,,,1,0,0
Sanctuary Tan Shorts/Size 28,10007322,,Sanctuary,,,,1,0,0
Sanctuary White Pants Size M,10007426,,,,,,1,0,0
Sanctuary/ Multicolor Blouse/ Size M,10005080,,Sanctuary,,,,1,0,0
Sanctuary/BlkCirccutoutTop/SizeS,10005462,,Sanctuary,,,,0,0,0
Sanctuary/MustardBlouse/SizeM,10005296,,Sanctuary,,,,0,0,0
SanctuaryLS Top_BP,10002420,,Sanctuary,,,,1,0,0
SanctuaryVest_Is,10002574,,Sanctuary,,,,1,0,0
Sandy & Sid Cold Shoulder Top Red Multi / Size XL,10007919,,Sid X Sandy,,,,1,0,0
Sangria Black Red White Dress / Size 6,10004632,,Sangria,,,,1,0,0
Sans Souci Black/Gold Top S,10008209,,,,,,1,0,6
Santiki Black/Leaf Dress M,10008748,,,,,,1,0,5.5
Santiki Green Pants L,10007977,,,,,,1,0,4.25
Sarah Kuenyefu Crop Jack/Size S,10007329,,Sarah Kuenyefu,,,,1,0,0
Sas/RedFlat/Size9,10005405,,Sas,,,,1,0,0
Sashu Brown Shoes Size 9,10007674,,,,,,0,0,0
Sasson Black Slip Dress / Size L,10003910,,Sasson,,,,0,0,0
SatinJacket/Pink/Size 20,10004417,,Cato,,,,1,0,0
SavannaJane/ Floral Top/ Prpl/ Size L,10005062,,Savanna Jane,,,,0,0,0
Say What Black Tank Top w Detail / Size L,10005927,,Say What,,,,1,0,0
Sayane Plaid Black & White Pants/ Size 14,10003755,,Sayane,,,,1,0,0
Saywhat/BlackCorset/SizeL,10008324,,Say What,,,,0,0,0
Sbicca Vintage Grommet Ankle Boot 8.5,10008876,,,,,,1,0,10.95
Schutz Black Woven Flats / Size 9.5,10007359,,Schutz,,,,0,0,0
Scotch and Soda Blue and Brown Striped Sweater / Size M,10006256,,Scotch & Soda,,,,0,0,0
Scully Charcoal Skirt Size M,10009495,,,,,,0,0,0
Scully white sundress/L,10006848,,Scully,,,,1,0,0
Scully/Blk&BlueFringeJacket/SizeS,10004908,,Scully,,,,0,0,0
Sea/Blk&WhifloralTop/Size6,10006009,,Sea,,,,1,0,0
Seal of the Sutro Tan Leather Shoes / Size 6,10008076,,Seal of the Sutro San Francisco,,,,1,0,5.5
Sears Yellow Intimate Slip / Size M,10003934,,Sears,,,,0,0,0
Secret Treasures White Lace L,10008925,,,,,,1,0,4.5
Seductive Wear black cami/L,10006833,,Cinema Etoile,,,,1,0,0
SeeYouMon/PnkAsymTubeTop/SizeL,10006364,,See You Monday,,,,0,0,0
Select TTee Shirt_Ste,10004036,,Select T,,,,1,0,0
Self Contrast Pink Blouse / Size XS,10008282,,Self Contrast,,,,0,0,0
Self Esteem Pink Velvet SS Top / Size M,10008178,,Self Esteem,,,,1,0,6
Senita Athletics Green Tank Top M,10009049,,,,,,0,0,0
Sensation Denim Dress/Size XL,10005833,,Sensation,,,,0,0,0
Serengeti Black/Red Dress L,10008273,,,,,,1,0,6.25
Serengeti White Crochet Shirt / Size M,10004761,,Serengeti,,,,1,0,0
Seven Dials White Boots Size 7 1/2,10003351,,Seven Dials,,,,1,0,0
SevierSkirts/WhiteSkirt/SizeM/L,10006103,,Sevier Skirts,,,,1,0,0
Sezane Black/White Pants S,10007881,,,,,,0,0,0
Sezane Green Top Size M,10007884,,,,,,0,0,0
Shadowline Black Slip Dress / Size M,10004536,,Shadowline,,,,1,0,0
Shadowline Slip Dress Black Size M,10003413,,Shadowline,,,,0,0,0
Shadowline Slip Dress White Size M,10003410,,Shadowline,,,,1,0,0
Shannon Passero Faux Black Pants M,10008754,,,,,,1,0,6.25
Shannon Passero Faux Black Pants S,10008755,,,,,,1,0,6.25
Shannon Passero Faux Black Pants XS,10008753,,,,,,1,0,6.25
Shapermint Black Tank Shapewear / Size 2XL,10003879,,Shapermint,,,,1,0,0
Sharagano Magenta Sequin Sweater M,10009230,,,,,,1,0,5.25
Sharmark Black/Gold Shawl,10007634,,,,,,0,0,0
She & Sky / Brown Pleather Skirt / Size L,10004784,,She & Sky,,,,1,0,0
She & Sky White Crop Top / Size S,10006953,,She & Sky,,,,0,0,0
She's Cool Red Blue Strapless Dress / Size XL,10007470,,She's Cool,,,,0,0,0
SheXSky/PinkSparkleRomper/SizeM,10009528,,She & Sky,,,,1,0,8
Sheer Cream Slip / Size S,10006488,,unknown,,,,0,0,0
Sheer Dress/Blk&Pnk/Size XS,10007779,,Zara,,,,0,0,0
Sheer Orange Snakeskin LS / Size L,10005519,,unknown,,,,0,0,0
Sheer/Maroon/Size S,10004414,,The Limited,,,,0,0,0
Shein Furry Orange Jacket/Size S,10007335,,Shein,,,,1,0,0
Shera Black SS Top/ Size M,10006815,,Shera,,,,1,0,0
SherriHill/GemFeatherDress/Size2,10008572,,Sherri Hill,,,,1,0,20
SherriHill/PinkGemFeatherDress/Size2,10005466,,Sherri Hill,,,,1,0,0
Shiloh Jeans w Stitching/Blue/Size 8 Long,10009804,,Shiloh,,,,1,0,0
Shoreline Pink Purple Dress/Size OS,10005824,,Shoreline,,,,0,0,0
Shyanne Brown Cowgirl Boots / Size 7.5,10005972,,Shyanne,,,,0,0,0
Shyanne/FloralBoots/Size9M,10008294,,Shyanne,,,,1,0,0
Sid & Sandy Peach Plaid LS / Size XXXL,10004721,,Sid X Sandy,,,,0,0,0
Side Stripe Green Trouser/Size 4,10003576,,Pure NWT,,,,1,0,0
Sienna Sky White SL Blouse w Flowers / Size M,10007923,,Sienna Sky,,,,0,0,0
Sienna Sky White Tank Top M,10008835,,,,,,1,0,4
SiennaSky/OraPinkFloralTop/SizeS,10006884,,Sienna Sky,,,,0,0,0
SiennaSky/PinkRuffleTop/SizeL,10008602,,Sienna Sky,,,,1,0,8
Signals Mulit-Color Pants Size L,10007442,,,,,,0,0,0
Signals Multi-Color Pants Size XL,10007429,,,,,,0,0,0
Signature Pink & Orange Pattern Dress / Size 8,10005498,,Signature by Robbie Bee,,,,1,0,0
Sigrid Khaki Pants Pink Stitch / Size 2,10003854,,Sigrid Olsen,,,,0,0,0
Sigrid Olsen Off White Pants / Size 8,10007563,,Sigrid Olsen,,,,1,0,0
Sigrid Olsen Red Pants Size 8,10007514,,,,,,1,0,0
Sigrid OlsenSweater_Mi,10000879,,Sigrid Olsen,,,,1,0,0
SigridOlsen/PinkFloralDress/Size12,10007749,,Sigrid Olsen,,,,1,0,0
Silence & Noise Burgundy Top L,10008628,,,,,,1,0,4
Silence&Noise Multi-Color Tube Top S,10007572,,,,,,0,0,0
Silk & Salt Emerald Green Hoodie / Size XL,10005011,,Silk X Salt,,,,1,0,0
Silve & Black Necklace,10003232,,unknown,,,,1,0,0
Silver & Black Faux Pearl Necklace,10003234,,unknown,,,,1,0,0
Silver & Copper Necklace,10003244,,unknown,,,,1,0,0
Silver & Gold Hoop Necklace,10007936,,unknown,,,,1,0,0
Silver Choker Necklace,10007935,,unknown,,,,0,22.99,0
Silver Circle Ring Size 9,10008805,,,,,,1,0,7.75
Silver Circlet Waistbelt,10003714,,,,,,0,0,0
Silver Decorative Necklace,10007955,,,,,,1,0,10.95
Silver Dragon Green Blazer Size M,10007483,,,,,,0,0,0
Silver Drop Necklace,10009586,,unknown,,,,1,0,8
Silver Flower Ring Size 7.5,10008803,,,,,,1,0,7.75
Silver Handbag,10003719,,Xhilaration,,,,1,0,0
Silver Metal Black Leather Bracelet,10003246,,unknown,,,,0,0,0
Silver Metal Mini Purse,10006554,,unknown,,,,1,0,0
Silver Metal Skull Ring Purse,10005728,,unknown,,,,0,0,0
Silver Metal Skulls Ring Purse,10007197,,,,,,0,0,0
Silver Plated Braceket w Eye Shape,10007348,,unknown,,,,1,0,0
Silver Scales Belt w Silver Bedazzled Buckle,10006660,,unknown,,,,0,0,0
Silver Sequin Sheer Dress/Size M,10003962,,unknown,,,,0,0,0
Silver and Black Long Lariat Necklace,10003274,,WHBM,,,,1,0,0
Silver bracelet/ silbver,10007891,,unknown,,,,0,0,0
Silver necklace Lt Blue Stone,10007953,,,,,,0,0,0
Silver ring w stones Size 10,10008794,,,,,,1,0,12.5
Silver shirt,10005835,,,,,,-1,0,0
Silver w Blue Accent Necklace,10007956,,,,,,0,0,0
Silver w/stone Bracelet,10008612,,,,,,1,0,5.99
Silver&StoneBracelet,10006123,,unknown,,,,0,0,0
SilverGemBracelet,10008604,,unknown,,,,1,0,8
SilverGemNecklace,10007383,,unknown,,,,0,0,0
SilverGoldBracelet,10008605,,unknown,,,,0,0,0
Sim & Sam Black Dress Size M,10008834,,,,,,0,0,0
Sim & Sam Navy/White Dress S,10009171,,,,,,0,0,0
Sim & Sam floral blouse/s,10008383,,Sim & Sam,,,,0,0,0
Simple Fun SS Top Brown L,10008662,,,,,,1,0,3
Simply Vera Grey Faux Vest XS,10007534,,,,,,0,0,0
Simply Vera Soft Brown Knit Cardigan / Size S,10007713,,Simply Vera,,,,1,0,0
SimplyVera/ FauxFur Vest/ Grey/ Size XL,10005438,,Simply Vera,,,,1,0,0
Sincerely Jules Blush Rose Sweater / Size M,10004987,,Sincerely Jules,,,,1,0,0
Sincerely Jules NWT Jean Top / Size L,10007906,,Sincerely Jules NWT,,,,0,0,0
Sincerely Jules Orange SL Crop Top / Size S,10004953,,Sincerely Jules,,,,0,0,0
SincerelyJules/GreenlaceDress/SizeXS,10008332,,Sincerely Jules,,,,0,0,0
SincerelyJules/WhiCrewSweater/SizeM,10006872,,Sincerely Jules,,,,0,0,0
SincerelyJules/WhiCropCoverHoodie/SizeL,10007733,,Sincerely Jules,,,,0,0,0
Single Floral Dress Size M,10007821,,,,,,1,0,42
Sioni/ Cold Shoulder Tank/ Blk/ Size S,10005074,,Sioni,,,,1,0,0
Sis Sis Pink LS Blouse M,10008710,,,,,,1,0,6.25
Sisley/GreyDress/SizeM,10008577,,Sisley,,,,1,0,8
Skies are Blue,10006812,,Skies are Blue,,,,0,0,0
Skies are Blue Black Lace Top M,10008822,,,,,,1,0,5.5
Skims NWTSS Top_Ry,10002572,,Skims NWT,,,,0,0,0
Skinny Girl Black Tank Top L,10009155,,,,,,0,6.495,0
Skinnygirl Green Sleeveless / Size M,10004584,,Skinnygirl,,,,1,0,0
Skirt,10007170,,,,,,-1,0,0
Slate & Willow Multi-color Dress XS,10007945,,,,,,0,0,0
Sleevey Wonders White Lace LS / Size S,10008773,,Sleevey Wonders,,,,0,0,0
Slenderella Slip Dress Black Size M,10003417,,Slenderella,,,,0,0,0
Slinky Brand Blue Sheer Cardigan XL,10008413,,,,,,1,0,6
Small Leather Purse Long Strap Gold Lock,10004552,,,,,,0,0,0
So Cozy Sweatshirt Pink Size M,10003373,,So Cozy,,,,1,0,0
Socialite Striped Tank Top XL,10009038,,,,,,1,0,5.45
Socialite White Cami Top/Size S,10007142,,Socialite,,,,0,0,0
Soda Black Leather Flats 8.5,10009216,,,,,,1,0,16.35
Soffe/Blk&WhiStripeUTTop/SizeM,10004933,,soffe,,,,0,0,0
Sofft Elsa Blue Sandals/Size,10007091,,Sofft,,,,0,0,0
Sofft/BllHeel/Size6,10005406,,Sofft,,,,1,0,0
Soft Surrounding Black Cami 36D,10009026,,,,,,1,0,4.35
Soft Surroundings Pink SL Top / Size L,10007024,,Soft Surroundings,,,,1,0,0
SoftSurr/GreySweater/SizeS,10004945,,Soft Surroundings,,,,1,0,0
Softt Brown Boots Size 8 1/2,10003560,,Softt,,,,1,0,0
Soho Apparel Red Pants Gold Buttons / Size M,10007688,,Soho Apparel,,,,1,0,0
Soho Girls Hot Pink Lace Back Top / Size Unisize,10006457,,Soho Girl's,,,,0,0,0
SoleSoc/AshKneeHighBoots/Size8.5,10004318,,Sole Society,,,,1,0,0
Solitaire Floral Lace SS Top S,10008500,,,,,,1,0,6.3
Solitaire Red SS Blouse M,10008278,,,,,,1,0,4.5
Solitaire white maxi skirt/M,10006655,,Solitaire,,,,0,0,0
Solitaire/CreamFloralPocketJacket/SizeM,10006795,,Solitaire,,,,1,0,0
Solitaire/CreamFlowerPocketJack/SizeM,10006828,,Solitaire,,,,1,0,0
Solo Modo Yellow Dress / Size S,10007722,,Solo Moda,,,,1,0,0
Soma/FlowerMartiniSlip/SizeS,10007758,,Soma,,,,1,0,0
SomethingSpecial/Newsboyhat,10007411,,Something Special,,,,1,0,0
Sonni cheeta print hat,10009057,,sonni,,,,1,0,15.99
Sonoma Black Lace Up Boots / Size 9.5,10008994,,Sonoma,,,,1,0,11.3
Sonoma Brown SS Top Size M,10007512,,,,,,0,0,0
Sonoma RWB Woven Purse,10007934,,Sonoma,,,,0,0,0
SonomaTee Shirt_Ca,10002159,,Sonoma,,,,1,0,0
Sophie Max Black Shortsleeve Dress / Size S,10004613,,Sophie Max,,,,0,0,0
Soprano Cream Lace Tank Top XS,10009031,,,,,,1,0,4.35
South Asian Pink Ombre Tunic 10,10009450,,,,,,1,0,6.55
Southwest Burgundy Patterned Skirt / Size XL,10006698,,Southwest Indian Foundation,,,,0,0,0
Spanx Black Tank / Size S,10007016,,Spanx,,,,1,0,0
Spanx White Jeans / Size S,10006984,,Spanx,,,,1,0,0
Spanx/GreyoneShoulderTop/Size1X,10005334,,Spanx,,,,1,0,0
Speechless Brown Orange SL Top / Size L,10006444,,Speechless,,,,1,0,0
Speechless Yellow Floral Skirt / Size 3,10005109,,Speechless,,,,1,0,0
Speed Control Paisley Dress Black & White/Size 2X,10004181,,Speed Control,,,,1,0,0
Spense Earthy Floral SL Top / Size S,10006592,,Spense,,,,1,0,0
Spense Gray Satin Ruffle SL Top / Size L,10009594,,Spense,,,,0,20.65679,0
Splendid Gray Plaid Flannel LS / Size S,10005116,,Splendid,,,,1,0,0
Sportmax Brown Button-up Top XL,10009298,,,,,,1,0,16
Springfield Yellow SS Top S,10009183,,,,,,1,0,3
Spyder Camo Leggings/Size S,10004126,,Spyder,,,,1,0,0
Spyder LgtBl Athleisure Jckt/Size S,10004131,,Spyder,,,,1,0,0
St John's Bay Green Tank Top Size S,10007494,,,,,,1,0,0
St John's Bay Purple Tank M,10008523,,,,,,1,0,10.95
St Johns Bay Beige Sweater w Buttons / Size L,10005567,,St Johns Bay,,,,1,0,0
St Johns Bay Brown & White SS / Size L,10005954,,St Johns Bay,,,,0,0,0
St Johns Bay Orange Butterfly Shortsleeve / Size S,10004585,,St Johns Bay,,,,0,0,0
St Johns Bay White SS Top / Size S,10006970,,St Johns Bay,,,,0,0,0
St Johns BaySweater_Un,10000004,,St Johns Bay,,,,2,0,0
St. John's Blue & Yellow line Plaid LS / Size XXL,10004726,,St Johns Bay,,,,1,0,0
St. Johns Bay Pink Floral Top M,10008947,,,,,,1,0,5.75
StJohnsB/JeanSkort/Size10,10004924,,St Johns Bay,,,,0,0,0
StJohnsBay/PinkWhiShirt/SizeM,10009089,,St Johns Bay,,,,1,0,8
StJohnsBay/PnkBttnDwnShirt/SizeXL,10006144,,St Johns Bay,,,,1,0,0
StJohnsBay/SlvlessBttnDwn/SizeL,10006042,,St Johns Bay,,,,1,0,0
StJohnsBay/TieShortSlveCardigan/SizeL,10006105,,St Johns Bay,,,,1,0,0
StJohnsBay/WhiLongShorts/Size8,10006865,,St Johns Bay,,,,1,0,0
Staccato/RedLongsleeve/SizeM,10004309,,Staccato,,,,1,0,0
Stars Above Pink Satin Slip Dress / Size S,10005745,,Stars Above,,,,1,0,0
Steel & Jelly LS Blouse Blue/White L,10007531,,,,,,1,0,0
Stella & Dot Black Sequin Skirt M,10008862,,,,,,1,0,25
Stella & Dot Gold Circles Necklace,10006729,,Stella & Dot,,,,0,0,0
Stella & Dot Gold Dangle Necklace,10006732,,Stella & Dot,,,,0,0,0
Stella & Dot Pearl & Spike Bracelet,10007281,,,,,,1,0,0
Stella & Dot Pink Silver Bracelet,10006728,,Stella & Dot,,,,1,0,0
Stella & Dot Silver Bracelet,10006734,,Stella & Dot,,,,1,0,0
Stella & Dot Silver Chain Necklace,10006731,,Stella & Dot,,,,1,0,0
Stella & Dot Silver Stretch Bracelet,10006730,,Stella & Dot,,,,0,0,0
Stella & Dot Silver Stud Earrings,10006733,,Stella & Dot,,,,1,0,0
Stella Dot Gold Multi Color Necklace,10007346,,Stella & Dot,,,,-1,0,0
Stella Dot Rhinestone Necklace,10007338,,Stella & Dot,,,,0,0,0
Stella Dot White Cabochon Pendant Necklace,10007102,,Stella & Dot,,,,0,0,0
StellaXDot/GoldGemNecklaces,10007380,,Stella & Dot,,,,1,0,0
SterlingSilverTigersEyeRing,10007382,,unknown,,,,0,0,0
Stetson Plaid Colorful Hat / Size L,10008002,,Stetson,,,,1,0,0
Stetson Plaid Colorful Hat / Size M,10008003,,Stetson,,,,1,0,0
Steve M NWT Black LS Top Burgundy Rose / Size S,10007302,,Steve Madden,,,,1,0,0
Steve Madden Beige Clogs / Size 9.5,10007543,,Steve Madden,,,,1,0,0
Steve Madden Brown Boots  Size 10,10003354,,Steve Madden,,,,2,0,29.98
Steve Madden Paisley Dress,10008796,,,,,,1,0,10
Steve Madden Pink Floral LS Top / Size L,10005938,,Steve Madden,,,,0,0,0
Steve Madden Rhinestone Sandals/Size 8.5,10007073,,Steve Madden,,,,1,0,0
Steve Madden Snakeskin shoes 8,10007896,,,,,,1,0,6.3
Steve X BarryPants_Sx,10004018,,Steve X Barry,,,,1,0,0
SteveM/TanBuckleFlat/6.5,10004467,,Steve Madden,,,,0,0,0
SteveMadden Org&Gld Pumps/Size 9.5,10004049,,Steve Madden,,,,1,0,0
Steven by S Madden Studded Suede 7.5,10008665,,,,,,1,0,7
Stevie May Black Lace Dress Size S,10009582,,Stevie May,,,,1,0,8
Stile B Black Velvet Peplum SL Top / Size M,10009596,,Stile Benetton,,,,1,0,5.75
Storia Brown Floral Dress Size M,10007231,,,,,,1,0,0
Storia Burnt Orange Stripe Wrap Dress/Size XL,10005217,,Storia,,,,0,0,0
Storia Muted Blush LS Dress / Size S,10007780,,Storia,,,,0,0,0
Stradivarius Floral Blouse S,10009258,,,,,,1,0,4.35
Stradivarius Pale Pink LS / Size M,10004729,,Stradivarius,,,,1,0,0
Straight Leg Jean/Size 10,10004442,,Lucky Brand,,,,1,0,0
Stranded Pink & Black Shirt / Size XXL,10004592,,Stranded,,,,1,0,0
Street OneSkirt_Te,10002010,,Street One,,,,0,0,0
StreetOne BlkWht PatternSkirt/Size L,10004509,,Street One,,,,1,0,0
Streetwear Society Blue Top S,10008469,,,,,,1,0,6
Strictly Comfort Black Shoes Size 9,10007675,,,,,,1,0,0
String/Gold Necklace,10007341,,unknown,,,,0,0,0
Striped Bkk&Wht Dress/Size 3X,10004140,,Maurices,,,,1,0,0
Strut & B White Ruffle Blouse / Size L,10009281,,Strut & Bolt,,,,1,0,7.5
StrutXBolt/GreenfeatherTop/SizeS,10009105,,Strut & Bolt,,,,1,0,8
Stuart Weitzman Silver Loafers with Gold Accent Size 6 1/2,10003322,,Stuart Weitzman,,,,1,0,0
Studded Trinket Box,10009113,,,,,,1,0,12.99
Studio 1 Black Dress Size 8,10007529,,,,,,1,0,0
Studio 1 Faux Suede Jacket 8,10008685,,,,,,0,0,0
Studio 1940 Red Black Tank / Size 24W,10005729,,Studio 1940,,,,1,0,0
Studio C Pink Blouse Size 10,10007593,,,,,,0,0,0
Studio CSS Top_Is,10002176,,Studio C,,,,1,0,0
Studio Donatella Black Cami Dress M,10009476,,,,,,1,0,5
Studio Dress Brown Size 10,10007259,,,,,,1,0,0
Studio Y Black Tank Studs / Size M,10005704,,Studio Y,,,,1,0,0
Studio Y Orange Wrap Top / Size S,10007715,,Studio Y,,,,1,0,0
Studio19/Pink&WhiBlouse/SizeM,10004942,,studio 19,,,,1,0,0
StudioEase/BlackFloralDress/Size8R,10004312,,Studio Ease,,,,1,0,0
Style & Co Cream Pearl Vest,10009179,,,,,,0,0,0
Style Rack Mustard Yellow Skirt / Size S,10003853,,Style Rack,,,,1,0,0
Style U Bright Pink Tube Top / Size L,10008005,,Style U,,,,0,0,0
Style U White Tube Top / Size M,10008016,,Style U,,,,0,0,0
StyleStalkerStitchDressNWT/Blue/SizeXS,10004430,,Stylestalker,,,,1,0,0
Stylus/WhilaceFlwrDressCover/Size,10006932,,stylus,,,,0,0,0
Sue P Blue Striped Sweater / Size S,10004208,,Sue P Knits,,,,1,0,0
Sue Wong Dress Size 2,10007825,,,,,,1,0,61
Suede Fringe Coat/ Size M,10005042,,unknown,,,,0,0,0
Suewong Mulit-Color Dress Size 8,10007239,,,,,,0,0,0
Sugar Moon/Swe/Beige Floral/S,10003607,,Sugar Moon,,,,0,0,0
SugarTorch Boots Black Size 7 1/2,10003561,,Sugar,,,,1,0,20
SugiChin/BlkFlowyDress/Size14,10009559,,Sugi Chin,,,,1,0,8
Sun & Shadow Tan Tank Top/Size L,10007320,,Sun & Shadow,,,,1,0,0
Sundance Black Skirt Size L,10007286,,,,,,1,0,0
Sunday in Brooklyn Blue/White Top XS,10007503,,,,,,0,0,0
Sunday in Brooklyn Brown Tank Top M,10008931,,,,,,1,0,5.75
SunnyLeigh/BlkRuffleTop/SizeS,10005786,,Sunny Leigh,,,,1,0,0
Sunnyleigh/MulticolorTop/SizeXS,10006936,,Sunny Leigh,,,,1,0,0
Supplies Army Green Capris w Tie String / Size 18,10004764,,Supplies,,,,1,0,0
Susan G Green Floral LS / Size S,10007450,,Susan Graver,,,,1,0,0
Susan GraverCardigan_Fe,10002748,,Susan Graver,,,,1,0,0
Susan Lawence Brown LS Top Lace / Size L,10005924,,Susan Lawrence,,,,1,0,0
Susan Lawrence Floral Print Skirt L,10009622,,,,,,1,0,5
Susan Lawrence Pink Sleeveless M,10008866,,,,,,1,0,5
SusanG/Pinkfloralblouse/SizeXL,10005452,,Susan Graver,,,,1,0,0
Susana Monaco Brown Dress,10009424,,,,,,1,0,8.75
Susana Monaco white dress/S,10006845,,Susana Monaco,,,,1,0,0
Susie Collection Black Bellsleeve / Size L,10005002,,Susie Collection,,,,1,0,0
Suuksess Camisole Pink Size S,10007605,,,,,,0,0,0
Suzanne Betro Grey Dress Size XL,10007539,,,,,,1,0,0
Sweater,10005899,,,,,,-1,0,0
Sweaty Betty Pink Sweatshirt / Size XS,10005985,,Sweaty Betty,,,,0,0,0
Sweet Pea Blouse Size XS,10007443,,,,,,1,0,0
Sweet Pea Blue/Grey Dress Size M,10008038,,,,,,1,0,6.25
Sweet Pea Pink Snake SS Top XS,10008903,,,,,,1,0,4.25
Sweet Soul Y2K Baby Doll Top L,10008514,,,,,,0,0,0
Sweet Storm Multi-Color Dress M,10007566,,,,,,0,0,0
Sweet Treasures Red Camisole S,10009154,,,,,,1,0,4.25
SweetMagnoliaNWT/Camel Button-Down Dress/Size 2XL,10004293,,Sweet Magnolia,,,,1,0,0
SweetPea/ Sheer Floral Top/ Size L,10005440,,Sweet Pea,,,,0,0,0
T & S Brownish Shacket / Size M,10004338,,Thread & Supply,,,,1,0,0
T Party Black Pants M,10008041,,,,,,1,0,6.25
T Tahari Black Faux Leather Top / Size M,10006545,,TTahari,,,,1,0,0
TA Colle VINTAGE Orange Floral Dress / Size S,10004961,,TA Collection,,,,1,0,0
TCR/MulticolTankTop/SizeS,10005403,,The Collection Royal,,,,0,0,0
TH Los Angeles Brown & Beige Dress / Size S,10006659,,Thya Los Angeles,,,,0,0,0
THML Black & Orange Blouse / Size S,10005601,,THML,,,,0,0,0
THML Cream Sweater/Size XS,10003690,,THML,,,,1,0,0
THML/Blk&WhipatternTop/SizeS,10006038,,THML,,,,0,0,0
TNF Burgundy Active Sweatshirt / Size S,10004335,,The North Face,,,,1,0,0
TNF Gry Razorback/Size L,10004122,,The North Face,,,,1,0,0
TNF Layered Top/Size L,10004118,,The North Face,,,,1,0,0
TNF Pink Pullover/Size L,10004146,,The North Face,,,,1,0,0
TNF Pink ZipUp Jacket,10004252,,The North Face,,,,1,0,0
TNF/Pink&WhiTop/SizeL,10005338,,The North Face,,,,1,0,0
TNVolsTshirt/sizeL,10006899,,unknown,,,,0,0,0
TRF Denim Skirt / Size 6,10005722,,TRF Denim Rules,,,,1,0,0
TU10 Black & White SS Floral Dress / Size M,10007460,,TU 10,,,,1,0,0
TaglioVivo/BlackS.SoffiettoBag,10004493,,Taglio Vivo,,,,1,0,0
Tahari Arthur Blue Green SL Top / Size L,10006570,,Tahari Arthur S Levine,,,,0,0,0
Tahari Black SS Top w Pink Flowers / Size S,10005928,,Tahari,,,,0,0,0
Tahari Green Twist-Front Dress L,10009268,,,,,,1,0,7.65
Tahari Purple Satin Top / Size L,10005643,,Tahari,,,,0,0,0
Tahari Satin Gold SL Top Black Ruffle / Size S,10005259,,Tahari,,,,0,0,0
Tahari Sleeveless Top Size M,10008634,,,,,,0,0,0
Tahari Tan Dress Size S,10007193,,,,,,0,0,0
Tahari White Tank Top M,10008643,,,,,,1,0,3.25
Tahari/MulticolTop/SizeL,10008554,,Tahari,,,,0,0,0
Tahari/PrplGreenTop/Size6P,10008549,,Tahari,,,,0,0,0
Tahari/RedDress/Size4,10009551,,Tahari,,,,1,0,8
TahariSweater_Ga,10000066,,Tahari,,,,0,0,0
Talbot Navy Crochet Long Sleeve NWT / Size M,10004153,,RSVP by Talbots,,,,1,0,0
Talbot's Black Silk Blouse 6,10009313,,,,,,1,0,5
Talbot's Floral Sleeveless Top XL,10009263,,,,,,1,0,5.45
Talbot's Green Hat,10007238,,,,,,0,0,0
Talbot's Lt Blue Floral Top XS,10009271,,,,,,1,0,4.35
Talbot's Navy Print Skirt 6,10008730,,,,,,1,0,6.5
Talbot's Pants Cream Size 10,10003557,,Talbot's,,,,1,0,0
Talbot's Pink Wrap Faux Tank Top 16,10009246,,,,,,1,0,5.45
Talbot's Red Floral Skirt 12,10009499,,,,,,1,0,5
Talbot's Skirt Black & White Size 10,10003556,,Talbots,,,,1,0,0
Talbots Beige Floral Skirt / Size 2,10007717,,Talbots,,,,0,0,0
Talbots Beige Silk SS Top / Size 6,10007719,,Talbots,,,,0,0,0
Talbots Black & White Checkered Skirt / Size 12,10006590,,Talbots,,,,0,0,0
Talbots Black & White Flannel Button Down / Size M,10004995,,Talbots,,,,1,0,0
Talbots Black LS Pink Floral Dress / Size 16,10004228,,Talbots,,,,1,0,0
Talbots Black Tank / Size 14,10005618,,Talbots,,,,1,0,0
Talbots Black Tropical Pants / Size 4,10007725,,Talbots,,,,1,0,0
Talbots Blue & White Embroidered Top / Size S,10005991,,Talbots,,,,0,0,0
Talbots Brown Floral Skrt/Size 10,10007034,,Talbots,,,,1,0,0
Talbots Brown Pants/Size 12,10007000,,Talbots,,,,1,0,0
"Talbots Checkered Button Down Size SP, Green",10004103,,Talbots,,,,1,0,0
Talbots Colorful Flower Shorts / Size 6,10006470,,Talbots,,,,1,0,0
Talbots Dark Blue Collared Sleeveless / Size XL,10003864,,T by Talbots,,,,0,0,0
Talbots Lavender & W Plaid Buttondown / Size 6,10007729,,Talbots,,,,1,0,0
Talbots Light Beige Floral Skirt / Size 4,10007723,,Talbots,,,,0,0,0
Talbots Maroon Slacks/Size 18,10004478,,Talbots,,,,1,0,0
Talbots Navy Polka Dot LS Top/Size M,10005243,,Talbots,,,,1,0,0
Talbots Off White Sweater / Size S,10005990,,Talbots,,,,1,0,0
Talbots Pants Pink Size 12,10005686,,,,,,1,0,0
Talbots Pink SS Blouse / Size XL,10006524,,Talbots,,,,1,0,0
Talbots Pink Sweater/Size S,10005214,,Talbots,,,,1,0,0
Talbots Pink/Blue Pants 2,10008457,,,,,,1,0,13
Talbots Red Brown Floral SL Top / Size 6,10005108,,Talbots,,,,1,0,0
Talbots Red Paisley QS Blue Tassel / Size M,10005001,,Talbots,,,,1,0,0
Talbots Red/White/Blue Skirt/Size 18WP,10009800,,Talbots,,,,1,0,0
Talbots Silk SL Top / Size 8,10006957,,Talbots,,,,0,0,0
Talbots Tan Heels/Size 11,10007047,,Talbots,,,,0,0,0
Talbots White Button Up Top / Size 6,10007711,,Talbots,,,,0,0,0
Talbots Yellow Suit Set / Size 4,10007730,,Talbots,,,,0,0,0
Talbots white palm tree dress/8p,10006844,,Talbots,,,,1,0,0
Talbots/ Scallop Pant/ Rd&Wht/ Size 6,10005078,,Talbots,,,,0,0,0
Talbots/BlkPuffVest/SizeM,10009106,,Talbots,,,,0,0,0
Talbots/BlkSlouchTop/SizeS,10009093,,Talbot's,,,,1,0,8
Talbots/Brwn&YllwSunglasses,10007311,,Talbots,,,,1,0,0
Talbots/Grn&BlkTop/SizeSp,10006352,,Talbots,,,,1,0,0
Talbots/MultiColFloralSkirt/Size18,10004665,,Talbot's,,,,1,0,0
Talbots/MulticolFloralBttnDwn/Size12,10006941,,Talbots,,,,0,0,0
Talbots/OffWhiPant/Size12,10005767,,Talbot's,,,,1,0,0
Talbots/PinkGreenSkirt/Size8,10006944,,Talbots,,,,1,0,0
Talbots/WhiSleevlssTop/Size14,10006862,,Talbots,,,,1,0,0
Talbots/brwnbttnshirt/SizeM,10006048,,Talbots,,,,0,0,0
TalbotsDress_Ev,10001199,,Talbots,,,,1,0,0
TalbotsLS Tee Shirt_Ex,10002828,,Talbots,,,,1,0,0
TalbotsLS Top_Ba,10000049,,Talbots,,,,0,0,0
TalbotsLS Top_Hy,10002174,,Talbots,,,,0,0,0
TalbotsNWT FauxLthr Skirt/Size 12,10004144,,Talbots,,,,1,0,0
TalbotsPants_Pa,10000221,,Talbots,,,,3,0,0
TallLacedBrownBoots/Size40,10004396,,unknown,,,,1,0,0
TamaraH/PinkTassleBlouse/SizeXS,10006366,,Tamara H,,,,1,0,0
Tan Purse,10003985,,,,,,0,0,0
Tan Vintage Floral Skirt,10003337,,unknown,,,,1,0,0
TanFloralPullOver/SizeL,10005463,,unknown,,,,0,0,0
TanJay/BeadedSweaterVest/Blk/SizeXL,10004099,,Tan Jay,,,,1,0,0
Tangerine Light Athletic Jacket Purple Size L,10003492,,Tangerine,,,,1,0,0
Tash & Sophie Dark Blue LS Dress / Size XL,10006246,,Tash & Sophie,,,,1,0,0
Taylor & S Beige Tank / Size XS,10006531,,Taylor & Sage,,,,1,0,0
Taylor & Sage Tank Top Size L,10008895,,,,,,1,0,13.25
Taylor Blk Spotted BttnDwn/Size L,10004134,,Taylor Investments,,,,0,0,0
TaylorSwiftErasTshirt/SizeM,10006786,,unknown,,,,1,0,0
TeaNRose Faux Suede LS SW Top M,10008823,,,,,,1,0,5
Tecrew NWT white tank/M,10006852,,Tecrew,,,,1,0,0
Ted Baker Bright Pink 3/4 Shirt / Size 0,10004574,,Ted Baker London,,,,1,0,0
Ted Baker Dusty Rose Handbag,10004075,,Ted Baker,,,,1,0,0
Ted Baker London Black Sweater S,10008976,,,,,,1,0,8.75
Ted BakerSkirt_Re,10002009,,Ted Baker,,,,1,0,0
Tee FuryTee Shirt_SJ,10002318,,Tee Fury,,,,1,0,0
Teenbell Cardigan Pink Size S,10003478,,Teenbell,,,,1,0,0
Tempo Paris White/Blue Pants L,10007962,,,,,,0,0,0
Tennessee Orange Gradient Tshirt / Size XS,10006468,,unknown,,,,0,0,0
Tennessee Orange Shawl,10007959,,,,,,0,0,0
Tennessee Smiley T-Shirt S,10009479,,,,,,1,0,5
Tennessee Vols Orange Tank Top L,10008853,,,,,,1,0,6.5
Terra & Sky Sweater Blue Size 14,10003472,,Terra & Sky,,,,1,0,0
Terramina Orange Skirt / Size 20W,10009591,,Terramina Collection,,,,1,0,5.75
Tete Shiny Brass Spag Strap Dress / Size L,10007466,,Tete a Tete,,,,1,0,0
Texture & Thread Black TankTop XS,10009236,,,,,,1,0,6.55
Texture & Thread Olive Green SL Top / Size M,10006505,,Texture & Thread,,,,0,0,0
Textured Terracotta Pull/ Size OS,10004481,,Loveappella,,,,1,0,0
Tezenis Blue Brown Lace Pattern Tank / Size S,10004958,,Tezenis,,,,0,0,0
ThadiaSoli/DenimFlowerSkirt/Size13/14,10006908,,Thadia Sodi,,,,0,0,0
The Absolute Legging,10003056,,The Absolute Legging,,,,1,0,0
The Limited Beige SL Dress / Size 2,10007786,,The Limited,,,,0,0,0
The Limited Blk Top Sleeveless/Size M,10007033,,,,,,1,0,0
The Limited Colorful Braided Belt,10006396,,The Limited,,,,1,0,0
The Limited Dark Gray Dot Blazer / Size XS,10005019,,The Limited,,,,0,0,0
The Limited Floral Dress / Size 8,10006726,,The Limited,,,,0,0,0
The Limited Green Halter Top S,10009028,,,,,,1,0,5.4
The Limited Hot Pink Tank / Size XS,10005848,,The Limited,,,,1,0,0
The Limited Off White Tank Blouse/Size XL,10005584,,The Limited,,,,0,0,0
The Limited Pants Olive Green Size 6,10003481,,The Limited,,,,1,0,0
The Limited Peach Sprinkle Sweater / Size M,10004997,,The Limited,,,,1,0,0
The Limited Pink SS Floral Top / Size L,10008167,,The Limited,,,,1,0,8
The Limited Red Pattern Silky Tank / Size M,10004847,,The Limited,,,,1,0,0
The Limited Sleeveless Top Blue M,10007558,,,,,,1,0,4
The Limited Yellow Sleeveless XS,10007551,,,,,,0,0,0
The LimitedJacket,10002786,,The Limited,,,,1,0,0
The Normal Pants Yellow/White L,10008509,,,,,,0,0,0
The North Face Blue Hoodie / Size L,10004844,,The North Face,,,,1,0,0
The North Face Blue Tshirt / Size M,10005196,,The North Face,,,,1,0,0
The Rolling StonesTee Shirt_Ch,10002883,,The Rolling Stones,,,,0,0,0
The Sak Black Fringe Purse Metal Hardware,10004556,,The Sak,,,,1,0,0
The Sak Green Satchel,10007446,,,,,,0,0,0
The Sak Hot Pink Bag,10007108,,The Sak,,,,0,0,0
The territory ahead white dress shirt/M,10006856,,The Territory Ahead,,,,0,0,0
TheInnShop/MulticolStripeShirt/Size32,10006877,,The Inn Shop,,,,1,0,0
TheLimited/ Ruffle Blouse/ Prpl/ Size S,10005059,,The Limited,,,,1,0,0
TheLimited/BlackLowbackTop/SizeM,10005287,,The Limited,,,,0,0,0
TheLimited/OffWhiShirt/SizeM,10005301,,The Limited,,,,0,0,0
TheLimited/Pink&WhButtonDown/SizeS,10004476,,The Limited,,,,1,0,0
TheLimited/PnkMulticolTop/SizeS,10005768,,The Limited,,,,1,0,0
TheLimited/PurpSequinSkirt/Size8,10007755,,The Limited,,,,1,0,0
TheLimited/WhiCardigan/SizeXS,10005999,,The Limited,,,,0,0,0
TheOutfit/White Floral Top/Size S,10003903,,The Outfit,,,,0,0,0
TheSak Blk Deena Flap Bag,10003720,,The Sak,,,,0,0,0
TheSak/BlkSilverStitchBag,10008555,,The Sak,,,,0,0,0
TheSak/BrwnFloralBag,10005997,,The Sak,,,,0,0,0
TheSak/Grn&BlueBag,10003595,,The Sak,,,,0,0,0
Theory Blk&Grey Midi Dress/Size 8,10003824,,Theory,,,,1,0,0
Theory Dress Black Size 4,10007188,,,,,,0,0,0
Theory Dress Grey Size 8,10007236,,,,,,0,0,0
Theory Patterned Pants / Size 2,10003821,,Theory,,,,1,0,0
Think Tank Blk/Wht/Gry Prnt Dress/ Sz S,10006764,,Think Tank,,,,1,0,0
ThirtyThirty Floral Babydoll/Size L,10003969,,Thirty Thirty,,,,0,17.99,0
ThrEightyTwo/BlueBlouse/SizeS,10005330,,Three Eighty Two,,,,0,0,0
Thread & Supply Jean Skirt / Size S,10007914,,Thread & Supply,,,,1,0,0
Threads 91 Vols Windbreaker S,10007631,,,,,,0,0,0
Through LA Blue & Orange Dress / Size S,10004628,,Through Los Angeles,,,,1,0,0
Tiana B Pink Multicolor Dress / Size 10,10006710,,Tiana B.,,,,1,0,0
TicToc/PinkWhiCorset/SizeM,10008537,,Tic Toc,,,,0,0,0
Timeson NWT White Pink Floral QS,10004770,,Timeson,,,,0,0,0
Timmy Woods/ Tortoise Shell Purse,10005090,,Timmy Woods,,,,0,0,0
Tina Stephens Green Knit/Size L,10003688,,Tina Stephens,,,,0,0,0
Tipsy Elves Silver Sequin Skirt XS,10009255,,,,,,1,0,7.65
TipsyElves Blk Sequin Pant/Size XL,10003960,,Tipsy Elves NWT,,,,1,0,0
To be Loved Brown Lace Floral Top XXXL,10009184,,,,,,1,0,5.45
Toby Keith Straw Hat,10004773,,Toby Keith,,,,1,0,0
Tommy Bahama Silver Belt / Size XS,10006385,,Tommy Bahama,,,,0,0,0
Tommy Bahama/Checkered ButtonDown/Size M,10003700,,Tommy Bahama,,,,1,0,0
Tommy H Black SL Blouse / Size S,10005596,,Tommy Hilfiger,,,,1,0,0
Tommy Hil Black SL Lace Dress / Size 10,10007175,,Tommy Hilfiger,,,,1,0,0
Tommy Hilfiger Cardigan Black Size L,10003475,,Tommy Hilfiger,,,,1,0,0
Tommy Hilfiger Floral Dress M,10008946,,,,,,1,0,8.75
Tommy Hilfiger Patchwork Skirt 14,10009302,,,,,,1,0,7.5
Tommy Hilfiger Pink Polo Tank L,10009249,,,,,,1,0,5.45
Tommy Hilfiger Pink Top XL,10008725,,,,,,1,0,4.25
Tommy Hilfiger White Shorts / Size 12,10007117,,Tommy Hilfiger,,,,1,0,0
Tommy Hilfiger/ Sweatshirt/ Pnk/ Size M,10005152,,Tommy Hilfiger,,,,1,0,0
TommyH/BlkFloralDress/Size2,10004324,,Tommy Hilfiger,,,,0,0,0
TommyH/RedStripeTshirt/SizeL,10005400,,Tommy Hilfiger,,,,1,0,0
Toms Red White Blue Heels / Size 9.5,10007636,,Toms,,,,1,0,0
Toni Morgan Blazer Red Size L,10007478,,,,,,1,0,0
Tony Lama Leather Brown Stitch Belt,10004565,,Tony Lama,,,,0,0,0
Topshop Black & White Dress / Size 8,10005644,,Topshop,,,,1,0,0
Topshop Black Crop Top Ruffle / Size 4,10005303,,Topshop,,,,1,0,0
Torrid Black White Stitch Skirt / Size 3X,10005527,,Torrid,,,,0,0,0
Torrid Brown & Orange Sheer Cami / Size 1X,10006754,,Torrid,,,,1,0,0
Torrid Pink Velvet Sleeveless / Size 00,10004579,,Torrid,,,,1,0,0
Torrid/ Sheer Floral Cover/ Size XXL,10005448,,Torrid,,,,1,0,0
Tory Burch Brown Heels/Size 8M,10007063,,Tory Burch,,,,0,0,0
Tory Burch Pink Blue Small Purse,10005853,,Tory Burch,,,,0,0,0
Tory Burch Yellow Colorful SL Dress / Size 10,10007861,,Tory Burch,,,,1,0,0
Touche Gray BW Sweater / Size L,10003762,,Touche,,,,1,0,0
Town & Country VINTAGE Red Purse,10004555,,Town & Country,,,,0,0,0
Tra Vida Brown Floral SS Top L,10009157,,,,,,1,0,3.75
TraVida Black/White Dress XL,10007963,,,,,,1,0,5.5
Trafalgar Woven Leather Belt,10009219,,,,,,1,0,4.35
Traffic People Silver Animal Print Top,10004193,,Traffic People,,,,0,0,0
Travelers/FlowerMulticolShirt/Size1,10006420,,Travelers,,,,0,0,0
Treasure Rock Gray Jewel Bodycon Dress / Size S,10005022,,Treasure Rock,,,,1,0,0
Treasure Striped Dress SL / Size XS,10005007,,Treasure X Bond,,,,1,0,0
Trench Italian Boot Blk/Size 7,10004073,,Trench,,,,0,0,0
Trendstep Ankle Boot/Size 8.5,10004069,,Trendstep,,,,1,0,0
Tribal/BrownSkirt/Size14,10004927,,Tribal,,,,0,0,0
Tribe Azure Purple Flowly Romper / Size S,10006665,,Tribe Azure,,,,0,0,0
TribeAzure/ Patchwork Pantsuit/Dress/ Size S,10005439,,Tribe Azure,,,,0,0,0
Trillium Slip Dress Black Size 6,10003393,,Trillium,,,,0,0,0
Trina Turk Black Shorts Size 8,10007432,,,,,,1,0,0
Trina Turk Burgundy / Size S,10004580,,Trina Turk NWT,,,,2,0,0
Trina Turk Dress Orange Size 4,10005676,,,,,,1,0,0
Tristan & Iseut Red Moroccan Dress 12,10009018,,,,,,1,0,6.55
Trixxi Multi Color Dress Size L,10007200,,,,,,1,0,0
Trixxi/BlkPolkaDotDress/SizeM,10007743,,Trixxi,,,,0,0,0
Truth Multicolor Dress w Fun Sleeves / Size XL,10005518,,Truth,,,,0,0,0
Truth by Republic Sweatshirt Blue S,10007513,,,,,,1,0,0
TruthJacket_Na,10002687,,Truth,,,,1,0,0
Tryst/Blk&BlueTankTop/SizeS,10005340,,Tryst,,,,0,0,0
Tulle Pink Blue Black LS Dress / Size M,10007219,,Tulle,,,,1,0,0
Tulle Zip Up Sweater,10003287,,Tulle,,,,1,0,0
Turks & Caicos White Cover Up Pants S,10007430,,,,,,0,0,0
Turn On Multi-Color Tank Top L,10009129,,,,,,1,0,5.45
Turquoise Color Silver Ring,10007407,,unknown,,,,0,0,0
Turquoise Wrap Skirt/ Size L,10006316,,Good Yarn,,,,0,0,0
Twenty One Multi-Color Top M,10008390,,,,,,1,0,4.75
TwentyOne Blue T-Shirt M,10009429,,,,,,1,0,4.35
Twine Braided Belt,10003712,,unknown,,,,0,0,0
Two Piece Black Satin Tank & Shorts / Size L,10007989,,unknown,,,,1,0,0
TwoPieceMultiColSequinSet/SizeS,10004871,,unknown,,,,0,0,0
TwoPiecePinkSet/SizeS,10006162,,unknown,,,,0,0,0
U.S. Sweaters Beige Sleeveless M,10009005,,,,,,0,0,0
U.a./ Fringe Top/Size S,10003703,,U.A.,,,,0,0,0
UCB/BlkBttnDown/SizeM,10006003,,United Colors of Benetton,,,,1,0,0
UGG Neck Warmer,10005552,,UGG,,,,0,0,0
UJA/ Collar Shirt/ Grey/ Size M,10005149,,UJA,,,,0,0,0
US Polo Pink Pants Size 14,10008614,,,,,,1,0,5.75
UT Shorts Orange/ Size L,10006317,,champion,,,,0,0,0
UTKtshirt/SizeM,10004898,,unknown,,,,0,0,0
Ultra P Black & Gold Longsleeve / Size L,10004570,,Ultra Pink,,,,1,0,0
UltraFlirt/ Puff Sweater/ Pnk&Blk/ Size S,10005173,,Ultra Flirt,,,,1,0,0
UltraPink/Blk&WhiTop/SizeS,10005290,,Ultra Pink,,,,0,0,0
Umgee Orange & Tan Romper / Size L,10007864,,Umgee,,,,0,0,0
Umgee Purple SS Blouse M,10008246,,,,,,1,0,4
Under Armor Blue Shorts / Size 12,10007581,,Under Armor,,,,1,0,0
Under Armor Camo Baseball Hat,10006507,,Under Armor,,,,0,0,0
Under Armor Gray Tshirt Red Stars / Size M,10006286,,Under Armor,,,,1,0,0
Under Armor Jacket Black Size XL,10007425,,,,,,1,0,0
UnderArmour Blue Capris/Size 10,10004133,,Under Armor,,,,1,0,0
UniThread/BlackOverall/Size6,10005793,,Universal Thread,,,,0,0,0
Uniform Pink Green Silk SL Top / Size L,10006755,,Uniform John Paul Richard,,,,0,0,0
Unique Orange Sleeveless Top XL,10008677,,,,,,1,0,6.5
United States Sweaters Beige SS Cardigan / Size L,10005545,,United States Sweaters,,,,0,0,0
United States SweatersSweater_R,10002799,,United States Sweaters,,,,1,0,0
Unity/RedMulticolDress/SizeM,10004919,,Unity World Wear,,,,0,0,0
Universal T Orange Pink Halter Top / Size M,10008183,,Universal Thread,,,,0,0,0
Unknown Beige/Black SS Sweater M,10008705,,,,,,1,0,4.5
Unknown Belt,10003081,,unknown,,,,0,0,0
Unknown Blaack Sleeveless Top/Size XL,10006811,,unknown,,,,0,0,0
Unknown Black & Gold Metallic Top,10004176,,unknown,,,,1,0,0
Unknown Black Butterfly Sheer Top XXL,10008432,,,,,,0,0,0
Unknown Black Dress W/Sequin M,10008479,,,,,,1,0,8.5
Unknown Black Gown Size 8,10005794,,unknown,,,,1,0,0
Unknown Black Lace Top M,10008760,,,,,,0,0,0
Unknown Black Pants Size M,10008640,,,,,,1,0,4
Unknown Black Skirt Size L,10008494,,,,,,0,0,0
Unknown Black Top Size M,10007592,,,,,,0,0,0
Unknown Black/White Dress S,10008758,,,,,,1,0,6
Unknown Black/White Dress Size XL,10007438,,,,,,0,0,0
Unknown Bodysuit Black Size S,10003458,,unknown,,,,0,8.62005,0
Unknown Burgundy Halter Top S,10008844,,,,,,0,0,0
Unknown Camisole Beige Size S,10003414,,unknown,,,,1,0,0
Unknown Camisole Light Blue M,10003379,,unknown,,,,0,0,0
Unknown Camisole White Size M,10003383,,unknown,,,,2,0,0
Unknown Chinese Trad Top/Size L,10007035,,unknown,,,,1,0,0
Unknown Faux Suede Vest XXL,10008689,,,,,,0,0,0
Unknown Floral Tank Top/Size M,10005374,,unknown,,,,1,0,0
Unknown Gray/White/Blk Marbled Top/Size S,10005371,,unknown,,,,1,0,0
Unknown Green Dress Size 6,10008395,,,,,,0,0,0
Unknown Grey Multi Color Dress Size M,10003418,,unknown,,,,1,0,0
Unknown Jacket Green Size L,10003532,,unknown,,,,1,0,0
Unknown Knit Vest w Flowers/ Size M,10006320,,unknown,,,,0,0,0
Unknown Lt Grey LS Top M,10007957,,,,,,0,0,0
Unknown Maroon Halter Top L,10008869,,,,,,0,0,0
Unknown Multi-Color Tank Top Size L,10007240,,,,,,1,0,0
Unknown Orange Sweater M,10008693,,,,,,1,0,7
Unknown Pink Cardigan M,10007964,,,,,,1,0,4
Unknown Purple SS Top M,10008252,,,,,,0,0,0
Unknown Purple Top S,10008757,,,,,,1,0,8.75
Unknown Red Floral Crop Tank/ Size M,10007027,,unknown,,,,0,0,0
Unknown Red Rose Purse,10007405,,unknown,,,,1,0,0
Unknown Red Top/ Size S,10005247,,unknown,,,,0,0,0
Unknown Skirt Black Size L,10003526,,unknown,,,,1,0,0
Unknown Sleeveless Blue Floral Top/Size M,10005826,,unknown,,,,1,0,0
Unknown Slip Dress Light Blue S,10003391,,unknown,,,,0,0,0
Unknown Tan Hat,10007093,,unknown,,,,0,0,0
Unknown Tan and Red Sheer Dress / Size M,10004647,,unknown,,,,0,0,0
Unknown Turquoise Coverall XL,10008692,,,,,,0,0,0
Unknown Vintage Black Dress  S/M,10008028,,,,,,1,0,14
Unknown Vintage Sequin Gold/Blk Skirt Size S,10009579,,unknown,,,,1,0,15
Unknown White Camisole Size L,10003376,,unknown,,,,1,0,0
Unknown White Camisole Size M,10003375,,unknown,,,,0,0,0
Unknown White Camisole Size Med,10003419,,unknown,,,,0,0,0
Unknown White Sleeveless Top S/M,10008431,,,,,,1,0,5
Unknown White Slip Dress Size S,10003421,,unknown,,,,0,0,0
Unknown White Top XS,10008646,,,,,,0,0,0
Unknown Yellow Boho Dress L,10008220,,,,,,0,0,0
Up! Snakeskin Pants B & W / Size 14,10009003,,Up!,,,,1,0,6.55
Urban Behavior Multicolor Sheer Tank / Size S,10006564,,Urban Behavior,,,,0,0,0
Urban O Green Purple Sheer Tank / Size M,10005845,,Urban Outfitters,,,,0,0,0
Urban Out Oranges Gray Skirt / Size L,10007171,,Urban Outfitters,,,,0,0,0
Urban Out Snakeskin Dress / Size XS,10007912,,Urban Outfitters,,,,1,0,0
Urban Outfitters Black Dress S,10009607,,,,,,1,0,10
Urban Outfitters Black Floral Dress/Size XS,10004177,,Urban Outfitters,,,,0,0,0
Urban Outfitters Black Floral Top/ Size XS,10006277,,Urban Outfitters,,,,1,0,0
Urban Outfitters Bralette Light Blue/Size S,10005249,,Urban Outfitters,,,,1,0,0
Urban Outfitters Brown Skirt S,10009191,,,,,,1,0,5.5
Urban Outfitters Dress Tan Size M,10003461,,Urban Outfitters,,,,1,0,0
Urban Outfitters Multi Color SL Dress / Size M,10005514,,Urban Outfitters,,,,0,0,0
Urban Outfitters Red Skirt XS,10009608,,,,,,1,0,5
Urban Outfitters Tan Sandals/Size 10,10007076,,Urban Outfitters,,,,0,0,0
Urban Outfitters White Ruffle Top L,10009438,,,,,,1,0,6.55
Urban Outfitters White Top S,10008387,,,,,,1,0,5.5
Urban Outfitters Yellow Top M,10007547,,,,,,1,0,0
Urban Romantics White Crop Top / Size L,10005198,,Urban Romantics,,,,0,0,0
UrbanOut/MulticolSTripeShirt/SizeSp,10006943,,Urban Outfitters,,,,0,0,0
UrbanOutf/BlkSkirtwBlet/SizeS,10009517,,Urban Outfitters,,,,0,0,0
UrbanOutfitters Grn Skirt/Size L,10004511,,Urban Outfitters,,,,0,0,0
UrbanOutfitters/ Butterfly Dress / Brwn/ Size XS,10005174,,Urban Outfitters,,,,0,0,0
Uskees Jean Overalls / Size 16,10003787,,Uskees,,,,1,0,0
V Cristina Embroidered Jeans / Size 8,10005904,,V Cristina,,,,0,0,0
V Fraas Pattern Scarf,10004147,,V. Fraas,,,,1,0,0
V Italia Colorful Sandals / Size 8.5,10007637,,V Italia,,,,0,0,0
VAC bluejeans Size 12,10008899,,,,,,1,0,7.8
VINTAGE 2 Piece Bogart Brown Set / Size 9,10006474,,Bogart of Texas,,,,0,0,0
VINTAGE 2 Piece Karin Brw Gr Polka Dot / Size XL,10005056,,Karin Stevens,,,,0,0,0
VINTAGE 2 Piece Set Black w Pink Flw / Size M,10005126,,Premier International,,,,1,0,0
VINTAGE 70s Pants / Size 7,10006248,,,,,,1,0,0
VINTAGE 90s Rafe Designer Handbag,10006578,,Rafe Designer,,,,0,0,0
VINTAGE Beige Pink Floral LS Dress / Size M,10005097,,unknown,,,,0,0,0
VINTAGE Beige Slip Dress Embr / Size S,10004535,,,,,,0,0,0
VINTAGE Betsey Johnson Purse Floral,10006255,,Betsey Johnson,,,,0,0,0
VINTAGE Black Blouse Gold Leaf / Size Large,10005697,,unknown,,,,0,0,0
VINTAGE Black SL Dress with White Flowers / Size S,10007113,,unknown,,,,0,0,0
VINTAGE Blk&Gld Night Slip/Size M,10003908,,unknown,,,,0,0,0
VINTAGE Blue Pattern LS Dress / Size 12,10005966,,unknown,,,,0,0,0
VINTAGE Blue SL Dress / Size 14,10007671,,unknown,,,,1,0,0
VINTAGE Blue Sleeveless Flw / Size XL,10004526,,,,,,1,0,0
VINTAGE Brown Yellow Floral Umbrella,10006552,,unknown,,,,0,0,0
VINTAGE Cheetah Underskirt / Size XS,10008181,,unknown,,,,1,0,8
VINTAGE City T Blue Floral Dress / Size L,10008409,,City Triangles,,,,0,0,0
VINTAGE Coach Legacy Tote,10005854,,Coach,,,,0,0,0
VINTAGE Coach Pink Soho Flap Bag,10003432,,Coach,,,,0,0,0
VINTAGE Collage Green Plaid Buttonup / Size S,10006679,,Collage,,,,0,0,0
VINTAGE Cream Dress w/ Flowers / Size M,10004544,,,,,,1,0,0
VINTAGE Cream Pink Blue Sheer Dress / Size S,10006449,,unknown,,,,0,0,0
VINTAGE Depeche  Blk PolkaDot Top/ Size 12,10007324,,Depeche Mode,,,,0,0,0
VINTAGE Duckhead Jean Striped Overalls / Size XS,10006688,,Duckhead,,,,0,0,0
VINTAGE Elan Pink Chiffon Sleeveless / ONE SIZE,10004545,,Elan,,,,1,0,0
VINTAGE First Glance Red LS / Size 9,10006302,,First Glance,,,,0,0,0
VINTAGE Floral Orange/Tan Shirt/ Size 12,10006274,,unknown,,,,0,0,0
VINTAGE Green Jumpsuit / Size XS,10006458,,unknown,,,,0,0,0
VINTAGE Hot Pink Beaded Purse,10005053,,unknown,,,,0,0,0
VINTAGE Ilyssa M Pink Yellow LS Chain / Size XL,10006450,,Ilyssa Maxx,,,,1,0,0
VINTAGE JR Bazaar Black Colorful Skirt / Size 11,10006514,,JR Bazaar,,,,0,0,0
VINTAGE JaneAshley/ BttnDwn/ Pnk/ Size L,10005185,,Jane Ashley,,,,0,0,0
VINTAGE Lady Manh Black & W Paisley Top / Size 10,10006464,,Lady Manhattan,,,,1,0,0
VINTAGE Lady O Red Striped Shortsleeve / Size L,10004080,,Lady O,,,,0,0,0
VINTAGE LadyB Sequin Skirt,10002042,,Lady Bxs,,,,1,0,0
VINTAGE Lily Pink LS Buttondown / Size M,10006454,,Lily,,,,0,0,0
VINTAGE Luisa Spagnoli Top Blck/Size L,10004199,,Louisa Spagnoli,,,,0,0,0
VINTAGE MJ Soffe TN Orange Crewneck / Size L,10006475,,M.J. Soffe,,,,0,0,0
VINTAGE Magica Blue 2 Piece Set / Size M,10006479,,Magica,,,,0,0,0
VINTAGE MaryFrances Hndbg,10004513,,Mary Frances,,,,0,0,0
VINTAGE Maverick Jean Blazer / Size M,10006289,,Maverick,,,,0,0,0
VINTAGE Multicolor Skirt / Size M,10003819,,Zapa,,,,1,0,0
VINTAGE Orange Multicolor LS / Size 11,10006447,,unknown,,,,1,0,0
VINTAGE Paper Doll Pink Longsleeve Pattern / Size M,10004538,,Paper Doll,,,,0,0,0
VINTAGE Peach & White Wrap Skirt / Size 4,10006477,,unknown,,,,1,0,0
VINTAGE Pink Lilac LS Dress / Size S,10007307,,unknown,,,,1,0,0
VINTAGE Reversible Black Blue Top / Size M,10005696,,unknown,,,,0,0,0
VINTAGE Revlon Gold Compact 1960s,10006249,,Revlon,,,,-1,0,0
VINTAGE Rhoda Lee Blue Polka Dot Top / Size 10,10006480,,Rhoda Lee,,,,1,0,0
VINTAGE Saks 5th Ave Makeup Compact,10007839,,saks 5th ave,,,,0,0,0
VINTAGE Satin Intimate Pant/Size S,10003924,,Hydons,,,,1,0,0
VINTAGE Sheer Cheetah Print Skirt / Size S,10008180,,unknown,,,,1,0,8
VINTAGE Shiny Pink Green SS Dress / Size S,10007471,,unknown,,,,0,0,0
VINTAGE Shirley Brown Owl T / Size S,10006490,,Shirley Gadol,,,,1,0,0
VINTAGE Stradivarius Leather Purse,10005051,,Stradivarius,,,,0,0,0
VINTAGE Studio 1940 Satin Pink Buttondown / Size M,10005129,,Studio 1940,,,,0,0,0
VINTAGE Tess Brown Satin LS Top / Size 10,10006481,,Tess,,,,1,0,0
VINTAGE Unknown Top Bck/Cream/Purple /Size XL,10004197,,unknown,,,,1,0,0
VINTAGE White Buttondown LS / Size 10,10006303,,unknown,,,,1,0,0
VINTAGE White Sequin Skirt / Size M,10005723,,unknown,,,,0,0,0
VINTAGE Yellow Dress Embrodiered,10003980,,,,,,0,0,0
VINTAGE Yorkshire Knit Offwhite Sweater / Size XL,10006695,,Yorkshire Knitting,,,,1,0,0
VINTAGE Zayre Black & W Polka Dot Top / Size M,10006471,,Zayre,,,,0,0,0
VINTAGE coach/daphne purse/lg,10003682,,Coach,,,,1,0,0
VINTAGE endear barbizon/ngt gwn/white/42,10003723,,barbizon,,,,1,0,0
VINTAGE unknown/dress/prp floral/s,10003743,,unknown,,,,0,0,0
VINTAGE/eng ldry/skirt/grn/m,10003669,,english laundry,,,,1,0,0
VINTAGE/studioI/blouse/grn/14,10003665,,studio I,,,,0,0,0
VINTAGEShortSetCrmGrnPink/SizeXS,10008596,,unknown,,,,0,0,0
VIP Jeans Khaki Pants M,10008421,,,,,,1,0,4.5
VIPJeans/FlowrPatchJeanSkirt/SizeL,10006913,,VIP Jeans,,,,1,0,0
VS Black Lingerie 2 Piece Sequin Set / Size XXS,10004562,,Victoriaxs Secret,,,,0,0,0
VS Pale Pink Lace Romper / Size M,10007832,,Victoriaxs Secret,,,,1,0,0
VS Pink & Black Lace Lingerie Babydoll Top / Size M,10006753,,unknown,,,,1,0,0
VS Pink Slip / Size M,10004542,,Victoriaxs Secret,,,,1,0,0
VTGMatchBoxBirdHouse,10009506,,unknown,,,,1,0,8
Valentino Beige Purse with Gold Studs,10007769,,Valentino,,,,1,0,0
Valentino tan purse,10007761,,Valentino,,,,1,0,0
Valentino's Black/White Pants S,10007882,,,,,,1,0,14
ValerieS/AniPrintTop/SizeL,10009097,,valerie stevens,,,,1,0,8
Vaneli Leopard Flats 8,10007898,,,,,,1,0,4.25
VanillaStar/BlackMiniSkirt/Size25,10004869,,Vanilla Star,,,,0,0,0
Vanity Burgundy Sleeveless Top Sequin / Size XL,10004569,,Vanity,,,,0,0,0
Vanity Fair Beige Slip / Size M,10003938,,Vanity Fair,,,,1,0,0
Vanity Fair Beige Slip Dress / Size L,10004149,,Vanity Fair,,,,1,0,0
Vans Checkerboard Pink Shoes/Size 7.5,10007068,,,,,,1,0,0
Vanzetti Brown Suede Studded Belt,10006395,,Vanzetti,,,,0,0,0
Venezia Brown Tank / Size 14,10005849,,Venezia Jeans,,,,0,0,0
Venezia Jeans Gray / Size 16,10007211,,Venezia Jeans,,,,1,0,0
Venezia JeansTee Shirt_Vnz,10004029,,Venezia Jeans,,,,1,0,0
Venue Crochet SS Top Cardigan / Size S,10007712,,Venue,,,,0,0,0
Venus Pink Faux Leather Jacket M,10008430,,,,,,1,0,7.25
Vera Bradley Yellow Pattern Case,10005137,,Vera Bradley,,,,1,0,0
Vera Bradley Yellow Pattern Large Tote,10005138,,Vera Bradley,,,,1,0,0
Vera Pelle 1985 Belt_Ve,10003084,,Vera Pelle,,,,0,0,0
Vera Wang Black Stretch Pants 8,10008425,,,,,,1,0,6
VeraBradley/MulticolorBag,10003640,,Vera Bradley,,,,1,0,0
Vero Cuoio Metal Toe Boots / Size 7.5,10005971,,Vero Cuoio,,,,0,0,0
Vero ModaLS Top_Pl,10002322,,Vero Moda,,,,1,0,0
Veronicam Orange & Purple Dress / Size M,10005843,,Veronicam,,,,1,0,0
Versona Purple Pants Size 6,10007849,,,,,,1,0,0
VerticeC/BlkGemJacket/SizeL,10004658,,Vertice Couture,,,,1,0,0
Vertigo Black SL Top / Size XS,10005641,,Vertigo,,,,0,0,0
VertigoSweater_Ur,10002861,,Vertigo,,,,0,0,0
Verty Sequin Sleeveless Shirt NWT / Size S,10003956,,Verty,,,,1,0,0
Verve Blues Pink Pants / Size 12,10006453,,Verve Blues,,,,1,0,0
Vervet/PinkRustPant/Size25,10004475,,Vervet,,,,0,0,0
Very J Orange SL Top / Size L,10005573,,Very J,,,,1,0,0
Via S White Tank / Size S,10005638,,Via Signoria,,,,1,0,0
Via Signoria Sleeveless White Top/ Real Size XL,10005229,,Via Signoria,,,,1,0,0
Vici Hot Pink LS Crop Top / Size S,10006311,,Vici,,,,0,0,0
Vici Peach Tie-Front Crop Top M,10009206,,,,,,1,0,5.25
Vici/Red&PnkFloralDress/SizeM,10006116,,Vici,,,,0,0,0
VictorCosta/BlueBlouse/SizeS,10005468,,Victor Costa,,,,1,0,0
Victoria & Sophia Orange Dress S,10009234,,,,,,1,0,6.55
Victoria & Sophia White SS Dress w Flowers / Size Small,10007118,,Victoria & Sophia,,,,1,0,0
Victoria Beckham Mint Green LS Dress / Size XL,10007176,,Victoria Beckham,,,,1,0,0
Victoria Secret Black Satin/Lace L,10009396,,,,,,1,0,7.65
Victoria Secret Floral Lace Cami S,10008504,,,,,,1,0,6.3
Victoria Secret Sweater/Size S,10003832,,Victoriaxs Secret,,,,1,0,0
Victoria Secret purple tanktop/xl,10007454,,Victoriaxs Secret,,,,0,0,0
Victoria SecretCami,10002352,,Victoriaxs Secret,,,,1,0,0
Victoria's S Black Corset Top / Size M,10006757,,Victoriaxs Secret,,,,0,0,0
VictoriaS/BlkcroppedTop/SizeM,10004650,,Victoriaxs Secret,,,,0,0,0
Victorias Secret,10002402,,Victoriaxs Secret,,,,1,0,0
Victoriaxs SecretSlip_Ta,10001200,,Victoriaxs Secret,,,,0,0,0
Victorious Jeans / Size 38x30,10007726,,Victorious,,,,1,0,0
Vilenca/BluePurse,10009578,,vilenca,,,,1,0,8
VinatageGoldTonedFilagreeChoker,10007371,,,,,,1,0,0
Vince Black & Gold Leather Boots / Size 7,10007863,,Vince Camuto,,,,1,0,0
Vince Black Sheer LS / Size M,10007872,,Vince,,,,1,0,0
Vince Black Skirt / Size 6,10003791,,Vince,,,,1,0,0
Vince C Black Jumpsuit / Size 8,10004202,,Vince Camuto,,,,0,0,0
Vince C Green Off Shoulder Dress / Size 6,10005131,,Vince Camuto,,,,1,0,0
Vince C Orange SL Top / Size S,10008174,,Vince Camuto,,,,1,0,6
Vince C Red Sleevless / Size L,10005660,,Vince Camuto,,,,1,0,0
Vince Camuto Black Boots Size M,10003353,,Vince Camuto,,,,1,0,24.99
Vince Camuto Blue Floral Dress M,10009299,,,,,,1,0,8.25
Vince Camuto Boots Pink Size 7 1/2,10003558,,Vince Camuto,,,,1,0,12.99
Vince Camuto SS Top Pink L,10007974,,,,,,0,0,0
Vince Camuto White Dress Size 12,10007619,,,,,,1,0,0
Vince Multicolor SL Tank / Size XS,10005640,,Vince Camuto,,,,1,0,0
Vince Tan Heels / Size 6.5,10004157,,Vince Camuto,,,,1,0,0
Vince camuto,10005902,,,,,,-1,0,0
VinceCamuto/Blk&RedBoots/Size7,10004323,,Vince Camuto,,,,1,0,0
Vineyard Vines Blue SS Dress / Size 16,10007220,,Vineyard Vines,,,,1,0,0
Vineyard Vines Pink Dress/ Size XXS,10006765,,Vineyard Vines,,,,1,0,0
VineyardV/PlaidBttndwn/Size10,10004939,,Vineyard Vines,,,,1,0,0
Vint 70's Reversible Maxi Skirt M,10008492,,,,,,1,0,5.4
Vint 80's Embroidered Black Jacket L,10009500,,,,,,1,0,5.45
Vint 90's Flashback Acid Wash Jacket M,10009505,,,,,,1,0,5
Vint 90's Phoebe Print Dress 10,10009202,,,,,,1,0,15
Vint CG Black Geo. Print Dress L,10009493,,,,,,1,0,5
Vint Carolina Colours Brown Top M,10007506,,,,,,0,23.99,0
Vint Gilligan&O'Malley Night M,10008465,,,,,,1,0,8
Vint Joan Curtis Red Dress 10,10008483,,,,,,1,0,8.5
Vint Plenty Frock Beige Dress 2,10008615,,,,,,1,0,16.5
Vint Reversable Kantha Wrap Skirt L,10009376,,,,,,1,0,13.25
Vint.  Blue Marlin Sweatshirt,10008977,,,,,,1,0,8.75
Vint. 70's Geometric Print Shorts XL,10009053,,,,,,1,0,8.75
Vint. 80's Pink Sequin Fringe Top M,10008482,,,,,,0,0,0
Vint. 90's Flirtations Metallic Dress S,10009474,,,,,,1,0,5
Vint. Be Smart 90's Coral Dress 12,10009165,,,,,,1,0,8.75
Vint. Dawli Leather Snakeskin Shoulder,10009013,,,,,,1,0,7.65
Vint. Morton Myles Pink Polka 6,10008484,,,,,,1,0,7.99
Vint. Scott Mclintock SS Top M,10009194,,,,,,1,0,12.5
Vintage 60's Blue Poppy Floral M,10009612,,,,,,1,0,10
Vintage 60's Mod Circle Print M,10009412,,,,,,1,0,31.5
Vintage 70's Jane Cream Knit Top M,10009046,,,,,,1,0,8.75
Vintage 70's Joyce Palmer Dress 8,10009464,,,,,,1,0,5
Vintage 70's Orange Plaid Dress M,10009274,,,,,,1,0,17
Vintage 70's Tan Linen Dress 9,10009150,,,,,,1,0,8.25
Vintage 80's Angora Wool Top M,10009312,,,,,,1,0,37
Vintage 80's Beaded Silk Top 12,10009467,,,,,,1,0,6
Vintage 80's Braided Rope Ring Belt,10009229,,,,,,1,0,7.65
Vintage 90's A & F Pleated Skirt 6,10009451,,,,,,1,0,8.75
Vintage 90's Black Cherry Print Dress,10009316,,,,,,1,0,8.65
Vintage 90's Cream Satin Cami M,10009178,,,,,,1,0,13.25
Vintage 90's Denim Blazer Jacket L,10009296,,,,,,1,0,7.5
Vintage 90's Faux Fur Jacket,10009375,,,,,,1,0,8.75
Vintage 90's Floral Midi Dress 12,10009611,,,,,,1,0,5
Vintage 90's Floral Midi Skirt L,10009494,,,,,,1,0,5
Vintage 90's Floral Tapestry Jacket M,10009317,,,,,,1,0,7.55
Vintage 90's Jessica Howard Pants 8,10009623,,,,,,1,0,5
Vintage 90's R/W Paisley MIdi Skirt 8,10009304,,,,,,1,0,12.5
Vintage 90's Reversible Jacket M,10009501,,,,,,1,0,5.45
Vintage 90s Colesce Coll Cami L,10009492,,,,,,1,0,5
Vintage Alyn Paige Blue Dress 10,10008462,,,,,,1,0,13
Vintage Anne Klein Green Calderon bag,10008881,,,,,,1,0,28
Vintage Berek Black Jacket S,10008128,,,,,,1,0,9
Vintage Black Bolero Lace Shrug M,10008808,,,,,,0,0,0
Vintage Blue 1/4 Zip LS Top  Size L,10007485,,,,,,1,0,0
Vintage Brown Boulet Boots 7.5,10008980,,,,,,1,0,50
Vintage Brown Floral Dress M,10007540,,,,,,1,0,0
Vintage Brown Leather Belt,10009220,,,,,,1,0,2.15
Vintage Carol Chase LS Blouse 10,10008224,,,,,,0,0,0
Vintage Casual Corner 90's Skirt 14,10009457,,,,,,1,0,8.75
Vintage Club 515 Yellow Floral Dress/Sz  M,10006772,,Club 515,,,,0,0,0
Vintage Coach Legacy Hobo Bag,10008880,,,,,,1,0,195
Vintage Coach Mahogany Leather,10009024,,,,,,1,0,150
Vintage Coach Pink Suede Baguette,10006497,,,,,,1,0,300.28
Vintage Coach SoHo Pink Optic,10007598,,,,,,1,0,0
Vintage Cordon Pastel Plaid Skirt M/L,10009613,,,,,,1,0,5
Vintage Dorset Compact Mirror,10008531,,Dorset,,,,0,0,0
Vintage Gap Trucker Jacket S,10009297,,,,,,1,0,10
Vintage Gilead White Lace Cami M,10009392,,,,,,0,11.495,0
Vintage Gold Floral Compact Mirror,10008529,,unknown,,,,1,0,0
Vintage Goth Dress Size 4,10007275,,,,,,0,0,0
Vintage Graphic Tunic/Black/Size M,10004173,,Miss Sixty,,,,0,0,0
Vintage Grey Vest Size S,10007184,,,,,,0,0,0
Vintage Gucci Leather Skirt M,10009465,,,,,,1,0,58.75
Vintage Havana White T-Shirt L,10009048,,,,,,1,0,6.55
Vintage Hem&Thread White Skirt S,10008447,,,,,,1,0,16.99
Vintage Impressions of Cal. Pink Top 12,10008231,,,,,,1,0,8
Vintage Italy Diffusion24 Gold  S,10008739,,,,,,1,0,16.25
Vintage Jkara Beaded Top M,10009470,,,,,,1,0,6
Vintage Juicy Couture Velour Trifold,10009114,,,,,,1,0,9.99
Vintage LaBelle 90's Blue Dress L,10009472,,,,,,0,0,0
Vintage Lamp Black & Brown,10006495,,,,,,0,0,0
Vintage Lauren Rogers Satin Cami S,10008522,,,,,,1,0,21.9
Vintage Lavendar LS Top M,10009016,,,,,,1,0,6.55
Vintage Levi's Yellow Pants Size S,10007164,,,,,,1,0,0
Vintage Light Blue Lace Dress/Size M,10006773,,unknown,,,,0,0,0
Vintage Makeup Compact,10008532,,unknown,,,,1,0,0
Vintage Marino Orlandi Italian Leather Bag/AS IS,10007096,,Marino Orlandi,,,,0,0,0
Vintage McClintock Black Skirt M,10009469,,,,,,1,0,5
Vintage Mitcom Porsche Jacket Size XS,10006498,,,,,,1,0,0
Vintage Mod Floral Dress Size L,10008800,,,,,,1,0,25
Vintage Multi-Color Dress Size L,10007230,,,,,,1,0,0
Vintage Pink Babydoll Nightgown M/L,10008476,,,,,,0,0,0
Vintage Pink Dress/ Size XS,10006770,,unknown,,,,1,0,0
Vintage Pink Enamel Bangle Gold,10007345,,unknown,,,,1,0,0
Vintage Pink Sequin Tank Size S,10008852,,,,,,1,0,12.99
Vintage Polka Dot Dress S,10007879,,,,,,1,0,16.5
Vintage Pretty Things Black Skirt M,10009488,,,,,,1,0,5
Vintage Red Flower Ring,10007409,,unknown,,,,0,0,0
Vintage Sarah Coventry Ring,10007410,,Sarah Coventry,,,,1,0,0
Vintage Squeeze Olive Green Overalls L,10009276,,,,,,1,0,18
Vintage Striped Overalls/ Size S,10006777,,unknown,,,,1,0,0
Vintage Sunflower Dress/ Size 14,10006771,,unknown,,,,0,0,0
Vintage Tea Towel Adjustable Skirt / Size M,10008060,,unknown,,,,1,0,7.25
Vintage Thai Pierced Filigree Metal Purse,10007586,,,,,,1,0,68.67
Vintage Tibor Black Bomber Jacket,10009473,,,,,,1,0,8.75
Vintage Y2K Baby Pink Coach Soho Shoulder Bag,10006273,,Coach,,,,0,0,0
Vintage Y2K Pink Lace Cami M,10009393,,,,,,1,0,7.65
Vintage Y2K Striped Webbing Belt,10009218,,,,,,1,0,6.65
Vintage Yellow Sundress Size XL,10009151,,,,,,0,0,0
Vintage Yves Cossette DM Black 12,10008885,,,,,,1,0,8.75
Vintage/FloralBttnDwn/SizeM,10006146,,unknown,,,,1,0,0
Vintage1978AvonShimmeringSands,10006153,,Avon,,,,0,0,0
Vintage40sTanSweater/SizeS,10008047,,unknown,,,,1,0,0
Vintage70sSnakeChainBracelet,10008607,,unknown,,,,0,0,0
Vintage7Mad/BlkWhiPantsuit/SizeXS/S,10008599,,7 Madison,,,,1,0,13.75
VintageA/PlumFloralBlouse/SizeS,10004479,,Vintage America,,,,1,0,0
VintageAW/Red&BrwnPurse,10008061,,American West,,,,0,0,0
VintageAileen/WhiZipSweater/SizeS,10006126,,Aileen,,,,1,0,0
VintageAiyimei/pinkflowerdress/SizeM,10009563,,Ai yi mei,,,,1,0,8
VintageAvonNecklace,10008791,,Avon,,,,1,0,8
VintageBlGrGemNecklace,10008606,,unknown,,,,1,0,8
VintageBlackPantStripe/SizeS,10008049,,unknown,,,,1,0,0
VintageBlueBttnDwnTop/SizeM,10008074,,unknown,,,,1,0,0
VintageClarks/BlackLoafr/Size8,10008055,,Clarks,,,,1,0,0
VintageCoachPurse/Brwn,10008782,,Coach,,,,1,0,8
VintageCrossR/RedStripedShirt/SizeXL,10004855,,CrossRoads,,,,0,0,0
VintageDesignHouse/DottedDress/SizeS,10008058,,Design House,,,,1,0,0
VintageFedo/RedBirdShirt/SizeM,10009088,,Fedo,,,,1,0,8
VintageFlowerBangle,10008608,,unknown,,,,1,0,8
VintageFlowerNecklace,10007375,,unknown,,,,0,0,0
VintageFredR/MulticolTieTop/SizeL,10005284,,Fred Rothschild,,,,1,0,0
VintageFredericks/PinkBeadTop/SizeM,10008364,,Fredericks of Hollywood,,,,1,0,0
VintageGayGibson/BlueSuitSET/SizeS,10008051,,Gay Gibson,,,,1,0,0
VintageGemGoldRing,10007384,,unknown,,,,1,0,0
VintageGennisknit/OrTennisDress/SizeM,10008597,,Gennisknit,,,,1,0,10
VintageGreenJacket/Size40,10008057,,unknown,,,,1,0,0
VintageGrn&PinkDress/SizeS,10004659,,unknown,,,,0,0,0
VintageImpressions/TaupeBlkBlouse/Size8,10008598,,Impressions,,,,0,0,0
VintageIsabel/BlueFlowrSwtr/SizeS,10008050,,Isabel of Saks Fifth Avenue,,,,0,0,0
VintageJrTheme/PinkDress/SizeM,10009564,,Jr. Theme,,,,1,0,8
VintageKingsRoad/GrnBttnDwn/Size40,10006002,,Kings Road,,,,0,0,0
VintageLapisRing,10006147,,unknown,,,,1,0,0
VintageLileenP/WhiPurpRedBttnDwn/Size34,10006125,,Lileen Pennington,,,,1,0,0
VintageLuciteNecklace,10007386,,unknown,,,,0,0,0
VintageMiramonte/WhiteHeels/Size7,10008054,,Miramonte,,,,1,0,0
VintageMissHolly/WhiBttnDwn/Size38,10008059,,Miss Holly,,,,1,0,0
VintageNaniFlwrChemise/SizeM,10006096,,unknown,,,,0,0,0
VintageOrlon/PinkSweatr/SizeS,10008056,,Orlon,,,,1,0,0
VintagePamelaF/RedStitchSkirt/Size6,10008546,,Pamela Ferrari,,,,0,0,0
VintagePatchDress/Size10,10008048,,unknown,,,,0,0,0
VintagePattys/CrmLaceBlouse/SizeM,10006132,,Pattys of Texas,,,,1,0,0
VintagePilomaPicassoBrwnLeathrBag,10007387,,Paloma Picasso,,,,1,0,0
VintagePinkFlowerDress/SizeS,10008052,,unknown,,,,1,0,0
VintagePrp-MulticolDress/SizeS,10004661,,unknown,,,,1,0,0
VintageRebekah/BlkLcaeTop/SizeM/L,10008561,,Rebekah,,,,0,0,0
VintageRedLeatherDress/Size40,10007886,,unknown,,,,0,0,0
VintageRustler/Jeanshort/Size6/8,10006909,,Rustler,,,,0,0,0
VintageSO/PinkBttnDwnTop/SizeL,10004667,,SO,,,,0,0,0
VintageSarahCovNecklace,10006148,,Sarah Coventry,,,,0,0,0
VintageSarahCoventry/GoldSToneBracelet,10006137,,Sarah Coventry,,,,0,0,0
VintageSears/WhiRuffleBtnDwn/Size8,10006127,,Sears,,,,0,0,0
VintageSilverPlatedSwirlNecklaces,10007379,,unknown,,,,1,0,0
VintageSimplyStyled/BlueTop/SizeS,10005769,,Simply Styled,,,,1,0,0
VintageVanityFair/AniPrintmeshSkirt/SizeS,10006167,,Vanity Fair,,,,1,0,0
VintageVictoriaS/PinkSlip/SizeM,10004664,,Victoriaxs Secret,,,,1,0,0
VintageWhiBlkBlouse/SizeS,10008600,,unknown,,,,1,0,6.5
VintageWhiPant/SizeS,10006131,,unknown,,,,0,0,0
VintageYellowenamel,10006152,,unknown,,,,0,0,0
Violet & Claire Peach SS Top L,10008828,,,,,,0,0,0
Violet & Claire Pink SL Top / Size L,10006601,,Violet X Claire,,,,1,0,0
Violet & Claire Red SL Tank / Size XL,10005611,,Violet X Claire,,,,1,0,0
Violet X ClaireLS Top_Wh,10000255,,Violet X Claire,,,,1,0,0
Violets & Roses Plaid Pants Size 14,10009395,,,,,,1,0,5.45
VioletxC/Blkdottedbttndwn/SizeL,10006049,,Violet X Claire,,,,1,0,0
Vionic Pink Sandals Size 9,10007061,,Vionic,,,,1,0,0
Voila Black SL Jumpsuit / Size S,10007679,,Voila,,,,0,0,0
Vol. 1 Pink Brown Floral Blouse / Size L,10006750,,Vol. 1,,,,0,0,0
Von Dutch Pink & Brown Hat,10006615,,Von Dutch,,,,0,0,0
Von Dutch Pink Velvet Cap,10006744,,Von Dutch,,,,1,0,0
Voy Black Puff Sleeves Top / Size L,10006526,,Voy,,,,1,0,0
W5 Red LS Chiffon Top / Size M,10007686,,W5,,,,1,0,0
WHBM Beige Long Cardigan / Size M,10005546,,White House Black Market,,,,1,0,0
WHBM Black & Gray Cardigan / Size M,10005940,,White House Black Market,,,,1,0,0
WHBM Black & White Blouse SS / Size S,10005592,,White House Black Market,,,,1,0,0
WHBM Black Cardigan XS,10007569,,,,,,1,0,0
WHBM Black Crop Top / Size M,10006566,,White House Black Market,,,,1,0,0
WHBM Black Dress Size 14,10008696,,,,,,1,0,8
WHBM Black Dress Size 8,10008673,,,,,,1,0,8
WHBM Black Fur Jacket Size XS,10007522,,,,,,1,0,0
WHBM Black Ruffle SL Tie Neck / Size XL,10004983,,White House Black Market,,,,1,0,0
WHBM Black Sequin Pants / Size 10,10007298,,White House Black Market,,,,1,0,0
WHBM Black Skinny Pants / Size 4,10005693,,White House Black Market,,,,1,0,0
WHBM Black Studded Skirt,10004195,,WHBM,,,,1,0,0
WHBM Black Top White Embroidery / Size XS,10006452,,White House Black Market,,,,1,0,0
WHBM Black Zipper Skinny Jeans NWT / Size 8,10003859,,White House Black Market,,,,1,0,0
WHBM Blk Dress Size XS,10009536,,WHBM,,,,1,0,8
WHBM Blue Ruffle Tank / Size S,10006547,,White House Black Market,,,,1,0,0
WHBM Blue SL Dress / Size M,10007854,,White House Black Market,,,,1,0,0
WHBM Brown Zebra SL Top / Size M,10005620,,White House Black Market,,,,1,0,0
WHBM Burgundy Design SL Top / Size S,10008188,,White House Black Market,,,,0,0,0
WHBM Burgundy Top Size XS,10008911,,,,,,1,0,5.5
WHBM Burgundy Velvet Pants / Size 4,10005251,,White House Black Market,,,,0,0,0
WHBM Corset Black Floral/Size 6,10007140,,WHBM,,,,0,0,0
WHBM Cream Boho Bustier M,10008232,,,,,,0,0,0
WHBM Demin Legging / Size L,10003812,,WHBM,,,,1,0,0
WHBM Denim Shorts/Size 4R,10007137,,WHBM,,,,1,0,0
WHBM Floral Bodysuit Maroon/ Size M,10006314,,White House Black Market,,,,1,0,0
WHBM Fuzzy Cardigan / Size M,10003856,,White House Black Market,,,,1,0,0
WHBM Gina Suede Flower Bootie 10,10007614,,,,,,1,0,0
WHBM Gold & Black Polka Dot LS / Size 2,10005023,,White House Black Market,,,,1,0,0
WHBM Green SS Top XXS,10008265,,,,,,1,0,6
WHBM Grey Sleeveless Shirt Size M,10007490,,,,,,1,0,0
WHBM Jeans,10004026,,White House Black Market,,,,1,0,0
WHBM Maroon LS Dress / Size S,10005496,,White House Black Market,,,,0,0,0
WHBM Orange Sleeveless Top,10009078,,White House Black Market,,,,1,0,8
WHBM Red Black Floral Tube Top / Size 12,10008168,,White House Black Market,,,,0,0,0
WHBM Red Purple LS / Size L,10005976,,White House Black Market,,,,1,0,0
WHBM Rose LS Top / Size S,10006606,,White House Black Market,,,,1,0,0
WHBM Shiny Zebra Print Shirt / Size M,10006719,,White House Black Market,,,,0,0,0
WHBM Silver Shiny Halter Top / Size S,10006528,,White House Black Market,,,,1,0,0
WHBM Snake Print Sleeveless XS,10008889,,,,,,1,0,5.65
WHBM White Dress/Size 6,10007143,,WHBM,,,,0,0,0
WHBM White Jean Jacket Size 4,10008429,,,,,,0,0,0
WHBM White Pattern Shorts Size 0,10006952,,,,,,1,0,0
WHBM/ Polka Top/ Bl&Blk/ Size M,10005049,,White House Black Market,,,,0,0,0
WHBM/ Ruched Blouse/ Prpl/ Size S,10005032,,White House Black Market,,,,0,0,0
WHBM/ Slvlss Trtlnck/ Bl&Blk/ Size S,10005044,,White House Black Market,,,,0,0,0
WHBM/BeadedSheerTop/SizeL,10009338,,White House Black Market,,,,1,0,8
WHBM/BlackDress/Size10,10004606,,White House Black Market,,,,1,0,0
WHBM/Blk&whiKnit/SizeM,10006050,,White House Black Market,,,,0,0,0
WHBM/BlkBlueFloralDress/SizeL,10009331,,White House Black Market,,,,1,0,8
WHBM/BlkBttnDwnCover/SizeL,10009334,,White House Black Market,,,,1,0,8
WHBM/BlkSleevelessBlouse/SizeXXS,10004381,,WHBM,,,,0,0,0
WHBM/BlkSlvlessTop/SizeL,10009350,,White House Black Market,,,,1,0,8
WHBM/BlkWhiShort/Size12,10007888,,White House Black Market,,,,1,0,0
WHBM/BlkcinchTop/SizeL,10006157,,White House Black Market,,,,0,0,0
WHBM/BlksidetieTop/Size14,10009356,,White House Black Market,,,,1,0,8
WHBM/BlueWhiStripeDress/Size12,10009359,,White House Black Market,,,,0,13.995,0
WHBM/BurntredPant/Size4,10003646,,White House Black Market,,,,1,0,0
WHBM/PinkFloralBlouse/SizeM,10006416,,White House Black Market,,,,1,0,0
WHBM/PinkTop/SizeL,10009342,,White House Black Market,,,,1,0,8
WHBM/PurpleSlvlessTop/SizeM,10009341,,White House Black Market,,,,1,0,8
WHBM/RedZebraTop/Size12,10009340,,White House Black Market,,,,1,0,8
WHBM/WhiCroppedPant/Size6,10009346,,White House Black Market,,,,1,0,8
WHBM/WhiPearlBttnTop/Size10,10009326,,White House Black Market,,,,1,0,8
WHBM/WhitezippocketShorts/Size8,10006864,,White House Black Market,,,,1,0,0
WHBMNWT Blk Beaded Top/Size L,10003970,,White House Black Market,,,,1,0,0
WHBMSilverBracelet,10006149,,White House Black Market,,,,0,0,0
WIDI/MulticolPlaidShorts/Size11,10006907,,Wear it Declare it,,,,1,0,0
WRXCactus/GreyCropJacket/SizeXS,10009512,,WhiteRoom X Cactus,,,,0,0,0
WW Black Snakeskin Belt / Size 2X,10006388,,WW,,,,0,0,0
WW Gray Jeans / Size 6,10003805,,Wit X Wisdom,,,,1,0,0
WWDDDollyTshirt/SizeM,10006155,,unknown,,,,0,0,0
WWW/MustardBrwnBlouse/SizeL,10004453,,Who What Wear,,,,1,0,0
WY/BrwnFloralJacket/Size6,10003645,,WY,,,,1,0,0
WaldenClassics/MulticolDress/Size10,10008053,,Walden Classics,,,,1,0,0
WallFlower LightWash Jacket/Size S,10003835,,Wallflower Vintage Collection,,,,0,0,0
Wallflower Vintage Collection/swtr/bei blk/m,10002744,,Wallflower Vintage Collection,,,,0,0,0
Wallis Black Butterfly Dress / Size 12,10007862,,Wallis,,,,1,0,0
Wax Jeans LA Denim Mini Skirt/Size L,10007138,,Wax Jean,,,,1,0,0
WayeDress_Wx,10002972,,Waye,,,,1,0,0
Wayf/Blk&GrnFloralTop/SizeM,10005402,,Wayf,,,,1,0,0
We The Free Jean Skirt Zipper / Size 24,10004963,,We The Free,,,,1,0,0
We The Free Sweatshirt Grey Size XS,10003484,,We The Free,,,,1,0,0
Wearever Beige Bodysuit M,10008630,,,,,,1,0,4
Wearing Your Heart Pink Sweater / Size L,10005968,,wearing your own heart on your sleeve,,,,1,0,0
Weerawat VintageSkirt_Ev,10002604,,Weerawat Vintage,,,,0,24.99,0
Well Worn Burgundy Pants 6,10008396,,,,,,1,0,5.5
Wendy/GreenSweatrDress/SizeS,10008073,,Wendy,,,,1,0,0
West 36th Denim Skirt Brown/Size L,10007107,,West 36th,,,,0,0,0
West End 90's Brown Card. M,10009256,,,,,,1,0,7.65
West Kei Green SS Top L,10008690,,,,,,0,0,0
West Kei Open Front Sleeveless Top L,10008908,,,,,,1,0,5.5
Westbound White Knit Poncho / One Size,10007792,,Westbound,,,,0,0,0
Western Fashions Plaid Long Sleeve,10003797,,Western Fashions,,,,1,0,0
Westport Red/White/Blue SS Top XL,10009243,,,,,,1,0,6.55
Wet Seal Boho Print Tube Dress M,10009617,,,,,,1,0,0
Wet Seal Pink Leather Jacket XS,10008815,,,,,,1,0,60
WetSeal/BluePurpShearTop/SizeM,10009107,,Wet Seal,,,,1,0,8
WetSeal/GrnZipup/SizeL,10006939,,Wet Seal,,,,1,0,0
WhBmNWT Multicolor Skirt/Size 4,10004504,,White House Black Market,,,,0,0,0
WhatsHot/MulticolPolkaDotDress/SizeXL,10007748,,Whats Hot,,,,1,0,0
Whi&BrwnSET/SizeSX/S,10008065,,unknown,,,,1,0,0
Whi&PurpBttnDwn/SizeM,10006090,,unknown,,,,1,0,0
WhiXbrwnTop/SizeS,10005782,,unknown,,,,1,0,0
Whispers Pink Slip / Size S,10005575,,Whispers,,,,0,19.15674,0
White & Clear Stone Necklace,10007995,,,,,,0,0,0
White Braided Belt,10006397,,unknown,,,,1,0,0
White Crow/ Knot Back/ RdOrng/ Size M,10005084,,White Crow,,,,0,0,0
White Embroidered Tank w Tassel / Size S,10005847,,unknown,,,,0,0,0
White Feather Dress / Size L,10004088,,,,,,1,0,0
White Flower Ring 1,10003990,,,,,,0,0,0
White Flower Ring 2,10003991,,,,,,0,0,0
White Frayed-Hem Jeans/Size 4,10004254,,Abercrombie,,,,1,0,0
White Fringe Skirt Size L,10008801,,,,,,1,0,7.75
White House Black Market Blazer,10002606,,White House Black Market,,,,1,0,0
White House Black Market Burgundy Blouse Size XS,10007182,,,,,,1,0,0
White House Black Market Pants Black Size 4,10003543,,White House Black Market,,,,1,0,0
White House Black Market Pink Top 10,10009398,,,,,,1,0,5.45
White House Black Market Skirt Black Size 4,10003455,,White House Black Market,,,,0,0,0
White House Black MarketLS Top_Q,10000087,,White House Black Market,,,,1,0,0
White House Black MarketSkirt_J,10001467,,White House Black Market,,,,0,0,0
White House Black MarketSweater_Co,10000072,,White House Black Market,,,,1,0,0
White Jean Mini w/ Metal Button/ Size L,10005039,,unknown,,,,0,0,0
White LS Floral Collared Top / Size S,10005258,,unknown,,,,1,0,0
White LS Seethrough Buttonup / Size S,10006969,,unknown,,,,1,0,0
White LS Top Size M/L,10007829,,,,,,1,0,85.5
White Mark Orange Multi Color Sheer Top / Size XXL,10005625,,White Mark,,,,1,0,0
White Mountain Slip on Sandals Gold/Size 9,10007065,,White Mountain,,,,0,0,0
White Multi-Color Sweater/ Size XL,10004240,,Aldomartins,,,,1,0,0
White Multicolor Embroidered Top / Size M,10006565,,unknown,,,,0,0,0
White Over Shoulder Top S,10009137,,,,,,1,0,3.25
White R Floral Lingerie Bodysuit / Size S,10009523,,unknown,,,,1,0,5.5
White Ruffle Skirt / Size XS,10006958,,unknown,,,,1,0,0
White SL Ruffle Neck Top / Size M,10006965,,unknown,,,,0,0,0
White Sheer LS Crop Top Rucched / Size L,10008776,,unknown,,,,1,0,5.5
White Sleeveless Top S,10009142,,,,,,0,0,0
White Spaghetti Strap Camisole M,10009170,,,,,,1,0,3.25
White Stag Black Sleeveless Top L,10008704,,,,,,1,0,4.5
White Stag Lace Blouse/Multicolor/Size M,10005028,,White Stag,,,,1,0,0
White Stag VINTAGE Blue Flower SL / Size M,10004304,,White Stag,,,,1,0,0
White Tee Kiss,10001101,,American Apparel,,,,1,0,0
White Tulle Slip/Size L,10003926,,unknown,,,,1,0,0
White Woven Purse,10007905,,unknown,,,,1,0,0
WhiteLaceSkort/SizeS/M,10006922,,unknown,,,,0,0,0
WhiteLaceTankTop/SizeM/L,10006863,,unknown,,,,1,0,0
WhiteSequinCutOutTop/SizeM,10008582,,unknown,,,,1,0,8
Whitehouse Blue Blouse/ Size M,10004358,,White House Black Market,,,,1,0,0
Who What Wear Black Lace S,10008819,,,,,,1,0,4.75
Wht Slip/Size L,10003919,,unknown,,,,1,0,0
Wide Leg Cropped Jean/Size 10,10004443,,Banana Republic,,,,0,0,0
Wild Fable Dress Purple Peach/Size M,10006808,,Wild Fable,,,,1,0,0
Wild Fable Green/Purple Dress M,10009019,,,,,,0,0,0
Wild Fable Jean Colorful Skirt / Size 4,10007908,,Wild Fable,,,,0,0,0
Wild Fable Orange Crop Top/ Size XS,10006315,,Wild Fable,,,,0,0,0
Wild Fable Red Orange Crop Top / Size S,10006585,,Wild Fable,,,,0,0,0
Wild Fable White Dress Size S,10007562,,,,,,0,0,0
Wild Fable/PinkFlowerSkirt/Size12,10008553,,Wild Fable,,,,1,0,0
Wild Honey Black Pleather Crop Top / Size M,10005255,,Wild Honey,,,,0,0,0
WildFable/OrangeHalterTop/SizeXS,10008323,,Wild Fable,,,,0,0,0
WildH/BlkLaceBdySuit/SizeL,10004662,,Wild Honey,,,,0,0,0
WildHoney/Grey Multi-Color Sweater/Size M,10004284,,Wild Honey,,,,1,0,0
Willi Smith Black SL Dress White Design / Size 8,10007109,,Willi Smith,,,,1,0,0
Willi Smith Chunky Lace Skirt/Size S,10003716,,Willi Smith,,,,0,0,0
Willow & Clay Black LS Floral Zip Up / Size M,10007783,,Willow X Clay,,,,1,0,0
Willow & Root Green Floral Top S,10008716,,,,,,1,0,7.5
Willow&Wind/GreyMulticolSweater/SizeM,10004946,,Willow X Wind,,,,2,0,0
WillowxClay/Navy&RedCover/SizeS,10006139,,Willow X Clay,,,,1,0,0
Windsor Black Skirt Rhinestone/Size S,10007132,,Windsor,,,,1,0,0
Windsor Dress Copper Size S,10006494,,Windsor,,,,1,0,0
Windsor Green Crop Top / Size M,10004780,,Windsor,,,,0,0,0
Windsor/BlackGemTop/SizeM,10006401,,Windsor,,,,1,0,0
Windsor/BlkFloralSkirt/Size4,10004915,,Windsor,,,,1,0,0
WindsorSkirt_Li,10000321,,Windsor,,,,1,0,0
Wire Jean Co Borgata Pants Tan,10003446,,Wire Jean Co,,,,1,0,0
Wire Metal Purse,10006503,,unknown,,,,0,0,0
Wire Purse,10006253,,unknown,,,,0,0,0
Wishful Park Pink Camisole S,10008234,,,,,,1,0,4.99
Wishlist Brown SL Top / Size S,10008185,,Wishlist,,,,1,0,6
Wishlist Grey Sleeveless Blouse S,10008274,,,,,,0,0,0
WishlistJeans/Purpshorts/SizeM,10008321,,Wishlist Jeans,,,,1,0,0
Wisteria Lane NWT Pants Black Size M,10005680,,,,,,1,0,0
Wit X WisdomPants,10004024,,Wit X Wisdom,,,,0,0,0
Wit and Wisdom Jeans Black/Size 16,10007002,,Wit X Wisdom,,,,1,0,0
WitcheryLS Top_Xh,10002568,,Witchery,,,,1,0,0
Woman Within Red & White Plaid SS / Size XXL,10004727,,Woman Within,,,,0,0,0
Women's Kimchi & Blue Skirt 4,10009233,,,,,,1,0,5.45
Wonder Maid Pale Pink Intimates / Size S,10003941,,Wonder Maid,,,,1,0,0
Wood Flower Earrings,10003996,,,,,,0,0,0
World Market Pink Pants/ Size S/M,10006820,,World Market,,,,1,0,0
Worth/BlkGoldVelvetPantsuit/Size10,10009529,,Worth,,,,1,0,8
Worthington Bright Orange SL Top / Size XL,10007926,,Worthington,,,,1,0,0
Worthington Gray Satin Top / Size L,10005656,,Worthington,,,,1,0,0
Worthington Gray Shiny SL Top / Size S,10009587,,Worthington,,,,1,0,3.99
Worthington Red Blouse/ Size XL,10006817,,Worthington,,,,1,0,0
Worthington White Sleeveless Top L,10008515,,,,,,1,0,13.15
Woven Heart Shawl Black and Floral/Size OS,10004429,,unknown,,,,0,0,0
WovenBowBasketBag,10006347,,unknown,,,,0,0,0
Wrangler blue checkered jean shorts size 16,10006619,,,,,,1,0,0
Wrangler/JeanFlowerShorts/Size4,10006790,,Wrangler,,,,0,0,0
Wrap Around Tan Skirt/Size M,10003717,,unknown,,,,0,0,0
WrapSkirtMultiwaytowear/SizeM,10008567,,unknown,,,,1,0,8
Wrapper/YllwbowBlouse/SizeL,10006094,,Wrapper,,,,1,0,0
Wu-TangTee Shirt_La,10001098,,Wu-Tang,,,,0,0,0
X2 Jean Skirt / Size 6,10007907,,X2,,,,0,0,0
XCVI Green SL Top / Size XS,10008024,,XCVI,,,,0,0,0
XOXO Black Off Shoulder LS w Grommets / Size M,10005261,,XOXO,,,,0,0,0
XXZ Black Red Dot SL Dress / Size S,10007772,,XXZ,,,,0,0,0
Xhilaration Mint Green Lace Skirt / Size XS,10007789,,Xhilaration,,,,1,0,0
Xhilaration White Dress M,10008275,,,,,,1,0,8
Xhilerations Jacket Black Size M,10003502,,Xhilaration,,,,1,0,0
Xiaoguozi Floral Dress/ Size M,10006813,,Xiaoguozi,,,,1,0,0
Xscape Black Tank Top S,10008890,,,,,,0,0,0
Xsetmar/BlkNewsboyHat,10007412,,XSetmar,,,,1,0,0
XtraOrd/GreenHalterTop/SizeM,10008350,,Xtraordinary,,,,0,0,0
Y2K Iridescent Sequin Tank Top S,10009383,,,,,,1,0,52.27
Y2K Multi-Color Sequin Crop Top L,10008807,,,,,,1,0,5
Y2K Peacock Print Maxi Dress XL,10009480,,,,,,1,0,5
Y2K Red Mesh Lace Babydoll Top L,10008670,,,,,,0,0,0
Y2K Red/Back Lace Corset S,10008923,,,,,,1,0,7.99
YFB White Satin Tank / Size L,10005962,,YFB,,,,1,0,0
Ya LA Cardigan Sweater Brown Size L,10006501,,,,,,0,0,0
YaYa/FloralBlouse/S,10005300,,Ya Ya X Co,,,,0,0,0
Yacun Brown Plaid Vest / Size 2XL,10008194,,Yacun,,,,1,0,6
Yang Pao Pao Black Pants w Birds / Size M,10005528,,Yang Pao Pao,,,,0,0,0
Yasibeina Gold Cinderella Heels 9,10009224,,,,,,1,0,12.95
Yasuko/RedWhiPattShirt/SizeS/M,10008359,,Yasuko,,,,1,0,0
Yee Haw Baseball Hat,10007085,,Yee Haw,,,,1,0,0
Yellow Chic Vintage T Shirt Size L,10007152,,,,,,22,0,352
Yellow Chic Vintage T Shirt Size M,10007151,,,,,,25,0,400
Yellow Chic Vintage T Shirt Size S,10007150,,,,,,23,0,368
Yellow Chic Vintage T Shirt Size XL,10007153,,,,,,24,0,384
Yellow Chic Vintage T Shirt Size XS,10007149,,,,,,25,0,400
Yellow Floral Halter Top / Size XS,10008200,,unknown,,,,1,0,6
Yellow Floral Sleeveless Tank XL+,10008488,,,,,,1,0,6.3
Yellow Floral Suede SL Dress / Size XXL,10007299,,unknown,,,,0,0,0
Yellow Gold Sequin Shorts / Size S,10009598,,unknown,,,,1,0,2.75
Yellow Velour Top S,10009158,,,,,,1,0,2.25
YellowFlowerCropTop/SizeS/M,10008363,,unknown,,,,1,0,0
YellowStone/YellowstoneTshirt/SizeL,10005772,,YellowStone,,,,1,0,0
Your 6th Senses Pink SL Dress / Size L,10007218,,Your 6th Sense,,,,1,0,0
YueBrwnBeadedStrplssTop/SizeL,10008953,,Yue London,,,,1,0,8
Z Supply NWT Black Tank / Size L,10005500,,Z Supply NWT,,,,1,0,0
ZION Gry Marley Tee/Size XS,10004123,,zion rootswear,,,,0,0,0
Zac & Rachel Green Pants 12,10008948,,,,,,1,0,5.99
Zac & Rachel Green Purple SL Tank / Size S,10005603,,Zac X Rachel,,,,1,0,0
Zac & Rachel Pants Light Blue Size 12 NWT,10005677,,,,,,1,0,0
Zac&Rachel Rose Pant/Size 22,10004022,,Zac X Rachel,,,,1,0,0
Zac&Rachel/ Ruffle Blouse/ Pink/ Size L,10005063,,Zac X Rachel,,,,1,0,0
ZacXRachel/GreenLaceTop/Size2X,10005288,,Zac X Rachel,,,,0,0,0
Zara Basic Cream Off Shoulder Top / Size XS,10006968,,Zara Basic,,,,0,0,0
Zara Basic White Top Size XS,10007201,,,,,,0,0,0
Zara Beige Sequin Halter Top M,10008629,,,,,,1,0,5.75
Zara Black Blazer Dress / Size S,10009285,,Zara,,,,1,0,12
Zara Black LS Cold Shoulder Top / Size M,10005923,,Zara,,,,1,0,0
Zara Black Longsleeve White Flws Dress / Size XL,10004621,,Zara,,,,1,0,0
Zara Black Off Shoulder Ruffle Top / Size XS,10007927,,Zara,,,,1,0,0
Zara Black SS Top/Size L,10005248,,Zara,,,,1,0,0
Zara Blk Bodysuit/Size S,10007327,,Zara,,,,1,0,0
Zara Blue Flats/Size 11,10007092,,Zara,,,,0,0,0
Zara Blush Sheer LS/ Size M,10004725,,Zara,,,,1,0,0
Zara Camel Cami/Size S,10003927,,unknown,,,,1,0,0
Zara Cardigan Brown Size M,10003486,,Zara,,,,1,0,0
Zara Copper Zipper Jacket / Size L,10004090,,Zara Woman,,,,1,0,0
Zara Cordaroy Pants White Size 2,10003507,,Zara,,,,1,0,0
Zara Cream Knit Crop Top S,10009222,,,,,,1,0,5.45
Zara Cream SL Bodysuit / Size S,10005100,,Zara,,,,0,0,0
Zara GoldChain Loafer/Size 6.5,10004106,,Zara Basic,,,,1,0,0
Zara Green Dress Size S,10008227,,,,,,0,0,0
Zara Green Longsleeve Dress NWT / Size XS,10004637,,Zara NWT,,,,0,0,0
Zara Green Multicolor LS Dress / Size XS,10007111,,Zara,,,,1,0,0
Zara Green Sweater Size S,10005836,,Zara,,,,1,0,0
Zara Hot Pink LS Crop Top / Size M,10005014,,Zara,,,,1,0,0
Zara Hot Pink Satin Top / Size M,10006999,,Zara,,,,1,0,0
Zara Hot Pink Sweater / Size S,10005883,,Zara,,,,0,0,0
Zara Light Blue Dress Size XS,10007241,,,,,,0,0,0
Zara Lt Blue Off-Shoulder Top M,10008934,,,,,,1,0,4.75
Zara Multicolor Skirt M,10007847,,,,,,0,0,0
Zara Muted Brown Collared Shirt / Size L,10006527,,Zara,,,,0,0,0
Zara NWT Black SL Dress / Size M,10007465,,Zara NWT,,,,0,0,0
Zara NWT Black SL Top Fabric Swirl / Size S,10007296,,Zara NWT,,,,1,0,0
Zara NWT Black Waterproof Miniskirt / Size M,10005304,,Zara NWT,,,,1,0,0
Zara NWT Jean SS Top / Size L,10005973,,Zara NWT,,,,1,0,0
Zara Oange LS Dress / Size S,10009284,,Zara,,,,1,0,12
Zara Pale Pink SL Dress / Size S,10007790,,Zara,,,,1,0,0
Zara Pink & White SL Dress / Size S,10007911,,Zara,,,,0,0,0
Zara Pink Corsett Bodysuit M,10008920,,,,,,1,0,5.5
Zara Pink Crop Top Size XS,10008865,,,,,,1,0,4
Zara Pink Floral Crop Top M,10009273,,,,,,1,0,5.45
Zara Pink Tweed Jacket S,10009252,,,,,,1,0,8.75
Zara Red Blue Sequin Skirt / Size L,10005718,,Zara Basic,,,,1,0,0
Zara Red Vest Dress / Size S,10009286,,Zara,,,,1,0,12
Zara Sage Green Dress / Size S,10004640,,Zara,,,,0,0,0
Zara Sage Green Wrap Sweater / Size M,10005981,,Zara,,,,1,0,0
Zara Sleeveless Bodysuit/ Blk & Blue Size M,10007028,,Zara,,,,0,0,0
Zara Sleeveless Top Size XL,10009405,,,,,,1,0,15.35
Zara Tr Black Plaid ShortSleeve / Size S,10003788,,Zara Trafaluc,,,,0,0,0
Zara Trafaluct Red Skirt S,10008426,,,,,,1,0,6.25
Zara White Black Stripe Crop Top / Size M,10005868,,Zara,,,,0,0,0
Zara White Blouse Size L,10006951,,,,,,1,0,0
Zara White Bodysuit / Size M,10005934,,Zara,,,,0,0,0
Zara White Collared SS Dress / Size S,10006980,,Zara,,,,0,0,0
Zara White Denim Jacket M,10007611,,,,,,1,0,0
Zara White Dress / Size L,10004573,,Zara,,,,0,0,0
Zara White LS Blouse Size S,10007167,,,,,,1,0,0
Zara White LS Lace Top / Size M,10007781,,Zara,,,,0,0,0
Zara White Pink Sheer LS / Size M,10006306,,Zara,,,,1,0,0
Zara White SL Crop Top / Size XS,10006961,,Zara,,,,0,0,0
Zara White V Neck Top/SizeS,10005227,,Zara,,,,1,0,0
Zara Woman Blue & White Stripped Top/Size M,10005378,,Zara,,,,1,0,0
Zara/ Baby Tee/ Maroon/ Size M,10005060,,Zara,,,,0,0,0
Zara/ Ruche Crop/ Cream/ Size XS,10005087,,Zara,,,,0,0,0
Zara/ SqrNck Crop/ Camel/ Size L,10005141,,Zara,,,,0,0,0
Zara/ Tie Top/ Blk/ Size XS,10005161,,Zara,,,,0,0,0
Zara/ Wrap Dress/ Pnk/ Size L,10005441,,Zara,,,,1,0,0
Zara/BlackLaceLongsleeve/SizeL,10007395,,Zara,,,,1,0,0
Zara/BlackSilkShort/SizeS,10007887,,Zara,,,,1,0,0
Zara/FloralWhiMeshTop/SizeM,10007737,,Zara Basic,,,,1,0,0
Zara/GreenPatternTankTop/SizeL,10006398,,Zara,,,,1,0,0
Zara/GrnPurpTop/SizeS,10006018,,Zara,,,,1,0,0
Zara/OrangeLongSl/SizeL,10006053,,Zara,,,,1,0,0
Zara/Pink&WhDress/SizeM,10004383,,Zara,,,,0,0,0
Zara/PinkSweater/SizeM,10004374,,Zara,,,,0,0,0
Zara/WhiWomanShirt/SizeS,10006360,,Zara,,,,0,0,0
Zara/WhiteDress/SizeS,10006931,,Zara,,,,1,0,0
Zara/YllwFloralCutoutDress/SizeM,10007400,,Zara NWT,,,,0,0,0
Zara/pink&BlTop/SizeM,10005285,,Zara,,,,0,0,0
ZaraButton Down_Ra,10002695,,Zara,,,,1,0,0
ZaraLS Top_Ko,10000889,,Zara,,,,1,0,0
ZaraSweater_Cu,10000062,,Zara,,,,0,0,0
ZaraSweater_Fo,10002473,,Zara,,,,1,0,0
ZaraTraf/Red&BlkBlouse/SizeS,10004366,,Zara Trafaluc,,,,1,0,0
Zen Danskin Top/Pant Set S,10008237,,,,,,0,0,0
Zenana Pink SL Top / Size M,10008201,,Zenana,,,,1,0,6
Zesica NWT white dress/L,10006846,,Zesica,,,,0,0,0
Zesica Pink/White Ribbed T-Shirt,10009231,,,,,,1,0,4.35
Ziani C Black LS Pink Stripe / Size M,10004734,,Ziani Couture,,,,1,0,0
Zimmerman Green Dress LCG 10,10009406,,,,,,1,0,300
ZoeLiv/USAtiedyeTop/SizeL,10005335,,Zoe X Liv,,,,1,0,0
a new day plaid tank/s,10009085,,A New Day,,,,1,0,8.99
abercrombie and fitch black croptop/L,10006431,,Abercrombie X Fitch,,,,0,0,0
about a girl teal floral tanktop/m,10008382,,About a girl,,,,1,0,8.99
acommonthread/bls/ptrn/m,10004878,,a common thread,,,,1,0,0
alfani/tank/prp/pm,10005425,,Alfani,,,,1,0,0
alfred dunner green knit blouse/L,10006433,,Alfred Dunner,,,,0,0,0
allie&rob/swtr/tan/1x,10005805,,allie & rob,,,,1,0,0
allsaints/bls/blk/s,10005487,,Allsaints Spitalfields,,,,0,0,0
alpine/pant/prp/m,10003623,,alpine,,,,0,0,0
altar'd state/pant/grey flr/s,10003608,,Altarxd State,,,,1,0,0
altard state floral skort /M,10008152,,Altarxd State,,,,0,0,0
altard state fuzzy croped sweater vest/M,10008138,,Altarxd State,,,,1,0,8
altard state/pant/blk/s,10003659,,Altarxd State,,,,1,0,0
amo floral blouse/xs,10006426,,AMO,,,,0,0,0
and Andrea Off White Top/Real Size XXL,10005369,,and Andrea,,,,0,0,0
angels/jean/brw/18w,10003625,,angels,,,,1,0,0
ann taylor white floral skirt/6,10008377,,Ann Taylor,,,,1,0,10.99
ann taylor/blouse/creme/m,10005804,,Ann Taylor,,,,1,0,0
ann taylor/pant/green/4,10003615,,Ann Taylor,,,,1,0,0
ann taylor/swetter/blu grn/s,10004675,,Ann Taylor,,,,1,0,0
anthropologie/skrt/flr/2p,10004886,,Anthropologie,,,,0,0,0
anthropologie/tank/blu/m,10005344,,Anthropologie,,,,1,0,0
anthropologie/tank/red/2,10006069,,Anthropologie,,,,1,0,0
arden b/swtr/grn/m,10004692,,Arden B,,,,0,0,0
athleta/sweatshirt/prp/sp,10003730,,Athleta,,,,1,0,0
ava&viv/jkt/plad/2x,10004951,,Ava & Viv,,,,1,0,0
axcess/skrt/blk lace/10,10004891,,Axcess,,,,1,0,0
banana republic velvet tanktop/s,10008115,,Banana Republic,,,,0,0,0
banana republic/jumper/blk/2p,10003621,,Banana Republic,,,,0,0,0
banana republic/skt/blk/12,10005385,,Banana Republic,,,,1,0,0
band of gypsies/tank/blk flw/s,10005363,,band of gypsies,,,,1,0,0
bandolino/skrt/flr/12p,10004903,,Bandolino,,,,1,0,0
beige layered skirt/L,10007801,,Judith March,,,,0,0,0
beige ribbed tanktop/large/xl,10006186,,aura,,,,0,0,0
beige tanktop/medium,10006224,,Prana,,,,1,0,0
bellesky/bls/flr/xl,10004884,,belle sky,,,,1,0,0
betseys boutique shop/bls/grn flw/m,10004949,,betsey boutique shop,,,,1,0,0
billa bong/bls/pnk/sp,10005476,,Billabong,,,,0,0,0
bis Charles Jourdan Heels,10003218,,Charles Jourdan,,,,0,0,0
bisou bisou/dress/blk/6,10005427,,Bisou Bisou,,,,1,0,0
bisuo/MulticolHalter/SizeS,10005414,,Bisou Bisou,,,,1,0,0
black adnw hite ribbed tee/medium,10006222,,Charlotte Russe,,,,1,0,0
black and navy dressy blouse/xs,10006235,,White House Black Market,,,,1,0,0
black and tan design blouse/14,10007807,,Coldwater Creek,,,,0,0,0
black and white floral tank/medium,10006211,,White House Black Market,,,,1,0,0
black and white floral tank/xs,10006217,,WHBM,,,,1,0,0
black and white plaid tanktop/4,10006239,,White House Black Market,,,,1,0,0
black and white strip body suit/small,10006215,,Prime Cut,,,,1,0,0
black and white strip pant/XL,10007810,,LA Gypsy,,,,0,0,0
black and white stripe off the shoulder/12,10006214,,Karen Millen,,,,1,0,0
black knit dress/medium,10006193,,Desigual,,,,1,0,0
black lace dress/M,10007811,,Step In Style,,,,1,0,0
black lace skirt/4,10007800,,White House Black Market,,,,0,0,0
black long jacket,10006231,,Desigual,,,,0,0,0
black ribbed blouse/xs,10006208,,Clockhouse,,,,0,0,0
black ribbed tanktop/xxs,10006232,,JCrew,,,,0,0,0
black sequin skirt/3,10006204,,love on a hanger,,,,1,0,0
black short sleeve dress blouse/large,10006221,,Belle,,,,0,0,0
black silver lined dress/L,10007806,,WHY,,,,1,0,0
black tag/jean/blk/32x32,10003627,,black tag,,,,1,0,0
black tank with shoulder ruffles/small,10006212,,Ann Taylor,,,,0,0,0
black tanktop/small,10006210,,Allison Joy,,,,1,0,0
black with floral design tanktop/medium,10006207,,unknown,,,,0,0,0
black wool hat,10009060,,unknown,,,,1,0,10.99
blue and white long sleeve croptop/medium,10006187,,Shade Shore,,,,0,0,0
blue blush/blouse/floral/m,10003738,,blue blush,,,,0,0,0
blue offthe shoulder blouse/m,10006168,,Timing,,,,1,0,0
blue patterned dress/medium,10006185,,Desigual,,,,0,0,0
blue patterned dress/xxl,10006180,,Desigual NWT,,,,1,0,0
blue rain pink dress/L,10006651,,Blue Rain NWT,,,,1,0,0
boden/bls/pnk/18,10006059,,Boden,,,,1,0,0
boden/swtr/pnk/L,10004702,,Boden,,,,1,0,0
boden/tank/blk/2,10005346,,Boden,,,,1,0,0
boohoo/dress/pink/10,10003662,,Boohoo,,,,0,0,0
bottlecap jelly black belt,10006626,,unknown,,,,0,0,0
brandolino floral jacket/10p,10006435,,Brandolino,,,,0,0,0
brown leather corral cowboy boot/8-8.5,10006668,,Pecos Bill,,,,0,0,0
by JJ Gray Cardigan / Size XL,10005894,,by JJ,,,,1,0,0
calvin klein/swtr/blk/L,10004705,,Calvin Klein,,,,1,0,0
cato/boot/animal print/6,10003622,,Cato,,,,1,0,0
central falls teal and white skirt/8,10008134,,central falls,,,,1,0,14
chaps/skirt/blk/10,10003675,,chaps,,,,1,0,0
charlotte russe/tank/grn/xs,10005382,,Charlotte Russe,,,,0,0,0
charlotterusse/tank/whtshear/m,10006082,,Charlotte Russe,,,,1,0,0
cheeta print faux fur hat,10009062,,unknown,,,,1,0,10.99
cheeta print fur hat,10009061,,unknown,,,,1,0,10.99
chicos/swt/drk blu/2,10004719,,Chicos,,,,1,0,0
chicos/swtr/blu/3,10004717,,Chicos,,,,1,0,0
chicos/swtr/neutral/one size,10005806,,Chicos,,,,1,0,0
christian siriano/swtr/red/s,10004693,,christian siriano,,,,0,0,0
cloth & stone white linen dress shirt/L,10006855,,Cloth X Stone,,,,0,0,0
coach/bridget/blk,10003680,,Coach,,,,0,0,0
coco & jaimeson Orange Dress / Size S,10007776,,coco & jaimeson,,,,0,0,0
coldwater creek/bouse/floral/p12,10005816,,Coldwater Creek,,,,1,0,0
coldwater creek/pant/beige/14,10003614,,Coldwater Creek,,,,1,0,0
coldwatercreek/swtr/creme/1X,10004709,,Coldwater Creek,,,,1,0,0
coldwatercreek/swtr/gry/S,10005803,,Coldwater Creek,,,,1,0,0
collectif/tank/rd plad/3xl,10005355,,collectif,,,,0,0,0
colorful skirt/2,10007804,,Melly M,,,,1,0,0
columbia/sweatshirt/prp/m,10003737,,Columbia,,,,1,0,0
coral cropped blouse/small,10006226,,chloe's closet,,,,1,0,0
coutgo/shoes/blk/6.5,10005396,,coutgo,,,,0,0,0
cpck&cash/rvs bmb jkt/blk/m,10003735,,cupcakes&cashews,,,,0,0,0
crea multicolored skirt/36,10008135,,crea,,,,1,0,14
creme denim skirt/40,10006191,,stefanel,,,,1,0,0
croft & barrow/jacket/blk/L,10003660,,Croft X Barrow,,,,1,0,0
croftandbarrow/purse/multicolor,10005856,,Croft X Barrow,,,,0,0,0
cropped brown sweater/m,10006173,,Persaman,,,,0,0,0
cynthia rowley/pant/navy/6,10003631,,Cynthia Rowley,,,,0,0,0
dELia's Dress Blue Size XS,10007262,,,,,,0,0,0
dandy/skrt/pnk/6,10004904,,randim,,,,1,0,0
dark blue long sleeve blouse/L,10007805,,Coldwater Creek,,,,1,0,0
delicates/nght gwn/pink/s,10003672,,Delicates,,,,0,0,0
desigual black jacket/44,10006438,,Desigual,,,,1,0,0
desigual black moonstone margot mini purse,10006631,,Desigual NWT,,,,1,0,0
desigual black sweater jean jacket/46,10006440,,Desigual,,,,0,0,0
desigual black tanktop/xl,10006439,,Desigual,,,,1,0,0
desigual multicolor knit dress/m,10006434,,Desigual,,,,0,0,0
desigual pink leather jacket/42,10006441,,Desigual,,,,0,0,0
dialogue/skt/brw/12,10005386,,Dialogue,,,,0,0,0
divided/pant/cream/16,10003633,,Divided,,,,1,0,0
dordor fur vest/L,10008111,,Dor Dor,,,,1,0,0
dreamers/skrt/ylw/m,10004905,,Built by Dreamers,,,,0,0,0
eddie bauer/cardigan/beige/s,10004679,,Eddie Bauer,,,,1,0,0
eddiebauer/swtshrt/prp/m,10006063,,Eddie Bauer,,,,1,0,0
element/sweatshirt/blk/m,10003731,,element,,,,1,0,0
elevenses grey knit skirt/S,10008151,,Elevenses,,,,0,0,0
emory park white croped blouse/S,10006851,,Emory Park,,,,1,0,0
established 1962/blouse/prpl design/xl,10004671,,established 1962,,,,1,0,0
express grey tank/m,10009074,,Express,,,,1,0,8.99
express/blouse/prp floral/s,10003630,,Express,,,,1,0,0
express/jckt/dnm/s,10004882,,Express,,,,0,0,0
express/skirt/blk/6,10003742,,Express,,,,1,0,0
express/tank/grn/s,10006074,,Express,,,,0,0,0
eyeshadow creme lace vest/s,10008140,,Eyeshadow,,,,0,0,0
faith and joy tea blouse/L,10008384,,faith and joy,,,,1,0,10.99
fancy belt,10006241,,,,,,0,0,0
fatesweater_le,10000775,,fate,,,,0,0,0
fever/swtr/gry/XL,10004713,,Fever,,,,1,0,0
fiorlini/bls/red/m,10005394,,fiorlini,,,,1,0,0
floral maxi dress size large,10006645,,unknown,,,,0,0,0
floral pink tanktop/medium,10006195,,hippie rose,,,,1,0,0
floral skirt/ 10,10006190,,Loft,,,,1,0,0
free people floral cropped tank/s,10009084,,Free People,,,,1,0,10.99
free people/bls/ptrn/L,10004879,,Free People,,,,1,0,0
free people/swter/strip grn wht/s,10004680,,Free People,,,,1,0,0
freebird/boot/wht leather/7,10006058,,Freebird,,,,1,0,0
freepeople/bls/blk/sp,10006067,,Free People,,,,1,0,0
fruitoftheloom/tshrt/org/xl,10004880,,fruit of the loom,,,,1,0,0
gap pink girlfriend khaki pant/4,10007796,,GAP,,,,1,0,0
george/swtr/floral/XL,10004707,,George,,,,1,0,0
goodclothes Black Floral Skirt / Size XL,10008157,,goodclothes,,,,1,0,8
goodclothes/swtr/pnk/L,10005480,,goodclothes,,,,0,0,0
grace pink skirt/6,10006669,,Grace,,,,1,0,0
green texture design tanktop/medium,10006205,,Paper Crane,,,,0,0,0
green with white flowers blouse/small,10006206,,sadie & sage,,,,0,0,0
grey and pink blouse/xs,10006216,,Banana Republic,,,,1,0,0
grey tennessee vols tshirt/medium,10006228,,champion,,,,0,0,0
guess leather belt with metal studs,10006634,,guess,,,,0,0,0
guess/tank/blu/m,10005345,,guess,,,,1,0,0
guess/tank/pnk/sp,10006073,,guess,,,,1,0,0
guessTee Shirt_Gue,10004027,,guess,,,,0,0,0
h&m orange cropped tank/m,10009075,,H&M,,,,1,0,5.99
halter white floral blouse/S,10008147,,unknown,,,,0,23.99,0
harley davidson/shirt/beige/xl,10003729,,Harley Davidson,,,,0,0,0
hers & mine/bls/blk/s,10005352,,hers & mine,,,,0,0,0
house of harlow multi color maxi dress/S,10006649,,House of Harlow 1960,,,,0,0,0
hrlydvdsn/boot/bwn lthr/7,10006056,,Harley Davidson,,,,0,0,0
indigo rising red tank/s,10009081,,Indigo Rising,,,,0,0,0
innocence/tank/blk/10,10006084,,Innocence,,,,1,0,0
ivanka trump/swtr/pnk/m,10004694,,Ivanka Trump,,,,1,0,0
izbyer/bls/flr/s,10004892,,izbyer,,,,1,0,0
j crew/button down/navy strip/slim,10003664,,J Crew,,,,0,0,0
jcrew/vest/pnk/xxs,10005347,,JCrew,,,,1,0,0
jeanne pierre/swtr/wht/s,10005426,,jeanne pierre,,,,1,0,0
karen kane/swtr/floral/1X,10004710,,Karen Kane,,,,1,0,0
kimchi blue red lace tank/M-L,10008141,,Kimchi Blue,,,,1,0,8
kimchi blue white blouse/m,10008380,,Kimchi Blue,,,,0,0,0
kimrogers/bls/flr/ps,10004888,,Kim Rogers,,,,0,0,0
kittenish/bodysuit/blk/s,10006076,,Kittenish,,,,1,0,0
knit pink blouse/small,10006225,,heart n crush,,,,1,0,0
knit pink see through tank/medium,10006194,,Body Central,,,,1,0,0
kora konig/tank/s,10005361,,kora konig,,,,1,0,0
krush/drsshrt/ombre/m,10006081,,krush,,,,1,0,0
lands end/drs shrt/prp dsgn/16,10005354,,Lands End,,,,1,0,0
lands end/pnts/red/12p,10005353,,Lands End,,,,1,0,0
laura scott/swtr/beige/XL,10004708,,Laura Scott,,,,1,0,0
leather metal studded belt,10006625,,unknown,,,,0,0,0
leith/bls/blu flws/s,10005351,,Leith,,,,1,0,0
levis/jean/navy strips/4-6,10003618,,levixs,,,,1,0,0
levixsJeans_Me,10002171,,levixs,,,,1,0,0
lilisidonio/bls/red/xs,10005399,,lili sidonio,,,,0,0,0
lillypulitzer/bls/pnk/xl,10006079,,Lilly Pulitzer,,,,0,0,0
liverpool/pant/beige/6,10003612,,Liverpool,,,,1,0,0
liz claiborne/blouse/floral/pxl,10003725,,Liz Claiborne,,,,1,0,0
lizwear/bls/prp/xl,10005384,,Liz Claiborne,,,,1,0,0
loft orange tank/xl,10009073,,Loft,,,,1,0,10.99
loft/swter/prp/M,10005801,,Loft,,,,1,0,0
loft/swtr/grn/L,10005807,,Loft,,,,1,0,0
loft/tank/red/m,10005395,,Loft,,,,0,0,0
london times/dress/pink/4,10003668,,london times,,,,1,0,0
long sleeve black top/m,10009076,,unknown,,,,1,0,10.99
long sleeve pink striped dress shirt/small,10006184,,unknown,,,,0,0,0
longsleeve purple blouse/14,10007809,,Coldwater Creek,,,,1,0,0
longsleeve silk teal blouse/xs,10006237,,Banana Republic,,,,1,0,0
lovetreedenim/top/dnm/s,10004894,,Love Tree,,,,0,0,0
lucky brand/swter/gry/s,10004677,,Lucky Brand,,,,1,0,0
lucky brand/tank/blue/s,10003610,,Lucky Brand,,,,0,0,0
lulus/crptop/blk/s,10006083,,Lulus,,,,1,0,0
mable creme blouse/s,10009082,,Mable,,,,0,0,0
macaramewovenhandbag/creme/neverused/2pieces,10006065,,unknown,,,,0,0,0
macaron/dressshrt/denim grn/S,10005817,,macaron,,,,0,0,0
maeve black lace skirt/2,10008148,,Maeve,,,,0,0,0
maison jules/jkt/blk/s,10003679,,maison jules,,,,1,0,0
maria jose navarro/blouse/blk/s,10003666,,Maria Jose Navarro,,,,0,0,0
marled green knit blouse/s,10008146,,Marled,,,,1,0,8
massimo fabbro/pant/plad/4,10003661,,massimo fabbro,,,,0,0,0
maurices/tshrt/gry/xl,10005391,,Maurices,,,,1,0,0
max studio black and white blouse/s,10009071,,Max Studio,,,,1,0,10.99
max studio pink tanktop/s,10006834,,Max Studio,,,,1,0,0
michael kors blue textured short dress size 6,10006646,,Michael Kors,,,,0,0,0
michael kors/blouse/prp/4,10003629,,Michael Kors,,,,1,0,0
mimi chica floral tanktop/m,10008379,,Mimi Chica,,,,0,0,0
mint julep yellow floral maxi dress/ 3x,10006647,,mint julep,,,,1,0,0
miss me long jean skirt/31,10008144,,Miss Me,,,,0,0,0
missguided/blouse/blk/8,10003678,,Missguided,,,,1,0,0
moa moa pink lace corset top/XL,10008150,,Moa Moa,,,,1,0,8
monteau black sleeveless blouse/L,10008136,,Monteau,,,,1,0,8
mudd leather belt size s/m,10006627,,Mudd,,,,0,0,0
mudd/swtr/blk/XL,10004706,,Mudd,,,,1,0,0
multi colored shortsleeve blouse/m,10008129,,unknown,,,,0,0,0
multicolored dress/46,10006176,,Desigual,,,,1,0,0
naked zebra navy blouse/s,10007356,,naked zebra,,,,0,0,0
nanette lepore colorful skirt/10,10008116,,Nanette Lepore,,,,0,0,0
nanette lepore knit skirt/M,10008118,,Nanette Lepore,,,,0,0,0
nanette lepore/pant/plad/m,10003626,,Nanette Lepore,,,,1,0,0
navy skirt with flowers/8,10006182,,Persaman,,,,0,0,0
new directions/swtr/pnk/L,10004704,,New Directions,,,,1,0,0
nicola/bls/prp spkls/s,10005341,,Nicola,,,,1,0,0
nine west short brown leather boots,10006628,,Nine West,,,,1,0,0
ninewest/tank/red/xl,10005398,,Nine West,,,,1,0,0
nocona/belt/fur,10004689,,nocona,,,,0,0,0
nocona/belt/leather/graphic,10004687,,nocona,,,,0,0,0
notations/tank/blk wht/xl,10005390,,Notations,,,,1,0,0
olivaceous/GrnCamotieShirt/SizeS,10006054,,olivaceous,,,,0,0,0
omniwick/crew/blk/m,10003732,,omniwick,,,,1,0,0
one pink sleeveless blouse/L,10008131,,ONE,,,,1,0,12
one step up red lace night gown/L,10008149,,one step up,,,,0,9.57837,0
one step/tank/teal/46,10004877,,One Step,,,,0,0,0
one world black and white blouse/L,10009069,,One World,,,,1,0,7.99
only pink lace blouse/xs,10008404,,For Your Ease Only Inc,,,,1,0,5.99
ophelia roe/pant/bwn/14,10003670,,ophelia roe,,,,1,0,0
orange tennessee vols tshirt/medium,10006236,,Russel,,,,0,0,0
orsay white tanktop/M,10006854,,orsay,,,,1,0,0
orvis/buttondown/plad/xs,10003663,,Orvis,,,,1,0,0
papaya/sweater/wht/m,10003733,,papaya,,,,0,0,0
patagonia/drs sht/prp plad/6,10005343,,patagonia,,,,1,0,0
perceptions/swtr/blk/1X,10004716,,Perceptions,,,,1,0,0
persaman beige jacket/m,10006428,,Persaman,,,,0,0,0
persaman/purse/red leather,10006064,,Persaman,,,,1,0,0
philosophy/bls/pnk/s,10005381,,Philosophy,,,,1,0,0
pink clover/swtr/beige/L,10005809,,pink clover,,,,1,0,0
pink leather boots/7,10008365,,unknown,,,,0,0,0
pink oasis tanktop size large,10006630,,Oasis,,,,0,0,0
pink rose/ swter/pnk/s,10004678,,Pink Rose,,,,1,0,0
pink shear blouse/large,10006230,,The Limited,,,,1,0,0
pink snakeskin jegging/0,10007803,,Urban Outfitters,,,,0,0,0
pink tanktop/medium,10006238,,Adrienne Vittadin,,,,0,0,0
pink/sweatshirt/burgundy/xs,10003727,,Pink,,,,0,0,0
pistola/pant/red/25,10003658,,Pistola,,,,0,0,0
polo/pullover/grey/m,10003681,,Polo by Ralph Lauren,,,,0,0,0
princess polly/tank/beige/s,10005383,,Princess Polly,,,,1,0,0
princesspolly/crptop/wht/10,10006066,,Princess Polly,,,,1,0,0
rafaella/skirt/blk/10,10003741,,Rafaella,,,,1,0,0
red and black patterned dress/m,10006177,,Desigual,,,,1,0,0
red and white plaid dress shirt/small,10006199,,J Crew,,,,0,0,0
red skirt/2,10006178,,J Crew,,,,0,0,0
redbrownVelvetLaceTankTop/SizeS,10006881,,unknown,,,,0,0,0
reiss/tank/pnk/m,10006075,,reiss,,,,0,0,0
reversible sundress/XXL,10006654,,unknown,,,,1,0,0
reversible sundress/m,10007802,,unknown,,,,0,0,0
ribbed purple middle scrunk croptop/small,10006220,,Altarxd State,,,,0,0,0
romeo juliet/swtr/burgendy/XL,10004714,,Romeo X Juliet,,,,1,0,0
rosa cheri/bls/floral/s,10005818,,rosa cheri,,,,0,0,0
rue21/b tank/red/m,10005393,,Rue 21,,,,0,0,0
sadie&sage/bls/beige/m,10005488,,sadie & sage,,,,0,0,0
sag harbor/swtr/gry/XL,10004711,,Sag Harbor,,,,1,0,0
sag harbor/swtr/pnk/m,10004683,,Sag Harbor,,,,1,0,0
sagharbor/swtr/prp/1x,10005477,,Sag Harbor,,,,1,0,0
sequined shoulder blouse/xs,10006234,,BCBGMaxazria,,,,1,0,0
shear brown tanktop/L,10006835,,unknown,,,,1,0,0
shear red long sleeve blouse/medium,10006200,,unknown,,,,1,0,0
shear velvet black body suit/2x,10007798,,Jolie & Joy,,,,1,0,0
shein/skrt/blk/L,10004893,,Shein,,,,1,0,0
shinestar/pant/blk/1x,10003617,,shinestar,,,,1,0,0
signature white dress shirt/L,10006857,,Signature by Larry Levine,,,,0,0,0
silk black shortsleeve jacket/xl,10007814,,Whats Hot,,,,1,0,0
silk black tank/small,10006218,,Tahari,,,,0,0,0
silk purple body suit/xl,10006202,,Express,,,,1,0,0
silver and blue bracelet,10005800,,unknown,,,,0,0,0
silver skull clutch bag,10007759,,unknown,,,,0,0,0
sinequanone/drs shrt/red strip/s,10005392,,Sinequanone,,,,1,0,0
skies are blue/jumper/red/m,10005358,,Skies are Blue,,,,0,0,0
skirtin around pink chain skirt/10,10008133,,Skirtin Around,,,,1,0,16
smiley tshirt/medium,10006233,,newbury kustom,,,,0,0,0
sonoma/hat/blk,10005484,,Sonoma,,,,0,0,0
sparkly white tie top/small,10006189,,peppermayo,,,,1,0,0
spencer jeremy black and white blouse/m,10006430,,spencer jeremy,,,,1,0,0
st. johns bay/pant/brw/12,10003634,,st. johns bay,,,,1,0,0
staring at stars grey crop top size large,10006632,,staring at stars,,,,1,0,0
stjohnsbay/sht/rd strip/1x,10004950,,St Johns Bay,,,,0,0,0
strapless floral guess dress/ 6,10006424,,guess,,,,0,0,0
susan graver/vest/prp/L,10004673,,Susan Graver,,,,1,0,0
swing/corset/pnk/42,10005362,,Swing,,,,0,0,0
talbots/skrt/blk/16,10004873,,Talbot's,,,,1,0,0
talbots/sweater/multi purp/sp,10003616,,Talbots,,,,0,0,0
talbots/swtr/drk blu/XXL,10004718,,Talbots,,,,1,0,0
talbots/swtr/pnk/XL,10004715,,Talbot's,,,,1,0,0
talbots/swtrblk&wht/XL,10005802,,Talbots,,,,1,0,0
tan knit tanktop/s,10007808,,Bodin Kits,,,,0,0,0
tang zing rui/button down/brw//L,10003739,,tang zing rui,,,,1,0,0
tedbaker/shrt/blk/2,10006061,,Ted Baker,,,,1,0,0
tennessee vols tshirt/xl,10006227,,blue 84,,,,1,0,0
textured beige crop top/large,10006223,,j for justify,,,,1,0,0
textured white brallette top/small,10006219,,Zara,,,,0,0,0
theory/pant/blk/10,10003628,,Theory,,,,1,0,0
thirtythirty/tank/pnk/xs,10006062,,Thirty Thirty,,,,1,0,0
three yellow sleeveless blouse/xl,10008117,,three,,,,1,0,0
tie dye long cami/1X,10007812,,LIVE 4 TRUTH,,,,1,0,0
tiedye cropped tank/xxs,10006213,,Deletta,,,,1,0,0
toucan wool hat,10009063,,toucan,,,,1,0,10.99
trafaluc/pant/burgundy/m,10003624,,Zara Trafaluc,,,,1,0,0
true religion/bag/blk,10003671,,true religion,,,,1,0,0
tulip b/skt/dots/L,10005397,,Tulip B,,,,1,0,0
under armor/sweatsht/gry/lg,10004670,,Under Armor,,,,1,0,0
unknown.tank/floral/m,10006078,,unknown,,,,1,0,0
unknown/belt/bwn sprk,10004686,,unknown,,,,0,0,0
unknown/belt/dark leather,10005858,,unknown,,,,0,0,0
unknown/belt/leather,10005813,,unknown,,,,0,0,0
unknown/belt/multicolor leather,10005859,,unknown,,,,0,0,0
unknown/belt/pnk&brwn,10005811,,unknown,,,,0,0,0
unknown/belt/silver metal,10005860,,unknown,,,,0,0,0
unknown/bls/blk/m,10005348,,unknown,,,,0,0,0
unknown/bls/shearblk/m,10006072,,unknown,,,,1,0,0
unknown/bls/ylworg/s,10006068,,unknown,,,,1,0,0
unknown/dress shrt/navy/s,10006060,,unknown,,,,0,0,0
unknown/dress/org flw/m,10005380,,unknown,,,,0,0,0
unknown/hat/blk,10005482,,unknown,,,,1,0,0
unknown/hat/brgndy,10005481,,unknown,,,,0,0,0
unknown/skt set/teal org/ s,10005379,,unknown,,,,0,0,0
unknown/tank/beige/m,10005486,,unknown,,,,1,0,0
unknown/tank/blk/m,10006071,,unknown,,,,0,0,0
unknown/tank/floral/s,10005485,,unknown,,,,1,0,0
unknown/top/plad/xl,10004885,,unknown,,,,0,0,0
unknownDress_BC,10002024,,unknown,,,,1,0,0
unknownJacket_Si,10002561,,unknown,,,,1,0,0
unknownJacket_So,10002794,,unknown,,,,1,0,0
unknownLS Top,10000091,,unknown,,,,1,0,0
unknownLS Top_unn,10004044,,unknown,,,,1,0,0
unknownSkirt_12,10002004,,unknown,,,,1,0,0
unknownSweater_Ji,10002646,,unknown,,,,1,0,0
unknownSweater_Li,10000177,,unknown,,,,0,0,0
unknownSweatshirt_Ke,10001748,,unknown,,,,1,0,0
unknownTank Top_Ux,10004017,,unknown,,,,1,0,0
unknownThick Black Belt_Un,10003078,,unknown,,,,1,0,0
unknownTurquoise & Silver Necklace,10003230,,unknown,,,,0,0,0
unknowndress_To,10000765,,unknown,,,,1,0,0
unknownskirt_Ju,10000728,,unknown,,,,0,0,0
unkown/dress/red/m,10005342,,unknown,,,,0,0,0
urban/shear top/blk rose/xs,10005489,,Urban Outfitters,,,,0,0,0
urbn/crp tp/rd/sp,10004875,,Urban Outfitters,,,,0,0,0
valerie stevens casual floral pant/12p,10007797,,valerie stevens,,,,1,0,0
vanity fair/ngt gwn/cream/38,10003674,,Vanity Fair,,,,0,0,0
ventilo la colline/bls/prp/8,10005359,,ventilo la colline,,,,0,0,0
vera bradley fabric belt,10006442,,Vera Bradley,,,,0,0,0
vertical club/skrt/grn/s,10005349,,vertical club,,,,1,0,0
vince camuto/bls/blu/L,10005360,,Vince Camuto,,,,2,0,0
vince camuto/boots/blk/6 1/2,10003619,,Vince Camuto,,,,1,0,0
vineyard vines/button down/clr plad/6,10003667,,Vineyard Vines,,,,1,0,0
vintage Bentley grey floral skirt/L,10008143,,bentley,,,,1,0,8
vintage Private Label tan blouse/10,10008097,,Private Label,,,,1,0,0
vintage black and white jacket/S,10007813,,Nardis,,,,1,0,0
vintage bown leather belt,10008096,,unknown,,,,0,0,0
vintage catalina sportswear tanktop/M,10008091,,Catalina,,,,0,0,0
vintage coach/purse/green,10005857,,Coach,,,,0,0,0
vintage coral dress shirt/small,10006197,,Antilia Femme,,,,1,0,0
vintage eedra purple sweater dress/m,10008104,,eedra,,,,1,0,0
vintage floral dress/m,10008099,,unknown,,,,1,0,0
vintage forenza flowy pant/10,10008102,,forenza,,,,1,0,0
vintage green and plaid shirt/medium,10006192,,just arrived,,,,1,0,0
vintage green sweater dress/xs,10008095,,unknown,,,,1,0,0
vintage grey pant/xs,10008103,,unknown,,,,1,0,0
vintage heather&tweed sweater/M,10008098,,heather&tweed,,,,1,0,0
vintage joyce bergendy sweater dress/36,10008094,,joyce,,,,1,0,0
vintage kids green dress/5,10008105,,unknown,,,,0,0,0
vintage knit navy skirt/xs,10008089,,unknown,,,,1,0,0
vintage knit sweater/s,10008088,,unknown,,,,1,0,0
vintage knit tanktop/xs,10008086,,unknown,,,,1,0,0
vintage long sleeve blouse/m,10006172,,unknown,,,,1,0,0
vintage long sleeve purple blouse/m,10006169,,Sears,,,,1,0,0
vintage navy blouse/14,10006175,,Belle,,,,1,0,0
vintage navy skirt/small,10006179,,unknown,,,,1,0,0
vintage navy sweater dress/m,10008106,,unknown,,,,1,0,0
vintage pant suit set/m,10006170,,mannerism,,,,0,0,0
vintage patchwork jumpsuit/s,10008109,,unknown,,,,1,0,0
vintage patchwork skirt/s-m,10008110,,unknown,,,,0,0,0
vintage pink gown/m,10006171,,unknown,,,,0,0,0
vintage pink shear robe/small,10006196,,unknown,,,,1,0,0
vintage pink sweater dress with belt/9,10008100,,unknown,,,,0,0,0
vintage plaid pants/xs,10008108,,unknown,,,,1,0,0
vintage purple patterned pants/small,10006181,,unknown,,,,0,0,0
vintage purple sweater/m,10008101,,unknown,,,,1,0,0
vintage red knit skirt/m,10008107,,unknown,,,,1,0,0
vintage red night set/small,10006183,,unknown,,,,1,0,0
vintage westex leather brown skirt/11-12,10008090,,westex,,,,1,0,0
vintage white halter top/s,10008092,,unknown,,,,0,0,0
vintage yellow dress shirt/12,10006198,,Evan Picone,,,,1,0,0
white house black market black blouse medium,10006644,,White House Black Market,,,,0,0,0
white house black market/pant/green/2,10003611,,White House Black Market,,,,1,0,0
white house black mkt/jacket/lgtprp/10,10003724,,White House Black Market,,,,1,0,0
white skirt with design/10,10006174,,Persaman,,,,0,0,0
white textured tank/medium,10006209,,chaps,,,,1,0,0
whiting and davis/purse/wht,10005855,,whiting and davis,,,,1,0,0
wildfox/swtr/wht/s,10004952,,wildfox,,,,1,0,0
windsor/bodysuit/blk/m,10004672,,Windsor,,,,0,0,0
wonderly/skrt/flr/s,10004887,,wonderly,,,,0,0,0
worthington floral blouse/M,10009072,,Worthington,,,,1,0,10.99
worthington/pant/blk/6,10003613,,Worthington,,,,1,0,0
yellow floral design blouse/medium,10006229,,Loft,,,,0,0,0
yellow zara tanktop size medium,10006633,,Zara NWT,,,,1,0,0
zara ruffled cropped tank/M,10008137,,Zara,,,,1,0,8
zara/crptop/beige/s,10006070,,Zara,,,,1,0,0
zara/dress/red/xxl,10005389,,Zara,,,,1,0,0
zara/swtr/blu/s,10004681,,Zara,,,,1,0,0
zara/swtr/gry/L,10004700,,Zara,,,,1,0,0
zazzies/swtr/prpl/m,10004695,,zazzies,,,,1,0,0
zenana pink lace tanktop/xl,10008139,,Zenana,,,,0,8.91934,0

